queue_id,queue_type,queue_status,annotator_id,queue_position,scene_id,trajectory_id,split,recording_id,source_recording_file,source_recording_track_id,frame_start,frame_end,number_of_points,trajectory_source_path,trajectory_source_checksum,video_available
protocol_pilot_v1,protocol_pilot,available_for_protocol_development,protocol_pilot,1,bellevue_116th_ne12th,bellevue_116th_ne12th:107074,target_estimation,Bellevue_116th_NE12th__2017-09-10_21-08-54,data/raw/bellevue_116th_ne12th/Bellevue_116th_NE12th__2017-09-10_21-08-54.mp4,32479,61847,61970,124,data/interim/bellevue_116th_ne12th/tracks_Bellevue_116th_NE12th__2017-09-10_21-08-54.parquet,ad024efff91a68a4ef554cfa6a9f07d34a845d242770952037688b6bfa5e6317,True
protocol_pilot_v1,protocol_pilot,available_for_protocol_development,protocol_pilot,2,bellevue_116th_ne12th,bellevue_116th_ne12th:32605,target_estimation,Bellevue_116th_NE12th__2017-09-10_19-08-25,data/raw/bellevue_116th_ne12th/Bellevue_116th_NE12th__2017-09-10_19-08-25.mp4,32605,69567,69796,230,data/interim/bellevue_116th_ne12th/tracks_Bellevue_116th_NE12th__2017-09-10_19-08-25.parquet,b068313f869dc5d2b8e2b963b295a74593b61bb348d9cc1d6c849b6323eb1c7b,True
protocol_pilot_v1,protocol_pilot,available_for_protocol_development,protocol_pilot,3,bellevue_116th_ne12th,bellevue_116th_ne12th:53199,target_estimation,Bellevue_116th_NE12th__2017-09-10_20-09-12,data/raw/bellevue_116th_ne12th/Bellevue_116th_NE12th__2017-09-10_20-09-12.mp4,1930,4626,4794,169,data/interim/bellevue_116th_ne12th/tracks_Bellevue_116th_NE12th__2017-09-10_20-09-12.parquet,bd0eca29c673aaa26f1307a0d5e552648ad838e51d238d58240912d393824c9f,True
protocol_pilot_v1,protocol_pilot,available_for_protocol_development,protocol_pilot,4,bellevue_116th_ne12th,bellevue_116th_ne12th:171440,target_estimation,Bellevue_116th_NE12th__2017-09-10_23-08-29,data/raw/bellevue_116th_ne12th/Bellevue_116th_NE12th__2017-09-10_23-08-29.mp4,45267,98233,98379,147,data/interim/bellevue_116th_ne12th/tracks_Bellevue_116th_NE12th__2017-09-10_23-08-29.parquet,31046a227dc21d93d0d18b6bf3310b914743b8f9bd6b32b0acce705bc0a42f3a,True
protocol_pilot_v1,protocol_pilot,available_for_protocol_development,protocol_pilot,5,bellevue_116th_ne12th,bellevue_116th_ne12th:120660,target_estimation,Bellevue_116th_NE12th__2017-09-10_22-08-50,data/raw/bellevue_116th_ne12th/Bellevue_116th_NE12th__2017-09-10_22-08-50.mp4,543,1167,1338,172,data/interim/bellevue_116th_ne12th/tracks_Bellevue_116th_NE12th__2017-09-10_22-08-50.parquet,a028f4409d9ccbf84e99b842174cdb2713d4b2169522ac1718dd4320e2344500,True
protocol_pilot_v1,protocol_pilot,available_for_protocol_development,protocol_pilot,6,bellevue_116th_ne12th,bellevue_116th_ne12th:82650,target_estimation,Bellevue_116th_NE12th__2017-09-10_21-08-54,data/raw/bellevue_116th_ne12th/Bellevue_116th_NE12th__2017-09-10_21-08-54.mp4,8055,14221,14769,549,data/interim/bellevue_116th_ne12th/tracks_Bellevue_116th_NE12th__2017-09-10_21-08-54.parquet,ad024efff91a68a4ef554cfa6a9f07d34a845d242770952037688b6bfa5e6317,True
protocol_pilot_v1,protocol_pilot,available_for_protocol_development,protocol_pilot,7,bellevue_116th_ne12th,bellevue_116th_ne12th:4700,target_estimation,Bellevue_116th_NE12th__2017-09-10_19-08-25,data/raw/bellevue_116th_ne12th/Bellevue_116th_NE12th__2017-09-10_19-08-25.mp4,4700,11199,11421,223,data/interim/bellevue_116th_ne12th/tracks_Bellevue_116th_NE12th__2017-09-10_19-08-25.parquet,b068313f869dc5d2b8e2b963b295a74593b61bb348d9cc1d6c849b6323eb1c7b,True
protocol_pilot_v1,protocol_pilot,available_for_protocol_development,protocol_pilot,8,bellevue_116th_ne12th,bellevue_116th_ne12th:64453,target_estimation,Bellevue_116th_NE12th__2017-09-10_20-09-12,data/raw/bellevue_116th_ne12th/Bellevue_116th_NE12th__2017-09-10_20-09-12.mp4,13184,24941,25079,139,data/interim/bellevue_116th_ne12th/tracks_Bellevue_116th_NE12th__2017-09-10_20-09-12.parquet,bd0eca29c673aaa26f1307a0d5e552648ad838e51d238d58240912d393824c9f,True
protocol_pilot_v1,protocol_pilot,available_for_protocol_development,protocol_pilot,9,bellevue_116th_ne12th,bellevue_116th_ne12th:144076,target_estimation,Bellevue_116th_NE12th__2017-09-10_23-08-29,data/raw/bellevue_116th_ne12th/Bellevue_116th_NE12th__2017-09-10_23-08-29.mp4,17903,39482,39671,190,data/interim/bellevue_116th_ne12th/tracks_Bellevue_116th_NE12th__2017-09-10_23-08-29.parquet,31046a227dc21d93d0d18b6bf3310b914743b8f9bd6b32b0acce705bc0a42f3a,True
protocol_pilot_v1,protocol_pilot,available_for_protocol_development,protocol_pilot,10,bellevue_116th_ne12th,bellevue_116th_ne12th:123428,target_estimation,Bellevue_116th_NE12th__2017-09-10_22-08-50,data/raw/bellevue_116th_ne12th/Bellevue_116th_NE12th__2017-09-10_22-08-50.mp4,3311,7075,7425,351,data/interim/bellevue_116th_ne12th/tracks_Bellevue_116th_NE12th__2017-09-10_22-08-50.parquet,a028f4409d9ccbf84e99b842174cdb2713d4b2169522ac1718dd4320e2344500,True
protocol_pilot_v1,protocol_pilot,available_for_protocol_development,protocol_pilot,11,bellevue_116th_ne12th,bellevue_116th_ne12th:87863,target_estimation,Bellevue_116th_NE12th__2017-09-10_21-08-54,data/raw/bellevue_116th_ne12th/Bellevue_116th_NE12th__2017-09-10_21-08-54.mp4,13268,23817,24434,618,data/interim/bellevue_116th_ne12th/tracks_Bellevue_116th_NE12th__2017-09-10_21-08-54.parquet,ad024efff91a68a4ef554cfa6a9f07d34a845d242770952037688b6bfa5e6317,True
protocol_pilot_v1,protocol_pilot,available_for_protocol_development,protocol_pilot,12,bellevue_116th_ne12th,bellevue_116th_ne12th:50761,target_estimation,Bellevue_116th_NE12th__2017-09-10_19-08-25,data/raw/bellevue_116th_ne12th/Bellevue_116th_NE12th__2017-09-10_19-08-25.mp4,50761,105581,105725,145,data/interim/bellevue_116th_ne12th/tracks_Bellevue_116th_NE12th__2017-09-10_19-08-25.parquet,b068313f869dc5d2b8e2b963b295a74593b61bb348d9cc1d6c849b6323eb1c7b,True
protocol_pilot_v1,protocol_pilot,available_for_protocol_development,protocol_pilot,13,bellevue_116th_ne12th,bellevue_116th_ne12th:69170,target_estimation,Bellevue_116th_NE12th__2017-09-10_20-09-12,data/raw/bellevue_116th_ne12th/Bellevue_116th_NE12th__2017-09-10_20-09-12.mp4,17901,33855,34302,448,data/interim/bellevue_116th_ne12th/tracks_Bellevue_116th_NE12th__2017-09-10_20-09-12.parquet,bd0eca29c673aaa26f1307a0d5e552648ad838e51d238d58240912d393824c9f,True
protocol_pilot_v1,protocol_pilot,available_for_protocol_development,protocol_pilot,14,bellevue_116th_ne12th,bellevue_116th_ne12th:172874,target_estimation,Bellevue_116th_NE12th__2017-09-10_23-08-29,data/raw/bellevue_116th_ne12th/Bellevue_116th_NE12th__2017-09-10_23-08-29.mp4,46701,101108,101311,204,data/interim/bellevue_116th_ne12th/tracks_Bellevue_116th_NE12th__2017-09-10_23-08-29.parquet,31046a227dc21d93d0d18b6bf3310b914743b8f9bd6b32b0acce705bc0a42f3a,True
protocol_pilot_v1,protocol_pilot,available_for_protocol_development,protocol_pilot,15,bellevue_116th_ne12th,bellevue_116th_ne12th:125743,target_estimation,Bellevue_116th_NE12th__2017-09-10_22-08-50,data/raw/bellevue_116th_ne12th/Bellevue_116th_NE12th__2017-09-10_22-08-50.mp4,5626,12133,12292,160,data/interim/bellevue_116th_ne12th/tracks_Bellevue_116th_NE12th__2017-09-10_22-08-50.parquet,a028f4409d9ccbf84e99b842174cdb2713d4b2169522ac1718dd4320e2344500,True
protocol_pilot_v1,protocol_pilot,available_for_protocol_development,protocol_pilot,16,bellevue_116th_ne12th,bellevue_116th_ne12th:115259,target_estimation,Bellevue_116th_NE12th__2017-09-10_21-08-54,data/raw/bellevue_116th_ne12th/Bellevue_116th_NE12th__2017-09-10_21-08-54.mp4,40664,78042,78246,205,data/interim/bellevue_116th_ne12th/tracks_Bellevue_116th_NE12th__2017-09-10_21-08-54.parquet,ad024efff91a68a4ef554cfa6a9f07d34a845d242770952037688b6bfa5e6317,True
protocol_pilot_v1,protocol_pilot,available_for_protocol_development,protocol_pilot,17,bellevue_116th_ne12th,bellevue_116th_ne12th:36416,target_estimation,Bellevue_116th_NE12th__2017-09-10_19-08-25,data/raw/bellevue_116th_ne12th/Bellevue_116th_NE12th__2017-09-10_19-08-25.mp4,36416,78210,78394,185,data/interim/bellevue_116th_ne12th/tracks_Bellevue_116th_NE12th__2017-09-10_19-08-25.parquet,b068313f869dc5d2b8e2b963b295a74593b61bb348d9cc1d6c849b6323eb1c7b,True
protocol_pilot_v1,protocol_pilot,available_for_protocol_development,protocol_pilot,18,bellevue_116th_ne12th,bellevue_116th_ne12th:60047,target_estimation,Bellevue_116th_NE12th__2017-09-10_20-09-12,data/raw/bellevue_116th_ne12th/Bellevue_116th_NE12th__2017-09-10_20-09-12.mp4,8778,17388,17526,139,data/interim/bellevue_116th_ne12th/tracks_Bellevue_116th_NE12th__2017-09-10_20-09-12.parquet,bd0eca29c673aaa26f1307a0d5e552648ad838e51d238d58240912d393824c9f,True
protocol_pilot_v1,protocol_pilot,available_for_protocol_development,protocol_pilot,19,bellevue_116th_ne12th,bellevue_116th_ne12th:143938,target_estimation,Bellevue_116th_NE12th__2017-09-10_23-08-29,data/raw/bellevue_116th_ne12th/Bellevue_116th_NE12th__2017-09-10_23-08-29.mp4,17765,39129,39278,150,data/interim/bellevue_116th_ne12th/tracks_Bellevue_116th_NE12th__2017-09-10_23-08-29.parquet,31046a227dc21d93d0d18b6bf3310b914743b8f9bd6b32b0acce705bc0a42f3a,True
protocol_pilot_v1,protocol_pilot,available_for_protocol_development,protocol_pilot,20,bellevue_116th_ne12th,bellevue_116th_ne12th:124122,target_estimation,Bellevue_116th_NE12th__2017-09-10_22-08-50,data/raw/bellevue_116th_ne12th/Bellevue_116th_NE12th__2017-09-10_22-08-50.mp4,4005,8423,8701,279,data/interim/bellevue_116th_ne12th/tracks_Bellevue_116th_NE12th__2017-09-10_22-08-50.parquet,a028f4409d9ccbf84e99b842174cdb2713d4b2169522ac1718dd4320e2344500,True
protocol_pilot_v1,protocol_pilot,available_for_protocol_development,protocol_pilot,21,bellevue_116th_ne12th,bellevue_116th_ne12th:106247,target_estimation,Bellevue_116th_NE12th__2017-09-10_21-08-54,data/raw/bellevue_116th_ne12th/Bellevue_116th_NE12th__2017-09-10_21-08-54.mp4,31652,60153,60534,382,data/interim/bellevue_116th_ne12th/tracks_Bellevue_116th_NE12th__2017-09-10_21-08-54.parquet,ad024efff91a68a4ef554cfa6a9f07d34a845d242770952037688b6bfa5e6317,True
protocol_pilot_v1,protocol_pilot,available_for_protocol_development,protocol_pilot,22,bellevue_116th_ne12th,bellevue_116th_ne12th:49349,target_estimation,Bellevue_116th_NE12th__2017-09-10_19-08-25,data/raw/bellevue_116th_ne12th/Bellevue_116th_NE12th__2017-09-10_19-08-25.mp4,49349,103019,103151,133,data/interim/bellevue_116th_ne12th/tracks_Bellevue_116th_NE12th__2017-09-10_19-08-25.parquet,b068313f869dc5d2b8e2b963b295a74593b61bb348d9cc1d6c849b6323eb1c7b,True
protocol_pilot_v1,protocol_pilot,available_for_protocol_development,protocol_pilot,23,bellevue_116th_ne12th,bellevue_116th_ne12th:64165,target_estimation,Bellevue_116th_NE12th__2017-09-10_20-09-12,data/raw/bellevue_116th_ne12th/Bellevue_116th_NE12th__2017-09-10_20-09-12.mp4,12896,24394,24887,494,data/interim/bellevue_116th_ne12th/tracks_Bellevue_116th_NE12th__2017-09-10_20-09-12.parquet,bd0eca29c673aaa26f1307a0d5e552648ad838e51d238d58240912d393824c9f,True
protocol_pilot_v1,protocol_pilot,available_for_protocol_development,protocol_pilot,24,bellevue_116th_ne12th,bellevue_116th_ne12th:144839,target_estimation,Bellevue_116th_NE12th__2017-09-10_23-08-29,data/raw/bellevue_116th_ne12th/Bellevue_116th_NE12th__2017-09-10_23-08-29.mp4,18666,40983,41111,129,data/interim/bellevue_116th_ne12th/tracks_Bellevue_116th_NE12th__2017-09-10_23-08-29.parquet,31046a227dc21d93d0d18b6bf3310b914743b8f9bd6b32b0acce705bc0a42f3a,True
protocol_pilot_v1,protocol_pilot,available_for_protocol_development,protocol_pilot,25,bellevue_116th_ne12th,bellevue_116th_ne12th:120901,target_estimation,Bellevue_116th_NE12th__2017-09-10_22-08-50,data/raw/bellevue_116th_ne12th/Bellevue_116th_NE12th__2017-09-10_22-08-50.mp4,784,1751,1905,155,data/interim/bellevue_116th_ne12th/tracks_Bellevue_116th_NE12th__2017-09-10_22-08-50.parquet,a028f4409d9ccbf84e99b842174cdb2713d4b2169522ac1718dd4320e2344500,True
protocol_pilot_v1,protocol_pilot,available_for_protocol_development,protocol_pilot,26,bellevue_116th_ne12th,bellevue_116th_ne12th:89877,target_estimation,Bellevue_116th_NE12th__2017-09-10_21-08-54,data/raw/bellevue_116th_ne12th/Bellevue_116th_NE12th__2017-09-10_21-08-54.mp4,15282,27440,27641,202,data/interim/bellevue_116th_ne12th/tracks_Bellevue_116th_NE12th__2017-09-10_21-08-54.parquet,ad024efff91a68a4ef554cfa6a9f07d34a845d242770952037688b6bfa5e6317,True
protocol_pilot_v1,protocol_pilot,available_for_protocol_development,protocol_pilot,27,bellevue_116th_ne12th,bellevue_116th_ne12th:16862,target_estimation,Bellevue_116th_NE12th__2017-09-10_19-08-25,data/raw/bellevue_116th_ne12th/Bellevue_116th_NE12th__2017-09-10_19-08-25.mp4,16862,36443,36761,319,data/interim/bellevue_116th_ne12th/tracks_Bellevue_116th_NE12th__2017-09-10_19-08-25.parquet,b068313f869dc5d2b8e2b963b295a74593b61bb348d9cc1d6c849b6323eb1c7b,True
protocol_pilot_v1,protocol_pilot,available_for_protocol_development,protocol_pilot,28,bellevue_116th_ne12th,bellevue_116th_ne12th:63622,target_estimation,Bellevue_116th_NE12th__2017-09-10_20-09-12,data/raw/bellevue_116th_ne12th/Bellevue_116th_NE12th__2017-09-10_20-09-12.mp4,12353,23547,23650,104,data/interim/bellevue_116th_ne12th/tracks_Bellevue_116th_NE12th__2017-09-10_20-09-12.parquet,bd0eca29c673aaa26f1307a0d5e552648ad838e51d238d58240912d393824c9f,True
protocol_pilot_v1,protocol_pilot,available_for_protocol_development,protocol_pilot,29,bellevue_116th_ne12th,bellevue_116th_ne12th:130233,target_estimation,Bellevue_116th_NE12th__2017-09-10_23-08-29,data/raw/bellevue_116th_ne12th/Bellevue_116th_NE12th__2017-09-10_23-08-29.mp4,4060,8325,8685,361,data/interim/bellevue_116th_ne12th/tracks_Bellevue_116th_NE12th__2017-09-10_23-08-29.parquet,31046a227dc21d93d0d18b6bf3310b914743b8f9bd6b32b0acce705bc0a42f3a,True
protocol_pilot_v1,protocol_pilot,available_for_protocol_development,protocol_pilot,30,bellevue_116th_ne12th,bellevue_116th_ne12th:125892,target_estimation,Bellevue_116th_NE12th__2017-09-10_22-08-50,data/raw/bellevue_116th_ne12th/Bellevue_116th_NE12th__2017-09-10_22-08-50.mp4,5775,12392,13015,624,data/interim/bellevue_116th_ne12th/tracks_Bellevue_116th_NE12th__2017-09-10_22-08-50.parquet,a028f4409d9ccbf84e99b842174cdb2713d4b2169522ac1718dd4320e2344500,True
protocol_pilot_v1,protocol_pilot,available_for_protocol_development,protocol_pilot,31,bellevue_116th_ne12th,bellevue_116th_ne12th:82742,target_estimation,Bellevue_116th_NE12th__2017-09-10_21-08-54,data/raw/bellevue_116th_ne12th/Bellevue_116th_NE12th__2017-09-10_21-08-54.mp4,8147,14458,14748,291,data/interim/bellevue_116th_ne12th/tracks_Bellevue_116th_NE12th__2017-09-10_21-08-54.parquet,ad024efff91a68a4ef554cfa6a9f07d34a845d242770952037688b6bfa5e6317,True
protocol_pilot_v1,protocol_pilot,available_for_protocol_development,protocol_pilot,32,bellevue_116th_ne12th,bellevue_116th_ne12th:5997,target_estimation,Bellevue_116th_NE12th__2017-09-10_19-08-25,data/raw/bellevue_116th_ne12th/Bellevue_116th_NE12th__2017-09-10_19-08-25.mp4,5997,13784,14033,250,data/interim/bellevue_116th_ne12th/tracks_Bellevue_116th_NE12th__2017-09-10_19-08-25.parquet,b068313f869dc5d2b8e2b963b295a74593b61bb348d9cc1d6c849b6323eb1c7b,True
protocol_pilot_v1,protocol_pilot,available_for_protocol_development,protocol_pilot,33,bellevue_116th_ne12th,bellevue_116th_ne12th:69194,target_estimation,Bellevue_116th_NE12th__2017-09-10_20-09-12,data/raw/bellevue_116th_ne12th/Bellevue_116th_NE12th__2017-09-10_20-09-12.mp4,17925,33887,34245,359,data/interim/bellevue_116th_ne12th/tracks_Bellevue_116th_NE12th__2017-09-10_20-09-12.parquet,bd0eca29c673aaa26f1307a0d5e552648ad838e51d238d58240912d393824c9f,True
protocol_pilot_v1,protocol_pilot,available_for_protocol_development,protocol_pilot,34,bellevue_116th_ne12th,bellevue_116th_ne12th:140520,target_estimation,Bellevue_116th_NE12th__2017-09-10_23-08-29,data/raw/bellevue_116th_ne12th/Bellevue_116th_NE12th__2017-09-10_23-08-29.mp4,14347,31718,31929,212,data/interim/bellevue_116th_ne12th/tracks_Bellevue_116th_NE12th__2017-09-10_23-08-29.parquet,31046a227dc21d93d0d18b6bf3310b914743b8f9bd6b32b0acce705bc0a42f3a,True
protocol_pilot_v1,protocol_pilot,available_for_protocol_development,protocol_pilot,35,bellevue_116th_ne12th,bellevue_116th_ne12th:121606,target_estimation,Bellevue_116th_NE12th__2017-09-10_22-08-50,data/raw/bellevue_116th_ne12th/Bellevue_116th_NE12th__2017-09-10_22-08-50.mp4,1489,3048,3191,144,data/interim/bellevue_116th_ne12th/tracks_Bellevue_116th_NE12th__2017-09-10_22-08-50.parquet,a028f4409d9ccbf84e99b842174cdb2713d4b2169522ac1718dd4320e2344500,True
protocol_pilot_v1,protocol_pilot,available_for_protocol_development,protocol_pilot,36,bellevue_116th_ne12th,bellevue_116th_ne12th:94356,target_estimation,Bellevue_116th_NE12th__2017-09-10_21-08-54,data/raw/bellevue_116th_ne12th/Bellevue_116th_NE12th__2017-09-10_21-08-54.mp4,19761,34620,35265,646,data/interim/bellevue_116th_ne12th/tracks_Bellevue_116th_NE12th__2017-09-10_21-08-54.parquet,ad024efff91a68a4ef554cfa6a9f07d34a845d242770952037688b6bfa5e6317,True
protocol_pilot_v1,protocol_pilot,available_for_protocol_development,protocol_pilot,37,bellevue_116th_ne12th,bellevue_116th_ne12th:42888,target_estimation,Bellevue_116th_NE12th__2017-09-10_19-08-25,data/raw/bellevue_116th_ne12th/Bellevue_116th_NE12th__2017-09-10_19-08-25.mp4,42888,90310,90525,216,data/interim/bellevue_116th_ne12th/tracks_Bellevue_116th_NE12th__2017-09-10_19-08-25.parquet,b068313f869dc5d2b8e2b963b295a74593b61bb348d9cc1d6c849b6323eb1c7b,True
protocol_pilot_v1,protocol_pilot,available_for_protocol_development,protocol_pilot,38,bellevue_116th_ne12th,bellevue_116th_ne12th:72406,target_estimation,Bellevue_116th_NE12th__2017-09-10_20-09-12,data/raw/bellevue_116th_ne12th/Bellevue_116th_NE12th__2017-09-10_20-09-12.mp4,21137,39900,40058,159,data/interim/bellevue_116th_ne12th/tracks_Bellevue_116th_NE12th__2017-09-10_20-09-12.parquet,bd0eca29c673aaa26f1307a0d5e552648ad838e51d238d58240912d393824c9f,True
protocol_pilot_v1,protocol_pilot,available_for_protocol_development,protocol_pilot,39,bellevue_116th_ne12th,bellevue_116th_ne12th:132798,target_estimation,Bellevue_116th_NE12th__2017-09-10_23-08-29,data/raw/bellevue_116th_ne12th/Bellevue_116th_NE12th__2017-09-10_23-08-29.mp4,6625,13815,13993,179,data/interim/bellevue_116th_ne12th/tracks_Bellevue_116th_NE12th__2017-09-10_23-08-29.parquet,31046a227dc21d93d0d18b6bf3310b914743b8f9bd6b32b0acce705bc0a42f3a,True
protocol_pilot_v1,protocol_pilot,available_for_protocol_development,protocol_pilot,40,bellevue_116th_ne12th,bellevue_116th_ne12th:124862,target_estimation,Bellevue_116th_NE12th__2017-09-10_22-08-50,data/raw/bellevue_116th_ne12th/Bellevue_116th_NE12th__2017-09-10_22-08-50.mp4,4745,10341,10456,116,data/interim/bellevue_116th_ne12th/tracks_Bellevue_116th_NE12th__2017-09-10_22-08-50.parquet,a028f4409d9ccbf84e99b842174cdb2713d4b2169522ac1718dd4320e2344500,True
protocol_pilot_v1,protocol_pilot,available_for_protocol_development,protocol_pilot,41,bellevue_116th_ne12th,bellevue_116th_ne12th:119919,target_estimation,Bellevue_116th_NE12th__2017-09-10_21-08-54,data/raw/bellevue_116th_ne12th/Bellevue_116th_NE12th__2017-09-10_21-08-54.mp4,45324,87079,87300,222,data/interim/bellevue_116th_ne12th/tracks_Bellevue_116th_NE12th__2017-09-10_21-08-54.parquet,ad024efff91a68a4ef554cfa6a9f07d34a845d242770952037688b6bfa5e6317,True
protocol_pilot_v1,protocol_pilot,available_for_protocol_development,protocol_pilot,42,bellevue_116th_ne12th,bellevue_116th_ne12th:18657,target_estimation,Bellevue_116th_NE12th__2017-09-10_19-08-25,data/raw/bellevue_116th_ne12th/Bellevue_116th_NE12th__2017-09-10_19-08-25.mp4,18657,40858,41251,394,data/interim/bellevue_116th_ne12th/tracks_Bellevue_116th_NE12th__2017-09-10_19-08-25.parquet,b068313f869dc5d2b8e2b963b295a74593b61bb348d9cc1d6c849b6323eb1c7b,True
protocol_pilot_v1,protocol_pilot,available_for_protocol_development,protocol_pilot,43,bellevue_116th_ne12th,bellevue_116th_ne12th:51390,target_estimation,Bellevue_116th_NE12th__2017-09-10_20-09-12,data/raw/bellevue_116th_ne12th/Bellevue_116th_NE12th__2017-09-10_20-09-12.mp4,121,322,452,131,data/interim/bellevue_116th_ne12th/tracks_Bellevue_116th_NE12th__2017-09-10_20-09-12.parquet,bd0eca29c673aaa26f1307a0d5e552648ad838e51d238d58240912d393824c9f,True
protocol_pilot_v1,protocol_pilot,available_for_protocol_development,protocol_pilot,44,bellevue_116th_ne12th,bellevue_116th_ne12th:158733,target_estimation,Bellevue_116th_NE12th__2017-09-10_23-08-29,data/raw/bellevue_116th_ne12th/Bellevue_116th_NE12th__2017-09-10_23-08-29.mp4,32560,70693,70893,201,data/interim/bellevue_116th_ne12th/tracks_Bellevue_116th_NE12th__2017-09-10_23-08-29.parquet,31046a227dc21d93d0d18b6bf3310b914743b8f9bd6b32b0acce705bc0a42f3a,True
protocol_pilot_v1,protocol_pilot,available_for_protocol_development,protocol_pilot,45,bellevue_116th_ne12th,bellevue_116th_ne12th:121071,target_estimation,Bellevue_116th_NE12th__2017-09-10_22-08-50,data/raw/bellevue_116th_ne12th/Bellevue_116th_NE12th__2017-09-10_22-08-50.mp4,954,2051,2210,160,data/interim/bellevue_116th_ne12th/tracks_Bellevue_116th_NE12th__2017-09-10_22-08-50.parquet,a028f4409d9ccbf84e99b842174cdb2713d4b2169522ac1718dd4320e2344500,True
protocol_pilot_v1,protocol_pilot,available_for_protocol_development,protocol_pilot,46,bellevue_116th_ne12th,bellevue_116th_ne12th:85080,target_estimation,Bellevue_116th_NE12th__2017-09-10_21-08-54,data/raw/bellevue_116th_ne12th/Bellevue_116th_NE12th__2017-09-10_21-08-54.mp4,10485,18529,18832,304,data/interim/bellevue_116th_ne12th/tracks_Bellevue_116th_NE12th__2017-09-10_21-08-54.parquet,ad024efff91a68a4ef554cfa6a9f07d34a845d242770952037688b6bfa5e6317,True
protocol_pilot_v1,protocol_pilot,available_for_protocol_development,protocol_pilot,47,bellevue_116th_ne12th,bellevue_116th_ne12th:38235,target_estimation,Bellevue_116th_NE12th__2017-09-10_19-08-25,data/raw/bellevue_116th_ne12th/Bellevue_116th_NE12th__2017-09-10_19-08-25.mp4,38235,81594,81762,169,data/interim/bellevue_116th_ne12th/tracks_Bellevue_116th_NE12th__2017-09-10_19-08-25.parquet,b068313f869dc5d2b8e2b963b295a74593b61bb348d9cc1d6c849b6323eb1c7b,True
protocol_pilot_v1,protocol_pilot,available_for_protocol_development,protocol_pilot,48,bellevue_116th_ne12th,bellevue_116th_ne12th:65103,target_estimation,Bellevue_116th_NE12th__2017-09-10_20-09-12,data/raw/bellevue_116th_ne12th/Bellevue_116th_NE12th__2017-09-10_20-09-12.mp4,13834,26061,26385,325,data/interim/bellevue_116th_ne12th/tracks_Bellevue_116th_NE12th__2017-09-10_20-09-12.parquet,bd0eca29c673aaa26f1307a0d5e552648ad838e51d238d58240912d393824c9f,True
protocol_pilot_v1,protocol_pilot,available_for_protocol_development,protocol_pilot,49,bellevue_116th_ne12th,bellevue_116th_ne12th:173307,target_estimation,Bellevue_116th_NE12th__2017-09-10_23-08-29,data/raw/bellevue_116th_ne12th/Bellevue_116th_NE12th__2017-09-10_23-08-29.mp4,47134,101996,102207,212,data/interim/bellevue_116th_ne12th/tracks_Bellevue_116th_NE12th__2017-09-10_23-08-29.parquet,31046a227dc21d93d0d18b6bf3310b914743b8f9bd6b32b0acce705bc0a42f3a,True
protocol_pilot_v1,protocol_pilot,available_for_protocol_development,protocol_pilot,50,bellevue_116th_ne12th,bellevue_116th_ne12th:122021,target_estimation,Bellevue_116th_NE12th__2017-09-10_22-08-50,data/raw/bellevue_116th_ne12th/Bellevue_116th_NE12th__2017-09-10_22-08-50.mp4,1904,3794,3946,153,data/interim/bellevue_116th_ne12th/tracks_Bellevue_116th_NE12th__2017-09-10_22-08-50.parquet,a028f4409d9ccbf84e99b842174cdb2713d4b2169522ac1718dd4320e2344500,True
protocol_pilot_v1,protocol_pilot,available_for_protocol_development,protocol_pilot,51,bellevue_116th_ne12th,bellevue_116th_ne12th:80430,target_estimation,Bellevue_116th_NE12th__2017-09-10_21-08-54,data/raw/bellevue_116th_ne12th/Bellevue_116th_NE12th__2017-09-10_21-08-54.mp4,5835,10422,10492,71,data/interim/bellevue_116th_ne12th/tracks_Bellevue_116th_NE12th__2017-09-10_21-08-54.parquet,ad024efff91a68a4ef554cfa6a9f07d34a845d242770952037688b6bfa5e6317,True
protocol_pilot_v1,protocol_pilot,available_for_protocol_development,protocol_pilot,52,bellevue_116th_ne12th,bellevue_116th_ne12th:7290,target_estimation,Bellevue_116th_NE12th__2017-09-10_19-08-25,data/raw/bellevue_116th_ne12th/Bellevue_116th_NE12th__2017-09-10_19-08-25.mp4,7290,16851,17054,204,data/interim/bellevue_116th_ne12th/tracks_Bellevue_116th_NE12th__2017-09-10_19-08-25.parquet,b068313f869dc5d2b8e2b963b295a74593b61bb348d9cc1d6c849b6323eb1c7b,True
protocol_pilot_v1,protocol_pilot,available_for_protocol_development,protocol_pilot,53,bellevue_116th_ne12th,bellevue_116th_ne12th:60504,target_estimation,Bellevue_116th_NE12th__2017-09-10_20-09-12,data/raw/bellevue_116th_ne12th/Bellevue_116th_NE12th__2017-09-10_20-09-12.mp4,9235,18203,18424,222,data/interim/bellevue_116th_ne12th/tracks_Bellevue_116th_NE12th__2017-09-10_20-09-12.parquet,bd0eca29c673aaa26f1307a0d5e552648ad838e51d238d58240912d393824c9f,True
protocol_pilot_v1,protocol_pilot,available_for_protocol_development,protocol_pilot,54,bellevue_116th_ne12th,bellevue_116th_ne12th:131208,target_estimation,Bellevue_116th_NE12th__2017-09-10_23-08-29,data/raw/bellevue_116th_ne12th/Bellevue_116th_NE12th__2017-09-10_23-08-29.mp4,5035,10604,10776,173,data/interim/bellevue_116th_ne12th/tracks_Bellevue_116th_NE12th__2017-09-10_23-08-29.parquet,31046a227dc21d93d0d18b6bf3310b914743b8f9bd6b32b0acce705bc0a42f3a,True
protocol_pilot_v1,protocol_pilot,available_for_protocol_development,protocol_pilot,55,bellevue_116th_ne12th,bellevue_116th_ne12th:121990,target_estimation,Bellevue_116th_NE12th__2017-09-10_22-08-50,data/raw/bellevue_116th_ne12th/Bellevue_116th_NE12th__2017-09-10_22-08-50.mp4,1873,3772,3940,169,data/interim/bellevue_116th_ne12th/tracks_Bellevue_116th_NE12th__2017-09-10_22-08-50.parquet,a028f4409d9ccbf84e99b842174cdb2713d4b2169522ac1718dd4320e2344500,True
protocol_pilot_v1,protocol_pilot,available_for_protocol_development,protocol_pilot,56,bellevue_116th_ne12th,bellevue_116th_ne12th:78752,target_estimation,Bellevue_116th_NE12th__2017-09-10_21-08-54,data/raw/bellevue_116th_ne12th/Bellevue_116th_NE12th__2017-09-10_21-08-54.mp4,4157,7158,7283,126,data/interim/bellevue_116th_ne12th/tracks_Bellevue_116th_NE12th__2017-09-10_21-08-54.parquet,ad024efff91a68a4ef554cfa6a9f07d34a845d242770952037688b6bfa5e6317,True
protocol_pilot_v1,protocol_pilot,available_for_protocol_development,protocol_pilot,57,bellevue_116th_ne12th,bellevue_116th_ne12th:48463,target_estimation,Bellevue_116th_NE12th__2017-09-10_19-08-25,data/raw/bellevue_116th_ne12th/Bellevue_116th_NE12th__2017-09-10_19-08-25.mp4,48463,100911,101121,211,data/interim/bellevue_116th_ne12th/tracks_Bellevue_116th_NE12th__2017-09-10_19-08-25.parquet,b068313f869dc5d2b8e2b963b295a74593b61bb348d9cc1d6c849b6323eb1c7b,True
protocol_pilot_v1,protocol_pilot,available_for_protocol_development,protocol_pilot,58,bellevue_116th_ne12th,bellevue_116th_ne12th:65066,target_estimation,Bellevue_116th_NE12th__2017-09-10_20-09-12,data/raw/bellevue_116th_ne12th/Bellevue_116th_NE12th__2017-09-10_20-09-12.mp4,13797,26026,26243,218,data/interim/bellevue_116th_ne12th/tracks_Bellevue_116th_NE12th__2017-09-10_20-09-12.parquet,bd0eca29c673aaa26f1307a0d5e552648ad838e51d238d58240912d393824c9f,True
protocol_pilot_v1,protocol_pilot,available_for_protocol_development,protocol_pilot,59,bellevue_116th_ne12th,bellevue_116th_ne12th:143372,target_estimation,Bellevue_116th_NE12th__2017-09-10_23-08-29,data/raw/bellevue_116th_ne12th/Bellevue_116th_NE12th__2017-09-10_23-08-29.mp4,17199,38058,38206,149,data/interim/bellevue_116th_ne12th/tracks_Bellevue_116th_NE12th__2017-09-10_23-08-29.parquet,31046a227dc21d93d0d18b6bf3310b914743b8f9bd6b32b0acce705bc0a42f3a,True
protocol_pilot_v1,protocol_pilot,available_for_protocol_development,protocol_pilot,60,bellevue_116th_ne12th,bellevue_116th_ne12th:121240,target_estimation,Bellevue_116th_NE12th__2017-09-10_22-08-50,data/raw/bellevue_116th_ne12th/Bellevue_116th_NE12th__2017-09-10_22-08-50.mp4,1123,2364,2457,94,data/interim/bellevue_116th_ne12th/tracks_Bellevue_116th_NE12th__2017-09-10_22-08-50.parquet,a028f4409d9ccbf84e99b842174cdb2713d4b2169522ac1718dd4320e2344500,True
protocol_pilot_v1,protocol_pilot,available_for_protocol_development,protocol_pilot,61,bellevue_116th_ne12th,bellevue_116th_ne12th:96856,target_estimation,Bellevue_116th_NE12th__2017-09-10_21-08-54,data/raw/bellevue_116th_ne12th/Bellevue_116th_NE12th__2017-09-10_21-08-54.mp4,22261,40289,40959,671,data/interim/bellevue_116th_ne12th/tracks_Bellevue_116th_NE12th__2017-09-10_21-08-54.parquet,ad024efff91a68a4ef554cfa6a9f07d34a845d242770952037688b6bfa5e6317,True
protocol_pilot_v1,protocol_pilot,available_for_protocol_development,protocol_pilot,62,bellevue_116th_ne12th,bellevue_116th_ne12th:43738,target_estimation,Bellevue_116th_NE12th__2017-09-10_19-08-25,data/raw/bellevue_116th_ne12th/Bellevue_116th_NE12th__2017-09-10_19-08-25.mp4,43738,91944,92102,159,data/interim/bellevue_116th_ne12th/tracks_Bellevue_116th_NE12th__2017-09-10_19-08-25.parquet,b068313f869dc5d2b8e2b963b295a74593b61bb348d9cc1d6c849b6323eb1c7b,True
protocol_pilot_v1,protocol_pilot,available_for_protocol_development,protocol_pilot,63,bellevue_116th_ne12th,bellevue_116th_ne12th:64941,target_estimation,Bellevue_116th_NE12th__2017-09-10_20-09-12,data/raw/bellevue_116th_ne12th/Bellevue_116th_NE12th__2017-09-10_20-09-12.mp4,13672,25875,26313,439,data/interim/bellevue_116th_ne12th/tracks_Bellevue_116th_NE12th__2017-09-10_20-09-12.parquet,bd0eca29c673aaa26f1307a0d5e552648ad838e51d238d58240912d393824c9f,True
protocol_pilot_v1,protocol_pilot,available_for_protocol_development,protocol_pilot,64,bellevue_116th_ne12th,bellevue_116th_ne12th:149996,target_estimation,Bellevue_116th_NE12th__2017-09-10_23-08-29,data/raw/bellevue_116th_ne12th/Bellevue_116th_NE12th__2017-09-10_23-08-29.mp4,23823,51621,51857,237,data/interim/bellevue_116th_ne12th/tracks_Bellevue_116th_NE12th__2017-09-10_23-08-29.parquet,31046a227dc21d93d0d18b6bf3310b914743b8f9bd6b32b0acce705bc0a42f3a,True
protocol_pilot_v1,protocol_pilot,available_for_protocol_development,protocol_pilot,65,bellevue_116th_ne12th,bellevue_116th_ne12th:122747,target_estimation,Bellevue_116th_NE12th__2017-09-10_22-08-50,data/raw/bellevue_116th_ne12th/Bellevue_116th_NE12th__2017-09-10_22-08-50.mp4,2630,5112,5371,260,data/interim/bellevue_116th_ne12th/tracks_Bellevue_116th_NE12th__2017-09-10_22-08-50.parquet,a028f4409d9ccbf84e99b842174cdb2713d4b2169522ac1718dd4320e2344500,True
protocol_pilot_v1,protocol_pilot,available_for_protocol_development,protocol_pilot,66,bellevue_116th_ne12th,bellevue_116th_ne12th:109156,target_estimation,Bellevue_116th_NE12th__2017-09-10_21-08-54,data/raw/bellevue_116th_ne12th/Bellevue_116th_NE12th__2017-09-10_21-08-54.mp4,34561,65978,66155,178,data/interim/bellevue_116th_ne12th/tracks_Bellevue_116th_NE12th__2017-09-10_21-08-54.parquet,ad024efff91a68a4ef554cfa6a9f07d34a845d242770952037688b6bfa5e6317,True
protocol_pilot_v1,protocol_pilot,available_for_protocol_development,protocol_pilot,67,bellevue_116th_ne12th,bellevue_116th_ne12th:39265,target_estimation,Bellevue_116th_NE12th__2017-09-10_19-08-25,data/raw/bellevue_116th_ne12th/Bellevue_116th_NE12th__2017-09-10_19-08-25.mp4,39265,83719,84102,384,data/interim/bellevue_116th_ne12th/tracks_Bellevue_116th_NE12th__2017-09-10_19-08-25.parquet,b068313f869dc5d2b8e2b963b295a74593b61bb348d9cc1d6c849b6323eb1c7b,True
protocol_pilot_v1,protocol_pilot,available_for_protocol_development,protocol_pilot,68,bellevue_116th_ne12th,bellevue_116th_ne12th:59057,target_estimation,Bellevue_116th_NE12th__2017-09-10_20-09-12,data/raw/bellevue_116th_ne12th/Bellevue_116th_NE12th__2017-09-10_20-09-12.mp4,7788,15010,15245,236,data/interim/bellevue_116th_ne12th/tracks_Bellevue_116th_NE12th__2017-09-10_20-09-12.parquet,bd0eca29c673aaa26f1307a0d5e552648ad838e51d238d58240912d393824c9f,True
protocol_pilot_v1,protocol_pilot,available_for_protocol_development,protocol_pilot,69,bellevue_116th_ne12th,bellevue_116th_ne12th:127425,target_estimation,Bellevue_116th_NE12th__2017-09-10_23-08-29,data/raw/bellevue_116th_ne12th/Bellevue_116th_NE12th__2017-09-10_23-08-29.mp4,1252,2424,2538,115,data/interim/bellevue_116th_ne12th/tracks_Bellevue_116th_NE12th__2017-09-10_23-08-29.parquet,31046a227dc21d93d0d18b6bf3310b914743b8f9bd6b32b0acce705bc0a42f3a,True
protocol_pilot_v1,protocol_pilot,available_for_protocol_development,protocol_pilot,70,bellevue_116th_ne12th,bellevue_116th_ne12th:125297,target_estimation,Bellevue_116th_NE12th__2017-09-10_22-08-50,data/raw/bellevue_116th_ne12th/Bellevue_116th_NE12th__2017-09-10_22-08-50.mp4,5180,11594,11795,202,data/interim/bellevue_116th_ne12th/tracks_Bellevue_116th_NE12th__2017-09-10_22-08-50.parquet,a028f4409d9ccbf84e99b842174cdb2713d4b2169522ac1718dd4320e2344500,True
protocol_pilot_v1,protocol_pilot,available_for_protocol_development,protocol_pilot,71,bellevue_116th_ne12th,bellevue_116th_ne12th:76899,target_estimation,Bellevue_116th_NE12th__2017-09-10_21-08-54,data/raw/bellevue_116th_ne12th/Bellevue_116th_NE12th__2017-09-10_21-08-54.mp4,2304,3991,4139,149,data/interim/bellevue_116th_ne12th/tracks_Bellevue_116th_NE12th__2017-09-10_21-08-54.parquet,ad024efff91a68a4ef554cfa6a9f07d34a845d242770952037688b6bfa5e6317,True
protocol_pilot_v1,protocol_pilot,available_for_protocol_development,protocol_pilot,72,bellevue_116th_ne12th,bellevue_116th_ne12th:32043,target_estimation,Bellevue_116th_NE12th__2017-09-10_19-08-25,data/raw/bellevue_116th_ne12th/Bellevue_116th_NE12th__2017-09-10_19-08-25.mp4,32043,68232,68438,207,data/interim/bellevue_116th_ne12th/tracks_Bellevue_116th_NE12th__2017-09-10_19-08-25.parquet,b068313f869dc5d2b8e2b963b295a74593b61bb348d9cc1d6c849b6323eb1c7b,True
protocol_pilot_v1,protocol_pilot,available_for_protocol_development,protocol_pilot,73,bellevue_116th_ne12th,bellevue_116th_ne12th:72555,target_estimation,Bellevue_116th_NE12th__2017-09-10_20-09-12,data/raw/bellevue_116th_ne12th/Bellevue_116th_NE12th__2017-09-10_20-09-12.mp4,21286,40076,40236,161,data/interim/bellevue_116th_ne12th/tracks_Bellevue_116th_NE12th__2017-09-10_20-09-12.parquet,bd0eca29c673aaa26f1307a0d5e552648ad838e51d238d58240912d393824c9f,True
protocol_pilot_v1,protocol_pilot,available_for_protocol_development,protocol_pilot,74,bellevue_116th_ne12th,bellevue_116th_ne12th:166805,target_estimation,Bellevue_116th_NE12th__2017-09-10_23-08-29,data/raw/bellevue_116th_ne12th/Bellevue_116th_NE12th__2017-09-10_23-08-29.mp4,40632,88282,88394,113,data/interim/bellevue_116th_ne12th/tracks_Bellevue_116th_NE12th__2017-09-10_23-08-29.parquet,31046a227dc21d93d0d18b6bf3310b914743b8f9bd6b32b0acce705bc0a42f3a,True
protocol_pilot_v1,protocol_pilot,available_for_protocol_development,protocol_pilot,75,bellevue_116th_ne12th,bellevue_116th_ne12th:124527,target_estimation,Bellevue_116th_NE12th__2017-09-10_22-08-50,data/raw/bellevue_116th_ne12th/Bellevue_116th_NE12th__2017-09-10_22-08-50.mp4,4410,9535,10208,674,data/interim/bellevue_116th_ne12th/tracks_Bellevue_116th_NE12th__2017-09-10_22-08-50.parquet,a028f4409d9ccbf84e99b842174cdb2713d4b2169522ac1718dd4320e2344500,True
protocol_pilot_v1,protocol_pilot,available_for_protocol_development,protocol_pilot,76,bellevue_116th_ne12th,bellevue_116th_ne12th:110622,target_estimation,Bellevue_116th_NE12th__2017-09-10_21-08-54,data/raw/bellevue_116th_ne12th/Bellevue_116th_NE12th__2017-09-10_21-08-54.mp4,36027,69255,69403,149,data/interim/bellevue_116th_ne12th/tracks_Bellevue_116th_NE12th__2017-09-10_21-08-54.parquet,ad024efff91a68a4ef554cfa6a9f07d34a845d242770952037688b6bfa5e6317,True
protocol_pilot_v1,protocol_pilot,available_for_protocol_development,protocol_pilot,77,bellevue_116th_ne12th,bellevue_116th_ne12th:41687,target_estimation,Bellevue_116th_NE12th__2017-09-10_19-08-25,data/raw/bellevue_116th_ne12th/Bellevue_116th_NE12th__2017-09-10_19-08-25.mp4,41687,88415,89044,630,data/interim/bellevue_116th_ne12th/tracks_Bellevue_116th_NE12th__2017-09-10_19-08-25.parquet,b068313f869dc5d2b8e2b963b295a74593b61bb348d9cc1d6c849b6323eb1c7b,True
protocol_pilot_v1,protocol_pilot,available_for_protocol_development,protocol_pilot,78,bellevue_116th_ne12th,bellevue_116th_ne12th:62627,target_estimation,Bellevue_116th_NE12th__2017-09-10_20-09-12,data/raw/bellevue_116th_ne12th/Bellevue_116th_NE12th__2017-09-10_20-09-12.mp4,11358,22000,22159,160,data/interim/bellevue_116th_ne12th/tracks_Bellevue_116th_NE12th__2017-09-10_20-09-12.parquet,bd0eca29c673aaa26f1307a0d5e552648ad838e51d238d58240912d393824c9f,True
protocol_pilot_v1,protocol_pilot,available_for_protocol_development,protocol_pilot,79,bellevue_116th_ne12th,bellevue_116th_ne12th:138041,target_estimation,Bellevue_116th_NE12th__2017-09-10_23-08-29,data/raw/bellevue_116th_ne12th/Bellevue_116th_NE12th__2017-09-10_23-08-29.mp4,11868,26036,26206,171,data/interim/bellevue_116th_ne12th/tracks_Bellevue_116th_NE12th__2017-09-10_23-08-29.parquet,31046a227dc21d93d0d18b6bf3310b914743b8f9bd6b32b0acce705bc0a42f3a,True
protocol_pilot_v1,protocol_pilot,available_for_protocol_development,protocol_pilot,80,bellevue_116th_ne12th,bellevue_116th_ne12th:104130,target_estimation,Bellevue_116th_NE12th__2017-09-10_21-08-54,data/raw/bellevue_116th_ne12th/Bellevue_116th_NE12th__2017-09-10_21-08-54.mp4,29535,56171,56334,164,data/interim/bellevue_116th_ne12th/tracks_Bellevue_116th_NE12th__2017-09-10_21-08-54.parquet,ad024efff91a68a4ef554cfa6a9f07d34a845d242770952037688b6bfa5e6317,True
protocol_pilot_v1,protocol_pilot,available_for_protocol_development,protocol_pilot,81,bellevue_116th_ne12th,bellevue_116th_ne12th:28818,target_estimation,Bellevue_116th_NE12th__2017-09-10_19-08-25,data/raw/bellevue_116th_ne12th/Bellevue_116th_NE12th__2017-09-10_19-08-25.mp4,28818,61999,62175,177,data/interim/bellevue_116th_ne12th/tracks_Bellevue_116th_NE12th__2017-09-10_19-08-25.parquet,b068313f869dc5d2b8e2b963b295a74593b61bb348d9cc1d6c849b6323eb1c7b,True
protocol_pilot_v1,protocol_pilot,available_for_protocol_development,protocol_pilot,82,bellevue_116th_ne12th,bellevue_116th_ne12th:52488,target_estimation,Bellevue_116th_NE12th__2017-09-10_20-09-12,data/raw/bellevue_116th_ne12th/Bellevue_116th_NE12th__2017-09-10_20-09-12.mp4,1219,3399,3521,123,data/interim/bellevue_116th_ne12th/tracks_Bellevue_116th_NE12th__2017-09-10_20-09-12.parquet,bd0eca29c673aaa26f1307a0d5e552648ad838e51d238d58240912d393824c9f,True
protocol_pilot_v1,protocol_pilot,available_for_protocol_development,protocol_pilot,83,bellevue_116th_ne12th,bellevue_116th_ne12th:138898,target_estimation,Bellevue_116th_NE12th__2017-09-10_23-08-29,data/raw/bellevue_116th_ne12th/Bellevue_116th_NE12th__2017-09-10_23-08-29.mp4,12725,27906,28587,682,data/interim/bellevue_116th_ne12th/tracks_Bellevue_116th_NE12th__2017-09-10_23-08-29.parquet,31046a227dc21d93d0d18b6bf3310b914743b8f9bd6b32b0acce705bc0a42f3a,True
protocol_pilot_v1,protocol_pilot,available_for_protocol_development,protocol_pilot,84,bellevue_116th_ne12th,bellevue_116th_ne12th:114042,target_estimation,Bellevue_116th_NE12th__2017-09-10_21-08-54,data/raw/bellevue_116th_ne12th/Bellevue_116th_NE12th__2017-09-10_21-08-54.mp4,39447,75896,76065,170,data/interim/bellevue_116th_ne12th/tracks_Bellevue_116th_NE12th__2017-09-10_21-08-54.parquet,ad024efff91a68a4ef554cfa6a9f07d34a845d242770952037688b6bfa5e6317,True
protocol_pilot_v1,protocol_pilot,available_for_protocol_development,protocol_pilot,85,bellevue_116th_ne12th,bellevue_116th_ne12th:18548,target_estimation,Bellevue_116th_NE12th__2017-09-10_19-08-25,data/raw/bellevue_116th_ne12th/Bellevue_116th_NE12th__2017-09-10_19-08-25.mp4,18548,40579,41160,582,data/interim/bellevue_116th_ne12th/tracks_Bellevue_116th_NE12th__2017-09-10_19-08-25.parquet,b068313f869dc5d2b8e2b963b295a74593b61bb348d9cc1d6c849b6323eb1c7b,True
protocol_pilot_v1,protocol_pilot,available_for_protocol_development,protocol_pilot,86,bellevue_116th_ne12th,bellevue_116th_ne12th:56200,target_estimation,Bellevue_116th_NE12th__2017-09-10_20-09-12,data/raw/bellevue_116th_ne12th/Bellevue_116th_NE12th__2017-09-10_20-09-12.mp4,4931,9586,9703,118,data/interim/bellevue_116th_ne12th/tracks_Bellevue_116th_NE12th__2017-09-10_20-09-12.parquet,bd0eca29c673aaa26f1307a0d5e552648ad838e51d238d58240912d393824c9f,True
protocol_pilot_v1,protocol_pilot,available_for_protocol_development,protocol_pilot,87,bellevue_116th_ne12th,bellevue_116th_ne12th:153711,target_estimation,Bellevue_116th_NE12th__2017-09-10_23-08-29,data/raw/bellevue_116th_ne12th/Bellevue_116th_NE12th__2017-09-10_23-08-29.mp4,27538,60097,60379,283,data/interim/bellevue_116th_ne12th/tracks_Bellevue_116th_NE12th__2017-09-10_23-08-29.parquet,31046a227dc21d93d0d18b6bf3310b914743b8f9bd6b32b0acce705bc0a42f3a,True
protocol_pilot_v1,protocol_pilot,available_for_protocol_development,protocol_pilot,88,bellevue_116th_ne12th,bellevue_116th_ne12th:75778,target_estimation,Bellevue_116th_NE12th__2017-09-10_21-08-54,data/raw/bellevue_116th_ne12th/Bellevue_116th_NE12th__2017-09-10_21-08-54.mp4,1183,2306,2450,145,data/interim/bellevue_116th_ne12th/tracks_Bellevue_116th_NE12th__2017-09-10_21-08-54.parquet,ad024efff91a68a4ef554cfa6a9f07d34a845d242770952037688b6bfa5e6317,True
protocol_pilot_v1,protocol_pilot,available_for_protocol_development,protocol_pilot,89,bellevue_116th_ne12th,bellevue_116th_ne12th:5977,target_estimation,Bellevue_116th_NE12th__2017-09-10_19-08-25,data/raw/bellevue_116th_ne12th/Bellevue_116th_NE12th__2017-09-10_19-08-25.mp4,5977,13680,14038,359,data/interim/bellevue_116th_ne12th/tracks_Bellevue_116th_NE12th__2017-09-10_19-08-25.parquet,b068313f869dc5d2b8e2b963b295a74593b61bb348d9cc1d6c849b6323eb1c7b,True
protocol_pilot_v1,protocol_pilot,available_for_protocol_development,protocol_pilot,90,bellevue_116th_ne12th,bellevue_116th_ne12th:54862,target_estimation,Bellevue_116th_NE12th__2017-09-10_20-09-12,data/raw/bellevue_116th_ne12th/Bellevue_116th_NE12th__2017-09-10_20-09-12.mp4,3593,7311,7961,651,data/interim/bellevue_116th_ne12th/tracks_Bellevue_116th_NE12th__2017-09-10_20-09-12.parquet,bd0eca29c673aaa26f1307a0d5e552648ad838e51d238d58240912d393824c9f,True
protocol_pilot_v1,protocol_pilot,available_for_protocol_development,protocol_pilot,91,bellevue_116th_ne12th,bellevue_116th_ne12th:139648,target_estimation,Bellevue_116th_NE12th__2017-09-10_23-08-29,data/raw/bellevue_116th_ne12th/Bellevue_116th_NE12th__2017-09-10_23-08-29.mp4,13475,29917,30128,212,data/interim/bellevue_116th_ne12th/tracks_Bellevue_116th_NE12th__2017-09-10_23-08-29.parquet,31046a227dc21d93d0d18b6bf3310b914743b8f9bd6b32b0acce705bc0a42f3a,True
protocol_pilot_v1,protocol_pilot,available_for_protocol_development,protocol_pilot,92,bellevue_116th_ne12th,bellevue_116th_ne12th:77830,target_estimation,Bellevue_116th_NE12th__2017-09-10_21-08-54,data/raw/bellevue_116th_ne12th/Bellevue_116th_NE12th__2017-09-10_21-08-54.mp4,3235,5470,5558,89,data/interim/bellevue_116th_ne12th/tracks_Bellevue_116th_NE12th__2017-09-10_21-08-54.parquet,ad024efff91a68a4ef554cfa6a9f07d34a845d242770952037688b6bfa5e6317,True
protocol_pilot_v1,protocol_pilot,available_for_protocol_development,protocol_pilot,93,bellevue_116th_ne12th,bellevue_116th_ne12th:34970,target_estimation,Bellevue_116th_NE12th__2017-09-10_19-08-25,data/raw/bellevue_116th_ne12th/Bellevue_116th_NE12th__2017-09-10_19-08-25.mp4,34970,74919,75590,672,data/interim/bellevue_116th_ne12th/tracks_Bellevue_116th_NE12th__2017-09-10_19-08-25.parquet,b068313f869dc5d2b8e2b963b295a74593b61bb348d9cc1d6c849b6323eb1c7b,True
protocol_pilot_v1,protocol_pilot,available_for_protocol_development,protocol_pilot,94,bellevue_116th_ne12th,bellevue_116th_ne12th:71391,target_estimation,Bellevue_116th_NE12th__2017-09-10_20-09-12,data/raw/bellevue_116th_ne12th/Bellevue_116th_NE12th__2017-09-10_20-09-12.mp4,20122,38260,38477,218,data/interim/bellevue_116th_ne12th/tracks_Bellevue_116th_NE12th__2017-09-10_20-09-12.parquet,bd0eca29c673aaa26f1307a0d5e552648ad838e51d238d58240912d393824c9f,True
protocol_pilot_v1,protocol_pilot,available_for_protocol_development,protocol_pilot,95,bellevue_116th_ne12th,bellevue_116th_ne12th:133459,target_estimation,Bellevue_116th_NE12th__2017-09-10_23-08-29,data/raw/bellevue_116th_ne12th/Bellevue_116th_NE12th__2017-09-10_23-08-29.mp4,7286,15298,15945,648,data/interim/bellevue_116th_ne12th/tracks_Bellevue_116th_NE12th__2017-09-10_23-08-29.parquet,31046a227dc21d93d0d18b6bf3310b914743b8f9bd6b32b0acce705bc0a42f3a,True
protocol_pilot_v1,protocol_pilot,available_for_protocol_development,protocol_pilot,96,bellevue_116th_ne12th,bellevue_116th_ne12th:114224,target_estimation,Bellevue_116th_NE12th__2017-09-10_21-08-54,data/raw/bellevue_116th_ne12th/Bellevue_116th_NE12th__2017-09-10_21-08-54.mp4,39629,76340,76843,504,data/interim/bellevue_116th_ne12th/tracks_Bellevue_116th_NE12th__2017-09-10_21-08-54.parquet,ad024efff91a68a4ef554cfa6a9f07d34a845d242770952037688b6bfa5e6317,True
protocol_pilot_v1,protocol_pilot,available_for_protocol_development,protocol_pilot,97,bellevue_116th_ne12th,bellevue_116th_ne12th:5569,target_estimation,Bellevue_116th_NE12th__2017-09-10_19-08-25,data/raw/bellevue_116th_ne12th/Bellevue_116th_NE12th__2017-09-10_19-08-25.mp4,5569,12849,13367,519,data/interim/bellevue_116th_ne12th/tracks_Bellevue_116th_NE12th__2017-09-10_19-08-25.parquet,b068313f869dc5d2b8e2b963b295a74593b61bb348d9cc1d6c849b6323eb1c7b,True
protocol_pilot_v1,protocol_pilot,available_for_protocol_development,protocol_pilot,98,bellevue_116th_ne12th,bellevue_116th_ne12th:62320,target_estimation,Bellevue_116th_NE12th__2017-09-10_20-09-12,data/raw/bellevue_116th_ne12th/Bellevue_116th_NE12th__2017-09-10_20-09-12.mp4,11051,21527,21682,156,data/interim/bellevue_116th_ne12th/tracks_Bellevue_116th_NE12th__2017-09-10_20-09-12.parquet,bd0eca29c673aaa26f1307a0d5e552648ad838e51d238d58240912d393824c9f,True
protocol_pilot_v1,protocol_pilot,available_for_protocol_development,protocol_pilot,99,bellevue_116th_ne12th,bellevue_116th_ne12th:147110,target_estimation,Bellevue_116th_NE12th__2017-09-10_23-08-29,data/raw/bellevue_116th_ne12th/Bellevue_116th_NE12th__2017-09-10_23-08-29.mp4,20937,45490,45622,133,data/interim/bellevue_116th_ne12th/tracks_Bellevue_116th_NE12th__2017-09-10_23-08-29.parquet,31046a227dc21d93d0d18b6bf3310b914743b8f9bd6b32b0acce705bc0a42f3a,True
protocol_pilot_v1,protocol_pilot,available_for_protocol_development,protocol_pilot,100,bellevue_116th_ne12th,bellevue_116th_ne12th:115121,target_estimation,Bellevue_116th_NE12th__2017-09-10_21-08-54,data/raw/bellevue_116th_ne12th/Bellevue_116th_NE12th__2017-09-10_21-08-54.mp4,40526,77866,78029,164,data/interim/bellevue_116th_ne12th/tracks_Bellevue_116th_NE12th__2017-09-10_21-08-54.parquet,ad024efff91a68a4ef554cfa6a9f07d34a845d242770952037688b6bfa5e6317,True
protocol_pilot_v1,protocol_pilot,available_for_protocol_development,protocol_pilot,101,bellevue_150th_newport,bellevue_150th_newport:264357,target_estimation,Bellevue_150th_Newport__2017-09-11_04-08-29,data/raw/bellevue_150th_newport/Bellevue_150th_Newport__2017-09-11_04-08-29.mp4,10155,107415,107943,529,data/interim/bellevue_150th_newport/tracks_Bellevue_150th_Newport__2017-09-11_04-08-29.parquet,c557eb0fb1a290a265fe6758d74f536543ae33a20c46e14ecc8fb35e2b4c2ae3,True
protocol_pilot_v1,protocol_pilot,available_for_protocol_development,protocol_pilot,102,bellevue_150th_newport,bellevue_150th_newport:86091,target_estimation,Bellevue_150th_Newport__2017-09-10_19-08-24,data/raw/bellevue_150th_newport/Bellevue_150th_Newport__2017-09-10_19-08-24.mp4,23908,42933,43307,375,data/interim/bellevue_150th_newport/tracks_Bellevue_150th_Newport__2017-09-10_19-08-24.parquet,6d69506aeebbd30877a04f7867c6c0a170d614c317d6a5e8d29c4586102344ad,True
protocol_pilot_v1,protocol_pilot,available_for_protocol_development,protocol_pilot,103,bellevue_150th_newport,bellevue_150th_newport:330506,target_estimation,Bellevue_150th_Newport__2017-09-11_06-08-30,data/raw/bellevue_150th_newport/Bellevue_150th_Newport__2017-09-11_06-08-30.mp4,49028,84708,84912,205,data/interim/bellevue_150th_newport/tracks_Bellevue_150th_Newport__2017-09-11_06-08-30.parquet,55b62238aa8fe63033becd1022859631887675f09564d44397397c3b4c935025,True
protocol_pilot_v1,protocol_pilot,available_for_protocol_development,protocol_pilot,104,bellevue_150th_newport,bellevue_150th_newport:213841,target_estimation,Bellevue_150th_Newport__2017-09-10_23-08-29,data/raw/bellevue_150th_newport/Bellevue_150th_Newport__2017-09-10_23-08-29.mp4,12438,97333,97421,89,data/interim/bellevue_150th_newport/tracks_Bellevue_150th_Newport__2017-09-10_23-08-29.parquet,c140cc9d3b2dfb4cdca6dfd297350767d6683c761b01472d11f666b95b9e6129,True
protocol_pilot_v1,protocol_pilot,available_for_protocol_development,protocol_pilot,105,bellevue_150th_newport,bellevue_150th_newport:28854,target_estimation,Bellevue_150th_Newport__2017-09-10_18-08-24,data/raw/bellevue_150th_newport/Bellevue_150th_Newport__2017-09-10_18-08-24.mp4,28854,55757,56014,258,data/interim/bellevue_150th_newport/tracks_Bellevue_150th_Newport__2017-09-10_18-08-24.parquet,6c4b061efc692cd8f4772c96e7f37d7fc29d2cc41212f38f1d51dbf54daaf67e,True
protocol_pilot_v1,protocol_pilot,available_for_protocol_development,protocol_pilot,106,bellevue_150th_newport,bellevue_150th_newport:172115,target_estimation,Bellevue_150th_Newport__2017-09-10_21-08-28,data/raw/bellevue_150th_newport/Bellevue_150th_Newport__2017-09-10_21-08-28.mp4,10208,46558,46624,67,data/interim/bellevue_150th_newport/tracks_Bellevue_150th_Newport__2017-09-10_21-08-28.parquet,d73bc30993214f3734ffc07c52b16becc04c3ba308a117d5d5068b61a81cf400,True
protocol_pilot_v1,protocol_pilot,available_for_protocol_development,protocol_pilot,107,bellevue_150th_newport,bellevue_150th_newport:237159,target_estimation,Bellevue_150th_Newport__2017-09-11_02-08-29,data/raw/bellevue_150th_newport/Bellevue_150th_Newport__2017-09-11_02-08-29.mp4,2656,28384,28947,564,data/interim/bellevue_150th_newport/tracks_Bellevue_150th_Newport__2017-09-11_02-08-29.parquet,d115b2ce42c2b365724019af55f85d0b0a80efe2f5434c4664790bd010936c91,True
protocol_pilot_v1,protocol_pilot,available_for_protocol_development,protocol_pilot,108,bellevue_150th_newport,bellevue_150th_newport:187426,target_estimation,Bellevue_150th_Newport__2017-09-10_22-08-28,data/raw/bellevue_150th_newport/Bellevue_150th_Newport__2017-09-10_22-08-28.mp4,1678,8493,8655,163,data/interim/bellevue_150th_newport/tracks_Bellevue_150th_Newport__2017-09-10_22-08-28.parquet,ce7b06f65720f2898403af4d7b70ec5e2f2f3d2377bc1f7e384c0391e9256aa8,True
protocol_pilot_v1,protocol_pilot,available_for_protocol_development,protocol_pilot,109,bellevue_150th_newport,bellevue_150th_newport:234193,target_estimation,Bellevue_150th_Newport__2017-09-11_01-08-29,data/raw/bellevue_150th_newport/Bellevue_150th_Newport__2017-09-11_01-08-29.mp4,8883,94364,94932,569,data/interim/bellevue_150th_newport/tracks_Bellevue_150th_Newport__2017-09-11_01-08-29.parquet,2d1ee51bebe7b270e578fd33112414e220efe83d44ec83b4d0e0bfb2b77c0f61,True
protocol_pilot_v1,protocol_pilot,available_for_protocol_development,protocol_pilot,110,bellevue_150th_newport,bellevue_150th_newport:353568,target_estimation,Bellevue_150th_Newport__2017-09-11_07-08-31,data/raw/bellevue_150th_newport/Bellevue_150th_Newport__2017-09-11_07-08-31.mp4,9164,16328,16577,250,data/interim/bellevue_150th_newport/tracks_Bellevue_150th_Newport__2017-09-11_07-08-31.parquet,e85f8a20e1191ebe18216bf901ee658d7448123534250d8a4e25b2ec3dd61e0d,True
protocol_pilot_v1,protocol_pilot,available_for_protocol_development,protocol_pilot,111,bellevue_150th_newport,bellevue_150th_newport:223924,target_estimation,Bellevue_150th_Newport__2017-09-11_00-08-29,data/raw/bellevue_150th_newport/Bellevue_150th_Newport__2017-09-11_00-08-29.mp4,9115,94252,94321,70,data/interim/bellevue_150th_newport/tracks_Bellevue_150th_Newport__2017-09-11_00-08-29.parquet,a7edc5854c4b3d28b7f7dab7242e8feddab0d675405da66a8b1e25be2fd3a0eb,True
protocol_pilot_v1,protocol_pilot,available_for_protocol_development,protocol_pilot,112,bellevue_150th_newport,bellevue_150th_newport:253197,target_estimation,Bellevue_150th_Newport__2017-09-11_03-08-29,data/raw/bellevue_150th_newport/Bellevue_150th_Newport__2017-09-11_03-08-29.mp4,8875,96649,97007,359,data/interim/bellevue_150th_newport/tracks_Bellevue_150th_Newport__2017-09-11_03-08-29.parquet,d50f7fa0a6bd7e46434b1939f77a7278d434b8c7ced349450f21f04e375b5d61,True
protocol_pilot_v1,protocol_pilot,available_for_protocol_development,protocol_pilot,113,bellevue_150th_newport,bellevue_150th_newport:135840,target_estimation,Bellevue_150th_Newport__2017-09-10_20-08-25,data/raw/bellevue_150th_newport/Bellevue_150th_Newport__2017-09-10_20-08-25.mp4,9173,25021,25173,153,data/interim/bellevue_150th_newport/tracks_Bellevue_150th_Newport__2017-09-10_20-08-25.parquet,140d567ff3aadadd18303be27f8ed367bd196e55fca75882127f2215a5d48478,True
protocol_pilot_v1,protocol_pilot,available_for_protocol_development,protocol_pilot,114,bellevue_150th_newport,bellevue_150th_newport:273597,target_estimation,Bellevue_150th_Newport__2017-09-11_05-08-29,data/raw/bellevue_150th_newport/Bellevue_150th_Newport__2017-09-11_05-08-29.mp4,9148,69057,69628,572,data/interim/bellevue_150th_newport/tracks_Bellevue_150th_Newport__2017-09-11_05-08-29.parquet,878d22f41b39acce82f062ea825b396b49ab6fd68d48a72c7af90a1b9a275730,True
protocol_pilot_v1,protocol_pilot,available_for_protocol_development,protocol_pilot,115,bellevue_150th_newport,bellevue_150th_newport:261347,target_estimation,Bellevue_150th_Newport__2017-09-11_04-08-29,data/raw/bellevue_150th_newport/Bellevue_150th_Newport__2017-09-11_04-08-29.mp4,7145,76925,76957,33,data/interim/bellevue_150th_newport/tracks_Bellevue_150th_Newport__2017-09-11_04-08-29.parquet,c557eb0fb1a290a265fe6758d74f536543ae33a20c46e14ecc8fb35e2b4c2ae3,True
protocol_pilot_v1,protocol_pilot,available_for_protocol_development,protocol_pilot,116,bellevue_150th_newport,bellevue_150th_newport:126039,target_estimation,Bellevue_150th_Newport__2017-09-10_19-08-24,data/raw/bellevue_150th_newport/Bellevue_150th_Newport__2017-09-10_19-08-24.mp4,63856,106270,106473,204,data/interim/bellevue_150th_newport/tracks_Bellevue_150th_Newport__2017-09-10_19-08-24.parquet,6d69506aeebbd30877a04f7867c6c0a170d614c317d6a5e8d29c4586102344ad,True
protocol_pilot_v1,protocol_pilot,available_for_protocol_development,protocol_pilot,117,bellevue_150th_newport,bellevue_150th_newport:291814,target_estimation,Bellevue_150th_Newport__2017-09-11_06-08-30,data/raw/bellevue_150th_newport/Bellevue_150th_Newport__2017-09-11_06-08-30.mp4,10336,23969,24376,408,data/interim/bellevue_150th_newport/tracks_Bellevue_150th_Newport__2017-09-11_06-08-30.parquet,55b62238aa8fe63033becd1022859631887675f09564d44397397c3b4c935025,True
protocol_pilot_v1,protocol_pilot,available_for_protocol_development,protocol_pilot,118,bellevue_150th_newport,bellevue_150th_newport:204727,target_estimation,Bellevue_150th_Newport__2017-09-10_23-08-29,data/raw/bellevue_150th_newport/Bellevue_150th_Newport__2017-09-10_23-08-29.mp4,3324,22734,22842,109,data/interim/bellevue_150th_newport/tracks_Bellevue_150th_Newport__2017-09-10_23-08-29.parquet,c140cc9d3b2dfb4cdca6dfd297350767d6683c761b01472d11f666b95b9e6129,True
protocol_pilot_v1,protocol_pilot,available_for_protocol_development,protocol_pilot,119,bellevue_150th_newport,bellevue_150th_newport:2162,target_estimation,Bellevue_150th_Newport__2017-09-10_18-08-24,data/raw/bellevue_150th_newport/Bellevue_150th_Newport__2017-09-10_18-08-24.mp4,2162,5141,5434,294,data/interim/bellevue_150th_newport/tracks_Bellevue_150th_Newport__2017-09-10_18-08-24.parquet,6c4b061efc692cd8f4772c96e7f37d7fc29d2cc41212f38f1d51dbf54daaf67e,True
protocol_pilot_v1,protocol_pilot,available_for_protocol_development,protocol_pilot,120,bellevue_150th_newport,bellevue_150th_newport:166698,target_estimation,Bellevue_150th_Newport__2017-09-10_21-08-28,data/raw/bellevue_150th_newport/Bellevue_150th_Newport__2017-09-10_21-08-28.mp4,4791,18884,19057,174,data/interim/bellevue_150th_newport/tracks_Bellevue_150th_Newport__2017-09-10_21-08-28.parquet,d73bc30993214f3734ffc07c52b16becc04c3ba308a117d5d5068b61a81cf400,True
protocol_pilot_v1,protocol_pilot,available_for_protocol_development,protocol_pilot,121,bellevue_150th_newport,bellevue_150th_newport:240669,target_estimation,Bellevue_150th_Newport__2017-09-11_02-08-29,data/raw/bellevue_150th_newport/Bellevue_150th_Newport__2017-09-11_02-08-29.mp4,6166,66213,66325,113,data/interim/bellevue_150th_newport/tracks_Bellevue_150th_Newport__2017-09-11_02-08-29.parquet,d115b2ce42c2b365724019af55f85d0b0a80efe2f5434c4664790bd010936c91,True
protocol_pilot_v1,protocol_pilot,available_for_protocol_development,protocol_pilot,122,bellevue_150th_newport,bellevue_150th_newport:195722,target_estimation,Bellevue_150th_Newport__2017-09-10_22-08-28,data/raw/bellevue_150th_newport/Bellevue_150th_Newport__2017-09-10_22-08-28.mp4,9974,63958,64014,57,data/interim/bellevue_150th_newport/tracks_Bellevue_150th_Newport__2017-09-10_22-08-28.parquet,ce7b06f65720f2898403af4d7b70ec5e2f2f3d2377bc1f7e384c0391e9256aa8,True
protocol_pilot_v1,protocol_pilot,available_for_protocol_development,protocol_pilot,123,bellevue_150th_newport,bellevue_150th_newport:232418,target_estimation,Bellevue_150th_Newport__2017-09-11_01-08-29,data/raw/bellevue_150th_newport/Bellevue_150th_Newport__2017-09-11_01-08-29.mp4,7108,76127,76206,80,data/interim/bellevue_150th_newport/tracks_Bellevue_150th_Newport__2017-09-11_01-08-29.parquet,2d1ee51bebe7b270e578fd33112414e220efe83d44ec83b4d0e0bfb2b77c0f61,True
protocol_pilot_v1,protocol_pilot,available_for_protocol_development,protocol_pilot,124,bellevue_150th_newport,bellevue_150th_newport:364914,target_estimation,Bellevue_150th_Newport__2017-09-11_07-08-31,data/raw/bellevue_150th_newport/Bellevue_150th_Newport__2017-09-11_07-08-31.mp4,20510,35801,36101,301,data/interim/bellevue_150th_newport/tracks_Bellevue_150th_Newport__2017-09-11_07-08-31.parquet,e85f8a20e1191ebe18216bf901ee658d7448123534250d8a4e25b2ec3dd61e0d,True
protocol_pilot_v1,protocol_pilot,available_for_protocol_development,protocol_pilot,125,bellevue_150th_newport,bellevue_150th_newport:216009,target_estimation,Bellevue_150th_Newport__2017-09-11_00-08-29,data/raw/bellevue_150th_newport/Bellevue_150th_Newport__2017-09-11_00-08-29.mp4,1200,12084,12157,74,data/interim/bellevue_150th_newport/tracks_Bellevue_150th_Newport__2017-09-11_00-08-29.parquet,a7edc5854c4b3d28b7f7dab7242e8feddab0d675405da66a8b1e25be2fd3a0eb,True
protocol_pilot_v1,protocol_pilot,available_for_protocol_development,protocol_pilot,126,bellevue_150th_newport,bellevue_150th_newport:252525,target_estimation,Bellevue_150th_Newport__2017-09-11_03-08-29,data/raw/bellevue_150th_newport/Bellevue_150th_Newport__2017-09-11_03-08-29.mp4,8203,89851,89970,120,data/interim/bellevue_150th_newport/tracks_Bellevue_150th_Newport__2017-09-11_03-08-29.parquet,d50f7fa0a6bd7e46434b1939f77a7278d434b8c7ced349450f21f04e375b5d61,True
protocol_pilot_v1,protocol_pilot,available_for_protocol_development,protocol_pilot,127,bellevue_150th_newport,bellevue_150th_newport:148380,target_estimation,Bellevue_150th_Newport__2017-09-10_20-08-25,data/raw/bellevue_150th_newport/Bellevue_150th_Newport__2017-09-10_20-08-25.mp4,21713,59823,60031,209,data/interim/bellevue_150th_newport/tracks_Bellevue_150th_Newport__2017-09-10_20-08-25.parquet,140d567ff3aadadd18303be27f8ed367bd196e55fca75882127f2215a5d48478,True
protocol_pilot_v1,protocol_pilot,available_for_protocol_development,protocol_pilot,128,bellevue_150th_newport,bellevue_150th_newport:266080,target_estimation,Bellevue_150th_Newport__2017-09-11_05-08-29,data/raw/bellevue_150th_newport/Bellevue_150th_Newport__2017-09-11_05-08-29.mp4,1631,14824,14975,152,data/interim/bellevue_150th_newport/tracks_Bellevue_150th_Newport__2017-09-11_05-08-29.parquet,878d22f41b39acce82f062ea825b396b49ab6fd68d48a72c7af90a1b9a275730,True
protocol_pilot_v1,protocol_pilot,available_for_protocol_development,protocol_pilot,129,bellevue_150th_newport,bellevue_150th_newport:261181,target_estimation,Bellevue_150th_Newport__2017-09-11_04-08-29,data/raw/bellevue_150th_newport/Bellevue_150th_Newport__2017-09-11_04-08-29.mp4,6979,74476,74552,77,data/interim/bellevue_150th_newport/tracks_Bellevue_150th_Newport__2017-09-11_04-08-29.parquet,c557eb0fb1a290a265fe6758d74f536543ae33a20c46e14ecc8fb35e2b4c2ae3,True
protocol_pilot_v1,protocol_pilot,available_for_protocol_development,protocol_pilot,130,bellevue_150th_newport,bellevue_150th_newport:81231,target_estimation,Bellevue_150th_Newport__2017-09-10_19-08-24,data/raw/bellevue_150th_newport/Bellevue_150th_Newport__2017-09-10_19-08-24.mp4,19048,33591,33873,283,data/interim/bellevue_150th_newport/tracks_Bellevue_150th_Newport__2017-09-10_19-08-24.parquet,6d69506aeebbd30877a04f7867c6c0a170d614c317d6a5e8d29c4586102344ad,True
protocol_pilot_v1,protocol_pilot,available_for_protocol_development,protocol_pilot,131,bellevue_150th_newport,bellevue_150th_newport:334767,target_estimation,Bellevue_150th_Newport__2017-09-11_06-08-30,data/raw/bellevue_150th_newport/Bellevue_150th_Newport__2017-09-11_06-08-30.mp4,53289,92805,93063,259,data/interim/bellevue_150th_newport/tracks_Bellevue_150th_Newport__2017-09-11_06-08-30.parquet,55b62238aa8fe63033becd1022859631887675f09564d44397397c3b4c935025,True
protocol_pilot_v1,protocol_pilot,available_for_protocol_development,protocol_pilot,132,bellevue_150th_newport,bellevue_150th_newport:202395,target_estimation,Bellevue_150th_Newport__2017-09-10_23-08-29,data/raw/bellevue_150th_newport/Bellevue_150th_Newport__2017-09-10_23-08-29.mp4,992,5254,5739,486,data/interim/bellevue_150th_newport/tracks_Bellevue_150th_Newport__2017-09-10_23-08-29.parquet,c140cc9d3b2dfb4cdca6dfd297350767d6683c761b01472d11f666b95b9e6129,True
protocol_pilot_v1,protocol_pilot,available_for_protocol_development,protocol_pilot,133,bellevue_150th_newport,bellevue_150th_newport:31598,target_estimation,Bellevue_150th_Newport__2017-09-10_18-08-24,data/raw/bellevue_150th_newport/Bellevue_150th_Newport__2017-09-10_18-08-24.mp4,31598,60264,60443,180,data/interim/bellevue_150th_newport/tracks_Bellevue_150th_Newport__2017-09-10_18-08-24.parquet,6c4b061efc692cd8f4772c96e7f37d7fc29d2cc41212f38f1d51dbf54daaf67e,True
protocol_pilot_v1,protocol_pilot,available_for_protocol_development,protocol_pilot,134,bellevue_150th_newport,bellevue_150th_newport:177835,target_estimation,Bellevue_150th_Newport__2017-09-10_21-08-28,data/raw/bellevue_150th_newport/Bellevue_150th_Newport__2017-09-10_21-08-28.mp4,15928,70402,70532,131,data/interim/bellevue_150th_newport/tracks_Bellevue_150th_Newport__2017-09-10_21-08-28.parquet,d73bc30993214f3734ffc07c52b16becc04c3ba308a117d5d5068b61a81cf400,True
protocol_pilot_v1,protocol_pilot,available_for_protocol_development,protocol_pilot,135,bellevue_150th_newport,bellevue_150th_newport:239769,target_estimation,Bellevue_150th_Newport__2017-09-11_02-08-29,data/raw/bellevue_150th_newport/Bellevue_150th_Newport__2017-09-11_02-08-29.mp4,5266,57730,58325,596,data/interim/bellevue_150th_newport/tracks_Bellevue_150th_Newport__2017-09-11_02-08-29.parquet,d115b2ce42c2b365724019af55f85d0b0a80efe2f5434c4664790bd010936c91,True
protocol_pilot_v1,protocol_pilot,available_for_protocol_development,protocol_pilot,136,bellevue_150th_newport,bellevue_150th_newport:197794,target_estimation,Bellevue_150th_Newport__2017-09-10_22-08-28,data/raw/bellevue_150th_newport/Bellevue_150th_Newport__2017-09-10_22-08-28.mp4,12046,77951,77987,37,data/interim/bellevue_150th_newport/tracks_Bellevue_150th_Newport__2017-09-10_22-08-28.parquet,ce7b06f65720f2898403af4d7b70ec5e2f2f3d2377bc1f7e384c0391e9256aa8,True
protocol_pilot_v1,protocol_pilot,available_for_protocol_development,protocol_pilot,137,bellevue_150th_newport,bellevue_150th_newport:226679,target_estimation,Bellevue_150th_Newport__2017-09-11_01-08-29,data/raw/bellevue_150th_newport/Bellevue_150th_Newport__2017-09-11_01-08-29.mp4,1369,13547,13584,38,data/interim/bellevue_150th_newport/tracks_Bellevue_150th_Newport__2017-09-11_01-08-29.parquet,2d1ee51bebe7b270e578fd33112414e220efe83d44ec83b4d0e0bfb2b77c0f61,True
protocol_pilot_v1,protocol_pilot,available_for_protocol_development,protocol_pilot,138,bellevue_150th_newport,bellevue_150th_newport:396254,target_estimation,Bellevue_150th_Newport__2017-09-11_07-08-31,data/raw/bellevue_150th_newport/Bellevue_150th_Newport__2017-09-11_07-08-31.mp4,51850,80805,81027,223,data/interim/bellevue_150th_newport/tracks_Bellevue_150th_Newport__2017-09-11_07-08-31.parquet,e85f8a20e1191ebe18216bf901ee658d7448123534250d8a4e25b2ec3dd61e0d,True
protocol_pilot_v1,protocol_pilot,available_for_protocol_development,protocol_pilot,139,bellevue_150th_newport,bellevue_150th_newport:219323,target_estimation,Bellevue_150th_Newport__2017-09-11_00-08-29,data/raw/bellevue_150th_newport/Bellevue_150th_Newport__2017-09-11_00-08-29.mp4,4514,46302,46861,560,data/interim/bellevue_150th_newport/tracks_Bellevue_150th_Newport__2017-09-11_00-08-29.parquet,a7edc5854c4b3d28b7f7dab7242e8feddab0d675405da66a8b1e25be2fd3a0eb,True
protocol_pilot_v1,protocol_pilot,available_for_protocol_development,protocol_pilot,140,bellevue_150th_newport,bellevue_150th_newport:244645,target_estimation,Bellevue_150th_Newport__2017-09-11_03-08-29,data/raw/bellevue_150th_newport/Bellevue_150th_Newport__2017-09-11_03-08-29.mp4,323,3910,3994,85,data/interim/bellevue_150th_newport/tracks_Bellevue_150th_Newport__2017-09-11_03-08-29.parquet,d50f7fa0a6bd7e46434b1939f77a7278d434b8c7ced349450f21f04e375b5d61,True
protocol_pilot_v1,protocol_pilot,available_for_protocol_development,protocol_pilot,141,bellevue_150th_newport,bellevue_150th_newport:157815,target_estimation,Bellevue_150th_Newport__2017-09-10_20-08-25,data/raw/bellevue_150th_newport/Bellevue_150th_Newport__2017-09-10_20-08-25.mp4,31148,91465,91909,445,data/interim/bellevue_150th_newport/tracks_Bellevue_150th_Newport__2017-09-10_20-08-25.parquet,140d567ff3aadadd18303be27f8ed367bd196e55fca75882127f2215a5d48478,True
protocol_pilot_v1,protocol_pilot,available_for_protocol_development,protocol_pilot,142,bellevue_150th_newport,bellevue_150th_newport:271860,target_estimation,Bellevue_150th_Newport__2017-09-11_05-08-29,data/raw/bellevue_150th_newport/Bellevue_150th_Newport__2017-09-11_05-08-29.mp4,7411,56612,56740,129,data/interim/bellevue_150th_newport/tracks_Bellevue_150th_Newport__2017-09-11_05-08-29.parquet,878d22f41b39acce82f062ea825b396b49ab6fd68d48a72c7af90a1b9a275730,True
protocol_pilot_v1,protocol_pilot,available_for_protocol_development,protocol_pilot,143,bellevue_150th_newport,bellevue_150th_newport:262290,target_estimation,Bellevue_150th_Newport__2017-09-11_04-08-29,data/raw/bellevue_150th_newport/Bellevue_150th_Newport__2017-09-11_04-08-29.mp4,8088,86772,87363,592,data/interim/bellevue_150th_newport/tracks_Bellevue_150th_Newport__2017-09-11_04-08-29.parquet,c557eb0fb1a290a265fe6758d74f536543ae33a20c46e14ecc8fb35e2b4c2ae3,True
protocol_pilot_v1,protocol_pilot,available_for_protocol_development,protocol_pilot,144,bellevue_150th_newport,bellevue_150th_newport:81549,target_estimation,Bellevue_150th_Newport__2017-09-10_19-08-24,data/raw/bellevue_150th_newport/Bellevue_150th_Newport__2017-09-10_19-08-24.mp4,19366,34413,34995,583,data/interim/bellevue_150th_newport/tracks_Bellevue_150th_Newport__2017-09-10_19-08-24.parquet,6d69506aeebbd30877a04f7867c6c0a170d614c317d6a5e8d29c4586102344ad,True
protocol_pilot_v1,protocol_pilot,available_for_protocol_development,protocol_pilot,145,bellevue_150th_newport,bellevue_150th_newport:338551,target_estimation,Bellevue_150th_Newport__2017-09-11_06-08-30,data/raw/bellevue_150th_newport/Bellevue_150th_Newport__2017-09-11_06-08-30.mp4,57073,99600,100018,419,data/interim/bellevue_150th_newport/tracks_Bellevue_150th_Newport__2017-09-11_06-08-30.parquet,55b62238aa8fe63033becd1022859631887675f09564d44397397c3b4c935025,True
protocol_pilot_v1,protocol_pilot,available_for_protocol_development,protocol_pilot,146,bellevue_150th_newport,bellevue_150th_newport:211586,target_estimation,Bellevue_150th_Newport__2017-09-10_23-08-29,data/raw/bellevue_150th_newport/Bellevue_150th_Newport__2017-09-10_23-08-29.mp4,10183,76989,77134,146,data/interim/bellevue_150th_newport/tracks_Bellevue_150th_Newport__2017-09-10_23-08-29.parquet,c140cc9d3b2dfb4cdca6dfd297350767d6683c761b01472d11f666b95b9e6129,True
protocol_pilot_v1,protocol_pilot,available_for_protocol_development,protocol_pilot,147,bellevue_150th_newport,bellevue_150th_newport:35757,target_estimation,Bellevue_150th_Newport__2017-09-10_18-08-24,data/raw/bellevue_150th_newport/Bellevue_150th_Newport__2017-09-10_18-08-24.mp4,35757,65971,66229,259,data/interim/bellevue_150th_newport/tracks_Bellevue_150th_Newport__2017-09-10_18-08-24.parquet,6c4b061efc692cd8f4772c96e7f37d7fc29d2cc41212f38f1d51dbf54daaf67e,True
protocol_pilot_v1,protocol_pilot,available_for_protocol_development,protocol_pilot,148,bellevue_150th_newport,bellevue_150th_newport:163917,target_estimation,Bellevue_150th_Newport__2017-09-10_21-08-28,data/raw/bellevue_150th_newport/Bellevue_150th_Newport__2017-09-10_21-08-28.mp4,2010,9349,9448,100,data/interim/bellevue_150th_newport/tracks_Bellevue_150th_Newport__2017-09-10_21-08-28.parquet,d73bc30993214f3734ffc07c52b16becc04c3ba308a117d5d5068b61a81cf400,True
protocol_pilot_v1,protocol_pilot,available_for_protocol_development,protocol_pilot,149,bellevue_150th_newport,bellevue_150th_newport:195534,target_estimation,Bellevue_150th_Newport__2017-09-10_22-08-28,data/raw/bellevue_150th_newport/Bellevue_150th_Newport__2017-09-10_22-08-28.mp4,9786,62071,62297,227,data/interim/bellevue_150th_newport/tracks_Bellevue_150th_Newport__2017-09-10_22-08-28.parquet,ce7b06f65720f2898403af4d7b70ec5e2f2f3d2377bc1f7e384c0391e9256aa8,True
protocol_pilot_v1,protocol_pilot,available_for_protocol_development,protocol_pilot,150,bellevue_150th_newport,bellevue_150th_newport:228996,target_estimation,Bellevue_150th_Newport__2017-09-11_01-08-29,data/raw/bellevue_150th_newport/Bellevue_150th_Newport__2017-09-11_01-08-29.mp4,3686,38390,38509,120,data/interim/bellevue_150th_newport/tracks_Bellevue_150th_Newport__2017-09-11_01-08-29.parquet,2d1ee51bebe7b270e578fd33112414e220efe83d44ec83b4d0e0bfb2b77c0f61,True
protocol_pilot_v1,protocol_pilot,available_for_protocol_development,protocol_pilot,151,bellevue_150th_newport,bellevue_150th_newport:393504,target_estimation,Bellevue_150th_Newport__2017-09-11_07-08-31,data/raw/bellevue_150th_newport/Bellevue_150th_Newport__2017-09-11_07-08-31.mp4,49100,77665,77938,274,data/interim/bellevue_150th_newport/tracks_Bellevue_150th_Newport__2017-09-11_07-08-31.parquet,e85f8a20e1191ebe18216bf901ee658d7448123534250d8a4e25b2ec3dd61e0d,True
protocol_pilot_v1,protocol_pilot,available_for_protocol_development,protocol_pilot,152,bellevue_150th_newport,bellevue_150th_newport:215575,target_estimation,Bellevue_150th_Newport__2017-09-11_00-08-29,data/raw/bellevue_150th_newport/Bellevue_150th_Newport__2017-09-11_00-08-29.mp4,766,8148,8414,267,data/interim/bellevue_150th_newport/tracks_Bellevue_150th_Newport__2017-09-11_00-08-29.parquet,a7edc5854c4b3d28b7f7dab7242e8feddab0d675405da66a8b1e25be2fd3a0eb,True
protocol_pilot_v1,protocol_pilot,available_for_protocol_development,protocol_pilot,153,bellevue_150th_newport,bellevue_150th_newport:249095,target_estimation,Bellevue_150th_Newport__2017-09-11_03-08-29,data/raw/bellevue_150th_newport/Bellevue_150th_Newport__2017-09-11_03-08-29.mp4,4773,52568,53156,589,data/interim/bellevue_150th_newport/tracks_Bellevue_150th_Newport__2017-09-11_03-08-29.parquet,d50f7fa0a6bd7e46434b1939f77a7278d434b8c7ced349450f21f04e375b5d61,True
protocol_pilot_v1,protocol_pilot,available_for_protocol_development,protocol_pilot,154,bellevue_150th_newport,bellevue_150th_newport:129884,target_estimation,Bellevue_150th_Newport__2017-09-10_20-08-25,data/raw/bellevue_150th_newport/Bellevue_150th_Newport__2017-09-10_20-08-25.mp4,3217,7734,7894,161,data/interim/bellevue_150th_newport/tracks_Bellevue_150th_Newport__2017-09-10_20-08-25.parquet,140d567ff3aadadd18303be27f8ed367bd196e55fca75882127f2215a5d48478,True
protocol_pilot_v1,protocol_pilot,available_for_protocol_development,protocol_pilot,155,bellevue_150th_newport,bellevue_150th_newport:275972,target_estimation,Bellevue_150th_Newport__2017-09-11_05-08-29,data/raw/bellevue_150th_newport/Bellevue_150th_Newport__2017-09-11_05-08-29.mp4,11523,82006,82127,122,data/interim/bellevue_150th_newport/tracks_Bellevue_150th_Newport__2017-09-11_05-08-29.parquet,878d22f41b39acce82f062ea825b396b49ab6fd68d48a72c7af90a1b9a275730,True
protocol_pilot_v1,protocol_pilot,available_for_protocol_development,protocol_pilot,156,bellevue_150th_newport,bellevue_150th_newport:263824,target_estimation,Bellevue_150th_Newport__2017-09-11_04-08-29,data/raw/bellevue_150th_newport/Bellevue_150th_Newport__2017-09-11_04-08-29.mp4,9622,101679,101897,219,data/interim/bellevue_150th_newport/tracks_Bellevue_150th_Newport__2017-09-11_04-08-29.parquet,c557eb0fb1a290a265fe6758d74f536543ae33a20c46e14ecc8fb35e2b4c2ae3,True
protocol_pilot_v1,protocol_pilot,available_for_protocol_development,protocol_pilot,157,bellevue_150th_newport,bellevue_150th_newport:83014,target_estimation,Bellevue_150th_Newport__2017-09-10_19-08-24,data/raw/bellevue_150th_newport/Bellevue_150th_Newport__2017-09-10_19-08-24.mp4,20831,37102,37297,196,data/interim/bellevue_150th_newport/tracks_Bellevue_150th_Newport__2017-09-10_19-08-24.parquet,6d69506aeebbd30877a04f7867c6c0a170d614c317d6a5e8d29c4586102344ad,True
protocol_pilot_v1,protocol_pilot,available_for_protocol_development,protocol_pilot,158,bellevue_150th_newport,bellevue_150th_newport:285090,target_estimation,Bellevue_150th_Newport__2017-09-11_06-08-30,data/raw/bellevue_150th_newport/Bellevue_150th_Newport__2017-09-11_06-08-30.mp4,3612,10762,11373,612,data/interim/bellevue_150th_newport/tracks_Bellevue_150th_Newport__2017-09-11_06-08-30.parquet,55b62238aa8fe63033becd1022859631887675f09564d44397397c3b4c935025,True
protocol_pilot_v1,protocol_pilot,available_for_protocol_development,protocol_pilot,159,bellevue_150th_newport,bellevue_150th_newport:208758,target_estimation,Bellevue_150th_Newport__2017-09-10_23-08-29,data/raw/bellevue_150th_newport/Bellevue_150th_Newport__2017-09-10_23-08-29.mp4,7355,57727,57800,74,data/interim/bellevue_150th_newport/tracks_Bellevue_150th_Newport__2017-09-10_23-08-29.parquet,c140cc9d3b2dfb4cdca6dfd297350767d6683c761b01472d11f666b95b9e6129,True
protocol_pilot_v1,protocol_pilot,available_for_protocol_development,protocol_pilot,160,bellevue_150th_newport,bellevue_150th_newport:43726,target_estimation,Bellevue_150th_Newport__2017-09-10_18-08-24,data/raw/bellevue_150th_newport/Bellevue_150th_Newport__2017-09-10_18-08-24.mp4,43726,78376,78745,370,data/interim/bellevue_150th_newport/tracks_Bellevue_150th_Newport__2017-09-10_18-08-24.parquet,6c4b061efc692cd8f4772c96e7f37d7fc29d2cc41212f38f1d51dbf54daaf67e,True
protocol_pilot_v1,protocol_pilot,available_for_protocol_development,protocol_pilot,161,bellevue_150th_newport,bellevue_150th_newport:170815,target_estimation,Bellevue_150th_Newport__2017-09-10_21-08-28,data/raw/bellevue_150th_newport/Bellevue_150th_Newport__2017-09-10_21-08-28.mp4,8908,39861,40148,288,data/interim/bellevue_150th_newport/tracks_Bellevue_150th_Newport__2017-09-10_21-08-28.parquet,d73bc30993214f3734ffc07c52b16becc04c3ba308a117d5d5068b61a81cf400,True
protocol_pilot_v1,protocol_pilot,available_for_protocol_development,protocol_pilot,162,bellevue_150th_newport,bellevue_150th_newport:190979,target_estimation,Bellevue_150th_Newport__2017-09-10_22-08-28,data/raw/bellevue_150th_newport/Bellevue_150th_Newport__2017-09-10_22-08-28.mp4,5231,27788,27862,75,data/interim/bellevue_150th_newport/tracks_Bellevue_150th_Newport__2017-09-10_22-08-28.parquet,ce7b06f65720f2898403af4d7b70ec5e2f2f3d2377bc1f7e384c0391e9256aa8,True
protocol_pilot_v1,protocol_pilot,available_for_protocol_development,protocol_pilot,163,bellevue_150th_newport,bellevue_150th_newport:233081,target_estimation,Bellevue_150th_Newport__2017-09-11_01-08-29,data/raw/bellevue_150th_newport/Bellevue_150th_Newport__2017-09-11_01-08-29.mp4,7771,83874,83961,88,data/interim/bellevue_150th_newport/tracks_Bellevue_150th_Newport__2017-09-11_01-08-29.parquet,2d1ee51bebe7b270e578fd33112414e220efe83d44ec83b4d0e0bfb2b77c0f61,True
protocol_pilot_v1,protocol_pilot,available_for_protocol_development,protocol_pilot,164,bellevue_150th_newport,bellevue_150th_newport:374673,target_estimation,Bellevue_150th_Newport__2017-09-11_07-08-31,data/raw/bellevue_150th_newport/Bellevue_150th_Newport__2017-09-11_07-08-31.mp4,30269,51574,52023,450,data/interim/bellevue_150th_newport/tracks_Bellevue_150th_Newport__2017-09-11_07-08-31.parquet,e85f8a20e1191ebe18216bf901ee658d7448123534250d8a4e25b2ec3dd61e0d,True
protocol_pilot_v1,protocol_pilot,available_for_protocol_development,protocol_pilot,165,bellevue_150th_newport,bellevue_150th_newport:222631,target_estimation,Bellevue_150th_Newport__2017-09-11_00-08-29,data/raw/bellevue_150th_newport/Bellevue_150th_Newport__2017-09-11_00-08-29.mp4,7822,82509,82588,80,data/interim/bellevue_150th_newport/tracks_Bellevue_150th_Newport__2017-09-11_00-08-29.parquet,a7edc5854c4b3d28b7f7dab7242e8feddab0d675405da66a8b1e25be2fd3a0eb,True
protocol_pilot_v1,protocol_pilot,available_for_protocol_development,protocol_pilot,166,bellevue_150th_newport,bellevue_150th_newport:249927,target_estimation,Bellevue_150th_Newport__2017-09-11_03-08-29,data/raw/bellevue_150th_newport/Bellevue_150th_Newport__2017-09-11_03-08-29.mp4,5605,60776,61364,589,data/interim/bellevue_150th_newport/tracks_Bellevue_150th_Newport__2017-09-11_03-08-29.parquet,d50f7fa0a6bd7e46434b1939f77a7278d434b8c7ced349450f21f04e375b5d61,True
protocol_pilot_v1,protocol_pilot,available_for_protocol_development,protocol_pilot,167,bellevue_150th_newport,bellevue_150th_newport:157074,target_estimation,Bellevue_150th_Newport__2017-09-10_20-08-25,data/raw/bellevue_150th_newport/Bellevue_150th_Newport__2017-09-10_20-08-25.mp4,30407,88840,88939,100,data/interim/bellevue_150th_newport/tracks_Bellevue_150th_Newport__2017-09-10_20-08-25.parquet,140d567ff3aadadd18303be27f8ed367bd196e55fca75882127f2215a5d48478,True
protocol_pilot_v1,protocol_pilot,available_for_protocol_development,protocol_pilot,168,bellevue_150th_newport,bellevue_150th_newport:276859,target_estimation,Bellevue_150th_Newport__2017-09-11_05-08-29,data/raw/bellevue_150th_newport/Bellevue_150th_Newport__2017-09-11_05-08-29.mp4,12410,86999,87155,157,data/interim/bellevue_150th_newport/tracks_Bellevue_150th_Newport__2017-09-11_05-08-29.parquet,878d22f41b39acce82f062ea825b396b49ab6fd68d48a72c7af90a1b9a275730,True
protocol_pilot_v1,protocol_pilot,available_for_protocol_development,protocol_pilot,169,bellevue_150th_newport,bellevue_150th_newport:255878,target_estimation,Bellevue_150th_Newport__2017-09-11_04-08-29,data/raw/bellevue_150th_newport/Bellevue_150th_Newport__2017-09-11_04-08-29.mp4,1676,19072,19122,51,data/interim/bellevue_150th_newport/tracks_Bellevue_150th_Newport__2017-09-11_04-08-29.parquet,c557eb0fb1a290a265fe6758d74f536543ae33a20c46e14ecc8fb35e2b4c2ae3,True
protocol_pilot_v1,protocol_pilot,available_for_protocol_development,protocol_pilot,170,bellevue_150th_newport,bellevue_150th_newport:92586,target_estimation,Bellevue_150th_Newport__2017-09-10_19-08-24,data/raw/bellevue_150th_newport/Bellevue_150th_Newport__2017-09-10_19-08-24.mp4,30403,51652,52028,377,data/interim/bellevue_150th_newport/tracks_Bellevue_150th_Newport__2017-09-10_19-08-24.parquet,6d69506aeebbd30877a04f7867c6c0a170d614c317d6a5e8d29c4586102344ad,True
protocol_pilot_v1,protocol_pilot,available_for_protocol_development,protocol_pilot,171,bellevue_150th_newport,bellevue_150th_newport:287910,target_estimation,Bellevue_150th_Newport__2017-09-11_06-08-30,data/raw/bellevue_150th_newport/Bellevue_150th_Newport__2017-09-11_06-08-30.mp4,6432,16997,17281,285,data/interim/bellevue_150th_newport/tracks_Bellevue_150th_Newport__2017-09-11_06-08-30.parquet,55b62238aa8fe63033becd1022859631887675f09564d44397397c3b4c935025,True
protocol_pilot_v1,protocol_pilot,available_for_protocol_development,protocol_pilot,172,bellevue_150th_newport,bellevue_150th_newport:209139,target_estimation,Bellevue_150th_Newport__2017-09-10_23-08-29,data/raw/bellevue_150th_newport/Bellevue_150th_Newport__2017-09-10_23-08-29.mp4,7736,60102,60365,264,data/interim/bellevue_150th_newport/tracks_Bellevue_150th_Newport__2017-09-10_23-08-29.parquet,c140cc9d3b2dfb4cdca6dfd297350767d6683c761b01472d11f666b95b9e6129,True
protocol_pilot_v1,protocol_pilot,available_for_protocol_development,protocol_pilot,173,bellevue_150th_newport,bellevue_150th_newport:45357,target_estimation,Bellevue_150th_Newport__2017-09-10_18-08-24,data/raw/bellevue_150th_newport/Bellevue_150th_Newport__2017-09-10_18-08-24.mp4,45357,81041,81238,198,data/interim/bellevue_150th_newport/tracks_Bellevue_150th_Newport__2017-09-10_18-08-24.parquet,6c4b061efc692cd8f4772c96e7f37d7fc29d2cc41212f38f1d51dbf54daaf67e,True
protocol_pilot_v1,protocol_pilot,available_for_protocol_development,protocol_pilot,174,bellevue_150th_newport,bellevue_150th_newport:176054,target_estimation,Bellevue_150th_Newport__2017-09-10_21-08-28,data/raw/bellevue_150th_newport/Bellevue_150th_Newport__2017-09-10_21-08-28.mp4,14147,62526,62638,113,data/interim/bellevue_150th_newport/tracks_Bellevue_150th_Newport__2017-09-10_21-08-28.parquet,d73bc30993214f3734ffc07c52b16becc04c3ba308a117d5d5068b61a81cf400,True
protocol_pilot_v1,protocol_pilot,available_for_protocol_development,protocol_pilot,175,bellevue_150th_newport,bellevue_150th_newport:197983,target_estimation,Bellevue_150th_Newport__2017-09-10_22-08-28,data/raw/bellevue_150th_newport/Bellevue_150th_Newport__2017-09-10_22-08-28.mp4,12235,80426,80580,155,data/interim/bellevue_150th_newport/tracks_Bellevue_150th_Newport__2017-09-10_22-08-28.parquet,ce7b06f65720f2898403af4d7b70ec5e2f2f3d2377bc1f7e384c0391e9256aa8,True
protocol_pilot_v1,protocol_pilot,available_for_protocol_development,protocol_pilot,176,bellevue_150th_newport,bellevue_150th_newport:227434,target_estimation,Bellevue_150th_Newport__2017-09-11_01-08-29,data/raw/bellevue_150th_newport/Bellevue_150th_Newport__2017-09-11_01-08-29.mp4,2124,22227,22302,76,data/interim/bellevue_150th_newport/tracks_Bellevue_150th_Newport__2017-09-11_01-08-29.parquet,2d1ee51bebe7b270e578fd33112414e220efe83d44ec83b4d0e0bfb2b77c0f61,True
protocol_pilot_v1,protocol_pilot,available_for_protocol_development,protocol_pilot,177,bellevue_150th_newport,bellevue_150th_newport:350306,target_estimation,Bellevue_150th_Newport__2017-09-11_07-08-31,data/raw/bellevue_150th_newport/Bellevue_150th_Newport__2017-09-11_07-08-31.mp4,5902,10527,10815,289,data/interim/bellevue_150th_newport/tracks_Bellevue_150th_Newport__2017-09-11_07-08-31.parquet,e85f8a20e1191ebe18216bf901ee658d7448123534250d8a4e25b2ec3dd61e0d,True
protocol_pilot_v1,protocol_pilot,available_for_protocol_development,protocol_pilot,178,bellevue_150th_newport,bellevue_150th_newport:222433,target_estimation,Bellevue_150th_Newport__2017-09-11_00-08-29,data/raw/bellevue_150th_newport/Bellevue_150th_Newport__2017-09-11_00-08-29.mp4,7624,81342,81839,498,data/interim/bellevue_150th_newport/tracks_Bellevue_150th_Newport__2017-09-11_00-08-29.parquet,a7edc5854c4b3d28b7f7dab7242e8feddab0d675405da66a8b1e25be2fd3a0eb,True
protocol_pilot_v1,protocol_pilot,available_for_protocol_development,protocol_pilot,179,bellevue_150th_newport,bellevue_150th_newport:246593,target_estimation,Bellevue_150th_Newport__2017-09-11_03-08-29,data/raw/bellevue_150th_newport/Bellevue_150th_Newport__2017-09-11_03-08-29.mp4,2271,24519,24658,140,data/interim/bellevue_150th_newport/tracks_Bellevue_150th_Newport__2017-09-11_03-08-29.parquet,d50f7fa0a6bd7e46434b1939f77a7278d434b8c7ced349450f21f04e375b5d61,True
protocol_pilot_v1,protocol_pilot,available_for_protocol_development,protocol_pilot,180,bellevue_150th_newport,bellevue_150th_newport:154378,target_estimation,Bellevue_150th_Newport__2017-09-10_20-08-25,data/raw/bellevue_150th_newport/Bellevue_150th_Newport__2017-09-10_20-08-25.mp4,27711,76081,76205,125,data/interim/bellevue_150th_newport/tracks_Bellevue_150th_Newport__2017-09-10_20-08-25.parquet,140d567ff3aadadd18303be27f8ed367bd196e55fca75882127f2215a5d48478,True
protocol_pilot_v1,protocol_pilot,available_for_protocol_development,protocol_pilot,181,bellevue_150th_newport,bellevue_150th_newport:272637,target_estimation,Bellevue_150th_Newport__2017-09-11_05-08-29,data/raw/bellevue_150th_newport/Bellevue_150th_Newport__2017-09-11_05-08-29.mp4,8188,61404,61648,245,data/interim/bellevue_150th_newport/tracks_Bellevue_150th_Newport__2017-09-11_05-08-29.parquet,878d22f41b39acce82f062ea825b396b49ab6fd68d48a72c7af90a1b9a275730,True
protocol_pilot_v1,protocol_pilot,available_for_protocol_development,protocol_pilot,182,bellevue_150th_newport,bellevue_150th_newport:259488,target_estimation,Bellevue_150th_Newport__2017-09-11_04-08-29,data/raw/bellevue_150th_newport/Bellevue_150th_Newport__2017-09-11_04-08-29.mp4,5286,55210,55532,323,data/interim/bellevue_150th_newport/tracks_Bellevue_150th_Newport__2017-09-11_04-08-29.parquet,c557eb0fb1a290a265fe6758d74f536543ae33a20c46e14ecc8fb35e2b4c2ae3,True
protocol_pilot_v1,protocol_pilot,available_for_protocol_development,protocol_pilot,183,bellevue_150th_newport,bellevue_150th_newport:76329,target_estimation,Bellevue_150th_Newport__2017-09-10_19-08-24,data/raw/bellevue_150th_newport/Bellevue_150th_Newport__2017-09-10_19-08-24.mp4,14146,24545,24861,317,data/interim/bellevue_150th_newport/tracks_Bellevue_150th_Newport__2017-09-10_19-08-24.parquet,6d69506aeebbd30877a04f7867c6c0a170d614c317d6a5e8d29c4586102344ad,True
protocol_pilot_v1,protocol_pilot,available_for_protocol_development,protocol_pilot,184,bellevue_150th_newport,bellevue_150th_newport:292078,target_estimation,Bellevue_150th_Newport__2017-09-11_06-08-30,data/raw/bellevue_150th_newport/Bellevue_150th_Newport__2017-09-11_06-08-30.mp4,10600,24405,24738,334,data/interim/bellevue_150th_newport/tracks_Bellevue_150th_Newport__2017-09-11_06-08-30.parquet,55b62238aa8fe63033becd1022859631887675f09564d44397397c3b4c935025,True
protocol_pilot_v1,protocol_pilot,available_for_protocol_development,protocol_pilot,185,bellevue_150th_newport,bellevue_150th_newport:202579,target_estimation,Bellevue_150th_Newport__2017-09-10_23-08-29,data/raw/bellevue_150th_newport/Bellevue_150th_Newport__2017-09-10_23-08-29.mp4,1176,5905,6035,131,data/interim/bellevue_150th_newport/tracks_Bellevue_150th_Newport__2017-09-10_23-08-29.parquet,c140cc9d3b2dfb4cdca6dfd297350767d6683c761b01472d11f666b95b9e6129,True
protocol_pilot_v1,protocol_pilot,available_for_protocol_development,protocol_pilot,186,bellevue_150th_newport,bellevue_150th_newport:50863,target_estimation,Bellevue_150th_Newport__2017-09-10_18-08-24,data/raw/bellevue_150th_newport/Bellevue_150th_Newport__2017-09-10_18-08-24.mp4,50863,89904,90479,576,data/interim/bellevue_150th_newport/tracks_Bellevue_150th_Newport__2017-09-10_18-08-24.parquet,6c4b061efc692cd8f4772c96e7f37d7fc29d2cc41212f38f1d51dbf54daaf67e,True
protocol_pilot_v1,protocol_pilot,available_for_protocol_development,protocol_pilot,187,bellevue_150th_newport,bellevue_150th_newport:166640,target_estimation,Bellevue_150th_Newport__2017-09-10_21-08-28,data/raw/bellevue_150th_newport/Bellevue_150th_Newport__2017-09-10_21-08-28.mp4,4733,18536,18953,418,data/interim/bellevue_150th_newport/tracks_Bellevue_150th_Newport__2017-09-10_21-08-28.parquet,d73bc30993214f3734ffc07c52b16becc04c3ba308a117d5d5068b61a81cf400,True
protocol_pilot_v1,protocol_pilot,available_for_protocol_development,protocol_pilot,188,bellevue_150th_newport,bellevue_150th_newport:194267,target_estimation,Bellevue_150th_Newport__2017-09-10_22-08-28,data/raw/bellevue_150th_newport/Bellevue_150th_Newport__2017-09-10_22-08-28.mp4,8519,52993,53089,97,data/interim/bellevue_150th_newport/tracks_Bellevue_150th_Newport__2017-09-10_22-08-28.parquet,ce7b06f65720f2898403af4d7b70ec5e2f2f3d2377bc1f7e384c0391e9256aa8,True
protocol_pilot_v1,protocol_pilot,available_for_protocol_development,protocol_pilot,189,bellevue_150th_newport,bellevue_150th_newport:230993,target_estimation,Bellevue_150th_Newport__2017-09-11_01-08-29,data/raw/bellevue_150th_newport/Bellevue_150th_Newport__2017-09-11_01-08-29.mp4,5683,60662,60732,71,data/interim/bellevue_150th_newport/tracks_Bellevue_150th_Newport__2017-09-11_01-08-29.parquet,2d1ee51bebe7b270e578fd33112414e220efe83d44ec83b4d0e0bfb2b77c0f61,True
protocol_pilot_v1,protocol_pilot,available_for_protocol_development,protocol_pilot,190,bellevue_150th_newport,bellevue_150th_newport:374979,target_estimation,Bellevue_150th_Newport__2017-09-11_07-08-31,data/raw/bellevue_150th_newport/Bellevue_150th_Newport__2017-09-11_07-08-31.mp4,30575,51983,52351,369,data/interim/bellevue_150th_newport/tracks_Bellevue_150th_Newport__2017-09-11_07-08-31.parquet,e85f8a20e1191ebe18216bf901ee658d7448123534250d8a4e25b2ec3dd61e0d,True
protocol_pilot_v1,protocol_pilot,available_for_protocol_development,protocol_pilot,191,bellevue_150th_newport,bellevue_150th_newport:217703,target_estimation,Bellevue_150th_Newport__2017-09-11_00-08-29,data/raw/bellevue_150th_newport/Bellevue_150th_Newport__2017-09-11_00-08-29.mp4,2894,30296,30408,113,data/interim/bellevue_150th_newport/tracks_Bellevue_150th_Newport__2017-09-11_00-08-29.parquet,a7edc5854c4b3d28b7f7dab7242e8feddab0d675405da66a8b1e25be2fd3a0eb,True
protocol_pilot_v1,protocol_pilot,available_for_protocol_development,protocol_pilot,192,bellevue_150th_newport,bellevue_150th_newport:252939,target_estimation,Bellevue_150th_Newport__2017-09-11_03-08-29,data/raw/bellevue_150th_newport/Bellevue_150th_Newport__2017-09-11_03-08-29.mp4,8617,94168,94358,191,data/interim/bellevue_150th_newport/tracks_Bellevue_150th_Newport__2017-09-11_03-08-29.parquet,d50f7fa0a6bd7e46434b1939f77a7278d434b8c7ced349450f21f04e375b5d61,True
protocol_pilot_v1,protocol_pilot,available_for_protocol_development,protocol_pilot,193,bellevue_150th_newport,bellevue_150th_newport:149996,target_estimation,Bellevue_150th_Newport__2017-09-10_20-08-25,data/raw/bellevue_150th_newport/Bellevue_150th_Newport__2017-09-10_20-08-25.mp4,23329,64395,64486,92,data/interim/bellevue_150th_newport/tracks_Bellevue_150th_Newport__2017-09-10_20-08-25.parquet,140d567ff3aadadd18303be27f8ed367bd196e55fca75882127f2215a5d48478,True
protocol_pilot_v1,protocol_pilot,available_for_protocol_development,protocol_pilot,194,bellevue_150th_newport,bellevue_150th_newport:273954,target_estimation,Bellevue_150th_Newport__2017-09-11_05-08-29,data/raw/bellevue_150th_newport/Bellevue_150th_Newport__2017-09-11_05-08-29.mp4,9505,70653,70846,194,data/interim/bellevue_150th_newport/tracks_Bellevue_150th_Newport__2017-09-11_05-08-29.parquet,878d22f41b39acce82f062ea825b396b49ab6fd68d48a72c7af90a1b9a275730,True
protocol_pilot_v1,protocol_pilot,available_for_protocol_development,protocol_pilot,195,bellevue_150th_newport,bellevue_150th_newport:257797,target_estimation,Bellevue_150th_Newport__2017-09-11_04-08-29,data/raw/bellevue_150th_newport/Bellevue_150th_Newport__2017-09-11_04-08-29.mp4,3595,38293,38341,49,data/interim/bellevue_150th_newport/tracks_Bellevue_150th_Newport__2017-09-11_04-08-29.parquet,c557eb0fb1a290a265fe6758d74f536543ae33a20c46e14ecc8fb35e2b4c2ae3,True
protocol_pilot_v1,protocol_pilot,available_for_protocol_development,protocol_pilot,196,bellevue_150th_newport,bellevue_150th_newport:124638,target_estimation,Bellevue_150th_Newport__2017-09-10_19-08-24,data/raw/bellevue_150th_newport/Bellevue_150th_Newport__2017-09-10_19-08-24.mp4,62455,103159,103330,172,data/interim/bellevue_150th_newport/tracks_Bellevue_150th_Newport__2017-09-10_19-08-24.parquet,6d69506aeebbd30877a04f7867c6c0a170d614c317d6a5e8d29c4586102344ad,True
protocol_pilot_v1,protocol_pilot,available_for_protocol_development,protocol_pilot,197,bellevue_150th_newport,bellevue_150th_newport:339371,target_estimation,Bellevue_150th_Newport__2017-09-11_06-08-30,data/raw/bellevue_150th_newport/Bellevue_150th_Newport__2017-09-11_06-08-30.mp4,57893,100611,100847,237,data/interim/bellevue_150th_newport/tracks_Bellevue_150th_Newport__2017-09-11_06-08-30.parquet,55b62238aa8fe63033becd1022859631887675f09564d44397397c3b4c935025,True
protocol_pilot_v1,protocol_pilot,available_for_protocol_development,protocol_pilot,198,bellevue_150th_newport,bellevue_150th_newport:208861,target_estimation,Bellevue_150th_Newport__2017-09-10_23-08-29,data/raw/bellevue_150th_newport/Bellevue_150th_Newport__2017-09-10_23-08-29.mp4,7458,58826,58931,106,data/interim/bellevue_150th_newport/tracks_Bellevue_150th_Newport__2017-09-10_23-08-29.parquet,c140cc9d3b2dfb4cdca6dfd297350767d6683c761b01472d11f666b95b9e6129,True
protocol_pilot_v1,protocol_pilot,available_for_protocol_development,protocol_pilot,199,bellevue_150th_newport,bellevue_150th_newport:1094,target_estimation,Bellevue_150th_Newport__2017-09-10_18-08-24,data/raw/bellevue_150th_newport/Bellevue_150th_Newport__2017-09-10_18-08-24.mp4,1094,2922,3064,143,data/interim/bellevue_150th_newport/tracks_Bellevue_150th_Newport__2017-09-10_18-08-24.parquet,6c4b061efc692cd8f4772c96e7f37d7fc29d2cc41212f38f1d51dbf54daaf67e,True
protocol_pilot_v1,protocol_pilot,available_for_protocol_development,protocol_pilot,200,bellevue_150th_newport,bellevue_150th_newport:167868,target_estimation,Bellevue_150th_Newport__2017-09-10_21-08-28,data/raw/bellevue_150th_newport/Bellevue_150th_Newport__2017-09-10_21-08-28.mp4,5961,25409,26012,604,data/interim/bellevue_150th_newport/tracks_Bellevue_150th_Newport__2017-09-10_21-08-28.parquet,d73bc30993214f3734ffc07c52b16becc04c3ba308a117d5d5068b61a81cf400,True
protocol_pilot_v1,protocol_pilot,available_for_protocol_development,protocol_pilot,201,bellevue_150th_eastgate,bellevue_150th_eastgate:331391,target_estimation,Bellevue_150th_Eastgate__2017-09-11_00-08-29,data/raw/bellevue_150th_eastgate/Bellevue_150th_Eastgate__2017-09-11_00-08-29.mp4,1831,5959,6147,189,data/interim/bellevue_150th_eastgate/tracks_Bellevue_150th_Eastgate__2017-09-11_00-08-29.parquet,7962c8623350ba1a7f04a25cea7452bdd1e1fd2585149550260b1bd3f0bbe7f6,True
protocol_pilot_v1,protocol_pilot,available_for_protocol_development,protocol_pilot,202,bellevue_150th_eastgate,bellevue_150th_eastgate:411602,target_estimation,Bellevue_150th_Eastgate__2017-09-11_02-08-29,data/raw/bellevue_150th_eastgate/Bellevue_150th_Eastgate__2017-09-11_02-08-29.mp4,19957,72220,72346,127,data/interim/bellevue_150th_eastgate/tracks_Bellevue_150th_Eastgate__2017-09-11_02-08-29.parquet,c007befe03a8daa793d8a9b55c4a229c0d1f671404ad1087ea08695929f6641c,True
protocol_pilot_v1,protocol_pilot,available_for_protocol_development,protocol_pilot,203,bellevue_150th_eastgate,bellevue_150th_eastgate:383476,target_estimation,Bellevue_150th_Eastgate__2017-09-11_01-08-29,data/raw/bellevue_150th_eastgate/Bellevue_150th_Eastgate__2017-09-11_01-08-29.mp4,21042,68844,69285,442,data/interim/bellevue_150th_eastgate/tracks_Bellevue_150th_Eastgate__2017-09-11_01-08-29.parquet,03f29eba8ca1369c7352c65497a5fd006bcf823c2997a3e750434260b83e2159,True
protocol_pilot_v1,protocol_pilot,available_for_protocol_development,protocol_pilot,204,bellevue_150th_eastgate,bellevue_150th_eastgate:288982,target_estimation,Bellevue_150th_Eastgate__2017-09-10_22-08-28,data/raw/bellevue_150th_eastgate/Bellevue_150th_Eastgate__2017-09-10_22-08-28.mp4,38562,95399,95541,143,data/interim/bellevue_150th_eastgate/tracks_Bellevue_150th_Eastgate__2017-09-10_22-08-28.parquet,c144bbe5d8d0220df34bab8e5ccc6d00c520b0ea96ba467c137a7edd38b3c387,True
protocol_pilot_v1,protocol_pilot,available_for_protocol_development,protocol_pilot,205,bellevue_150th_eastgate,bellevue_150th_eastgate:68776,target_estimation,Bellevue_150th_Eastgate__2017-09-10_19-08-25,data/raw/bellevue_150th_eastgate/Bellevue_150th_Eastgate__2017-09-10_19-08-25.mp4,154,248,953,706,data/interim/bellevue_150th_eastgate/tracks_Bellevue_150th_Eastgate__2017-09-10_19-08-25.parquet,1b91b8fdb3a5f7f5bcbd4b055cba1040a3419bec5f33c23ca3fc0bc21900e00c,True
protocol_pilot_v1,protocol_pilot,available_for_protocol_development,protocol_pilot,206,bellevue_150th_eastgate,bellevue_150th_eastgate:222912,target_estimation,Bellevue_150th_Eastgate__2017-09-10_21-08-28,data/raw/bellevue_150th_eastgate/Bellevue_150th_Eastgate__2017-09-10_21-08-28.mp4,28075,54166,54303,138,data/interim/bellevue_150th_eastgate/tracks_Bellevue_150th_Eastgate__2017-09-10_21-08-28.parquet,5f839f830624624088aadbb263be7e301694e14c53345322d93953405e3ee7ed,True
protocol_pilot_v1,protocol_pilot,available_for_protocol_development,protocol_pilot,207,bellevue_150th_eastgate,bellevue_150th_eastgate:489037,target_estimation,Bellevue_150th_Eastgate__2017-09-11_04-08-29,data/raw/bellevue_150th_eastgate/Bellevue_150th_Eastgate__2017-09-11_04-08-29.mp4,33093,84828,85015,188,data/interim/bellevue_150th_eastgate/tracks_Bellevue_150th_Eastgate__2017-09-11_04-08-29.parquet,0eb007751f85fd7de5e9b8d2ae07faebd29562dd4ab6094e1e13071b4c9b575f,True
protocol_pilot_v1,protocol_pilot,available_for_protocol_development,protocol_pilot,208,bellevue_150th_eastgate,bellevue_150th_eastgate:430433,target_estimation,Bellevue_150th_Eastgate__2017-09-11_03-08-30,data/raw/bellevue_150th_eastgate/Bellevue_150th_Eastgate__2017-09-11_03-08-30.mp4,9054,32312,32490,179,data/interim/bellevue_150th_eastgate/tracks_Bellevue_150th_Eastgate__2017-09-11_03-08-30.parquet,98865d4c6cc1e64ebb838259476f06928c02c65942dd2ba098c371395ef5e77d,True
protocol_pilot_v1,protocol_pilot,available_for_protocol_development,protocol_pilot,209,bellevue_150th_eastgate,bellevue_150th_eastgate:584084,target_estimation,Bellevue_150th_Eastgate__2017-09-11_06-08-30,data/raw/bellevue_150th_eastgate/Bellevue_150th_Eastgate__2017-09-11_06-08-30.mp4,30945,37171,37374,204,data/interim/bellevue_150th_eastgate/tracks_Bellevue_150th_Eastgate__2017-09-11_06-08-30.parquet,a08e3b826e33870e283435c8f7fec2f4044ba58ab642e8a411163eb8f4206ac4,True
protocol_pilot_v1,protocol_pilot,available_for_protocol_development,protocol_pilot,210,bellevue_150th_eastgate,bellevue_150th_eastgate:726380,target_estimation,Bellevue_150th_Eastgate__2017-09-11_07-08-31,data/raw/bellevue_150th_eastgate/Bellevue_150th_Eastgate__2017-09-11_07-08-31.mp4,82466,106909,107027,119,data/interim/bellevue_150th_eastgate/tracks_Bellevue_150th_Eastgate__2017-09-11_07-08-31.parquet,135e16ba4797365ed168a2fd0b393e9b1892a97af6996599b341492f7c3df771,True
protocol_pilot_v1,protocol_pilot,available_for_protocol_development,protocol_pilot,211,bellevue_150th_eastgate,bellevue_150th_eastgate:317043,target_estimation,Bellevue_150th_Eastgate__2017-09-10_23-08-29,data/raw/bellevue_150th_eastgate/Bellevue_150th_Eastgate__2017-09-10_23-08-29.mp4,23620,69649,69759,111,data/interim/bellevue_150th_eastgate/tracks_Bellevue_150th_Eastgate__2017-09-10_23-08-29.parquet,a159827ee97ac3d070f83fc3cfc9b58bca48ce7cfb488f4aa643b807347ca6ad,True
protocol_pilot_v1,protocol_pilot,available_for_protocol_development,protocol_pilot,212,bellevue_150th_eastgate,bellevue_150th_eastgate:44411,target_estimation,Bellevue_150th_Eastgate__2017-09-10_18-08-24,data/raw/bellevue_150th_eastgate/Bellevue_150th_Eastgate__2017-09-10_18-08-24.mp4,44411,69713,69917,205,data/interim/bellevue_150th_eastgate/tracks_Bellevue_150th_Eastgate__2017-09-10_18-08-24.parquet,a5851be8fb6e11ebcc4d0db87b3abd9cc821a837f4107a27b24c495539a9ad20,True
protocol_pilot_v1,protocol_pilot,available_for_protocol_development,protocol_pilot,213,bellevue_150th_eastgate,bellevue_150th_eastgate:135690,target_estimation,Bellevue_150th_Eastgate__2017-09-10_20-08-25,data/raw/bellevue_150th_eastgate/Bellevue_150th_Eastgate__2017-09-10_20-08-25.mp4,731,1222,1475,254,data/interim/bellevue_150th_eastgate/tracks_Bellevue_150th_Eastgate__2017-09-10_20-08-25.parquet,98223fe48b4485b0d5207516b8df6939a9408530976c4b2354f8f45f9a171b56,True
protocol_pilot_v1,protocol_pilot,available_for_protocol_development,protocol_pilot,214,bellevue_150th_eastgate,bellevue_150th_eastgate:546638,target_estimation,Bellevue_150th_Eastgate__2017-09-11_05-08-30,data/raw/bellevue_150th_eastgate/Bellevue_150th_Eastgate__2017-09-11_05-08-30.mp4,47877,95048,95157,110,data/interim/bellevue_150th_eastgate/tracks_Bellevue_150th_Eastgate__2017-09-11_05-08-30.parquet,efaaf64874fd5ab557c96f99befb692f6ce6f7d5b4807ddc99cd3baf8300c337,True
protocol_pilot_v1,protocol_pilot,available_for_protocol_development,protocol_pilot,215,bellevue_150th_eastgate,bellevue_150th_eastgate:744523,target_estimation,Bellevue_150th_Eastgate__2017-09-11_08-08-31,data/raw/bellevue_150th_eastgate/Bellevue_150th_Eastgate__2017-09-11_08-08-31.mp4,17345,20406,20739,334,data/interim/bellevue_150th_eastgate/tracks_Bellevue_150th_Eastgate__2017-09-11_08-08-31.parquet,da616472ea735037397fd9e713573c5eea26b05f359c7672e99e077b38cfdff4,True
protocol_pilot_v1,protocol_pilot,available_for_protocol_development,protocol_pilot,216,bellevue_150th_eastgate,bellevue_150th_eastgate:360083,target_estimation,Bellevue_150th_Eastgate__2017-09-11_00-08-29,data/raw/bellevue_150th_eastgate/Bellevue_150th_Eastgate__2017-09-11_00-08-29.mp4,30523,101088,101637,550,data/interim/bellevue_150th_eastgate/tracks_Bellevue_150th_Eastgate__2017-09-11_00-08-29.parquet,7962c8623350ba1a7f04a25cea7452bdd1e1fd2585149550260b1bd3f0bbe7f6,True
protocol_pilot_v1,protocol_pilot,available_for_protocol_development,protocol_pilot,217,bellevue_150th_eastgate,bellevue_150th_eastgate:406503,target_estimation,Bellevue_150th_Eastgate__2017-09-11_02-08-29,data/raw/bellevue_150th_eastgate/Bellevue_150th_Eastgate__2017-09-11_02-08-29.mp4,14858,53146,53270,125,data/interim/bellevue_150th_eastgate/tracks_Bellevue_150th_Eastgate__2017-09-11_02-08-29.parquet,c007befe03a8daa793d8a9b55c4a229c0d1f671404ad1087ea08695929f6641c,True
protocol_pilot_v1,protocol_pilot,available_for_protocol_development,protocol_pilot,218,bellevue_150th_eastgate,bellevue_150th_eastgate:390125,target_estimation,Bellevue_150th_Eastgate__2017-09-11_01-08-29,data/raw/bellevue_150th_eastgate/Bellevue_150th_Eastgate__2017-09-11_01-08-29.mp4,27691,92168,92708,541,data/interim/bellevue_150th_eastgate/tracks_Bellevue_150th_Eastgate__2017-09-11_01-08-29.parquet,03f29eba8ca1369c7352c65497a5fd006bcf823c2997a3e750434260b83e2159,True
protocol_pilot_v1,protocol_pilot,available_for_protocol_development,protocol_pilot,219,bellevue_150th_eastgate,bellevue_150th_eastgate:268293,target_estimation,Bellevue_150th_Eastgate__2017-09-10_22-08-28,data/raw/bellevue_150th_eastgate/Bellevue_150th_Eastgate__2017-09-10_22-08-28.mp4,17873,41220,41327,108,data/interim/bellevue_150th_eastgate/tracks_Bellevue_150th_Eastgate__2017-09-10_22-08-28.parquet,c144bbe5d8d0220df34bab8e5ccc6d00c520b0ea96ba467c137a7edd38b3c387,True
protocol_pilot_v1,protocol_pilot,available_for_protocol_development,protocol_pilot,220,bellevue_150th_eastgate,bellevue_150th_eastgate:120711,target_estimation,Bellevue_150th_Eastgate__2017-09-10_19-08-25,data/raw/bellevue_150th_eastgate/Bellevue_150th_Eastgate__2017-09-10_19-08-25.mp4,52089,88556,88762,207,data/interim/bellevue_150th_eastgate/tracks_Bellevue_150th_Eastgate__2017-09-10_19-08-25.parquet,1b91b8fdb3a5f7f5bcbd4b055cba1040a3419bec5f33c23ca3fc0bc21900e00c,True
protocol_pilot_v1,protocol_pilot,available_for_protocol_development,protocol_pilot,221,bellevue_150th_eastgate,bellevue_150th_eastgate:223585,target_estimation,Bellevue_150th_Eastgate__2017-09-10_21-08-28,data/raw/bellevue_150th_eastgate/Bellevue_150th_Eastgate__2017-09-10_21-08-28.mp4,28748,55809,56015,207,data/interim/bellevue_150th_eastgate/tracks_Bellevue_150th_Eastgate__2017-09-10_21-08-28.parquet,5f839f830624624088aadbb263be7e301694e14c53345322d93953405e3ee7ed,True
protocol_pilot_v1,protocol_pilot,available_for_protocol_development,protocol_pilot,222,bellevue_150th_eastgate,bellevue_150th_eastgate:462345,target_estimation,Bellevue_150th_Eastgate__2017-09-11_04-08-29,data/raw/bellevue_150th_eastgate/Bellevue_150th_Eastgate__2017-09-11_04-08-29.mp4,6401,17557,17630,74,data/interim/bellevue_150th_eastgate/tracks_Bellevue_150th_Eastgate__2017-09-11_04-08-29.parquet,0eb007751f85fd7de5e9b8d2ae07faebd29562dd4ab6094e1e13071b4c9b575f,True
protocol_pilot_v1,protocol_pilot,available_for_protocol_development,protocol_pilot,223,bellevue_150th_eastgate,bellevue_150th_eastgate:442579,target_estimation,Bellevue_150th_Eastgate__2017-09-11_03-08-30,data/raw/bellevue_150th_eastgate/Bellevue_150th_Eastgate__2017-09-11_03-08-30.mp4,21200,68632,68684,53,data/interim/bellevue_150th_eastgate/tracks_Bellevue_150th_Eastgate__2017-09-11_03-08-30.parquet,98865d4c6cc1e64ebb838259476f06928c02c65942dd2ba098c371395ef5e77d,True
protocol_pilot_v1,protocol_pilot,available_for_protocol_development,protocol_pilot,224,bellevue_150th_eastgate,bellevue_150th_eastgate:572685,target_estimation,Bellevue_150th_Eastgate__2017-09-11_06-08-30,data/raw/bellevue_150th_eastgate/Bellevue_150th_Eastgate__2017-09-11_06-08-30.mp4,19546,25139,25774,636,data/interim/bellevue_150th_eastgate/tracks_Bellevue_150th_Eastgate__2017-09-11_06-08-30.parquet,a08e3b826e33870e283435c8f7fec2f4044ba58ab642e8a411163eb8f4206ac4,True
protocol_pilot_v1,protocol_pilot,available_for_protocol_development,protocol_pilot,225,bellevue_150th_eastgate,bellevue_150th_eastgate:659713,target_estimation,Bellevue_150th_Eastgate__2017-09-11_07-08-31,data/raw/bellevue_150th_eastgate/Bellevue_150th_Eastgate__2017-09-11_07-08-31.mp4,15799,24157,24361,205,data/interim/bellevue_150th_eastgate/tracks_Bellevue_150th_Eastgate__2017-09-11_07-08-31.parquet,135e16ba4797365ed168a2fd0b393e9b1892a97af6996599b341492f7c3df771,True
protocol_pilot_v1,protocol_pilot,available_for_protocol_development,protocol_pilot,226,bellevue_150th_eastgate,bellevue_150th_eastgate:295158,target_estimation,Bellevue_150th_Eastgate__2017-09-10_23-08-29,data/raw/bellevue_150th_eastgate/Bellevue_150th_Eastgate__2017-09-10_23-08-29.mp4,1735,5832,5917,86,data/interim/bellevue_150th_eastgate/tracks_Bellevue_150th_Eastgate__2017-09-10_23-08-29.parquet,a159827ee97ac3d070f83fc3cfc9b58bca48ce7cfb488f4aa643b807347ca6ad,True
protocol_pilot_v1,protocol_pilot,available_for_protocol_development,protocol_pilot,227,bellevue_150th_eastgate,bellevue_150th_eastgate:10220,target_estimation,Bellevue_150th_Eastgate__2017-09-10_18-08-24,data/raw/bellevue_150th_eastgate/Bellevue_150th_Eastgate__2017-09-10_18-08-24.mp4,10220,15719,15937,219,data/interim/bellevue_150th_eastgate/tracks_Bellevue_150th_Eastgate__2017-09-10_18-08-24.parquet,a5851be8fb6e11ebcc4d0db87b3abd9cc821a837f4107a27b24c495539a9ad20,True
protocol_pilot_v1,protocol_pilot,available_for_protocol_development,protocol_pilot,228,bellevue_150th_eastgate,bellevue_150th_eastgate:167736,target_estimation,Bellevue_150th_Eastgate__2017-09-10_20-08-25,data/raw/bellevue_150th_eastgate/Bellevue_150th_Eastgate__2017-09-10_20-08-25.mp4,32777,60599,60681,83,data/interim/bellevue_150th_eastgate/tracks_Bellevue_150th_Eastgate__2017-09-10_20-08-25.parquet,98223fe48b4485b0d5207516b8df6939a9408530976c4b2354f8f45f9a171b56,True
protocol_pilot_v1,protocol_pilot,available_for_protocol_development,protocol_pilot,229,bellevue_150th_eastgate,bellevue_150th_eastgate:519496,target_estimation,Bellevue_150th_Eastgate__2017-09-11_05-08-30,data/raw/bellevue_150th_eastgate/Bellevue_150th_Eastgate__2017-09-11_05-08-30.mp4,20735,45258,45364,107,data/interim/bellevue_150th_eastgate/tracks_Bellevue_150th_Eastgate__2017-09-11_05-08-30.parquet,efaaf64874fd5ab557c96f99befb692f6ce6f7d5b4807ddc99cd3baf8300c337,True
protocol_pilot_v1,protocol_pilot,available_for_protocol_development,protocol_pilot,230,bellevue_150th_eastgate,bellevue_150th_eastgate:781860,target_estimation,Bellevue_150th_Eastgate__2017-09-11_08-08-31,data/raw/bellevue_150th_eastgate/Bellevue_150th_Eastgate__2017-09-11_08-08-31.mp4,54682,57666,57995,330,data/interim/bellevue_150th_eastgate/tracks_Bellevue_150th_Eastgate__2017-09-11_08-08-31.parquet,da616472ea735037397fd9e713573c5eea26b05f359c7672e99e077b38cfdff4,True
protocol_pilot_v1,protocol_pilot,available_for_protocol_development,protocol_pilot,231,bellevue_150th_eastgate,bellevue_150th_eastgate:355143,target_estimation,Bellevue_150th_Eastgate__2017-09-11_00-08-29,data/raw/bellevue_150th_eastgate/Bellevue_150th_Eastgate__2017-09-11_00-08-29.mp4,25583,84499,84641,143,data/interim/bellevue_150th_eastgate/tracks_Bellevue_150th_Eastgate__2017-09-11_00-08-29.parquet,7962c8623350ba1a7f04a25cea7452bdd1e1fd2585149550260b1bd3f0bbe7f6,True
protocol_pilot_v1,protocol_pilot,available_for_protocol_development,protocol_pilot,232,bellevue_150th_eastgate,bellevue_150th_eastgate:420629,target_estimation,Bellevue_150th_Eastgate__2017-09-11_02-08-29,data/raw/bellevue_150th_eastgate/Bellevue_150th_Eastgate__2017-09-11_02-08-29.mp4,28984,105281,105381,101,data/interim/bellevue_150th_eastgate/tracks_Bellevue_150th_Eastgate__2017-09-11_02-08-29.parquet,c007befe03a8daa793d8a9b55c4a229c0d1f671404ad1087ea08695929f6641c,True
protocol_pilot_v1,protocol_pilot,available_for_protocol_development,protocol_pilot,233,bellevue_150th_eastgate,bellevue_150th_eastgate:375009,target_estimation,Bellevue_150th_Eastgate__2017-09-11_01-08-29,data/raw/bellevue_150th_eastgate/Bellevue_150th_Eastgate__2017-09-11_01-08-29.mp4,12575,39882,40391,510,data/interim/bellevue_150th_eastgate/tracks_Bellevue_150th_Eastgate__2017-09-11_01-08-29.parquet,03f29eba8ca1369c7352c65497a5fd006bcf823c2997a3e750434260b83e2159,True
protocol_pilot_v1,protocol_pilot,available_for_protocol_development,protocol_pilot,234,bellevue_150th_eastgate,bellevue_150th_eastgate:250629,target_estimation,Bellevue_150th_Eastgate__2017-09-10_22-08-28,data/raw/bellevue_150th_eastgate/Bellevue_150th_Eastgate__2017-09-10_22-08-28.mp4,209,730,831,102,data/interim/bellevue_150th_eastgate/tracks_Bellevue_150th_Eastgate__2017-09-10_22-08-28.parquet,c144bbe5d8d0220df34bab8e5ccc6d00c520b0ea96ba467c137a7edd38b3c387,True
protocol_pilot_v1,protocol_pilot,available_for_protocol_development,protocol_pilot,235,bellevue_150th_eastgate,bellevue_150th_eastgate:74615,target_estimation,Bellevue_150th_Eastgate__2017-09-10_19-08-25,data/raw/bellevue_150th_eastgate/Bellevue_150th_Eastgate__2017-09-10_19-08-25.mp4,5993,8912,9114,203,data/interim/bellevue_150th_eastgate/tracks_Bellevue_150th_Eastgate__2017-09-10_19-08-25.parquet,1b91b8fdb3a5f7f5bcbd4b055cba1040a3419bec5f33c23ca3fc0bc21900e00c,True
protocol_pilot_v1,protocol_pilot,available_for_protocol_development,protocol_pilot,236,bellevue_150th_eastgate,bellevue_150th_eastgate:246906,target_estimation,Bellevue_150th_Eastgate__2017-09-10_21-08-28,data/raw/bellevue_150th_eastgate/Bellevue_150th_Eastgate__2017-09-10_21-08-28.mp4,52069,101724,102143,420,data/interim/bellevue_150th_eastgate/tracks_Bellevue_150th_Eastgate__2017-09-10_21-08-28.parquet,5f839f830624624088aadbb263be7e301694e14c53345322d93953405e3ee7ed,True
protocol_pilot_v1,protocol_pilot,available_for_protocol_development,protocol_pilot,237,bellevue_150th_eastgate,bellevue_150th_eastgate:477853,target_estimation,Bellevue_150th_Eastgate__2017-09-11_04-08-29,data/raw/bellevue_150th_eastgate/Bellevue_150th_Eastgate__2017-09-11_04-08-29.mp4,21909,58103,58214,112,data/interim/bellevue_150th_eastgate/tracks_Bellevue_150th_Eastgate__2017-09-11_04-08-29.parquet,0eb007751f85fd7de5e9b8d2ae07faebd29562dd4ab6094e1e13071b4c9b575f,True
protocol_pilot_v1,protocol_pilot,available_for_protocol_development,protocol_pilot,238,bellevue_150th_eastgate,bellevue_150th_eastgate:448498,target_estimation,Bellevue_150th_Eastgate__2017-09-11_03-08-30,data/raw/bellevue_150th_eastgate/Bellevue_150th_Eastgate__2017-09-11_03-08-30.mp4,27119,85812,85919,108,data/interim/bellevue_150th_eastgate/tracks_Bellevue_150th_Eastgate__2017-09-11_03-08-30.parquet,98865d4c6cc1e64ebb838259476f06928c02c65942dd2ba098c371395ef5e77d,True
protocol_pilot_v1,protocol_pilot,available_for_protocol_development,protocol_pilot,239,bellevue_150th_eastgate,bellevue_150th_eastgate:608704,target_estimation,Bellevue_150th_Eastgate__2017-09-11_06-08-30,data/raw/bellevue_150th_eastgate/Bellevue_150th_Eastgate__2017-09-11_06-08-30.mp4,55565,64391,64782,392,data/interim/bellevue_150th_eastgate/tracks_Bellevue_150th_Eastgate__2017-09-11_06-08-30.parquet,a08e3b826e33870e283435c8f7fec2f4044ba58ab642e8a411163eb8f4206ac4,True
protocol_pilot_v1,protocol_pilot,available_for_protocol_development,protocol_pilot,240,bellevue_150th_eastgate,bellevue_150th_eastgate:655673,target_estimation,Bellevue_150th_Eastgate__2017-09-11_07-08-31,data/raw/bellevue_150th_eastgate/Bellevue_150th_Eastgate__2017-09-11_07-08-31.mp4,11759,18552,18954,403,data/interim/bellevue_150th_eastgate/tracks_Bellevue_150th_Eastgate__2017-09-11_07-08-31.parquet,135e16ba4797365ed168a2fd0b393e9b1892a97af6996599b341492f7c3df771,True
protocol_pilot_v1,protocol_pilot,available_for_protocol_development,protocol_pilot,241,bellevue_150th_eastgate,bellevue_150th_eastgate:295237,target_estimation,Bellevue_150th_Eastgate__2017-09-10_23-08-29,data/raw/bellevue_150th_eastgate/Bellevue_150th_Eastgate__2017-09-10_23-08-29.mp4,1814,6098,6710,613,data/interim/bellevue_150th_eastgate/tracks_Bellevue_150th_Eastgate__2017-09-10_23-08-29.parquet,a159827ee97ac3d070f83fc3cfc9b58bca48ce7cfb488f4aa643b807347ca6ad,True
protocol_pilot_v1,protocol_pilot,available_for_protocol_development,protocol_pilot,242,bellevue_150th_eastgate,bellevue_150th_eastgate:49906,target_estimation,Bellevue_150th_Eastgate__2017-09-10_18-08-24,data/raw/bellevue_150th_eastgate/Bellevue_150th_Eastgate__2017-09-10_18-08-24.mp4,49906,78866,78999,134,data/interim/bellevue_150th_eastgate/tracks_Bellevue_150th_Eastgate__2017-09-10_18-08-24.parquet,a5851be8fb6e11ebcc4d0db87b3abd9cc821a837f4107a27b24c495539a9ad20,True
protocol_pilot_v1,protocol_pilot,available_for_protocol_development,protocol_pilot,243,bellevue_150th_eastgate,bellevue_150th_eastgate:139806,target_estimation,Bellevue_150th_Eastgate__2017-09-10_20-08-25,data/raw/bellevue_150th_eastgate/Bellevue_150th_Eastgate__2017-09-10_20-08-25.mp4,4847,8185,8491,307,data/interim/bellevue_150th_eastgate/tracks_Bellevue_150th_Eastgate__2017-09-10_20-08-25.parquet,98223fe48b4485b0d5207516b8df6939a9408530976c4b2354f8f45f9a171b56,True
protocol_pilot_v1,protocol_pilot,available_for_protocol_development,protocol_pilot,244,bellevue_150th_eastgate,bellevue_150th_eastgate:516567,target_estimation,Bellevue_150th_Eastgate__2017-09-11_05-08-30,data/raw/bellevue_150th_eastgate/Bellevue_150th_Eastgate__2017-09-11_05-08-30.mp4,17806,39382,39533,152,data/interim/bellevue_150th_eastgate/tracks_Bellevue_150th_Eastgate__2017-09-11_05-08-30.parquet,efaaf64874fd5ab557c96f99befb692f6ce6f7d5b4807ddc99cd3baf8300c337,True
protocol_pilot_v1,protocol_pilot,available_for_protocol_development,protocol_pilot,245,bellevue_150th_eastgate,bellevue_150th_eastgate:816775,target_estimation,Bellevue_150th_Eastgate__2017-09-11_08-08-31,data/raw/bellevue_150th_eastgate/Bellevue_150th_Eastgate__2017-09-11_08-08-31.mp4,89597,90961,91210,250,data/interim/bellevue_150th_eastgate/tracks_Bellevue_150th_Eastgate__2017-09-11_08-08-31.parquet,da616472ea735037397fd9e713573c5eea26b05f359c7672e99e077b38cfdff4,True
protocol_pilot_v1,protocol_pilot,available_for_protocol_development,protocol_pilot,246,bellevue_150th_eastgate,bellevue_150th_eastgate:360458,target_estimation,Bellevue_150th_Eastgate__2017-09-11_00-08-29,data/raw/bellevue_150th_eastgate/Bellevue_150th_Eastgate__2017-09-11_00-08-29.mp4,30898,101825,102494,670,data/interim/bellevue_150th_eastgate/tracks_Bellevue_150th_Eastgate__2017-09-11_00-08-29.parquet,7962c8623350ba1a7f04a25cea7452bdd1e1fd2585149550260b1bd3f0bbe7f6,True
protocol_pilot_v1,protocol_pilot,available_for_protocol_development,protocol_pilot,247,bellevue_150th_eastgate,bellevue_150th_eastgate:412436,target_estimation,Bellevue_150th_Eastgate__2017-09-11_02-08-29,data/raw/bellevue_150th_eastgate/Bellevue_150th_Eastgate__2017-09-11_02-08-29.mp4,20791,75265,75359,95,data/interim/bellevue_150th_eastgate/tracks_Bellevue_150th_Eastgate__2017-09-11_02-08-29.parquet,c007befe03a8daa793d8a9b55c4a229c0d1f671404ad1087ea08695929f6641c,True
protocol_pilot_v1,protocol_pilot,available_for_protocol_development,protocol_pilot,248,bellevue_150th_eastgate,bellevue_150th_eastgate:373064,target_estimation,Bellevue_150th_Eastgate__2017-09-11_01-08-29,data/raw/bellevue_150th_eastgate/Bellevue_150th_Eastgate__2017-09-11_01-08-29.mp4,10630,33290,33458,169,data/interim/bellevue_150th_eastgate/tracks_Bellevue_150th_Eastgate__2017-09-11_01-08-29.parquet,03f29eba8ca1369c7352c65497a5fd006bcf823c2997a3e750434260b83e2159,True
protocol_pilot_v1,protocol_pilot,available_for_protocol_development,protocol_pilot,249,bellevue_150th_eastgate,bellevue_150th_eastgate:255936,target_estimation,Bellevue_150th_Eastgate__2017-09-10_22-08-28,data/raw/bellevue_150th_eastgate/Bellevue_150th_Eastgate__2017-09-10_22-08-28.mp4,5516,12550,12608,59,data/interim/bellevue_150th_eastgate/tracks_Bellevue_150th_Eastgate__2017-09-10_22-08-28.parquet,c144bbe5d8d0220df34bab8e5ccc6d00c520b0ea96ba467c137a7edd38b3c387,True
protocol_pilot_v1,protocol_pilot,available_for_protocol_development,protocol_pilot,250,bellevue_150th_eastgate,bellevue_150th_eastgate:81296,target_estimation,Bellevue_150th_Eastgate__2017-09-10_19-08-25,data/raw/bellevue_150th_eastgate/Bellevue_150th_Eastgate__2017-09-10_19-08-25.mp4,12674,17799,18023,225,data/interim/bellevue_150th_eastgate/tracks_Bellevue_150th_Eastgate__2017-09-10_19-08-25.parquet,1b91b8fdb3a5f7f5bcbd4b055cba1040a3419bec5f33c23ca3fc0bc21900e00c,True
protocol_pilot_v1,protocol_pilot,available_for_protocol_development,protocol_pilot,251,bellevue_150th_eastgate,bellevue_150th_eastgate:211440,target_estimation,Bellevue_150th_Eastgate__2017-09-10_21-08-28,data/raw/bellevue_150th_eastgate/Bellevue_150th_Eastgate__2017-09-10_21-08-28.mp4,16603,32186,32331,146,data/interim/bellevue_150th_eastgate/tracks_Bellevue_150th_Eastgate__2017-09-10_21-08-28.parquet,5f839f830624624088aadbb263be7e301694e14c53345322d93953405e3ee7ed,True
protocol_pilot_v1,protocol_pilot,available_for_protocol_development,protocol_pilot,252,bellevue_150th_eastgate,bellevue_150th_eastgate:475891,target_estimation,Bellevue_150th_Eastgate__2017-09-11_04-08-29,data/raw/bellevue_150th_eastgate/Bellevue_150th_Eastgate__2017-09-11_04-08-29.mp4,19947,53017,53095,79,data/interim/bellevue_150th_eastgate/tracks_Bellevue_150th_Eastgate__2017-09-11_04-08-29.parquet,0eb007751f85fd7de5e9b8d2ae07faebd29562dd4ab6094e1e13071b4c9b575f,True
protocol_pilot_v1,protocol_pilot,available_for_protocol_development,protocol_pilot,253,bellevue_150th_eastgate,bellevue_150th_eastgate:446193,target_estimation,Bellevue_150th_Eastgate__2017-09-11_03-08-30,data/raw/bellevue_150th_eastgate/Bellevue_150th_Eastgate__2017-09-11_03-08-30.mp4,24814,79519,79600,82,data/interim/bellevue_150th_eastgate/tracks_Bellevue_150th_Eastgate__2017-09-11_03-08-30.parquet,98865d4c6cc1e64ebb838259476f06928c02c65942dd2ba098c371395ef5e77d,True
protocol_pilot_v1,protocol_pilot,available_for_protocol_development,protocol_pilot,254,bellevue_150th_eastgate,bellevue_150th_eastgate:630950,target_estimation,Bellevue_150th_Eastgate__2017-09-11_06-08-30,data/raw/bellevue_150th_eastgate/Bellevue_150th_Eastgate__2017-09-11_06-08-30.mp4,77811,88102,88468,367,data/interim/bellevue_150th_eastgate/tracks_Bellevue_150th_Eastgate__2017-09-11_06-08-30.parquet,a08e3b826e33870e283435c8f7fec2f4044ba58ab642e8a411163eb8f4206ac4,True
protocol_pilot_v1,protocol_pilot,available_for_protocol_development,protocol_pilot,255,bellevue_150th_eastgate,bellevue_150th_eastgate:666867,target_estimation,Bellevue_150th_Eastgate__2017-09-11_07-08-31,data/raw/bellevue_150th_eastgate/Bellevue_150th_Eastgate__2017-09-11_07-08-31.mp4,22953,34805,34999,195,data/interim/bellevue_150th_eastgate/tracks_Bellevue_150th_Eastgate__2017-09-11_07-08-31.parquet,135e16ba4797365ed168a2fd0b393e9b1892a97af6996599b341492f7c3df771,True
protocol_pilot_v1,protocol_pilot,available_for_protocol_development,protocol_pilot,256,bellevue_150th_eastgate,bellevue_150th_eastgate:307967,target_estimation,Bellevue_150th_Eastgate__2017-09-10_23-08-29,data/raw/bellevue_150th_eastgate/Bellevue_150th_Eastgate__2017-09-10_23-08-29.mp4,14544,44622,44811,190,data/interim/bellevue_150th_eastgate/tracks_Bellevue_150th_Eastgate__2017-09-10_23-08-29.parquet,a159827ee97ac3d070f83fc3cfc9b58bca48ce7cfb488f4aa643b807347ca6ad,True
protocol_pilot_v1,protocol_pilot,available_for_protocol_development,protocol_pilot,257,bellevue_150th_eastgate,bellevue_150th_eastgate:46028,target_estimation,Bellevue_150th_Eastgate__2017-09-10_18-08-24,data/raw/bellevue_150th_eastgate/Bellevue_150th_Eastgate__2017-09-10_18-08-24.mp4,46028,72417,72693,277,data/interim/bellevue_150th_eastgate/tracks_Bellevue_150th_Eastgate__2017-09-10_18-08-24.parquet,a5851be8fb6e11ebcc4d0db87b3abd9cc821a837f4107a27b24c495539a9ad20,True
protocol_pilot_v1,protocol_pilot,available_for_protocol_development,protocol_pilot,258,bellevue_150th_eastgate,bellevue_150th_eastgate:176779,target_estimation,Bellevue_150th_Eastgate__2017-09-10_20-08-25,data/raw/bellevue_150th_eastgate/Bellevue_150th_Eastgate__2017-09-10_20-08-25.mp4,41820,76323,76538,216,data/interim/bellevue_150th_eastgate/tracks_Bellevue_150th_Eastgate__2017-09-10_20-08-25.parquet,98223fe48b4485b0d5207516b8df6939a9408530976c4b2354f8f45f9a171b56,True
protocol_pilot_v1,protocol_pilot,available_for_protocol_development,protocol_pilot,259,bellevue_150th_eastgate,bellevue_150th_eastgate:512114,target_estimation,Bellevue_150th_Eastgate__2017-09-11_05-08-30,data/raw/bellevue_150th_eastgate/Bellevue_150th_Eastgate__2017-09-11_05-08-30.mp4,13353,30270,30843,574,data/interim/bellevue_150th_eastgate/tracks_Bellevue_150th_Eastgate__2017-09-11_05-08-30.parquet,efaaf64874fd5ab557c96f99befb692f6ce6f7d5b4807ddc99cd3baf8300c337,True
protocol_pilot_v1,protocol_pilot,available_for_protocol_development,protocol_pilot,260,bellevue_150th_eastgate,bellevue_150th_eastgate:802036,target_estimation,Bellevue_150th_Eastgate__2017-09-11_08-08-31,data/raw/bellevue_150th_eastgate/Bellevue_150th_Eastgate__2017-09-11_08-08-31.mp4,74858,77263,77533,271,data/interim/bellevue_150th_eastgate/tracks_Bellevue_150th_Eastgate__2017-09-11_08-08-31.parquet,da616472ea735037397fd9e713573c5eea26b05f359c7672e99e077b38cfdff4,True
protocol_pilot_v1,protocol_pilot,available_for_protocol_development,protocol_pilot,261,bellevue_150th_eastgate,bellevue_150th_eastgate:350229,target_estimation,Bellevue_150th_Eastgate__2017-09-11_00-08-29,data/raw/bellevue_150th_eastgate/Bellevue_150th_Eastgate__2017-09-11_00-08-29.mp4,20669,69470,69597,128,data/interim/bellevue_150th_eastgate/tracks_Bellevue_150th_Eastgate__2017-09-11_00-08-29.parquet,7962c8623350ba1a7f04a25cea7452bdd1e1fd2585149550260b1bd3f0bbe7f6,True
protocol_pilot_v1,protocol_pilot,available_for_protocol_development,protocol_pilot,262,bellevue_150th_eastgate,bellevue_150th_eastgate:419891,target_estimation,Bellevue_150th_Eastgate__2017-09-11_02-08-29,data/raw/bellevue_150th_eastgate/Bellevue_150th_Eastgate__2017-09-11_02-08-29.mp4,28246,102787,102897,111,data/interim/bellevue_150th_eastgate/tracks_Bellevue_150th_Eastgate__2017-09-11_02-08-29.parquet,c007befe03a8daa793d8a9b55c4a229c0d1f671404ad1087ea08695929f6641c,True
protocol_pilot_v1,protocol_pilot,available_for_protocol_development,protocol_pilot,263,bellevue_150th_eastgate,bellevue_150th_eastgate:365589,target_estimation,Bellevue_150th_Eastgate__2017-09-11_01-08-29,data/raw/bellevue_150th_eastgate/Bellevue_150th_Eastgate__2017-09-11_01-08-29.mp4,3155,10665,10794,130,data/interim/bellevue_150th_eastgate/tracks_Bellevue_150th_Eastgate__2017-09-11_01-08-29.parquet,03f29eba8ca1369c7352c65497a5fd006bcf823c2997a3e750434260b83e2159,True
protocol_pilot_v1,protocol_pilot,available_for_protocol_development,protocol_pilot,264,bellevue_150th_eastgate,bellevue_150th_eastgate:275773,target_estimation,Bellevue_150th_Eastgate__2017-09-10_22-08-28,data/raw/bellevue_150th_eastgate/Bellevue_150th_Eastgate__2017-09-10_22-08-28.mp4,25353,60104,60205,102,data/interim/bellevue_150th_eastgate/tracks_Bellevue_150th_Eastgate__2017-09-10_22-08-28.parquet,c144bbe5d8d0220df34bab8e5ccc6d00c520b0ea96ba467c137a7edd38b3c387,True
protocol_pilot_v1,protocol_pilot,available_for_protocol_development,protocol_pilot,265,bellevue_150th_eastgate,bellevue_150th_eastgate:102190,target_estimation,Bellevue_150th_Eastgate__2017-09-10_19-08-25,data/raw/bellevue_150th_eastgate/Bellevue_150th_Eastgate__2017-09-10_19-08-25.mp4,33568,57332,57700,369,data/interim/bellevue_150th_eastgate/tracks_Bellevue_150th_Eastgate__2017-09-10_19-08-25.parquet,1b91b8fdb3a5f7f5bcbd4b055cba1040a3419bec5f33c23ca3fc0bc21900e00c,True
protocol_pilot_v1,protocol_pilot,available_for_protocol_development,protocol_pilot,266,bellevue_150th_eastgate,bellevue_150th_eastgate:241387,target_estimation,Bellevue_150th_Eastgate__2017-09-10_21-08-28,data/raw/bellevue_150th_eastgate/Bellevue_150th_Eastgate__2017-09-10_21-08-28.mp4,46550,91823,92217,395,data/interim/bellevue_150th_eastgate/tracks_Bellevue_150th_Eastgate__2017-09-10_21-08-28.parquet,5f839f830624624088aadbb263be7e301694e14c53345322d93953405e3ee7ed,True
protocol_pilot_v1,protocol_pilot,available_for_protocol_development,protocol_pilot,267,bellevue_150th_eastgate,bellevue_150th_eastgate:497162,target_estimation,Bellevue_150th_Eastgate__2017-09-11_04-08-29,data/raw/bellevue_150th_eastgate/Bellevue_150th_Eastgate__2017-09-11_04-08-29.mp4,41218,104104,104309,206,data/interim/bellevue_150th_eastgate/tracks_Bellevue_150th_Eastgate__2017-09-11_04-08-29.parquet,0eb007751f85fd7de5e9b8d2ae07faebd29562dd4ab6094e1e13071b4c9b575f,True
protocol_pilot_v1,protocol_pilot,available_for_protocol_development,protocol_pilot,268,bellevue_150th_eastgate,bellevue_150th_eastgate:427649,target_estimation,Bellevue_150th_Eastgate__2017-09-11_03-08-30,data/raw/bellevue_150th_eastgate/Bellevue_150th_Eastgate__2017-09-11_03-08-30.mp4,6270,22845,22940,96,data/interim/bellevue_150th_eastgate/tracks_Bellevue_150th_Eastgate__2017-09-11_03-08-30.parquet,98865d4c6cc1e64ebb838259476f06928c02c65942dd2ba098c371395ef5e77d,True
protocol_pilot_v1,protocol_pilot,available_for_protocol_development,protocol_pilot,269,bellevue_150th_eastgate,bellevue_150th_eastgate:606390,target_estimation,Bellevue_150th_Eastgate__2017-09-11_06-08-30,data/raw/bellevue_150th_eastgate/Bellevue_150th_Eastgate__2017-09-11_06-08-30.mp4,53251,61910,62194,285,data/interim/bellevue_150th_eastgate/tracks_Bellevue_150th_Eastgate__2017-09-11_06-08-30.parquet,a08e3b826e33870e283435c8f7fec2f4044ba58ab642e8a411163eb8f4206ac4,True
protocol_pilot_v1,protocol_pilot,available_for_protocol_development,protocol_pilot,270,bellevue_150th_eastgate,bellevue_150th_eastgate:675406,target_estimation,Bellevue_150th_Eastgate__2017-09-11_07-08-31,data/raw/bellevue_150th_eastgate/Bellevue_150th_Eastgate__2017-09-11_07-08-31.mp4,31492,46548,46797,250,data/interim/bellevue_150th_eastgate/tracks_Bellevue_150th_Eastgate__2017-09-11_07-08-31.parquet,135e16ba4797365ed168a2fd0b393e9b1892a97af6996599b341492f7c3df771,True
protocol_pilot_v1,protocol_pilot,available_for_protocol_development,protocol_pilot,271,bellevue_150th_eastgate,bellevue_150th_eastgate:299900,target_estimation,Bellevue_150th_Eastgate__2017-09-10_23-08-29,data/raw/bellevue_150th_eastgate/Bellevue_150th_Eastgate__2017-09-10_23-08-29.mp4,6477,21206,21759,554,data/interim/bellevue_150th_eastgate/tracks_Bellevue_150th_Eastgate__2017-09-10_23-08-29.parquet,a159827ee97ac3d070f83fc3cfc9b58bca48ce7cfb488f4aa643b807347ca6ad,True
protocol_pilot_v1,protocol_pilot,available_for_protocol_development,protocol_pilot,272,bellevue_150th_eastgate,bellevue_150th_eastgate:41735,target_estimation,Bellevue_150th_Eastgate__2017-09-10_18-08-24,data/raw/bellevue_150th_eastgate/Bellevue_150th_Eastgate__2017-09-10_18-08-24.mp4,41735,66731,66967,237,data/interim/bellevue_150th_eastgate/tracks_Bellevue_150th_Eastgate__2017-09-10_18-08-24.parquet,a5851be8fb6e11ebcc4d0db87b3abd9cc821a837f4107a27b24c495539a9ad20,True
protocol_pilot_v1,protocol_pilot,available_for_protocol_development,protocol_pilot,273,bellevue_150th_eastgate,bellevue_150th_eastgate:136735,target_estimation,Bellevue_150th_Eastgate__2017-09-10_20-08-25,data/raw/bellevue_150th_eastgate/Bellevue_150th_Eastgate__2017-09-10_20-08-25.mp4,1776,3243,3517,275,data/interim/bellevue_150th_eastgate/tracks_Bellevue_150th_Eastgate__2017-09-10_20-08-25.parquet,98223fe48b4485b0d5207516b8df6939a9408530976c4b2354f8f45f9a171b56,True
protocol_pilot_v1,protocol_pilot,available_for_protocol_development,protocol_pilot,274,bellevue_150th_eastgate,bellevue_150th_eastgate:529530,target_estimation,Bellevue_150th_Eastgate__2017-09-11_05-08-30,data/raw/bellevue_150th_eastgate/Bellevue_150th_Eastgate__2017-09-11_05-08-30.mp4,30769,64528,64721,194,data/interim/bellevue_150th_eastgate/tracks_Bellevue_150th_Eastgate__2017-09-11_05-08-30.parquet,efaaf64874fd5ab557c96f99befb692f6ce6f7d5b4807ddc99cd3baf8300c337,True
protocol_pilot_v1,protocol_pilot,available_for_protocol_development,protocol_pilot,275,bellevue_150th_eastgate,bellevue_150th_eastgate:749337,target_estimation,Bellevue_150th_Eastgate__2017-09-11_08-08-31,data/raw/bellevue_150th_eastgate/Bellevue_150th_Eastgate__2017-09-11_08-08-31.mp4,22159,25560,25703,144,data/interim/bellevue_150th_eastgate/tracks_Bellevue_150th_Eastgate__2017-09-11_08-08-31.parquet,da616472ea735037397fd9e713573c5eea26b05f359c7672e99e077b38cfdff4,True
protocol_pilot_v1,protocol_pilot,available_for_protocol_development,protocol_pilot,276,bellevue_150th_eastgate,bellevue_150th_eastgate:354274,target_estimation,Bellevue_150th_Eastgate__2017-09-11_00-08-29,data/raw/bellevue_150th_eastgate/Bellevue_150th_Eastgate__2017-09-11_00-08-29.mp4,24714,81451,81573,123,data/interim/bellevue_150th_eastgate/tracks_Bellevue_150th_Eastgate__2017-09-11_00-08-29.parquet,7962c8623350ba1a7f04a25cea7452bdd1e1fd2585149550260b1bd3f0bbe7f6,True
protocol_pilot_v1,protocol_pilot,available_for_protocol_development,protocol_pilot,277,bellevue_150th_eastgate,bellevue_150th_eastgate:411594,target_estimation,Bellevue_150th_Eastgate__2017-09-11_02-08-29,data/raw/bellevue_150th_eastgate/Bellevue_150th_Eastgate__2017-09-11_02-08-29.mp4,19949,72196,72434,239,data/interim/bellevue_150th_eastgate/tracks_Bellevue_150th_Eastgate__2017-09-11_02-08-29.parquet,c007befe03a8daa793d8a9b55c4a229c0d1f671404ad1087ea08695929f6641c,True
protocol_pilot_v1,protocol_pilot,available_for_protocol_development,protocol_pilot,278,bellevue_150th_eastgate,bellevue_150th_eastgate:363984,target_estimation,Bellevue_150th_Eastgate__2017-09-11_01-08-29,data/raw/bellevue_150th_eastgate/Bellevue_150th_Eastgate__2017-09-11_01-08-29.mp4,1550,5669,6212,544,data/interim/bellevue_150th_eastgate/tracks_Bellevue_150th_Eastgate__2017-09-11_01-08-29.parquet,03f29eba8ca1369c7352c65497a5fd006bcf823c2997a3e750434260b83e2159,True
protocol_pilot_v1,protocol_pilot,available_for_protocol_development,protocol_pilot,279,bellevue_150th_eastgate,bellevue_150th_eastgate:283035,target_estimation,Bellevue_150th_Eastgate__2017-09-10_22-08-28,data/raw/bellevue_150th_eastgate/Bellevue_150th_Eastgate__2017-09-10_22-08-28.mp4,32615,79349,79513,165,data/interim/bellevue_150th_eastgate/tracks_Bellevue_150th_Eastgate__2017-09-10_22-08-28.parquet,c144bbe5d8d0220df34bab8e5ccc6d00c520b0ea96ba467c137a7edd38b3c387,True
protocol_pilot_v1,protocol_pilot,available_for_protocol_development,protocol_pilot,280,bellevue_150th_eastgate,bellevue_150th_eastgate:77796,target_estimation,Bellevue_150th_Eastgate__2017-09-10_19-08-25,data/raw/bellevue_150th_eastgate/Bellevue_150th_Eastgate__2017-09-10_19-08-25.mp4,9174,13158,13494,337,data/interim/bellevue_150th_eastgate/tracks_Bellevue_150th_Eastgate__2017-09-10_19-08-25.parquet,1b91b8fdb3a5f7f5bcbd4b055cba1040a3419bec5f33c23ca3fc0bc21900e00c,True
protocol_pilot_v1,protocol_pilot,available_for_protocol_development,protocol_pilot,281,bellevue_150th_eastgate,bellevue_150th_eastgate:240897,target_estimation,Bellevue_150th_Eastgate__2017-09-10_21-08-28,data/raw/bellevue_150th_eastgate/Bellevue_150th_Eastgate__2017-09-10_21-08-28.mp4,46060,90808,91504,697,data/interim/bellevue_150th_eastgate/tracks_Bellevue_150th_Eastgate__2017-09-10_21-08-28.parquet,5f839f830624624088aadbb263be7e301694e14c53345322d93953405e3ee7ed,True
protocol_pilot_v1,protocol_pilot,available_for_protocol_development,protocol_pilot,282,bellevue_150th_eastgate,bellevue_150th_eastgate:496254,target_estimation,Bellevue_150th_Eastgate__2017-09-11_04-08-29,data/raw/bellevue_150th_eastgate/Bellevue_150th_Eastgate__2017-09-11_04-08-29.mp4,40310,102124,102233,110,data/interim/bellevue_150th_eastgate/tracks_Bellevue_150th_Eastgate__2017-09-11_04-08-29.parquet,0eb007751f85fd7de5e9b8d2ae07faebd29562dd4ab6094e1e13071b4c9b575f,True
protocol_pilot_v1,protocol_pilot,available_for_protocol_development,protocol_pilot,283,bellevue_150th_eastgate,bellevue_150th_eastgate:437722,target_estimation,Bellevue_150th_Eastgate__2017-09-11_03-08-30,data/raw/bellevue_150th_eastgate/Bellevue_150th_Eastgate__2017-09-11_03-08-30.mp4,16343,54116,54231,116,data/interim/bellevue_150th_eastgate/tracks_Bellevue_150th_Eastgate__2017-09-11_03-08-30.parquet,98865d4c6cc1e64ebb838259476f06928c02c65942dd2ba098c371395ef5e77d,True
protocol_pilot_v1,protocol_pilot,available_for_protocol_development,protocol_pilot,284,bellevue_150th_eastgate,bellevue_150th_eastgate:555413,target_estimation,Bellevue_150th_Eastgate__2017-09-11_06-08-30,data/raw/bellevue_150th_eastgate/Bellevue_150th_Eastgate__2017-09-11_06-08-30.mp4,2274,4080,4302,223,data/interim/bellevue_150th_eastgate/tracks_Bellevue_150th_Eastgate__2017-09-11_06-08-30.parquet,a08e3b826e33870e283435c8f7fec2f4044ba58ab642e8a411163eb8f4206ac4,True
protocol_pilot_v1,protocol_pilot,available_for_protocol_development,protocol_pilot,285,bellevue_150th_eastgate,bellevue_150th_eastgate:673539,target_estimation,Bellevue_150th_Eastgate__2017-09-11_07-08-31,data/raw/bellevue_150th_eastgate/Bellevue_150th_Eastgate__2017-09-11_07-08-31.mp4,29625,43449,43750,302,data/interim/bellevue_150th_eastgate/tracks_Bellevue_150th_Eastgate__2017-09-11_07-08-31.parquet,135e16ba4797365ed168a2fd0b393e9b1892a97af6996599b341492f7c3df771,True
protocol_pilot_v1,protocol_pilot,available_for_protocol_development,protocol_pilot,286,bellevue_150th_eastgate,bellevue_150th_eastgate:308136,target_estimation,Bellevue_150th_Eastgate__2017-09-10_23-08-29,data/raw/bellevue_150th_eastgate/Bellevue_150th_Eastgate__2017-09-10_23-08-29.mp4,14713,44915,45143,229,data/interim/bellevue_150th_eastgate/tracks_Bellevue_150th_Eastgate__2017-09-10_23-08-29.parquet,a159827ee97ac3d070f83fc3cfc9b58bca48ce7cfb488f4aa643b807347ca6ad,True
protocol_pilot_v1,protocol_pilot,available_for_protocol_development,protocol_pilot,287,bellevue_150th_eastgate,bellevue_150th_eastgate:56357,target_estimation,Bellevue_150th_Eastgate__2017-09-10_18-08-24,data/raw/bellevue_150th_eastgate/Bellevue_150th_Eastgate__2017-09-10_18-08-24.mp4,56357,89702,89815,114,data/interim/bellevue_150th_eastgate/tracks_Bellevue_150th_Eastgate__2017-09-10_18-08-24.parquet,a5851be8fb6e11ebcc4d0db87b3abd9cc821a837f4107a27b24c495539a9ad20,True
protocol_pilot_v1,protocol_pilot,available_for_protocol_development,protocol_pilot,288,bellevue_150th_eastgate,bellevue_150th_eastgate:155176,target_estimation,Bellevue_150th_Eastgate__2017-09-10_20-08-25,data/raw/bellevue_150th_eastgate/Bellevue_150th_Eastgate__2017-09-10_20-08-25.mp4,20217,36171,36535,365,data/interim/bellevue_150th_eastgate/tracks_Bellevue_150th_Eastgate__2017-09-10_20-08-25.parquet,98223fe48b4485b0d5207516b8df6939a9408530976c4b2354f8f45f9a171b56,True
protocol_pilot_v1,protocol_pilot,available_for_protocol_development,protocol_pilot,289,bellevue_150th_eastgate,bellevue_150th_eastgate:502305,target_estimation,Bellevue_150th_Eastgate__2017-09-11_05-08-30,data/raw/bellevue_150th_eastgate/Bellevue_150th_Eastgate__2017-09-11_05-08-30.mp4,3544,7757,7841,85,data/interim/bellevue_150th_eastgate/tracks_Bellevue_150th_Eastgate__2017-09-11_05-08-30.parquet,efaaf64874fd5ab557c96f99befb692f6ce6f7d5b4807ddc99cd3baf8300c337,True
protocol_pilot_v1,protocol_pilot,available_for_protocol_development,protocol_pilot,290,bellevue_150th_eastgate,bellevue_150th_eastgate:754104,target_estimation,Bellevue_150th_Eastgate__2017-09-11_08-08-31,data/raw/bellevue_150th_eastgate/Bellevue_150th_Eastgate__2017-09-11_08-08-31.mp4,26926,31477,31741,265,data/interim/bellevue_150th_eastgate/tracks_Bellevue_150th_Eastgate__2017-09-11_08-08-31.parquet,da616472ea735037397fd9e713573c5eea26b05f359c7672e99e077b38cfdff4,True
protocol_pilot_v1,protocol_pilot,available_for_protocol_development,protocol_pilot,291,bellevue_150th_eastgate,bellevue_150th_eastgate:345075,target_estimation,Bellevue_150th_Eastgate__2017-09-11_00-08-29,data/raw/bellevue_150th_eastgate/Bellevue_150th_Eastgate__2017-09-11_00-08-29.mp4,15515,51258,51373,116,data/interim/bellevue_150th_eastgate/tracks_Bellevue_150th_Eastgate__2017-09-11_00-08-29.parquet,7962c8623350ba1a7f04a25cea7452bdd1e1fd2585149550260b1bd3f0bbe7f6,True
protocol_pilot_v1,protocol_pilot,available_for_protocol_development,protocol_pilot,292,bellevue_150th_eastgate,bellevue_150th_eastgate:407948,target_estimation,Bellevue_150th_Eastgate__2017-09-11_02-08-29,data/raw/bellevue_150th_eastgate/Bellevue_150th_Eastgate__2017-09-11_02-08-29.mp4,16303,58714,58807,94,data/interim/bellevue_150th_eastgate/tracks_Bellevue_150th_Eastgate__2017-09-11_02-08-29.parquet,c007befe03a8daa793d8a9b55c4a229c0d1f671404ad1087ea08695929f6641c,True
protocol_pilot_v1,protocol_pilot,available_for_protocol_development,protocol_pilot,293,bellevue_150th_eastgate,bellevue_150th_eastgate:380323,target_estimation,Bellevue_150th_Eastgate__2017-09-11_01-08-29,data/raw/bellevue_150th_eastgate/Bellevue_150th_Eastgate__2017-09-11_01-08-29.mp4,17889,57880,57972,93,data/interim/bellevue_150th_eastgate/tracks_Bellevue_150th_Eastgate__2017-09-11_01-08-29.parquet,03f29eba8ca1369c7352c65497a5fd006bcf823c2997a3e750434260b83e2159,True
protocol_pilot_v1,protocol_pilot,available_for_protocol_development,protocol_pilot,294,bellevue_150th_eastgate,bellevue_150th_eastgate:265278,target_estimation,Bellevue_150th_Eastgate__2017-09-10_22-08-28,data/raw/bellevue_150th_eastgate/Bellevue_150th_Eastgate__2017-09-10_22-08-28.mp4,14858,32544,32679,136,data/interim/bellevue_150th_eastgate/tracks_Bellevue_150th_Eastgate__2017-09-10_22-08-28.parquet,c144bbe5d8d0220df34bab8e5ccc6d00c520b0ea96ba467c137a7edd38b3c387,True
protocol_pilot_v1,protocol_pilot,available_for_protocol_development,protocol_pilot,295,bellevue_150th_eastgate,bellevue_150th_eastgate:127506,target_estimation,Bellevue_150th_Eastgate__2017-09-10_19-08-25,data/raw/bellevue_150th_eastgate/Bellevue_150th_Eastgate__2017-09-10_19-08-25.mp4,58884,97294,97462,169,data/interim/bellevue_150th_eastgate/tracks_Bellevue_150th_Eastgate__2017-09-10_19-08-25.parquet,1b91b8fdb3a5f7f5bcbd4b055cba1040a3419bec5f33c23ca3fc0bc21900e00c,True
protocol_pilot_v1,protocol_pilot,available_for_protocol_development,protocol_pilot,296,bellevue_150th_eastgate,bellevue_150th_eastgate:212532,target_estimation,Bellevue_150th_Eastgate__2017-09-10_21-08-28,data/raw/bellevue_150th_eastgate/Bellevue_150th_Eastgate__2017-09-10_21-08-28.mp4,17695,34105,34405,301,data/interim/bellevue_150th_eastgate/tracks_Bellevue_150th_Eastgate__2017-09-10_21-08-28.parquet,5f839f830624624088aadbb263be7e301694e14c53345322d93953405e3ee7ed,True
protocol_pilot_v1,protocol_pilot,available_for_protocol_development,protocol_pilot,297,bellevue_150th_eastgate,bellevue_150th_eastgate:484224,target_estimation,Bellevue_150th_Eastgate__2017-09-11_04-08-29,data/raw/bellevue_150th_eastgate/Bellevue_150th_Eastgate__2017-09-11_04-08-29.mp4,28280,73705,74041,337,data/interim/bellevue_150th_eastgate/tracks_Bellevue_150th_Eastgate__2017-09-11_04-08-29.parquet,0eb007751f85fd7de5e9b8d2ae07faebd29562dd4ab6094e1e13071b4c9b575f,True
protocol_pilot_v1,protocol_pilot,available_for_protocol_development,protocol_pilot,298,bellevue_150th_eastgate,bellevue_150th_eastgate:437905,target_estimation,Bellevue_150th_Eastgate__2017-09-11_03-08-30,data/raw/bellevue_150th_eastgate/Bellevue_150th_Eastgate__2017-09-11_03-08-30.mp4,16526,54627,54749,123,data/interim/bellevue_150th_eastgate/tracks_Bellevue_150th_Eastgate__2017-09-11_03-08-30.parquet,98865d4c6cc1e64ebb838259476f06928c02c65942dd2ba098c371395ef5e77d,True
protocol_pilot_v1,protocol_pilot,available_for_protocol_development,protocol_pilot,299,bellevue_150th_eastgate,bellevue_150th_eastgate:601393,target_estimation,Bellevue_150th_Eastgate__2017-09-11_06-08-30,data/raw/bellevue_150th_eastgate/Bellevue_150th_Eastgate__2017-09-11_06-08-30.mp4,48254,57020,57549,530,data/interim/bellevue_150th_eastgate/tracks_Bellevue_150th_Eastgate__2017-09-11_06-08-30.parquet,a08e3b826e33870e283435c8f7fec2f4044ba58ab642e8a411163eb8f4206ac4,True
protocol_pilot_v1,protocol_pilot,available_for_protocol_development,protocol_pilot,300,bellevue_150th_eastgate,bellevue_150th_eastgate:712709,target_estimation,Bellevue_150th_Eastgate__2017-09-11_07-08-31,data/raw/bellevue_150th_eastgate/Bellevue_150th_Eastgate__2017-09-11_07-08-31.mp4,68795,90630,90888,259,data/interim/bellevue_150th_eastgate/tracks_Bellevue_150th_Eastgate__2017-09-11_07-08-31.parquet,135e16ba4797365ed168a2fd0b393e9b1892a97af6996599b341492f7c3df771,True
protocol_pilot_v1,protocol_pilot,available_for_protocol_development,protocol_pilot,301,bellevue_150th_se38th,bellevue_150th_se38th:92301,target_estimation,Bellevue_150th_SE38th__2017-09-10_19-08-25,data/raw/bellevue_150th_se38th/Bellevue_150th_SE38th__2017-09-10_19-08-25.mp4,38385,73625,73829,205,data/interim/bellevue_150th_se38th/tracks_Bellevue_150th_SE38th__2017-09-10_19-08-25.parquet,d69b2f28fafd79b0f0589a048e5490dd87d95c2ee1c1d11679a13e577d2ec711,True
protocol_pilot_v1,protocol_pilot,available_for_protocol_development,protocol_pilot,302,bellevue_150th_se38th,bellevue_150th_se38th:437486,target_estimation,Bellevue_150th_SE38th__2017-09-11_03-08-30,data/raw/bellevue_150th_se38th/Bellevue_150th_SE38th__2017-09-11_03-08-30.mp4,4021,16734,16966,233,data/interim/bellevue_150th_se38th/tracks_Bellevue_150th_SE38th__2017-09-11_03-08-30.parquet,5b22bd8bfbc2ffbe007eb2756533729c87456775b11d943a6bf33604b47d7d99,True
protocol_pilot_v1,protocol_pilot,available_for_protocol_development,protocol_pilot,303,bellevue_150th_se38th,bellevue_150th_se38th:312130,target_estimation,Bellevue_150th_SE38th__2017-09-10_23-08-29,data/raw/bellevue_150th_se38th/Bellevue_150th_SE38th__2017-09-10_23-08-29.mp4,9000,22006,22214,209,data/interim/bellevue_150th_se38th/tracks_Bellevue_150th_SE38th__2017-09-10_23-08-29.parquet,425ac783a7f220d4c408ea2e736b1ab4549a7550a704950a9b7acb84e8098f4f,True
protocol_pilot_v1,protocol_pilot,available_for_protocol_development,protocol_pilot,304,bellevue_150th_se38th,bellevue_150th_se38th:178560,target_estimation,Bellevue_150th_SE38th__2017-09-10_20-08-25,data/raw/bellevue_150th_se38th/Bellevue_150th_SE38th__2017-09-10_20-08-25.mp4,59181,80767,81068,302,data/interim/bellevue_150th_se38th/tracks_Bellevue_150th_SE38th__2017-09-10_20-08-25.parquet,834552840152a5c6f114855c4c354cacbed3a6cc9514faab98155c6edd0dd51c,True
protocol_pilot_v1,protocol_pilot,available_for_protocol_development,protocol_pilot,305,bellevue_150th_se38th,bellevue_150th_se38th:196040,target_estimation,Bellevue_150th_SE38th__2017-09-10_21-08-38,data/raw/bellevue_150th_se38th/Bellevue_150th_SE38th__2017-09-10_21-08-38.mp4,1196,2160,2331,172,data/interim/bellevue_150th_se38th/tracks_Bellevue_150th_SE38th__2017-09-10_21-08-38.parquet,9b586b0a5bb3299427c143e0e6a2c3f8ee3763fd48da22395159bf4286bf560d,True
protocol_pilot_v1,protocol_pilot,available_for_protocol_development,protocol_pilot,306,bellevue_150th_se38th,bellevue_150th_se38th:529135,target_estimation,Bellevue_150th_SE38th__2017-09-11_05-08-30,data/raw/bellevue_150th_se38th/Bellevue_150th_SE38th__2017-09-11_05-08-30.mp4,37732,106424,106572,149,data/interim/bellevue_150th_se38th/tracks_Bellevue_150th_SE38th__2017-09-11_05-08-30.parquet,c608781857ff71ff6e2f5f143635b7f268c09711c1c743d6df0e575ff451417c,True
protocol_pilot_v1,protocol_pilot,available_for_protocol_development,protocol_pilot,307,bellevue_150th_se38th,bellevue_150th_se38th:361591,target_estimation,Bellevue_150th_SE38th__2017-09-11_00-08-29,data/raw/bellevue_150th_se38th/Bellevue_150th_SE38th__2017-09-11_00-08-29.mp4,17159,47438,47598,161,data/interim/bellevue_150th_se38th/tracks_Bellevue_150th_SE38th__2017-09-11_00-08-29.parquet,9055e7e8170fdc3c66edd0ea271d417b8d5e9096ac513490b9679b4517a1f6ed,True
protocol_pilot_v1,protocol_pilot,available_for_protocol_development,protocol_pilot,308,bellevue_150th_se38th,bellevue_150th_se38th:27580,target_estimation,Bellevue_150th_SE38th__2017-09-10_18-08-24,data/raw/bellevue_150th_se38th/Bellevue_150th_SE38th__2017-09-10_18-08-24.mp4,27580,46088,46367,280,data/interim/bellevue_150th_se38th/tracks_Bellevue_150th_SE38th__2017-09-10_18-08-24.parquet,e83855083387665227ae3d9061b7fd6b285011f2a1ea912e704286d0769aa63f,True
protocol_pilot_v1,protocol_pilot,available_for_protocol_development,protocol_pilot,309,bellevue_150th_se38th,bellevue_150th_se38th:390648,target_estimation,Bellevue_150th_SE38th__2017-09-11_01-08-30,data/raw/bellevue_150th_se38th/Bellevue_150th_SE38th__2017-09-11_01-08-30.mp4,10907,37874,38089,216,data/interim/bellevue_150th_se38th/tracks_Bellevue_150th_SE38th__2017-09-11_01-08-30.parquet,e0246f6ad2850ce153a9503f8bb3daf8821ce566c7dbdecda46ccb217c49d8b9,True
protocol_pilot_v1,protocol_pilot,available_for_protocol_development,protocol_pilot,310,bellevue_150th_se38th,bellevue_150th_se38th:426626,target_estimation,Bellevue_150th_SE38th__2017-09-11_02-08-29,data/raw/bellevue_150th_se38th/Bellevue_150th_SE38th__2017-09-11_02-08-29.mp4,20021,80033,80221,189,data/interim/bellevue_150th_se38th/tracks_Bellevue_150th_SE38th__2017-09-11_02-08-29.parquet,6bb7562786d6d86c5057d9babe33a03d290b929990ae0d36f71d52226d1ba244,True
protocol_pilot_v1,protocol_pilot,available_for_protocol_development,protocol_pilot,311,bellevue_150th_se38th,bellevue_150th_se38th:266576,target_estimation,Bellevue_150th_SE38th__2017-09-10_22-08-28,data/raw/bellevue_150th_se38th/Bellevue_150th_SE38th__2017-09-10_22-08-28.mp4,9635,18861,19133,273,data/interim/bellevue_150th_se38th/tracks_Bellevue_150th_SE38th__2017-09-10_22-08-28.parquet,f6d982ce1608f184192096d1b56fbc0508e6fe63855275aec79641ee092f664b,True
protocol_pilot_v1,protocol_pilot,available_for_protocol_development,protocol_pilot,312,bellevue_150th_se38th,bellevue_150th_se38th:486946,target_estimation,Bellevue_150th_SE38th__2017-09-11_04-08-29,data/raw/bellevue_150th_se38th/Bellevue_150th_SE38th__2017-09-11_04-08-29.mp4,28123,95538,95738,201,data/interim/bellevue_150th_se38th/tracks_Bellevue_150th_SE38th__2017-09-11_04-08-29.parquet,7a7ec30cd1e6923760d42b9c92a9f732a4257250d65a57c8ad96a6ec2bf71ed8,True
protocol_pilot_v1,protocol_pilot,available_for_protocol_development,protocol_pilot,313,bellevue_150th_se38th,bellevue_150th_se38th:94760,target_estimation,Bellevue_150th_SE38th__2017-09-10_19-08-25,data/raw/bellevue_150th_se38th/Bellevue_150th_SE38th__2017-09-10_19-08-25.mp4,40844,77017,77271,255,data/interim/bellevue_150th_se38th/tracks_Bellevue_150th_SE38th__2017-09-10_19-08-25.parquet,d69b2f28fafd79b0f0589a048e5490dd87d95c2ee1c1d11679a13e577d2ec711,True
protocol_pilot_v1,protocol_pilot,available_for_protocol_development,protocol_pilot,314,bellevue_150th_se38th,bellevue_150th_se38th:455376,target_estimation,Bellevue_150th_SE38th__2017-09-11_03-08-30,data/raw/bellevue_150th_se38th/Bellevue_150th_SE38th__2017-09-11_03-08-30.mp4,21911,93780,93870,91,data/interim/bellevue_150th_se38th/tracks_Bellevue_150th_SE38th__2017-09-11_03-08-30.parquet,5b22bd8bfbc2ffbe007eb2756533729c87456775b11d943a6bf33604b47d7d99,True
protocol_pilot_v1,protocol_pilot,available_for_protocol_development,protocol_pilot,315,bellevue_150th_se38th,bellevue_150th_se38th:313700,target_estimation,Bellevue_150th_SE38th__2017-09-10_23-08-29,data/raw/bellevue_150th_se38th/Bellevue_150th_SE38th__2017-09-10_23-08-29.mp4,10570,25226,25436,211,data/interim/bellevue_150th_se38th/tracks_Bellevue_150th_SE38th__2017-09-10_23-08-29.parquet,425ac783a7f220d4c408ea2e736b1ab4549a7550a704950a9b7acb84e8098f4f,True
protocol_pilot_v1,protocol_pilot,available_for_protocol_development,protocol_pilot,316,bellevue_150th_se38th,bellevue_150th_se38th:173091,target_estimation,Bellevue_150th_SE38th__2017-09-10_20-08-25,data/raw/bellevue_150th_se38th/Bellevue_150th_SE38th__2017-09-10_20-08-25.mp4,53712,71607,71885,279,data/interim/bellevue_150th_se38th/tracks_Bellevue_150th_SE38th__2017-09-10_20-08-25.parquet,834552840152a5c6f114855c4c354cacbed3a6cc9514faab98155c6edd0dd51c,True
protocol_pilot_v1,protocol_pilot,available_for_protocol_development,protocol_pilot,317,bellevue_150th_se38th,bellevue_150th_se38th:241804,target_estimation,Bellevue_150th_SE38th__2017-09-10_21-08-38,data/raw/bellevue_150th_se38th/Bellevue_150th_SE38th__2017-09-10_21-08-38.mp4,46960,78323,78578,256,data/interim/bellevue_150th_se38th/tracks_Bellevue_150th_SE38th__2017-09-10_21-08-38.parquet,9b586b0a5bb3299427c143e0e6a2c3f8ee3763fd48da22395159bf4286bf560d,True
protocol_pilot_v1,protocol_pilot,available_for_protocol_development,protocol_pilot,318,bellevue_150th_se38th,bellevue_150th_se38th:525671,target_estimation,Bellevue_150th_SE38th__2017-09-11_05-08-30,data/raw/bellevue_150th_se38th/Bellevue_150th_SE38th__2017-09-11_05-08-30.mp4,34268,98284,98485,202,data/interim/bellevue_150th_se38th/tracks_Bellevue_150th_SE38th__2017-09-11_05-08-30.parquet,c608781857ff71ff6e2f5f143635b7f268c09711c1c743d6df0e575ff451417c,True
protocol_pilot_v1,protocol_pilot,available_for_protocol_development,protocol_pilot,319,bellevue_150th_se38th,bellevue_150th_se38th:359603,target_estimation,Bellevue_150th_SE38th__2017-09-11_00-08-29,data/raw/bellevue_150th_se38th/Bellevue_150th_SE38th__2017-09-11_00-08-29.mp4,15171,40688,40918,231,data/interim/bellevue_150th_se38th/tracks_Bellevue_150th_SE38th__2017-09-11_00-08-29.parquet,9055e7e8170fdc3c66edd0ea271d417b8d5e9096ac513490b9679b4517a1f6ed,True
protocol_pilot_v1,protocol_pilot,available_for_protocol_development,protocol_pilot,320,bellevue_150th_se38th,bellevue_150th_se38th:10582,target_estimation,Bellevue_150th_SE38th__2017-09-10_18-08-24,data/raw/bellevue_150th_se38th/Bellevue_150th_SE38th__2017-09-10_18-08-24.mp4,10582,15486,15753,268,data/interim/bellevue_150th_se38th/tracks_Bellevue_150th_SE38th__2017-09-10_18-08-24.parquet,e83855083387665227ae3d9061b7fd6b285011f2a1ea912e704286d0769aa63f,True
protocol_pilot_v1,protocol_pilot,available_for_protocol_development,protocol_pilot,321,bellevue_150th_se38th,bellevue_150th_se38th:403267,target_estimation,Bellevue_150th_SE38th__2017-09-11_01-08-30,data/raw/bellevue_150th_se38th/Bellevue_150th_SE38th__2017-09-11_01-08-30.mp4,23526,82658,82883,226,data/interim/bellevue_150th_se38th/tracks_Bellevue_150th_SE38th__2017-09-11_01-08-30.parquet,e0246f6ad2850ce153a9503f8bb3daf8821ce566c7dbdecda46ccb217c49d8b9,True
protocol_pilot_v1,protocol_pilot,available_for_protocol_development,protocol_pilot,322,bellevue_150th_se38th,bellevue_150th_se38th:423436,target_estimation,Bellevue_150th_SE38th__2017-09-11_02-08-29,data/raw/bellevue_150th_se38th/Bellevue_150th_SE38th__2017-09-11_02-08-29.mp4,16831,68178,68401,224,data/interim/bellevue_150th_se38th/tracks_Bellevue_150th_SE38th__2017-09-11_02-08-29.parquet,6bb7562786d6d86c5057d9babe33a03d290b929990ae0d36f71d52226d1ba244,True
protocol_pilot_v1,protocol_pilot,available_for_protocol_development,protocol_pilot,323,bellevue_150th_se38th,bellevue_150th_se38th:286375,target_estimation,Bellevue_150th_SE38th__2017-09-10_22-08-28,data/raw/bellevue_150th_se38th/Bellevue_150th_SE38th__2017-09-10_22-08-28.mp4,29434,64382,64501,120,data/interim/bellevue_150th_se38th/tracks_Bellevue_150th_SE38th__2017-09-10_22-08-28.parquet,f6d982ce1608f184192096d1b56fbc0508e6fe63855275aec79641ee092f664b,True
protocol_pilot_v1,protocol_pilot,available_for_protocol_development,protocol_pilot,324,bellevue_150th_se38th,bellevue_150th_se38th:473984,target_estimation,Bellevue_150th_SE38th__2017-09-11_04-08-29,data/raw/bellevue_150th_se38th/Bellevue_150th_SE38th__2017-09-11_04-08-29.mp4,15161,54572,54839,268,data/interim/bellevue_150th_se38th/tracks_Bellevue_150th_SE38th__2017-09-11_04-08-29.parquet,7a7ec30cd1e6923760d42b9c92a9f732a4257250d65a57c8ad96a6ec2bf71ed8,True
protocol_pilot_v1,protocol_pilot,available_for_protocol_development,protocol_pilot,325,bellevue_150th_se38th,bellevue_150th_se38th:86992,target_estimation,Bellevue_150th_SE38th__2017-09-10_19-08-25,data/raw/bellevue_150th_se38th/Bellevue_150th_SE38th__2017-09-10_19-08-25.mp4,33076,65322,65508,187,data/interim/bellevue_150th_se38th/tracks_Bellevue_150th_SE38th__2017-09-10_19-08-25.parquet,d69b2f28fafd79b0f0589a048e5490dd87d95c2ee1c1d11679a13e577d2ec711,True
protocol_pilot_v1,protocol_pilot,available_for_protocol_development,protocol_pilot,326,bellevue_150th_se38th,bellevue_150th_se38th:447947,target_estimation,Bellevue_150th_SE38th__2017-09-11_03-08-30,data/raw/bellevue_150th_se38th/Bellevue_150th_SE38th__2017-09-11_03-08-30.mp4,14482,60092,60206,115,data/interim/bellevue_150th_se38th/tracks_Bellevue_150th_SE38th__2017-09-11_03-08-30.parquet,5b22bd8bfbc2ffbe007eb2756533729c87456775b11d943a6bf33604b47d7d99,True
protocol_pilot_v1,protocol_pilot,available_for_protocol_development,protocol_pilot,327,bellevue_150th_se38th,bellevue_150th_se38th:312565,target_estimation,Bellevue_150th_SE38th__2017-09-10_23-08-29,data/raw/bellevue_150th_se38th/Bellevue_150th_SE38th__2017-09-10_23-08-29.mp4,9435,22899,23104,206,data/interim/bellevue_150th_se38th/tracks_Bellevue_150th_SE38th__2017-09-10_23-08-29.parquet,425ac783a7f220d4c408ea2e736b1ab4549a7550a704950a9b7acb84e8098f4f,True
protocol_pilot_v1,protocol_pilot,available_for_protocol_development,protocol_pilot,328,bellevue_150th_se38th,bellevue_150th_se38th:121482,target_estimation,Bellevue_150th_SE38th__2017-09-10_20-08-25,data/raw/bellevue_150th_se38th/Bellevue_150th_SE38th__2017-09-10_20-08-25.mp4,2103,2162,2596,435,data/interim/bellevue_150th_se38th/tracks_Bellevue_150th_SE38th__2017-09-10_20-08-25.parquet,834552840152a5c6f114855c4c354cacbed3a6cc9514faab98155c6edd0dd51c,True
protocol_pilot_v1,protocol_pilot,available_for_protocol_development,protocol_pilot,329,bellevue_150th_se38th,bellevue_150th_se38th:238515,target_estimation,Bellevue_150th_SE38th__2017-09-10_21-08-38,data/raw/bellevue_150th_se38th/Bellevue_150th_SE38th__2017-09-10_21-08-38.mp4,43671,72755,72872,118,data/interim/bellevue_150th_se38th/tracks_Bellevue_150th_SE38th__2017-09-10_21-08-38.parquet,9b586b0a5bb3299427c143e0e6a2c3f8ee3763fd48da22395159bf4286bf560d,True
protocol_pilot_v1,protocol_pilot,available_for_protocol_development,protocol_pilot,330,bellevue_150th_se38th,bellevue_150th_se38th:505129,target_estimation,Bellevue_150th_SE38th__2017-09-11_05-08-30,data/raw/bellevue_150th_se38th/Bellevue_150th_SE38th__2017-09-11_05-08-30.mp4,13726,45750,46354,605,data/interim/bellevue_150th_se38th/tracks_Bellevue_150th_SE38th__2017-09-11_05-08-30.parquet,c608781857ff71ff6e2f5f143635b7f268c09711c1c743d6df0e575ff451417c,True
protocol_pilot_v1,protocol_pilot,available_for_protocol_development,protocol_pilot,331,bellevue_150th_se38th,bellevue_150th_se38th:358199,target_estimation,Bellevue_150th_SE38th__2017-09-11_00-08-29,data/raw/bellevue_150th_se38th/Bellevue_150th_SE38th__2017-09-11_00-08-29.mp4,13767,35880,36126,247,data/interim/bellevue_150th_se38th/tracks_Bellevue_150th_SE38th__2017-09-11_00-08-29.parquet,9055e7e8170fdc3c66edd0ea271d417b8d5e9096ac513490b9679b4517a1f6ed,True
protocol_pilot_v1,protocol_pilot,available_for_protocol_development,protocol_pilot,332,bellevue_150th_se38th,bellevue_150th_se38th:40012,target_estimation,Bellevue_150th_SE38th__2017-09-10_18-08-24,data/raw/bellevue_150th_se38th/Bellevue_150th_SE38th__2017-09-10_18-08-24.mp4,40012,78486,78998,513,data/interim/bellevue_150th_se38th/tracks_Bellevue_150th_SE38th__2017-09-10_18-08-24.parquet,e83855083387665227ae3d9061b7fd6b285011f2a1ea912e704286d0769aa63f,True
protocol_pilot_v1,protocol_pilot,available_for_protocol_development,protocol_pilot,333,bellevue_150th_se38th,bellevue_150th_se38th:383050,target_estimation,Bellevue_150th_SE38th__2017-09-11_01-08-30,data/raw/bellevue_150th_se38th/Bellevue_150th_SE38th__2017-09-11_01-08-30.mp4,3309,11516,11784,269,data/interim/bellevue_150th_se38th/tracks_Bellevue_150th_SE38th__2017-09-11_01-08-30.parquet,e0246f6ad2850ce153a9503f8bb3daf8821ce566c7dbdecda46ccb217c49d8b9,True
protocol_pilot_v1,protocol_pilot,available_for_protocol_development,protocol_pilot,334,bellevue_150th_se38th,bellevue_150th_se38th:415236,target_estimation,Bellevue_150th_SE38th__2017-09-11_02-08-29,data/raw/bellevue_150th_se38th/Bellevue_150th_SE38th__2017-09-11_02-08-29.mp4,8631,34058,34216,159,data/interim/bellevue_150th_se38th/tracks_Bellevue_150th_SE38th__2017-09-11_02-08-29.parquet,6bb7562786d6d86c5057d9babe33a03d290b929990ae0d36f71d52226d1ba244,True
protocol_pilot_v1,protocol_pilot,available_for_protocol_development,protocol_pilot,335,bellevue_150th_se38th,bellevue_150th_se38th:287916,target_estimation,Bellevue_150th_SE38th__2017-09-10_22-08-28,data/raw/bellevue_150th_se38th/Bellevue_150th_SE38th__2017-09-10_22-08-28.mp4,30975,68402,68633,232,data/interim/bellevue_150th_se38th/tracks_Bellevue_150th_SE38th__2017-09-10_22-08-28.parquet,f6d982ce1608f184192096d1b56fbc0508e6fe63855275aec79641ee092f664b,True
protocol_pilot_v1,protocol_pilot,available_for_protocol_development,protocol_pilot,336,bellevue_150th_se38th,bellevue_150th_se38th:489539,target_estimation,Bellevue_150th_SE38th__2017-09-11_04-08-29,data/raw/bellevue_150th_se38th/Bellevue_150th_SE38th__2017-09-11_04-08-29.mp4,30716,102377,102597,221,data/interim/bellevue_150th_se38th/tracks_Bellevue_150th_SE38th__2017-09-11_04-08-29.parquet,7a7ec30cd1e6923760d42b9c92a9f732a4257250d65a57c8ad96a6ec2bf71ed8,True
protocol_pilot_v1,protocol_pilot,available_for_protocol_development,protocol_pilot,337,bellevue_150th_se38th,bellevue_150th_se38th:83655,target_estimation,Bellevue_150th_SE38th__2017-09-10_19-08-25,data/raw/bellevue_150th_se38th/Bellevue_150th_SE38th__2017-09-10_19-08-25.mp4,29739,59007,59224,218,data/interim/bellevue_150th_se38th/tracks_Bellevue_150th_SE38th__2017-09-10_19-08-25.parquet,d69b2f28fafd79b0f0589a048e5490dd87d95c2ee1c1d11679a13e577d2ec711,True
protocol_pilot_v1,protocol_pilot,available_for_protocol_development,protocol_pilot,338,bellevue_150th_se38th,bellevue_150th_se38th:450681,target_estimation,Bellevue_150th_SE38th__2017-09-11_03-08-30,data/raw/bellevue_150th_se38th/Bellevue_150th_SE38th__2017-09-11_03-08-30.mp4,17216,72370,72583,214,data/interim/bellevue_150th_se38th/tracks_Bellevue_150th_SE38th__2017-09-11_03-08-30.parquet,5b22bd8bfbc2ffbe007eb2756533729c87456775b11d943a6bf33604b47d7d99,True
protocol_pilot_v1,protocol_pilot,available_for_protocol_development,protocol_pilot,339,bellevue_150th_se38th,bellevue_150th_se38th:339041,target_estimation,Bellevue_150th_SE38th__2017-09-10_23-08-29,data/raw/bellevue_150th_se38th/Bellevue_150th_SE38th__2017-09-10_23-08-29.mp4,35911,91727,91904,178,data/interim/bellevue_150th_se38th/tracks_Bellevue_150th_SE38th__2017-09-10_23-08-29.parquet,425ac783a7f220d4c408ea2e736b1ab4549a7550a704950a9b7acb84e8098f4f,True
protocol_pilot_v1,protocol_pilot,available_for_protocol_development,protocol_pilot,340,bellevue_150th_se38th,bellevue_150th_se38th:163440,target_estimation,Bellevue_150th_SE38th__2017-09-10_20-08-25,data/raw/bellevue_150th_se38th/Bellevue_150th_SE38th__2017-09-10_20-08-25.mp4,44061,57600,58234,635,data/interim/bellevue_150th_se38th/tracks_Bellevue_150th_SE38th__2017-09-10_20-08-25.parquet,834552840152a5c6f114855c4c354cacbed3a6cc9514faab98155c6edd0dd51c,True
protocol_pilot_v1,protocol_pilot,available_for_protocol_development,protocol_pilot,341,bellevue_150th_se38th,bellevue_150th_se38th:216178,target_estimation,Bellevue_150th_SE38th__2017-09-10_21-08-38,data/raw/bellevue_150th_se38th/Bellevue_150th_SE38th__2017-09-10_21-08-38.mp4,21334,32508,32730,223,data/interim/bellevue_150th_se38th/tracks_Bellevue_150th_SE38th__2017-09-10_21-08-38.parquet,9b586b0a5bb3299427c143e0e6a2c3f8ee3763fd48da22395159bf4286bf560d,True
protocol_pilot_v1,protocol_pilot,available_for_protocol_development,protocol_pilot,342,bellevue_150th_se38th,bellevue_150th_se38th:509979,target_estimation,Bellevue_150th_SE38th__2017-09-11_05-08-30,data/raw/bellevue_150th_se38th/Bellevue_150th_SE38th__2017-09-11_05-08-30.mp4,18576,59633,60278,646,data/interim/bellevue_150th_se38th/tracks_Bellevue_150th_SE38th__2017-09-11_05-08-30.parquet,c608781857ff71ff6e2f5f143635b7f268c09711c1c743d6df0e575ff451417c,True
protocol_pilot_v1,protocol_pilot,available_for_protocol_development,protocol_pilot,343,bellevue_150th_se38th,bellevue_150th_se38th:376825,target_estimation,Bellevue_150th_SE38th__2017-09-11_00-08-29,data/raw/bellevue_150th_se38th/Bellevue_150th_SE38th__2017-09-11_00-08-29.mp4,32393,96669,96909,241,data/interim/bellevue_150th_se38th/tracks_Bellevue_150th_SE38th__2017-09-11_00-08-29.parquet,9055e7e8170fdc3c66edd0ea271d417b8d5e9096ac513490b9679b4517a1f6ed,True
protocol_pilot_v1,protocol_pilot,available_for_protocol_development,protocol_pilot,344,bellevue_150th_se38th,bellevue_150th_se38th:28126,target_estimation,Bellevue_150th_SE38th__2017-09-10_18-08-24,data/raw/bellevue_150th_se38th/Bellevue_150th_SE38th__2017-09-10_18-08-24.mp4,28126,47546,47686,141,data/interim/bellevue_150th_se38th/tracks_Bellevue_150th_SE38th__2017-09-10_18-08-24.parquet,e83855083387665227ae3d9061b7fd6b285011f2a1ea912e704286d0769aa63f,True
protocol_pilot_v1,protocol_pilot,available_for_protocol_development,protocol_pilot,345,bellevue_150th_se38th,bellevue_150th_se38th:388642,target_estimation,Bellevue_150th_SE38th__2017-09-11_01-08-30,data/raw/bellevue_150th_se38th/Bellevue_150th_SE38th__2017-09-11_01-08-30.mp4,8901,29746,29869,124,data/interim/bellevue_150th_se38th/tracks_Bellevue_150th_SE38th__2017-09-11_01-08-30.parquet,e0246f6ad2850ce153a9503f8bb3daf8821ce566c7dbdecda46ccb217c49d8b9,True
protocol_pilot_v1,protocol_pilot,available_for_protocol_development,protocol_pilot,346,bellevue_150th_se38th,bellevue_150th_se38th:432631,target_estimation,Bellevue_150th_SE38th__2017-09-11_02-08-29,data/raw/bellevue_150th_se38th/Bellevue_150th_SE38th__2017-09-11_02-08-29.mp4,26026,104900,105428,529,data/interim/bellevue_150th_se38th/tracks_Bellevue_150th_SE38th__2017-09-11_02-08-29.parquet,6bb7562786d6d86c5057d9babe33a03d290b929990ae0d36f71d52226d1ba244,True
protocol_pilot_v1,protocol_pilot,available_for_protocol_development,protocol_pilot,347,bellevue_150th_se38th,bellevue_150th_se38th:266952,target_estimation,Bellevue_150th_SE38th__2017-09-10_22-08-28,data/raw/bellevue_150th_se38th/Bellevue_150th_SE38th__2017-09-10_22-08-28.mp4,10011,19680,19835,156,data/interim/bellevue_150th_se38th/tracks_Bellevue_150th_SE38th__2017-09-10_22-08-28.parquet,f6d982ce1608f184192096d1b56fbc0508e6fe63855275aec79641ee092f664b,True
protocol_pilot_v1,protocol_pilot,available_for_protocol_development,protocol_pilot,348,bellevue_150th_se38th,bellevue_150th_se38th:477622,target_estimation,Bellevue_150th_SE38th__2017-09-11_04-08-29,data/raw/bellevue_150th_se38th/Bellevue_150th_SE38th__2017-09-11_04-08-29.mp4,18799,64833,65067,235,data/interim/bellevue_150th_se38th/tracks_Bellevue_150th_SE38th__2017-09-11_04-08-29.parquet,7a7ec30cd1e6923760d42b9c92a9f732a4257250d65a57c8ad96a6ec2bf71ed8,True
protocol_pilot_v1,protocol_pilot,available_for_protocol_development,protocol_pilot,349,bellevue_150th_se38th,bellevue_150th_se38th:59175,target_estimation,Bellevue_150th_SE38th__2017-09-10_19-08-25,data/raw/bellevue_150th_se38th/Bellevue_150th_SE38th__2017-09-10_19-08-25.mp4,5259,11382,11653,272,data/interim/bellevue_150th_se38th/tracks_Bellevue_150th_SE38th__2017-09-10_19-08-25.parquet,d69b2f28fafd79b0f0589a048e5490dd87d95c2ee1c1d11679a13e577d2ec711,True
protocol_pilot_v1,protocol_pilot,available_for_protocol_development,protocol_pilot,350,bellevue_150th_se38th,bellevue_150th_se38th:439406,target_estimation,Bellevue_150th_SE38th__2017-09-11_03-08-30,data/raw/bellevue_150th_se38th/Bellevue_150th_SE38th__2017-09-11_03-08-30.mp4,5941,23593,23758,166,data/interim/bellevue_150th_se38th/tracks_Bellevue_150th_SE38th__2017-09-11_03-08-30.parquet,5b22bd8bfbc2ffbe007eb2756533729c87456775b11d943a6bf33604b47d7d99,True
protocol_pilot_v1,protocol_pilot,available_for_protocol_development,protocol_pilot,351,bellevue_150th_se38th,bellevue_150th_se38th:330312,target_estimation,Bellevue_150th_SE38th__2017-09-10_23-08-29,data/raw/bellevue_150th_se38th/Bellevue_150th_SE38th__2017-09-10_23-08-29.mp4,27182,68030,68229,200,data/interim/bellevue_150th_se38th/tracks_Bellevue_150th_SE38th__2017-09-10_23-08-29.parquet,425ac783a7f220d4c408ea2e736b1ab4549a7550a704950a9b7acb84e8098f4f,True
protocol_pilot_v1,protocol_pilot,available_for_protocol_development,protocol_pilot,352,bellevue_150th_se38th,bellevue_150th_se38th:151668,target_estimation,Bellevue_150th_SE38th__2017-09-10_20-08-25,data/raw/bellevue_150th_se38th/Bellevue_150th_SE38th__2017-09-10_20-08-25.mp4,32289,41050,41278,229,data/interim/bellevue_150th_se38th/tracks_Bellevue_150th_SE38th__2017-09-10_20-08-25.parquet,834552840152a5c6f114855c4c354cacbed3a6cc9514faab98155c6edd0dd51c,True
protocol_pilot_v1,protocol_pilot,available_for_protocol_development,protocol_pilot,353,bellevue_150th_se38th,bellevue_150th_se38th:206512,target_estimation,Bellevue_150th_SE38th__2017-09-10_21-08-38,data/raw/bellevue_150th_se38th/Bellevue_150th_SE38th__2017-09-10_21-08-38.mp4,11668,16580,16946,367,data/interim/bellevue_150th_se38th/tracks_Bellevue_150th_SE38th__2017-09-10_21-08-38.parquet,9b586b0a5bb3299427c143e0e6a2c3f8ee3763fd48da22395159bf4286bf560d,True
protocol_pilot_v1,protocol_pilot,available_for_protocol_development,protocol_pilot,354,bellevue_150th_se38th,bellevue_150th_se38th:508909,target_estimation,Bellevue_150th_SE38th__2017-09-11_05-08-30,data/raw/bellevue_150th_se38th/Bellevue_150th_SE38th__2017-09-11_05-08-30.mp4,17506,56069,56238,170,data/interim/bellevue_150th_se38th/tracks_Bellevue_150th_SE38th__2017-09-11_05-08-30.parquet,c608781857ff71ff6e2f5f143635b7f268c09711c1c743d6df0e575ff451417c,True
protocol_pilot_v1,protocol_pilot,available_for_protocol_development,protocol_pilot,355,bellevue_150th_se38th,bellevue_150th_se38th:376223,target_estimation,Bellevue_150th_SE38th__2017-09-11_00-08-29,data/raw/bellevue_150th_se38th/Bellevue_150th_SE38th__2017-09-11_00-08-29.mp4,31791,94230,94358,129,data/interim/bellevue_150th_se38th/tracks_Bellevue_150th_SE38th__2017-09-11_00-08-29.parquet,9055e7e8170fdc3c66edd0ea271d417b8d5e9096ac513490b9679b4517a1f6ed,True
protocol_pilot_v1,protocol_pilot,available_for_protocol_development,protocol_pilot,356,bellevue_150th_se38th,bellevue_150th_se38th:37707,target_estimation,Bellevue_150th_SE38th__2017-09-10_18-08-24,data/raw/bellevue_150th_se38th/Bellevue_150th_SE38th__2017-09-10_18-08-24.mp4,37707,72035,72341,307,data/interim/bellevue_150th_se38th/tracks_Bellevue_150th_SE38th__2017-09-10_18-08-24.parquet,e83855083387665227ae3d9061b7fd6b285011f2a1ea912e704286d0769aa63f,True
protocol_pilot_v1,protocol_pilot,available_for_protocol_development,protocol_pilot,357,bellevue_150th_se38th,bellevue_150th_se38th:390475,target_estimation,Bellevue_150th_SE38th__2017-09-11_01-08-30,data/raw/bellevue_150th_se38th/Bellevue_150th_SE38th__2017-09-11_01-08-30.mp4,10734,37121,37446,326,data/interim/bellevue_150th_se38th/tracks_Bellevue_150th_SE38th__2017-09-11_01-08-30.parquet,e0246f6ad2850ce153a9503f8bb3daf8821ce566c7dbdecda46ccb217c49d8b9,True
protocol_pilot_v1,protocol_pilot,available_for_protocol_development,protocol_pilot,358,bellevue_150th_se38th,bellevue_150th_se38th:422601,target_estimation,Bellevue_150th_SE38th__2017-09-11_02-08-29,data/raw/bellevue_150th_se38th/Bellevue_150th_SE38th__2017-09-11_02-08-29.mp4,15996,65058,65278,221,data/interim/bellevue_150th_se38th/tracks_Bellevue_150th_SE38th__2017-09-11_02-08-29.parquet,6bb7562786d6d86c5057d9babe33a03d290b929990ae0d36f71d52226d1ba244,True
protocol_pilot_v1,protocol_pilot,available_for_protocol_development,protocol_pilot,359,bellevue_150th_se38th,bellevue_150th_se38th:292085,target_estimation,Bellevue_150th_SE38th__2017-09-10_22-08-28,data/raw/bellevue_150th_se38th/Bellevue_150th_SE38th__2017-09-10_22-08-28.mp4,35144,79518,79730,213,data/interim/bellevue_150th_se38th/tracks_Bellevue_150th_SE38th__2017-09-10_22-08-28.parquet,f6d982ce1608f184192096d1b56fbc0508e6fe63855275aec79641ee092f664b,True
protocol_pilot_v1,protocol_pilot,available_for_protocol_development,protocol_pilot,360,bellevue_150th_se38th,bellevue_150th_se38th:488781,target_estimation,Bellevue_150th_SE38th__2017-09-11_04-08-29,data/raw/bellevue_150th_se38th/Bellevue_150th_SE38th__2017-09-11_04-08-29.mp4,29958,99973,100151,179,data/interim/bellevue_150th_se38th/tracks_Bellevue_150th_SE38th__2017-09-11_04-08-29.parquet,7a7ec30cd1e6923760d42b9c92a9f732a4257250d65a57c8ad96a6ec2bf71ed8,True
protocol_pilot_v1,protocol_pilot,available_for_protocol_development,protocol_pilot,361,bellevue_150th_se38th,bellevue_150th_se38th:95745,target_estimation,Bellevue_150th_SE38th__2017-09-10_19-08-25,data/raw/bellevue_150th_se38th/Bellevue_150th_SE38th__2017-09-10_19-08-25.mp4,41829,78456,78726,271,data/interim/bellevue_150th_se38th/tracks_Bellevue_150th_SE38th__2017-09-10_19-08-25.parquet,d69b2f28fafd79b0f0589a048e5490dd87d95c2ee1c1d11679a13e577d2ec711,True
protocol_pilot_v1,protocol_pilot,available_for_protocol_development,protocol_pilot,362,bellevue_150th_se38th,bellevue_150th_se38th:452320,target_estimation,Bellevue_150th_SE38th__2017-09-11_03-08-30,data/raw/bellevue_150th_se38th/Bellevue_150th_SE38th__2017-09-11_03-08-30.mp4,18855,80491,80724,234,data/interim/bellevue_150th_se38th/tracks_Bellevue_150th_SE38th__2017-09-11_03-08-30.parquet,5b22bd8bfbc2ffbe007eb2756533729c87456775b11d943a6bf33604b47d7d99,True
protocol_pilot_v1,protocol_pilot,available_for_protocol_development,protocol_pilot,363,bellevue_150th_se38th,bellevue_150th_se38th:337997,target_estimation,Bellevue_150th_SE38th__2017-09-10_23-08-29,data/raw/bellevue_150th_se38th/Bellevue_150th_SE38th__2017-09-10_23-08-29.mp4,34867,89756,89899,144,data/interim/bellevue_150th_se38th/tracks_Bellevue_150th_SE38th__2017-09-10_23-08-29.parquet,425ac783a7f220d4c408ea2e736b1ab4549a7550a704950a9b7acb84e8098f4f,True
protocol_pilot_v1,protocol_pilot,available_for_protocol_development,protocol_pilot,364,bellevue_150th_se38th,bellevue_150th_se38th:149372,target_estimation,Bellevue_150th_SE38th__2017-09-10_20-08-25,data/raw/bellevue_150th_se38th/Bellevue_150th_SE38th__2017-09-10_20-08-25.mp4,29993,37955,38245,291,data/interim/bellevue_150th_se38th/tracks_Bellevue_150th_SE38th__2017-09-10_20-08-25.parquet,834552840152a5c6f114855c4c354cacbed3a6cc9514faab98155c6edd0dd51c,True
protocol_pilot_v1,protocol_pilot,available_for_protocol_development,protocol_pilot,365,bellevue_150th_se38th,bellevue_150th_se38th:221034,target_estimation,Bellevue_150th_SE38th__2017-09-10_21-08-38,data/raw/bellevue_150th_se38th/Bellevue_150th_SE38th__2017-09-10_21-08-38.mp4,26190,41533,41722,190,data/interim/bellevue_150th_se38th/tracks_Bellevue_150th_SE38th__2017-09-10_21-08-38.parquet,9b586b0a5bb3299427c143e0e6a2c3f8ee3763fd48da22395159bf4286bf560d,True
protocol_pilot_v1,protocol_pilot,available_for_protocol_development,protocol_pilot,366,bellevue_150th_se38th,bellevue_150th_se38th:496030,target_estimation,Bellevue_150th_SE38th__2017-09-11_05-08-30,data/raw/bellevue_150th_se38th/Bellevue_150th_SE38th__2017-09-11_05-08-30.mp4,4627,15907,16075,169,data/interim/bellevue_150th_se38th/tracks_Bellevue_150th_SE38th__2017-09-11_05-08-30.parquet,c608781857ff71ff6e2f5f143635b7f268c09711c1c743d6df0e575ff451417c,True
protocol_pilot_v1,protocol_pilot,available_for_protocol_development,protocol_pilot,367,bellevue_150th_se38th,bellevue_150th_se38th:367400,target_estimation,Bellevue_150th_SE38th__2017-09-11_00-08-29,data/raw/bellevue_150th_se38th/Bellevue_150th_SE38th__2017-09-11_00-08-29.mp4,22968,67386,67607,222,data/interim/bellevue_150th_se38th/tracks_Bellevue_150th_SE38th__2017-09-11_00-08-29.parquet,9055e7e8170fdc3c66edd0ea271d417b8d5e9096ac513490b9679b4517a1f6ed,True
protocol_pilot_v1,protocol_pilot,available_for_protocol_development,protocol_pilot,368,bellevue_150th_se38th,bellevue_150th_se38th:49665,target_estimation,Bellevue_150th_SE38th__2017-09-10_18-08-24,data/raw/bellevue_150th_se38th/Bellevue_150th_SE38th__2017-09-10_18-08-24.mp4,49665,97927,98189,263,data/interim/bellevue_150th_se38th/tracks_Bellevue_150th_SE38th__2017-09-10_18-08-24.parquet,e83855083387665227ae3d9061b7fd6b285011f2a1ea912e704286d0769aa63f,True
protocol_pilot_v1,protocol_pilot,available_for_protocol_development,protocol_pilot,369,bellevue_150th_se38th,bellevue_150th_se38th:396696,target_estimation,Bellevue_150th_SE38th__2017-09-11_01-08-30,data/raw/bellevue_150th_se38th/Bellevue_150th_SE38th__2017-09-11_01-08-30.mp4,16955,59356,59559,204,data/interim/bellevue_150th_se38th/tracks_Bellevue_150th_SE38th__2017-09-11_01-08-30.parquet,e0246f6ad2850ce153a9503f8bb3daf8821ce566c7dbdecda46ccb217c49d8b9,True
protocol_pilot_v1,protocol_pilot,available_for_protocol_development,protocol_pilot,370,bellevue_150th_se38th,bellevue_150th_se38th:428052,target_estimation,Bellevue_150th_SE38th__2017-09-11_02-08-29,data/raw/bellevue_150th_se38th/Bellevue_150th_SE38th__2017-09-11_02-08-29.mp4,21447,85772,86022,251,data/interim/bellevue_150th_se38th/tracks_Bellevue_150th_SE38th__2017-09-11_02-08-29.parquet,6bb7562786d6d86c5057d9babe33a03d290b929990ae0d36f71d52226d1ba244,True
protocol_pilot_v1,protocol_pilot,available_for_protocol_development,protocol_pilot,371,bellevue_150th_se38th,bellevue_150th_se38th:300682,target_estimation,Bellevue_150th_SE38th__2017-09-10_22-08-28,data/raw/bellevue_150th_se38th/Bellevue_150th_SE38th__2017-09-10_22-08-28.mp4,43741,102595,102869,275,data/interim/bellevue_150th_se38th/tracks_Bellevue_150th_SE38th__2017-09-10_22-08-28.parquet,f6d982ce1608f184192096d1b56fbc0508e6fe63855275aec79641ee092f664b,True
protocol_pilot_v1,protocol_pilot,available_for_protocol_development,protocol_pilot,372,bellevue_150th_se38th,bellevue_150th_se38th:460755,target_estimation,Bellevue_150th_SE38th__2017-09-11_04-08-29,data/raw/bellevue_150th_se38th/Bellevue_150th_SE38th__2017-09-11_04-08-29.mp4,1932,7422,7551,130,data/interim/bellevue_150th_se38th/tracks_Bellevue_150th_SE38th__2017-09-11_04-08-29.parquet,7a7ec30cd1e6923760d42b9c92a9f732a4257250d65a57c8ad96a6ec2bf71ed8,True
protocol_pilot_v1,protocol_pilot,available_for_protocol_development,protocol_pilot,373,bellevue_150th_se38th,bellevue_150th_se38th:65771,target_estimation,Bellevue_150th_SE38th__2017-09-10_19-08-25,data/raw/bellevue_150th_se38th/Bellevue_150th_SE38th__2017-09-10_19-08-25.mp4,11855,25381,26050,670,data/interim/bellevue_150th_se38th/tracks_Bellevue_150th_SE38th__2017-09-10_19-08-25.parquet,d69b2f28fafd79b0f0589a048e5490dd87d95c2ee1c1d11679a13e577d2ec711,True
protocol_pilot_v1,protocol_pilot,available_for_protocol_development,protocol_pilot,374,bellevue_150th_se38th,bellevue_150th_se38th:442854,target_estimation,Bellevue_150th_SE38th__2017-09-11_03-08-30,data/raw/bellevue_150th_se38th/Bellevue_150th_SE38th__2017-09-11_03-08-30.mp4,9389,37470,38115,646,data/interim/bellevue_150th_se38th/tracks_Bellevue_150th_SE38th__2017-09-11_03-08-30.parquet,5b22bd8bfbc2ffbe007eb2756533729c87456775b11d943a6bf33604b47d7d99,True
protocol_pilot_v1,protocol_pilot,available_for_protocol_development,protocol_pilot,375,bellevue_150th_se38th,bellevue_150th_se38th:333073,target_estimation,Bellevue_150th_SE38th__2017-09-10_23-08-29,data/raw/bellevue_150th_se38th/Bellevue_150th_SE38th__2017-09-10_23-08-29.mp4,29943,74572,74894,323,data/interim/bellevue_150th_se38th/tracks_Bellevue_150th_SE38th__2017-09-10_23-08-29.parquet,425ac783a7f220d4c408ea2e736b1ab4549a7550a704950a9b7acb84e8098f4f,True
protocol_pilot_v1,protocol_pilot,available_for_protocol_development,protocol_pilot,376,bellevue_150th_se38th,bellevue_150th_se38th:128463,target_estimation,Bellevue_150th_SE38th__2017-09-10_20-08-25,data/raw/bellevue_150th_se38th/Bellevue_150th_SE38th__2017-09-10_20-08-25.mp4,9084,10349,10560,212,data/interim/bellevue_150th_se38th/tracks_Bellevue_150th_SE38th__2017-09-10_20-08-25.parquet,834552840152a5c6f114855c4c354cacbed3a6cc9514faab98155c6edd0dd51c,True
protocol_pilot_v1,protocol_pilot,available_for_protocol_development,protocol_pilot,377,bellevue_150th_se38th,bellevue_150th_se38th:227126,target_estimation,Bellevue_150th_SE38th__2017-09-10_21-08-38,data/raw/bellevue_150th_se38th/Bellevue_150th_SE38th__2017-09-10_21-08-38.mp4,32282,52336,52501,166,data/interim/bellevue_150th_se38th/tracks_Bellevue_150th_SE38th__2017-09-10_21-08-38.parquet,9b586b0a5bb3299427c143e0e6a2c3f8ee3763fd48da22395159bf4286bf560d,True
protocol_pilot_v1,protocol_pilot,available_for_protocol_development,protocol_pilot,378,bellevue_150th_se38th,bellevue_150th_se38th:502803,target_estimation,Bellevue_150th_SE38th__2017-09-11_05-08-30,data/raw/bellevue_150th_se38th/Bellevue_150th_SE38th__2017-09-11_05-08-30.mp4,11400,40165,40358,194,data/interim/bellevue_150th_se38th/tracks_Bellevue_150th_SE38th__2017-09-11_05-08-30.parquet,c608781857ff71ff6e2f5f143635b7f268c09711c1c743d6df0e575ff451417c,True
protocol_pilot_v1,protocol_pilot,available_for_protocol_development,protocol_pilot,379,bellevue_150th_se38th,bellevue_150th_se38th:359534,target_estimation,Bellevue_150th_SE38th__2017-09-11_00-08-29,data/raw/bellevue_150th_se38th/Bellevue_150th_SE38th__2017-09-11_00-08-29.mp4,15102,40548,40819,272,data/interim/bellevue_150th_se38th/tracks_Bellevue_150th_SE38th__2017-09-11_00-08-29.parquet,9055e7e8170fdc3c66edd0ea271d417b8d5e9096ac513490b9679b4517a1f6ed,True
protocol_pilot_v1,protocol_pilot,available_for_protocol_development,protocol_pilot,380,bellevue_150th_se38th,bellevue_150th_se38th:13991,target_estimation,Bellevue_150th_SE38th__2017-09-10_18-08-24,data/raw/bellevue_150th_se38th/Bellevue_150th_SE38th__2017-09-10_18-08-24.mp4,13991,19960,20278,319,data/interim/bellevue_150th_se38th/tracks_Bellevue_150th_SE38th__2017-09-10_18-08-24.parquet,e83855083387665227ae3d9061b7fd6b285011f2a1ea912e704286d0769aa63f,True
protocol_pilot_v1,protocol_pilot,available_for_protocol_development,protocol_pilot,381,bellevue_150th_se38th,bellevue_150th_se38th:391623,target_estimation,Bellevue_150th_SE38th__2017-09-11_01-08-30,data/raw/bellevue_150th_se38th/Bellevue_150th_SE38th__2017-09-11_01-08-30.mp4,11882,42046,42730,685,data/interim/bellevue_150th_se38th/tracks_Bellevue_150th_SE38th__2017-09-11_01-08-30.parquet,e0246f6ad2850ce153a9503f8bb3daf8821ce566c7dbdecda46ccb217c49d8b9,True
protocol_pilot_v1,protocol_pilot,available_for_protocol_development,protocol_pilot,382,bellevue_150th_se38th,bellevue_150th_se38th:408597,target_estimation,Bellevue_150th_SE38th__2017-09-11_02-08-29,data/raw/bellevue_150th_se38th/Bellevue_150th_SE38th__2017-09-11_02-08-29.mp4,1992,7380,7485,106,data/interim/bellevue_150th_se38th/tracks_Bellevue_150th_SE38th__2017-09-11_02-08-29.parquet,6bb7562786d6d86c5057d9babe33a03d290b929990ae0d36f71d52226d1ba244,True
protocol_pilot_v1,protocol_pilot,available_for_protocol_development,protocol_pilot,383,bellevue_150th_se38th,bellevue_150th_se38th:293844,target_estimation,Bellevue_150th_SE38th__2017-09-10_22-08-28,data/raw/bellevue_150th_se38th/Bellevue_150th_SE38th__2017-09-10_22-08-28.mp4,36903,83796,83996,201,data/interim/bellevue_150th_se38th/tracks_Bellevue_150th_SE38th__2017-09-10_22-08-28.parquet,f6d982ce1608f184192096d1b56fbc0508e6fe63855275aec79641ee092f664b,True
protocol_pilot_v1,protocol_pilot,available_for_protocol_development,protocol_pilot,384,bellevue_150th_se38th,bellevue_150th_se38th:469057,target_estimation,Bellevue_150th_SE38th__2017-09-11_04-08-29,data/raw/bellevue_150th_se38th/Bellevue_150th_SE38th__2017-09-11_04-08-29.mp4,10234,37361,37537,177,data/interim/bellevue_150th_se38th/tracks_Bellevue_150th_SE38th__2017-09-11_04-08-29.parquet,7a7ec30cd1e6923760d42b9c92a9f732a4257250d65a57c8ad96a6ec2bf71ed8,True
protocol_pilot_v1,protocol_pilot,available_for_protocol_development,protocol_pilot,385,bellevue_150th_se38th,bellevue_150th_se38th:77868,target_estimation,Bellevue_150th_SE38th__2017-09-10_19-08-25,data/raw/bellevue_150th_se38th/Bellevue_150th_SE38th__2017-09-10_19-08-25.mp4,23952,48318,48631,314,data/interim/bellevue_150th_se38th/tracks_Bellevue_150th_SE38th__2017-09-10_19-08-25.parquet,d69b2f28fafd79b0f0589a048e5490dd87d95c2ee1c1d11679a13e577d2ec711,True
protocol_pilot_v1,protocol_pilot,available_for_protocol_development,protocol_pilot,386,bellevue_150th_se38th,bellevue_150th_se38th:444495,target_estimation,Bellevue_150th_SE38th__2017-09-11_03-08-30,data/raw/bellevue_150th_se38th/Bellevue_150th_SE38th__2017-09-11_03-08-30.mp4,11030,45769,45989,221,data/interim/bellevue_150th_se38th/tracks_Bellevue_150th_SE38th__2017-09-11_03-08-30.parquet,5b22bd8bfbc2ffbe007eb2756533729c87456775b11d943a6bf33604b47d7d99,True
protocol_pilot_v1,protocol_pilot,available_for_protocol_development,protocol_pilot,387,bellevue_150th_se38th,bellevue_150th_se38th:331418,target_estimation,Bellevue_150th_SE38th__2017-09-10_23-08-29,data/raw/bellevue_150th_se38th/Bellevue_150th_SE38th__2017-09-10_23-08-29.mp4,28288,70675,70887,213,data/interim/bellevue_150th_se38th/tracks_Bellevue_150th_SE38th__2017-09-10_23-08-29.parquet,425ac783a7f220d4c408ea2e736b1ab4549a7550a704950a9b7acb84e8098f4f,True
protocol_pilot_v1,protocol_pilot,available_for_protocol_development,protocol_pilot,388,bellevue_150th_se38th,bellevue_150th_se38th:140580,target_estimation,Bellevue_150th_SE38th__2017-09-10_20-08-25,data/raw/bellevue_150th_se38th/Bellevue_150th_SE38th__2017-09-10_20-08-25.mp4,21201,25877,26142,266,data/interim/bellevue_150th_se38th/tracks_Bellevue_150th_SE38th__2017-09-10_20-08-25.parquet,834552840152a5c6f114855c4c354cacbed3a6cc9514faab98155c6edd0dd51c,True
protocol_pilot_v1,protocol_pilot,available_for_protocol_development,protocol_pilot,389,bellevue_150th_se38th,bellevue_150th_se38th:229785,target_estimation,Bellevue_150th_SE38th__2017-09-10_21-08-38,data/raw/bellevue_150th_se38th/Bellevue_150th_SE38th__2017-09-10_21-08-38.mp4,34941,57076,57520,445,data/interim/bellevue_150th_se38th/tracks_Bellevue_150th_SE38th__2017-09-10_21-08-38.parquet,9b586b0a5bb3299427c143e0e6a2c3f8ee3763fd48da22395159bf4286bf560d,True
protocol_pilot_v1,protocol_pilot,available_for_protocol_development,protocol_pilot,390,bellevue_150th_se38th,bellevue_150th_se38th:518666,target_estimation,Bellevue_150th_SE38th__2017-09-11_05-08-30,data/raw/bellevue_150th_se38th/Bellevue_150th_SE38th__2017-09-11_05-08-30.mp4,27263,81243,81509,267,data/interim/bellevue_150th_se38th/tracks_Bellevue_150th_SE38th__2017-09-11_05-08-30.parquet,c608781857ff71ff6e2f5f143635b7f268c09711c1c743d6df0e575ff451417c,True
protocol_pilot_v1,protocol_pilot,available_for_protocol_development,protocol_pilot,391,bellevue_150th_se38th,bellevue_150th_se38th:355779,target_estimation,Bellevue_150th_SE38th__2017-09-11_00-08-29,data/raw/bellevue_150th_se38th/Bellevue_150th_SE38th__2017-09-11_00-08-29.mp4,11347,30216,30391,176,data/interim/bellevue_150th_se38th/tracks_Bellevue_150th_SE38th__2017-09-11_00-08-29.parquet,9055e7e8170fdc3c66edd0ea271d417b8d5e9096ac513490b9679b4517a1f6ed,True
protocol_pilot_v1,protocol_pilot,available_for_protocol_development,protocol_pilot,392,bellevue_150th_se38th,bellevue_150th_se38th:9222,target_estimation,Bellevue_150th_SE38th__2017-09-10_18-08-24,data/raw/bellevue_150th_se38th/Bellevue_150th_SE38th__2017-09-10_18-08-24.mp4,9222,13496,13726,231,data/interim/bellevue_150th_se38th/tracks_Bellevue_150th_SE38th__2017-09-10_18-08-24.parquet,e83855083387665227ae3d9061b7fd6b285011f2a1ea912e704286d0769aa63f,True
protocol_pilot_v1,protocol_pilot,available_for_protocol_development,protocol_pilot,393,bellevue_150th_se38th,bellevue_150th_se38th:382403,target_estimation,Bellevue_150th_SE38th__2017-09-11_01-08-30,data/raw/bellevue_150th_se38th/Bellevue_150th_SE38th__2017-09-11_01-08-30.mp4,2662,9117,9305,189,data/interim/bellevue_150th_se38th/tracks_Bellevue_150th_SE38th__2017-09-11_01-08-30.parquet,e0246f6ad2850ce153a9503f8bb3daf8821ce566c7dbdecda46ccb217c49d8b9,True
protocol_pilot_v1,protocol_pilot,available_for_protocol_development,protocol_pilot,394,bellevue_150th_se38th,bellevue_150th_se38th:409819,target_estimation,Bellevue_150th_SE38th__2017-09-11_02-08-29,data/raw/bellevue_150th_se38th/Bellevue_150th_SE38th__2017-09-11_02-08-29.mp4,3214,11789,12037,249,data/interim/bellevue_150th_se38th/tracks_Bellevue_150th_SE38th__2017-09-11_02-08-29.parquet,6bb7562786d6d86c5057d9babe33a03d290b929990ae0d36f71d52226d1ba244,True
protocol_pilot_v1,protocol_pilot,available_for_protocol_development,protocol_pilot,395,bellevue_150th_se38th,bellevue_150th_se38th:286593,target_estimation,Bellevue_150th_SE38th__2017-09-10_22-08-28,data/raw/bellevue_150th_se38th/Bellevue_150th_SE38th__2017-09-10_22-08-28.mp4,29652,65456,65635,180,data/interim/bellevue_150th_se38th/tracks_Bellevue_150th_SE38th__2017-09-10_22-08-28.parquet,f6d982ce1608f184192096d1b56fbc0508e6fe63855275aec79641ee092f664b,True
protocol_pilot_v1,protocol_pilot,available_for_protocol_development,protocol_pilot,396,bellevue_150th_se38th,bellevue_150th_se38th:474922,target_estimation,Bellevue_150th_SE38th__2017-09-11_04-08-29,data/raw/bellevue_150th_se38th/Bellevue_150th_SE38th__2017-09-11_04-08-29.mp4,16099,57380,57591,212,data/interim/bellevue_150th_se38th/tracks_Bellevue_150th_SE38th__2017-09-11_04-08-29.parquet,7a7ec30cd1e6923760d42b9c92a9f732a4257250d65a57c8ad96a6ec2bf71ed8,True
protocol_pilot_v1,protocol_pilot,available_for_protocol_development,protocol_pilot,397,bellevue_150th_se38th,bellevue_150th_se38th:93236,target_estimation,Bellevue_150th_SE38th__2017-09-10_19-08-25,data/raw/bellevue_150th_se38th/Bellevue_150th_SE38th__2017-09-10_19-08-25.mp4,39320,75190,75419,230,data/interim/bellevue_150th_se38th/tracks_Bellevue_150th_SE38th__2017-09-10_19-08-25.parquet,d69b2f28fafd79b0f0589a048e5490dd87d95c2ee1c1d11679a13e577d2ec711,True
protocol_pilot_v1,protocol_pilot,available_for_protocol_development,protocol_pilot,398,bellevue_150th_se38th,bellevue_150th_se38th:443408,target_estimation,Bellevue_150th_SE38th__2017-09-11_03-08-30,data/raw/bellevue_150th_se38th/Bellevue_150th_SE38th__2017-09-11_03-08-30.mp4,9943,39718,39999,282,data/interim/bellevue_150th_se38th/tracks_Bellevue_150th_SE38th__2017-09-11_03-08-30.parquet,5b22bd8bfbc2ffbe007eb2756533729c87456775b11d943a6bf33604b47d7d99,True
protocol_pilot_v1,protocol_pilot,available_for_protocol_development,protocol_pilot,399,bellevue_150th_se38th,bellevue_150th_se38th:305679,target_estimation,Bellevue_150th_SE38th__2017-09-10_23-08-29,data/raw/bellevue_150th_se38th/Bellevue_150th_SE38th__2017-09-10_23-08-29.mp4,2549,5548,6169,622,data/interim/bellevue_150th_se38th/tracks_Bellevue_150th_SE38th__2017-09-10_23-08-29.parquet,425ac783a7f220d4c408ea2e736b1ab4549a7550a704950a9b7acb84e8098f4f,True
protocol_pilot_v1,protocol_pilot,available_for_protocol_development,protocol_pilot,400,bellevue_150th_se38th,bellevue_150th_se38th:138495,target_estimation,Bellevue_150th_SE38th__2017-09-10_20-08-25,data/raw/bellevue_150th_se38th/Bellevue_150th_SE38th__2017-09-10_20-08-25.mp4,19116,23460,24089,630,data/interim/bellevue_150th_se38th/tracks_Bellevue_150th_SE38th__2017-09-10_20-08-25.parquet,834552840152a5c6f114855c4c354cacbed3a6cc9514faab98155c6edd0dd51c,True
protocol_pilot_v1,protocol_pilot,available_for_protocol_development,protocol_pilot,401,bellevue_ne8th,bellevue_ne8th:343579,target_estimation,Bellevue_Bellevue_NE8th__2017-09-10_22-08-28,data/raw/bellevue_ne8th/Bellevue_Bellevue_NE8th__2017-09-10_22-08-28.mp4,15216,30794,30996,203,data/interim/bellevue_ne8th/tracks_Bellevue_Bellevue_NE8th__2017-09-10_22-08-28.parquet,a26e2e07f441d4472f45b18c8d85d8d8fe9b29f6436c1667805c42351e2012de,True
protocol_pilot_v1,protocol_pilot,available_for_protocol_development,protocol_pilot,402,bellevue_ne8th,bellevue_ne8th:278724,target_estimation,Bellevue_Bellevue_NE8th__2017-09-10_21-08-28,data/raw/bellevue_ne8th/Bellevue_Bellevue_NE8th__2017-09-10_21-08-28.mp4,19248,28624,29258,635,data/interim/bellevue_ne8th/tracks_Bellevue_Bellevue_NE8th__2017-09-10_21-08-28.parquet,c6757ba9d22be3e38c5f2e567a77fedfaaa7c0ed24dbbd791ebd9c7efe18efa9,True
protocol_pilot_v1,protocol_pilot,available_for_protocol_development,protocol_pilot,403,bellevue_ne8th,bellevue_ne8th:547460,target_estimation,Bellevue_Bellevue_NE8th__2017-09-11_03-08-29,data/raw/bellevue_ne8th/Bellevue_Bellevue_NE8th__2017-09-11_03-08-29.mp4,5742,14955,15055,101,data/interim/bellevue_ne8th/tracks_Bellevue_Bellevue_NE8th__2017-09-11_03-08-29.parquet,2745c4e40d8a72640e17d228248807a67fdbb0b185bab63ead3ced1163822aa9,True
protocol_pilot_v1,protocol_pilot,available_for_protocol_development,protocol_pilot,404,bellevue_ne8th,bellevue_ne8th:203815,target_estimation,Bellevue_Bellevue_NE8th__2017-09-10_20-08-24,data/raw/bellevue_ne8th/Bellevue_Bellevue_NE8th__2017-09-10_20-08-24.mp4,23799,31868,32186,319,data/interim/bellevue_ne8th/tracks_Bellevue_Bellevue_NE8th__2017-09-10_20-08-24.parquet,4615068e21c5421e24725706e889344fbd14960f31a4b26d35003144ed2076b0,True
protocol_pilot_v1,protocol_pilot,available_for_protocol_development,protocol_pilot,405,bellevue_ne8th,bellevue_ne8th:638965,target_estimation,Bellevue_Bellevue_NE8th__2017-09-11_05-08-29,data/raw/bellevue_ne8th/Bellevue_Bellevue_NE8th__2017-09-11_05-08-29.mp4,15948,37225,37868,644,data/interim/bellevue_ne8th/tracks_Bellevue_Bellevue_NE8th__2017-09-11_05-08-29.parquet,bbd792ee4987e67aa11f0bad61e753c97353c049e7b13e0753aa360df742a43d,True
protocol_pilot_v1,protocol_pilot,available_for_protocol_development,protocol_pilot,406,bellevue_ne8th,bellevue_ne8th:726790,target_estimation,Bellevue_Bellevue_NE8th__2017-09-11_06-08-29,data/raw/bellevue_ne8th/Bellevue_Bellevue_NE8th__2017-09-11_06-08-29.mp4,51978,107061,107353,293,data/interim/bellevue_ne8th/tracks_Bellevue_Bellevue_NE8th__2017-09-11_06-08-29.parquet,f577f6e7630a03540e3e227e5236a7d720ed9d9d7be68f19db84a95204766b79,True
protocol_pilot_v1,protocol_pilot,available_for_protocol_development,protocol_pilot,407,bellevue_ne8th,bellevue_ne8th:519369,target_estimation,Bellevue_Bellevue_NE8th__2017-09-11_02-08-29,data/raw/bellevue_ne8th/Bellevue_Bellevue_NE8th__2017-09-11_02-08-29.mp4,14050,40956,41251,296,data/interim/bellevue_ne8th/tracks_Bellevue_Bellevue_NE8th__2017-09-11_02-08-29.parquet,bee385f6f135bc794c1bf34bd694a80d7598ca90f7636b06cf0c425174bd3562,True
protocol_pilot_v1,protocol_pilot,available_for_protocol_development,protocol_pilot,408,bellevue_ne8th,bellevue_ne8th:453780,target_estimation,Bellevue_Bellevue_NE8th__2017-09-11_00-08-29,data/raw/bellevue_ne8th/Bellevue_Bellevue_NE8th__2017-09-11_00-08-29.mp4,26408,65744,65856,113,data/interim/bellevue_ne8th/tracks_Bellevue_Bellevue_NE8th__2017-09-11_00-08-29.parquet,eb82c32e778f3b3e0b0921f4f10ea92f88d746646b31e04b2f74da89629b5c95,True
protocol_pilot_v1,protocol_pilot,available_for_protocol_development,protocol_pilot,409,bellevue_ne8th,bellevue_ne8th:166693,target_estimation,Bellevue_Bellevue_NE8th__2017-09-10_19-08-24,data/raw/bellevue_ne8th/Bellevue_Bellevue_NE8th__2017-09-10_19-08-24.mp4,65975,88893,89356,464,data/interim/bellevue_ne8th/tracks_Bellevue_Bellevue_NE8th__2017-09-10_19-08-24.parquet,40b2d2d832f177738940979a365e3221bc9971f0b166ccef5b420242cc82fd36,True
protocol_pilot_v1,protocol_pilot,available_for_protocol_development,protocol_pilot,410,bellevue_ne8th,bellevue_ne8th:586926,target_estimation,Bellevue_Bellevue_NE8th__2017-09-11_04-08-29,data/raw/bellevue_ne8th/Bellevue_Bellevue_NE8th__2017-09-11_04-08-29.mp4,6216,16519,17248,730,data/interim/bellevue_ne8th/tracks_Bellevue_Bellevue_NE8th__2017-09-11_04-08-29.parquet,8be6085132d6847aa218cf62827f8da558406bd6caede9a954cb963ebccecd6b,True
protocol_pilot_v1,protocol_pilot,available_for_protocol_development,protocol_pilot,411,bellevue_ne8th,bellevue_ne8th:475533,target_estimation,Bellevue_Bellevue_NE8th__2017-09-11_01-08-29,data/raw/bellevue_ne8th/Bellevue_Bellevue_NE8th__2017-09-11_01-08-29.mp4,3733,11320,12035,716,data/interim/bellevue_ne8th/tracks_Bellevue_Bellevue_NE8th__2017-09-11_01-08-29.parquet,aeee5254f3ab93a49f51ad5b17471f896ac7891383e17e22610c29b0989a543c,True
protocol_pilot_v1,protocol_pilot,available_for_protocol_development,protocol_pilot,412,bellevue_ne8th,bellevue_ne8th:34586,target_estimation,Bellevue_Bellevue_NE8th__2017-09-10_18-08-23,data/raw/bellevue_ne8th/Bellevue_Bellevue_NE8th__2017-09-10_18-08-23.mp4,34586,40115,40432,318,data/interim/bellevue_ne8th/tracks_Bellevue_Bellevue_NE8th__2017-09-10_18-08-23.parquet,ebb92cd99ea9f2abbd9173f8322c23124fac535dbb35fcc82bcbbadb4df954af,True
protocol_pilot_v1,protocol_pilot,available_for_protocol_development,protocol_pilot,413,bellevue_ne8th,bellevue_ne8th:399298,target_estimation,Bellevue_Bellevue_NE8th__2017-09-10_23-08-29,data/raw/bellevue_ne8th/Bellevue_Bellevue_NE8th__2017-09-10_23-08-29.mp4,21037,44550,45027,478,data/interim/bellevue_ne8th/tracks_Bellevue_Bellevue_NE8th__2017-09-10_23-08-29.parquet,9a2b5fb270c10d622f7d0a79471546ff1bbb1edec206c8773e4bac10dc5ba67c,True
protocol_pilot_v1,protocol_pilot,available_for_protocol_development,protocol_pilot,414,bellevue_ne8th,bellevue_ne8th:349362,target_estimation,Bellevue_Bellevue_NE8th__2017-09-10_22-08-28,data/raw/bellevue_ne8th/Bellevue_Bellevue_NE8th__2017-09-10_22-08-28.mp4,20999,43282,43726,445,data/interim/bellevue_ne8th/tracks_Bellevue_Bellevue_NE8th__2017-09-10_22-08-28.parquet,a26e2e07f441d4472f45b18c8d85d8d8fe9b29f6436c1667805c42351e2012de,True
protocol_pilot_v1,protocol_pilot,available_for_protocol_development,protocol_pilot,415,bellevue_ne8th,bellevue_ne8th:271566,target_estimation,Bellevue_Bellevue_NE8th__2017-09-10_21-08-28,data/raw/bellevue_ne8th/Bellevue_Bellevue_NE8th__2017-09-10_21-08-28.mp4,12090,17150,17430,281,data/interim/bellevue_ne8th/tracks_Bellevue_Bellevue_NE8th__2017-09-10_21-08-28.parquet,c6757ba9d22be3e38c5f2e567a77fedfaaa7c0ed24dbbd791ebd9c7efe18efa9,True
protocol_pilot_v1,protocol_pilot,available_for_protocol_development,protocol_pilot,416,bellevue_ne8th,bellevue_ne8th:578389,target_estimation,Bellevue_Bellevue_NE8th__2017-09-11_03-08-29,data/raw/bellevue_ne8th/Bellevue_Bellevue_NE8th__2017-09-11_03-08-29.mp4,36671,102051,102548,498,data/interim/bellevue_ne8th/tracks_Bellevue_Bellevue_NE8th__2017-09-11_03-08-29.parquet,2745c4e40d8a72640e17d228248807a67fdbb0b185bab63ead3ced1163822aa9,True
protocol_pilot_v1,protocol_pilot,available_for_protocol_development,protocol_pilot,417,bellevue_ne8th,bellevue_ne8th:213892,target_estimation,Bellevue_Bellevue_NE8th__2017-09-10_20-08-24,data/raw/bellevue_ne8th/Bellevue_Bellevue_NE8th__2017-09-10_20-08-24.mp4,33876,44036,44275,240,data/interim/bellevue_ne8th/tracks_Bellevue_Bellevue_NE8th__2017-09-10_20-08-24.parquet,4615068e21c5421e24725706e889344fbd14960f31a4b26d35003144ed2076b0,True
protocol_pilot_v1,protocol_pilot,available_for_protocol_development,protocol_pilot,418,bellevue_ne8th,bellevue_ne8th:664522,target_estimation,Bellevue_Bellevue_NE8th__2017-09-11_05-08-29,data/raw/bellevue_ne8th/Bellevue_Bellevue_NE8th__2017-09-11_05-08-29.mp4,41505,87089,87862,774,data/interim/bellevue_ne8th/tracks_Bellevue_Bellevue_NE8th__2017-09-11_05-08-29.parquet,bbd792ee4987e67aa11f0bad61e753c97353c049e7b13e0753aa360df742a43d,True
protocol_pilot_v1,protocol_pilot,available_for_protocol_development,protocol_pilot,419,bellevue_ne8th,bellevue_ne8th:726602,target_estimation,Bellevue_Bellevue_NE8th__2017-09-11_06-08-29,data/raw/bellevue_ne8th/Bellevue_Bellevue_NE8th__2017-09-11_06-08-29.mp4,51790,106681,107093,413,data/interim/bellevue_ne8th/tracks_Bellevue_Bellevue_NE8th__2017-09-11_06-08-29.parquet,f577f6e7630a03540e3e227e5236a7d720ed9d9d7be68f19db84a95204766b79,True
protocol_pilot_v1,protocol_pilot,available_for_protocol_development,protocol_pilot,420,bellevue_ne8th,bellevue_ne8th:522314,target_estimation,Bellevue_Bellevue_NE8th__2017-09-11_02-08-29,data/raw/bellevue_ne8th/Bellevue_Bellevue_NE8th__2017-09-11_02-08-29.mp4,16995,49824,49971,148,data/interim/bellevue_ne8th/tracks_Bellevue_Bellevue_NE8th__2017-09-11_02-08-29.parquet,bee385f6f135bc794c1bf34bd694a80d7598ca90f7636b06cf0c425174bd3562,True
protocol_pilot_v1,protocol_pilot,available_for_protocol_development,protocol_pilot,421,bellevue_ne8th,bellevue_ne8th:461325,target_estimation,Bellevue_Bellevue_NE8th__2017-09-11_00-08-29,data/raw/bellevue_ne8th/Bellevue_Bellevue_NE8th__2017-09-11_00-08-29.mp4,33953,85347,86537,1191,data/interim/bellevue_ne8th/tracks_Bellevue_Bellevue_NE8th__2017-09-11_00-08-29.parquet,eb82c32e778f3b3e0b0921f4f10ea92f88d746646b31e04b2f74da89629b5c95,True
protocol_pilot_v1,protocol_pilot,available_for_protocol_development,protocol_pilot,422,bellevue_ne8th,bellevue_ne8th:123105,target_estimation,Bellevue_Bellevue_NE8th__2017-09-10_19-08-24,data/raw/bellevue_ne8th/Bellevue_Bellevue_NE8th__2017-09-10_19-08-24.mp4,22387,28876,29231,356,data/interim/bellevue_ne8th/tracks_Bellevue_Bellevue_NE8th__2017-09-10_19-08-24.parquet,40b2d2d832f177738940979a365e3221bc9971f0b166ccef5b420242cc82fd36,True
protocol_pilot_v1,protocol_pilot,available_for_protocol_development,protocol_pilot,423,bellevue_ne8th,bellevue_ne8th:586061,target_estimation,Bellevue_Bellevue_NE8th__2017-09-11_04-08-29,data/raw/bellevue_ne8th/Bellevue_Bellevue_NE8th__2017-09-11_04-08-29.mp4,5351,14616,15056,441,data/interim/bellevue_ne8th/tracks_Bellevue_Bellevue_NE8th__2017-09-11_04-08-29.parquet,8be6085132d6847aa218cf62827f8da558406bd6caede9a954cb963ebccecd6b,True
protocol_pilot_v1,protocol_pilot,available_for_protocol_development,protocol_pilot,424,bellevue_ne8th,bellevue_ne8th:488031,target_estimation,Bellevue_Bellevue_NE8th__2017-09-11_01-08-29,data/raw/bellevue_ne8th/Bellevue_Bellevue_NE8th__2017-09-11_01-08-29.mp4,16231,46901,47572,672,data/interim/bellevue_ne8th/tracks_Bellevue_Bellevue_NE8th__2017-09-11_01-08-29.parquet,aeee5254f3ab93a49f51ad5b17471f896ac7891383e17e22610c29b0989a543c,True
protocol_pilot_v1,protocol_pilot,available_for_protocol_development,protocol_pilot,425,bellevue_ne8th,bellevue_ne8th:46206,target_estimation,Bellevue_Bellevue_NE8th__2017-09-10_18-08-23,data/raw/bellevue_ne8th/Bellevue_Bellevue_NE8th__2017-09-10_18-08-23.mp4,46206,51300,52293,994,data/interim/bellevue_ne8th/tracks_Bellevue_Bellevue_NE8th__2017-09-10_18-08-23.parquet,ebb92cd99ea9f2abbd9173f8322c23124fac535dbb35fcc82bcbbadb4df954af,True
protocol_pilot_v1,protocol_pilot,available_for_protocol_development,protocol_pilot,426,bellevue_ne8th,bellevue_ne8th:392613,target_estimation,Bellevue_Bellevue_NE8th__2017-09-10_23-08-29,data/raw/bellevue_ne8th/Bellevue_Bellevue_NE8th__2017-09-10_23-08-29.mp4,14352,32794,33046,253,data/interim/bellevue_ne8th/tracks_Bellevue_Bellevue_NE8th__2017-09-10_23-08-29.parquet,9a2b5fb270c10d622f7d0a79471546ff1bbb1edec206c8773e4bac10dc5ba67c,True
protocol_pilot_v1,protocol_pilot,available_for_protocol_development,protocol_pilot,427,bellevue_ne8th,bellevue_ne8th:372847,target_estimation,Bellevue_Bellevue_NE8th__2017-09-10_22-08-28,data/raw/bellevue_ne8th/Bellevue_Bellevue_NE8th__2017-09-10_22-08-28.mp4,44484,96299,96691,393,data/interim/bellevue_ne8th/tracks_Bellevue_Bellevue_NE8th__2017-09-10_22-08-28.parquet,a26e2e07f441d4472f45b18c8d85d8d8fe9b29f6436c1667805c42351e2012de,True
protocol_pilot_v1,protocol_pilot,available_for_protocol_development,protocol_pilot,428,bellevue_ne8th,bellevue_ne8th:309557,target_estimation,Bellevue_Bellevue_NE8th__2017-09-10_21-08-28,data/raw/bellevue_ne8th/Bellevue_Bellevue_NE8th__2017-09-10_21-08-28.mp4,50081,76653,76868,216,data/interim/bellevue_ne8th/tracks_Bellevue_Bellevue_NE8th__2017-09-10_21-08-28.parquet,c6757ba9d22be3e38c5f2e567a77fedfaaa7c0ed24dbbd791ebd9c7efe18efa9,True
protocol_pilot_v1,protocol_pilot,available_for_protocol_development,protocol_pilot,429,bellevue_ne8th,bellevue_ne8th:561844,target_estimation,Bellevue_Bellevue_NE8th__2017-09-11_03-08-29,data/raw/bellevue_ne8th/Bellevue_Bellevue_NE8th__2017-09-11_03-08-29.mp4,20126,56234,56577,344,data/interim/bellevue_ne8th/tracks_Bellevue_Bellevue_NE8th__2017-09-11_03-08-29.parquet,2745c4e40d8a72640e17d228248807a67fdbb0b185bab63ead3ced1163822aa9,True
protocol_pilot_v1,protocol_pilot,available_for_protocol_development,protocol_pilot,430,bellevue_ne8th,bellevue_ne8th:240237,target_estimation,Bellevue_Bellevue_NE8th__2017-09-10_20-08-24,data/raw/bellevue_ne8th/Bellevue_Bellevue_NE8th__2017-09-10_20-08-24.mp4,60221,81430,82005,576,data/interim/bellevue_ne8th/tracks_Bellevue_Bellevue_NE8th__2017-09-10_20-08-24.parquet,4615068e21c5421e24725706e889344fbd14960f31a4b26d35003144ed2076b0,True
protocol_pilot_v1,protocol_pilot,available_for_protocol_development,protocol_pilot,431,bellevue_ne8th,bellevue_ne8th:633729,target_estimation,Bellevue_Bellevue_NE8th__2017-09-11_05-08-29,data/raw/bellevue_ne8th/Bellevue_Bellevue_NE8th__2017-09-11_05-08-29.mp4,10712,25363,25494,132,data/interim/bellevue_ne8th/tracks_Bellevue_Bellevue_NE8th__2017-09-11_05-08-29.parquet,bbd792ee4987e67aa11f0bad61e753c97353c049e7b13e0753aa360df742a43d,True
protocol_pilot_v1,protocol_pilot,available_for_protocol_development,protocol_pilot,432,bellevue_ne8th,bellevue_ne8th:701032,target_estimation,Bellevue_Bellevue_NE8th__2017-09-11_06-08-29,data/raw/bellevue_ne8th/Bellevue_Bellevue_NE8th__2017-09-11_06-08-29.mp4,26220,58506,58874,369,data/interim/bellevue_ne8th/tracks_Bellevue_Bellevue_NE8th__2017-09-11_06-08-29.parquet,f577f6e7630a03540e3e227e5236a7d720ed9d9d7be68f19db84a95204766b79,True
protocol_pilot_v1,protocol_pilot,available_for_protocol_development,protocol_pilot,433,bellevue_ne8th,bellevue_ne8th:522034,target_estimation,Bellevue_Bellevue_NE8th__2017-09-11_02-08-29,data/raw/bellevue_ne8th/Bellevue_Bellevue_NE8th__2017-09-11_02-08-29.mp4,16715,49026,49148,123,data/interim/bellevue_ne8th/tracks_Bellevue_Bellevue_NE8th__2017-09-11_02-08-29.parquet,bee385f6f135bc794c1bf34bd694a80d7598ca90f7636b06cf0c425174bd3562,True
protocol_pilot_v1,protocol_pilot,available_for_protocol_development,protocol_pilot,434,bellevue_ne8th,bellevue_ne8th:447129,target_estimation,Bellevue_Bellevue_NE8th__2017-09-11_00-08-29,data/raw/bellevue_ne8th/Bellevue_Bellevue_NE8th__2017-09-11_00-08-29.mp4,19757,48620,49044,425,data/interim/bellevue_ne8th/tracks_Bellevue_Bellevue_NE8th__2017-09-11_00-08-29.parquet,eb82c32e778f3b3e0b0921f4f10ea92f88d746646b31e04b2f74da89629b5c95,True
protocol_pilot_v1,protocol_pilot,available_for_protocol_development,protocol_pilot,435,bellevue_ne8th,bellevue_ne8th:123392,target_estimation,Bellevue_Bellevue_NE8th__2017-09-10_19-08-24,data/raw/bellevue_ne8th/Bellevue_Bellevue_NE8th__2017-09-10_19-08-24.mp4,22674,29223,29532,310,data/interim/bellevue_ne8th/tracks_Bellevue_Bellevue_NE8th__2017-09-10_19-08-24.parquet,40b2d2d832f177738940979a365e3221bc9971f0b166ccef5b420242cc82fd36,True
protocol_pilot_v1,protocol_pilot,available_for_protocol_development,protocol_pilot,436,bellevue_ne8th,bellevue_ne8th:597818,target_estimation,Bellevue_Bellevue_NE8th__2017-09-11_04-08-29,data/raw/bellevue_ne8th/Bellevue_Bellevue_NE8th__2017-09-11_04-08-29.mp4,17108,47441,47575,135,data/interim/bellevue_ne8th/tracks_Bellevue_Bellevue_NE8th__2017-09-11_04-08-29.parquet,8be6085132d6847aa218cf62827f8da558406bd6caede9a954cb963ebccecd6b,True
protocol_pilot_v1,protocol_pilot,available_for_protocol_development,protocol_pilot,437,bellevue_ne8th,bellevue_ne8th:479405,target_estimation,Bellevue_Bellevue_NE8th__2017-09-11_01-08-29,data/raw/bellevue_ne8th/Bellevue_Bellevue_NE8th__2017-09-11_01-08-29.mp4,7605,21673,22256,584,data/interim/bellevue_ne8th/tracks_Bellevue_Bellevue_NE8th__2017-09-11_01-08-29.parquet,aeee5254f3ab93a49f51ad5b17471f896ac7891383e17e22610c29b0989a543c,True
protocol_pilot_v1,protocol_pilot,available_for_protocol_development,protocol_pilot,438,bellevue_ne8th,bellevue_ne8th:47627,target_estimation,Bellevue_Bellevue_NE8th__2017-09-10_18-08-23,data/raw/bellevue_ne8th/Bellevue_Bellevue_NE8th__2017-09-10_18-08-23.mp4,47627,52445,52816,372,data/interim/bellevue_ne8th/tracks_Bellevue_Bellevue_NE8th__2017-09-10_18-08-23.parquet,ebb92cd99ea9f2abbd9173f8322c23124fac535dbb35fcc82bcbbadb4df954af,True
protocol_pilot_v1,protocol_pilot,available_for_protocol_development,protocol_pilot,439,bellevue_ne8th,bellevue_ne8th:387353,target_estimation,Bellevue_Bellevue_NE8th__2017-09-10_23-08-29,data/raw/bellevue_ne8th/Bellevue_Bellevue_NE8th__2017-09-10_23-08-29.mp4,9092,21350,21981,632,data/interim/bellevue_ne8th/tracks_Bellevue_Bellevue_NE8th__2017-09-10_23-08-29.parquet,9a2b5fb270c10d622f7d0a79471546ff1bbb1edec206c8773e4bac10dc5ba67c,True
protocol_pilot_v1,protocol_pilot,available_for_protocol_development,protocol_pilot,440,bellevue_ne8th,bellevue_ne8th:369421,target_estimation,Bellevue_Bellevue_NE8th__2017-09-10_22-08-28,data/raw/bellevue_ne8th/Bellevue_Bellevue_NE8th__2017-09-10_22-08-28.mp4,41058,88464,89503,1040,data/interim/bellevue_ne8th/tracks_Bellevue_Bellevue_NE8th__2017-09-10_22-08-28.parquet,a26e2e07f441d4472f45b18c8d85d8d8fe9b29f6436c1667805c42351e2012de,True
protocol_pilot_v1,protocol_pilot,available_for_protocol_development,protocol_pilot,441,bellevue_ne8th,bellevue_ne8th:271324,target_estimation,Bellevue_Bellevue_NE8th__2017-09-10_21-08-28,data/raw/bellevue_ne8th/Bellevue_Bellevue_NE8th__2017-09-10_21-08-28.mp4,11848,16742,17047,306,data/interim/bellevue_ne8th/tracks_Bellevue_Bellevue_NE8th__2017-09-10_21-08-28.parquet,c6757ba9d22be3e38c5f2e567a77fedfaaa7c0ed24dbbd791ebd9c7efe18efa9,True
protocol_pilot_v1,protocol_pilot,available_for_protocol_development,protocol_pilot,442,bellevue_ne8th,bellevue_ne8th:556244,target_estimation,Bellevue_Bellevue_NE8th__2017-09-11_03-08-29,data/raw/bellevue_ne8th/Bellevue_Bellevue_NE8th__2017-09-11_03-08-29.mp4,14526,39973,40119,147,data/interim/bellevue_ne8th/tracks_Bellevue_Bellevue_NE8th__2017-09-11_03-08-29.parquet,2745c4e40d8a72640e17d228248807a67fdbb0b185bab63ead3ced1163822aa9,True
protocol_pilot_v1,protocol_pilot,available_for_protocol_development,protocol_pilot,443,bellevue_ne8th,bellevue_ne8th:216040,target_estimation,Bellevue_Bellevue_NE8th__2017-09-10_20-08-24,data/raw/bellevue_ne8th/Bellevue_Bellevue_NE8th__2017-09-10_20-08-24.mp4,36024,47010,47476,467,data/interim/bellevue_ne8th/tracks_Bellevue_Bellevue_NE8th__2017-09-10_20-08-24.parquet,4615068e21c5421e24725706e889344fbd14960f31a4b26d35003144ed2076b0,True
protocol_pilot_v1,protocol_pilot,available_for_protocol_development,protocol_pilot,444,bellevue_ne8th,bellevue_ne8th:644848,target_estimation,Bellevue_Bellevue_NE8th__2017-09-11_05-08-29,data/raw/bellevue_ne8th/Bellevue_Bellevue_NE8th__2017-09-11_05-08-29.mp4,21831,49952,50856,905,data/interim/bellevue_ne8th/tracks_Bellevue_Bellevue_NE8th__2017-09-11_05-08-29.parquet,bbd792ee4987e67aa11f0bad61e753c97353c049e7b13e0753aa360df742a43d,True
protocol_pilot_v1,protocol_pilot,available_for_protocol_development,protocol_pilot,445,bellevue_ne8th,bellevue_ne8th:677517,target_estimation,Bellevue_Bellevue_NE8th__2017-09-11_06-08-29,data/raw/bellevue_ne8th/Bellevue_Bellevue_NE8th__2017-09-11_06-08-29.mp4,2705,5849,6569,721,data/interim/bellevue_ne8th/tracks_Bellevue_Bellevue_NE8th__2017-09-11_06-08-29.parquet,f577f6e7630a03540e3e227e5236a7d720ed9d9d7be68f19db84a95204766b79,True
protocol_pilot_v1,protocol_pilot,available_for_protocol_development,protocol_pilot,446,bellevue_ne8th,bellevue_ne8th:507384,target_estimation,Bellevue_Bellevue_NE8th__2017-09-11_02-08-29,data/raw/bellevue_ne8th/Bellevue_Bellevue_NE8th__2017-09-11_02-08-29.mp4,2065,5560,5799,240,data/interim/bellevue_ne8th/tracks_Bellevue_Bellevue_NE8th__2017-09-11_02-08-29.parquet,bee385f6f135bc794c1bf34bd694a80d7598ca90f7636b06cf0c425174bd3562,True
protocol_pilot_v1,protocol_pilot,available_for_protocol_development,protocol_pilot,447,bellevue_ne8th,bellevue_ne8th:437588,target_estimation,Bellevue_Bellevue_NE8th__2017-09-11_00-08-29,data/raw/bellevue_ne8th/Bellevue_Bellevue_NE8th__2017-09-11_00-08-29.mp4,10216,24383,25049,667,data/interim/bellevue_ne8th/tracks_Bellevue_Bellevue_NE8th__2017-09-11_00-08-29.parquet,eb82c32e778f3b3e0b0921f4f10ea92f88d746646b31e04b2f74da89629b5c95,True
protocol_pilot_v1,protocol_pilot,available_for_protocol_development,protocol_pilot,448,bellevue_ne8th,bellevue_ne8th:117678,target_estimation,Bellevue_Bellevue_NE8th__2017-09-10_19-08-24,data/raw/bellevue_ne8th/Bellevue_Bellevue_NE8th__2017-09-10_19-08-24.mp4,16960,21354,21779,426,data/interim/bellevue_ne8th/tracks_Bellevue_Bellevue_NE8th__2017-09-10_19-08-24.parquet,40b2d2d832f177738940979a365e3221bc9971f0b166ccef5b420242cc82fd36,True
protocol_pilot_v1,protocol_pilot,available_for_protocol_development,protocol_pilot,449,bellevue_ne8th,bellevue_ne8th:588335,target_estimation,Bellevue_Bellevue_NE8th__2017-09-11_04-08-29,data/raw/bellevue_ne8th/Bellevue_Bellevue_NE8th__2017-09-11_04-08-29.mp4,7625,20640,21659,1020,data/interim/bellevue_ne8th/tracks_Bellevue_Bellevue_NE8th__2017-09-11_04-08-29.parquet,8be6085132d6847aa218cf62827f8da558406bd6caede9a954cb963ebccecd6b,True
protocol_pilot_v1,protocol_pilot,available_for_protocol_development,protocol_pilot,450,bellevue_ne8th,bellevue_ne8th:478394,target_estimation,Bellevue_Bellevue_NE8th__2017-09-11_01-08-29,data/raw/bellevue_ne8th/Bellevue_Bellevue_NE8th__2017-09-11_01-08-29.mp4,6594,19248,19944,697,data/interim/bellevue_ne8th/tracks_Bellevue_Bellevue_NE8th__2017-09-11_01-08-29.parquet,aeee5254f3ab93a49f51ad5b17471f896ac7891383e17e22610c29b0989a543c,True
protocol_pilot_v1,protocol_pilot,available_for_protocol_development,protocol_pilot,451,bellevue_ne8th,bellevue_ne8th:73242,target_estimation,Bellevue_Bellevue_NE8th__2017-09-10_18-08-23,data/raw/bellevue_ne8th/Bellevue_Bellevue_NE8th__2017-09-10_18-08-23.mp4,73242,79123,79221,99,data/interim/bellevue_ne8th/tracks_Bellevue_Bellevue_NE8th__2017-09-10_18-08-23.parquet,ebb92cd99ea9f2abbd9173f8322c23124fac535dbb35fcc82bcbbadb4df954af,True
protocol_pilot_v1,protocol_pilot,available_for_protocol_development,protocol_pilot,452,bellevue_ne8th,bellevue_ne8th:382844,target_estimation,Bellevue_Bellevue_NE8th__2017-09-10_23-08-29,data/raw/bellevue_ne8th/Bellevue_Bellevue_NE8th__2017-09-10_23-08-29.mp4,4583,9554,9695,142,data/interim/bellevue_ne8th/tracks_Bellevue_Bellevue_NE8th__2017-09-10_23-08-29.parquet,9a2b5fb270c10d622f7d0a79471546ff1bbb1edec206c8773e4bac10dc5ba67c,True
protocol_pilot_v1,protocol_pilot,available_for_protocol_development,protocol_pilot,453,bellevue_ne8th,bellevue_ne8th:341650,target_estimation,Bellevue_Bellevue_NE8th__2017-09-10_22-08-28,data/raw/bellevue_ne8th/Bellevue_Bellevue_NE8th__2017-09-10_22-08-28.mp4,13287,26594,26807,214,data/interim/bellevue_ne8th/tracks_Bellevue_Bellevue_NE8th__2017-09-10_22-08-28.parquet,a26e2e07f441d4472f45b18c8d85d8d8fe9b29f6436c1667805c42351e2012de,True
protocol_pilot_v1,protocol_pilot,available_for_protocol_development,protocol_pilot,454,bellevue_ne8th,bellevue_ne8th:274071,target_estimation,Bellevue_Bellevue_NE8th__2017-09-10_21-08-28,data/raw/bellevue_ne8th/Bellevue_Bellevue_NE8th__2017-09-10_21-08-28.mp4,14595,21473,21964,492,data/interim/bellevue_ne8th/tracks_Bellevue_Bellevue_NE8th__2017-09-10_21-08-28.parquet,c6757ba9d22be3e38c5f2e567a77fedfaaa7c0ed24dbbd791ebd9c7efe18efa9,True
protocol_pilot_v1,protocol_pilot,available_for_protocol_development,protocol_pilot,455,bellevue_ne8th,bellevue_ne8th:573178,target_estimation,Bellevue_Bellevue_NE8th__2017-09-11_03-08-29,data/raw/bellevue_ne8th/Bellevue_Bellevue_NE8th__2017-09-11_03-08-29.mp4,31460,88359,89192,834,data/interim/bellevue_ne8th/tracks_Bellevue_Bellevue_NE8th__2017-09-11_03-08-29.parquet,2745c4e40d8a72640e17d228248807a67fdbb0b185bab63ead3ced1163822aa9,True
protocol_pilot_v1,protocol_pilot,available_for_protocol_development,protocol_pilot,456,bellevue_ne8th,bellevue_ne8th:197047,target_estimation,Bellevue_Bellevue_NE8th__2017-09-10_20-08-24,data/raw/bellevue_ne8th/Bellevue_Bellevue_NE8th__2017-09-10_20-08-24.mp4,17031,22411,22634,224,data/interim/bellevue_ne8th/tracks_Bellevue_Bellevue_NE8th__2017-09-10_20-08-24.parquet,4615068e21c5421e24725706e889344fbd14960f31a4b26d35003144ed2076b0,True
protocol_pilot_v1,protocol_pilot,available_for_protocol_development,protocol_pilot,457,bellevue_ne8th,bellevue_ne8th:672969,target_estimation,Bellevue_Bellevue_NE8th__2017-09-11_05-08-29,data/raw/bellevue_ne8th/Bellevue_Bellevue_NE8th__2017-09-11_05-08-29.mp4,49952,104254,104465,212,data/interim/bellevue_ne8th/tracks_Bellevue_Bellevue_NE8th__2017-09-11_05-08-29.parquet,bbd792ee4987e67aa11f0bad61e753c97353c049e7b13e0753aa360df742a43d,True
protocol_pilot_v1,protocol_pilot,available_for_protocol_development,protocol_pilot,458,bellevue_ne8th,bellevue_ne8th:694176,target_estimation,Bellevue_Bellevue_NE8th__2017-09-11_06-08-29,data/raw/bellevue_ne8th/Bellevue_Bellevue_NE8th__2017-09-11_06-08-29.mp4,19364,42325,42622,298,data/interim/bellevue_ne8th/tracks_Bellevue_Bellevue_NE8th__2017-09-11_06-08-29.parquet,f577f6e7630a03540e3e227e5236a7d720ed9d9d7be68f19db84a95204766b79,True
protocol_pilot_v1,protocol_pilot,available_for_protocol_development,protocol_pilot,459,bellevue_ne8th,bellevue_ne8th:520964,target_estimation,Bellevue_Bellevue_NE8th__2017-09-11_02-08-29,data/raw/bellevue_ne8th/Bellevue_Bellevue_NE8th__2017-09-11_02-08-29.mp4,15645,45691,45906,216,data/interim/bellevue_ne8th/tracks_Bellevue_Bellevue_NE8th__2017-09-11_02-08-29.parquet,bee385f6f135bc794c1bf34bd694a80d7598ca90f7636b06cf0c425174bd3562,True
protocol_pilot_v1,protocol_pilot,available_for_protocol_development,protocol_pilot,460,bellevue_ne8th,bellevue_ne8th:461128,target_estimation,Bellevue_Bellevue_NE8th__2017-09-11_00-08-29,data/raw/bellevue_ne8th/Bellevue_Bellevue_NE8th__2017-09-11_00-08-29.mp4,33756,84770,85282,513,data/interim/bellevue_ne8th/tracks_Bellevue_Bellevue_NE8th__2017-09-11_00-08-29.parquet,eb82c32e778f3b3e0b0921f4f10ea92f88d746646b31e04b2f74da89629b5c95,True
protocol_pilot_v1,protocol_pilot,available_for_protocol_development,protocol_pilot,461,bellevue_ne8th,bellevue_ne8th:107519,target_estimation,Bellevue_Bellevue_NE8th__2017-09-10_19-08-24,data/raw/bellevue_ne8th/Bellevue_Bellevue_NE8th__2017-09-10_19-08-24.mp4,6801,8017,8497,481,data/interim/bellevue_ne8th/tracks_Bellevue_Bellevue_NE8th__2017-09-10_19-08-24.parquet,40b2d2d832f177738940979a365e3221bc9971f0b166ccef5b420242cc82fd36,True
protocol_pilot_v1,protocol_pilot,available_for_protocol_development,protocol_pilot,462,bellevue_ne8th,bellevue_ne8th:616310,target_estimation,Bellevue_Bellevue_NE8th__2017-09-11_04-08-29,data/raw/bellevue_ne8th/Bellevue_Bellevue_NE8th__2017-09-11_04-08-29.mp4,35600,90753,90970,218,data/interim/bellevue_ne8th/tracks_Bellevue_Bellevue_NE8th__2017-09-11_04-08-29.parquet,8be6085132d6847aa218cf62827f8da558406bd6caede9a954cb963ebccecd6b,True
protocol_pilot_v1,protocol_pilot,available_for_protocol_development,protocol_pilot,463,bellevue_ne8th,bellevue_ne8th:504073,target_estimation,Bellevue_Bellevue_NE8th__2017-09-11_01-08-29,data/raw/bellevue_ne8th/Bellevue_Bellevue_NE8th__2017-09-11_01-08-29.mp4,32273,92894,93473,580,data/interim/bellevue_ne8th/tracks_Bellevue_Bellevue_NE8th__2017-09-11_01-08-29.parquet,aeee5254f3ab93a49f51ad5b17471f896ac7891383e17e22610c29b0989a543c,True
protocol_pilot_v1,protocol_pilot,available_for_protocol_development,protocol_pilot,464,bellevue_ne8th,bellevue_ne8th:78343,target_estimation,Bellevue_Bellevue_NE8th__2017-09-10_18-08-23,data/raw/bellevue_ne8th/Bellevue_Bellevue_NE8th__2017-09-10_18-08-23.mp4,78343,84555,84935,381,data/interim/bellevue_ne8th/tracks_Bellevue_Bellevue_NE8th__2017-09-10_18-08-23.parquet,ebb92cd99ea9f2abbd9173f8322c23124fac535dbb35fcc82bcbbadb4df954af,True
protocol_pilot_v1,protocol_pilot,available_for_protocol_development,protocol_pilot,465,bellevue_ne8th,bellevue_ne8th:426638,target_estimation,Bellevue_Bellevue_NE8th__2017-09-10_23-08-29,data/raw/bellevue_ne8th/Bellevue_Bellevue_NE8th__2017-09-10_23-08-29.mp4,48377,106346,106765,420,data/interim/bellevue_ne8th/tracks_Bellevue_Bellevue_NE8th__2017-09-10_23-08-29.parquet,9a2b5fb270c10d622f7d0a79471546ff1bbb1edec206c8773e4bac10dc5ba67c,True
protocol_pilot_v1,protocol_pilot,available_for_protocol_development,protocol_pilot,466,bellevue_ne8th,bellevue_ne8th:365362,target_estimation,Bellevue_Bellevue_NE8th__2017-09-10_22-08-28,data/raw/bellevue_ne8th/Bellevue_Bellevue_NE8th__2017-09-10_22-08-28.mp4,36999,78479,78655,177,data/interim/bellevue_ne8th/tracks_Bellevue_Bellevue_NE8th__2017-09-10_22-08-28.parquet,a26e2e07f441d4472f45b18c8d85d8d8fe9b29f6436c1667805c42351e2012de,True
protocol_pilot_v1,protocol_pilot,available_for_protocol_development,protocol_pilot,467,bellevue_ne8th,bellevue_ne8th:306512,target_estimation,Bellevue_Bellevue_NE8th__2017-09-10_21-08-28,data/raw/bellevue_ne8th/Bellevue_Bellevue_NE8th__2017-09-10_21-08-28.mp4,47036,71153,71447,295,data/interim/bellevue_ne8th/tracks_Bellevue_Bellevue_NE8th__2017-09-10_21-08-28.parquet,c6757ba9d22be3e38c5f2e567a77fedfaaa7c0ed24dbbd791ebd9c7efe18efa9,True
protocol_pilot_v1,protocol_pilot,available_for_protocol_development,protocol_pilot,468,bellevue_ne8th,bellevue_ne8th:542859,target_estimation,Bellevue_Bellevue_NE8th__2017-09-11_03-08-29,data/raw/bellevue_ne8th/Bellevue_Bellevue_NE8th__2017-09-11_03-08-29.mp4,1141,3532,3689,158,data/interim/bellevue_ne8th/tracks_Bellevue_Bellevue_NE8th__2017-09-11_03-08-29.parquet,2745c4e40d8a72640e17d228248807a67fdbb0b185bab63ead3ced1163822aa9,True
protocol_pilot_v1,protocol_pilot,available_for_protocol_development,protocol_pilot,469,bellevue_ne8th,bellevue_ne8th:219232,target_estimation,Bellevue_Bellevue_NE8th__2017-09-10_20-08-24,data/raw/bellevue_ne8th/Bellevue_Bellevue_NE8th__2017-09-10_20-08-24.mp4,39216,52028,52225,198,data/interim/bellevue_ne8th/tracks_Bellevue_Bellevue_NE8th__2017-09-10_20-08-24.parquet,4615068e21c5421e24725706e889344fbd14960f31a4b26d35003144ed2076b0,True
protocol_pilot_v1,protocol_pilot,available_for_protocol_development,protocol_pilot,470,bellevue_ne8th,bellevue_ne8th:663988,target_estimation,Bellevue_Bellevue_NE8th__2017-09-11_05-08-29,data/raw/bellevue_ne8th/Bellevue_Bellevue_NE8th__2017-09-11_05-08-29.mp4,40971,85978,87242,1265,data/interim/bellevue_ne8th/tracks_Bellevue_Bellevue_NE8th__2017-09-11_05-08-29.parquet,bbd792ee4987e67aa11f0bad61e753c97353c049e7b13e0753aa360df742a43d,True
protocol_pilot_v1,protocol_pilot,available_for_protocol_development,protocol_pilot,471,bellevue_ne8th,bellevue_ne8th:679831,target_estimation,Bellevue_Bellevue_NE8th__2017-09-11_06-08-29,data/raw/bellevue_ne8th/Bellevue_Bellevue_NE8th__2017-09-11_06-08-29.mp4,5019,12005,12287,283,data/interim/bellevue_ne8th/tracks_Bellevue_Bellevue_NE8th__2017-09-11_06-08-29.parquet,f577f6e7630a03540e3e227e5236a7d720ed9d9d7be68f19db84a95204766b79,True
protocol_pilot_v1,protocol_pilot,available_for_protocol_development,protocol_pilot,472,bellevue_ne8th,bellevue_ne8th:506108,target_estimation,Bellevue_Bellevue_NE8th__2017-09-11_02-08-29,data/raw/bellevue_ne8th/Bellevue_Bellevue_NE8th__2017-09-11_02-08-29.mp4,789,2061,2282,222,data/interim/bellevue_ne8th/tracks_Bellevue_Bellevue_NE8th__2017-09-11_02-08-29.parquet,bee385f6f135bc794c1bf34bd694a80d7598ca90f7636b06cf0c425174bd3562,True
protocol_pilot_v1,protocol_pilot,available_for_protocol_development,protocol_pilot,473,bellevue_ne8th,bellevue_ne8th:438553,target_estimation,Bellevue_Bellevue_NE8th__2017-09-11_00-08-29,data/raw/bellevue_ne8th/Bellevue_Bellevue_NE8th__2017-09-11_00-08-29.mp4,11181,26450,27284,835,data/interim/bellevue_ne8th/tracks_Bellevue_Bellevue_NE8th__2017-09-11_00-08-29.parquet,eb82c32e778f3b3e0b0921f4f10ea92f88d746646b31e04b2f74da89629b5c95,True
protocol_pilot_v1,protocol_pilot,available_for_protocol_development,protocol_pilot,474,bellevue_ne8th,bellevue_ne8th:164304,target_estimation,Bellevue_Bellevue_NE8th__2017-09-10_19-08-24,data/raw/bellevue_ne8th/Bellevue_Bellevue_NE8th__2017-09-10_19-08-24.mp4,63586,85644,86652,1009,data/interim/bellevue_ne8th/tracks_Bellevue_Bellevue_NE8th__2017-09-10_19-08-24.parquet,40b2d2d832f177738940979a365e3221bc9971f0b166ccef5b420242cc82fd36,True
protocol_pilot_v1,protocol_pilot,available_for_protocol_development,protocol_pilot,475,bellevue_ne8th,bellevue_ne8th:617210,target_estimation,Bellevue_Bellevue_NE8th__2017-09-11_04-08-29,data/raw/bellevue_ne8th/Bellevue_Bellevue_NE8th__2017-09-11_04-08-29.mp4,36500,93119,93372,254,data/interim/bellevue_ne8th/tracks_Bellevue_Bellevue_NE8th__2017-09-11_04-08-29.parquet,8be6085132d6847aa218cf62827f8da558406bd6caede9a954cb963ebccecd6b,True
protocol_pilot_v1,protocol_pilot,available_for_protocol_development,protocol_pilot,476,bellevue_ne8th,bellevue_ne8th:472177,target_estimation,Bellevue_Bellevue_NE8th__2017-09-11_01-08-29,data/raw/bellevue_ne8th/Bellevue_Bellevue_NE8th__2017-09-11_01-08-29.mp4,377,1201,1884,684,data/interim/bellevue_ne8th/tracks_Bellevue_Bellevue_NE8th__2017-09-11_01-08-29.parquet,aeee5254f3ab93a49f51ad5b17471f896ac7891383e17e22610c29b0989a543c,True
protocol_pilot_v1,protocol_pilot,available_for_protocol_development,protocol_pilot,477,bellevue_ne8th,bellevue_ne8th:18752,target_estimation,Bellevue_Bellevue_NE8th__2017-09-10_18-08-23,data/raw/bellevue_ne8th/Bellevue_Bellevue_NE8th__2017-09-10_18-08-23.mp4,18752,21626,21877,252,data/interim/bellevue_ne8th/tracks_Bellevue_Bellevue_NE8th__2017-09-10_18-08-23.parquet,ebb92cd99ea9f2abbd9173f8322c23124fac535dbb35fcc82bcbbadb4df954af,True
protocol_pilot_v1,protocol_pilot,available_for_protocol_development,protocol_pilot,478,bellevue_ne8th,bellevue_ne8th:406879,target_estimation,Bellevue_Bellevue_NE8th__2017-09-10_23-08-29,data/raw/bellevue_ne8th/Bellevue_Bellevue_NE8th__2017-09-10_23-08-29.mp4,28618,61752,62634,883,data/interim/bellevue_ne8th/tracks_Bellevue_Bellevue_NE8th__2017-09-10_23-08-29.parquet,9a2b5fb270c10d622f7d0a79471546ff1bbb1edec206c8773e4bac10dc5ba67c,True
protocol_pilot_v1,protocol_pilot,available_for_protocol_development,protocol_pilot,479,bellevue_ne8th,bellevue_ne8th:375647,target_estimation,Bellevue_Bellevue_NE8th__2017-09-10_22-08-28,data/raw/bellevue_ne8th/Bellevue_Bellevue_NE8th__2017-09-10_22-08-28.mp4,47284,102719,103360,642,data/interim/bellevue_ne8th/tracks_Bellevue_Bellevue_NE8th__2017-09-10_22-08-28.parquet,a26e2e07f441d4472f45b18c8d85d8d8fe9b29f6436c1667805c42351e2012de,True
protocol_pilot_v1,protocol_pilot,available_for_protocol_development,protocol_pilot,480,bellevue_ne8th,bellevue_ne8th:266122,target_estimation,Bellevue_Bellevue_NE8th__2017-09-10_21-08-28,data/raw/bellevue_ne8th/Bellevue_Bellevue_NE8th__2017-09-10_21-08-28.mp4,6646,9826,10138,313,data/interim/bellevue_ne8th/tracks_Bellevue_Bellevue_NE8th__2017-09-10_21-08-28.parquet,c6757ba9d22be3e38c5f2e567a77fedfaaa7c0ed24dbbd791ebd9c7efe18efa9,True
protocol_pilot_v1,protocol_pilot,available_for_protocol_development,protocol_pilot,481,bellevue_ne8th,bellevue_ne8th:553557,target_estimation,Bellevue_Bellevue_NE8th__2017-09-11_03-08-29,data/raw/bellevue_ne8th/Bellevue_Bellevue_NE8th__2017-09-11_03-08-29.mp4,11839,31728,32416,689,data/interim/bellevue_ne8th/tracks_Bellevue_Bellevue_NE8th__2017-09-11_03-08-29.parquet,2745c4e40d8a72640e17d228248807a67fdbb0b185bab63ead3ced1163822aa9,True
protocol_pilot_v1,protocol_pilot,available_for_protocol_development,protocol_pilot,482,bellevue_ne8th,bellevue_ne8th:239873,target_estimation,Bellevue_Bellevue_NE8th__2017-09-10_20-08-24,data/raw/bellevue_ne8th/Bellevue_Bellevue_NE8th__2017-09-10_20-08-24.mp4,59857,80903,81295,393,data/interim/bellevue_ne8th/tracks_Bellevue_Bellevue_NE8th__2017-09-10_20-08-24.parquet,4615068e21c5421e24725706e889344fbd14960f31a4b26d35003144ed2076b0,True
protocol_pilot_v1,protocol_pilot,available_for_protocol_development,protocol_pilot,483,bellevue_ne8th,bellevue_ne8th:658699,target_estimation,Bellevue_Bellevue_NE8th__2017-09-11_05-08-29,data/raw/bellevue_ne8th/Bellevue_Bellevue_NE8th__2017-09-11_05-08-29.mp4,35682,76346,76622,277,data/interim/bellevue_ne8th/tracks_Bellevue_Bellevue_NE8th__2017-09-11_05-08-29.parquet,bbd792ee4987e67aa11f0bad61e753c97353c049e7b13e0753aa360df742a43d,True
protocol_pilot_v1,protocol_pilot,available_for_protocol_development,protocol_pilot,484,bellevue_ne8th,bellevue_ne8th:720053,target_estimation,Bellevue_Bellevue_NE8th__2017-09-11_06-08-29,data/raw/bellevue_ne8th/Bellevue_Bellevue_NE8th__2017-09-11_06-08-29.mp4,45241,94436,94651,216,data/interim/bellevue_ne8th/tracks_Bellevue_Bellevue_NE8th__2017-09-11_06-08-29.parquet,f577f6e7630a03540e3e227e5236a7d720ed9d9d7be68f19db84a95204766b79,True
protocol_pilot_v1,protocol_pilot,available_for_protocol_development,protocol_pilot,485,bellevue_ne8th,bellevue_ne8th:529231,target_estimation,Bellevue_Bellevue_NE8th__2017-09-11_02-08-29,data/raw/bellevue_ne8th/Bellevue_Bellevue_NE8th__2017-09-11_02-08-29.mp4,23912,71765,71953,189,data/interim/bellevue_ne8th/tracks_Bellevue_Bellevue_NE8th__2017-09-11_02-08-29.parquet,bee385f6f135bc794c1bf34bd694a80d7598ca90f7636b06cf0c425174bd3562,True
protocol_pilot_v1,protocol_pilot,available_for_protocol_development,protocol_pilot,486,bellevue_ne8th,bellevue_ne8th:430995,target_estimation,Bellevue_Bellevue_NE8th__2017-09-11_00-08-29,data/raw/bellevue_ne8th/Bellevue_Bellevue_NE8th__2017-09-11_00-08-29.mp4,3623,8913,9889,977,data/interim/bellevue_ne8th/tracks_Bellevue_Bellevue_NE8th__2017-09-11_00-08-29.parquet,eb82c32e778f3b3e0b0921f4f10ea92f88d746646b31e04b2f74da89629b5c95,True
protocol_pilot_v1,protocol_pilot,available_for_protocol_development,protocol_pilot,487,bellevue_ne8th,bellevue_ne8th:122837,target_estimation,Bellevue_Bellevue_NE8th__2017-09-10_19-08-24,data/raw/bellevue_ne8th/Bellevue_Bellevue_NE8th__2017-09-10_19-08-24.mp4,22119,28546,28827,282,data/interim/bellevue_ne8th/tracks_Bellevue_Bellevue_NE8th__2017-09-10_19-08-24.parquet,40b2d2d832f177738940979a365e3221bc9971f0b166ccef5b420242cc82fd36,True
protocol_pilot_v1,protocol_pilot,available_for_protocol_development,protocol_pilot,488,bellevue_ne8th,bellevue_ne8th:608349,target_estimation,Bellevue_Bellevue_NE8th__2017-09-11_04-08-29,data/raw/bellevue_ne8th/Bellevue_Bellevue_NE8th__2017-09-11_04-08-29.mp4,27639,72865,73970,1106,data/interim/bellevue_ne8th/tracks_Bellevue_Bellevue_NE8th__2017-09-11_04-08-29.parquet,8be6085132d6847aa218cf62827f8da558406bd6caede9a954cb963ebccecd6b,True
protocol_pilot_v1,protocol_pilot,available_for_protocol_development,protocol_pilot,489,bellevue_ne8th,bellevue_ne8th:494420,target_estimation,Bellevue_Bellevue_NE8th__2017-09-11_01-08-29,data/raw/bellevue_ne8th/Bellevue_Bellevue_NE8th__2017-09-11_01-08-29.mp4,22620,65831,65986,156,data/interim/bellevue_ne8th/tracks_Bellevue_Bellevue_NE8th__2017-09-11_01-08-29.parquet,aeee5254f3ab93a49f51ad5b17471f896ac7891383e17e22610c29b0989a543c,True
protocol_pilot_v1,protocol_pilot,available_for_protocol_development,protocol_pilot,490,bellevue_ne8th,bellevue_ne8th:72782,target_estimation,Bellevue_Bellevue_NE8th__2017-09-10_18-08-23,data/raw/bellevue_ne8th/Bellevue_Bellevue_NE8th__2017-09-10_18-08-23.mp4,72782,78795,79134,340,data/interim/bellevue_ne8th/tracks_Bellevue_Bellevue_NE8th__2017-09-10_18-08-23.parquet,ebb92cd99ea9f2abbd9173f8322c23124fac535dbb35fcc82bcbbadb4df954af,True
protocol_pilot_v1,protocol_pilot,available_for_protocol_development,protocol_pilot,491,bellevue_ne8th,bellevue_ne8th:411573,target_estimation,Bellevue_Bellevue_NE8th__2017-09-10_23-08-29,data/raw/bellevue_ne8th/Bellevue_Bellevue_NE8th__2017-09-10_23-08-29.mp4,33312,71943,72206,264,data/interim/bellevue_ne8th/tracks_Bellevue_Bellevue_NE8th__2017-09-10_23-08-29.parquet,9a2b5fb270c10d622f7d0a79471546ff1bbb1edec206c8773e4bac10dc5ba67c,True
protocol_pilot_v1,protocol_pilot,available_for_protocol_development,protocol_pilot,492,bellevue_ne8th,bellevue_ne8th:370286,target_estimation,Bellevue_Bellevue_NE8th__2017-09-10_22-08-28,data/raw/bellevue_ne8th/Bellevue_Bellevue_NE8th__2017-09-10_22-08-28.mp4,41923,90532,91114,583,data/interim/bellevue_ne8th/tracks_Bellevue_Bellevue_NE8th__2017-09-10_22-08-28.parquet,a26e2e07f441d4472f45b18c8d85d8d8fe9b29f6436c1667805c42351e2012de,True
protocol_pilot_v1,protocol_pilot,available_for_protocol_development,protocol_pilot,493,bellevue_ne8th,bellevue_ne8th:286582,target_estimation,Bellevue_Bellevue_NE8th__2017-09-10_21-08-28,data/raw/bellevue_ne8th/Bellevue_Bellevue_NE8th__2017-09-10_21-08-28.mp4,27106,41267,41484,218,data/interim/bellevue_ne8th/tracks_Bellevue_Bellevue_NE8th__2017-09-10_21-08-28.parquet,c6757ba9d22be3e38c5f2e567a77fedfaaa7c0ed24dbbd791ebd9c7efe18efa9,True
protocol_pilot_v1,protocol_pilot,available_for_protocol_development,protocol_pilot,494,bellevue_ne8th,bellevue_ne8th:563936,target_estimation,Bellevue_Bellevue_NE8th__2017-09-11_03-08-29,data/raw/bellevue_ne8th/Bellevue_Bellevue_NE8th__2017-09-11_03-08-29.mp4,22218,62836,63281,446,data/interim/bellevue_ne8th/tracks_Bellevue_Bellevue_NE8th__2017-09-11_03-08-29.parquet,2745c4e40d8a72640e17d228248807a67fdbb0b185bab63ead3ced1163822aa9,True
protocol_pilot_v1,protocol_pilot,available_for_protocol_development,protocol_pilot,495,bellevue_ne8th,bellevue_ne8th:241983,target_estimation,Bellevue_Bellevue_NE8th__2017-09-10_20-08-24,data/raw/bellevue_ne8th/Bellevue_Bellevue_NE8th__2017-09-10_20-08-24.mp4,61967,83333,83578,246,data/interim/bellevue_ne8th/tracks_Bellevue_Bellevue_NE8th__2017-09-10_20-08-24.parquet,4615068e21c5421e24725706e889344fbd14960f31a4b26d35003144ed2076b0,True
protocol_pilot_v1,protocol_pilot,available_for_protocol_development,protocol_pilot,496,bellevue_ne8th,bellevue_ne8th:659759,target_estimation,Bellevue_Bellevue_NE8th__2017-09-11_05-08-29,data/raw/bellevue_ne8th/Bellevue_Bellevue_NE8th__2017-09-11_05-08-29.mp4,36742,78615,79368,754,data/interim/bellevue_ne8th/tracks_Bellevue_Bellevue_NE8th__2017-09-11_05-08-29.parquet,bbd792ee4987e67aa11f0bad61e753c97353c049e7b13e0753aa360df742a43d,True
protocol_pilot_v1,protocol_pilot,available_for_protocol_development,protocol_pilot,497,bellevue_ne8th,bellevue_ne8th:718510,target_estimation,Bellevue_Bellevue_NE8th__2017-09-11_06-08-29,data/raw/bellevue_ne8th/Bellevue_Bellevue_NE8th__2017-09-11_06-08-29.mp4,43698,89329,89541,213,data/interim/bellevue_ne8th/tracks_Bellevue_Bellevue_NE8th__2017-09-11_06-08-29.parquet,f577f6e7630a03540e3e227e5236a7d720ed9d9d7be68f19db84a95204766b79,True
protocol_pilot_v1,protocol_pilot,available_for_protocol_development,protocol_pilot,498,bellevue_ne8th,bellevue_ne8th:513757,target_estimation,Bellevue_Bellevue_NE8th__2017-09-11_02-08-29,data/raw/bellevue_ne8th/Bellevue_Bellevue_NE8th__2017-09-11_02-08-29.mp4,8438,24297,25002,706,data/interim/bellevue_ne8th/tracks_Bellevue_Bellevue_NE8th__2017-09-11_02-08-29.parquet,bee385f6f135bc794c1bf34bd694a80d7598ca90f7636b06cf0c425174bd3562,True
protocol_pilot_v1,protocol_pilot,available_for_protocol_development,protocol_pilot,499,bellevue_ne8th,bellevue_ne8th:443671,target_estimation,Bellevue_Bellevue_NE8th__2017-09-11_00-08-29,data/raw/bellevue_ne8th/Bellevue_Bellevue_NE8th__2017-09-11_00-08-29.mp4,16299,39671,40241,571,data/interim/bellevue_ne8th/tracks_Bellevue_Bellevue_NE8th__2017-09-11_00-08-29.parquet,eb82c32e778f3b3e0b0921f4f10ea92f88d746646b31e04b2f74da89629b5c95,True
protocol_pilot_v1,protocol_pilot,available_for_protocol_development,protocol_pilot,500,bellevue_ne8th,bellevue_ne8th:133857,target_estimation,Bellevue_Bellevue_NE8th__2017-09-10_19-08-24,data/raw/bellevue_ne8th/Bellevue_Bellevue_NE8th__2017-09-10_19-08-24.mp4,33139,45117,45468,352,data/interim/bellevue_ne8th/tracks_Bellevue_Bellevue_NE8th__2017-09-10_19-08-24.parquet,40b2d2d832f177738940979a365e3221bc9971f0b166ccef5b420242cc82fd36,True
