scene,method,trial_index,fit_random_seed,params_json,n_total,n_clusters,cluster_count_error,n_outliers,pct_outliers,largest_cluster_ratio,fit_time_s,hg_estimated_target,silhouette_clustered_only,davies_bouldin_clustered_only,calinski_harabasz_clustered_only,quick_score,EMAS_HG,error,untargeted_selection_key_json,hg_expected_selection_key_json,selected_untargeted,selected_hg_expected_aware
bellevue_116th_ne12th,kmeans,1,20260703,"{""max_iter"": 300, ""n_clusters"": 2, ""n_init"": 10}",634,2,8,0,0.0,0.6829652996845426,1.3013961999677122,10,0.5335929331086898,0.887839730002715,666.9037477791044,0.39597952695001043,0.46135371499081834,,"[-0.5335929331086898, 0.887839730002715, -666.9037477791044, 0.6829652996845426, ""{\""max_iter\"": 300, \""n_clusters\"": 2, \""n_init\"": 10}""]","[8.0, -0.5335929331086898, 0.887839730002715, -666.9037477791044, 0.6829652996845426, ""{\""max_iter\"": 300, \""n_clusters\"": 2, \""n_init\"": 10}""]",False,False
bellevue_116th_ne12th,kmeans,2,20260704,"{""max_iter"": 300, ""n_clusters"": 3, ""n_init"": 10}",634,3,7,0,0.0,0.4148264984227129,0.023309900076128542,10,0.6280549876180954,0.6002543079198633,928.9732612188737,0.4399151333764077,0.5524101672141818,,"[-0.6280549876180954, 0.6002543079198633, -928.9732612188737, 0.4148264984227129, ""{\""max_iter\"": 300, \""n_clusters\"": 3, \""n_init\"": 10}""]","[7.0, -0.6280549876180954, 0.6002543079198633, -928.9732612188737, 0.4148264984227129, ""{\""max_iter\"": 300, \""n_clusters\"": 3, \""n_init\"": 10}""]",False,False
bellevue_116th_ne12th,kmeans,3,20260705,"{""max_iter"": 300, ""n_clusters"": 4, ""n_init"": 10}",634,4,6,0,0.0,0.4148264984227129,0.022616899921558797,10,0.7070359096075188,0.42724917659751094,1393.7408248330246,0.45747299939488,0.6139339960087982,,"[-0.7070359096075188, 0.42724917659751094, -1393.7408248330246, 0.4148264984227129, ""{\""max_iter\"": 300, \""n_clusters\"": 4, \""n_init\"": 10}""]","[6.0, -0.7070359096075188, 0.42724917659751094, -1393.7408248330246, 0.4148264984227129, ""{\""max_iter\"": 300, \""n_clusters\"": 4, \""n_init\"": 10}""]",False,False
bellevue_116th_ne12th,kmeans,4,20260706,"{""max_iter"": 300, ""n_clusters"": 5, ""n_init"": 10}",634,5,5,0,0.0,0.305993690851735,0.024370400002226233,10,0.7556127080478844,0.35490222595760584,1981.3077196636934,0.48575096483525326,0.6809873300199524,,"[-0.7556127080478844, 0.35490222595760584, -1981.3077196636934, 0.305993690851735, ""{\""max_iter\"": 300, \""n_clusters\"": 5, \""n_init\"": 10}""]","[5.0, -0.7556127080478844, 0.35490222595760584, -1981.3077196636934, 0.305993690851735, ""{\""max_iter\"": 300, \""n_clusters\"": 5, \""n_init\"": 10}""]",False,False
bellevue_116th_ne12th,kmeans,5,20260707,"{""max_iter"": 300, ""n_clusters"": 6, ""n_init"": 10}",634,6,4,0,0.0,0.277602523659306,0.02311300009023398,10,0.7854900106671044,0.303072143057064,2197.864538526107,0.509885109110471,0.7382559700535173,,"[-0.7854900106671044, 0.303072143057064, -2197.864538526107, 0.277602523659306, ""{\""max_iter\"": 300, \""n_clusters\"": 6, \""n_init\"": 10}""]","[4.0, -0.7854900106671044, 0.303072143057064, -2197.864538526107, 0.277602523659306, ""{\""max_iter\"": 300, \""n_clusters\"": 6, \""n_init\"": 10}""]",False,False
bellevue_116th_ne12th,kmeans,6,20260708,"{""max_iter"": 300, ""n_clusters"": 7, ""n_init"": 10}",634,7,3,0,0.0,0.277602523659306,0.02388490003068,10,0.780474490831128,0.33582385363643735,2278.065402890479,0.5361935568861869,0.786123641596748,,"[-0.780474490831128, 0.33582385363643735, -2278.065402890479, 0.277602523659306, ""{\""max_iter\"": 300, \""n_clusters\"": 7, \""n_init\"": 10}""]","[3.0, -0.780474490831128, 0.33582385363643735, -2278.065402890479, 0.277602523659306, ""{\""max_iter\"": 300, \""n_clusters\"": 7, \""n_init\"": 10}""]",False,False
bellevue_116th_ne12th,kmeans,7,20260709,"{""max_iter"": 300, ""n_clusters"": 8, ""n_init"": 10}",634,8,2,0,0.0,0.27602523659305994,0.03308859991375357,10,0.7888828798142948,0.32228216127149756,2562.6264486015484,0.5829883655555297,0.8374684441129842,,"[-0.7888828798142948, 0.32228216127149756, -2562.6264486015484, 0.27602523659305994, ""{\""max_iter\"": 300, \""n_clusters\"": 8, \""n_init\"": 10}""]","[2.0, -0.7888828798142948, 0.32228216127149756, -2562.6264486015484, 0.27602523659305994, ""{\""max_iter\"": 300, \""n_clusters\"": 8, \""n_init\"": 10}""]",False,False
bellevue_116th_ne12th,kmeans,8,20260710,"{""max_iter"": 300, ""n_clusters"": 9, ""n_init"": 10}",634,9,1,0,0.0,0.27602523659305994,0.03940599993802607,10,0.7928659416523834,0.2985425834651917,2828.7168797406484,0.6755454791115733,0.8890501847998333,,"[-0.7928659416523834, 0.2985425834651917, -2828.7168797406484, 0.27602523659305994, ""{\""max_iter\"": 300, \""n_clusters\"": 9, \""n_init\"": 10}""]","[1.0, -0.7928659416523834, 0.2985425834651917, -2828.7168797406484, 0.27602523659305994, ""{\""max_iter\"": 300, \""n_clusters\"": 9, \""n_init\"": 10}""]",False,False
bellevue_116th_ne12th,kmeans,9,20260711,"{""max_iter"": 300, ""n_clusters"": 10, ""n_init"": 10}",634,10,0,0,0.0,0.27602523659305994,0.042130400077439845,10,0.8066763101492748,0.26884006434666297,3165.89735429552,0.952137361537284,0.9415434312264102,,"[-0.8066763101492748, 0.26884006434666297, -3165.89735429552, 0.27602523659305994, ""{\""max_iter\"": 300, \""n_clusters\"": 10, \""n_init\"": 10}""]","[0.0, -0.8066763101492748, 0.26884006434666297, -3165.89735429552, 0.27602523659305994, ""{\""max_iter\"": 300, \""n_clusters\"": 10, \""n_init\"": 10}""]",True,True
bellevue_116th_ne12th,kmeans,10,20260712,"{""max_iter"": 300, ""n_clusters"": 11, ""n_init"": 10}",634,11,1,0,0.0,0.2618296529968454,0.04304299992509186,10,0.7626804924606689,0.37439981913966497,3532.1722907484163,0.6733305751699812,0.8847100910166135,,"[-0.7626804924606689, 0.37439981913966497, -3532.1722907484163, 0.2618296529968454, ""{\""max_iter\"": 300, \""n_clusters\"": 11, \""n_init\"": 10}""]","[1.0, -0.7626804924606689, 0.37439981913966497, -3532.1722907484163, 0.2618296529968454, ""{\""max_iter\"": 300, \""n_clusters\"": 11, \""n_init\"": 10}""]",False,False
bellevue_116th_ne12th,kmeans,11,20260713,"{""max_iter"": 300, ""n_clusters"": 12, ""n_init"": 10}",634,12,2,0,0.0,0.2618296529968454,0.04337400000076741,10,0.7508034642470816,0.39614766785518757,4015.2304686044763,0.5805033719022413,0.8329828692251464,,"[-0.7508034642470816, 0.39614766785518757, -4015.2304686044763, 0.2618296529968454, ""{\""max_iter\"": 300, \""n_clusters\"": 12, \""n_init\"": 10}""]","[2.0, -0.7508034642470816, 0.39614766785518757, -4015.2304686044763, 0.2618296529968454, ""{\""max_iter\"": 300, \""n_clusters\"": 12, \""n_init\"": 10}""]",False,False
bellevue_116th_ne12th,kmeans,12,20260714,"{""max_iter"": 300, ""n_clusters"": 13, ""n_init"": 10}",634,13,3,0,0.0,0.23817034700315456,0.04685919999610633,10,0.692464475791742,0.42445874492514657,4240.876714602062,0.5334072407540761,0.7810082924188806,,"[-0.692464475791742, 0.42445874492514657, -4240.876714602062, 0.23817034700315456, ""{\""max_iter\"": 300, \""n_clusters\"": 13, \""n_init\"": 10}""]","[3.0, -0.692464475791742, 0.42445874492514657, -4240.876714602062, 0.23817034700315456, ""{\""max_iter\"": 300, \""n_clusters\"": 13, \""n_init\"": 10}""]",False,False
bellevue_116th_ne12th,kmeans,13,20260715,"{""max_iter"": 300, ""n_clusters"": 14, ""n_init"": 10}",634,14,4,0,0.0,0.2334384858044164,0.04811969993170351,10,0.6955964796305171,0.4473372746395854,4493.055592433608,0.5059821733579157,0.730528371314747,,"[-0.6955964796305171, 0.4473372746395854, -4493.055592433608, 0.2334384858044164, ""{\""max_iter\"": 300, \""n_clusters\"": 14, \""n_init\"": 10}""]","[4.0, -0.6955964796305171, 0.4473372746395854, -4493.055592433608, 0.2334384858044164, ""{\""max_iter\"": 300, \""n_clusters\"": 14, \""n_init\"": 10}""]",False,False
bellevue_116th_ne12th,kmeans,14,20260716,"{""max_iter"": 300, ""n_clusters"": 15, ""n_init"": 10}",634,15,5,0,0.0,0.2334384858044164,0.04960259993094951,10,0.6983174097315797,0.470664631091782,4637.046631859933,0.4872369223937135,0.6795684895479563,,"[-0.6983174097315797, 0.470664631091782, -4637.046631859933, 0.2334384858044164, ""{\""max_iter\"": 300, \""n_clusters\"": 15, \""n_init\"": 10}""]","[5.0, -0.6983174097315797, 0.470664631091782, -4637.046631859933, 0.2334384858044164, ""{\""max_iter\"": 300, \""n_clusters\"": 15, \""n_init\"": 10}""]",False,False
bellevue_116th_ne12th,kmeans,15,20260717,"{""max_iter"": 300, ""n_clusters"": 16, ""n_init"": 10}",634,16,6,0,0.0,0.20504731861198738,0.04921760002616793,10,0.6525074929843793,0.47828316632574974,5018.408102892717,0.47451509061514,0.6297666812994026,,"[-0.6525074929843793, 0.47828316632574974, -5018.408102892717, 0.20504731861198738, ""{\""max_iter\"": 300, \""n_clusters\"": 16, \""n_init\"": 10}""]","[6.0, -0.6525074929843793, 0.47828316632574974, -5018.408102892717, 0.20504731861198738, ""{\""max_iter\"": 300, \""n_clusters\"": 16, \""n_init\"": 10}""]",False,False
bellevue_116th_ne12th,kmeans,16,20260718,"{""max_iter"": 300, ""n_clusters"": 17, ""n_init"": 10}",634,17,7,0,0.0,0.15615141955835962,0.0505921000149101,10,0.659360012825812,0.4850299364858852,5186.6326170530765,0.46977221360655347,0.5846915685276521,,"[-0.659360012825812, 0.4850299364858852, -5186.6326170530765, 0.15615141955835962, ""{\""max_iter\"": 300, \""n_clusters\"": 17, \""n_init\"": 10}""]","[7.0, -0.659360012825812, 0.4850299364858852, -5186.6326170530765, 0.15615141955835962, ""{\""max_iter\"": 300, \""n_clusters\"": 17, \""n_init\"": 10}""]",False,False
bellevue_116th_ne12th,kmeans,17,20260719,"{""max_iter"": 300, ""n_clusters"": 18, ""n_init"": 10}",634,18,8,0,0.0,0.15615141955835962,0.05317830003332347,10,0.6305092550161455,0.5468483808114678,5266.5008676516445,0.459345220468844,0.5305578979204945,,"[-0.6305092550161455, 0.5468483808114678, -5266.5008676516445, 0.15615141955835962, ""{\""max_iter\"": 300, \""n_clusters\"": 18, \""n_init\"": 10}""]","[8.0, -0.6305092550161455, 0.5468483808114678, -5266.5008676516445, 0.15615141955835962, ""{\""max_iter\"": 300, \""n_clusters\"": 18, \""n_init\"": 10}""]",False,False
bellevue_116th_ne12th,kmeans,18,20260720,"{""max_iter"": 300, ""n_clusters"": 19, ""n_init"": 10}",634,19,9,0,0.0,0.1498422712933754,0.052913399995304644,10,0.6459062367221203,0.5433187333910071,5221.143154977173,0.45470879939668163,0.4821065140865948,,"[-0.6459062367221203, 0.5433187333910071, -5221.143154977173, 0.1498422712933754, ""{\""max_iter\"": 300, \""n_clusters\"": 19, \""n_init\"": 10}""]","[9.0, -0.6459062367221203, 0.5433187333910071, -5221.143154977173, 0.1498422712933754, ""{\""max_iter\"": 300, \""n_clusters\"": 19, \""n_init\"": 10}""]",False,False
bellevue_116th_ne12th,kmeans,19,20260721,"{""max_iter"": 300, ""n_clusters"": 20, ""n_init"": 10}",634,20,10,0,0.0,0.15615141955835962,0.0560415000654757,10,0.540444766098247,0.6420505913221362,5313.211936994141,0.44185682808343263,0.42230655981778875,,"[-0.540444766098247, 0.6420505913221362, -5313.211936994141, 0.15615141955835962, ""{\""max_iter\"": 300, \""n_clusters\"": 20, \""n_init\"": 10}""]","[10.0, -0.540444766098247, 0.6420505913221362, -5313.211936994141, 0.15615141955835962, ""{\""max_iter\"": 300, \""n_clusters\"": 20, \""n_init\"": 10}""]",False,False
bellevue_116th_ne12th,kmeans,20,20260722,"{""max_iter"": 300, ""n_clusters"": 21, ""n_init"": 10}",634,21,11,0,0.0,0.14511041009463724,0.05714569997508079,10,0.584458662425286,0.6322948415476523,5393.422190118479,0.4411769463372938,0.4259753338961203,,"[-0.584458662425286, 0.6322948415476523, -5393.422190118479, 0.14511041009463724, ""{\""max_iter\"": 300, \""n_clusters\"": 21, \""n_init\"": 10}""]","[11.0, -0.584458662425286, 0.6322948415476523, -5393.422190118479, 0.14511041009463724, ""{\""max_iter\"": 300, \""n_clusters\"": 21, \""n_init\"": 10}""]",False,False
bellevue_116th_ne12th,kmeans,21,20260723,"{""max_iter"": 300, ""n_clusters"": 22, ""n_init"": 10}",634,22,12,0,0.0,0.138801261829653,0.05791400000452995,10,0.5160108113542411,0.6852523943217154,5363.408608655289,0.43389725308764365,0.42125870717515596,,"[-0.5160108113542411, 0.6852523943217154, -5363.408608655289, 0.138801261829653, ""{\""max_iter\"": 300, \""n_clusters\"": 22, \""n_init\"": 10}""]","[12.0, -0.5160108113542411, 0.6852523943217154, -5363.408608655289, 0.138801261829653, ""{\""max_iter\"": 300, \""n_clusters\"": 22, \""n_init\"": 10}""]",False,False
bellevue_116th_ne12th,kmeans,22,20260724,"{""max_iter"": 300, ""n_clusters"": 23, ""n_init"": 10}",634,23,13,0,0.0,0.13406940063091483,0.059032200020737946,10,0.519546205648534,0.6833192839170533,5340.551447868692,0.43155930271071924,0.4219768066306748,,"[-0.519546205648534, 0.6833192839170533, -5340.551447868692, 0.13406940063091483, ""{\""max_iter\"": 300, \""n_clusters\"": 23, \""n_init\"": 10}""]","[13.0, -0.519546205648534, 0.6833192839170533, -5340.551447868692, 0.13406940063091483, ""{\""max_iter\"": 300, \""n_clusters\"": 23, \""n_init\"": 10}""]",False,False
bellevue_116th_ne12th,kmeans,23,20260725,"{""max_iter"": 300, ""n_clusters"": 24, ""n_init"": 10}",634,24,14,0,0.0,0.13406940063091483,0.06094869994558394,10,0.516754288005037,0.7233254323449158,5347.546198270347,0.42811111367502147,0.4204581196795492,,"[-0.516754288005037, 0.7233254323449158, -5347.546198270347, 0.13406940063091483, ""{\""max_iter\"": 300, \""n_clusters\"": 24, \""n_init\"": 10}""]","[14.0, -0.516754288005037, 0.7233254323449158, -5347.546198270347, 0.13406940063091483, ""{\""max_iter\"": 300, \""n_clusters\"": 24, \""n_init\"": 10}""]",False,False
bellevue_116th_ne12th,kmeans,24,20260726,"{""max_iter"": 300, ""n_clusters"": 25, ""n_init"": 10}",634,25,15,0,0.0,0.13406940063091483,0.06272270006593317,10,0.5269640335417388,0.7112732999715652,5424.404871638479,0.42653427138533406,0.4213772811566726,,"[-0.5269640335417388, 0.7112732999715652, -5424.404871638479, 0.13406940063091483, ""{\""max_iter\"": 300, \""n_clusters\"": 25, \""n_init\"": 10}""]","[15.0, -0.5269640335417388, 0.7112732999715652, -5424.404871638479, 0.13406940063091483, ""{\""max_iter\"": 300, \""n_clusters\"": 25, \""n_init\"": 10}""]",False,False
bellevue_116th_ne12th,kmeans,25,20260727,"{""max_iter"": 300, ""n_clusters"": 26, ""n_init"": 10}",634,26,16,0,0.0,0.12933753943217666,0.06419209996238351,10,0.5399192686025444,0.6674679248444739,5534.56997047784,0.4264007349466062,0.4240333780533616,,"[-0.5399192686025444, 0.6674679248444739, -5534.56997047784, 0.12933753943217666, ""{\""max_iter\"": 300, \""n_clusters\"": 26, \""n_init\"": 10}""]","[16.0, -0.5399192686025444, 0.6674679248444739, -5534.56997047784, 0.12933753943217666, ""{\""max_iter\"": 300, \""n_clusters\"": 26, \""n_init\"": 10}""]",False,False
bellevue_116th_ne12th,kmeans,26,20260728,"{""max_iter"": 300, ""n_clusters"": 27, ""n_init"": 10}",634,27,17,0,0.0,0.14195583596214512,0.06540289998520166,10,0.5510428455978192,0.6479462459646439,5408.545408119621,0.42425290971264984,0.4240381496305121,,"[-0.5510428455978192, 0.6479462459646439, -5408.545408119621, 0.14195583596214512, ""{\""max_iter\"": 300, \""n_clusters\"": 27, \""n_init\"": 10}""]","[17.0, -0.5510428455978192, 0.6479462459646439, -5408.545408119621, 0.14195583596214512, ""{\""max_iter\"": 300, \""n_clusters\"": 27, \""n_init\"": 10}""]",False,False
bellevue_116th_ne12th,kmeans,27,20260729,"{""max_iter"": 300, ""n_clusters"": 28, ""n_init"": 10}",634,28,18,0,0.0,0.12618296529968454,0.07655759993940592,10,0.5445653671434075,0.6854137094334858,5626.732521845029,0.4232236469361279,0.4239425852029486,,"[-0.5445653671434075, 0.6854137094334858, -5626.732521845029, 0.12618296529968454, ""{\""max_iter\"": 300, \""n_clusters\"": 28, \""n_init\"": 10}""]","[18.0, -0.5445653671434075, 0.6854137094334858, -5626.732521845029, 0.12618296529968454, ""{\""max_iter\"": 300, \""n_clusters\"": 28, \""n_init\"": 10}""]",False,False
bellevue_116th_ne12th,kmeans,28,20260730,"{""max_iter"": 300, ""n_clusters"": 29, ""n_init"": 10}",634,29,19,0,0.0,0.12933753943217666,0.06541349994949996,10,0.528900512968331,0.6829094695942155,5456.419299545299,0.42072172310105205,0.42293217449690523,,"[-0.528900512968331, 0.6829094695942155, -5456.419299545299, 0.12933753943217666, ""{\""max_iter\"": 300, \""n_clusters\"": 29, \""n_init\"": 10}""]","[19.0, -0.528900512968331, 0.6829094695942155, -5456.419299545299, 0.12933753943217666, ""{\""max_iter\"": 300, \""n_clusters\"": 29, \""n_init\"": 10}""]",False,False
bellevue_116th_ne12th,kmeans,29,20260731,"{""max_iter"": 300, ""n_clusters"": 30, ""n_init"": 10}",634,30,20,0,0.0,0.12933753943217666,0.06870480009820312,10,0.5068955356589422,0.7177697905123644,5572.346198952783,0.41770900824137086,0.4206260412620599,,"[-0.5068955356589422, 0.7177697905123644, -5572.346198952783, 0.12933753943217666, ""{\""max_iter\"": 300, \""n_clusters\"": 30, \""n_init\"": 10}""]","[20.0, -0.5068955356589422, 0.7177697905123644, -5572.346198952783, 0.12933753943217666, ""{\""max_iter\"": 300, \""n_clusters\"": 30, \""n_init\"": 10}""]",False,False
bellevue_116th_ne12th,hdbscan,1,20260703,"{""min_cluster_size"": 80, ""min_samples"": 10}",634,4,6,4,0.6309148264984227,0.4174603174603175,0.012656099977903068,10,0.7143497645807769,0.42012450702313275,1423.6982182934707,0.45648923591851903,0.6131259878641706,,"[-0.7143497645807769, 0.42012450702313275, -1423.6982182934707, 0.4174603174603175, ""{\""min_cluster_size\"": 80, \""min_samples\"": 10}""]","[6.0, 0.6309148264984227, -0.7143497645807769, 0.42012450702313275, -1423.6982182934707, 0.4174603174603175, ""{\""min_cluster_size\"": 80, \""min_samples\"": 10}""]",True,True
bellevue_116th_ne12th,hdbscan,2,20260704,"{""min_cluster_size"": 80, ""min_samples"": 20}",634,3,7,7,1.1041009463722398,0.4194577352472089,0.012832999927923083,10,0.6335595318946218,0.590329762881821,938.7635287687262,0.43771402145922006,0.5504040417411744,,"[-0.6335595318946218, 0.590329762881821, -938.7635287687262, 0.4194577352472089, ""{\""min_cluster_size\"": 80, \""min_samples\"": 20}""]","[7.0, 1.1041009463722398, -0.6335595318946218, 0.590329762881821, -938.7635287687262, 0.4194577352472089, ""{\""min_cluster_size\"": 80, \""min_samples\"": 20}""]",False,False
bellevue_116th_ne12th,hdbscan,3,20260705,"{""min_cluster_size"": 160, ""min_samples"": 10}",634,3,7,0,0.0,0.4148264984227129,0.011797900078818202,10,0.6280549876180954,0.6002543079198633,928.9732612188736,0.4399151333764077,0.5524101672141818,,"[-0.6280549876180954, 0.6002543079198633, -928.9732612188736, 0.4148264984227129, ""{\""min_cluster_size\"": 160, \""min_samples\"": 10}""]","[7.0, 0.0, -0.6280549876180954, 0.6002543079198633, -928.9732612188736, 0.4148264984227129, ""{\""min_cluster_size\"": 160, \""min_samples\"": 10}""]",False,False
bellevue_116th_ne12th,hdbscan,4,20260706,"{""min_cluster_size"": 160, ""min_samples"": 20}",634,3,7,7,1.1041009463722398,0.4194577352472089,0.012760400073602796,10,0.6335595318946218,0.590329762881821,938.7635287687262,0.43771402145922006,0.5504040417411744,,"[-0.6335595318946218, 0.590329762881821, -938.7635287687262, 0.4194577352472089, ""{\""min_cluster_size\"": 160, \""min_samples\"": 20}""]","[7.0, 1.1041009463722398, -0.6335595318946218, 0.590329762881821, -938.7635287687262, 0.4194577352472089, ""{\""min_cluster_size\"": 160, \""min_samples\"": 20}""]",False,False
bellevue_116th_ne12th,hdbscan,5,20260707,"{""min_cluster_size"": 320, ""min_samples"": 10}",634,0,10,634,100.0,,0.009963100077584386,10,,,,0.17500000000000002,0.15000000000000002,,"[1.0, ""Infinity"", ""Infinity"", 1.0, ""{\""min_cluster_size\"": 320, \""min_samples\"": 10}""]","[10.0, 100.0, 1.0, ""Infinity"", ""Infinity"", 1.0, ""{\""min_cluster_size\"": 320, \""min_samples\"": 10}""]",False,False
bellevue_116th_ne12th,hdbscan,6,20260708,"{""min_cluster_size"": 320, ""min_samples"": 20}",634,0,10,634,100.0,,0.011163299903273582,10,,,,0.17500000000000002,0.15000000000000002,,"[1.0, ""Infinity"", ""Infinity"", 1.0, ""{\""min_cluster_size\"": 320, \""min_samples\"": 20}""]","[10.0, 100.0, 1.0, ""Infinity"", ""Infinity"", 1.0, ""{\""min_cluster_size\"": 320, \""min_samples\"": 20}""]",False,False
bellevue_116th_ne12th,optics,1,20260703,"{""max_eps"": 0.028528990860990387, ""min_samples"": 40, ""xi"": 0.05}",634,3,7,434,68.45425867507886,0.425,0.08297310001216829,10,0.965340495392891,0.04912309566539761,62864.578588499615,0.33526735718323925,0.4641762069469916,,"[-0.965340495392891, 0.04912309566539761, -62864.578588499615, 0.425, ""{\""max_eps\"": 0.028528990860990387, \""min_samples\"": 40, \""xi\"": 0.05}""]","[7.0, 68.45425867507886, -0.965340495392891, 0.04912309566539761, -62864.578588499615, 0.425, ""{\""max_eps\"": 0.028528990860990387, \""min_samples\"": 40, \""xi\"": 0.05}""]",True,False
bellevue_116th_ne12th,optics,2,20260704,"{""max_eps"": 0.0425915111606225, ""min_samples"": 40, ""xi"": 0.05}",634,4,6,265,41.798107255520506,0.32791327913279134,0.20248049998190254,10,0.9290901175698363,0.10691598032267534,28601.636152720723,0.4038089387417336,0.5704080568864385,,"[-0.9290901175698363, 0.10691598032267534, -28601.636152720723, 0.32791327913279134, ""{\""max_eps\"": 0.0425915111606225, \""min_samples\"": 40, \""xi\"": 0.05}""]","[6.0, 41.798107255520506, -0.9290901175698363, 0.10691598032267534, -28601.636152720723, 0.32791327913279134, ""{\""max_eps\"": 0.0425915111606225, \""min_samples\"": 40, \""xi\"": 0.05}""]",False,False
bellevue_116th_ne12th,optics,3,20260705,"{""max_eps"": 0.11784142357479498, ""min_samples"": 40, ""xi"": 0.05}",634,5,5,142,22.397476340694006,0.3353658536585366,0.3728363999398425,10,0.8932878084663689,0.15058500083432474,12226.767924479738,0.4514556739237331,0.6532451621380561,,"[-0.8932878084663689, 0.15058500083432474, -12226.767924479738, 0.3353658536585366, ""{\""max_eps\"": 0.11784142357479498, \""min_samples\"": 40, \""xi\"": 0.05}""]","[5.0, 22.397476340694006, -0.8932878084663689, 0.15058500083432474, -12226.767924479738, 0.3353658536585366, ""{\""max_eps\"": 0.11784142357479498, \""min_samples\"": 40, \""xi\"": 0.05}""]",False,False
bellevue_116th_ne12th,optics,4,20260706,"{""max_eps"": 0.31873943664454396, ""min_samples"": 40, ""xi"": 0.05}",634,5,5,107,16.876971608832807,0.31688804554079697,0.46497890003956854,10,0.8491730113229672,0.25217750893065227,3484.0461859320326,0.45861301034776125,0.6568767845677861,,"[-0.8491730113229672, 0.25217750893065227, -3484.0461859320326, 0.31688804554079697, ""{\""max_eps\"": 0.31873943664454396, \""min_samples\"": 40, \""xi\"": 0.05}""]","[5.0, 16.876971608832807, -0.8491730113229672, 0.25217750893065227, -3484.0461859320326, 0.31688804554079697, ""{\""max_eps\"": 0.31873943664454396, \""min_samples\"": 40, \""xi\"": 0.05}""]",False,True
bellevue_116th_ne12th,optics,5,20260707,"{""max_eps"": 0.028528990860990387, ""min_samples"": 40, ""xi"": 0.07}",634,3,7,434,68.45425867507886,0.425,0.0844972999766469,10,0.965340495392891,0.04912309566539761,62864.578588499615,0.33526735718323925,0.4641762069469916,,"[-0.965340495392891, 0.04912309566539761, -62864.578588499615, 0.425, ""{\""max_eps\"": 0.028528990860990387, \""min_samples\"": 40, \""xi\"": 0.07}""]","[7.0, 68.45425867507886, -0.965340495392891, 0.04912309566539761, -62864.578588499615, 0.425, ""{\""max_eps\"": 0.028528990860990387, \""min_samples\"": 40, \""xi\"": 0.07}""]",False,False
bellevue_116th_ne12th,optics,6,20260708,"{""max_eps"": 0.0425915111606225, ""min_samples"": 40, ""xi"": 0.07}",634,4,6,265,41.798107255520506,0.32791327913279134,0.20157639996614307,10,0.9290901175698363,0.10691598032267534,28601.636152720723,0.4038089387417336,0.5704080568864385,,"[-0.9290901175698363, 0.10691598032267534, -28601.636152720723, 0.32791327913279134, ""{\""max_eps\"": 0.0425915111606225, \""min_samples\"": 40, \""xi\"": 0.07}""]","[6.0, 41.798107255520506, -0.9290901175698363, 0.10691598032267534, -28601.636152720723, 0.32791327913279134, ""{\""max_eps\"": 0.0425915111606225, \""min_samples\"": 40, \""xi\"": 0.07}""]",False,False
bellevue_116th_ne12th,optics,7,20260709,"{""max_eps"": 0.11784142357479498, ""min_samples"": 40, ""xi"": 0.07}",634,5,5,142,22.397476340694006,0.3353658536585366,0.38454409991391003,10,0.8932878084663689,0.15058500083432474,12226.767924479738,0.4514556739237331,0.6532451621380561,,"[-0.8932878084663689, 0.15058500083432474, -12226.767924479738, 0.3353658536585366, ""{\""max_eps\"": 0.11784142357479498, \""min_samples\"": 40, \""xi\"": 0.07}""]","[5.0, 22.397476340694006, -0.8932878084663689, 0.15058500083432474, -12226.767924479738, 0.3353658536585366, ""{\""max_eps\"": 0.11784142357479498, \""min_samples\"": 40, \""xi\"": 0.07}""]",False,False
bellevue_116th_ne12th,optics,8,20260710,"{""max_eps"": 0.31873943664454396, ""min_samples"": 40, ""xi"": 0.07}",634,5,5,107,16.876971608832807,0.31688804554079697,0.41825600003357977,10,0.8491730113229672,0.25217750893065227,3484.0461859320326,0.45861301034776125,0.6568767845677861,,"[-0.8491730113229672, 0.25217750893065227, -3484.0461859320326, 0.31688804554079697, ""{\""max_eps\"": 0.31873943664454396, \""min_samples\"": 40, \""xi\"": 0.07}""]","[5.0, 16.876971608832807, -0.8491730113229672, 0.25217750893065227, -3484.0461859320326, 0.31688804554079697, ""{\""max_eps\"": 0.31873943664454396, \""min_samples\"": 40, \""xi\"": 0.07}""]",False,False
bellevue_116th_ne12th,optics,9,20260711,"{""max_eps"": 0.028528990860990387, ""min_samples"": 80, ""xi"": 0.05}",634,0,10,634,100.0,,1.666635400033556,10,,,,0.17500000000000002,0.15000000000000002,,"[1.0, ""Infinity"", ""Infinity"", 1.0, ""{\""max_eps\"": 0.028528990860990387, \""min_samples\"": 80, \""xi\"": 0.05}""]","[10.0, 100.0, 1.0, ""Infinity"", ""Infinity"", 1.0, ""{\""max_eps\"": 0.028528990860990387, \""min_samples\"": 80, \""xi\"": 0.05}""]",False,False
bellevue_116th_ne12th,optics,10,20260712,"{""max_eps"": 0.0425915111606225, ""min_samples"": 80, ""xi"": 0.05}",634,1,9,522,82.33438485804416,1.0,0.07230140001047403,10,,,,0.1653312302839117,0.18533123028391169,,"[1.0, ""Infinity"", ""Infinity"", 1.0, ""{\""max_eps\"": 0.0425915111606225, \""min_samples\"": 80, \""xi\"": 0.05}""]","[9.0, 82.33438485804416, 1.0, ""Infinity"", ""Infinity"", 1.0, ""{\""max_eps\"": 0.0425915111606225, \""min_samples\"": 80, \""xi\"": 0.05}""]",False,False
bellevue_116th_ne12th,optics,11,20260713,"{""max_eps"": 0.11784142357479498, ""min_samples"": 80, ""xi"": 0.05}",634,3,7,210,33.12302839116719,0.3891509433962264,0.28957520006224513,10,0.8913419771120696,0.15424785210844114,13310.498805428668,0.401474200315764,0.5260424528978814,,"[-0.8913419771120696, 0.15424785210844114, -13310.498805428668, 0.3891509433962264, ""{\""max_eps\"": 0.11784142357479498, \""min_samples\"": 80, \""xi\"": 0.05}""]","[7.0, 33.12302839116719, -0.8913419771120696, 0.15424785210844114, -13310.498805428668, 0.3891509433962264, ""{\""max_eps\"": 0.11784142357479498, \""min_samples\"": 80, \""xi\"": 0.05}""]",False,False
bellevue_116th_ne12th,optics,12,20260714,"{""max_eps"": 0.31873943664454396, ""min_samples"": 80, ""xi"": 0.05}",634,3,7,102,16.08832807570978,0.4943609022556391,0.3235137000447139,10,0.7299118952335184,0.39006555708047247,1633.9213695568887,0.4096023749622835,0.5268219015398746,,"[-0.7299118952335184, 0.39006555708047247, -1633.9213695568887, 0.4943609022556391, ""{\""max_eps\"": 0.31873943664454396, \""min_samples\"": 80, \""xi\"": 0.05}""]","[7.0, 16.08832807570978, -0.7299118952335184, 0.39006555708047247, -1633.9213695568887, 0.4943609022556391, ""{\""max_eps\"": 0.31873943664454396, \""min_samples\"": 80, \""xi\"": 0.05}""]",False,False
bellevue_116th_ne12th,optics,13,20260715,"{""max_eps"": 0.028528990860990387, ""min_samples"": 80, ""xi"": 0.07}",634,0,10,634,100.0,,0.015865999972447753,10,,,,0.17500000000000002,0.15000000000000002,,"[1.0, ""Infinity"", ""Infinity"", 1.0, ""{\""max_eps\"": 0.028528990860990387, \""min_samples\"": 80, \""xi\"": 0.07}""]","[10.0, 100.0, 1.0, ""Infinity"", ""Infinity"", 1.0, ""{\""max_eps\"": 0.028528990860990387, \""min_samples\"": 80, \""xi\"": 0.07}""]",False,False
bellevue_116th_ne12th,optics,14,20260716,"{""max_eps"": 0.0425915111606225, ""min_samples"": 80, ""xi"": 0.07}",634,1,9,522,82.33438485804416,1.0,0.07099699997343123,10,,,,0.1653312302839117,0.18533123028391169,,"[1.0, ""Infinity"", ""Infinity"", 1.0, ""{\""max_eps\"": 0.0425915111606225, \""min_samples\"": 80, \""xi\"": 0.07}""]","[9.0, 82.33438485804416, 1.0, ""Infinity"", ""Infinity"", 1.0, ""{\""max_eps\"": 0.0425915111606225, \""min_samples\"": 80, \""xi\"": 0.07}""]",False,False
bellevue_116th_ne12th,optics,15,20260717,"{""max_eps"": 0.11784142357479498, ""min_samples"": 80, ""xi"": 0.07}",634,3,7,210,33.12302839116719,0.3891509433962264,0.2990635000169277,10,0.8913419771120696,0.15424785210844114,13310.498805428668,0.401474200315764,0.5260424528978814,,"[-0.8913419771120696, 0.15424785210844114, -13310.498805428668, 0.3891509433962264, ""{\""max_eps\"": 0.11784142357479498, \""min_samples\"": 80, \""xi\"": 0.07}""]","[7.0, 33.12302839116719, -0.8913419771120696, 0.15424785210844114, -13310.498805428668, 0.3891509433962264, ""{\""max_eps\"": 0.11784142357479498, \""min_samples\"": 80, \""xi\"": 0.07}""]",False,False
bellevue_116th_ne12th,optics,16,20260718,"{""max_eps"": 0.31873943664454396, ""min_samples"": 80, ""xi"": 0.07}",634,3,7,188,29.652996845425868,0.3968609865470852,0.3464083999861032,10,0.8556278252366503,0.19368896775775166,5926.713264165396,0.4044262572031708,0.5275632154900696,,"[-0.8556278252366503, 0.19368896775775166, -5926.713264165396, 0.3968609865470852, ""{\""max_eps\"": 0.31873943664454396, \""min_samples\"": 80, \""xi\"": 0.07}""]","[7.0, 29.652996845425868, -0.8556278252366503, 0.19368896775775166, -5926.713264165396, 0.3968609865470852, ""{\""max_eps\"": 0.31873943664454396, \""min_samples\"": 80, \""xi\"": 0.07}""]",False,False
bellevue_150th_newport,kmeans,1,20261703,"{""max_iter"": 300, ""n_clusters"": 2, ""n_init"": 10}",3101,2,10,0,0.0,0.7387939374395356,0.010612100013531744,12,0.5617605911074793,0.5893624289622442,2404.3581043351187,0.3856677914381499,0.4504602803982127,,"[-0.5617605911074793, 0.5893624289622442, -2404.3581043351187, 0.7387939374395356, ""{\""max_iter\"": 300, \""n_clusters\"": 2, \""n_init\"": 10}""]","[10.0, -0.5617605911074793, 0.5893624289622442, -2404.3581043351187, 0.7387939374395356, ""{\""max_iter\"": 300, \""n_clusters\"": 2, \""n_init\"": 10}""]",False,False
bellevue_150th_newport,kmeans,2,20261704,"{""max_iter"": 300, ""n_clusters"": 3, ""n_init"": 10}",3101,3,9,0,0.0,0.5436955820702999,0.012351199984550476,12,0.7709404352612129,0.39815346307538707,8249.587135410715,0.4249389170162393,0.5307003704764479,,"[-0.7709404352612129, 0.39815346307538707, -8249.587135410715, 0.5436955820702999, ""{\""max_iter\"": 300, \""n_clusters\"": 3, \""n_init\"": 10}""]","[9.0, -0.7709404352612129, 0.39815346307538707, -8249.587135410715, 0.5436955820702999, ""{\""max_iter\"": 300, \""n_clusters\"": 3, \""n_init\"": 10}""]",False,False
bellevue_150th_newport,kmeans,3,20261705,"{""max_iter"": 300, ""n_clusters"": 4, ""n_init"": 10}",3101,4,8,0,0.0,0.36633344082554015,0.013917400036007166,12,0.8270176385509485,0.3841557441552208,15766.77978121547,0.45195175158464296,0.5936304097687369,,"[-0.8270176385509485, 0.3841557441552208, -15766.77978121547, 0.36633344082554015, ""{\""max_iter\"": 300, \""n_clusters\"": 4, \""n_init\"": 10}""]","[8.0, -0.8270176385509485, 0.3841557441552208, -15766.77978121547, 0.36633344082554015, ""{\""max_iter\"": 300, \""n_clusters\"": 4, \""n_init\"": 10}""]",False,False
bellevue_150th_newport,kmeans,4,20261706,"{""max_iter"": 300, ""n_clusters"": 5, ""n_init"": 10}",3101,5,7,0,0.0,0.36633344082554015,0.015879200072959065,12,0.8402716122562103,0.3245732644067698,17301.02111941961,0.4618782428833768,0.6392095825698303,,"[-0.8402716122562103, 0.3245732644067698, -17301.02111941961, 0.36633344082554015, ""{\""max_iter\"": 300, \""n_clusters\"": 5, \""n_init\"": 10}""]","[7.0, -0.8402716122562103, 0.3245732644067698, -17301.02111941961, 0.36633344082554015, ""{\""max_iter\"": 300, \""n_clusters\"": 5, \""n_init\"": 10}""]",False,False
bellevue_150th_newport,kmeans,5,20261707,"{""max_iter"": 300, ""n_clusters"": 6, ""n_init"": 10}",3101,6,6,0,0.0,0.36633344082554015,0.018516200012527406,12,0.871973959975423,0.2461336100439887,24136.669998363494,0.47566089084729024,0.6872135706355063,,"[-0.871973959975423, 0.2461336100439887, -24136.669998363494, 0.36633344082554015, ""{\""max_iter\"": 300, \""n_clusters\"": 6, \""n_init\"": 10}""]","[6.0, -0.871973959975423, 0.2461336100439887, -24136.669998363494, 0.36633344082554015, ""{\""max_iter\"": 300, \""n_clusters\"": 6, \""n_init\"": 10}""]",False,False
bellevue_150th_newport,kmeans,6,20261708,"{""max_iter"": 300, ""n_clusters"": 7, ""n_init"": 10}",3101,7,5,0,0.0,0.36633344082554015,0.018414099933579564,12,0.888957749100115,0.15309598944553554,35949.279400448504,0.4928427345415516,0.7362042590439848,,"[-0.888957749100115, 0.15309598944553554, -35949.279400448504, 0.36633344082554015, ""{\""max_iter\"": 300, \""n_clusters\"": 7, \""n_init\"": 10}""]","[5.0, -0.888957749100115, 0.15309598944553554, -35949.279400448504, 0.36633344082554015, ""{\""max_iter\"": 300, \""n_clusters\"": 7, \""n_init\"": 10}""]",True,False
bellevue_150th_newport,kmeans,7,20261709,"{""max_iter"": 300, ""n_clusters"": 8, ""n_init"": 10}",3101,8,4,0,0.0,0.36633344082554015,0.02075730008073151,12,0.8781602894016014,0.15941040767141365,53274.88217625972,0.5104000379615685,0.7768587388689442,,"[-0.8781602894016014, 0.15941040767141365, -53274.88217625972, 0.36633344082554015, ""{\""max_iter\"": 300, \""n_clusters\"": 8, \""n_init\"": 10}""]","[4.0, -0.8781602894016014, 0.15941040767141365, -53274.88217625972, 0.36633344082554015, ""{\""max_iter\"": 300, \""n_clusters\"": 8, \""n_init\"": 10}""]",False,False
bellevue_150th_newport,kmeans,8,20261710,"{""max_iter"": 300, ""n_clusters"": 9, ""n_init"": 10}",3101,9,3,0,0.0,0.36633344082554015,0.026208299910649657,12,0.8699694391324042,0.19247688716268427,65011.7277458129,0.5362946617193446,0.815724195564623,,"[-0.8699694391324042, 0.19247688716268427, -65011.7277458129, 0.36633344082554015, ""{\""max_iter\"": 300, \""n_clusters\"": 9, \""n_init\"": 10}""]","[3.0, -0.8699694391324042, 0.19247688716268427, -65011.7277458129, 0.36633344082554015, ""{\""max_iter\"": 300, \""n_clusters\"": 9, \""n_init\"": 10}""]",False,False
bellevue_150th_newport,kmeans,9,20261711,"{""max_iter"": 300, ""n_clusters"": 10, ""n_init"": 10}",3101,10,2,0,0.0,0.36375362786198,0.029175099916756153,12,0.8664860265751235,0.20791316690928063,72619.5536066268,0.5816759758024215,0.856403013062285,,"[-0.8664860265751235, 0.20791316690928063, -72619.5536066268, 0.36375362786198, ""{\""max_iter\"": 300, \""n_clusters\"": 10, \""n_init\"": 10}""]","[2.0, -0.8664860265751235, 0.20791316690928063, -72619.5536066268, 0.36375362786198, ""{\""max_iter\"": 300, \""n_clusters\"": 10, \""n_init\"": 10}""]",False,False
bellevue_150th_newport,kmeans,10,20261712,"{""max_iter"": 300, ""n_clusters"": 11, ""n_init"": 10}",3101,11,1,0,0.0,0.3237665269267978,0.03229459992144257,12,0.7347213858592212,0.3349603323152489,76448.34429287461,0.6668137130236694,0.8876013427803908,,"[-0.7347213858592212, 0.3349603323152489, -76448.34429287461, 0.3237665269267978, ""{\""max_iter\"": 300, \""n_clusters\"": 11, \""n_init\"": 10}""]","[1.0, -0.7347213858592212, 0.3349603323152489, -76448.34429287461, 0.3237665269267978, ""{\""max_iter\"": 300, \""n_clusters\"": 11, \""n_init\"": 10}""]",False,False
bellevue_150th_newport,kmeans,11,20261713,"{""max_iter"": 300, ""n_clusters"": 12, ""n_init"": 10}",3101,12,0,0,0.0,0.3140922283134473,0.036682400037534535,12,0.6799288266882095,0.40905242158144267,79792.39994865551,0.9380720586936689,0.9235568988842722,,"[-0.6799288266882095, 0.40905242158144267, -79792.39994865551, 0.3140922283134473, ""{\""max_iter\"": 300, \""n_clusters\"": 12, \""n_init\"": 10}""]","[0.0, -0.6799288266882095, 0.40905242158144267, -79792.39994865551, 0.3140922283134473, ""{\""max_iter\"": 300, \""n_clusters\"": 12, \""n_init\"": 10}""]",False,True
bellevue_150th_newport,kmeans,12,20261714,"{""max_iter"": 300, ""n_clusters"": 13, ""n_init"": 10}",3101,13,1,0,0.0,0.2218639148661722,0.03728510008659214,12,0.6075410946548468,0.4953023992097576,78080.2382545237,0.6666287156604223,0.8834001014080526,,"[-0.6075410946548468, 0.4953023992097576, -78080.2382545237, 0.2218639148661722, ""{\""max_iter\"": 300, \""n_clusters\"": 13, \""n_init\"": 10}""]","[1.0, -0.6075410946548468, 0.4953023992097576, -78080.2382545237, 0.2218639148661722, ""{\""max_iter\"": 300, \""n_clusters\"": 13, \""n_init\"": 10}""]",False,False
bellevue_150th_newport,kmeans,13,20261715,"{""max_iter"": 300, ""n_clusters"": 14, ""n_init"": 10}",3101,14,2,0,0.0,0.2218639148661722,0.03990030009299517,12,0.5932993334862567,0.549266600181866,78073.48970513784,0.5730852435262054,0.8386919118647151,,"[-0.5932993334862567, 0.549266600181866, -78073.48970513784, 0.2218639148661722, ""{\""max_iter\"": 300, \""n_clusters\"": 14, \""n_init\"": 10}""]","[2.0, -0.5932993334862567, 0.549266600181866, -78073.48970513784, 0.2218639148661722, ""{\""max_iter\"": 300, \""n_clusters\"": 14, \""n_init\"": 10}""]",False,False
bellevue_150th_newport,kmeans,14,20261716,"{""max_iter"": 300, ""n_clusters"": 15, ""n_init"": 10}",3101,15,3,0,0.0,0.2218639148661722,0.043617599993012846,12,0.5983705736011479,0.5477231195757993,78732.12665589496,0.5275376570681476,0.7973431769428548,,"[-0.5983705736011479, 0.5477231195757993, -78732.12665589496, 0.2218639148661722, ""{\""max_iter\"": 300, \""n_clusters\"": 15, \""n_init\"": 10}""]","[3.0, -0.5983705736011479, 0.5477231195757993, -78732.12665589496, 0.2218639148661722, ""{\""max_iter\"": 300, \""n_clusters\"": 15, \""n_init\"": 10}""]",False,False
bellevue_150th_newport,kmeans,15,20261717,"{""max_iter"": 300, ""n_clusters"": 16, ""n_init"": 10}",3101,16,4,0,0.0,0.16220574008384392,0.04584590008016676,12,0.5199259017337937,0.5957980829353083,75715.15462148278,0.5011080058671366,0.7557736239893011,,"[-0.5199259017337937, 0.5957980829353083, -75715.15462148278, 0.16220574008384392, ""{\""max_iter\"": 300, \""n_clusters\"": 16, \""n_init\"": 10}""]","[4.0, -0.5199259017337937, 0.5957980829353083, -75715.15462148278, 0.16220574008384392, ""{\""max_iter\"": 300, \""n_clusters\"": 16, \""n_init\"": 10}""]",False,False
bellevue_150th_newport,kmeans,16,20261718,"{""max_iter"": 300, ""n_clusters"": 17, ""n_init"": 10}",3101,17,5,0,0.0,0.21863914866172202,0.056039499933831394,12,0.5705676810822023,0.6207391213353671,77631.54095951766,0.4791812580869869,0.7100313803193692,,"[-0.5705676810822023, 0.6207391213353671, -77631.54095951766, 0.21863914866172202, ""{\""max_iter\"": 300, \""n_clusters\"": 17, \""n_init\"": 10}""]","[5.0, -0.5705676810822023, 0.6207391213353671, -77631.54095951766, 0.21863914866172202, ""{\""max_iter\"": 300, \""n_clusters\"": 17, \""n_init\"": 10}""]",False,False
bellevue_150th_newport,kmeans,17,20261719,"{""max_iter"": 300, ""n_clusters"": 18, ""n_init"": 10}",3101,18,6,0,0.0,0.2147694292163818,0.05058180005289614,12,0.5591914065354221,0.6020164178269969,77080.75922135769,0.4662647223864731,0.6689039602249562,,"[-0.5591914065354221, 0.6020164178269969, -77080.75922135769, 0.2147694292163818, ""{\""max_iter\"": 300, \""n_clusters\"": 18, \""n_init\"": 10}""]","[6.0, -0.5591914065354221, 0.6020164178269969, -77080.75922135769, 0.2147694292163818, ""{\""max_iter\"": 300, \""n_clusters\"": 18, \""n_init\"": 10}""]",False,False
bellevue_150th_newport,kmeans,18,20261720,"{""max_iter"": 300, ""n_clusters"": 19, ""n_init"": 10}",3101,19,7,0,0.0,0.1580135440180587,0.05392620002385229,12,0.4494318084874154,0.6880435700752399,76730.19766525498,0.4550403245595992,0.6242437464299667,,"[-0.4494318084874154, 0.6880435700752399, -76730.19766525498, 0.1580135440180587, ""{\""max_iter\"": 300, \""n_clusters\"": 19, \""n_init\"": 10}""]","[7.0, -0.4494318084874154, 0.6880435700752399, -76730.19766525498, 0.1580135440180587, ""{\""max_iter\"": 300, \""n_clusters\"": 19, \""n_init\"": 10}""]",False,False
bellevue_150th_newport,kmeans,19,20261721,"{""max_iter"": 300, ""n_clusters"": 20, ""n_init"": 10}",3101,20,8,0,0.0,0.1509190583682683,0.057172799948602915,12,0.4278315857192044,0.7387084980828837,74950.60895114447,0.4461677613939866,0.5804802937832843,,"[-0.4278315857192044, 0.7387084980828837, -74950.60895114447, 0.1509190583682683, ""{\""max_iter\"": 300, \""n_clusters\"": 20, \""n_init\"": 10}""]","[8.0, -0.4278315857192044, 0.7387084980828837, -74950.60895114447, 0.1509190583682683, ""{\""max_iter\"": 300, \""n_clusters\"": 20, \""n_init\"": 10}""]",False,False
bellevue_150th_newport,kmeans,20,20261722,"{""max_iter"": 300, ""n_clusters"": 21, ""n_init"": 10}",3101,21,9,0,0.0,0.14995162850693325,0.06128189992159605,12,0.4300639168803397,0.7286031348409,74904.5646880166,0.4404331222704538,0.5393582115475839,,"[-0.4300639168803397, 0.7286031348409, -74904.5646880166, 0.14995162850693325, ""{\""max_iter\"": 300, \""n_clusters\"": 21, \""n_init\"": 10}""]","[9.0, -0.4300639168803397, 0.7286031348409, -74904.5646880166, 0.14995162850693325, ""{\""max_iter\"": 300, \""n_clusters\"": 21, \""n_init\"": 10}""]",False,False
bellevue_150th_newport,kmeans,21,20261723,"{""max_iter"": 300, ""n_clusters"": 22, ""n_init"": 10}",3101,22,10,0,0.0,0.15059658174782328,0.06070099992211908,12,0.4086050176540438,0.7541500786039954,75832.19768504614,0.43387442519629593,0.4957115910180053,,"[-0.4086050176540438, 0.7541500786039954, -75832.19768504614, 0.15059658174782328, ""{\""max_iter\"": 300, \""n_clusters\"": 22, \""n_init\"": 10}""]","[10.0, -0.4086050176540438, 0.7541500786039954, -75832.19768504614, 0.15059658174782328, ""{\""max_iter\"": 300, \""n_clusters\"": 22, \""n_init\"": 10}""]",False,False
bellevue_150th_newport,kmeans,22,20261724,"{""max_iter"": 300, ""n_clusters"": 23, ""n_init"": 10}",3101,23,11,0,0.0,0.14479200257981295,0.0653143998933956,12,0.4150123115037312,0.7564522525918038,74793.29147904697,0.43057122129516673,0.4548710272731282,,"[-0.4150123115037312, 0.7564522525918038, -74793.29147904697, 0.14479200257981295, ""{\""max_iter\"": 300, \""n_clusters\"": 23, \""n_init\"": 10}""]","[11.0, -0.4150123115037312, 0.7564522525918038, -74793.29147904697, 0.14479200257981295, ""{\""max_iter\"": 300, \""n_clusters\"": 23, \""n_init\"": 10}""]",False,False
bellevue_150th_newport,kmeans,23,20261725,"{""max_iter"": 300, ""n_clusters"": 24, ""n_init"": 10}",3101,24,12,0,0.0,0.14995162850693325,0.063195800059475,12,0.39878995913708143,0.8066911053628764,74274.90714312234,0.4249269298094994,0.41029413989745345,,"[-0.39878995913708143, 0.8066911053628764, -74274.90714312234, 0.14995162850693325, ""{\""max_iter\"": 300, \""n_clusters\"": 24, \""n_init\"": 10}""]","[12.0, -0.39878995913708143, 0.8066911053628764, -74274.90714312234, 0.14995162850693325, ""{\""max_iter\"": 300, \""n_clusters\"": 24, \""n_init\"": 10}""]",False,False
bellevue_150th_newport,kmeans,24,20261726,"{""max_iter"": 300, ""n_clusters"": 25, ""n_init"": 10}",3101,25,13,0,0.0,0.15059658174782328,0.06906350003555417,12,0.4044402554459316,0.7753765757503794,74920.677066802,0.42261110802824325,0.4114884328875435,,"[-0.4044402554459316, 0.7753765757503794, -74920.677066802, 0.15059658174782328, ""{\""max_iter\"": 300, \""n_clusters\"": 25, \""n_init\"": 10}""]","[13.0, -0.4044402554459316, 0.7753765757503794, -74920.677066802, 0.15059658174782328, ""{\""max_iter\"": 300, \""n_clusters\"": 25, \""n_init\"": 10}""]",False,False
bellevue_150th_newport,kmeans,25,20261727,"{""max_iter"": 300, ""n_clusters"": 26, ""n_init"": 10}",3101,26,14,0,0.0,0.14866172202515318,0.07357809995301068,12,0.4091883637652292,0.7629659765013133,73542.83739306203,0.42062120871056324,0.41231583810204697,,"[-0.4091883637652292, 0.7629659765013133, -73542.83739306203, 0.14866172202515318, ""{\""max_iter\"": 300, \""n_clusters\"": 26, \""n_init\"": 10}""]","[14.0, -0.4091883637652292, 0.7629659765013133, -73542.83739306203, 0.14866172202515318, ""{\""max_iter\"": 300, \""n_clusters\"": 26, \""n_init\"": 10}""]",False,False
bellevue_150th_newport,kmeans,26,20261728,"{""max_iter"": 300, ""n_clusters"": 27, ""n_init"": 10}",3101,27,15,0,0.0,0.14995162850693325,0.068668800056912,12,0.39979168907494267,0.8041532094587487,75021.81173710071,0.4170832541854874,0.410422086767921,,"[-0.39979168907494267, 0.8041532094587487, -75021.81173710071, 0.14995162850693325, ""{\""max_iter\"": 300, \""n_clusters\"": 27, \""n_init\"": 10}""]","[15.0, -0.39979168907494267, 0.8041532094587487, -75021.81173710071, 0.14995162850693325, ""{\""max_iter\"": 300, \""n_clusters\"": 27, \""n_init\"": 10}""]",False,False
bellevue_150th_newport,kmeans,27,20261729,"{""max_iter"": 300, ""n_clusters"": 28, ""n_init"": 10}",3101,28,16,0,0.0,0.15027410512737827,0.07576469995547086,12,0.3882377654684604,0.8404588653495669,72402.34958251198,0.4139045569489599,0.40871875378429334,,"[-0.3882377654684604, 0.8404588653495669, -72402.34958251198, 0.15027410512737827, ""{\""max_iter\"": 300, \""n_clusters\"": 28, \""n_init\"": 10}""]","[16.0, -0.3882377654684604, 0.8404588653495669, -72402.34958251198, 0.15027410512737827, ""{\""max_iter\"": 300, \""n_clusters\"": 28, \""n_init\"": 10}""]",False,False
bellevue_150th_newport,kmeans,28,20261730,"{""max_iter"": 300, ""n_clusters"": 29, ""n_init"": 10}",3101,29,17,0,0.0,0.14995162850693325,0.07294860004913062,12,0.3989722716074013,0.7602416044381477,71613.9119122517,0.4139141978645778,0.4117638338883677,,"[-0.3989722716074013, 0.7602416044381477, -71613.9119122517, 0.14995162850693325, ""{\""max_iter\"": 300, \""n_clusters\"": 29, \""n_init\"": 10}""]","[17.0, -0.3989722716074013, 0.7602416044381477, -71613.9119122517, 0.14995162850693325, ""{\""max_iter\"": 300, \""n_clusters\"": 29, \""n_init\"": 10}""]",False,False
bellevue_150th_newport,kmeans,29,20261731,"{""max_iter"": 300, ""n_clusters"": 30, ""n_init"": 10}",3101,30,18,0,0.0,0.15027410512737827,0.08016270003281534,12,0.3913906854301504,0.7711847330798837,70935.09120884891,0.411719184467795,0.4110015083347149,,"[-0.3913906854301504, 0.7711847330798837, -70935.09120884891, 0.15027410512737827, ""{\""max_iter\"": 300, \""n_clusters\"": 30, \""n_init\"": 10}""]","[18.0, -0.3913906854301504, 0.7711847330798837, -70935.09120884891, 0.15027410512737827, ""{\""max_iter\"": 300, \""n_clusters\"": 30, \""n_init\"": 10}""]",False,False
bellevue_150th_newport,hdbscan,1,20261703,"{""min_cluster_size"": 80, ""min_samples"": 10}",3101,6,6,41,1.3221541438245727,0.369281045751634,0.04016930004581809,12,0.8945074956513663,0.14474996421825226,46612.27221288506,0.47740205073391245,0.692508282405212,,"[-0.8945074956513663, 0.14474996421825226, -46612.27221288506, 0.369281045751634, ""{\""min_cluster_size\"": 80, \""min_samples\"": 10}""]","[6.0, 1.3221541438245727, -0.8945074956513663, 0.14474996421825226, -46612.27221288506, 0.369281045751634, ""{\""min_cluster_size\"": 80, \""min_samples\"": 10}""]",False,True
bellevue_150th_newport,hdbscan,2,20261704,"{""min_cluster_size"": 80, ""min_samples"": 20}",3101,6,6,42,1.3544018058690745,0.36907486106570775,0.07682800001930445,12,0.8945741739500087,0.14479924233603972,46986.95437617456,0.47735962767951995,0.6924639792369911,,"[-0.8945741739500087, 0.14479924233603972, -46986.95437617456, 0.36907486106570775, ""{\""min_cluster_size\"": 80, \""min_samples\"": 20}""]","[6.0, 1.3544018058690745, -0.8945741739500087, 0.14479924233603972, -46986.95437617456, 0.36907486106570775, ""{\""min_cluster_size\"": 80, \""min_samples\"": 20}""]",True,False
bellevue_150th_newport,hdbscan,3,20261705,"{""min_cluster_size"": 160, ""min_samples"": 10}",3101,5,7,40,1.289906481780071,0.3691604050963737,0.0752957999939099,12,0.8572202449941924,0.286132843471844,24181.04994525806,0.4609913917051634,0.639450957967148,,"[-0.8572202449941924, 0.286132843471844, -24181.04994525806, 0.3691604050963737, ""{\""min_cluster_size\"": 160, \""min_samples\"": 10}""]","[7.0, 1.289906481780071, -0.8572202449941924, 0.286132843471844, -24181.04994525806, 0.3691604050963737, ""{\""min_cluster_size\"": 160, \""min_samples\"": 10}""]",False,False
bellevue_150th_newport,hdbscan,4,20261706,"{""min_cluster_size"": 160, ""min_samples"": 20}",3101,5,7,41,1.3221541438245727,0.3689542483660131,0.08733529993332922,12,0.857035399298033,0.2887479168559644,24165.892535295574,0.4608593837430464,0.6392400639787749,,"[-0.857035399298033, 0.2887479168559644, -24165.892535295574, 0.3689542483660131, ""{\""min_cluster_size\"": 160, \""min_samples\"": 20}""]","[7.0, 1.3221541438245727, -0.857035399298033, 0.2887479168559644, -24165.892535295574, 0.3689542483660131, ""{\""min_cluster_size\"": 160, \""min_samples\"": 20}""]",False,False
bellevue_150th_newport,hdbscan,5,20261707,"{""min_cluster_size"": 320, ""min_samples"": 10}",3101,4,8,40,1.289906481780071,0.3691604050963737,0.07934119994752109,12,0.8421834484940122,0.34521116972293653,19499.471473588423,0.45089331560665724,0.5936177567062557,,"[-0.8421834484940122, 0.34521116972293653, -19499.471473588423, 0.3691604050963737, ""{\""min_cluster_size\"": 320, \""min_samples\"": 10}""]","[8.0, 1.289906481780071, -0.8421834484940122, 0.34521116972293653, -19499.471473588423, 0.3691604050963737, ""{\""min_cluster_size\"": 320, \""min_samples\"": 10}""]",False,False
bellevue_150th_newport,hdbscan,6,20261708,"{""min_cluster_size"": 320, ""min_samples"": 20}",3101,4,8,41,1.3221541438245727,0.3689542483660131,0.07812429999466985,12,0.8433142215128825,0.3428912114038606,19714.031234876275,0.45097018700476477,0.5937588405025802,,"[-0.8433142215128825, 0.3428912114038606, -19714.031234876275, 0.3689542483660131, ""{\""min_cluster_size\"": 320, \""min_samples\"": 20}""]","[8.0, 1.3221541438245727, -0.8433142215128825, 0.3428912114038606, -19714.031234876275, 0.3689542483660131, ""{\""min_cluster_size\"": 320, \""min_samples\"": 20}""]",False,False
bellevue_150th_newport,optics,1,20261703,"{""max_eps"": 0.009519037609703348, ""min_samples"": 40, ""xi"": 0.05}",3101,6,6,1590,51.27378265075782,0.3937789543348776,0.6165286999894306,12,0.8947810251918743,0.23064180521563013,337543.9996541133,0.3720142255703099,0.5840720034731722,,"[-0.8947810251918743, 0.23064180521563013, -337543.9996541133, 0.3937789543348776, ""{\""max_eps\"": 0.009519037609703348, \""min_samples\"": 40, \""xi\"": 0.05}""]","[6.0, 51.27378265075782, -0.8947810251918743, 0.23064180521563013, -337543.9996541133, 0.3937789543348776, ""{\""max_eps\"": 0.009519037609703348, \""min_samples\"": 40, \""xi\"": 0.05}""]",False,False
bellevue_150th_newport,optics,2,20261704,"{""max_eps"": 0.012798475487971639, ""min_samples"": 40, ""xi"": 0.05}",3101,7,5,972,31.344727507255723,0.3992484734617191,1.2559430999681354,12,0.9352759431987192,0.1319286682641936,248606.11751518093,0.4299885562482467,0.6741609510305739,,"[-0.9352759431987192, 0.1319286682641936, -248606.11751518093, 0.3992484734617191, ""{\""max_eps\"": 0.012798475487971639, \""min_samples\"": 40, \""xi\"": 0.05}""]","[5.0, 31.344727507255723, -0.9352759431987192, 0.1319286682641936, -248606.11751518093, 0.3992484734617191, ""{\""max_eps\"": 0.012798475487971639, \""min_samples\"": 40, \""xi\"": 0.05}""]",False,False
bellevue_150th_newport,optics,3,20261705,"{""max_eps"": 0.01872090448460329, ""min_samples"": 40, ""xi"": 0.05}",3101,6,6,816,26.31409222831345,0.45032822757111596,1.693387399893254,12,0.9408076130659574,0.07080480174780035,208654.73015847188,0.42464465313902594,0.6427670756956353,,"[-0.9408076130659574, 0.07080480174780035, -208654.73015847188, 0.45032822757111596, ""{\""max_eps\"": 0.01872090448460329, \""min_samples\"": 40, \""xi\"": 0.05}""]","[6.0, 26.31409222831345, -0.9408076130659574, 0.07080480174780035, -208654.73015847188, 0.45032822757111596, ""{\""max_eps\"": 0.01872090448460329, \""min_samples\"": 40, \""xi\"": 0.05}""]",False,False
bellevue_150th_newport,optics,4,20261706,"{""max_eps"": 0.036343618402565836, ""min_samples"": 40, ""xi"": 0.05}",3101,7,5,626,20.18703643985811,0.44242424242424244,1.5767073000315577,12,0.8973934484658094,0.13075889574754349,144025.54603585618,0.44613793318782435,0.690356024407832,,"[-0.8973934484658094, 0.13075889574754349, -144025.54603585618, 0.44242424242424244, ""{\""max_eps\"": 0.036343618402565836, \""min_samples\"": 40, \""xi\"": 0.05}""]","[5.0, 20.18703643985811, -0.8973934484658094, 0.13075889574754349, -144025.54603585618, 0.44242424242424244, ""{\""max_eps\"": 0.036343618402565836, \""min_samples\"": 40, \""xi\"": 0.05}""]",False,False
bellevue_150th_newport,optics,5,20261707,"{""max_eps"": 0.009519037609703348, ""min_samples"": 40, ""xi"": 0.07}",3101,6,6,1497,48.27475008061916,0.3709476309226933,0.3660084999864921,12,0.8979391806938933,0.23628112214602146,383754.6818035064,0.3802680000248467,0.5921404471256492,,"[-0.8979391806938933, 0.23628112214602146, -383754.6818035064, 0.3709476309226933, ""{\""max_eps\"": 0.009519037609703348, \""min_samples\"": 40, \""xi\"": 0.07}""]","[6.0, 48.27475008061916, -0.8979391806938933, 0.23628112214602146, -383754.6818035064, 0.3709476309226933, ""{\""max_eps\"": 0.009519037609703348, \""min_samples\"": 40, \""xi\"": 0.07}""]",False,False
bellevue_150th_newport,optics,6,20261708,"{""max_eps"": 0.012798475487971639, ""min_samples"": 40, ""xi"": 0.07}",3101,7,5,847,27.313769751693002,0.37710736468500444,0.6478537000948563,12,0.9195671056549812,0.17238606020428218,280584.5843484059,0.43795481362112426,0.6806028812647191,,"[-0.9195671056549812, 0.17238606020428218, -280584.5843484059, 0.37710736468500444, ""{\""max_eps\"": 0.012798475487971639, \""min_samples\"": 40, \""xi\"": 0.07}""]","[5.0, 27.313769751693002, -0.9195671056549812, 0.17238606020428218, -280584.5843484059, 0.37710736468500444, ""{\""max_eps\"": 0.012798475487971639, \""min_samples\"": 40, \""xi\"": 0.07}""]",False,False
bellevue_150th_newport,optics,7,20261709,"{""max_eps"": 0.01872090448460329, ""min_samples"": 40, ""xi"": 0.07}",3101,6,6,475,15.317639471138342,0.39185072353389183,0.9092363999225199,12,0.9316887959923864,0.09714976661480501,227361.11697998905,0.450908146739491,0.6679093478321714,,"[-0.9316887959923864, 0.09714976661480501, -227361.11697998905, 0.39185072353389183, ""{\""max_eps\"": 0.01872090448460329, \""min_samples\"": 40, \""xi\"": 0.07}""]","[6.0, 15.317639471138342, -0.9316887959923864, 0.09714976661480501, -227361.11697998905, 0.39185072353389183, ""{\""max_eps\"": 0.01872090448460329, \""min_samples\"": 40, \""xi\"": 0.07}""]",False,False
bellevue_150th_newport,optics,8,20261710,"{""max_eps"": 0.036343618402565836, ""min_samples"": 40, ""xi"": 0.07}",3101,7,5,248,7.99742018703644,0.38380651945320715,1.089755899971351,12,0.8914818869685179,0.15613712590997922,155395.69764444692,0.47511273379257984,0.7183601988894607,,"[-0.8914818869685179, 0.15613712590997922, -155395.69764444692, 0.38380651945320715, ""{\""max_eps\"": 0.036343618402565836, \""min_samples\"": 40, \""xi\"": 0.07}""]","[5.0, 7.99742018703644, -0.8914818869685179, 0.15613712590997922, -155395.69764444692, 0.38380651945320715, ""{\""max_eps\"": 0.036343618402565836, \""min_samples\"": 40, \""xi\"": 0.07}""]",False,True
bellevue_150th_newport,optics,9,20261711,"{""max_eps"": 0.009519037609703348, ""min_samples"": 80, ""xi"": 0.05}",3101,1,11,2666,85.97226701064173,1.0,0.14859880006406456,12,,,,0.14888879931204987,0.16972213264538322,,"[1.0, ""Infinity"", ""Infinity"", 1.0, ""{\""max_eps\"": 0.009519037609703348, \""min_samples\"": 80, \""xi\"": 0.05}""]","[11.0, 85.97226701064173, 1.0, ""Infinity"", ""Infinity"", 1.0, ""{\""max_eps\"": 0.009519037609703348, \""min_samples\"": 80, \""xi\"": 0.05}""]",False,False
bellevue_150th_newport,optics,10,20261712,"{""max_eps"": 0.012798475487971639, ""min_samples"": 80, ""xi"": 0.05}",3101,4,8,1438,46.37213801999355,0.4353577871316897,0.371844399953261,12,0.9615318182716166,0.05105601219059602,466436.64590299386,0.37047885129879865,0.523605610881617,,"[-0.9615318182716166, 0.05105601219059602, -466436.64590299386, 0.4353577871316897, ""{\""max_eps\"": 0.012798475487971639, \""min_samples\"": 80, \""xi\"": 0.05}""]","[8.0, 46.37213801999355, -0.9615318182716166, 0.05105601219059602, -466436.64590299386, 0.4353577871316897, ""{\""max_eps\"": 0.012798475487971639, \""min_samples\"": 80, \""xi\"": 0.05}""]",True,False
bellevue_150th_newport,optics,11,20261713,"{""max_eps"": 0.01872090448460329, ""min_samples"": 80, ""xi"": 0.05}",3101,6,6,633,20.41277007416962,0.3918152350081037,0.8205662000691518,12,0.8949476955471136,0.24439857925162353,288474.7244452604,0.433491802002547,0.6451004257340308,,"[-0.8949476955471136, 0.24439857925162353, -288474.7244452604, 0.3918152350081037, ""{\""max_eps\"": 0.01872090448460329, \""min_samples\"": 80, \""xi\"": 0.05}""]","[6.0, 20.41277007416962, -0.8949476955471136, 0.24439857925162353, -288474.7244452604, 0.3918152350081037, ""{\""max_eps\"": 0.01872090448460329, \""min_samples\"": 80, \""xi\"": 0.05}""]",False,False
bellevue_150th_newport,optics,12,20261714,"{""max_eps"": 0.036343618402565836, ""min_samples"": 80, ""xi"": 0.05}",3101,6,6,257,8.287649145436955,0.38396624472573837,1.0445492999861017,12,0.9215139882402166,0.11712143511570516,190443.58405749378,0.4644330967332105,0.6806195596750007,,"[-0.9215139882402166, 0.11712143511570516, -190443.58405749378, 0.38396624472573837, ""{\""max_eps\"": 0.036343618402565836, \""min_samples\"": 80, \""xi\"": 0.05}""]","[6.0, 8.287649145436955, -0.9215139882402166, 0.11712143511570516, -190443.58405749378, 0.38396624472573837, ""{\""max_eps\"": 0.036343618402565836, \""min_samples\"": 80, \""xi\"": 0.05}""]",False,False
bellevue_150th_newport,optics,13,20261715,"{""max_eps"": 0.009519037609703348, ""min_samples"": 80, ""xi"": 0.07}",3101,1,11,2666,85.97226701064173,1.0,0.14807170000858605,12,,,,0.14888879931204987,0.16972213264538322,,"[1.0, ""Infinity"", ""Infinity"", 1.0, ""{\""max_eps\"": 0.009519037609703348, \""min_samples\"": 80, \""xi\"": 0.07}""]","[11.0, 85.97226701064173, 1.0, ""Infinity"", ""Infinity"", 1.0, ""{\""max_eps\"": 0.009519037609703348, \""min_samples\"": 80, \""xi\"": 0.07}""]",False,False
bellevue_150th_newport,optics,14,20261716,"{""max_eps"": 0.012798475487971639, ""min_samples"": 80, ""xi"": 0.07}",3101,4,8,1438,46.37213801999355,0.4353577871316897,0.36919859994668514,12,0.9615318182716166,0.05105601219059602,466436.64590299386,0.37047885129879865,0.523605610881617,,"[-0.9615318182716166, 0.05105601219059602, -466436.64590299386, 0.4353577871316897, ""{\""max_eps\"": 0.012798475487971639, \""min_samples\"": 80, \""xi\"": 0.07}""]","[8.0, 46.37213801999355, -0.9615318182716166, 0.05105601219059602, -466436.64590299386, 0.4353577871316897, ""{\""max_eps\"": 0.012798475487971639, \""min_samples\"": 80, \""xi\"": 0.07}""]",False,False
bellevue_150th_newport,optics,15,20261717,"{""max_eps"": 0.01872090448460329, ""min_samples"": 80, ""xi"": 0.07}",3101,6,6,633,20.41277007416962,0.3918152350081037,0.7606111000059173,12,0.8949476955471136,0.24439857925162353,288474.7244452604,0.433491802002547,0.6451004257340308,,"[-0.8949476955471136, 0.24439857925162353, -288474.7244452604, 0.3918152350081037, ""{\""max_eps\"": 0.01872090448460329, \""min_samples\"": 80, \""xi\"": 0.07}""]","[6.0, 20.41277007416962, -0.8949476955471136, 0.24439857925162353, -288474.7244452604, 0.3918152350081037, ""{\""max_eps\"": 0.01872090448460329, \""min_samples\"": 80, \""xi\"": 0.07}""]",False,False
bellevue_150th_newport,optics,16,20261718,"{""max_eps"": 0.036343618402565836, ""min_samples"": 80, ""xi"": 0.07}",3101,6,6,257,8.287649145436955,0.38396624472573837,1.0539157000603154,12,0.9215139882402166,0.11712143511570516,190443.58405749378,0.4644330967332105,0.6806195596750007,,"[-0.9215139882402166, 0.11712143511570516, -190443.58405749378, 0.38396624472573837, ""{\""max_eps\"": 0.036343618402565836, \""min_samples\"": 80, \""xi\"": 0.07}""]","[6.0, 8.287649145436955, -0.9215139882402166, 0.11712143511570516, -190443.58405749378, 0.38396624472573837, ""{\""max_eps\"": 0.036343618402565836, \""min_samples\"": 80, \""xi\"": 0.07}""]",False,False
bellevue_150th_eastgate,kmeans,1,20262703,"{""max_iter"": 300, ""n_clusters"": 2, ""n_init"": 10}",6791,2,7,0,0.0,0.6283316153732882,0.012050200020894408,9,0.4742642832734595,0.9208508294798864,2346.968477270146,0.4056601842912474,0.4740514270672617,,"[-0.4742642832734595, 0.9208508294798864, -2346.968477270146, 0.6283316153732882, ""{\""max_iter\"": 300, \""n_clusters\"": 2, \""n_init\"": 10}""]","[7.0, -0.4742642832734595, 0.9208508294798864, -2346.968477270146, 0.6283316153732882, ""{\""max_iter\"": 300, \""n_clusters\"": 2, \""n_init\"": 10}""]",False,False
bellevue_150th_eastgate,kmeans,2,20262704,"{""max_iter"": 300, ""n_clusters"": 3, ""n_init"": 10}",6791,3,6,0,0.0,0.3716683846267118,0.015726300072856247,9,0.6314797929304996,0.6128352885937876,4531.540152666545,0.4539798855635119,0.5730764294669795,,"[-0.6314797929304996, 0.6128352885937876, -4531.540152666545, 0.3716683846267118, ""{\""max_iter\"": 300, \""n_clusters\"": 3, \""n_init\"": 10}""]","[6.0, -0.6314797929304996, 0.6128352885937876, -4531.540152666545, 0.3716683846267118, ""{\""max_iter\"": 300, \""n_clusters\"": 3, \""n_init\"": 10}""]",False,False
bellevue_150th_eastgate,kmeans,3,20262705,"{""max_iter"": 300, ""n_clusters"": 4, ""n_init"": 10}",6791,4,5,0,0.0,0.3716683846267118,0.01474200002849102,9,0.6804297068900759,0.5002368278162053,5179.07951500241,0.471849384872266,0.6357330117515883,,"[-0.6804297068900759, 0.5002368278162053, -5179.07951500241, 0.3716683846267118, ""{\""max_iter\"": 300, \""n_clusters\"": 4, \""n_init\"": 10}""]","[5.0, -0.6804297068900759, 0.5002368278162053, -5179.07951500241, 0.3716683846267118, ""{\""max_iter\"": 300, \""n_clusters\"": 4, \""n_init\"": 10}""]",False,False
bellevue_150th_eastgate,kmeans,4,20262706,"{""max_iter"": 300, ""n_clusters"": 5, ""n_init"": 10}",6791,5,4,0,0.0,0.2867029892504786,0.016089300042949617,9,0.715185080971336,0.4920961094379802,7125.834290724211,0.50059886087539,0.7018865444050385,,"[-0.715185080971336, 0.4920961094379802, -7125.834290724211, 0.2867029892504786, ""{\""max_iter\"": 300, \""n_clusters\"": 5, \""n_init\"": 10}""]","[4.0, -0.715185080971336, 0.4920961094379802, -7125.834290724211, 0.2867029892504786, ""{\""max_iter\"": 300, \""n_clusters\"": 5, \""n_init\"": 10}""]",False,False
bellevue_150th_eastgate,kmeans,5,20262707,"{""max_iter"": 300, ""n_clusters"": 6, ""n_init"": 10}",6791,6,3,0,0.0,0.2867029892504786,0.01690499996766448,9,0.7501470284036977,0.43825274871482806,8323.231496591212,0.5311014567659985,0.7616991943701934,,"[-0.7501470284036977, 0.43825274871482806, -8323.231496591212, 0.2867029892504786, ""{\""max_iter\"": 300, \""n_clusters\"": 6, \""n_init\"": 10}""]","[3.0, -0.7501470284036977, 0.43825274871482806, -8323.231496591212, 0.2867029892504786, ""{\""max_iter\"": 300, \""n_clusters\"": 6, \""n_init\"": 10}""]",False,False
bellevue_150th_eastgate,kmeans,6,20262708,"{""max_iter"": 300, ""n_clusters"": 7, ""n_init"": 10}",6791,7,2,0,0.0,0.27816227359740836,0.01887849997729063,9,0.7682378856704071,0.38159457399035507,11942.027343414507,0.5801190671126802,0.8218646895238031,,"[-0.7682378856704071, 0.38159457399035507, -11942.027343414507, 0.27816227359740836, ""{\""max_iter\"": 300, \""n_clusters\"": 7, \""n_init\"": 10}""]","[2.0, -0.7682378856704071, 0.38159457399035507, -11942.027343414507, 0.27816227359740836, ""{\""max_iter\"": 300, \""n_clusters\"": 7, \""n_init\"": 10}""]",False,False
bellevue_150th_eastgate,kmeans,7,20262709,"{""max_iter"": 300, ""n_clusters"": 8, ""n_init"": 10}",6791,8,1,0,0.0,0.2304520689147401,0.019969400018453598,9,0.7940485976153876,0.33426716251575433,17360.220330913417,0.679130977425195,0.886049176305539,,"[-0.7940485976153876, 0.33426716251575433, -17360.220330913417, 0.2304520689147401, ""{\""max_iter\"": 300, \""n_clusters\"": 8, \""n_init\"": 10}""]","[1.0, -0.7940485976153876, 0.33426716251575433, -17360.220330913417, 0.2304520689147401, ""{\""max_iter\"": 300, \""n_clusters\"": 8, \""n_init\"": 10}""]",False,False
bellevue_150th_eastgate,kmeans,8,20262710,"{""max_iter"": 300, ""n_clusters"": 9, ""n_init"": 10}",6791,9,0,0,0.0,0.2295685466058018,0.027133099967613816,9,0.8136297958350629,0.29154708003716817,21968.596919777858,0.9564378967480558,0.9451511583649386,,"[-0.8136297958350629, 0.29154708003716817, -21968.596919777858, 0.2295685466058018, ""{\""max_iter\"": 300, \""n_clusters\"": 9, \""n_init\"": 10}""]","[0.0, -0.8136297958350629, 0.29154708003716817, -21968.596919777858, 0.2295685466058018, ""{\""max_iter\"": 300, \""n_clusters\"": 9, \""n_init\"": 10}""]",False,True
bellevue_150th_eastgate,kmeans,9,20262711,"{""max_iter"": 300, ""n_clusters"": 10, ""n_init"": 10}",6791,10,1,0,0.0,0.2295685466058018,0.02146710001397878,9,0.8144061804657564,0.27479868948305264,27227.97289591225,0.6819853334032924,0.8906516568883212,,"[-0.8144061804657564, 0.27479868948305264, -27227.97289591225, 0.2295685466058018, ""{\""max_iter\"": 300, \""n_clusters\"": 10, \""n_init\"": 10}""]","[1.0, -0.8144061804657564, 0.27479868948305264, -27227.97289591225, 0.2295685466058018, ""{\""max_iter\"": 300, \""n_clusters\"": 10, \""n_init\"": 10}""]",False,False
bellevue_150th_eastgate,kmeans,10,20262712,"{""max_iter"": 300, ""n_clusters"": 11, ""n_init"": 10}",6791,11,2,0,0.0,0.2295685466058018,0.025386400055140257,9,0.819307164876336,0.26076725492745684,40368.521145006656,0.5910002273170066,0.836214173272999,,"[-0.819307164876336, 0.26076725492745684, -40368.521145006656, 0.2295685466058018, ""{\""max_iter\"": 300, \""n_clusters\"": 11, \""n_init\"": 10}""]","[2.0, -0.819307164876336, 0.26076725492745684, -40368.521145006656, 0.2295685466058018, ""{\""max_iter\"": 300, \""n_clusters\"": 11, \""n_init\"": 10}""]",True,False
bellevue_150th_eastgate,kmeans,11,20262713,"{""max_iter"": 300, ""n_clusters"": 12, ""n_init"": 10}",6791,12,3,0,0.0,0.2295685466058018,0.028949900064617395,9,0.8058875461430997,0.3147326663733653,41440.94383682492,0.5428680677747513,0.7767319462362611,,"[-0.8058875461430997, 0.3147326663733653, -41440.94383682492, 0.2295685466058018, ""{\""max_iter\"": 300, \""n_clusters\"": 12, \""n_init\"": 10}""]","[3.0, -0.8058875461430997, 0.3147326663733653, -41440.94383682492, 0.2295685466058018, ""{\""max_iter\"": 300, \""n_clusters\"": 12, \""n_init\"": 10}""]",False,False
bellevue_150th_eastgate,kmeans,12,20262714,"{""max_iter"": 300, ""n_clusters"": 13, ""n_init"": 10}",6791,13,4,0,0.0,0.2295685466058018,0.035078899934887886,9,0.7665142249982592,0.355674359459225,42138.35014880457,0.5122508700692845,0.716910661327014,,"[-0.7665142249982592, 0.355674359459225, -42138.35014880457, 0.2295685466058018, ""{\""max_iter\"": 300, \""n_clusters\"": 13, \""n_init\"": 10}""]","[4.0, -0.7665142249982592, 0.355674359459225, -42138.35014880457, 0.2295685466058018, ""{\""max_iter\"": 300, \""n_clusters\"": 13, \""n_init\"": 10}""]",False,False
bellevue_150th_eastgate,kmeans,13,20262715,"{""max_iter"": 300, ""n_clusters"": 14, ""n_init"": 10}",6791,14,5,0,0.0,0.1582977470181122,0.034400600008666515,9,0.685572595572857,0.42002391576256526,42823.86813464271,0.49532619632791164,0.6610924264678805,,"[-0.685572595572857, 0.42002391576256526, -42823.86813464271, 0.1582977470181122, ""{\""max_iter\"": 300, \""n_clusters\"": 14, \""n_init\"": 10}""]","[5.0, -0.685572595572857, 0.42002391576256526, -42823.86813464271, 0.1582977470181122, ""{\""max_iter\"": 300, \""n_clusters\"": 14, \""n_init\"": 10}""]",False,False
bellevue_150th_eastgate,kmeans,14,20262716,"{""max_iter"": 300, ""n_clusters"": 15, ""n_init"": 10}",6791,15,6,0,0.0,0.1581504932999558,0.036391800036653876,9,0.6760110157779818,0.46772652345864135,43929.3446452714,0.48062322180938705,0.6027847516836802,,"[-0.6760110157779818, 0.46772652345864135, -43929.3446452714, 0.1581504932999558, ""{\""max_iter\"": 300, \""n_clusters\"": 15, \""n_init\"": 10}""]","[6.0, -0.6760110157779818, 0.46772652345864135, -43929.3446452714, 0.1581504932999558, ""{\""max_iter\"": 300, \""n_clusters\"": 15, \""n_init\"": 10}""]",False,False
bellevue_150th_eastgate,kmeans,15,20262717,"{""max_iter"": 300, ""n_clusters"": 16, ""n_init"": 10}",6791,16,7,0,0.0,0.15785598586364305,0.035125199938192964,9,0.6740238710201685,0.49742313200794686,46666.74442306061,0.47005629057447706,0.545808097295421,,"[-0.6740238710201685, 0.49742313200794686, -46666.74442306061, 0.15785598586364305, ""{\""max_iter\"": 300, \""n_clusters\"": 16, \""n_init\"": 10}""]","[7.0, -0.6740238710201685, 0.49742313200794686, -46666.74442306061, 0.15785598586364305, ""{\""max_iter\"": 300, \""n_clusters\"": 16, \""n_init\"": 10}""]",False,False
bellevue_150th_eastgate,kmeans,16,20262718,"{""max_iter"": 300, ""n_clusters"": 17, ""n_init"": 10}",6791,17,8,0,0.0,0.15800323958179943,0.03521709993947297,9,0.6578139565962995,0.5467812234522174,43258.61318532388,0.46052667696329425,0.48729631338828683,,"[-0.6578139565962995, 0.5467812234522174, -43258.61318532388, 0.15800323958179943, ""{\""max_iter\"": 300, \""n_clusters\"": 17, \""n_init\"": 10}""]","[8.0, -0.6578139565962995, 0.5467812234522174, -43258.61318532388, 0.15800323958179943, ""{\""max_iter\"": 300, \""n_clusters\"": 17, \""n_init\"": 10}""]",False,False
bellevue_150th_eastgate,kmeans,17,20262719,"{""max_iter"": 300, ""n_clusters"": 18, ""n_init"": 10}",6791,18,9,0,0.0,0.14195258430275365,0.04545959993265569,9,0.6608794332690852,0.527670056365714,45199.09432807328,0.4565782936760584,0.43430787411893806,,"[-0.6608794332690852, 0.527670056365714, -45199.09432807328, 0.14195258430275365, ""{\""max_iter\"": 300, \""n_clusters\"": 18, \""n_init\"": 10}""]","[9.0, -0.6608794332690852, 0.527670056365714, -45199.09432807328, 0.14195258430275365, ""{\""max_iter\"": 300, \""n_clusters\"": 18, \""n_init\"": 10}""]",False,False
bellevue_150th_eastgate,kmeans,18,20262720,"{""max_iter"": 300, ""n_clusters"": 19, ""n_init"": 10}",6791,19,10,0,0.0,0.14180533058459727,0.04963680007494986,9,0.6705297968501778,0.6014085612243318,45183.93119796045,0.45056847002062966,0.43179098325721016,,"[-0.6705297968501778, 0.6014085612243318, -45183.93119796045, 0.14180533058459727, ""{\""max_iter\"": 300, \""n_clusters\"": 19, \""n_init\"": 10}""]","[10.0, -0.6705297968501778, 0.6014085612243318, -45183.93119796045, 0.14180533058459727, ""{\""max_iter\"": 300, \""n_clusters\"": 19, \""n_init\"": 10}""]",False,False
bellevue_150th_eastgate,kmeans,19,20262721,"{""max_iter"": 300, ""n_clusters"": 20, ""n_init"": 10}",6791,20,11,0,0.0,0.14195258430275365,0.047386799938976765,9,0.6520794079912262,0.5865271258798288,43286.68170063703,0.44575742199198526,0.431439465348018,,"[-0.6520794079912262, 0.5865271258798288, -43286.68170063703, 0.14195258430275365, ""{\""max_iter\"": 300, \""n_clusters\"": 20, \""n_init\"": 10}""]","[11.0, -0.6520794079912262, 0.5865271258798288, -43286.68170063703, 0.14195258430275365, ""{\""max_iter\"": 300, \""n_clusters\"": 20, \""n_init\"": 10}""]",False,False
bellevue_150th_eastgate,kmeans,20,20262722,"{""max_iter"": 300, ""n_clusters"": 21, ""n_init"": 10}",6791,21,12,0,0.0,0.14180533058459727,0.05057169997598976,9,0.6325677848416035,0.6207377182020669,46053.16972160129,0.44060569743180056,0.429148154064596,,"[-0.6325677848416035, 0.6207377182020669, -46053.16972160129, 0.14180533058459727, ""{\""max_iter\"": 300, \""n_clusters\"": 21, \""n_init\"": 10}""]","[12.0, -0.6325677848416035, 0.6207377182020669, -46053.16972160129, 0.14180533058459727, ""{\""max_iter\"": 300, \""n_clusters\"": 21, \""n_init\"": 10}""]",False,False
bellevue_150th_eastgate,kmeans,21,20262723,"{""max_iter"": 300, ""n_clusters"": 22, ""n_init"": 10}",6791,22,13,0,0.0,0.13562067442202916,0.05399569997098297,9,0.5665047683819883,0.6821464106408839,44416.14559295092,0.4337728139787506,0.42421102840917607,,"[-0.5665047683819883, 0.6821464106408839, -44416.14559295092, 0.13562067442202916, ""{\""max_iter\"": 300, \""n_clusters\"": 22, \""n_init\"": 10}""]","[13.0, -0.5665047683819883, 0.6821464106408839, -44416.14559295092, 0.13562067442202916, ""{\""max_iter\"": 300, \""n_clusters\"": 22, \""n_init\"": 10}""]",False,False
bellevue_150th_eastgate,kmeans,22,20262724,"{""max_iter"": 300, ""n_clusters"": 23, ""n_init"": 10}",6791,23,14,0,0.0,0.14180533058459727,0.058581699966453016,9,0.637406503011042,0.6190940947260772,42221.73611713607,0.4352379252299583,0.42945272503449083,,"[-0.637406503011042, 0.6190940947260772, -42221.73611713607, 0.14180533058459727, ""{\""max_iter\"": 300, \""n_clusters\"": 23, \""n_init\"": 10}""]","[14.0, -0.637406503011042, 0.6190940947260772, -42221.73611713607, 0.14180533058459727, ""{\""max_iter\"": 300, \""n_clusters\"": 23, \""n_init\"": 10}""]",False,False
bellevue_150th_eastgate,kmeans,23,20262725,"{""max_iter"": 300, ""n_clusters"": 24, ""n_init"": 10}",6791,24,15,0,0.0,0.14180533058459727,0.06038449995685369,9,0.6053264589473925,0.7238650643479018,44915.91382331924,0.42946538023305836,0.42409497057720685,,"[-0.6053264589473925, 0.7238650643479018, -44915.91382331924, 0.14180533058459727, ""{\""max_iter\"": 300, \""n_clusters\"": 24, \""n_init\"": 10}""]","[15.0, -0.6053264589473925, 0.7238650643479018, -44915.91382331924, 0.14180533058459727, ""{\""max_iter\"": 300, \""n_clusters\"": 24, \""n_init\"": 10}""]",False,False
bellevue_150th_eastgate,kmeans,24,20262726,"{""max_iter"": 300, ""n_clusters"": 25, ""n_init"": 10}",6791,25,16,0,0.0,0.14195258430275365,0.06869529990945011,9,0.5996972484570119,0.6913615233237959,41044.24137169445,0.4277045278146851,0.4249135692838537,,"[-0.5996972484570119, 0.6913615233237959, -41044.24137169445, 0.14195258430275365, ""{\""max_iter\"": 300, \""n_clusters\"": 25, \""n_init\"": 10}""]","[16.0, -0.5996972484570119, 0.6913615233237959, -41044.24137169445, 0.14195258430275365, ""{\""max_iter\"": 300, \""n_clusters\"": 25, \""n_init\"": 10}""]",False,False
bellevue_150th_eastgate,kmeans,25,20262727,"{""max_iter"": 300, ""n_clusters"": 26, ""n_init"": 10}",6791,26,17,0,0.0,0.14180533058459727,0.06176190008409321,9,0.5854880059524644,0.6934732797829726,45004.66422740055,0.425174541730406,0.4241441051105373,,"[-0.5854880059524644, 0.6934732797829726, -45004.66422740055, 0.14180533058459727, ""{\""max_iter\"": 300, \""n_clusters\"": 26, \""n_init\"": 10}""]","[17.0, -0.5854880059524644, 0.6934732797829726, -45004.66422740055, 0.14180533058459727, ""{\""max_iter\"": 300, \""n_clusters\"": 26, \""n_init\"": 10}""]",False,False
bellevue_150th_eastgate,kmeans,26,20262728,"{""max_iter"": 300, ""n_clusters"": 27, ""n_init"": 10}",6791,27,18,0,0.0,0.14195258430275365,0.06484350003302097,9,0.5622368052437413,0.7009619783566663,43532.61910394536,0.42225908114725164,0.4227068436204863,,"[-0.5622368052437413, 0.7009619783566663, -43532.61910394536, 0.14195258430275365, ""{\""max_iter\"": 300, \""n_clusters\"": 27, \""n_init\"": 10}""]","[18.0, -0.5622368052437413, 0.7009619783566663, -43532.61910394536, 0.14195258430275365, ""{\""max_iter\"": 300, \""n_clusters\"": 27, \""n_init\"": 10}""]",False,False
bellevue_150th_eastgate,kmeans,27,20262729,"{""max_iter"": 300, ""n_clusters"": 28, ""n_init"": 10}",6791,28,19,0,0.0,0.11176557208069504,0.06702550000045449,9,0.5376947606455836,0.7238959869473103,43557.920881315695,0.42221225089489905,0.4237163209655884,,"[-0.5376947606455836, 0.7238959869473103, -43557.920881315695, 0.11176557208069504, ""{\""max_iter\"": 300, \""n_clusters\"": 28, \""n_init\"": 10}""]","[19.0, -0.5376947606455836, 0.7238959869473103, -43557.920881315695, 0.11176557208069504, ""{\""max_iter\"": 300, \""n_clusters\"": 28, \""n_init\"": 10}""]",False,False
bellevue_150th_eastgate,kmeans,28,20262730,"{""max_iter"": 300, ""n_clusters"": 29, ""n_init"": 10}",6791,29,20,0,0.0,0.11014578118097482,0.06936740002129227,9,0.5461431245310915,0.7237720573435316,44767.46354168659,0.42148920960061165,0.4243048887118137,,"[-0.5461431245310915, 0.7237720573435316, -44767.46354168659, 0.11014578118097482, ""{\""max_iter\"": 300, \""n_clusters\"": 29, \""n_init\"": 10}""]","[20.0, -0.5461431245310915, 0.7237720573435316, -44767.46354168659, 0.11014578118097482, ""{\""max_iter\"": 300, \""n_clusters\"": 29, \""n_init\"": 10}""]",False,False
bellevue_150th_eastgate,kmeans,29,20262731,"{""max_iter"": 300, ""n_clusters"": 30, ""n_init"": 10}",6791,30,21,0,0.0,0.10572816963628331,0.07901839993428439,9,0.5182372584920047,0.7442869047721445,46459.63468984625,0.41900405506194405,0.42266906416291616,,"[-0.5182372584920047, 0.7442869047721445, -46459.63468984625, 0.10572816963628331, ""{\""max_iter\"": 300, \""n_clusters\"": 30, \""n_init\"": 10}""]","[21.0, -0.5182372584920047, 0.7442869047721445, -46459.63468984625, 0.10572816963628331, ""{\""max_iter\"": 300, \""n_clusters\"": 30, \""n_init\"": 10}""]",False,False
bellevue_150th_eastgate,hdbscan,1,20262703,"{""min_cluster_size"": 80, ""min_samples"": 10}",6791,15,6,471,6.935650125165661,0.15901898734177214,0.07836370007134974,9,0.7211214062480263,0.37950022906518954,59440.87801025871,0.47109931019111534,0.5954395585781475,,"[-0.7211214062480263, 0.37950022906518954, -59440.87801025871, 0.15901898734177214, ""{\""min_cluster_size\"": 80, \""min_samples\"": 10}""]","[6.0, 6.935650125165661, -0.7211214062480263, 0.37950022906518954, -59440.87801025871, 0.15901898734177214, ""{\""min_cluster_size\"": 80, \""min_samples\"": 10}""]",False,False
bellevue_150th_eastgate,hdbscan,2,20262704,"{""min_cluster_size"": 80, ""min_samples"": 20}",6791,15,6,583,8.584891768517155,0.1641430412371134,0.07665760000236332,9,0.7162207978138783,0.38733985141001687,57768.34643483897,0.4668385766835774,0.5909740106610161,,"[-0.7162207978138783, 0.38733985141001687, -57768.34643483897, 0.1641430412371134, ""{\""min_cluster_size\"": 80, \""min_samples\"": 20}""]","[6.0, 8.584891768517155, -0.7162207978138783, 0.38733985141001687, -57768.34643483897, 0.1641430412371134, ""{\""min_cluster_size\"": 80, \""min_samples\"": 20}""]",False,False
bellevue_150th_eastgate,hdbscan,3,20262705,"{""min_cluster_size"": 160, ""min_samples"": 10}",6791,12,3,199,2.9303489913120306,0.1641383495145631,0.07364139996934682,9,0.7658705804084739,0.31307660480459004,41010.24361096305,0.5415975056089777,0.7755093484649453,,"[-0.7658705804084739, 0.31307660480459004, -41010.24361096305, 0.1641383495145631, ""{\""min_cluster_size\"": 160, \""min_samples\"": 10}""]","[3.0, 2.9303489913120306, -0.7658705804084739, 0.31307660480459004, -41010.24361096305, 0.1641383495145631, ""{\""min_cluster_size\"": 160, \""min_samples\"": 10}""]",True,False
bellevue_150th_eastgate,hdbscan,4,20262706,"{""min_cluster_size"": 160, ""min_samples"": 20}",6791,12,3,200,2.945074363127669,0.16416325292064937,0.07969609997235239,9,0.765380427808961,0.31434690555466965,41828.62969571957,0.5415042544653549,0.7753792948919151,,"[-0.765380427808961, 0.31434690555466965, -41828.62969571957, 0.16416325292064937, ""{\""min_cluster_size\"": 160, \""min_samples\"": 20}""]","[3.0, 2.945074363127669, -0.765380427808961, 0.31434690555466965, -41828.62969571957, 0.16416325292064937, ""{\""min_cluster_size\"": 160, \""min_samples\"": 20}""]",False,False
bellevue_150th_eastgate,hdbscan,5,20262707,"{""min_cluster_size"": 320, ""min_samples"": 10}",6791,10,1,197,2.900898247680754,0.1640885653624507,0.07454699999652803,9,0.7403213694737386,0.3691751495017323,15783.390193351699,0.6763237527915392,0.8822865345854425,,"[-0.7403213694737386, 0.3691751495017323, -15783.390193351699, 0.1640885653624507, ""{\""min_cluster_size\"": 320, \""min_samples\"": 10}""]","[1.0, 2.900898247680754, -0.7403213694737386, 0.3691751495017323, -15783.390193351699, 0.1640885653624507, ""{\""min_cluster_size\"": 320, \""min_samples\"": 10}""]",False,False
bellevue_150th_eastgate,hdbscan,6,20262708,"{""min_cluster_size"": 320, ""min_samples"": 20}",6791,10,1,195,2.871447504049477,0.164038811400849,0.08219410001765937,9,0.7348512715046156,0.3722523477838459,15122.050129176521,0.6760322344702959,0.8819131259579891,,"[-0.7348512715046156, 0.3722523477838459, -15122.050129176521, 0.164038811400849, ""{\""min_cluster_size\"": 320, \""min_samples\"": 20}""]","[1.0, 2.871447504049477, -0.7348512715046156, 0.3722523477838459, -15122.050129176521, 0.164038811400849, ""{\""min_cluster_size\"": 320, \""min_samples\"": 20}""]",False,True
bellevue_150th_eastgate,optics,1,20262703,"{""max_eps"": 0.008633872024647457, ""min_samples"": 40, ""xi"": 0.05}",6791,10,1,3064,45.11853924311589,0.2125033539039442,1.133962000021711,9,0.7655519268705169,0.2577532141643918,377617.3024923333,0.5915436090031366,0.800741479983818,,"[-0.7655519268705169, 0.2577532141643918, -377617.3024923333, 0.2125033539039442, ""{\""max_eps\"": 0.008633872024647457, \""min_samples\"": 40, \""xi\"": 0.05}""]","[1.0, 45.11853924311589, -0.7655519268705169, 0.2577532141643918, -377617.3024923333, 0.2125033539039442, ""{\""max_eps\"": 0.008633872024647457, \""min_samples\"": 40, \""xi\"": 0.05}""]",False,False
bellevue_150th_eastgate,optics,2,20262704,"{""max_eps"": 0.013009795194133568, ""min_samples"": 40, ""xi"": 0.05}",6791,14,5,2872,42.29126785451333,0.24240877774942587,1.6277968999929726,9,0.7386259479579841,0.3009063143111379,198557.50810222732,0.4082092936900389,0.5771995923550368,,"[-0.7386259479579841, 0.3009063143111379, -198557.50810222732, 0.24240877774942587, ""{\""max_eps\"": 0.013009795194133568, \""min_samples\"": 40, \""xi\"": 0.05}""]","[5.0, 42.29126785451333, -0.7386259479579841, 0.3009063143111379, -198557.50810222732, 0.24240877774942587, ""{\""max_eps\"": 0.013009795194133568, \""min_samples\"": 40, \""xi\"": 0.05}""]",False,False
bellevue_150th_eastgate,optics,3,20262705,"{""max_eps"": 0.022171253230168272, ""min_samples"": 40, ""xi"": 0.05}",6791,12,3,2593,38.182889117950225,0.35588375416865176,2.1063040998997167,9,0.8662703242020406,0.16809992342339172,98009.87654222552,0.4616639197680442,0.7003018103120854,,"[-0.8662703242020406, 0.16809992342339172, -98009.87654222552, 0.35588375416865176, ""{\""max_eps\"": 0.022171253230168272, \""min_samples\"": 40, \""xi\"": 0.05}""]","[3.0, 38.182889117950225, -0.8662703242020406, 0.16809992342339172, -98009.87654222552, 0.35588375416865176, ""{\""max_eps\"": 0.022171253230168272, \""min_samples\"": 40, \""xi\"": 0.05}""]",False,False
bellevue_150th_eastgate,optics,4,20262706,"{""max_eps"": 0.0391223809812431, ""min_samples"": 40, ""xi"": 0.05}",6791,12,3,2383,35.09056103666617,0.3484573502722323,2.4042093999451026,9,0.8495371889212872,0.19011717996568847,80489.7025861741,0.4669626720571094,0.7048086751020434,,"[-0.8495371889212872, 0.19011717996568847, -80489.7025861741, 0.3484573502722323, ""{\""max_eps\"": 0.0391223809812431, \""min_samples\"": 40, \""xi\"": 0.05}""]","[3.0, 35.09056103666617, -0.8495371889212872, 0.19011717996568847, -80489.7025861741, 0.3484573502722323, ""{\""max_eps\"": 0.0391223809812431, \""min_samples\"": 40, \""xi\"": 0.05}""]",False,False
bellevue_150th_eastgate,optics,5,20262707,"{""max_eps"": 0.008633872024647457, ""min_samples"": 40, ""xi"": 0.07}",6791,10,1,3064,45.11853924311589,0.2125033539039442,1.1405278999591246,9,0.7691204328290681,0.25567168756008807,382486.3849077785,0.5917879335450841,0.8010517037697853,,"[-0.7691204328290681, 0.25567168756008807, -382486.3849077785, 0.2125033539039442, ""{\""max_eps\"": 0.008633872024647457, \""min_samples\"": 40, \""xi\"": 0.07}""]","[1.0, 45.11853924311589, -0.7691204328290681, 0.25567168756008807, -382486.3849077785, 0.2125033539039442, ""{\""max_eps\"": 0.008633872024647457, \""min_samples\"": 40, \""xi\"": 0.07}""]",False,False
bellevue_150th_eastgate,optics,6,20262708,"{""max_eps"": 0.013009795194133568, ""min_samples"": 40, ""xi"": 0.07}",6791,14,5,2348,34.575173023118836,0.21381949133468378,1.6468192000174895,9,0.7543007852929525,0.3115507636720762,159577.96315776109,0.4269722203179038,0.5956505854397548,,"[-0.7543007852929525, 0.3115507636720762, -159577.96315776109, 0.21381949133468378, ""{\""max_eps\"": 0.013009795194133568, \""min_samples\"": 40, \""xi\"": 0.07}""]","[5.0, 34.575173023118836, -0.7543007852929525, 0.3115507636720762, -159577.96315776109, 0.21381949133468378, ""{\""max_eps\"": 0.013009795194133568, \""min_samples\"": 40, \""xi\"": 0.07}""]",False,False
bellevue_150th_eastgate,optics,7,20262709,"{""max_eps"": 0.022171253230168272, ""min_samples"": 40, ""xi"": 0.07}",6791,12,3,1725,25.401266381976146,0.2949072246348204,2.2778853999916464,9,0.8622170527094108,0.19566237661956098,90756.95172537802,0.4921354223874946,0.7297865807002863,,"[-0.8622170527094108, 0.19566237661956098, -90756.95172537802, 0.2949072246348204, ""{\""max_eps\"": 0.022171253230168272, \""min_samples\"": 40, \""xi\"": 0.07}""]","[3.0, 25.401266381976146, -0.8622170527094108, 0.19566237661956098, -90756.95172537802, 0.2949072246348204, ""{\""max_eps\"": 0.022171253230168272, \""min_samples\"": 40, \""xi\"": 0.07}""]",False,False
bellevue_150th_eastgate,optics,8,20262710,"{""max_eps"": 0.0391223809812431, ""min_samples"": 40, ""xi"": 0.07}",6791,11,2,2515,37.03431011633044,0.3592142188961646,2.4018380999332294,9,0.8682007345024816,0.20136921598031376,72413.95386273158,0.5083725065657908,0.7555472407509569,,"[-0.8682007345024816, 0.20136921598031376, -72413.95386273158, 0.3592142188961646, ""{\""max_eps\"": 0.0391223809812431, \""min_samples\"": 40, \""xi\"": 0.07}""]","[2.0, 37.03431011633044, -0.8682007345024816, 0.20136921598031376, -72413.95386273158, 0.3592142188961646, ""{\""max_eps\"": 0.0391223809812431, \""min_samples\"": 40, \""xi\"": 0.07}""]",True,False
bellevue_150th_eastgate,optics,9,20262711,"{""max_eps"": 0.008633872024647457, ""min_samples"": 80, ""xi"": 0.05}",6791,7,2,3949,58.150493299955826,0.2638986629134412,0.8231235999846831,9,0.842719278368442,0.2186928709958534,903313.3359724012,0.47380600855650795,0.7203891283080717,,"[-0.842719278368442, 0.2186928709958534, -903313.3359724012, 0.2638986629134412, ""{\""max_eps\"": 0.008633872024647457, \""min_samples\"": 80, \""xi\"": 0.05}""]","[2.0, 58.150493299955826, -0.842719278368442, 0.2186928709958534, -903313.3359724012, 0.2638986629134412, ""{\""max_eps\"": 0.008633872024647457, \""min_samples\"": 80, \""xi\"": 0.05}""]",False,False
bellevue_150th_eastgate,optics,10,20262712,"{""max_eps"": 0.013009795194133568, ""min_samples"": 80, ""xi"": 0.05}",6791,10,1,2707,39.861581504933,0.21376101860920665,1.3113774999510497,9,0.7640622747396102,0.26611448186768477,348249.987924159,0.6015947485565943,0.810530092691439,,"[-0.7640622747396102, 0.26611448186768477, -348249.987924159, 0.21376101860920665, ""{\""max_eps\"": 0.013009795194133568, \""min_samples\"": 80, \""xi\"": 0.05}""]","[1.0, 39.861581504933, -0.7640622747396102, 0.26611448186768477, -348249.987924159, 0.21376101860920665, ""{\""max_eps\"": 0.013009795194133568, \""min_samples\"": 80, \""xi\"": 0.05}""]",False,False
bellevue_150th_eastgate,optics,11,20262713,"{""max_eps"": 0.022171253230168272, ""min_samples"": 80, ""xi"": 0.05}",6791,11,2,1257,18.5097923722574,0.2661727502710517,1.9555910000344738,9,0.8624429267490686,0.17090201015970663,99713.33122066919,0.5555207414824923,0.8037784186213733,,"[-0.8624429267490686, 0.17090201015970663, -99713.33122066919, 0.2661727502710517, ""{\""max_eps\"": 0.022171253230168272, \""min_samples\"": 80, \""xi\"": 0.05}""]","[2.0, 18.5097923722574, -0.8624429267490686, 0.17090201015970663, -99713.33122066919, 0.2661727502710517, ""{\""max_eps\"": 0.022171253230168272, \""min_samples\"": 80, \""xi\"": 0.05}""]",False,False
bellevue_150th_eastgate,optics,12,20262714,"{""max_eps"": 0.0391223809812431, ""min_samples"": 80, ""xi"": 0.05}",6791,13,4,686,10.101605065527904,0.2502866502866503,2.368911199970171,9,0.838801571718906,0.24967759934755623,71232.16602404442,0.496718522908709,0.7045066201689714,,"[-0.838801571718906, 0.24967759934755623, -71232.16602404442, 0.2502866502866503, ""{\""max_eps\"": 0.0391223809812431, \""min_samples\"": 80, \""xi\"": 0.05}""]","[4.0, 10.101605065527904, -0.838801571718906, 0.24967759934755623, -71232.16602404442, 0.2502866502866503, ""{\""max_eps\"": 0.0391223809812431, \""min_samples\"": 80, \""xi\"": 0.05}""]",False,False
bellevue_150th_eastgate,optics,13,20262715,"{""max_eps"": 0.008633872024647457, ""min_samples"": 80, ""xi"": 0.07}",6791,7,2,3949,58.150493299955826,0.2638986629134412,0.8232325999997556,9,0.842719278368442,0.2186928709958534,903313.3359724012,0.47380600855650795,0.7203891283080717,,"[-0.842719278368442, 0.2186928709958534, -903313.3359724012, 0.2638986629134412, ""{\""max_eps\"": 0.008633872024647457, \""min_samples\"": 80, \""xi\"": 0.07}""]","[2.0, 58.150493299955826, -0.842719278368442, 0.2186928709958534, -903313.3359724012, 0.2638986629134412, ""{\""max_eps\"": 0.008633872024647457, \""min_samples\"": 80, \""xi\"": 0.07}""]",False,False
bellevue_150th_eastgate,optics,14,20262716,"{""max_eps"": 0.013009795194133568, ""min_samples"": 80, ""xi"": 0.07}",6791,10,1,2559,37.682226476218524,0.20628544423440454,1.3089909000555053,9,0.7423231862449011,0.30125325791476704,325849.596085756,0.6045476574724049,0.8124165974528866,,"[-0.7423231862449011, 0.30125325791476704, -325849.596085756, 0.20628544423440454, ""{\""max_eps\"": 0.013009795194133568, \""min_samples\"": 80, \""xi\"": 0.07}""]","[1.0, 37.682226476218524, -0.7423231862449011, 0.30125325791476704, -325849.596085756, 0.20628544423440454, ""{\""max_eps\"": 0.013009795194133568, \""min_samples\"": 80, \""xi\"": 0.07}""]",False,False
bellevue_150th_eastgate,optics,15,20262717,"{""max_eps"": 0.022171253230168272, ""min_samples"": 80, ""xi"": 0.07}",6791,10,1,1502,22.117508467088793,0.27850255246738514,1.9681284000398591,9,0.8664390606879109,0.15478613332867586,105644.65618680386,0.6395347414700154,0.8522772465309955,,"[-0.8664390606879109, 0.15478613332867586, -105644.65618680386, 0.27850255246738514, ""{\""max_eps\"": 0.022171253230168272, \""min_samples\"": 80, \""xi\"": 0.07}""]","[1.0, 22.117508467088793, -0.8664390606879109, 0.15478613332867586, -105644.65618680386, 0.27850255246738514, ""{\""max_eps\"": 0.022171253230168272, \""min_samples\"": 80, \""xi\"": 0.07}""]",False,True
bellevue_150th_eastgate,optics,16,20262718,"{""max_eps"": 0.0391223809812431, ""min_samples"": 80, ""xi"": 0.07}",6791,12,3,931,13.709321160359298,0.26075085324232083,2.3303988999687135,9,0.8413682397240885,0.2495637069096419,75221.43683165846,0.5160886505948492,0.751935950181778,,"[-0.8413682397240885, 0.2495637069096419, -75221.43683165846, 0.26075085324232083, ""{\""max_eps\"": 0.0391223809812431, \""min_samples\"": 80, \""xi\"": 0.07}""]","[3.0, 13.709321160359298, -0.8413682397240885, 0.2495637069096419, -75221.43683165846, 0.26075085324232083, ""{\""max_eps\"": 0.0391223809812431, \""min_samples\"": 80, \""xi\"": 0.07}""]",False,False
bellevue_150th_se38th,kmeans,1,20263703,"{""max_iter"": 300, ""n_clusters"": 2, ""n_init"": 10}",2865,2,16,0,0.0,0.6774869109947644,0.011604500003159046,18,0.7129005282934118,0.40663945773469584,9232.475151191467,0.3857949877434462,0.44454331337431274,,"[-0.7129005282934118, 0.40663945773469584, -9232.475151191467, 0.6774869109947644, ""{\""max_iter\"": 300, \""n_clusters\"": 2, \""n_init\"": 10}""]","[16.0, -0.7129005282934118, 0.40663945773469584, -9232.475151191467, 0.6774869109947644, ""{\""max_iter\"": 300, \""n_clusters\"": 2, \""n_init\"": 10}""]",False,False
bellevue_150th_se38th,kmeans,2,20263704,"{""max_iter"": 300, ""n_clusters"": 3, ""n_init"": 10}",2865,3,15,0,0.0,0.3556719022687609,0.011859099962748587,18,0.6571848696895395,0.6264320073508847,8334.463549050752,0.4124091929683408,0.492109666012414,,"[-0.6571848696895395, 0.6264320073508847, -8334.463549050752, 0.3556719022687609, ""{\""max_iter\"": 300, \""n_clusters\"": 3, \""n_init\"": 10}""]","[15.0, -0.6571848696895395, 0.6264320073508847, -8334.463549050752, 0.3556719022687609, ""{\""max_iter\"": 300, \""n_clusters\"": 3, \""n_init\"": 10}""]",False,False
bellevue_150th_se38th,kmeans,3,20263705,"{""max_iter"": 300, ""n_clusters"": 4, ""n_init"": 10}",2865,4,14,0,0.0,0.3483420593368237,0.011400499963201582,18,0.7092047488451011,0.46573450971548613,8317.63330441724,0.4214052879168192,0.5299623221028434,,"[-0.7092047488451011, 0.46573450971548613, -8317.63330441724, 0.3483420593368237, ""{\""max_iter\"": 300, \""n_clusters\"": 4, \""n_init\"": 10}""]","[14.0, -0.7092047488451011, 0.46573450971548613, -8317.63330441724, 0.3483420593368237, ""{\""max_iter\"": 300, \""n_clusters\"": 4, \""n_init\"": 10}""]",False,False
bellevue_150th_se38th,kmeans,4,20263706,"{""max_iter"": 300, ""n_clusters"": 5, ""n_init"": 10}",2865,5,13,0,0.0,0.31902268760907504,0.012362099951133132,18,0.7714668872106726,0.5572246267185632,9423.376618630271,0.42806519553351063,0.5597767757848554,,"[-0.7714668872106726, 0.5572246267185632, -9423.376618630271, 0.31902268760907504, ""{\""max_iter\"": 300, \""n_clusters\"": 5, \""n_init\"": 10}""]","[13.0, -0.7714668872106726, 0.5572246267185632, -9423.376618630271, 0.31902268760907504, ""{\""max_iter\"": 300, \""n_clusters\"": 5, \""n_init\"": 10}""]",False,False
bellevue_150th_se38th,kmeans,5,20263707,"{""max_iter"": 300, ""n_clusters"": 6, ""n_init"": 10}",2865,6,12,0,0.0,0.29214659685863875,0.015537300030700862,18,0.7543751030271736,0.6774464354721322,10910.503265624246,0.4306189988665936,0.5847851843189744,,"[-0.7543751030271736, 0.6774464354721322, -10910.503265624246, 0.29214659685863875, ""{\""max_iter\"": 300, \""n_clusters\"": 6, \""n_init\"": 10}""]","[12.0, -0.7543751030271736, 0.6774464354721322, -10910.503265624246, 0.29214659685863875, ""{\""max_iter\"": 300, \""n_clusters\"": 6, \""n_init\"": 10}""]",False,False
bellevue_150th_se38th,kmeans,6,20263708,"{""max_iter"": 300, ""n_clusters"": 7, ""n_init"": 10}",2865,7,11,0,0.0,0.2900523560209424,0.015705999918282032,18,0.7810146618028326,0.4705613646477291,12756.572300872222,0.43987945208207696,0.6224911844538842,,"[-0.7810146618028326, 0.4705613646477291, -12756.572300872222, 0.2900523560209424, ""{\""max_iter\"": 300, \""n_clusters\"": 7, \""n_init\"": 10}""]","[11.0, -0.7810146618028326, 0.4705613646477291, -12756.572300872222, 0.2900523560209424, ""{\""max_iter\"": 300, \""n_clusters\"": 7, \""n_init\"": 10}""]",False,False
bellevue_150th_se38th,kmeans,7,20263709,"{""max_iter"": 300, ""n_clusters"": 8, ""n_init"": 10}",2865,8,10,0,0.0,0.2764397905759162,0.020112100057303905,18,0.8015836592727482,0.5166439084738212,15646.247662215475,0.44540273156408017,0.6505924814443367,,"[-0.8015836592727482, 0.5166439084738212, -15646.247662215475, 0.2764397905759162, ""{\""max_iter\"": 300, \""n_clusters\"": 8, \""n_init\"": 10}""]","[10.0, -0.8015836592727482, 0.5166439084738212, -15646.247662215475, 0.2764397905759162, ""{\""max_iter\"": 300, \""n_clusters\"": 8, \""n_init\"": 10}""]",False,False
bellevue_150th_se38th,kmeans,8,20263710,"{""max_iter"": 300, ""n_clusters"": 9, ""n_init"": 10}",2865,9,9,0,0.0,0.2764397905759162,0.01748449995648116,18,0.8153884396913328,0.4404376336576369,17164.65614067043,0.452837115846154,0.6825487887653329,,"[-0.8153884396913328, 0.4404376336576369, -17164.65614067043, 0.2764397905759162, ""{\""max_iter\"": 300, \""n_clusters\"": 9, \""n_init\"": 10}""]","[9.0, -0.8153884396913328, 0.4404376336576369, -17164.65614067043, 0.2764397905759162, ""{\""max_iter\"": 300, \""n_clusters\"": 9, \""n_init\"": 10}""]",False,False
bellevue_150th_se38th,kmeans,9,20263711,"{""max_iter"": 300, ""n_clusters"": 10, ""n_init"": 10}",2865,10,8,0,0.0,0.2764397905759162,0.018578299903310835,18,0.8219087500001323,0.37105461033769754,19870.789631075662,0.46103084705538633,0.7141657912239132,,"[-0.8219087500001323, 0.37105461033769754, -19870.789631075662, 0.2764397905759162, ""{\""max_iter\"": 300, \""n_clusters\"": 10, \""n_init\"": 10}""]","[8.0, -0.8219087500001323, 0.37105461033769754, -19870.789631075662, 0.2764397905759162, ""{\""max_iter\"": 300, \""n_clusters\"": 10, \""n_init\"": 10}""]",False,False
bellevue_150th_se38th,kmeans,10,20263712,"{""max_iter"": 300, ""n_clusters"": 11, ""n_init"": 10}",2865,11,7,0,0.0,0.2764397905759162,0.021691299974918365,18,0.8246833669053552,0.3840372033568995,23083.15038229037,0.46846638580806454,0.7413981378840082,,"[-0.8246833669053552, 0.3840372033568995, -23083.15038229037, 0.2764397905759162, ""{\""max_iter\"": 300, \""n_clusters\"": 11, \""n_init\"": 10}""]","[7.0, -0.8246833669053552, 0.3840372033568995, -23083.15038229037, 0.2764397905759162, ""{\""max_iter\"": 300, \""n_clusters\"": 11, \""n_init\"": 10}""]",False,False
bellevue_150th_se38th,kmeans,11,20263713,"{""max_iter"": 300, ""n_clusters"": 12, ""n_init"": 10}",2865,12,6,0,0.0,0.2764397905759162,0.02349829999729991,18,0.828871462132217,0.33127123978990775,25398.461101262008,0.47992910883576384,0.7722490998129847,,"[-0.828871462132217, 0.33127123978990775, -25398.461101262008, 0.2764397905759162, ""{\""max_iter\"": 300, \""n_clusters\"": 12, \""n_init\"": 10}""]","[6.0, -0.828871462132217, 0.33127123978990775, -25398.461101262008, 0.2764397905759162, ""{\""max_iter\"": 300, \""n_clusters\"": 12, \""n_init\"": 10}""]",True,False
bellevue_150th_se38th,kmeans,12,20263714,"{""max_iter"": 300, ""n_clusters"": 13, ""n_init"": 10}",2865,13,5,0,0.0,0.27469458987783596,0.024072300060652196,18,0.7477062996912646,0.46374182347818077,25834.306585157035,0.48574155207560643,0.789345025932211,,"[-0.7477062996912646, 0.46374182347818077, -25834.306585157035, 0.27469458987783596, ""{\""max_iter\"": 300, \""n_clusters\"": 13, \""n_init\"": 10}""]","[5.0, -0.7477062996912646, 0.46374182347818077, -25834.306585157035, 0.27469458987783596, ""{\""max_iter\"": 300, \""n_clusters\"": 13, \""n_init\"": 10}""]",False,False
bellevue_150th_se38th,kmeans,13,20263715,"{""max_iter"": 300, ""n_clusters"": 14, ""n_init"": 10}",2865,14,4,0,0.0,0.27469458987783596,0.026906499988399446,18,0.7423297847852253,0.4784540062180203,25798.050620806687,0.5034661411536174,0.8161741409446461,,"[-0.7423297847852253, 0.4784540062180203, -25798.050620806687, 0.27469458987783596, ""{\""max_iter\"": 300, \""n_clusters\"": 14, \""n_init\"": 10}""]","[4.0, -0.7423297847852253, 0.4784540062180203, -25798.050620806687, 0.27469458987783596, ""{\""max_iter\"": 300, \""n_clusters\"": 14, \""n_init\"": 10}""]",False,False
bellevue_150th_se38th,kmeans,14,20263716,"{""max_iter"": 300, ""n_clusters"": 15, ""n_init"": 10}",2865,15,3,0,0.0,0.27469458987783596,0.032982800039462745,18,0.7242573870970657,0.4759112855550561,26594.71757287501,0.5301207853077974,0.8431648269151918,,"[-0.7242573870970657, 0.4759112855550561, -26594.71757287501, 0.27469458987783596, ""{\""max_iter\"": 300, \""n_clusters\"": 15, \""n_init\"": 10}""]","[3.0, -0.7242573870970657, 0.4759112855550561, -26594.71757287501, 0.27469458987783596, ""{\""max_iter\"": 300, \""n_clusters\"": 15, \""n_init\"": 10}""]",False,False
bellevue_150th_se38th,kmeans,15,20263717,"{""max_iter"": 300, ""n_clusters"": 16, ""n_init"": 10}",2865,16,2,0,0.0,0.2743455497382199,0.027714499970898032,18,0.694684445658402,0.4919430545996355,27516.63364301172,0.5741463440946838,0.8687707986580471,,"[-0.694684445658402, 0.4919430545996355, -27516.63364301172, 0.2743455497382199, ""{\""max_iter\"": 300, \""n_clusters\"": 16, \""n_init\"": 10}""]","[2.0, -0.694684445658402, 0.4919430545996355, -27516.63364301172, 0.2743455497382199, ""{\""max_iter\"": 300, \""n_clusters\"": 16, \""n_init\"": 10}""]",False,False
bellevue_150th_se38th,kmeans,16,20263718,"{""max_iter"": 300, ""n_clusters"": 17, ""n_init"": 10}",2865,17,1,0,0.0,0.2743455497382199,0.030300999991595745,18,0.727325437466442,0.460104716051716,28663.58371833019,0.6681758361399376,0.8996421776025972,,"[-0.727325437466442, 0.460104716051716, -28663.58371833019, 0.2743455497382199, ""{\""max_iter\"": 300, \""n_clusters\"": 17, \""n_init\"": 10}""]","[1.0, -0.727325437466442, 0.460104716051716, -28663.58371833019, 0.2743455497382199, ""{\""max_iter\"": 300, \""n_clusters\"": 17, \""n_init\"": 10}""]",False,False
bellevue_150th_se38th,kmeans,17,20263719,"{""max_iter"": 300, ""n_clusters"": 18, ""n_init"": 10}",2865,18,0,0,0.0,0.2743455497382199,0.030815099948085845,18,0.7259645307388554,0.48864280701667884,29293.859750073498,0.9424513124426698,0.9260389533222187,,"[-0.7259645307388554, 0.48864280701667884, -29293.859750073498, 0.2743455497382199, ""{\""max_iter\"": 300, \""n_clusters\"": 18, \""n_init\"": 10}""]","[0.0, -0.7259645307388554, 0.48864280701667884, -29293.859750073498, 0.2743455497382199, ""{\""max_iter\"": 300, \""n_clusters\"": 18, \""n_init\"": 10}""]",False,True
bellevue_150th_se38th,kmeans,18,20263720,"{""max_iter"": 300, ""n_clusters"": 19, ""n_init"": 10}",2865,19,1,0,0.0,0.2743455497382199,0.03230149997398257,18,0.6511787717889531,0.5692770657305054,29962.230480962935,0.661986188705299,0.8910702160171948,,"[-0.6511787717889531, 0.5692770657305054, -29962.230480962935, 0.2743455497382199, ""{\""max_iter\"": 300, \""n_clusters\"": 19, \""n_init\"": 10}""]","[1.0, -0.6511787717889531, 0.5692770657305054, -29962.230480962935, 0.2743455497382199, ""{\""max_iter\"": 300, \""n_clusters\"": 19, \""n_init\"": 10}""]",False,False
bellevue_150th_se38th,kmeans,19,20263721,"{""max_iter"": 300, ""n_clusters"": 20, ""n_init"": 10}",2865,20,2,0,0.0,0.2743455497382199,0.030201399931684136,18,0.6525326479647247,0.5142142110162075,30676.85209902554,0.5715458378784549,0.8656773761102732,,"[-0.6525326479647247, 0.5142142110162075, -30676.85209902554, 0.2743455497382199, ""{\""max_iter\"": 300, \""n_clusters\"": 20, \""n_init\"": 10}""]","[2.0, -0.6525326479647247, 0.5142142110162075, -30676.85209902554, 0.2743455497382199, ""{\""max_iter\"": 300, \""n_clusters\"": 20, \""n_init\"": 10}""]",False,False
bellevue_150th_se38th,kmeans,20,20263722,"{""max_iter"": 300, ""n_clusters"": 21, ""n_init"": 10}",2865,21,3,0,0.0,0.22233856893542758,0.043333099922165275,18,0.5160773676096518,0.5694779817898866,31195.288718232077,0.5229277378011238,0.8339521307819744,,"[-0.5160773676096518, 0.5694779817898866, -31195.288718232077, 0.22233856893542758, ""{\""max_iter\"": 300, \""n_clusters\"": 21, \""n_init\"": 10}""]","[3.0, -0.5160773676096518, 0.5694779817898866, -31195.288718232077, 0.22233856893542758, ""{\""max_iter\"": 300, \""n_clusters\"": 21, \""n_init\"": 10}""]",False,False
bellevue_150th_se38th,kmeans,21,20263723,"{""max_iter"": 300, ""n_clusters"": 22, ""n_init"": 10}",2865,22,4,0,0.0,0.22233856893542758,0.043112599989399314,18,0.5118571258802178,0.5859955180127939,30791.63259121297,0.4948849396897879,0.8052997688679965,,"[-0.5118571258802178, 0.5859955180127939, -30791.63259121297, 0.22233856893542758, ""{\""max_iter\"": 300, \""n_clusters\"": 22, \""n_init\"": 10}""]","[4.0, -0.5118571258802178, 0.5859955180127939, -30791.63259121297, 0.22233856893542758, ""{\""max_iter\"": 300, \""n_clusters\"": 22, \""n_init\"": 10}""]",False,False
bellevue_150th_se38th,kmeans,22,20263724,"{""max_iter"": 300, ""n_clusters"": 23, ""n_init"": 10}",2865,23,5,0,0.0,0.1469458987783595,0.03384879999794066,18,0.46479959773254576,0.6149959529924038,31956.998045838423,0.48117188657927645,0.7815761609275395,,"[-0.46479959773254576, 0.6149959529924038, -31956.998045838423, 0.1469458987783595, ""{\""max_iter\"": 300, \""n_clusters\"": 23, \""n_init\"": 10}""]","[5.0, -0.46479959773254576, 0.6149959529924038, -31956.998045838423, 0.1469458987783595, ""{\""max_iter\"": 300, \""n_clusters\"": 23, \""n_init\"": 10}""]",False,False
bellevue_150th_se38th,kmeans,23,20263725,"{""max_iter"": 300, ""n_clusters"": 24, ""n_init"": 10}",2865,24,6,0,0.0,0.14415357766143105,0.03574350010603666,18,0.4637835879410783,0.6186307683084414,32139.035823940605,0.468235556366637,0.7538877672928395,,"[-0.4637835879410783, 0.6186307683084414, -32139.035823940605, 0.14415357766143105, ""{\""max_iter\"": 300, \""n_clusters\"": 24, \""n_init\"": 10}""]","[6.0, -0.4637835879410783, 0.6186307683084414, -32139.035823940605, 0.14415357766143105, ""{\""max_iter\"": 300, \""n_clusters\"": 24, \""n_init\"": 10}""]",False,False
bellevue_150th_se38th,kmeans,24,20263726,"{""max_iter"": 300, ""n_clusters"": 25, ""n_init"": 10}",2865,25,7,0,0.0,0.14450261780104712,0.0404638999607414,18,0.45170419581556137,0.6499383945261521,32473.348728565918,0.45718910976960964,0.7242988270841013,,"[-0.45170419581556137, 0.6499383945261521, -32473.348728565918, 0.14450261780104712, ""{\""max_iter\"": 300, \""n_clusters\"": 25, \""n_init\"": 10}""]","[7.0, -0.45170419581556137, 0.6499383945261521, -32473.348728565918, 0.14450261780104712, ""{\""max_iter\"": 300, \""n_clusters\"": 25, \""n_init\"": 10}""]",False,False
bellevue_150th_se38th,kmeans,25,20263727,"{""max_iter"": 300, ""n_clusters"": 26, ""n_init"": 10}",2865,26,8,0,0.0,0.14415357766143105,0.04229410004336387,18,0.4689078220378417,0.6267762543967754,33526.90206419576,0.4508767787203887,0.698279079660584,,"[-0.4689078220378417, 0.6267762543967754, -33526.90206419576, 0.14415357766143105, ""{\""max_iter\"": 300, \""n_clusters\"": 26, \""n_init\"": 10}""]","[8.0, -0.4689078220378417, 0.6267762543967754, -33526.90206419576, 0.14415357766143105, ""{\""max_iter\"": 300, \""n_clusters\"": 26, \""n_init\"": 10}""]",False,False
bellevue_150th_se38th,kmeans,26,20263728,"{""max_iter"": 300, ""n_clusters"": 27, ""n_init"": 10}",2865,27,9,0,0.0,0.14380453752181502,0.04735630005598068,18,0.45725993905895235,0.6611062528196713,33376.75897592099,0.44358296568435307,0.6686833881679399,,"[-0.45725993905895235, 0.6611062528196713, -33376.75897592099, 0.14380453752181502, ""{\""max_iter\"": 300, \""n_clusters\"": 27, \""n_init\"": 10}""]","[9.0, -0.45725993905895235, 0.6611062528196713, -33376.75897592099, 0.14380453752181502, ""{\""max_iter\"": 300, \""n_clusters\"": 27, \""n_init\"": 10}""]",False,False
bellevue_150th_se38th,kmeans,27,20263729,"{""max_iter"": 300, ""n_clusters"": 28, ""n_init"": 10}",2865,28,10,0,0.0,0.14415357766143105,0.047657599905505776,18,0.4685687888136161,0.6376240748405155,33933.01011961144,0.4395451193797536,0.6422993793071918,,"[-0.4685687888136161, 0.6376240748405155, -33933.01011961144, 0.14415357766143105, ""{\""max_iter\"": 300, \""n_clusters\"": 28, \""n_init\"": 10}""]","[10.0, -0.4685687888136161, 0.6376240748405155, -33933.01011961144, 0.14415357766143105, ""{\""max_iter\"": 300, \""n_clusters\"": 28, \""n_init\"": 10}""]",False,False
bellevue_150th_se38th,kmeans,28,20263730,"{""max_iter"": 300, ""n_clusters"": 29, ""n_init"": 10}",2865,29,11,0,0.0,0.12041884816753927,0.042375000077299774,18,0.44798357519742543,0.6912392017205847,33252.90546828322,0.4357547480401679,0.6139299799149961,,"[-0.44798357519742543, 0.6912392017205847, -33252.90546828322, 0.12041884816753927, ""{\""max_iter\"": 300, \""n_clusters\"": 29, \""n_init\"": 10}""]","[11.0, -0.44798357519742543, 0.6912392017205847, -33252.90546828322, 0.12041884816753927, ""{\""max_iter\"": 300, \""n_clusters\"": 29, \""n_init\"": 10}""]",False,False
bellevue_150th_se38th,kmeans,29,20263731,"{""max_iter"": 300, ""n_clusters"": 30, ""n_init"": 10}",2865,30,12,0,0.0,0.14415357766143105,0.04917430004570633,18,0.44693770594733223,0.6958676948163258,33008.57386832057,0.4297226519208126,0.5835650583616838,,"[-0.44693770594733223, 0.6958676948163258, -33008.57386832057, 0.14415357766143105, ""{\""max_iter\"": 300, \""n_clusters\"": 30, \""n_init\"": 10}""]","[12.0, -0.44693770594733223, 0.6958676948163258, -33008.57386832057, 0.14415357766143105, ""{\""max_iter\"": 300, \""n_clusters\"": 30, \""n_init\"": 10}""]",False,False
bellevue_150th_se38th,hdbscan,1,20263703,"{""min_cluster_size"": 80, ""min_samples"": 10}",2865,7,11,181,6.317626527050611,0.29284649776453053,0.034766800003126264,18,0.7259351208326912,0.5811849180045778,15734.53014300923,0.4218320414145568,0.602065007395811,,"[-0.7259351208326912, 0.5811849180045778, -15734.53014300923, 0.29284649776453053, ""{\""min_cluster_size\"": 80, \""min_samples\"": 10}""]","[11.0, 6.317626527050611, -0.7259351208326912, 0.5811849180045778, -15734.53014300923, 0.29284649776453053, ""{\""min_cluster_size\"": 80, \""min_samples\"": 10}""]",False,True
bellevue_150th_se38th,hdbscan,2,20263704,"{""min_cluster_size"": 80, ""min_samples"": 20}",2865,7,11,269,9.389179755671902,0.30161787365177195,0.031458400073461235,18,0.7501139476217971,0.4040257288938401,23819.806735410904,0.4200107668476192,0.6042337609684472,,"[-0.7501139476217971, 0.4040257288938401, -23819.806735410904, 0.30161787365177195, ""{\""min_cluster_size\"": 80, \""min_samples\"": 20}""]","[11.0, 9.389179755671902, -0.7501139476217971, 0.4040257288938401, -23819.806735410904, 0.30161787365177195, ""{\""min_cluster_size\"": 80, \""min_samples\"": 20}""]",False,False
bellevue_150th_se38th,hdbscan,3,20263705,"{""min_cluster_size"": 160, ""min_samples"": 10}",2865,4,14,203,7.0855148342059335,0.34635612321562737,0.029475799994543195,18,0.8107713596540186,0.3391550008227747,13920.620753877081,0.415735570058783,0.5275169919026174,,"[-0.8107713596540186, 0.3391550008227747, -13920.620753877081, 0.34635612321562737, ""{\""min_cluster_size\"": 160, \""min_samples\"": 10}""]","[14.0, 7.0855148342059335, -0.8107713596540186, 0.3391550008227747, -13920.620753877081, 0.34635612321562737, ""{\""min_cluster_size\"": 160, \""min_samples\"": 10}""]",False,False
bellevue_150th_se38th,hdbscan,4,20263706,"{""min_cluster_size"": 160, ""min_samples"": 20}",2865,3,15,391,13.647469458987784,0.3698464025869038,0.031789699918590486,18,0.8446770227337581,0.17582903417973403,24475.606763903408,0.4048524607456096,0.49633398286453057,,"[-0.8446770227337581, 0.17582903417973403, -24475.606763903408, 0.3698464025869038, ""{\""min_cluster_size\"": 160, \""min_samples\"": 20}""]","[15.0, 13.647469458987784, -0.8446770227337581, 0.17582903417973403, -24475.606763903408, 0.3698464025869038, ""{\""min_cluster_size\"": 160, \""min_samples\"": 20}""]",True,False
bellevue_150th_se38th,hdbscan,5,20263707,"{""min_cluster_size"": 320, ""min_samples"": 10}",2865,3,15,363,12.670157068062828,0.36850519584332536,0.029350099968723953,18,0.8310998915939941,0.18769976226399732,20814.276609061606,0.40583734222511963,0.49689385692433097,,"[-0.8310998915939941, 0.18769976226399732, -20814.276609061606, 0.36850519584332536, ""{\""min_cluster_size\"": 320, \""min_samples\"": 10}""]","[15.0, 12.670157068062828, -0.8310998915939941, 0.18769976226399732, -20814.276609061606, 0.36850519584332536, ""{\""min_cluster_size\"": 320, \""min_samples\"": 10}""]",False,False
bellevue_150th_se38th,hdbscan,6,20263708,"{""min_cluster_size"": 320, ""min_samples"": 20}",2865,3,15,391,13.647469458987784,0.3698464025869038,0.03071379999164492,18,0.8446770227337581,0.17582903417973403,24475.606763903408,0.4048524607456096,0.49633398286453057,,"[-0.8446770227337581, 0.17582903417973403, -24475.606763903408, 0.3698464025869038, ""{\""min_cluster_size\"": 320, \""min_samples\"": 20}""]","[15.0, 13.647469458987784, -0.8446770227337581, 0.17582903417973403, -24475.606763903408, 0.3698464025869038, ""{\""min_cluster_size\"": 320, \""min_samples\"": 20}""]",False,False
bellevue_150th_se38th,optics,1,20263703,"{""max_eps"": 0.0105626297519378, ""min_samples"": 40, ""xi"": 0.05}",2865,8,10,1503,52.460732984293195,0.39720998531571217,0.3765417999820784,18,0.3727598075147803,0.7911395053012473,203625.93584948184,0.30191071609500025,0.5020481285366413,,"[-0.3727598075147803, 0.7911395053012473, -203625.93584948184, 0.39720998531571217, ""{\""max_eps\"": 0.0105626297519378, \""min_samples\"": 40, \""xi\"": 0.05}""]","[10.0, 52.460732984293195, -0.3727598075147803, 0.7911395053012473, -203625.93584948184, 0.39720998531571217, ""{\""max_eps\"": 0.0105626297519378, \""min_samples\"": 40, \""xi\"": 0.05}""]",False,False
bellevue_150th_se38th,optics,2,20263704,"{""max_eps"": 0.020337294551748715, ""min_samples"": 40, ""xi"": 0.05}",2865,7,11,1100,38.39441535776614,0.43059490084985835,0.6977985999546945,18,0.8485181893461409,0.40404312840865314,140881.3713517812,0.354022363691853,0.5382449164946949,,"[-0.8485181893461409, 0.40404312840865314, -140881.3713517812, 0.43059490084985835, ""{\""max_eps\"": 0.020337294551748715, \""min_samples\"": 40, \""xi\"": 0.05}""]","[11.0, 38.39441535776614, -0.8485181893461409, 0.40404312840865314, -140881.3713517812, 0.43059490084985835, ""{\""max_eps\"": 0.020337294551748715, \""min_samples\"": 40, \""xi\"": 0.05}""]",False,False
bellevue_150th_se38th,optics,3,20263705,"{""max_eps"": 0.037180729231304936, ""min_samples"": 40, ""xi"": 0.05}",2865,9,9,940,32.80977312390925,0.40155844155844156,0.8278660000069067,18,0.8522403837025341,0.34039405051447424,104571.0451807585,0.3791390921733367,0.6114415555652093,,"[-0.8522403837025341, 0.34039405051447424, -104571.0451807585, 0.40155844155844156, ""{\""max_eps\"": 0.037180729231304936, \""min_samples\"": 40, \""xi\"": 0.05}""]","[9.0, 32.80977312390925, -0.8522403837025341, 0.34039405051447424, -104571.0451807585, 0.40155844155844156, ""{\""max_eps\"": 0.037180729231304936, \""min_samples\"": 40, \""xi\"": 0.05}""]",False,False
bellevue_150th_se38th,optics,4,20263706,"{""max_eps"": 0.09623894321033927, ""min_samples"": 40, ""xi"": 0.05}",2865,12,6,685,23.909249563699827,0.3610091743119266,0.9789053000276908,18,0.841277102458385,0.3085153259582977,48391.20453844755,0.4249271123600957,0.7179002623463407,,"[-0.841277102458385, 0.3085153259582977, -48391.20453844755, 0.3610091743119266, ""{\""max_eps\"": 0.09623894321033927, \""min_samples\"": 40, \""xi\"": 0.05}""]","[6.0, 23.909249563699827, -0.841277102458385, 0.3085153259582977, -48391.20453844755, 0.3610091743119266, ""{\""max_eps\"": 0.09623894321033927, \""min_samples\"": 40, \""xi\"": 0.05}""]",False,True
bellevue_150th_se38th,optics,5,20263707,"{""max_eps"": 0.0105626297519378, ""min_samples"": 40, ""xi"": 0.07}",2865,7,11,1607,56.090750436300176,0.4300476947535771,0.37278820003848523,18,0.35745896854061865,0.7997569639969272,177616.97560797966,0.2863015402522554,0.4626941802032156,,"[-0.35745896854061865, 0.7997569639969272, -177616.97560797966, 0.4300476947535771, ""{\""max_eps\"": 0.0105626297519378, \""min_samples\"": 40, \""xi\"": 0.07}""]","[11.0, 56.090750436300176, -0.35745896854061865, 0.7997569639969272, -177616.97560797966, 0.4300476947535771, ""{\""max_eps\"": 0.0105626297519378, \""min_samples\"": 40, \""xi\"": 0.07}""]",False,False
bellevue_150th_se38th,optics,6,20263708,"{""max_eps"": 0.020337294551748715, ""min_samples"": 40, ""xi"": 0.07}",2865,4,14,1388,48.446771378708554,0.5145565335138795,0.6914199999300763,18,0.9190292227572834,0.08281934653606032,106133.33353870561,0.3304446859062042,0.45106488456112714,,"[-0.9190292227572834, 0.08281934653606032, -106133.33353870561, 0.5145565335138795, ""{\""max_eps\"": 0.020337294551748715, \""min_samples\"": 40, \""xi\"": 0.07}""]","[14.0, 48.446771378708554, -0.9190292227572834, 0.08281934653606032, -106133.33353870561, 0.5145565335138795, ""{\""max_eps\"": 0.020337294551748715, \""min_samples\"": 40, \""xi\"": 0.07}""]",False,False
bellevue_150th_se38th,optics,7,20263709,"{""max_eps"": 0.037180729231304936, ""min_samples"": 40, ""xi"": 0.07}",2865,6,12,1072,37.417102966841185,0.43112102621305076,0.812547899899073,18,0.895255206935224,0.11006398761276505,48185.85102560867,0.36416659260509404,0.5335680154696963,,"[-0.895255206935224, 0.11006398761276505, -48185.85102560867, 0.43112102621305076, ""{\""max_eps\"": 0.037180729231304936, \""min_samples\"": 40, \""xi\"": 0.07}""]","[12.0, 37.417102966841185, -0.895255206935224, 0.11006398761276505, -48185.85102560867, 0.43112102621305076, ""{\""max_eps\"": 0.037180729231304936, \""min_samples\"": 40, \""xi\"": 0.07}""]",False,False
bellevue_150th_se38th,optics,8,20263710,"{""max_eps"": 0.09623894321033927, ""min_samples"": 40, ""xi"": 0.07}",2865,9,9,788,27.5043630017452,0.3789118921521425,0.9850580000784248,18,0.8707013094559957,0.1513885881143252,24354.891426946462,0.3990609758321365,0.6374868014101779,,"[-0.8707013094559957, 0.1513885881143252, -24354.891426946462, 0.3789118921521425, ""{\""max_eps\"": 0.09623894321033927, \""min_samples\"": 40, \""xi\"": 0.07}""]","[9.0, 27.5043630017452, -0.8707013094559957, 0.1513885881143252, -24354.891426946462, 0.3789118921521425, ""{\""max_eps\"": 0.09623894321033927, \""min_samples\"": 40, \""xi\"": 0.07}""]",False,False
bellevue_150th_se38th,optics,9,20263711,"{""max_eps"": 0.0105626297519378, ""min_samples"": 80, ""xi"": 0.05}",2865,3,15,2423,84.57242582897034,0.38461538461538464,0.08582789998035878,18,0.6786255261951276,0.41745945360596576,541526.6325405639,0.24597426379085113,0.33020697472475835,,"[-0.6786255261951276, 0.41745945360596576, -541526.6325405639, 0.38461538461538464, ""{\""max_eps\"": 0.0105626297519378, \""min_samples\"": 80, \""xi\"": 0.05}""]","[15.0, 84.57242582897034, -0.6786255261951276, 0.41745945360596576, -541526.6325405639, 0.38461538461538464, ""{\""max_eps\"": 0.0105626297519378, \""min_samples\"": 80, \""xi\"": 0.05}""]",False,False
bellevue_150th_se38th,optics,10,20263712,"{""max_eps"": 0.020337294551748715, ""min_samples"": 80, ""xi"": 0.05}",2865,3,15,952,33.22862129144852,0.3904861474124412,0.6046019999776036,18,0.931674299852372,0.09742414159072739,411333.46792901057,0.3710140933886289,0.46553366244211364,,"[-0.931674299852372, 0.09742414159072739, -411333.46792901057, 0.3904861474124412, ""{\""max_eps\"": 0.020337294551748715, \""min_samples\"": 80, \""xi\"": 0.05}""]","[15.0, 33.22862129144852, -0.931674299852372, 0.09742414159072739, -411333.46792901057, 0.3904861474124412, ""{\""max_eps\"": 0.020337294551748715, \""min_samples\"": 80, \""xi\"": 0.05}""]",True,False
bellevue_150th_se38th,optics,11,20263713,"{""max_eps"": 0.037180729231304936, ""min_samples"": 80, ""xi"": 0.05}",2865,3,15,814,28.411867364746946,0.37688932228181377,0.7403497999766842,18,0.9248175126823294,0.10579611019837064,352418.28728048026,0.3813195008471837,0.47549412635125937,,"[-0.9248175126823294, 0.10579611019837064, -352418.28728048026, 0.37688932228181377, ""{\""max_eps\"": 0.037180729231304936, \""min_samples\"": 80, \""xi\"": 0.05}""]","[15.0, 28.411867364746946, -0.9248175126823294, 0.10579611019837064, -352418.28728048026, 0.37688932228181377, ""{\""max_eps\"": 0.037180729231304936, \""min_samples\"": 80, \""xi\"": 0.05}""]",False,False
bellevue_150th_se38th,optics,12,20263714,"{""max_eps"": 0.09623894321033927, ""min_samples"": 80, ""xi"": 0.05}",2865,6,12,505,17.62652705061082,0.33347457627118643,0.8985501999268308,18,0.889919460899985,0.15589111138719858,105446.48201548988,0.4114598233118571,0.5790754673583373,,"[-0.889919460899985, 0.15589111138719858, -105446.48201548988, 0.33347457627118643, ""{\""max_eps\"": 0.09623894321033927, \""min_samples\"": 80, \""xi\"": 0.05}""]","[12.0, 17.62652705061082, -0.889919460899985, 0.15589111138719858, -105446.48201548988, 0.33347457627118643, ""{\""max_eps\"": 0.09623894321033927, \""min_samples\"": 80, \""xi\"": 0.05}""]",False,False
bellevue_150th_se38th,optics,13,20263715,"{""max_eps"": 0.0105626297519378, ""min_samples"": 80, ""xi"": 0.07}",2865,3,15,2423,84.57242582897034,0.38461538461538464,0.08603240002412349,18,0.6786255261951276,0.41745945360596576,541526.6325405639,0.24597426379085113,0.33020697472475835,,"[-0.6786255261951276, 0.41745945360596576, -541526.6325405639, 0.38461538461538464, ""{\""max_eps\"": 0.0105626297519378, \""min_samples\"": 80, \""xi\"": 0.07}""]","[15.0, 84.57242582897034, -0.6786255261951276, 0.41745945360596576, -541526.6325405639, 0.38461538461538464, ""{\""max_eps\"": 0.0105626297519378, \""min_samples\"": 80, \""xi\"": 0.07}""]",False,False
bellevue_150th_se38th,optics,14,20263716,"{""max_eps"": 0.020337294551748715, ""min_samples"": 80, ""xi"": 0.07}",2865,3,15,952,33.22862129144852,0.3904861474124412,0.6144241000292823,18,0.931674299852372,0.09742414159072739,411333.46792901057,0.3710140933886289,0.46553366244211364,,"[-0.931674299852372, 0.09742414159072739, -411333.46792901057, 0.3904861474124412, ""{\""max_eps\"": 0.020337294551748715, \""min_samples\"": 80, \""xi\"": 0.07}""]","[15.0, 33.22862129144852, -0.931674299852372, 0.09742414159072739, -411333.46792901057, 0.3904861474124412, ""{\""max_eps\"": 0.020337294551748715, \""min_samples\"": 80, \""xi\"": 0.07}""]",False,False
bellevue_150th_se38th,optics,15,20263717,"{""max_eps"": 0.037180729231304936, ""min_samples"": 80, ""xi"": 0.07}",2865,3,15,814,28.411867364746946,0.37688932228181377,0.7544438999611884,18,0.9248175126823294,0.10579611019837064,352418.28728048026,0.3813195008471837,0.47549412635125937,,"[-0.9248175126823294, 0.10579611019837064, -352418.28728048026, 0.37688932228181377, ""{\""max_eps\"": 0.037180729231304936, \""min_samples\"": 80, \""xi\"": 0.07}""]","[15.0, 28.411867364746946, -0.9248175126823294, 0.10579611019837064, -352418.28728048026, 0.37688932228181377, ""{\""max_eps\"": 0.037180729231304936, \""min_samples\"": 80, \""xi\"": 0.07}""]",False,False
bellevue_150th_se38th,optics,16,20263718,"{""max_eps"": 0.09623894321033927, ""min_samples"": 80, ""xi"": 0.07}",2865,6,12,322,11.239092495636998,0.3094769956744003,0.9028433000203222,18,0.8697090074410915,0.17426808617025422,84850.83474869526,0.42494697274401094,0.5918856617259634,,"[-0.8697090074410915, 0.17426808617025422, -84850.83474869526, 0.3094769956744003, ""{\""max_eps\"": 0.09623894321033927, \""min_samples\"": 80, \""xi\"": 0.07}""]","[12.0, 11.239092495636998, -0.8697090074410915, 0.17426808617025422, -84850.83474869526, 0.3094769956744003, ""{\""max_eps\"": 0.09623894321033927, \""min_samples\"": 80, \""xi\"": 0.07}""]",False,False
bellevue_ne8th,kmeans,1,20264703,"{""max_iter"": 300, ""n_clusters"": 2, ""n_init"": 10}",6321,2,7,0,0.0,0.5420028476506882,0.010864600073546171,9,0.5518007983016237,0.8371295896588385,4146.466659904253,0.4193561258847983,0.4889336077306953,,"[-0.5518007983016237, 0.8371295896588385, -4146.466659904253, 0.5420028476506882, ""{\""max_iter\"": 300, \""n_clusters\"": 2, \""n_init\"": 10}""]","[7.0, -0.5518007983016237, 0.8371295896588385, -4146.466659904253, 0.5420028476506882, ""{\""max_iter\"": 300, \""n_clusters\"": 2, \""n_init\"": 10}""]",False,False
bellevue_ne8th,kmeans,2,20264704,"{""max_iter"": 300, ""n_clusters"": 3, ""n_init"": 10}",6321,3,6,0,0.0,0.43806359753203605,0.013424300006590784,9,0.6250478867358775,0.6041198191503511,4935.702949140566,0.4471872045939616,0.5664521841281425,,"[-0.6250478867358775, 0.6041198191503511, -4935.702949140566, 0.43806359753203605, ""{\""max_iter\"": 300, \""n_clusters\"": 3, \""n_init\"": 10}""]","[6.0, -0.6250478867358775, 0.6041198191503511, -4935.702949140566, 0.43806359753203605, ""{\""max_iter\"": 300, \""n_clusters\"": 3, \""n_init\"": 10}""]",False,False
bellevue_ne8th,kmeans,3,20264705,"{""max_iter"": 300, ""n_clusters"": 4, ""n_init"": 10}",6321,4,5,0,0.0,0.2988451194431261,0.013235499965958297,9,0.7299498869229283,0.42356624613728455,8907.361253101213,0.48340270718797357,0.6490813208630022,,"[-0.7299498869229283, 0.42356624613728455, -8907.361253101213, 0.2988451194431261, ""{\""max_iter\"": 300, \""n_clusters\"": 4, \""n_init\"": 10}""]","[5.0, -0.7299498869229283, 0.42356624613728455, -8907.361253101213, 0.2988451194431261, ""{\""max_iter\"": 300, \""n_clusters\"": 4, \""n_init\"": 10}""]",False,False
bellevue_ne8th,kmeans,4,20264706,"{""max_iter"": 300, ""n_clusters"": 5, ""n_init"": 10}",6321,5,4,0,0.0,0.2988451194431261,0.015333800110965967,9,0.7643357086348036,0.32211821817868636,10001.978755670827,0.5061503742536955,0.711746252797741,,"[-0.7643357086348036, 0.32211821817868636, -10001.978755670827, 0.2988451194431261, ""{\""max_iter\"": 300, \""n_clusters\"": 5, \""n_init\"": 10}""]","[4.0, -0.7643357086348036, 0.32211821817868636, -10001.978755670827, 0.2988451194431261, ""{\""max_iter\"": 300, \""n_clusters\"": 5, \""n_init\"": 10}""]",False,False
bellevue_ne8th,kmeans,5,20264707,"{""max_iter"": 300, ""n_clusters"": 6, ""n_init"": 10}",6321,6,3,0,0.0,0.2562885619364025,0.01705210004001856,9,0.7814203301435885,0.28469258296209743,11638.281981902597,0.5398619771343974,0.7746151272885891,,"[-0.7814203301435885, 0.28469258296209743, -11638.281981902597, 0.2562885619364025, ""{\""max_iter\"": 300, \""n_clusters\"": 6, \""n_init\"": 10}""]","[3.0, -0.7814203301435885, 0.28469258296209743, -11638.281981902597, 0.2562885619364025, ""{\""max_iter\"": 300, \""n_clusters\"": 6, \""n_init\"": 10}""]",False,False
bellevue_ne8th,kmeans,6,20264708,"{""max_iter"": 300, ""n_clusters"": 7, ""n_init"": 10}",6321,7,2,0,0.0,0.23635500711912671,0.017257200088351965,9,0.8085617891417595,0.2957069573527238,13606.03609816207,0.5887148944663361,0.8328594224097189,,"[-0.8085617891417595, 0.2957069573527238, -13606.03609816207, 0.23635500711912671, ""{\""max_iter\"": 300, \""n_clusters\"": 7, \""n_init\"": 10}""]","[2.0, -0.8085617891417595, 0.2957069573527238, -13606.03609816207, 0.23635500711912671, ""{\""max_iter\"": 300, \""n_clusters\"": 7, \""n_init\"": 10}""]",False,False
bellevue_ne8th,kmeans,7,20264709,"{""max_iter"": 300, ""n_clusters"": 8, ""n_init"": 10}",6321,8,1,0,0.0,0.23635500711912671,0.019813099992461503,9,0.8234680878183831,0.22708196872254893,22113.22898119606,0.6832849778553571,0.893476496476152,,"[-0.8234680878183831, 0.22708196872254893, -22113.22898119606, 0.23635500711912671, ""{\""max_iter\"": 300, \""n_clusters\"": 8, \""n_init\"": 10}""]","[1.0, -0.8234680878183831, 0.22708196872254893, -22113.22898119606, 0.23635500711912671, ""{\""max_iter\"": 300, \""n_clusters\"": 8, \""n_init\"": 10}""]",False,False
bellevue_ne8th,kmeans,8,20264710,"{""max_iter"": 300, ""n_clusters"": 9, ""n_init"": 10}",6321,9,0,0,0.0,0.23635500711912671,0.020804099971428514,9,0.8305133250530503,0.2151128395716973,22918.70895804184,0.95903860737403,0.9501870492073201,,"[-0.8305133250530503, 0.2151128395716973, -22918.70895804184, 0.23635500711912671, ""{\""max_iter\"": 300, \""n_clusters\"": 9, \""n_init\"": 10}""]","[0.0, -0.8305133250530503, 0.2151128395716973, -22918.70895804184, 0.23635500711912671, ""{\""max_iter\"": 300, \""n_clusters\"": 9, \""n_init\"": 10}""]",False,True
bellevue_ne8th,kmeans,9,20264711,"{""max_iter"": 300, ""n_clusters"": 10, ""n_init"": 10}",6321,10,1,0,0.0,0.23635500711912671,0.028932099929079413,9,0.8359066000568947,0.20423971553520234,24499.506974623455,0.6846798018968667,0.8956442189472456,,"[-0.8359066000568947, 0.20423971553520234, -24499.506974623455, 0.23635500711912671, ""{\""max_iter\"": 300, \""n_clusters\"": 10, \""n_init\"": 10}""]","[1.0, -0.8359066000568947, 0.20423971553520234, -24499.506974623455, 0.23635500711912671, ""{\""max_iter\"": 300, \""n_clusters\"": 10, \""n_init\"": 10}""]",True,False
bellevue_ne8th,kmeans,10,20264712,"{""max_iter"": 300, ""n_clusters"": 11, ""n_init"": 10}",6321,11,2,0,0.0,0.2161050466698307,0.025152099900878966,9,0.8033674979675779,0.25351712503687,26727.989293596616,0.5917789713513315,0.8372222946934894,,"[-0.8033674979675779, 0.25351712503687, -26727.989293596616, 0.2161050466698307, ""{\""max_iter\"": 300, \""n_clusters\"": 11, \""n_init\"": 10}""]","[2.0, -0.8033674979675779, 0.25351712503687, -26727.989293596616, 0.2161050466698307, ""{\""max_iter\"": 300, \""n_clusters\"": 11, \""n_init\"": 10}""]",False,False
bellevue_ne8th,kmeans,11,20264713,"{""max_iter"": 300, ""n_clusters"": 12, ""n_init"": 10}",6321,12,3,0,0.0,0.2161050466698307,0.03361739998217672,9,0.7664650422363349,0.3408453466944328,27984.063755710227,0.5415026557278914,0.7746258973442824,,"[-0.7664650422363349, 0.3408453466944328, -27984.063755710227, 0.2161050466698307, ""{\""max_iter\"": 300, \""n_clusters\"": 12, \""n_init\"": 10}""]","[3.0, -0.7664650422363349, 0.3408453466944328, -27984.063755710227, 0.2161050466698307, ""{\""max_iter\"": 300, \""n_clusters\"": 12, \""n_init\"": 10}""]",False,False
bellevue_ne8th,kmeans,12,20264714,"{""max_iter"": 300, ""n_clusters"": 13, ""n_init"": 10}",6321,13,4,0,0.0,0.16990982439487423,0.04042249999474734,9,0.6822048218861069,0.4386334906252961,32508.12461661866,0.5118744623434709,0.7144074438099016,,"[-0.6822048218861069, 0.4386334906252961, -32508.12461661866, 0.16990982439487423, ""{\""max_iter\"": 300, \""n_clusters\"": 13, \""n_init\"": 10}""]","[4.0, -0.6822048218861069, 0.4386334906252961, -32508.12461661866, 0.16990982439487423, ""{\""max_iter\"": 300, \""n_clusters\"": 13, \""n_init\"": 10}""]",False,False
bellevue_ne8th,kmeans,13,20264715,"{""max_iter"": 300, ""n_clusters"": 14, ""n_init"": 10}",6321,14,5,0,0.0,0.16927701313083374,0.0352207999676466,9,0.6298739655332262,0.556806039814064,32494.249745767913,0.48834970244001935,0.6510222968053496,,"[-0.6298739655332262, 0.556806039814064, -32494.249745767913, 0.16927701313083374, ""{\""max_iter\"": 300, \""n_clusters\"": 14, \""n_init\"": 10}""]","[5.0, -0.6298739655332262, 0.556806039814064, -32494.249745767913, 0.16927701313083374, ""{\""max_iter\"": 300, \""n_clusters\"": 14, \""n_init\"": 10}""]",False,False
bellevue_ne8th,kmeans,14,20264716,"{""max_iter"": 300, ""n_clusters"": 15, ""n_init"": 10}",6321,15,6,0,0.0,0.16421452301850972,0.03670119994785637,9,0.6277072670147199,0.5154669370402672,34084.96526888225,0.4765284711614417,0.597616840797808,,"[-0.6277072670147199, 0.5154669370402672, -34084.96526888225, 0.16421452301850972, ""{\""max_iter\"": 300, \""n_clusters\"": 15, \""n_init\"": 10}""]","[6.0, -0.6277072670147199, 0.5154669370402672, -34084.96526888225, 0.16421452301850972, ""{\""max_iter\"": 300, \""n_clusters\"": 15, \""n_init\"": 10}""]",False,False
bellevue_ne8th,kmeans,15,20264717,"{""max_iter"": 300, ""n_clusters"": 16, ""n_init"": 10}",6321,16,7,0,0.0,0.16421452301850972,0.043758099898695946,9,0.6234411544890681,0.5137719773622855,33408.9600798363,0.4665306791376173,0.5419218639637432,,"[-0.6234411544890681, 0.5137719773622855, -33408.9600798363, 0.16421452301850972, ""{\""max_iter\"": 300, \""n_clusters\"": 16, \""n_init\"": 10}""]","[7.0, -0.6234411544890681, 0.5137719773622855, -33408.9600798363, 0.16421452301850972, ""{\""max_iter\"": 300, \""n_clusters\"": 16, \""n_init\"": 10}""]",False,False
bellevue_ne8th,kmeans,16,20264718,"{""max_iter"": 300, ""n_clusters"": 17, ""n_init"": 10}",6321,17,8,0,0.0,0.16421452301850972,0.04415039997547865,9,0.6351273023087172,0.5297228968087936,37628.33778968404,0.45913168229086593,0.4862617851014803,,"[-0.6351273023087172, 0.5297228968087936, -37628.33778968404, 0.16421452301850972, ""{\""max_iter\"": 300, \""n_clusters\"": 17, \""n_init\"": 10}""]","[8.0, -0.6351273023087172, 0.5297228968087936, -37628.33778968404, 0.16421452301850972, ""{\""max_iter\"": 300, \""n_clusters\"": 17, \""n_init\"": 10}""]",False,False
bellevue_ne8th,kmeans,17,20264719,"{""max_iter"": 300, ""n_clusters"": 18, ""n_init"": 10}",6321,18,9,0,0.0,0.16421452301850972,0.05021170002873987,9,0.6129933533496285,0.5548743044065394,35855.03068384507,0.4513851555493477,0.4285420957330649,,"[-0.6129933533496285, 0.5548743044065394, -35855.03068384507, 0.16421452301850972, ""{\""max_iter\"": 300, \""n_clusters\"": 18, \""n_init\"": 10}""]","[9.0, -0.6129933533496285, 0.5548743044065394, -35855.03068384507, 0.16421452301850972, ""{\""max_iter\"": 300, \""n_clusters\"": 18, \""n_init\"": 10}""]",False,False
bellevue_ne8th,kmeans,18,20264720,"{""max_iter"": 300, ""n_clusters"": 19, ""n_init"": 10}",6321,19,10,0,0.0,0.16421452301850972,0.04908160003833473,9,0.6213461437377557,0.5701603307242277,38032.09016395366,0.4464897366986461,0.4283336185122555,,"[-0.6213461437377557, 0.5701603307242277, -38032.09016395366, 0.16421452301850972, ""{\""max_iter\"": 300, \""n_clusters\"": 19, \""n_init\"": 10}""]","[10.0, -0.6213461437377557, 0.5701603307242277, -38032.09016395366, 0.16421452301850972, ""{\""max_iter\"": 300, \""n_clusters\"": 19, \""n_init\"": 10}""]",False,False
bellevue_ne8th,kmeans,19,20264721,"{""max_iter"": 300, ""n_clusters"": 20, ""n_init"": 10}",6321,20,11,0,0.0,0.1640563202024996,0.048218100098893046,9,0.6180795961362817,0.5654038463422688,37903.825339773575,0.4422723206659356,0.42837962687864034,,"[-0.6180795961362817, 0.5654038463422688, -37903.825339773575, 0.1640563202024996, ""{\""max_iter\"": 300, \""n_clusters\"": 20, \""n_init\"": 10}""]","[11.0, -0.6180795961362817, 0.5654038463422688, -37903.825339773575, 0.1640563202024996, ""{\""max_iter\"": 300, \""n_clusters\"": 20, \""n_init\"": 10}""]",False,False
bellevue_ne8th,kmeans,20,20264722,"{""max_iter"": 300, ""n_clusters"": 21, ""n_init"": 10}",6321,21,12,0,0.0,0.1259294415440595,0.05253670003730804,9,0.6220837136331743,0.5603393359582145,35855.71558858863,0.4428632455098121,0.43259986487698676,,"[-0.6220837136331743, 0.5603393359582145, -35855.71558858863, 0.1259294415440595, ""{\""max_iter\"": 300, \""n_clusters\"": 21, \""n_init\"": 10}""]","[12.0, -0.6220837136331743, 0.5603393359582145, -35855.71558858863, 0.1259294415440595, ""{\""max_iter\"": 300, \""n_clusters\"": 21, \""n_init\"": 10}""]",False,False
bellevue_ne8th,kmeans,21,20264723,"{""max_iter"": 300, ""n_clusters"": 22, ""n_init"": 10}",6321,22,13,0,0.0,0.1640563202024996,0.053705999976955354,9,0.5768787803652979,0.6279583728807513,36724.30431641334,0.43243733731988965,0.42386493907033584,,"[-0.5768787803652979, 0.6279583728807513, -36724.30431641334, 0.1640563202024996, ""{\""max_iter\"": 300, \""n_clusters\"": 22, \""n_init\"": 10}""]","[13.0, -0.5768787803652979, 0.6279583728807513, -36724.30431641334, 0.1640563202024996, ""{\""max_iter\"": 300, \""n_clusters\"": 22, \""n_init\"": 10}""]",False,False
bellevue_ne8th,kmeans,22,20264724,"{""max_iter"": 300, ""n_clusters"": 23, ""n_init"": 10}",6321,23,14,0,0.0,0.1259294415440595,0.05948619998525828,9,0.5861963830393313,0.604835492433259,37187.6877760714,0.43453938301728073,0.4290285577036675,,"[-0.5861963830393313, 0.604835492433259, -37187.6877760714, 0.1259294415440595, ""{\""max_iter\"": 300, \""n_clusters\"": 23, \""n_init\"": 10}""]","[14.0, -0.5861963830393313, 0.604835492433259, -37187.6877760714, 0.1259294415440595, ""{\""max_iter\"": 300, \""n_clusters\"": 23, \""n_init\"": 10}""]",False,False
bellevue_ne8th,kmeans,23,20264725,"{""max_iter"": 300, ""n_clusters"": 24, ""n_init"": 10}",6321,24,15,0,0.0,0.12577123872804935,0.059626300004310906,9,0.6021752098300457,0.6476305119189659,37829.975120390234,0.4322532462731677,0.42822485592763804,,"[-0.6021752098300457, 0.6476305119189659, -37829.975120390234, 0.12577123872804935, ""{\""max_iter\"": 300, \""n_clusters\"": 24, \""n_init\"": 10}""]","[15.0, -0.6021752098300457, 0.6476305119189659, -37829.975120390234, 0.12577123872804935, ""{\""max_iter\"": 300, \""n_clusters\"": 24, \""n_init\"": 10}""]",False,False
bellevue_ne8th,kmeans,24,20264726,"{""max_iter"": 300, ""n_clusters"": 25, ""n_init"": 10}",6321,25,16,0,0.0,0.12577123872804935,0.05826570000499487,9,0.592354700495671,0.6422662996981969,37107.62802885785,0.4298392845517729,0.42793207559862606,,"[-0.592354700495671, 0.6422662996981969, -37107.62802885785, 0.12577123872804935, ""{\""max_iter\"": 300, \""n_clusters\"": 25, \""n_init\"": 10}""]","[16.0, -0.592354700495671, 0.6422662996981969, -37107.62802885785, 0.12577123872804935, ""{\""max_iter\"": 300, \""n_clusters\"": 25, \""n_init\"": 10}""]",False,False
bellevue_ne8th,kmeans,25,20264727,"{""max_iter"": 300, ""n_clusters"": 26, ""n_init"": 10}",6321,26,17,0,0.0,0.12577123872804935,0.07072730001527816,9,0.5563863080719478,0.6625997742416083,37818.071211658986,0.4258711302147725,0.4253889577876415,,"[-0.5563863080719478, 0.6625997742416083, -37818.071211658986, 0.12577123872804935, ""{\""max_iter\"": 300, \""n_clusters\"": 26, \""n_init\"": 10}""]","[17.0, -0.5563863080719478, 0.6625997742416083, -37818.071211658986, 0.12577123872804935, ""{\""max_iter\"": 300, \""n_clusters\"": 26, \""n_init\"": 10}""]",False,False
bellevue_ne8th,kmeans,26,20264728,"{""max_iter"": 300, ""n_clusters"": 27, ""n_init"": 10}",6321,27,18,0,0.0,0.12577123872804935,0.07116900000255555,9,0.5802030512167616,0.6212626501306586,41996.142796514716,0.4262205573977167,0.42811334926529493,,"[-0.5802030512167616, 0.6212626501306586, -41996.142796514716, 0.12577123872804935, ""{\""max_iter\"": 300, \""n_clusters\"": 27, \""n_init\"": 10}""]","[18.0, -0.5802030512167616, 0.6212626501306586, -41996.142796514716, 0.12577123872804935, ""{\""max_iter\"": 300, \""n_clusters\"": 27, \""n_init\"": 10}""]",False,False
bellevue_ne8th,kmeans,27,20264729,"{""max_iter"": 300, ""n_clusters"": 28, ""n_init"": 10}",6321,28,19,0,0.0,0.12577123872804935,0.07573889999184757,9,0.5848258475919994,0.6316466519974278,43758.50918244371,0.4248080581864576,0.42795194786612023,,"[-0.5848258475919994, 0.6316466519974278, -43758.50918244371, 0.12577123872804935, ""{\""max_iter\"": 300, \""n_clusters\"": 28, \""n_init\"": 10}""]","[19.0, -0.5848258475919994, 0.6316466519974278, -43758.50918244371, 0.12577123872804935, ""{\""max_iter\"": 300, \""n_clusters\"": 28, \""n_init\"": 10}""]",False,False
bellevue_ne8th,kmeans,28,20264730,"{""max_iter"": 300, ""n_clusters"": 29, ""n_init"": 10}",6321,29,20,0,0.0,0.12577123872804935,0.07653469999786466,9,0.5788953647209202,0.6368469312056384,38884.06626557515,0.4231046542868208,0.4274607118294481,,"[-0.5788953647209202, 0.6368469312056384, -38884.06626557515, 0.12577123872804935, ""{\""max_iter\"": 300, \""n_clusters\"": 29, \""n_init\"": 10}""]","[20.0, -0.5788953647209202, 0.6368469312056384, -38884.06626557515, 0.12577123872804935, ""{\""max_iter\"": 300, \""n_clusters\"": 29, \""n_init\"": 10}""]",False,False
bellevue_ne8th,kmeans,29,20264731,"{""max_iter"": 300, ""n_clusters"": 30, ""n_init"": 10}",6321,30,21,0,0.0,0.12577123872804935,0.07441979995928705,9,0.5715877484675531,0.6664737498453112,41649.562709547674,0.4210057364553462,0.42600920936011966,,"[-0.5715877484675531, 0.6664737498453112, -41649.562709547674, 0.12577123872804935, ""{\""max_iter\"": 300, \""n_clusters\"": 30, \""n_init\"": 10}""]","[21.0, -0.5715877484675531, 0.6664737498453112, -41649.562709547674, 0.12577123872804935, ""{\""max_iter\"": 300, \""n_clusters\"": 30, \""n_init\"": 10}""]",False,False
bellevue_ne8th,hdbscan,1,20264703,"{""min_cluster_size"": 80, ""min_samples"": 10}",6321,14,5,715,11.311501344723936,0.24366749910809846,0.07236130000092089,9,0.7499375488994126,0.3607348516744934,37624.72917517053,0.4689186429704798,0.6362190499851355,,"[-0.7499375488994126, 0.3607348516744934, -37624.72917517053, 0.24366749910809846, ""{\""min_cluster_size\"": 80, \""min_samples\"": 10}""]","[5.0, 11.311501344723936, -0.7499375488994126, 0.3607348516744934, -37624.72917517053, 0.24366749910809846, ""{\""min_cluster_size\"": 80, \""min_samples\"": 10}""]",False,False
bellevue_ne8th,hdbscan,2,20264704,"{""min_cluster_size"": 80, ""min_samples"": 20}",6321,14,5,784,12.4031007751938,0.2467039913310457,0.07536120002623647,9,0.7691477474295804,0.33664398043305305,39957.41867717768,0.4680545720279451,0.6360172462567922,,"[-0.7691477474295804, 0.33664398043305305, -39957.41867717768, 0.2467039913310457, ""{\""min_cluster_size\"": 80, \""min_samples\"": 20}""]","[5.0, 12.4031007751938, -0.7691477474295804, 0.33664398043305305, -39957.41867717768, 0.2467039913310457, ""{\""min_cluster_size\"": 80, \""min_samples\"": 20}""]",True,False
bellevue_ne8th,hdbscan,3,20264705,"{""min_cluster_size"": 160, ""min_samples"": 10}",6321,9,0,328,5.189052365132099,0.22793258801935593,0.07160650007426739,9,0.7619957418445035,0.380962710316216,44738.920619835764,0.9411350492903835,0.9273416750207415,,"[-0.7619957418445035, 0.380962710316216, -44738.920619835764, 0.22793258801935593, ""{\""min_cluster_size\"": 160, \""min_samples\"": 10}""]","[0.0, 5.189052365132099, -0.7619957418445035, 0.380962710316216, -44738.920619835764, 0.22793258801935593, ""{\""min_cluster_size\"": 160, \""min_samples\"": 10}""]",False,True
bellevue_ne8th,hdbscan,4,20264706,"{""min_cluster_size"": 160, ""min_samples"": 20}",6321,9,0,375,5.932605600379687,0.22973427514295325,0.07591650006361306,9,0.7622420083125453,0.37557366089131405,43891.55852430942,0.9396219331939873,0.925970404687402,,"[-0.7622420083125453, 0.37557366089131405, -43891.55852430942, 0.22973427514295325, ""{\""min_cluster_size\"": 160, \""min_samples\"": 20}""]","[0.0, 5.932605600379687, -0.7622420083125453, 0.37557366089131405, -43891.55852430942, 0.22973427514295325, ""{\""min_cluster_size\"": 160, \""min_samples\"": 20}""]",False,False
bellevue_ne8th,hdbscan,5,20264707,"{""min_cluster_size"": 320, ""min_samples"": 10}",6321,6,3,865,13.684543584875811,0.2571480938416422,0.07309660001192242,9,0.720373976812492,0.511043377873303,18908.510206248327,0.5035245207767046,0.7324475726000339,,"[-0.720373976812492, 0.511043377873303, -18908.510206248327, 0.2571480938416422, ""{\""min_cluster_size\"": 320, \""min_samples\"": 10}""]","[3.0, 13.684543584875811, -0.720373976812492, 0.511043377873303, -18908.510206248327, 0.2571480938416422, ""{\""min_cluster_size\"": 320, \""min_samples\"": 10}""]",False,False
bellevue_ne8th,hdbscan,6,20264708,"{""min_cluster_size"": 320, ""min_samples"": 20}",6321,6,3,908,14.364815693719349,0.25919083687419175,0.07897720008622855,9,0.7296824643751548,0.4993008276074799,19661.535928919282,0.502684285886993,0.7318664969634192,,"[-0.7296824643751548, 0.4993008276074799, -19661.535928919282, 0.25919083687419175, ""{\""min_cluster_size\"": 320, \""min_samples\"": 20}""]","[3.0, 14.364815693719349, -0.7296824643751548, 0.4993008276074799, -19661.535928919282, 0.25919083687419175, ""{\""min_cluster_size\"": 320, \""min_samples\"": 20}""]",False,False
bellevue_ne8th,optics,1,20264703,"{""max_eps"": 0.008851381172013503, ""min_samples"": 40, ""xi"": 0.05}",6321,14,5,2980,47.14443917101725,0.21580365160131698,1.0787848000181839,9,0.8048579257455674,0.2812858894924657,545279.699190589,0.4050636166019611,0.5746424693076988,,"[-0.8048579257455674, 0.2812858894924657, -545279.699190589, 0.21580365160131698, ""{\""max_eps\"": 0.008851381172013503, \""min_samples\"": 40, \""xi\"": 0.05}""]","[5.0, 47.14443917101725, -0.8048579257455674, 0.2812858894924657, -545279.699190589, 0.21580365160131698, ""{\""max_eps\"": 0.008851381172013503, \""min_samples\"": 40, \""xi\"": 0.05}""]",False,False
bellevue_ne8th,optics,2,20264704,"{""max_eps"": 0.014726152743291102, ""min_samples"": 40, ""xi"": 0.05}",6321,18,9,1934,30.59642461635817,0.17643036243446547,1.5505686000688002,9,0.7409324092594362,0.36254402875792874,199216.94949342287,0.3999067968715608,0.38160285875631256,,"[-0.7409324092594362, 0.36254402875792874, -199216.94949342287, 0.17643036243446547, ""{\""max_eps\"": 0.014726152743291102, \""min_samples\"": 40, \""xi\"": 0.05}""]","[9.0, 30.59642461635817, -0.7409324092594362, 0.36254402875792874, -199216.94949342287, 0.17643036243446547, ""{\""max_eps\"": 0.014726152743291102, \""min_samples\"": 40, \""xi\"": 0.05}""]",False,False
bellevue_ne8th,optics,3,20264705,"{""max_eps"": 0.024361676659123005, ""min_samples"": 40, ""xi"": 0.05}",6321,13,4,3463,54.78563518430628,0.2662701189643107,2.013908800086938,9,0.7781770485803425,0.31162165195693886,136367.1936431124,0.40083131933382754,0.6067298462814592,,"[-0.7781770485803425, 0.31162165195693886, -136367.1936431124, 0.2662701189643107, ""{\""max_eps\"": 0.024361676659123005, \""min_samples\"": 40, \""xi\"": 0.05}""]","[4.0, 54.78563518430628, -0.7781770485803425, 0.31162165195693886, -136367.1936431124, 0.2662701189643107, ""{\""max_eps\"": 0.024361676659123005, \""min_samples\"": 40, \""xi\"": 0.05}""]",False,False
bellevue_ne8th,optics,4,20264706,"{""max_eps"": 0.044077065525483884, ""min_samples"": 40, ""xi"": 0.05}",6321,14,5,3411,53.96298054105363,0.2652920962199313,2.323268400039524,9,0.7765663411887989,0.3179970264820043,126136.62329609465,0.3839761656809041,0.5524680738953575,,"[-0.7765663411887989, 0.3179970264820043, -126136.62329609465, 0.2652920962199313, ""{\""max_eps\"": 0.044077065525483884, \""min_samples\"": 40, \""xi\"": 0.05}""]","[5.0, 53.96298054105363, -0.7765663411887989, 0.3179970264820043, -126136.62329609465, 0.2652920962199313, ""{\""max_eps\"": 0.044077065525483884, \""min_samples\"": 40, \""xi\"": 0.05}""]",False,False
bellevue_ne8th,optics,5,20264707,"{""max_eps"": 0.008851381172013503, ""min_samples"": 40, ""xi"": 0.07}",6321,13,4,2954,46.733111849390916,0.21413721413721415,1.1245828000828624,9,0.8173641387736207,0.23329662553177494,564947.7082121816,0.4265300090140783,0.6348495339797566,,"[-0.8173641387736207, 0.23329662553177494, -564947.7082121816, 0.21413721413721415, ""{\""max_eps\"": 0.008851381172013503, \""min_samples\"": 40, \""xi\"": 0.07}""]","[4.0, 46.733111849390916, -0.8173641387736207, 0.23329662553177494, -564947.7082121816, 0.21413721413721415, ""{\""max_eps\"": 0.008851381172013503, \""min_samples\"": 40, \""xi\"": 0.07}""]",False,False
bellevue_ne8th,optics,6,20264708,"{""max_eps"": 0.014726152743291102, ""min_samples"": 40, ""xi"": 0.07}",6321,16,7,1951,30.865369403575382,0.177116704805492,1.5639068000018597,9,0.7744433707435082,0.3099042052981069,221240.8388702834,0.4162004894431548,0.4967323307479452,,"[-0.7744433707435082, 0.3099042052981069, -221240.8388702834, 0.177116704805492, ""{\""max_eps\"": 0.014726152743291102, \""min_samples\"": 40, \""xi\"": 0.07}""]","[7.0, 30.865369403575382, -0.7744433707435082, 0.3099042052981069, -221240.8388702834, 0.177116704805492, ""{\""max_eps\"": 0.014726152743291102, \""min_samples\"": 40, \""xi\"": 0.07}""]",False,False
bellevue_ne8th,optics,7,20264709,"{""max_eps"": 0.024361676659123005, ""min_samples"": 40, ""xi"": 0.07}",6321,11,2,2506,39.64562569213732,0.291218872870249,1.9697035999270156,9,0.8356213065213814,0.23793560996938662,53577.52629322155,0.507091082849113,0.7530364612656786,,"[-0.8356213065213814, 0.23793560996938662, -53577.52629322155, 0.291218872870249, ""{\""max_eps\"": 0.024361676659123005, \""min_samples\"": 40, \""xi\"": 0.07}""]","[2.0, 39.64562569213732, -0.8356213065213814, 0.23793560996938662, -53577.52629322155, 0.291218872870249, ""{\""max_eps\"": 0.024361676659123005, \""min_samples\"": 40, \""xi\"": 0.07}""]",False,False
bellevue_ne8th,optics,8,20264710,"{""max_eps"": 0.044077065525483884, ""min_samples"": 40, ""xi"": 0.07}",6321,10,1,4158,65.78073089700996,0.356911696717522,2.2909949000459164,9,0.9149904996995527,0.18117893169845273,132198.12737291353,0.5458274826096353,0.7576025161445096,,"[-0.9149904996995527, 0.18117893169845273, -132198.12737291353, 0.356911696717522, ""{\""max_eps\"": 0.044077065525483884, \""min_samples\"": 40, \""xi\"": 0.07}""]","[1.0, 65.78073089700996, -0.9149904996995527, 0.18117893169845273, -132198.12737291353, 0.356911696717522, ""{\""max_eps\"": 0.044077065525483884, \""min_samples\"": 40, \""xi\"": 0.07}""]",True,False
bellevue_ne8th,optics,9,20264711,"{""max_eps"": 0.008851381172013503, ""min_samples"": 80, ""xi"": 0.05}",6321,10,1,3715,58.77234614776143,0.2670759785111282,0.7356848999625072,9,0.8426548827300901,0.20681990551671844,1162194.6943195648,0.5643116565839226,0.7751873036224208,,"[-0.8426548827300901, 0.20681990551671844, -1162194.6943195648, 0.2670759785111282, ""{\""max_eps\"": 0.008851381172013503, \""min_samples\"": 80, \""xi\"": 0.05}""]","[1.0, 58.77234614776143, -0.8426548827300901, 0.20681990551671844, -1162194.6943195648, 0.2670759785111282, ""{\""max_eps\"": 0.008851381172013503, \""min_samples\"": 80, \""xi\"": 0.05}""]",False,False
bellevue_ne8th,optics,10,20264712,"{""max_eps"": 0.014726152743291102, ""min_samples"": 80, ""xi"": 0.05}",6321,11,2,2515,39.78800822654643,0.20126116657908566,1.3268763000378385,9,0.799989472761511,0.26859420547171814,371106.5171176057,0.513044380611029,0.7580136429172061,,"[-0.799989472761511, 0.26859420547171814, -371106.5171176057, 0.20126116657908566, ""{\""max_eps\"": 0.014726152743291102, \""min_samples\"": 80, \""xi\"": 0.05}""]","[2.0, 39.78800822654643, -0.799989472761511, 0.26859420547171814, -371106.5171176057, 0.20126116657908566, ""{\""max_eps\"": 0.014726152743291102, \""min_samples\"": 80, \""xi\"": 0.05}""]",False,False
bellevue_ne8th,optics,11,20264713,"{""max_eps"": 0.024361676659123005, ""min_samples"": 80, ""xi"": 0.05}",6321,12,3,3041,48.10947634867901,0.2280487804878049,1.7520976000232622,9,0.8146674647805374,0.24075356622794675,168058.28897393978,0.4495076333958278,0.6856390576321005,,"[-0.8146674647805374, 0.24075356622794675, -168058.28897393978, 0.2280487804878049, ""{\""max_eps\"": 0.024361676659123005, \""min_samples\"": 80, \""xi\"": 0.05}""]","[3.0, 48.10947634867901, -0.8146674647805374, 0.24075356622794675, -168058.28897393978, 0.2280487804878049, ""{\""max_eps\"": 0.024361676659123005, \""min_samples\"": 80, \""xi\"": 0.05}""]",False,False
bellevue_ne8th,optics,12,20264714,"{""max_eps"": 0.044077065525483884, ""min_samples"": 80, ""xi"": 0.05}",6321,9,0,3994,63.18620471444392,0.32874946282767514,2.167814000044018,9,0.9115030360723186,0.16986930767314956,182747.5201196508,0.8290676129860796,0.8218074298801984,,"[-0.9115030360723186, 0.16986930767314956, -182747.5201196508, 0.32874946282767514, ""{\""max_eps\"": 0.044077065525483884, \""min_samples\"": 80, \""xi\"": 0.05}""]","[0.0, 63.18620471444392, -0.9115030360723186, 0.16986930767314956, -182747.5201196508, 0.32874946282767514, ""{\""max_eps\"": 0.044077065525483884, \""min_samples\"": 80, \""xi\"": 0.05}""]",False,True
bellevue_ne8th,optics,13,20264715,"{""max_eps"": 0.008851381172013503, ""min_samples"": 80, ""xi"": 0.07}",6321,10,1,3715,58.77234614776143,0.2670759785111282,0.7466474999673665,9,0.8426548827300901,0.20681990551671844,1162194.6943195648,0.5643116565839226,0.7751873036224208,,"[-0.8426548827300901, 0.20681990551671844, -1162194.6943195648, 0.2670759785111282, ""{\""max_eps\"": 0.008851381172013503, \""min_samples\"": 80, \""xi\"": 0.07}""]","[1.0, 58.77234614776143, -0.8426548827300901, 0.20681990551671844, -1162194.6943195648, 0.2670759785111282, ""{\""max_eps\"": 0.008851381172013503, \""min_samples\"": 80, \""xi\"": 0.07}""]",False,False
bellevue_ne8th,optics,14,20264716,"{""max_eps"": 0.014726152743291102, ""min_samples"": 80, ""xi"": 0.07}",6321,11,2,2219,35.10520487264673,0.18673817649926866,1.3174546000082046,9,0.812473366134182,0.2677376333461204,321343.8972069453,0.5245131116496746,0.7695090046100824,,"[-0.812473366134182, 0.2677376333461204, -321343.8972069453, 0.18673817649926866, ""{\""max_eps\"": 0.014726152743291102, \""min_samples\"": 80, \""xi\"": 0.07}""]","[2.0, 35.10520487264673, -0.812473366134182, 0.2677376333461204, -321343.8972069453, 0.18673817649926866, ""{\""max_eps\"": 0.014726152743291102, \""min_samples\"": 80, \""xi\"": 0.07}""]",False,False
bellevue_ne8th,optics,15,20264717,"{""max_eps"": 0.024361676659123005, ""min_samples"": 80, ""xi"": 0.07}",6321,12,3,1132,17.908558772346147,0.24050876854885334,1.751241600024514,9,0.7554109388803035,0.3253790511032728,88492.5355768609,0.5031276093562069,0.7366859995013098,,"[-0.7554109388803035, 0.3253790511032728, -88492.5355768609, 0.24050876854885334, ""{\""max_eps\"": 0.024361676659123005, \""min_samples\"": 80, \""xi\"": 0.07}""]","[3.0, 17.908558772346147, -0.7554109388803035, 0.3253790511032728, -88492.5355768609, 0.24050876854885334, ""{\""max_eps\"": 0.024361676659123005, \""min_samples\"": 80, \""xi\"": 0.07}""]",False,False
bellevue_ne8th,optics,16,20264718,"{""max_eps"": 0.044077065525483884, ""min_samples"": 80, ""xi"": 0.07}",6321,8,1,1244,19.68043031165955,0.2540870592869805,2.197141000069678,9,0.8864636327081589,0.13207029419593422,59879.963400693116,0.6487204837454761,0.8623317968520057,,"[-0.8864636327081589, 0.13207029419593422, -59879.963400693116, 0.2540870592869805, ""{\""max_eps\"": 0.044077065525483884, \""min_samples\"": 80, \""xi\"": 0.07}""]","[1.0, 19.68043031165955, -0.8864636327081589, 0.13207029419593422, -59879.963400693116, 0.2540870592869805, ""{\""max_eps\"": 0.044077065525483884, \""min_samples\"": 80, \""xi\"": 0.07}""]",False,False
