repository_relative_path,size_bytes,size_mb,scene_id_inferred,detected_file_type,likely_raw_yolov11_detection_output,should_upload_to_onedrive,recommended_priority,recommended_onedrive_folder,parquet_columns_sample,sha256
TNVD2_UPLOAD_PACKAGE/03_yolo_tracking_outputs/data/interim/bellevue_116th_ne12th/rebuild_v1/tracks.parquet,288370349,275.011395,bellevue_116th_ne12th,tracker output,false,true,P1,03_yolo_tracking_outputs/,frame;track_id;cls;conf;cx;cy;w;h,NOT_COMPUTED_LARGE_FILE_GT_268435456_BYTES
TNVD2_UPLOAD_PACKAGE/03_yolo_tracking_outputs/data/interim/bellevue_116th_ne12th/tracks.parquet,288753657,275.376946,bellevue_116th_ne12th,tracker output,false,true,P1,03_yolo_tracking_outputs/,frame;track_id;cls;conf;cx;cy;w;h,NOT_COMPUTED_LARGE_FILE_GT_268435456_BYTES
TNVD2_UPLOAD_PACKAGE/03_yolo_tracking_outputs/data/interim/bellevue_116th_ne12th/tracks_Bellevue_116th_NE12th__2017-09-10_19-08-25.parquet,44560171,42.495891,bellevue_116th_ne12th,tracker output,false,true,P1,03_yolo_tracking_outputs/,frame;track_id;cls;conf;cx;cy;w;h,b068313f869dc5d2b8e2b963b295a74593b61bb348d9cc1d6c849b6323eb1c7b
TNVD2_UPLOAD_PACKAGE/03_yolo_tracking_outputs/data/interim/bellevue_116th_ne12th/tracks_Bellevue_116th_NE12th__2017-09-10_20-09-12.parquet,11057412,10.54517,bellevue_116th_ne12th,tracker output,false,true,P1,03_yolo_tracking_outputs/,frame;track_id;cls;conf;cx;cy;w;h,bd0eca29c673aaa26f1307a0d5e552648ad838e51d238d58240912d393824c9f
TNVD2_UPLOAD_PACKAGE/03_yolo_tracking_outputs/data/interim/bellevue_116th_ne12th/tracks_Bellevue_116th_NE12th__2017-09-10_21-08-54.parquet,20254237,19.315946,bellevue_116th_ne12th,tracker output,false,true,P1,03_yolo_tracking_outputs/,frame;track_id;cls;conf;cx;cy;w;h,ad024efff91a68a4ef554cfa6a9f07d34a845d242770952037688b6bfa5e6317
TNVD2_UPLOAD_PACKAGE/03_yolo_tracking_outputs/data/interim/bellevue_116th_ne12th/tracks_Bellevue_116th_NE12th__2017-09-10_22-08-50.parquet,3411991,3.253928,bellevue_116th_ne12th,tracker output,false,true,P1,03_yolo_tracking_outputs/,frame;track_id;cls;conf;cx;cy;w;h,a028f4409d9ccbf84e99b842174cdb2713d4b2169522ac1718dd4320e2344500
TNVD2_UPLOAD_PACKAGE/03_yolo_tracking_outputs/data/interim/bellevue_116th_ne12th/tracks_Bellevue_116th_NE12th__2017-09-10_23-08-29.parquet,20735095,19.774528,bellevue_116th_ne12th,tracker output,false,true,P1,03_yolo_tracking_outputs/,frame;track_id;cls;conf;cx;cy;w;h,31046a227dc21d93d0d18b6bf3310b914743b8f9bd6b32b0acce705bc0a42f3a
TNVD2_UPLOAD_PACKAGE/03_yolo_tracking_outputs/data/interim/bellevue_116th_ne12th/tracks_Bellevue_116th_NE12th__2017-09-11_00-08-29.parquet,14572568,13.897484,bellevue_116th_ne12th,tracker output,false,true,P1,03_yolo_tracking_outputs/,frame;track_id;cls;conf;cx;cy;w;h,500469495ba5fcd1a3a20a03d89707045e0ea04d0bd2d22ea56bba1004bef881
TNVD2_UPLOAD_PACKAGE/03_yolo_tracking_outputs/data/interim/bellevue_116th_ne12th/tracks_Bellevue_116th_NE12th__2017-09-11_01-08-29.parquet,18262116,17.416111,bellevue_116th_ne12th,tracker output,false,true,P1,03_yolo_tracking_outputs/,frame;track_id;cls;conf;cx;cy;w;h,98dee9b6c58875db2988b453d0d8ea7764549ac1917a4f31d44f7b34fe7d6701
TNVD2_UPLOAD_PACKAGE/03_yolo_tracking_outputs/data/interim/bellevue_116th_ne12th/tracks_Bellevue_116th_NE12th__2017-09-11_02-08-32.parquet,19410341,18.511144,bellevue_116th_ne12th,tracker output,false,true,P1,03_yolo_tracking_outputs/,frame;track_id;cls;conf;cx;cy;w;h,710673b84aaa8f1af4d66fd40e10a1a1a19e5b902b6a83e64fe10a7c051c01c9
TNVD2_UPLOAD_PACKAGE/03_yolo_tracking_outputs/data/interim/bellevue_116th_ne12th/tracks_Bellevue_116th_NE12th__2017-09-11_03-08-30.parquet,18814653,17.943051,bellevue_116th_ne12th,tracker output,false,true,P1,03_yolo_tracking_outputs/,frame;track_id;cls;conf;cx;cy;w;h,bc7bfd0e5d9ee3acfd5e692ed8947ab221424b264b93e07dd47222e7cd1bb028
TNVD2_UPLOAD_PACKAGE/03_yolo_tracking_outputs/data/interim/bellevue_116th_ne12th/tracks_Bellevue_116th_NE12th__2017-09-11_04-08-30.parquet,19097559,18.212852,bellevue_116th_ne12th,tracker output,false,true,P1,03_yolo_tracking_outputs/,frame;track_id;cls;conf;cx;cy;w;h,5b273d89279518df0c5b45e146bf99f90e8ba636310052acfb3e1a56e9f06fbb
TNVD2_UPLOAD_PACKAGE/03_yolo_tracking_outputs/data/interim/bellevue_116th_ne12th/tracks_Bellevue_116th_NE12th__2017-09-11_05-08-39.parquet,2647879,2.525214,bellevue_116th_ne12th,tracker output,false,true,P1,03_yolo_tracking_outputs/,frame;track_id;cls;conf;cx;cy;w;h,7cad8be3aa6400780031430bdb06490c5f3a232765dc54678719812f42104e10
TNVD2_UPLOAD_PACKAGE/03_yolo_tracking_outputs/data/interim/bellevue_116th_ne12th/tracks_Bellevue_116th_NE12th__2017-09-11_06-08-30.parquet,45737568,43.618744,bellevue_116th_ne12th,tracker output,false,true,P1,03_yolo_tracking_outputs/,frame;track_id;cls;conf;cx;cy;w;h,82e7a98ace5199dac4435b6b0dd66b824bc4fc8bd861d035d4e05fab98dac21c
TNVD2_UPLOAD_PACKAGE/03_yolo_tracking_outputs/data/interim/bellevue_116th_ne12th/tracks_Bellevue_116th_NE12th__2017-09-11_07-08-32.parquet,7364979,7.023791,bellevue_116th_ne12th,tracker output,false,true,P1,03_yolo_tracking_outputs/,frame;track_id;cls;conf;cx;cy;w;h,19ce48e32336e20f4a77b2d0658e4809a5ae183af17e040be193a5db3836f3e4
TNVD2_UPLOAD_PACKAGE/03_yolo_tracking_outputs/data/interim/bellevue_116th_ne12th/tracks_Bellevue_116th_NE12th__2017-09-11_08-08-50.parquet,10796962,10.296785,bellevue_116th_ne12th,tracker output,false,true,P1,03_yolo_tracking_outputs/,frame;track_id;cls;conf;cx;cy;w;h,f09b55a9714ffea3b9935e5f5e8815f547597b9e70890c15d7eecee07ec55b2d
TNVD2_UPLOAD_PACKAGE/03_yolo_tracking_outputs/data/interim/bellevue_116th_ne12th/tracks_Bellevue_116th_NE12th__2017-09-11_09-08-31.parquet,16610387,15.840899,bellevue_116th_ne12th,tracker output,false,true,P1,03_yolo_tracking_outputs/,frame;track_id;cls;conf;cx;cy;w;h,f027f92f637b60224108e0ad6d60dd1a1022a6b41d6228ebe5ccaa4cf5bd6a02
TNVD2_UPLOAD_PACKAGE/03_yolo_tracking_outputs/data/interim/bellevue_116th_ne12th/tracks_Bellevue_116th_NE12th__2017-09-11_11-08-33.parquet,7639072,7.285187,bellevue_116th_ne12th,tracker output,false,true,P1,03_yolo_tracking_outputs/,frame;track_id;cls;conf;cx;cy;w;h,03b7df7a15e1f69481092dc232a668c1077ddaff1d0c23f1367d7233c52266df
TNVD2_UPLOAD_PACKAGE/03_yolo_tracking_outputs/data/interim/bellevue_116th_ne12th/tracks_Bellevue_116th_NE12th__2017-09-11_12-08-33.parquet,3370681,3.214532,bellevue_116th_ne12th,tracker output,false,true,P1,03_yolo_tracking_outputs/,frame;track_id;cls;conf;cx;cy;w;h,9ec79cf3a96c5fc8b9d57c1b4ace402f277e5c1e7398fedf6e915608d21fe4b5
TNVD2_UPLOAD_PACKAGE/03_yolo_tracking_outputs/data/interim/bellevue_116th_ne12th/tracks_Bellevue_116th_NE12th__2017-09-11_14-08-35.parquet,13700687,13.065993,bellevue_116th_ne12th,tracker output,false,true,P1,03_yolo_tracking_outputs/,frame;track_id;cls;conf;cx;cy;w;h,45fcf7fad4394a48836e25206337e3d6a84d3187b7e35479d29e49d57b9f48a4
TNVD2_UPLOAD_PACKAGE/03_yolo_tracking_outputs/data/interim/bellevue_116th_ne12th/tracks_Bellevue_116th_NE12th__2017-09-11_15-08-36.parquet,1923665,1.83455,bellevue_116th_ne12th,tracker output,false,true,P1,03_yolo_tracking_outputs/,frame;track_id;cls;conf;cx;cy;w;h,bf60f217ecb6613a08632bae1291702101c40bf337efdfad4b545726333adb3c
TNVD2_UPLOAD_PACKAGE/03_yolo_tracking_outputs/data/interim/bellevue_116th_ne12th/tracks_Bellevue_116th_NE12th__2017-09-11_16-08-37.parquet,1559341,1.487103,bellevue_116th_ne12th,tracker output,false,true,P1,03_yolo_tracking_outputs/,frame;track_id;cls;conf;cx;cy;w;h,d46c4505bf2934681fc6007f63febb43599e401d8ca989cd7f47e7f77aaeb946
TNVD2_UPLOAD_PACKAGE/03_yolo_tracking_outputs/data/interim/bellevue_116th_ne12th/tracks_Bellevue_116th_NE12th__2017-09-11_17-08-39.parquet,6677951,6.36859,bellevue_116th_ne12th,tracker output,false,true,P1,03_yolo_tracking_outputs/,frame;track_id;cls;conf;cx;cy;w;h,4fb712a97f51996819b7a6943774c03e29bb4a887070d304398d0ad9817d86f3
TNVD2_UPLOAD_PACKAGE/03_yolo_tracking_outputs/data/interim/bellevue_150th_eastgate/tracks.parquet,1301142775,1240.866446,bellevue_150th_eastgate,tracker output,false,true,P1,03_yolo_tracking_outputs/,frame;track_id;cls;conf;cx;cy;w;h,NOT_COMPUTED_LARGE_FILE_GT_268435456_BYTES
TNVD2_UPLOAD_PACKAGE/03_yolo_tracking_outputs/data/interim/bellevue_150th_eastgate/tracks_Bellevue_150th_Eastgate__2017-09-10_18-08-24.parquet,48668164,46.413578,bellevue_150th_eastgate,tracker output,false,true,P1,03_yolo_tracking_outputs/,frame;track_id;cls;conf;cx;cy;w;h,a5851be8fb6e11ebcc4d0db87b3abd9cc821a837f4107a27b24c495539a9ad20
TNVD2_UPLOAD_PACKAGE/03_yolo_tracking_outputs/data/interim/bellevue_150th_eastgate/tracks_Bellevue_150th_Eastgate__2017-09-10_19-08-25.parquet,70502892,67.236797,bellevue_150th_eastgate,tracker output,false,true,P1,03_yolo_tracking_outputs/,frame;track_id;cls;conf;cx;cy;w;h,1b91b8fdb3a5f7f5bcbd4b055cba1040a3419bec5f33c23ca3fc0bc21900e00c
TNVD2_UPLOAD_PACKAGE/03_yolo_tracking_outputs/data/interim/bellevue_150th_eastgate/tracks_Bellevue_150th_Eastgate__2017-09-10_20-08-25.parquet,30040502,28.648855,bellevue_150th_eastgate,tracker output,false,true,P1,03_yolo_tracking_outputs/,frame;track_id;cls;conf;cx;cy;w;h,98223fe48b4485b0d5207516b8df6939a9408530976c4b2354f8f45f9a171b56
TNVD2_UPLOAD_PACKAGE/03_yolo_tracking_outputs/data/interim/bellevue_150th_eastgate/tracks_Bellevue_150th_Eastgate__2017-09-10_21-08-28.parquet,25989261,24.785291,bellevue_150th_eastgate,tracker output,false,true,P1,03_yolo_tracking_outputs/,frame;track_id;cls;conf;cx;cy;w;h,5f839f830624624088aadbb263be7e301694e14c53345322d93953405e3ee7ed
TNVD2_UPLOAD_PACKAGE/03_yolo_tracking_outputs/data/interim/bellevue_150th_eastgate/tracks_Bellevue_150th_Eastgate__2017-09-10_22-08-28.parquet,21803919,20.793838,bellevue_150th_eastgate,tracker output,false,true,P1,03_yolo_tracking_outputs/,frame;track_id;cls;conf;cx;cy;w;h,c144bbe5d8d0220df34bab8e5ccc6d00c520b0ea96ba467c137a7edd38b3c387
TNVD2_UPLOAD_PACKAGE/03_yolo_tracking_outputs/data/interim/bellevue_150th_eastgate/tracks_Bellevue_150th_Eastgate__2017-09-10_23-08-29.parquet,18194941,17.352048,bellevue_150th_eastgate,tracker output,false,true,P1,03_yolo_tracking_outputs/,frame;track_id;cls;conf;cx;cy;w;h,a159827ee97ac3d070f83fc3cfc9b58bca48ce7cfb488f4aa643b807347ca6ad
TNVD2_UPLOAD_PACKAGE/03_yolo_tracking_outputs/data/interim/bellevue_150th_eastgate/tracks_Bellevue_150th_Eastgate__2017-09-11_00-08-29.parquet,14977038,14.283216,bellevue_150th_eastgate,tracker output,false,true,P1,03_yolo_tracking_outputs/,frame;track_id;cls;conf;cx;cy;w;h,7962c8623350ba1a7f04a25cea7452bdd1e1fd2585149550260b1bd3f0bbe7f6
TNVD2_UPLOAD_PACKAGE/03_yolo_tracking_outputs/data/interim/bellevue_150th_eastgate/tracks_Bellevue_150th_Eastgate__2017-09-11_01-08-29.parquet,13193689,12.582482,bellevue_150th_eastgate,tracker output,false,true,P1,03_yolo_tracking_outputs/,frame;track_id;cls;conf;cx;cy;w;h,03f29eba8ca1369c7352c65497a5fd006bcf823c2997a3e750434260b83e2159
TNVD2_UPLOAD_PACKAGE/03_yolo_tracking_outputs/data/interim/bellevue_150th_eastgate/tracks_Bellevue_150th_Eastgate__2017-09-11_02-08-29.parquet,13614567,12.983863,bellevue_150th_eastgate,tracker output,false,true,P1,03_yolo_tracking_outputs/,frame;track_id;cls;conf;cx;cy;w;h,c007befe03a8daa793d8a9b55c4a229c0d1f671404ad1087ea08695929f6641c
TNVD2_UPLOAD_PACKAGE/03_yolo_tracking_outputs/data/interim/bellevue_150th_eastgate/tracks_Bellevue_150th_Eastgate__2017-09-11_03-08-30.parquet,14210601,13.552285,bellevue_150th_eastgate,tracker output,false,true,P1,03_yolo_tracking_outputs/,frame;track_id;cls;conf;cx;cy;w;h,98865d4c6cc1e64ebb838259476f06928c02c65942dd2ba098c371395ef5e77d
TNVD2_UPLOAD_PACKAGE/03_yolo_tracking_outputs/data/interim/bellevue_150th_eastgate/tracks_Bellevue_150th_Eastgate__2017-09-11_04-08-29.parquet,15128897,14.428041,bellevue_150th_eastgate,tracker output,false,true,P1,03_yolo_tracking_outputs/,frame;track_id;cls;conf;cx;cy;w;h,0eb007751f85fd7de5e9b8d2ae07faebd29562dd4ab6094e1e13071b4c9b575f
TNVD2_UPLOAD_PACKAGE/03_yolo_tracking_outputs/data/interim/bellevue_150th_eastgate/tracks_Bellevue_150th_Eastgate__2017-09-11_05-08-30.parquet,22001444,20.982212,bellevue_150th_eastgate,tracker output,false,true,P1,03_yolo_tracking_outputs/,frame;track_id;cls;conf;cx;cy;w;h,efaaf64874fd5ab557c96f99befb692f6ce6f7d5b4807ddc99cd3baf8300c337
TNVD2_UPLOAD_PACKAGE/03_yolo_tracking_outputs/data/interim/bellevue_150th_eastgate/tracks_Bellevue_150th_Eastgate__2017-09-11_06-08-30.parquet,71935223,68.602775,bellevue_150th_eastgate,tracker output,false,true,P1,03_yolo_tracking_outputs/,frame;track_id;cls;conf;cx;cy;w;h,a08e3b826e33870e283435c8f7fec2f4044ba58ab642e8a411163eb8f4206ac4
TNVD2_UPLOAD_PACKAGE/03_yolo_tracking_outputs/data/interim/bellevue_150th_eastgate/tracks_Bellevue_150th_Eastgate__2017-09-11_07-08-31.parquet,78160851,74.539996,bellevue_150th_eastgate,tracker output,false,true,P1,03_yolo_tracking_outputs/,frame;track_id;cls;conf;cx;cy;w;h,135e16ba4797365ed168a2fd0b393e9b1892a97af6996599b341492f7c3df771
TNVD2_UPLOAD_PACKAGE/03_yolo_tracking_outputs/data/interim/bellevue_150th_eastgate/tracks_Bellevue_150th_Eastgate__2017-09-11_08-08-31.parquet,95623736,91.193901,bellevue_150th_eastgate,tracker output,false,true,P1,03_yolo_tracking_outputs/,frame;track_id;cls;conf;cx;cy;w;h,da616472ea735037397fd9e713573c5eea26b05f359c7672e99e077b38cfdff4
TNVD2_UPLOAD_PACKAGE/03_yolo_tracking_outputs/data/interim/bellevue_150th_eastgate/tracks_Bellevue_150th_Eastgate__2017-09-11_09-08-31.parquet,94423253,90.049031,bellevue_150th_eastgate,tracker output,false,true,P1,03_yolo_tracking_outputs/,frame;track_id;cls;conf;cx;cy;w;h,b56bcf862fc055d527ecdd02c280ba9afd7f6976afa1a9d68b1ca1f5013891e9
TNVD2_UPLOAD_PACKAGE/03_yolo_tracking_outputs/data/interim/bellevue_150th_eastgate/tracks_Bellevue_150th_Eastgate__2017-09-11_10-08-31.parquet,77483200,73.893738,bellevue_150th_eastgate,tracker output,false,true,P1,03_yolo_tracking_outputs/,frame;track_id;cls;conf;cx;cy;w;h,0ed730759a0908fc1e69ec013eabc89db74ff9e8a260f409a89d7e9c3c8d9432
TNVD2_UPLOAD_PACKAGE/03_yolo_tracking_outputs/data/interim/bellevue_150th_eastgate/tracks_Bellevue_150th_Eastgate__2017-09-11_11-08-32.parquet,74113111,70.67977,bellevue_150th_eastgate,tracker output,false,true,P1,03_yolo_tracking_outputs/,frame;track_id;cls;conf;cx;cy;w;h,c57f7c584ccd78e6b38522007e7d7d8b12cbf9f8fc9d930793ae20e83cc81197
TNVD2_UPLOAD_PACKAGE/03_yolo_tracking_outputs/data/interim/bellevue_150th_eastgate/tracks_Bellevue_150th_Eastgate__2017-09-11_12-08-32.parquet,77966227,74.354388,bellevue_150th_eastgate,tracker output,false,true,P1,03_yolo_tracking_outputs/,frame;track_id;cls;conf;cx;cy;w;h,a8537a6426e5fe7f80602ce6389ddf1fbba82e79da5c41cb3f80dc6fceb5afdf
TNVD2_UPLOAD_PACKAGE/03_yolo_tracking_outputs/data/interim/bellevue_150th_eastgate/tracks_Bellevue_150th_Eastgate__2017-09-11_13-08-32.parquet,63014023,60.094855,bellevue_150th_eastgate,tracker output,false,true,P1,03_yolo_tracking_outputs/,frame;track_id;cls;conf;cx;cy;w;h,50220857fc390e50af633a12d3454dad2c14eccb17ee40fe11714687d8d4dd55
TNVD2_UPLOAD_PACKAGE/03_yolo_tracking_outputs/data/interim/bellevue_150th_eastgate/tracks_Bellevue_150th_Eastgate__2017-09-11_14-08-31.parquet,69616431,66.391402,bellevue_150th_eastgate,tracker output,false,true,P1,03_yolo_tracking_outputs/,frame;track_id;cls;conf;cx;cy;w;h,e76a7c0917b10fbb0b0dba5c9de1f947aee995c2a7fd8edca96ea1955f8257f4
TNVD2_UPLOAD_PACKAGE/03_yolo_tracking_outputs/data/interim/bellevue_150th_eastgate/tracks_Bellevue_150th_Eastgate__2017-09-11_15-08-33.parquet,77787273,74.183724,bellevue_150th_eastgate,tracker output,false,true,P1,03_yolo_tracking_outputs/,frame;track_id;cls;conf;cx;cy;w;h,1f0d7e2bea2ad1be56eb64c89c5f9d69a400637d54ebec0eb89b4ffabca64e4b
TNVD2_UPLOAD_PACKAGE/03_yolo_tracking_outputs/data/interim/bellevue_150th_eastgate/tracks_Bellevue_150th_Eastgate__2017-09-11_16-08-33.parquet,80355912,76.633369,bellevue_150th_eastgate,tracker output,false,true,P1,03_yolo_tracking_outputs/,frame;track_id;cls;conf;cx;cy;w;h,10eb76b071328bb0a0a59fa7b3333baa776852dd9663aa10f750dcd149e93b53
TNVD2_UPLOAD_PACKAGE/03_yolo_tracking_outputs/data/interim/bellevue_150th_eastgate/tracks_Bellevue_150th_Eastgate__2017-09-11_17-08-33.parquet,91800929,87.548188,bellevue_150th_eastgate,tracker output,false,true,P1,03_yolo_tracking_outputs/,frame;track_id;cls;conf;cx;cy;w;h,a602f3581f20684f1d28a25d02914cd885b9f891b37707350e1cdd5896156e84
TNVD2_UPLOAD_PACKAGE/03_yolo_tracking_outputs/data/interim/bellevue_150th_newport/tracks.parquet,1011714352,964.845993,bellevue_150th_newport,tracker output,false,true,P1,03_yolo_tracking_outputs/,frame;track_id;cls;conf;cx;cy;w;h,NOT_COMPUTED_LARGE_FILE_GT_268435456_BYTES
TNVD2_UPLOAD_PACKAGE/03_yolo_tracking_outputs/data/interim/bellevue_150th_newport/tracks_Bellevue_150th_Newport__2017-09-10_18-08-24.parquet,53018414,50.5623,bellevue_150th_newport,tracker output,false,true,P1,03_yolo_tracking_outputs/,frame;track_id;cls;conf;cx;cy;w;h,6c4b061efc692cd8f4772c96e7f37d7fc29d2cc41212f38f1d51dbf54daaf67e
TNVD2_UPLOAD_PACKAGE/03_yolo_tracking_outputs/data/interim/bellevue_150th_newport/tracks_Bellevue_150th_Newport__2017-09-10_19-08-24.parquet,55223650,52.665377,bellevue_150th_newport,tracker output,false,true,P1,03_yolo_tracking_outputs/,frame;track_id;cls;conf;cx;cy;w;h,6d69506aeebbd30877a04f7867c6c0a170d614c317d6a5e8d29c4586102344ad
TNVD2_UPLOAD_PACKAGE/03_yolo_tracking_outputs/data/interim/bellevue_150th_newport/tracks_Bellevue_150th_Newport__2017-09-10_20-08-25.parquet,23238513,22.161973,bellevue_150th_newport,tracker output,false,true,P1,03_yolo_tracking_outputs/,frame;track_id;cls;conf;cx;cy;w;h,140d567ff3aadadd18303be27f8ed367bd196e55fca75882127f2215a5d48478
TNVD2_UPLOAD_PACKAGE/03_yolo_tracking_outputs/data/interim/bellevue_150th_newport/tracks_Bellevue_150th_Newport__2017-09-10_21-08-28.parquet,19618159,18.709334,bellevue_150th_newport,tracker output,false,true,P1,03_yolo_tracking_outputs/,frame;track_id;cls;conf;cx;cy;w;h,d73bc30993214f3734ffc07c52b16becc04c3ba308a117d5d5068b61a81cf400
TNVD2_UPLOAD_PACKAGE/03_yolo_tracking_outputs/data/interim/bellevue_150th_newport/tracks_Bellevue_150th_Newport__2017-09-10_22-08-28.parquet,16250283,15.497478,bellevue_150th_newport,tracker output,false,true,P1,03_yolo_tracking_outputs/,frame;track_id;cls;conf;cx;cy;w;h,ce7b06f65720f2898403af4d7b70ec5e2f2f3d2377bc1f7e384c0391e9256aa8
TNVD2_UPLOAD_PACKAGE/03_yolo_tracking_outputs/data/interim/bellevue_150th_newport/tracks_Bellevue_150th_Newport__2017-09-10_23-08-29.parquet,15582849,14.860963,bellevue_150th_newport,tracker output,false,true,P1,03_yolo_tracking_outputs/,frame;track_id;cls;conf;cx;cy;w;h,c140cc9d3b2dfb4cdca6dfd297350767d6683c761b01472d11f666b95b9e6129
TNVD2_UPLOAD_PACKAGE/03_yolo_tracking_outputs/data/interim/bellevue_150th_newport/tracks_Bellevue_150th_Newport__2017-09-11_00-08-29.parquet,15044385,14.347444,bellevue_150th_newport,tracker output,false,true,P1,03_yolo_tracking_outputs/,frame;track_id;cls;conf;cx;cy;w;h,a7edc5854c4b3d28b7f7dab7242e8feddab0d675405da66a8b1e25be2fd3a0eb
TNVD2_UPLOAD_PACKAGE/03_yolo_tracking_outputs/data/interim/bellevue_150th_newport/tracks_Bellevue_150th_Newport__2017-09-11_01-08-29.parquet,13597838,12.967909,bellevue_150th_newport,tracker output,false,true,P1,03_yolo_tracking_outputs/,frame;track_id;cls;conf;cx;cy;w;h,2d1ee51bebe7b270e578fd33112414e220efe83d44ec83b4d0e0bfb2b77c0f61
TNVD2_UPLOAD_PACKAGE/03_yolo_tracking_outputs/data/interim/bellevue_150th_newport/tracks_Bellevue_150th_Newport__2017-09-11_02-08-29.parquet,14665220,13.985844,bellevue_150th_newport,tracker output,false,true,P1,03_yolo_tracking_outputs/,frame;track_id;cls;conf;cx;cy;w;h,d115b2ce42c2b365724019af55f85d0b0a80efe2f5434c4664790bd010936c91
TNVD2_UPLOAD_PACKAGE/03_yolo_tracking_outputs/data/interim/bellevue_150th_newport/tracks_Bellevue_150th_Newport__2017-09-11_03-08-29.parquet,14794885,14.109502,bellevue_150th_newport,tracker output,false,true,P1,03_yolo_tracking_outputs/,frame;track_id;cls;conf;cx;cy;w;h,d50f7fa0a6bd7e46434b1939f77a7278d434b8c7ced349450f21f04e375b5d61
TNVD2_UPLOAD_PACKAGE/03_yolo_tracking_outputs/data/interim/bellevue_150th_newport/tracks_Bellevue_150th_Newport__2017-09-11_04-08-29.parquet,15328424,14.618324,bellevue_150th_newport,tracker output,false,true,P1,03_yolo_tracking_outputs/,frame;track_id;cls;conf;cx;cy;w;h,c557eb0fb1a290a265fe6758d74f536543ae33a20c46e14ecc8fb35e2b4c2ae3
TNVD2_UPLOAD_PACKAGE/03_yolo_tracking_outputs/data/interim/bellevue_150th_newport/tracks_Bellevue_150th_Newport__2017-09-11_05-08-29.parquet,17537111,16.724692,bellevue_150th_newport,tracker output,false,true,P1,03_yolo_tracking_outputs/,frame;track_id;cls;conf;cx;cy;w;h,878d22f41b39acce82f062ea825b396b49ab6fd68d48a72c7af90a1b9a275730
TNVD2_UPLOAD_PACKAGE/03_yolo_tracking_outputs/data/interim/bellevue_150th_newport/tracks_Bellevue_150th_Newport__2017-09-11_06-08-30.parquet,58529538,55.818117,bellevue_150th_newport,tracker output,false,true,P1,03_yolo_tracking_outputs/,frame;track_id;cls;conf;cx;cy;w;h,55b62238aa8fe63033becd1022859631887675f09564d44397397c3b4c935025
TNVD2_UPLOAD_PACKAGE/03_yolo_tracking_outputs/data/interim/bellevue_150th_newport/tracks_Bellevue_150th_Newport__2017-09-11_07-08-31.parquet,82439090,78.620043,bellevue_150th_newport,tracker output,false,true,P1,03_yolo_tracking_outputs/,frame;track_id;cls;conf;cx;cy;w;h,e85f8a20e1191ebe18216bf901ee658d7448123534250d8a4e25b2ec3dd61e0d
TNVD2_UPLOAD_PACKAGE/03_yolo_tracking_outputs/data/interim/bellevue_150th_newport/tracks_Bellevue_150th_Newport__2017-09-11_08-08-31.parquet,86029956,82.044559,bellevue_150th_newport,tracker output,false,true,P1,03_yolo_tracking_outputs/,frame;track_id;cls;conf;cx;cy;w;h,a4ab3097b6c3039d83f52960ac1ebcd38a4cc5592a216c3ec86157436e04ae33
TNVD2_UPLOAD_PACKAGE/03_yolo_tracking_outputs/data/interim/bellevue_150th_newport/tracks_Bellevue_150th_Newport__2017-09-11_09-08-30.parquet,58489016,55.779472,bellevue_150th_newport,tracker output,false,true,P1,03_yolo_tracking_outputs/,frame;track_id;cls;conf;cx;cy;w;h,a7e0c785b2b90ae03ab45c7948a8090e90bb4b3d6c5ba4f1e4c15092796e6f82
TNVD2_UPLOAD_PACKAGE/03_yolo_tracking_outputs/data/interim/bellevue_150th_newport/tracks_Bellevue_150th_Newport__2017-09-11_10-08-31.parquet,45423079,43.318824,bellevue_150th_newport,tracker output,false,true,P1,03_yolo_tracking_outputs/,frame;track_id;cls;conf;cx;cy;w;h,0a13563ec3dbf6628ac60c6ff3d085418c3668d9f895b42091b49b8cfc2ff5fa
TNVD2_UPLOAD_PACKAGE/03_yolo_tracking_outputs/data/interim/bellevue_150th_newport/tracks_Bellevue_150th_Newport__2017-09-11_11-08-32.parquet,37745900,35.997295,bellevue_150th_newport,tracker output,false,true,P1,03_yolo_tracking_outputs/,frame;track_id;cls;conf;cx;cy;w;h,9e39f7c015ffe817bb0c2b3e12eaed53dde1dbc326d27612f23fea13d117ba2e
TNVD2_UPLOAD_PACKAGE/03_yolo_tracking_outputs/data/interim/bellevue_150th_newport/tracks_Bellevue_150th_Newport__2017-09-11_12-08-32.parquet,39475495,37.646766,bellevue_150th_newport,tracker output,false,true,P1,03_yolo_tracking_outputs/,frame;track_id;cls;conf;cx;cy;w;h,ace8a144a2c741c42f8efc01fda37b767632f6583b008a4e1a87a0fc6e22b571
TNVD2_UPLOAD_PACKAGE/03_yolo_tracking_outputs/data/interim/bellevue_150th_newport/tracks_Bellevue_150th_Newport__2017-09-11_13-08-32.parquet,36709794,35.009188,bellevue_150th_newport,tracker output,false,true,P1,03_yolo_tracking_outputs/,frame;track_id;cls;conf;cx;cy;w;h,51762120050a66e2bb2f7d62f40e1e5136b2a21858e6bd20e54a3f0cd00e63e3
TNVD2_UPLOAD_PACKAGE/03_yolo_tracking_outputs/data/interim/bellevue_150th_newport/tracks_Bellevue_150th_Newport__2017-09-11_14-08-31.parquet,51144336,48.77504,bellevue_150th_newport,tracker output,false,true,P1,03_yolo_tracking_outputs/,frame;track_id;cls;conf;cx;cy;w;h,b8ea9556b0dc79b7f6ded64e016542d521b1712e6a2795e49e2a7e4cfcacd6d1
TNVD2_UPLOAD_PACKAGE/03_yolo_tracking_outputs/data/interim/bellevue_150th_newport/tracks_Bellevue_150th_Newport__2017-09-11_15-08-32.parquet,72257690,68.910303,bellevue_150th_newport,tracker output,false,true,P1,03_yolo_tracking_outputs/,frame;track_id;cls;conf;cx;cy;w;h,b00a4545959d33395b64c9c12d00b9353d2996bc3481161c113941dcbebeb74d
TNVD2_UPLOAD_PACKAGE/03_yolo_tracking_outputs/data/interim/bellevue_150th_newport/tracks_Bellevue_150th_Newport__2017-09-11_16-08-32.parquet,69997777,66.755082,bellevue_150th_newport,tracker output,false,true,P1,03_yolo_tracking_outputs/,frame;track_id;cls;conf;cx;cy;w;h,baa75e3098f6a58a091bb1bd08c328119aaba28566388a524468aae8900bce1e
TNVD2_UPLOAD_PACKAGE/03_yolo_tracking_outputs/data/interim/bellevue_150th_newport/tracks_Bellevue_150th_Newport__2017-09-11_17-08-32.parquet,77270505,73.690896,bellevue_150th_newport,tracker output,false,true,P1,03_yolo_tracking_outputs/,frame;track_id;cls;conf;cx;cy;w;h,1eec07e5048deb806ac8a604a72796b39a6a469572e17bc10d8c56b2fe65dec4
TNVD2_UPLOAD_PACKAGE/03_yolo_tracking_outputs/data/interim/bellevue_150th_se38th/tracks.parquet,1058323533,1009.295972,bellevue_150th_se38th,tracker output,false,true,P1,03_yolo_tracking_outputs/,frame;track_id;cls;conf;cx;cy;w;h,NOT_COMPUTED_LARGE_FILE_GT_268435456_BYTES
TNVD2_UPLOAD_PACKAGE/03_yolo_tracking_outputs/data/interim/bellevue_150th_se38th/tracks_Bellevue_150th_SE38th__2017-09-10_18-08-24.parquet,70059896,66.814323,bellevue_150th_se38th,tracker output,false,true,P1,03_yolo_tracking_outputs/,frame;track_id;cls;conf;cx;cy;w;h,e83855083387665227ae3d9061b7fd6b285011f2a1ea912e704286d0769aa63f
TNVD2_UPLOAD_PACKAGE/03_yolo_tracking_outputs/data/interim/bellevue_150th_se38th/tracks_Bellevue_150th_SE38th__2017-09-10_19-08-25.parquet,68032335,64.880691,bellevue_150th_se38th,tracker output,false,true,P1,03_yolo_tracking_outputs/,frame;track_id;cls;conf;cx;cy;w;h,d69b2f28fafd79b0f0589a048e5490dd87d95c2ee1c1d11679a13e577d2ec711
TNVD2_UPLOAD_PACKAGE/03_yolo_tracking_outputs/data/interim/bellevue_150th_se38th/tracks_Bellevue_150th_SE38th__2017-09-10_20-08-25.parquet,46104449,43.968629,bellevue_150th_se38th,tracker output,false,true,P1,03_yolo_tracking_outputs/,frame;track_id;cls;conf;cx;cy;w;h,834552840152a5c6f114855c4c354cacbed3a6cc9514faab98155c6edd0dd51c
TNVD2_UPLOAD_PACKAGE/03_yolo_tracking_outputs/data/interim/bellevue_150th_se38th/tracks_Bellevue_150th_SE38th__2017-09-10_21-08-38.parquet,40363043,38.493197,bellevue_150th_se38th,tracker output,false,true,P1,03_yolo_tracking_outputs/,frame;track_id;cls;conf;cx;cy;w;h,9b586b0a5bb3299427c143e0e6a2c3f8ee3763fd48da22395159bf4286bf560d
TNVD2_UPLOAD_PACKAGE/03_yolo_tracking_outputs/data/interim/bellevue_150th_se38th/tracks_Bellevue_150th_SE38th__2017-09-10_22-08-28.parquet,31081880,29.641991,bellevue_150th_se38th,tracker output,false,true,P1,03_yolo_tracking_outputs/,frame;track_id;cls;conf;cx;cy;w;h,f6d982ce1608f184192096d1b56fbc0508e6fe63855275aec79641ee092f664b
TNVD2_UPLOAD_PACKAGE/03_yolo_tracking_outputs/data/interim/bellevue_150th_se38th/tracks_Bellevue_150th_SE38th__2017-09-10_23-08-29.parquet,30083307,28.689677,bellevue_150th_se38th,tracker output,false,true,P1,03_yolo_tracking_outputs/,frame;track_id;cls;conf;cx;cy;w;h,425ac783a7f220d4c408ea2e736b1ab4549a7550a704950a9b7acb84e8098f4f
TNVD2_UPLOAD_PACKAGE/03_yolo_tracking_outputs/data/interim/bellevue_150th_se38th/tracks_Bellevue_150th_SE38th__2017-09-11_00-08-29.parquet,28059878,26.759985,bellevue_150th_se38th,tracker output,false,true,P1,03_yolo_tracking_outputs/,frame;track_id;cls;conf;cx;cy;w;h,9055e7e8170fdc3c66edd0ea271d417b8d5e9096ac513490b9679b4517a1f6ed
TNVD2_UPLOAD_PACKAGE/03_yolo_tracking_outputs/data/interim/bellevue_150th_se38th/tracks_Bellevue_150th_SE38th__2017-09-11_01-08-30.parquet,23851646,22.746702,bellevue_150th_se38th,tracker output,false,true,P1,03_yolo_tracking_outputs/,frame;track_id;cls;conf;cx;cy;w;h,e0246f6ad2850ce153a9503f8bb3daf8821ce566c7dbdecda46ccb217c49d8b9
TNVD2_UPLOAD_PACKAGE/03_yolo_tracking_outputs/data/interim/bellevue_150th_se38th/tracks_Bellevue_150th_SE38th__2017-09-11_02-08-29.parquet,25209319,24.04148,bellevue_150th_se38th,tracker output,false,true,P1,03_yolo_tracking_outputs/,frame;track_id;cls;conf;cx;cy;w;h,6bb7562786d6d86c5057d9babe33a03d290b929990ae0d36f71d52226d1ba244
TNVD2_UPLOAD_PACKAGE/03_yolo_tracking_outputs/data/interim/bellevue_150th_se38th/tracks_Bellevue_150th_SE38th__2017-09-11_03-08-30.parquet,26063106,24.855715,bellevue_150th_se38th,tracker output,false,true,P1,03_yolo_tracking_outputs/,frame;track_id;cls;conf;cx;cy;w;h,5b22bd8bfbc2ffbe007eb2756533729c87456775b11d943a6bf33604b47d7d99
TNVD2_UPLOAD_PACKAGE/03_yolo_tracking_outputs/data/interim/bellevue_150th_se38th/tracks_Bellevue_150th_SE38th__2017-09-11_04-08-29.parquet,28433338,27.116144,bellevue_150th_se38th,tracker output,false,true,P1,03_yolo_tracking_outputs/,frame;track_id;cls;conf;cx;cy;w;h,7a7ec30cd1e6923760d42b9c92a9f732a4257250d65a57c8ad96a6ec2bf71ed8
TNVD2_UPLOAD_PACKAGE/03_yolo_tracking_outputs/data/interim/bellevue_150th_se38th/tracks_Bellevue_150th_SE38th__2017-09-11_05-08-30.parquet,32434949,30.932378,bellevue_150th_se38th,tracker output,false,true,P1,03_yolo_tracking_outputs/,frame;track_id;cls;conf;cx;cy;w;h,c608781857ff71ff6e2f5f143635b7f268c09711c1c743d6df0e575ff451417c
TNVD2_UPLOAD_PACKAGE/03_yolo_tracking_outputs/data/interim/bellevue_150th_se38th/tracks_Bellevue_150th_SE38th__2017-09-11_06-08-32.parquet,60040532,57.259113,bellevue_150th_se38th,tracker output,false,true,P1,03_yolo_tracking_outputs/,frame;track_id;cls;conf;cx;cy;w;h,05ddf8b176c7621e10735211bd85a2f2345ccb518a347d3524869bed32661070
TNVD2_UPLOAD_PACKAGE/03_yolo_tracking_outputs/data/interim/bellevue_150th_se38th/tracks_Bellevue_150th_SE38th__2017-09-11_07-08-31.parquet,68223895,65.063376,bellevue_150th_se38th,tracker output,false,true,P1,03_yolo_tracking_outputs/,frame;track_id;cls;conf;cx;cy;w;h,065c1114a0da0bb10ef62dc9541d8a13a85f63d90eb36461d168702c12e05e94
TNVD2_UPLOAD_PACKAGE/03_yolo_tracking_outputs/data/interim/bellevue_150th_se38th/tracks_Bellevue_150th_SE38th__2017-09-11_08-09-36.parquet,11510830,10.977583,bellevue_150th_se38th,tracker output,false,true,P1,03_yolo_tracking_outputs/,frame;track_id;cls;conf;cx;cy;w;h,ec405e2a60a92ebc29950ee0619e9a78a5c01bcfaf4d6f5df1079c9a4f9aa215
TNVD2_UPLOAD_PACKAGE/03_yolo_tracking_outputs/data/interim/bellevue_150th_se38th/tracks_Bellevue_150th_SE38th__2017-09-11_09-08-31.parquet,69076103,65.876105,bellevue_150th_se38th,tracker output,false,true,P1,03_yolo_tracking_outputs/,frame;track_id;cls;conf;cx;cy;w;h,6a86bbf8c934c3dd26389ffd0cc19b1d7eb7d274e0c07bdbbffa775727375ce1
TNVD2_UPLOAD_PACKAGE/03_yolo_tracking_outputs/data/interim/bellevue_150th_se38th/tracks_Bellevue_150th_SE38th__2017-09-11_10-08-33.parquet,66591364,63.506474,bellevue_150th_se38th,tracker output,false,true,P1,03_yolo_tracking_outputs/,frame;track_id;cls;conf;cx;cy;w;h,f47b72f03be0982987ca162dac2f66624b49cd84e449187f156a3573d11a25f0
TNVD2_UPLOAD_PACKAGE/03_yolo_tracking_outputs/data/interim/bellevue_150th_se38th/tracks_Bellevue_150th_SE38th__2017-09-11_11-08-34.parquet,72385626,69.032312,bellevue_150th_se38th,tracker output,false,true,P1,03_yolo_tracking_outputs/,frame;track_id;cls;conf;cx;cy;w;h,5471f0fc8322049e3c4e0c90f157cac45417229fde65c2b9868c15b5e0b74f2d
TNVD2_UPLOAD_PACKAGE/03_yolo_tracking_outputs/data/interim/bellevue_150th_se38th/tracks_Bellevue_150th_SE38th__2017-09-11_12-08-38.parquet,75403211,71.910106,bellevue_150th_se38th,tracker output,false,true,P1,03_yolo_tracking_outputs/,frame;track_id;cls;conf;cx;cy;w;h,cd356b727dd31b6ffedc347809b6067f5eff5b7c46dd6273f8f1178e0c2bd5b4
TNVD2_UPLOAD_PACKAGE/03_yolo_tracking_outputs/data/interim/bellevue_150th_se38th/tracks_Bellevue_150th_SE38th__2017-09-11_13-08-32.parquet,58096819,55.405444,bellevue_150th_se38th,tracker output,false,true,P1,03_yolo_tracking_outputs/,frame;track_id;cls;conf;cx;cy;w;h,33c960adfa91ed0f74a91de509790c5009bd919e34601f6db2ce970407d4a4ff
TNVD2_UPLOAD_PACKAGE/03_yolo_tracking_outputs/data/interim/bellevue_150th_se38th/tracks_Bellevue_150th_SE38th__2017-09-11_14-08-32.parquet,73500401,70.095445,bellevue_150th_se38th,tracker output,false,true,P1,03_yolo_tracking_outputs/,frame;track_id;cls;conf;cx;cy;w;h,628d0017a1e71f90a59480eb3676be32fb2e3434cae0c9145c7a9814bb292aa4
TNVD2_UPLOAD_PACKAGE/03_yolo_tracking_outputs/data/interim/bellevue_150th_se38th/tracks_Bellevue_150th_SE38th__2017-09-11_16-08-35.parquet,13169584,12.559494,bellevue_150th_se38th,tracker output,false,true,P1,03_yolo_tracking_outputs/,frame;track_id;cls;conf;cx;cy;w;h,e1414071a38ed8e400dbc1ec7970016c3d00c717c3a9d8daf73fef5c6bfc20eb
TNVD2_UPLOAD_PACKAGE/03_yolo_tracking_outputs/data/interim/bellevue_150th_se38th/tracks_Bellevue_150th_SE38th__2017-09-11_17-08-45.parquet,13030015,12.426391,bellevue_150th_se38th,tracker output,false,true,P1,03_yolo_tracking_outputs/,frame;track_id;cls;conf;cx;cy;w;h,7d24bf1719ee6654ed76388b2304ca5e0d6119382f0cff3adf9654cb4f8b7ddc
TNVD2_UPLOAD_PACKAGE/03_yolo_tracking_outputs/data/interim/bellevue_ne8th/tracks.parquet,1572081866,1499.254099,bellevue_ne8th,tracker output,false,true,P1,03_yolo_tracking_outputs/,frame;track_id;cls;conf;cx;cy;w;h,NOT_COMPUTED_LARGE_FILE_GT_268435456_BYTES
TNVD2_UPLOAD_PACKAGE/03_yolo_tracking_outputs/data/interim/bellevue_ne8th/tracks_Bellevue_Bellevue_NE8th__2017-09-10_18-08-23.parquet,90333981,86.149198,bellevue_ne8th,tracker output,false,true,P1,03_yolo_tracking_outputs/,frame;track_id;cls;conf;cx;cy;w;h,ebb92cd99ea9f2abbd9173f8322c23124fac535dbb35fcc82bcbbadb4df954af
TNVD2_UPLOAD_PACKAGE/03_yolo_tracking_outputs/data/interim/bellevue_ne8th/tracks_Bellevue_Bellevue_NE8th__2017-09-10_19-08-24.parquet,81046548,77.292011,bellevue_ne8th,tracker output,false,true,P1,03_yolo_tracking_outputs/,frame;track_id;cls;conf;cx;cy;w;h,40b2d2d832f177738940979a365e3221bc9971f0b166ccef5b420242cc82fd36
TNVD2_UPLOAD_PACKAGE/03_yolo_tracking_outputs/data/interim/bellevue_ne8th/tracks_Bellevue_Bellevue_NE8th__2017-09-10_20-08-24.parquet,68364583,65.197547,bellevue_ne8th,tracker output,false,true,P1,03_yolo_tracking_outputs/,frame;track_id;cls;conf;cx;cy;w;h,4615068e21c5421e24725706e889344fbd14960f31a4b26d35003144ed2076b0
TNVD2_UPLOAD_PACKAGE/03_yolo_tracking_outputs/data/interim/bellevue_ne8th/tracks_Bellevue_Bellevue_NE8th__2017-09-10_21-08-28.parquet,57052732,54.409725,bellevue_ne8th,tracker output,false,true,P1,03_yolo_tracking_outputs/,frame;track_id;cls;conf;cx;cy;w;h,c6757ba9d22be3e38c5f2e567a77fedfaaa7c0ed24dbbd791ebd9c7efe18efa9
TNVD2_UPLOAD_PACKAGE/03_yolo_tracking_outputs/data/interim/bellevue_ne8th/tracks_Bellevue_Bellevue_NE8th__2017-09-10_22-08-28.parquet,42603003,40.62939,bellevue_ne8th,tracker output,false,true,P1,03_yolo_tracking_outputs/,frame;track_id;cls;conf;cx;cy;w;h,a26e2e07f441d4472f45b18c8d85d8d8fe9b29f6436c1667805c42351e2012de
TNVD2_UPLOAD_PACKAGE/03_yolo_tracking_outputs/data/interim/bellevue_ne8th/tracks_Bellevue_Bellevue_NE8th__2017-09-10_23-08-29.parquet,39252702,37.434294,bellevue_ne8th,tracker output,false,true,P1,03_yolo_tracking_outputs/,frame;track_id;cls;conf;cx;cy;w;h,9a2b5fb270c10d622f7d0a79471546ff1bbb1edec206c8773e4bac10dc5ba67c
TNVD2_UPLOAD_PACKAGE/03_yolo_tracking_outputs/data/interim/bellevue_ne8th/tracks_Bellevue_Bellevue_NE8th__2017-09-11_00-08-29.parquet,35349410,33.711824,bellevue_ne8th,tracker output,false,true,P1,03_yolo_tracking_outputs/,frame;track_id;cls;conf;cx;cy;w;h,eb82c32e778f3b3e0b0921f4f10ea92f88d746646b31e04b2f74da89629b5c95
TNVD2_UPLOAD_PACKAGE/03_yolo_tracking_outputs/data/interim/bellevue_ne8th/tracks_Bellevue_Bellevue_NE8th__2017-09-11_01-08-29.parquet,28340122,27.027246,bellevue_ne8th,tracker output,false,true,P1,03_yolo_tracking_outputs/,frame;track_id;cls;conf;cx;cy;w;h,aeee5254f3ab93a49f51ad5b17471f896ac7891383e17e22610c29b0989a543c
TNVD2_UPLOAD_PACKAGE/03_yolo_tracking_outputs/data/interim/bellevue_ne8th/tracks_Bellevue_Bellevue_NE8th__2017-09-11_02-08-29.parquet,31083751,29.643775,bellevue_ne8th,tracker output,false,true,P1,03_yolo_tracking_outputs/,frame;track_id;cls;conf;cx;cy;w;h,bee385f6f135bc794c1bf34bd694a80d7598ca90f7636b06cf0c425174bd3562
TNVD2_UPLOAD_PACKAGE/03_yolo_tracking_outputs/data/interim/bellevue_ne8th/tracks_Bellevue_Bellevue_NE8th__2017-09-11_03-08-29.parquet,30034459,28.643092,bellevue_ne8th,tracker output,false,true,P1,03_yolo_tracking_outputs/,frame;track_id;cls;conf;cx;cy;w;h,2745c4e40d8a72640e17d228248807a67fdbb0b185bab63ead3ced1163822aa9
TNVD2_UPLOAD_PACKAGE/03_yolo_tracking_outputs/data/interim/bellevue_ne8th/tracks_Bellevue_Bellevue_NE8th__2017-09-11_04-08-29.parquet,34320729,32.730798,bellevue_ne8th,tracker output,false,true,P1,03_yolo_tracking_outputs/,frame;track_id;cls;conf;cx;cy;w;h,8be6085132d6847aa218cf62827f8da558406bd6caede9a954cb963ebccecd6b
TNVD2_UPLOAD_PACKAGE/03_yolo_tracking_outputs/data/interim/bellevue_ne8th/tracks_Bellevue_Bellevue_NE8th__2017-09-11_05-08-29.parquet,40739069,38.851804,bellevue_ne8th,tracker output,false,true,P1,03_yolo_tracking_outputs/,frame;track_id;cls;conf;cx;cy;w;h,bbd792ee4987e67aa11f0bad61e753c97353c049e7b13e0753aa360df742a43d
TNVD2_UPLOAD_PACKAGE/03_yolo_tracking_outputs/data/interim/bellevue_ne8th/tracks_Bellevue_Bellevue_NE8th__2017-09-11_06-08-29.parquet,48076336,45.849167,bellevue_ne8th,tracker output,false,true,P1,03_yolo_tracking_outputs/,frame;track_id;cls;conf;cx;cy;w;h,f577f6e7630a03540e3e227e5236a7d720ed9d9d7be68f19db84a95204766b79
TNVD2_UPLOAD_PACKAGE/03_yolo_tracking_outputs/data/interim/bellevue_ne8th/tracks_Bellevue_Bellevue_NE8th__2017-09-11_07-08-31.parquet,62023367,59.150092,bellevue_ne8th,tracker output,false,true,P1,03_yolo_tracking_outputs/,frame;track_id;cls;conf;cx;cy;w;h,3f607d5b6b9216e451a60de60474d5d467615dbcded900657b40c63ec4f10414
TNVD2_UPLOAD_PACKAGE/03_yolo_tracking_outputs/data/interim/bellevue_ne8th/tracks_Bellevue_Bellevue_NE8th__2017-09-11_08-08-31.parquet,64101420,61.131878,bellevue_ne8th,tracker output,false,true,P1,03_yolo_tracking_outputs/,frame;track_id;cls;conf;cx;cy;w;h,f82c5ab78d82815ad8e677caaa4f03de8aa4c1102e5355601536026d7d1c39a4
TNVD2_UPLOAD_PACKAGE/03_yolo_tracking_outputs/data/interim/bellevue_ne8th/tracks_Bellevue_Bellevue_NE8th__2017-09-11_09-08-30.parquet,80821382,77.077276,bellevue_ne8th,tracker output,false,true,P1,03_yolo_tracking_outputs/,frame;track_id;cls;conf;cx;cy;w;h,43e0946a22b4da8bbe351fa9632d85826cd79049e337ffb1fd322b488eb28f8b
TNVD2_UPLOAD_PACKAGE/03_yolo_tracking_outputs/data/interim/bellevue_ne8th/tracks_Bellevue_Bellevue_NE8th__2017-09-11_10-08-31.parquet,95790454,91.352896,bellevue_ne8th,tracker output,false,true,P1,03_yolo_tracking_outputs/,frame;track_id;cls;conf;cx;cy;w;h,4518729af32cbaf7ad450dd07ef73e14110f522759d8306382a1513e898938f3
TNVD2_UPLOAD_PACKAGE/03_yolo_tracking_outputs/data/interim/bellevue_ne8th/tracks_Bellevue_Bellevue_NE8th__2017-09-11_11-08-31.parquet,106984525,102.028394,bellevue_ne8th,tracker output,false,true,P1,03_yolo_tracking_outputs/,frame;track_id;cls;conf;cx;cy;w;h,5d4489f6334df7960e7e498161bbd5e0e30ff9fdcf25a7ffc368a4127a62ade3
TNVD2_UPLOAD_PACKAGE/03_yolo_tracking_outputs/data/interim/bellevue_ne8th/tracks_Bellevue_Bellevue_NE8th__2017-09-11_12-08-31.parquet,104208406,99.38088,bellevue_ne8th,tracker output,false,true,P1,03_yolo_tracking_outputs/,frame;track_id;cls;conf;cx;cy;w;h,16e6a65a610b728c70aa390b47f916f6e27fbc8e7bf1e748f29f8c9873c8197a
TNVD2_UPLOAD_PACKAGE/03_yolo_tracking_outputs/data/interim/bellevue_ne8th/tracks_Bellevue_Bellevue_NE8th__2017-09-11_13-08-32.parquet,88306288,84.215439,bellevue_ne8th,tracker output,false,true,P1,03_yolo_tracking_outputs/,frame;track_id;cls;conf;cx;cy;w;h,512d776d6f2d908f4932a81332b9526431707e9f994b4d10a0e8ee4c154fe9ee
TNVD2_UPLOAD_PACKAGE/03_yolo_tracking_outputs/data/interim/bellevue_ne8th/tracks_Bellevue_Bellevue_NE8th__2017-09-11_14-08-31.parquet,91098696,86.878487,bellevue_ne8th,tracker output,false,true,P1,03_yolo_tracking_outputs/,frame;track_id;cls;conf;cx;cy;w;h,f5a955dfd61db87f42be9a3eb66541bc6c4043c3ddbe66422e91fe778c82eb40
TNVD2_UPLOAD_PACKAGE/03_yolo_tracking_outputs/data/interim/bellevue_ne8th/tracks_Bellevue_Bellevue_NE8th__2017-09-11_15-08-32.parquet,94302340,89.93372,bellevue_ne8th,tracker output,false,true,P1,03_yolo_tracking_outputs/,frame;track_id;cls;conf;cx;cy;w;h,7ab0579c3a7e734bcaa0d7f3823b73a008e075266ea4759345de398da61dae5e
TNVD2_UPLOAD_PACKAGE/03_yolo_tracking_outputs/data/interim/bellevue_ne8th/tracks_Bellevue_Bellevue_NE8th__2017-09-11_16-08-32.parquet,96575538,92.10161,bellevue_ne8th,tracker output,false,true,P1,03_yolo_tracking_outputs/,frame;track_id;cls;conf;cx;cy;w;h,50b48b0a02cca43f490529093309f482629ab5d1a754164b8f0d8528c12298be
TNVD2_UPLOAD_PACKAGE/03_yolo_tracking_outputs/data/processed/bellevue_150th_eastgate/experiments/eastgate_edge_touch_trim_v1/camera_space_filter/selected_tracks.parquet,2333263,2.225173,bellevue_150th_eastgate,tracker output,false,true,P1,03_yolo_tracking_outputs/,track_id;start_x;start_y;end_x;end_y;displacement;displacement_norm,6e1fe70bfd2c59af74b8e6141edcffc3919bd613f21c54cb8778ce3688f19283
TNVD2_UPLOAD_PACKAGE/03_yolo_tracking_outputs/data/processed/bellevue_150th_eastgate/experiments/eastgate_edge_touch_trim_v1/tracks_edge_touch_trimmed.parquet,709377833,676.51542,bellevue_150th_eastgate,tracker output,false,true,P1,03_yolo_tracking_outputs/,track_id;frame;cx;cy;w;h;cls,NOT_COMPUTED_LARGE_FILE_GT_268435456_BYTES
TNVD2_UPLOAD_PACKAGE/04_trajectories_raw/data/processed/bellevue_116th_ne12th/rebuild_v1/trajectories.parquet,191013740,182.164898,bellevue_116th_ne12th,processed trajectory,false,true,P0,04_processed_trajectories_and_features/,track_id;frame;x;y;vx;vy;ax;ay,ee1160c8b483c9ed3d7bf55bac6bc25d5afe88ba81ea665f71e5291f0f82e864
TNVD2_UPLOAD_PACKAGE/04_trajectories_raw/data/processed/bellevue_116th_ne12th/trajectories.parquet,191459477,182.589986,bellevue_116th_ne12th,processed trajectory,false,true,P0,04_processed_trajectories_and_features/,track_id;frame;x;y;vx;vy;ax;ay,8ff8cfdc6ea176d14f7592109770f3ef875429d48269fb441640d8efa0ecb154
TNVD2_UPLOAD_PACKAGE/04_trajectories_raw/data/processed/bellevue_150th_eastgate/experiments/eastgate_edge_touch_trim_v1/trajectories.parquet,1544113500,1472.581387,bellevue_150th_eastgate,processed trajectory,false,true,P0,04_processed_trajectories_and_features/,track_id;frame;x;y;vx;vy;ax;ay,NOT_COMPUTED_LARGE_FILE_GT_268435456_BYTES
TNVD2_UPLOAD_PACKAGE/04_trajectories_raw/data/processed/bellevue_150th_eastgate/trajectories.parquet,1551062886,1479.208838,bellevue_150th_eastgate,processed trajectory,false,true,P0,04_processed_trajectories_and_features/,track_id;frame;x;y;vx;vy;ax;ay,NOT_COMPUTED_LARGE_FILE_GT_268435456_BYTES
TNVD2_UPLOAD_PACKAGE/04_trajectories_raw/data/processed/bellevue_150th_newport/trajectories.parquet,976055547,930.839107,bellevue_150th_newport,processed trajectory,false,true,P0,04_processed_trajectories_and_features/,track_id;frame;x;y;vx;vy;ax;ay,NOT_COMPUTED_LARGE_FILE_GT_268435456_BYTES
TNVD2_UPLOAD_PACKAGE/04_trajectories_raw/data/processed/bellevue_150th_se38th/trajectories.parquet,916716833,874.249299,bellevue_150th_se38th,processed trajectory,false,true,P0,04_processed_trajectories_and_features/,track_id;frame;x;y;vx;vy;ax;ay,NOT_COMPUTED_LARGE_FILE_GT_268435456_BYTES
TNVD2_UPLOAD_PACKAGE/04_trajectories_raw/data/processed/bellevue_ne8th/trajectories.parquet,1784078265,1701.42962,bellevue_ne8th,processed trajectory,false,true,P0,04_processed_trajectories_and_features/,track_id;frame;x;y;vx;vy;ax;ay,NOT_COMPUTED_LARGE_FILE_GT_268435456_BYTES
TNVD2_UPLOAD_PACKAGE/05_trajectories_filtered_filled_smoothed/data/processed/bellevue_116th_ne12th/rebuild_v1/trajectories_filtered_filled.parquet,184976719,176.407546,bellevue_116th_ne12th,processed trajectory,false,true,P0,04_processed_trajectories_and_features/,track_id;frame;x;y;vx;vy;ax;ay;is_filled,9639b543f195325dc50ecf38ba91e23dc2cc5c5a80623dd735327795930aa38d
TNVD2_UPLOAD_PACKAGE/05_trajectories_filtered_filled_smoothed/data/processed/bellevue_116th_ne12th/rebuild_v1/trajectories_filtered_filled_audit.json,745,0.00071,bellevue_116th_ne12th,processed trajectory,false,true,P0,04_processed_trajectories_and_features/,,06533e9e9ba8d42401fc448a799a845fe8e3d2fe5b3b03b920afaba4039d75c3
TNVD2_UPLOAD_PACKAGE/05_trajectories_filtered_filled_smoothed/data/processed/bellevue_116th_ne12th/trajectories_filtered_filled.parquet,184976719,176.407546,bellevue_116th_ne12th,processed trajectory,false,true,P0,04_processed_trajectories_and_features/,track_id;frame;x;y;vx;vy;ax;ay;is_filled,9639b543f195325dc50ecf38ba91e23dc2cc5c5a80623dd735327795930aa38d
TNVD2_UPLOAD_PACKAGE/05_trajectories_filtered_filled_smoothed/data/processed/bellevue_150th_eastgate/experiments/eastgate_edge_touch_trim_v1/camera_space_filter/trajectories_filtered_filled.parquet,930185023,887.093566,bellevue_150th_eastgate,processed trajectory,false,true,P0,04_processed_trajectories_and_features/,track_id;frame;x;y;vx;vy;ax;ay;is_filled,NOT_COMPUTED_LARGE_FILE_GT_268435456_BYTES
TNVD2_UPLOAD_PACKAGE/05_trajectories_filtered_filled_smoothed/data/processed/bellevue_150th_eastgate/experiments/eastgate_edge_touch_trim_v1/trajectories_filtered_filled.parquet,1536493832,1465.314705,bellevue_150th_eastgate,processed trajectory,false,true,P0,04_processed_trajectories_and_features/,track_id;frame;x;y;vx;vy;ax;ay;is_filled,NOT_COMPUTED_LARGE_FILE_GT_268435456_BYTES
TNVD2_UPLOAD_PACKAGE/05_trajectories_filtered_filled_smoothed/data/processed/bellevue_150th_eastgate/experiments/eastgate_edge_touch_trim_v1/trajectories_filtered_filled_audit.json,844,0.000805,bellevue_150th_eastgate,processed trajectory,false,true,P0,04_processed_trajectories_and_features/,,ce29747255bda75fe30baaaf8582153a9c099d2602a1a6ee09a70ebf8d95328c
TNVD2_UPLOAD_PACKAGE/05_trajectories_filtered_filled_smoothed/data/processed/bellevue_150th_eastgate/trajectories_filtered_filled.parquet,1548025820,1476.312466,bellevue_150th_eastgate,processed trajectory,false,true,P0,04_processed_trajectories_and_features/,track_id;frame;x;y;vx;vy;ax;ay;is_filled,NOT_COMPUTED_LARGE_FILE_GT_268435456_BYTES
TNVD2_UPLOAD_PACKAGE/05_trajectories_filtered_filled_smoothed/data/processed/bellevue_150th_newport/trajectories_filtered_filled.parquet,963740534,919.094595,bellevue_150th_newport,processed trajectory,false,true,P0,04_processed_trajectories_and_features/,track_id;frame;x;y;vx;vy;ax;ay;is_filled,NOT_COMPUTED_LARGE_FILE_GT_268435456_BYTES
TNVD2_UPLOAD_PACKAGE/05_trajectories_filtered_filled_smoothed/data/processed/bellevue_150th_se38th/trajectories_filtered_filled.parquet,916465085,874.009213,bellevue_150th_se38th,processed trajectory,false,true,P0,04_processed_trajectories_and_features/,track_id;frame;x;y;vx;vy;ax;ay;is_filled,NOT_COMPUTED_LARGE_FILE_GT_268435456_BYTES
TNVD2_UPLOAD_PACKAGE/05_trajectories_filtered_filled_smoothed/data/processed/bellevue_ne8th/trajectories_filtered_filled.parquet,1782541612,1699.964153,bellevue_ne8th,processed trajectory,false,true,P0,04_processed_trajectories_and_features/,track_id;frame;x;y;vx;vy;ax;ay;is_filled,NOT_COMPUTED_LARGE_FILE_GT_268435456_BYTES
TNVD2_UPLOAD_PACKAGE/06_homography_map_correction/data/processed/bellevue_150th_eastgate/experiments/eastgate_edge_touch_trim_v1/topview/trajectories_filtered_filled.parquet,942551471,898.88713,bellevue_150th_eastgate,processed trajectory,false,true,P0,04_processed_trajectories_and_features/,track_id;frame;x;y;vx;vy;ax;ay;is_filled,NOT_COMPUTED_LARGE_FILE_GT_268435456_BYTES
TNVD2_UPLOAD_PACKAGE/06_homography_map_correction/data/processed/bellevue_150th_eastgate/experiments/eastgate_topview_homography_v1/audit/normalization_isotropic/labels_hdbscan.parquet,115815,0.11045,bellevue_150th_eastgate,trajectory/intermediate output,false,true,P2,04_processed_trajectories_and_features/,track_id;cluster_id,dda03e9aa0f06a740e24c717e8b2055e12817790aaf4d4ae76c67da914669b8c
TNVD2_UPLOAD_PACKAGE/06_homography_map_correction/data/processed/bellevue_150th_eastgate/experiments/eastgate_topview_homography_v1/audit/normalization_isotropic/labels_kmeans.parquet,116869,0.111455,bellevue_150th_eastgate,trajectory/intermediate output,false,true,P2,04_processed_trajectories_and_features/,track_id;cluster_id,48558e57b2eba466ebf891eac27e5d48195d5df01ef8916ffa4a12e948c76168
TNVD2_UPLOAD_PACKAGE/06_homography_map_correction/data/processed/bellevue_150th_eastgate/experiments/eastgate_topview_homography_v1/audit/normalization_isotropic/labels_optics.parquet,115347,0.110003,bellevue_150th_eastgate,trajectory/intermediate output,false,true,P2,04_processed_trajectories_and_features/,track_id;cluster_id,6b55ad272842b2ac853fb59a3230cb4a929fe04966a4c5a7a92ef09ae97dbf84
TNVD2_UPLOAD_PACKAGE/06_homography_map_correction/data/processed/bellevue_150th_eastgate/experiments/eastgate_topview_homography_v1/audit/normalization_none/labels_hdbscan.parquet,115815,0.11045,bellevue_150th_eastgate,trajectory/intermediate output,false,true,P2,04_processed_trajectories_and_features/,track_id;cluster_id,dda03e9aa0f06a740e24c717e8b2055e12817790aaf4d4ae76c67da914669b8c
TNVD2_UPLOAD_PACKAGE/06_homography_map_correction/data/processed/bellevue_150th_eastgate/experiments/eastgate_topview_homography_v1/audit/normalization_none/labels_kmeans.parquet,116869,0.111455,bellevue_150th_eastgate,trajectory/intermediate output,false,true,P2,04_processed_trajectories_and_features/,track_id;cluster_id,48558e57b2eba466ebf891eac27e5d48195d5df01ef8916ffa4a12e948c76168
TNVD2_UPLOAD_PACKAGE/06_homography_map_correction/data/processed/bellevue_150th_eastgate/experiments/eastgate_topview_homography_v1/audit/normalization_none/labels_optics.parquet,115347,0.110003,bellevue_150th_eastgate,trajectory/intermediate output,false,true,P2,04_processed_trajectories_and_features/,track_id;cluster_id,6b55ad272842b2ac853fb59a3230cb4a929fe04966a4c5a7a92ef09ae97dbf84
TNVD2_UPLOAD_PACKAGE/06_homography_map_correction/data/processed/bellevue_150th_eastgate/experiments/eastgate_topview_homography_v1/audit/normalization_standard/labels_hdbscan.parquet,116894,0.111479,bellevue_150th_eastgate,trajectory/intermediate output,false,true,P2,04_processed_trajectories_and_features/,track_id;cluster_id,6d8a828cfabf96c41d3a52b25cdddc70f80169067bfafa537dfb0e4693b4cc40
TNVD2_UPLOAD_PACKAGE/06_homography_map_correction/data/processed/bellevue_150th_eastgate/experiments/eastgate_topview_homography_v1/audit/normalization_standard/labels_kmeans.parquet,116873,0.111459,bellevue_150th_eastgate,trajectory/intermediate output,false,true,P2,04_processed_trajectories_and_features/,track_id;cluster_id,2c1cec00ddbc1cc61e7e1a5698006ab033588f1ba2dd68b80a0e2783f3bc1af5
TNVD2_UPLOAD_PACKAGE/06_homography_map_correction/data/processed/bellevue_150th_eastgate/experiments/eastgate_topview_homography_v1/audit/normalization_standard/labels_optics.parquet,115661,0.110303,bellevue_150th_eastgate,trajectory/intermediate output,false,true,P2,04_processed_trajectories_and_features/,track_id;cluster_id,2036729a6e58a54db65ba61770828a0c059dd145d16d81dbb5eec6e7e6847f22
TNVD2_UPLOAD_PACKAGE/06_homography_map_correction/data/processed/bellevue_150th_eastgate/experiments/eastgate_topview_homography_v1/trajectories_filtered_filled.parquet,1574157974,1501.23403,bellevue_150th_eastgate,processed trajectory,false,true,P0,04_processed_trajectories_and_features/,track_id;frame;x;y;vx;vy;ax;ay;is_filled,NOT_COMPUTED_LARGE_FILE_GT_268435456_BYTES
TNVD2_UPLOAD_PACKAGE/06_homography_map_correction/data/processed/bellevue_150th_eastgate/experiments/eastgate_topview_prewarp_displacement_v1/camera_space_filter/selected_tracks.parquet,2339524,2.231144,bellevue_150th_eastgate,tracker output,false,true,P1,03_yolo_tracking_outputs/,track_id;start_x;start_y;end_x;end_y;displacement;displacement_norm,0f55751b17910c2c93f6e700d4d0b849fe580c348bf704741f1414c71e58bee1
TNVD2_UPLOAD_PACKAGE/06_homography_map_correction/data/processed/bellevue_150th_eastgate/experiments/eastgate_topview_prewarp_displacement_v1/camera_space_filter/trajectories_filtered_filled.parquet,937591548,894.156979,bellevue_150th_eastgate,processed trajectory,false,true,P0,04_processed_trajectories_and_features/,track_id;frame;x;y;vx;vy;ax;ay;is_filled,NOT_COMPUTED_LARGE_FILE_GT_268435456_BYTES
TNVD2_UPLOAD_PACKAGE/06_homography_map_correction/data/processed/bellevue_150th_eastgate/experiments/eastgate_topview_prewarp_displacement_v1/trajectories_filtered_filled.parquet,949512224,905.525421,bellevue_150th_eastgate,processed trajectory,false,true,P0,04_processed_trajectories_and_features/,track_id;frame;x;y;vx;vy;ax;ay;is_filled,NOT_COMPUTED_LARGE_FILE_GT_268435456_BYTES
TNVD2_UPLOAD_PACKAGE/06_homography_map_correction/data/processed/bellevue_150th_newport/experiments/newport_topview_prewarp_displacement_v1/camera_space_filter/selected_tracks.parquet,1093364,1.042713,bellevue_150th_newport,tracker output,false,true,P1,03_yolo_tracking_outputs/,track_id;start_x;start_y;end_x;end_y;displacement;displacement_norm,7b254005952529fedfb37151fb3fd8e64cd48aa7e8025e053d29da056c0bbe67
TNVD2_UPLOAD_PACKAGE/06_homography_map_correction/data/processed/bellevue_150th_newport/experiments/newport_topview_prewarp_displacement_v1/camera_space_filter/trajectories_filtered_filled.parquet,367676732,350.643856,bellevue_150th_newport,processed trajectory,false,true,P0,04_processed_trajectories_and_features/,track_id;frame;x;y;vx;vy;ax;ay;is_filled,NOT_COMPUTED_LARGE_FILE_GT_268435456_BYTES
TNVD2_UPLOAD_PACKAGE/06_homography_map_correction/data/processed/bellevue_150th_newport/experiments/newport_topview_prewarp_displacement_v1/trajectories_filtered_filled.parquet,371265856,354.066711,bellevue_150th_newport,processed trajectory,false,true,P0,04_processed_trajectories_and_features/,track_id;frame;x;y;vx;vy;ax;ay;is_filled,NOT_COMPUTED_LARGE_FILE_GT_268435456_BYTES
TNVD2_UPLOAD_PACKAGE/06_homography_map_correction/data/processed/bellevue_150th_se38th/experiments/se38th_topview_prewarp_displacement_v1/camera_space_filter/selected_tracks.parquet,1329642,1.268045,bellevue_150th_se38th,tracker output,false,true,P1,03_yolo_tracking_outputs/,track_id;start_x;start_y;end_x;end_y;displacement;displacement_norm,d257bf671a744b645122ba54745853746a9d889f7414bc4ba6c5509d1fa85d8a
TNVD2_UPLOAD_PACKAGE/06_homography_map_correction/data/processed/bellevue_150th_se38th/experiments/se38th_topview_prewarp_displacement_v1/camera_space_filter/trajectories_filtered_filled.parquet,579570548,552.721546,bellevue_150th_se38th,processed trajectory,false,true,P0,04_processed_trajectories_and_features/,track_id;frame;x;y;vx;vy;ax;ay;is_filled,NOT_COMPUTED_LARGE_FILE_GT_268435456_BYTES
TNVD2_UPLOAD_PACKAGE/06_homography_map_correction/data/processed/bellevue_150th_se38th/experiments/se38th_topview_prewarp_displacement_v1/trajectories_filtered_filled.parquet,586954791,559.763709,bellevue_150th_se38th,processed trajectory,false,true,P0,04_processed_trajectories_and_features/,track_id;frame;x;y;vx;vy;ax;ay;is_filled,NOT_COMPUTED_LARGE_FILE_GT_268435456_BYTES
TNVD2_UPLOAD_PACKAGE/09_metadata_and_statistics/Traffic_Node_Video_Dataset_2_0_2026/07_RESULTS_AND_STATISTICS/detection_statistics_yolov11x.csv,84,8e-05,,detector summary/statistics,false,true,P2,02_yolov11x_detections/,,3afd97e12e7a28dbcc93ed9997041cb7586c2b4605479356cb1dc847adc02c8d
TNVD2_UPLOAD_PACKAGE/09_metadata_and_statistics/Traffic_Node_Video_Dataset_2_0_2026/07_RESULTS_AND_STATISTICS/track_length_statistics.csv,66,6.3e-05,,tracker output,false,true,P1,03_yolo_tracking_outputs/,,ffdb574405fd6333a8c7116042282324c6be3e40ffabb52a5581e5f7b299cf8c
TNVD2_UPLOAD_PACKAGE/09_metadata_and_statistics/Traffic_Node_Video_Dataset_2_0_2026/07_RESULTS_AND_STATISTICS/trajectory_statistics_raw_vs_filtered.csv,363,0.000346,,trajectory/intermediate output,false,true,P1,04_processed_trajectories_and_features/,,a8b80221800098ec506df3a75e595c8102b787eb3579dca4afbfc972f34ded91
TNVD2_UPLOAD_PACKAGE/09_metadata_and_statistics/traffic_node_dataset_2_0_starter_pack/tnvd2_starter_pack/schemas/detection_schema.csv,119,0.000113,,schema/metadata only,false,true,P2,08_reproducibility_configs_and_manifests/,,5139114c5701972fec84567f0a649c4ce3897a2fd839973fd432cad2d009f63f
TNVD2_UPLOAD_PACKAGE/09_metadata_and_statistics/traffic_node_dataset_2_0_starter_pack/tnvd2_starter_pack/schemas/trajectory_schema.csv,194,0.000185,,schema/metadata only,false,true,P2,08_reproducibility_configs_and_manifests/,,fbc446d509b4f7ffa6f5a8f0d533747276eb558ee5f3cba32f81f9773a939d4e
Traffic_Node_Video_Dataset_2_0_2026/07_RESULTS_AND_STATISTICS/detection_statistics_yolov11x.csv,84,8e-05,,detector summary/statistics,false,true,P2,02_yolov11x_detections/,,3afd97e12e7a28dbcc93ed9997041cb7586c2b4605479356cb1dc847adc02c8d
Traffic_Node_Video_Dataset_2_0_2026/07_RESULTS_AND_STATISTICS/track_length_statistics.csv,66,6.3e-05,,tracker output,false,true,P1,03_yolo_tracking_outputs/,,ffdb574405fd6333a8c7116042282324c6be3e40ffabb52a5581e5f7b299cf8c
Traffic_Node_Video_Dataset_2_0_2026/07_RESULTS_AND_STATISTICS/trajectory_statistics_raw_vs_filtered.csv,363,0.000346,,trajectory/intermediate output,false,true,P1,04_processed_trajectories_and_features/,,a8b80221800098ec506df3a75e595c8102b787eb3579dca4afbfc972f34ded91
data/interim/bellevue_116th_ne12th/rebuild_v1/tracks.parquet,288370349,275.011395,bellevue_116th_ne12th,tracker output,false,true,P1,03_yolo_tracking_outputs/,frame;track_id;cls;conf;cx;cy;w;h,NOT_COMPUTED_LARGE_FILE_GT_268435456_BYTES
data/interim/bellevue_116th_ne12th/tracks_Bellevue_116th_NE12th__2017-09-10_19-08-25.parquet,44560171,42.495891,bellevue_116th_ne12th,tracker output,false,true,P1,03_yolo_tracking_outputs/,frame;track_id;cls;conf;cx;cy;w;h,b068313f869dc5d2b8e2b963b295a74593b61bb348d9cc1d6c849b6323eb1c7b
data/interim/bellevue_116th_ne12th/tracks_Bellevue_116th_NE12th__2017-09-10_20-09-12.parquet,11057412,10.54517,bellevue_116th_ne12th,tracker output,false,true,P1,03_yolo_tracking_outputs/,frame;track_id;cls;conf;cx;cy;w;h,bd0eca29c673aaa26f1307a0d5e552648ad838e51d238d58240912d393824c9f
data/interim/bellevue_116th_ne12th/tracks_Bellevue_116th_NE12th__2017-09-10_21-08-54.parquet,20254237,19.315946,bellevue_116th_ne12th,tracker output,false,true,P1,03_yolo_tracking_outputs/,frame;track_id;cls;conf;cx;cy;w;h,ad024efff91a68a4ef554cfa6a9f07d34a845d242770952037688b6bfa5e6317
data/interim/bellevue_116th_ne12th/tracks_Bellevue_116th_NE12th__2017-09-10_22-08-50.parquet,3411991,3.253928,bellevue_116th_ne12th,tracker output,false,true,P1,03_yolo_tracking_outputs/,frame;track_id;cls;conf;cx;cy;w;h,a028f4409d9ccbf84e99b842174cdb2713d4b2169522ac1718dd4320e2344500
data/interim/bellevue_116th_ne12th/tracks_Bellevue_116th_NE12th__2017-09-10_23-08-29.parquet,20735095,19.774528,bellevue_116th_ne12th,tracker output,false,true,P1,03_yolo_tracking_outputs/,frame;track_id;cls;conf;cx;cy;w;h,31046a227dc21d93d0d18b6bf3310b914743b8f9bd6b32b0acce705bc0a42f3a
data/interim/bellevue_116th_ne12th/tracks_Bellevue_116th_NE12th__2017-09-11_00-08-29.parquet,14572568,13.897484,bellevue_116th_ne12th,tracker output,false,true,P1,03_yolo_tracking_outputs/,frame;track_id;cls;conf;cx;cy;w;h,500469495ba5fcd1a3a20a03d89707045e0ea04d0bd2d22ea56bba1004bef881
data/interim/bellevue_116th_ne12th/tracks_Bellevue_116th_NE12th__2017-09-11_01-08-29.parquet,18262116,17.416111,bellevue_116th_ne12th,tracker output,false,true,P1,03_yolo_tracking_outputs/,frame;track_id;cls;conf;cx;cy;w;h,98dee9b6c58875db2988b453d0d8ea7764549ac1917a4f31d44f7b34fe7d6701
data/interim/bellevue_116th_ne12th/tracks_Bellevue_116th_NE12th__2017-09-11_02-08-32.parquet,19410341,18.511144,bellevue_116th_ne12th,tracker output,false,true,P1,03_yolo_tracking_outputs/,frame;track_id;cls;conf;cx;cy;w;h,710673b84aaa8f1af4d66fd40e10a1a1a19e5b902b6a83e64fe10a7c051c01c9
data/interim/bellevue_116th_ne12th/tracks_Bellevue_116th_NE12th__2017-09-11_03-08-30.parquet,18814653,17.943051,bellevue_116th_ne12th,tracker output,false,true,P1,03_yolo_tracking_outputs/,frame;track_id;cls;conf;cx;cy;w;h,bc7bfd0e5d9ee3acfd5e692ed8947ab221424b264b93e07dd47222e7cd1bb028
data/interim/bellevue_116th_ne12th/tracks_Bellevue_116th_NE12th__2017-09-11_04-08-30.parquet,19097559,18.212852,bellevue_116th_ne12th,tracker output,false,true,P1,03_yolo_tracking_outputs/,frame;track_id;cls;conf;cx;cy;w;h,5b273d89279518df0c5b45e146bf99f90e8ba636310052acfb3e1a56e9f06fbb
data/interim/bellevue_116th_ne12th/tracks_Bellevue_116th_NE12th__2017-09-11_05-08-39.parquet,2647879,2.525214,bellevue_116th_ne12th,tracker output,false,true,P1,03_yolo_tracking_outputs/,frame;track_id;cls;conf;cx;cy;w;h,7cad8be3aa6400780031430bdb06490c5f3a232765dc54678719812f42104e10
data/interim/bellevue_116th_ne12th/tracks_Bellevue_116th_NE12th__2017-09-11_06-08-30.parquet,45737568,43.618744,bellevue_116th_ne12th,tracker output,false,true,P1,03_yolo_tracking_outputs/,frame;track_id;cls;conf;cx;cy;w;h,82e7a98ace5199dac4435b6b0dd66b824bc4fc8bd861d035d4e05fab98dac21c
data/interim/bellevue_116th_ne12th/tracks_Bellevue_116th_NE12th__2017-09-11_07-08-32.parquet,7364979,7.023791,bellevue_116th_ne12th,tracker output,false,true,P1,03_yolo_tracking_outputs/,frame;track_id;cls;conf;cx;cy;w;h,19ce48e32336e20f4a77b2d0658e4809a5ae183af17e040be193a5db3836f3e4
data/interim/bellevue_116th_ne12th/tracks_Bellevue_116th_NE12th__2017-09-11_08-08-50.parquet,10796962,10.296785,bellevue_116th_ne12th,tracker output,false,true,P1,03_yolo_tracking_outputs/,frame;track_id;cls;conf;cx;cy;w;h,f09b55a9714ffea3b9935e5f5e8815f547597b9e70890c15d7eecee07ec55b2d
data/interim/bellevue_116th_ne12th/tracks_Bellevue_116th_NE12th__2017-09-11_09-08-31.parquet,16610387,15.840899,bellevue_116th_ne12th,tracker output,false,true,P1,03_yolo_tracking_outputs/,frame;track_id;cls;conf;cx;cy;w;h,f027f92f637b60224108e0ad6d60dd1a1022a6b41d6228ebe5ccaa4cf5bd6a02
data/interim/bellevue_116th_ne12th/tracks_Bellevue_116th_NE12th__2017-09-11_11-08-33.parquet,7639072,7.285187,bellevue_116th_ne12th,tracker output,false,true,P1,03_yolo_tracking_outputs/,frame;track_id;cls;conf;cx;cy;w;h,03b7df7a15e1f69481092dc232a668c1077ddaff1d0c23f1367d7233c52266df
data/interim/bellevue_116th_ne12th/tracks_Bellevue_116th_NE12th__2017-09-11_12-08-33.parquet,3370681,3.214532,bellevue_116th_ne12th,tracker output,false,true,P1,03_yolo_tracking_outputs/,frame;track_id;cls;conf;cx;cy;w;h,9ec79cf3a96c5fc8b9d57c1b4ace402f277e5c1e7398fedf6e915608d21fe4b5
data/interim/bellevue_116th_ne12th/tracks_Bellevue_116th_NE12th__2017-09-11_14-08-35.parquet,13700687,13.065993,bellevue_116th_ne12th,tracker output,false,true,P1,03_yolo_tracking_outputs/,frame;track_id;cls;conf;cx;cy;w;h,45fcf7fad4394a48836e25206337e3d6a84d3187b7e35479d29e49d57b9f48a4
data/interim/bellevue_116th_ne12th/tracks_Bellevue_116th_NE12th__2017-09-11_15-08-36.parquet,1923665,1.83455,bellevue_116th_ne12th,tracker output,false,true,P1,03_yolo_tracking_outputs/,frame;track_id;cls;conf;cx;cy;w;h,bf60f217ecb6613a08632bae1291702101c40bf337efdfad4b545726333adb3c
data/interim/bellevue_116th_ne12th/tracks_Bellevue_116th_NE12th__2017-09-11_16-08-37.parquet,1559341,1.487103,bellevue_116th_ne12th,tracker output,false,true,P1,03_yolo_tracking_outputs/,frame;track_id;cls;conf;cx;cy;w;h,d46c4505bf2934681fc6007f63febb43599e401d8ca989cd7f47e7f77aaeb946
data/interim/bellevue_116th_ne12th/tracks_Bellevue_116th_NE12th__2017-09-11_17-08-39.parquet,6677951,6.36859,bellevue_116th_ne12th,tracker output,false,true,P1,03_yolo_tracking_outputs/,frame;track_id;cls;conf;cx;cy;w;h,4fb712a97f51996819b7a6943774c03e29bb4a887070d304398d0ad9817d86f3
data/interim/bellevue_150th_eastgate/tracks_Bellevue_150th_Eastgate__2017-09-10_18-08-24.parquet,48668164,46.413578,bellevue_150th_eastgate,tracker output,false,true,P1,03_yolo_tracking_outputs/,frame;track_id;cls;conf;cx;cy;w;h,a5851be8fb6e11ebcc4d0db87b3abd9cc821a837f4107a27b24c495539a9ad20
data/interim/bellevue_150th_eastgate/tracks_Bellevue_150th_Eastgate__2017-09-10_19-08-25.parquet,70502892,67.236797,bellevue_150th_eastgate,tracker output,false,true,P1,03_yolo_tracking_outputs/,frame;track_id;cls;conf;cx;cy;w;h,1b91b8fdb3a5f7f5bcbd4b055cba1040a3419bec5f33c23ca3fc0bc21900e00c
data/interim/bellevue_150th_eastgate/tracks_Bellevue_150th_Eastgate__2017-09-10_20-08-25.parquet,30040502,28.648855,bellevue_150th_eastgate,tracker output,false,true,P1,03_yolo_tracking_outputs/,frame;track_id;cls;conf;cx;cy;w;h,98223fe48b4485b0d5207516b8df6939a9408530976c4b2354f8f45f9a171b56
data/interim/bellevue_150th_eastgate/tracks_Bellevue_150th_Eastgate__2017-09-10_21-08-28.parquet,25989261,24.785291,bellevue_150th_eastgate,tracker output,false,true,P1,03_yolo_tracking_outputs/,frame;track_id;cls;conf;cx;cy;w;h,5f839f830624624088aadbb263be7e301694e14c53345322d93953405e3ee7ed
data/interim/bellevue_150th_eastgate/tracks_Bellevue_150th_Eastgate__2017-09-10_22-08-28.parquet,21803919,20.793838,bellevue_150th_eastgate,tracker output,false,true,P1,03_yolo_tracking_outputs/,frame;track_id;cls;conf;cx;cy;w;h,c144bbe5d8d0220df34bab8e5ccc6d00c520b0ea96ba467c137a7edd38b3c387
data/interim/bellevue_150th_eastgate/tracks_Bellevue_150th_Eastgate__2017-09-10_23-08-29.parquet,18194941,17.352048,bellevue_150th_eastgate,tracker output,false,true,P1,03_yolo_tracking_outputs/,frame;track_id;cls;conf;cx;cy;w;h,a159827ee97ac3d070f83fc3cfc9b58bca48ce7cfb488f4aa643b807347ca6ad
data/interim/bellevue_150th_eastgate/tracks_Bellevue_150th_Eastgate__2017-09-11_00-08-29.parquet,14977038,14.283216,bellevue_150th_eastgate,tracker output,false,true,P1,03_yolo_tracking_outputs/,frame;track_id;cls;conf;cx;cy;w;h,7962c8623350ba1a7f04a25cea7452bdd1e1fd2585149550260b1bd3f0bbe7f6
data/interim/bellevue_150th_eastgate/tracks_Bellevue_150th_Eastgate__2017-09-11_01-08-29.parquet,13193689,12.582482,bellevue_150th_eastgate,tracker output,false,true,P1,03_yolo_tracking_outputs/,frame;track_id;cls;conf;cx;cy;w;h,03f29eba8ca1369c7352c65497a5fd006bcf823c2997a3e750434260b83e2159
data/interim/bellevue_150th_eastgate/tracks_Bellevue_150th_Eastgate__2017-09-11_02-08-29.parquet,13614567,12.983863,bellevue_150th_eastgate,tracker output,false,true,P1,03_yolo_tracking_outputs/,frame;track_id;cls;conf;cx;cy;w;h,c007befe03a8daa793d8a9b55c4a229c0d1f671404ad1087ea08695929f6641c
data/interim/bellevue_150th_eastgate/tracks_Bellevue_150th_Eastgate__2017-09-11_03-08-30.parquet,14210601,13.552285,bellevue_150th_eastgate,tracker output,false,true,P1,03_yolo_tracking_outputs/,frame;track_id;cls;conf;cx;cy;w;h,98865d4c6cc1e64ebb838259476f06928c02c65942dd2ba098c371395ef5e77d
data/interim/bellevue_150th_eastgate/tracks_Bellevue_150th_Eastgate__2017-09-11_04-08-29.parquet,15128897,14.428041,bellevue_150th_eastgate,tracker output,false,true,P1,03_yolo_tracking_outputs/,frame;track_id;cls;conf;cx;cy;w;h,0eb007751f85fd7de5e9b8d2ae07faebd29562dd4ab6094e1e13071b4c9b575f
data/interim/bellevue_150th_eastgate/tracks_Bellevue_150th_Eastgate__2017-09-11_05-08-30.parquet,22001444,20.982212,bellevue_150th_eastgate,tracker output,false,true,P1,03_yolo_tracking_outputs/,frame;track_id;cls;conf;cx;cy;w;h,efaaf64874fd5ab557c96f99befb692f6ce6f7d5b4807ddc99cd3baf8300c337
data/interim/bellevue_150th_eastgate/tracks_Bellevue_150th_Eastgate__2017-09-11_06-08-30.parquet,71935223,68.602775,bellevue_150th_eastgate,tracker output,false,true,P1,03_yolo_tracking_outputs/,frame;track_id;cls;conf;cx;cy;w;h,a08e3b826e33870e283435c8f7fec2f4044ba58ab642e8a411163eb8f4206ac4
data/interim/bellevue_150th_eastgate/tracks_Bellevue_150th_Eastgate__2017-09-11_07-08-31.parquet,78160851,74.539996,bellevue_150th_eastgate,tracker output,false,true,P1,03_yolo_tracking_outputs/,frame;track_id;cls;conf;cx;cy;w;h,135e16ba4797365ed168a2fd0b393e9b1892a97af6996599b341492f7c3df771
data/interim/bellevue_150th_eastgate/tracks_Bellevue_150th_Eastgate__2017-09-11_08-08-31.parquet,95623736,91.193901,bellevue_150th_eastgate,tracker output,false,true,P1,03_yolo_tracking_outputs/,frame;track_id;cls;conf;cx;cy;w;h,da616472ea735037397fd9e713573c5eea26b05f359c7672e99e077b38cfdff4
data/interim/bellevue_150th_eastgate/tracks_Bellevue_150th_Eastgate__2017-09-11_09-08-31.parquet,94423253,90.049031,bellevue_150th_eastgate,tracker output,false,true,P1,03_yolo_tracking_outputs/,frame;track_id;cls;conf;cx;cy;w;h,b56bcf862fc055d527ecdd02c280ba9afd7f6976afa1a9d68b1ca1f5013891e9
data/interim/bellevue_150th_eastgate/tracks_Bellevue_150th_Eastgate__2017-09-11_10-08-31.parquet,77483200,73.893738,bellevue_150th_eastgate,tracker output,false,true,P1,03_yolo_tracking_outputs/,frame;track_id;cls;conf;cx;cy;w;h,0ed730759a0908fc1e69ec013eabc89db74ff9e8a260f409a89d7e9c3c8d9432
data/interim/bellevue_150th_eastgate/tracks_Bellevue_150th_Eastgate__2017-09-11_11-08-32.parquet,74113111,70.67977,bellevue_150th_eastgate,tracker output,false,true,P1,03_yolo_tracking_outputs/,frame;track_id;cls;conf;cx;cy;w;h,c57f7c584ccd78e6b38522007e7d7d8b12cbf9f8fc9d930793ae20e83cc81197
data/interim/bellevue_150th_eastgate/tracks_Bellevue_150th_Eastgate__2017-09-11_12-08-32.parquet,77966227,74.354388,bellevue_150th_eastgate,tracker output,false,true,P1,03_yolo_tracking_outputs/,frame;track_id;cls;conf;cx;cy;w;h,a8537a6426e5fe7f80602ce6389ddf1fbba82e79da5c41cb3f80dc6fceb5afdf
data/interim/bellevue_150th_eastgate/tracks_Bellevue_150th_Eastgate__2017-09-11_13-08-32.parquet,63014023,60.094855,bellevue_150th_eastgate,tracker output,false,true,P1,03_yolo_tracking_outputs/,frame;track_id;cls;conf;cx;cy;w;h,50220857fc390e50af633a12d3454dad2c14eccb17ee40fe11714687d8d4dd55
data/interim/bellevue_150th_eastgate/tracks_Bellevue_150th_Eastgate__2017-09-11_14-08-31.parquet,69616431,66.391402,bellevue_150th_eastgate,tracker output,false,true,P1,03_yolo_tracking_outputs/,frame;track_id;cls;conf;cx;cy;w;h,e76a7c0917b10fbb0b0dba5c9de1f947aee995c2a7fd8edca96ea1955f8257f4
data/interim/bellevue_150th_eastgate/tracks_Bellevue_150th_Eastgate__2017-09-11_15-08-33.parquet,77787273,74.183724,bellevue_150th_eastgate,tracker output,false,true,P1,03_yolo_tracking_outputs/,frame;track_id;cls;conf;cx;cy;w;h,1f0d7e2bea2ad1be56eb64c89c5f9d69a400637d54ebec0eb89b4ffabca64e4b
data/interim/bellevue_150th_eastgate/tracks_Bellevue_150th_Eastgate__2017-09-11_16-08-33.parquet,80355912,76.633369,bellevue_150th_eastgate,tracker output,false,true,P1,03_yolo_tracking_outputs/,frame;track_id;cls;conf;cx;cy;w;h,10eb76b071328bb0a0a59fa7b3333baa776852dd9663aa10f750dcd149e93b53
data/interim/bellevue_150th_eastgate/tracks_Bellevue_150th_Eastgate__2017-09-11_17-08-33.parquet,91800929,87.548188,bellevue_150th_eastgate,tracker output,false,true,P1,03_yolo_tracking_outputs/,frame;track_id;cls;conf;cx;cy;w;h,a602f3581f20684f1d28a25d02914cd885b9f891b37707350e1cdd5896156e84
data/interim/bellevue_150th_newport/tracks_Bellevue_150th_Newport__2017-09-10_18-08-24.parquet,53018414,50.5623,bellevue_150th_newport,tracker output,false,true,P1,03_yolo_tracking_outputs/,frame;track_id;cls;conf;cx;cy;w;h,6c4b061efc692cd8f4772c96e7f37d7fc29d2cc41212f38f1d51dbf54daaf67e
data/interim/bellevue_150th_newport/tracks_Bellevue_150th_Newport__2017-09-10_19-08-24.parquet,55223650,52.665377,bellevue_150th_newport,tracker output,false,true,P1,03_yolo_tracking_outputs/,frame;track_id;cls;conf;cx;cy;w;h,6d69506aeebbd30877a04f7867c6c0a170d614c317d6a5e8d29c4586102344ad
data/interim/bellevue_150th_newport/tracks_Bellevue_150th_Newport__2017-09-10_20-08-25.parquet,23238513,22.161973,bellevue_150th_newport,tracker output,false,true,P1,03_yolo_tracking_outputs/,frame;track_id;cls;conf;cx;cy;w;h,140d567ff3aadadd18303be27f8ed367bd196e55fca75882127f2215a5d48478
data/interim/bellevue_150th_newport/tracks_Bellevue_150th_Newport__2017-09-10_21-08-28.parquet,19618159,18.709334,bellevue_150th_newport,tracker output,false,true,P1,03_yolo_tracking_outputs/,frame;track_id;cls;conf;cx;cy;w;h,d73bc30993214f3734ffc07c52b16becc04c3ba308a117d5d5068b61a81cf400
data/interim/bellevue_150th_newport/tracks_Bellevue_150th_Newport__2017-09-10_22-08-28.parquet,16250283,15.497478,bellevue_150th_newport,tracker output,false,true,P1,03_yolo_tracking_outputs/,frame;track_id;cls;conf;cx;cy;w;h,ce7b06f65720f2898403af4d7b70ec5e2f2f3d2377bc1f7e384c0391e9256aa8
data/interim/bellevue_150th_newport/tracks_Bellevue_150th_Newport__2017-09-10_23-08-29.parquet,15582849,14.860963,bellevue_150th_newport,tracker output,false,true,P1,03_yolo_tracking_outputs/,frame;track_id;cls;conf;cx;cy;w;h,c140cc9d3b2dfb4cdca6dfd297350767d6683c761b01472d11f666b95b9e6129
data/interim/bellevue_150th_newport/tracks_Bellevue_150th_Newport__2017-09-11_00-08-29.parquet,15044385,14.347444,bellevue_150th_newport,tracker output,false,true,P1,03_yolo_tracking_outputs/,frame;track_id;cls;conf;cx;cy;w;h,a7edc5854c4b3d28b7f7dab7242e8feddab0d675405da66a8b1e25be2fd3a0eb
data/interim/bellevue_150th_newport/tracks_Bellevue_150th_Newport__2017-09-11_01-08-29.parquet,13597838,12.967909,bellevue_150th_newport,tracker output,false,true,P1,03_yolo_tracking_outputs/,frame;track_id;cls;conf;cx;cy;w;h,2d1ee51bebe7b270e578fd33112414e220efe83d44ec83b4d0e0bfb2b77c0f61
data/interim/bellevue_150th_newport/tracks_Bellevue_150th_Newport__2017-09-11_02-08-29.parquet,14665220,13.985844,bellevue_150th_newport,tracker output,false,true,P1,03_yolo_tracking_outputs/,frame;track_id;cls;conf;cx;cy;w;h,d115b2ce42c2b365724019af55f85d0b0a80efe2f5434c4664790bd010936c91
data/interim/bellevue_150th_newport/tracks_Bellevue_150th_Newport__2017-09-11_03-08-29.parquet,14794885,14.109502,bellevue_150th_newport,tracker output,false,true,P1,03_yolo_tracking_outputs/,frame;track_id;cls;conf;cx;cy;w;h,d50f7fa0a6bd7e46434b1939f77a7278d434b8c7ced349450f21f04e375b5d61
data/interim/bellevue_150th_newport/tracks_Bellevue_150th_Newport__2017-09-11_04-08-29.parquet,15328424,14.618324,bellevue_150th_newport,tracker output,false,true,P1,03_yolo_tracking_outputs/,frame;track_id;cls;conf;cx;cy;w;h,c557eb0fb1a290a265fe6758d74f536543ae33a20c46e14ecc8fb35e2b4c2ae3
data/interim/bellevue_150th_newport/tracks_Bellevue_150th_Newport__2017-09-11_05-08-29.parquet,17537111,16.724692,bellevue_150th_newport,tracker output,false,true,P1,03_yolo_tracking_outputs/,frame;track_id;cls;conf;cx;cy;w;h,878d22f41b39acce82f062ea825b396b49ab6fd68d48a72c7af90a1b9a275730
data/interim/bellevue_150th_newport/tracks_Bellevue_150th_Newport__2017-09-11_06-08-30.parquet,58529538,55.818117,bellevue_150th_newport,tracker output,false,true,P1,03_yolo_tracking_outputs/,frame;track_id;cls;conf;cx;cy;w;h,55b62238aa8fe63033becd1022859631887675f09564d44397397c3b4c935025
data/interim/bellevue_150th_newport/tracks_Bellevue_150th_Newport__2017-09-11_07-08-31.parquet,82439090,78.620043,bellevue_150th_newport,tracker output,false,true,P1,03_yolo_tracking_outputs/,frame;track_id;cls;conf;cx;cy;w;h,e85f8a20e1191ebe18216bf901ee658d7448123534250d8a4e25b2ec3dd61e0d
data/interim/bellevue_150th_newport/tracks_Bellevue_150th_Newport__2017-09-11_08-08-31.parquet,86029956,82.044559,bellevue_150th_newport,tracker output,false,true,P1,03_yolo_tracking_outputs/,frame;track_id;cls;conf;cx;cy;w;h,a4ab3097b6c3039d83f52960ac1ebcd38a4cc5592a216c3ec86157436e04ae33
data/interim/bellevue_150th_newport/tracks_Bellevue_150th_Newport__2017-09-11_09-08-30.parquet,58489016,55.779472,bellevue_150th_newport,tracker output,false,true,P1,03_yolo_tracking_outputs/,frame;track_id;cls;conf;cx;cy;w;h,a7e0c785b2b90ae03ab45c7948a8090e90bb4b3d6c5ba4f1e4c15092796e6f82
data/interim/bellevue_150th_newport/tracks_Bellevue_150th_Newport__2017-09-11_10-08-31.parquet,45423079,43.318824,bellevue_150th_newport,tracker output,false,true,P1,03_yolo_tracking_outputs/,frame;track_id;cls;conf;cx;cy;w;h,0a13563ec3dbf6628ac60c6ff3d085418c3668d9f895b42091b49b8cfc2ff5fa
data/interim/bellevue_150th_newport/tracks_Bellevue_150th_Newport__2017-09-11_11-08-32.parquet,37745900,35.997295,bellevue_150th_newport,tracker output,false,true,P1,03_yolo_tracking_outputs/,frame;track_id;cls;conf;cx;cy;w;h,9e39f7c015ffe817bb0c2b3e12eaed53dde1dbc326d27612f23fea13d117ba2e
data/interim/bellevue_150th_newport/tracks_Bellevue_150th_Newport__2017-09-11_12-08-32.parquet,39475495,37.646766,bellevue_150th_newport,tracker output,false,true,P1,03_yolo_tracking_outputs/,frame;track_id;cls;conf;cx;cy;w;h,ace8a144a2c741c42f8efc01fda37b767632f6583b008a4e1a87a0fc6e22b571
data/interim/bellevue_150th_newport/tracks_Bellevue_150th_Newport__2017-09-11_13-08-32.parquet,36709794,35.009188,bellevue_150th_newport,tracker output,false,true,P1,03_yolo_tracking_outputs/,frame;track_id;cls;conf;cx;cy;w;h,51762120050a66e2bb2f7d62f40e1e5136b2a21858e6bd20e54a3f0cd00e63e3
data/interim/bellevue_150th_newport/tracks_Bellevue_150th_Newport__2017-09-11_14-08-31.parquet,51144336,48.77504,bellevue_150th_newport,tracker output,false,true,P1,03_yolo_tracking_outputs/,frame;track_id;cls;conf;cx;cy;w;h,b8ea9556b0dc79b7f6ded64e016542d521b1712e6a2795e49e2a7e4cfcacd6d1
data/interim/bellevue_150th_newport/tracks_Bellevue_150th_Newport__2017-09-11_15-08-32.parquet,72257690,68.910303,bellevue_150th_newport,tracker output,false,true,P1,03_yolo_tracking_outputs/,frame;track_id;cls;conf;cx;cy;w;h,b00a4545959d33395b64c9c12d00b9353d2996bc3481161c113941dcbebeb74d
data/interim/bellevue_150th_newport/tracks_Bellevue_150th_Newport__2017-09-11_16-08-32.parquet,69997777,66.755082,bellevue_150th_newport,tracker output,false,true,P1,03_yolo_tracking_outputs/,frame;track_id;cls;conf;cx;cy;w;h,baa75e3098f6a58a091bb1bd08c328119aaba28566388a524468aae8900bce1e
data/interim/bellevue_150th_newport/tracks_Bellevue_150th_Newport__2017-09-11_17-08-32.parquet,77270505,73.690896,bellevue_150th_newport,tracker output,false,true,P1,03_yolo_tracking_outputs/,frame;track_id;cls;conf;cx;cy;w;h,1eec07e5048deb806ac8a604a72796b39a6a469572e17bc10d8c56b2fe65dec4
data/interim/bellevue_150th_se38th/tracks_Bellevue_150th_SE38th__2017-09-10_18-08-24.parquet,70059896,66.814323,bellevue_150th_se38th,tracker output,false,true,P1,03_yolo_tracking_outputs/,frame;track_id;cls;conf;cx;cy;w;h,e83855083387665227ae3d9061b7fd6b285011f2a1ea912e704286d0769aa63f
data/interim/bellevue_150th_se38th/tracks_Bellevue_150th_SE38th__2017-09-10_19-08-25.parquet,68032335,64.880691,bellevue_150th_se38th,tracker output,false,true,P1,03_yolo_tracking_outputs/,frame;track_id;cls;conf;cx;cy;w;h,d69b2f28fafd79b0f0589a048e5490dd87d95c2ee1c1d11679a13e577d2ec711
data/interim/bellevue_150th_se38th/tracks_Bellevue_150th_SE38th__2017-09-10_20-08-25.parquet,46104449,43.968629,bellevue_150th_se38th,tracker output,false,true,P1,03_yolo_tracking_outputs/,frame;track_id;cls;conf;cx;cy;w;h,834552840152a5c6f114855c4c354cacbed3a6cc9514faab98155c6edd0dd51c
data/interim/bellevue_150th_se38th/tracks_Bellevue_150th_SE38th__2017-09-10_21-08-38.parquet,40363043,38.493197,bellevue_150th_se38th,tracker output,false,true,P1,03_yolo_tracking_outputs/,frame;track_id;cls;conf;cx;cy;w;h,9b586b0a5bb3299427c143e0e6a2c3f8ee3763fd48da22395159bf4286bf560d
data/interim/bellevue_150th_se38th/tracks_Bellevue_150th_SE38th__2017-09-10_22-08-28.parquet,31081880,29.641991,bellevue_150th_se38th,tracker output,false,true,P1,03_yolo_tracking_outputs/,frame;track_id;cls;conf;cx;cy;w;h,f6d982ce1608f184192096d1b56fbc0508e6fe63855275aec79641ee092f664b
data/interim/bellevue_150th_se38th/tracks_Bellevue_150th_SE38th__2017-09-10_23-08-29.parquet,30083307,28.689677,bellevue_150th_se38th,tracker output,false,true,P1,03_yolo_tracking_outputs/,frame;track_id;cls;conf;cx;cy;w;h,425ac783a7f220d4c408ea2e736b1ab4549a7550a704950a9b7acb84e8098f4f
data/interim/bellevue_150th_se38th/tracks_Bellevue_150th_SE38th__2017-09-11_00-08-29.parquet,28059878,26.759985,bellevue_150th_se38th,tracker output,false,true,P1,03_yolo_tracking_outputs/,frame;track_id;cls;conf;cx;cy;w;h,9055e7e8170fdc3c66edd0ea271d417b8d5e9096ac513490b9679b4517a1f6ed
data/interim/bellevue_150th_se38th/tracks_Bellevue_150th_SE38th__2017-09-11_01-08-30.parquet,23851646,22.746702,bellevue_150th_se38th,tracker output,false,true,P1,03_yolo_tracking_outputs/,frame;track_id;cls;conf;cx;cy;w;h,e0246f6ad2850ce153a9503f8bb3daf8821ce566c7dbdecda46ccb217c49d8b9
data/interim/bellevue_150th_se38th/tracks_Bellevue_150th_SE38th__2017-09-11_02-08-29.parquet,25209319,24.04148,bellevue_150th_se38th,tracker output,false,true,P1,03_yolo_tracking_outputs/,frame;track_id;cls;conf;cx;cy;w;h,6bb7562786d6d86c5057d9babe33a03d290b929990ae0d36f71d52226d1ba244
data/interim/bellevue_150th_se38th/tracks_Bellevue_150th_SE38th__2017-09-11_03-08-30.parquet,26063106,24.855715,bellevue_150th_se38th,tracker output,false,true,P1,03_yolo_tracking_outputs/,frame;track_id;cls;conf;cx;cy;w;h,5b22bd8bfbc2ffbe007eb2756533729c87456775b11d943a6bf33604b47d7d99
data/interim/bellevue_150th_se38th/tracks_Bellevue_150th_SE38th__2017-09-11_04-08-29.parquet,28433338,27.116144,bellevue_150th_se38th,tracker output,false,true,P1,03_yolo_tracking_outputs/,frame;track_id;cls;conf;cx;cy;w;h,7a7ec30cd1e6923760d42b9c92a9f732a4257250d65a57c8ad96a6ec2bf71ed8
data/interim/bellevue_150th_se38th/tracks_Bellevue_150th_SE38th__2017-09-11_05-08-30.parquet,32434949,30.932378,bellevue_150th_se38th,tracker output,false,true,P1,03_yolo_tracking_outputs/,frame;track_id;cls;conf;cx;cy;w;h,c608781857ff71ff6e2f5f143635b7f268c09711c1c743d6df0e575ff451417c
data/interim/bellevue_150th_se38th/tracks_Bellevue_150th_SE38th__2017-09-11_06-08-32.parquet,60040532,57.259113,bellevue_150th_se38th,tracker output,false,true,P1,03_yolo_tracking_outputs/,frame;track_id;cls;conf;cx;cy;w;h,05ddf8b176c7621e10735211bd85a2f2345ccb518a347d3524869bed32661070
data/interim/bellevue_150th_se38th/tracks_Bellevue_150th_SE38th__2017-09-11_07-08-31.parquet,68223895,65.063376,bellevue_150th_se38th,tracker output,false,true,P1,03_yolo_tracking_outputs/,frame;track_id;cls;conf;cx;cy;w;h,065c1114a0da0bb10ef62dc9541d8a13a85f63d90eb36461d168702c12e05e94
data/interim/bellevue_150th_se38th/tracks_Bellevue_150th_SE38th__2017-09-11_08-09-36.parquet,11510830,10.977583,bellevue_150th_se38th,tracker output,false,true,P1,03_yolo_tracking_outputs/,frame;track_id;cls;conf;cx;cy;w;h,ec405e2a60a92ebc29950ee0619e9a78a5c01bcfaf4d6f5df1079c9a4f9aa215
data/interim/bellevue_150th_se38th/tracks_Bellevue_150th_SE38th__2017-09-11_09-08-31.parquet,69076103,65.876105,bellevue_150th_se38th,tracker output,false,true,P1,03_yolo_tracking_outputs/,frame;track_id;cls;conf;cx;cy;w;h,6a86bbf8c934c3dd26389ffd0cc19b1d7eb7d274e0c07bdbbffa775727375ce1
data/interim/bellevue_150th_se38th/tracks_Bellevue_150th_SE38th__2017-09-11_10-08-33.parquet,66591364,63.506474,bellevue_150th_se38th,tracker output,false,true,P1,03_yolo_tracking_outputs/,frame;track_id;cls;conf;cx;cy;w;h,f47b72f03be0982987ca162dac2f66624b49cd84e449187f156a3573d11a25f0
data/interim/bellevue_150th_se38th/tracks_Bellevue_150th_SE38th__2017-09-11_11-08-34.parquet,72385626,69.032312,bellevue_150th_se38th,tracker output,false,true,P1,03_yolo_tracking_outputs/,frame;track_id;cls;conf;cx;cy;w;h,5471f0fc8322049e3c4e0c90f157cac45417229fde65c2b9868c15b5e0b74f2d
data/interim/bellevue_150th_se38th/tracks_Bellevue_150th_SE38th__2017-09-11_12-08-38.parquet,75403211,71.910106,bellevue_150th_se38th,tracker output,false,true,P1,03_yolo_tracking_outputs/,frame;track_id;cls;conf;cx;cy;w;h,cd356b727dd31b6ffedc347809b6067f5eff5b7c46dd6273f8f1178e0c2bd5b4
data/interim/bellevue_150th_se38th/tracks_Bellevue_150th_SE38th__2017-09-11_13-08-32.parquet,58096819,55.405444,bellevue_150th_se38th,tracker output,false,true,P1,03_yolo_tracking_outputs/,frame;track_id;cls;conf;cx;cy;w;h,33c960adfa91ed0f74a91de509790c5009bd919e34601f6db2ce970407d4a4ff
data/interim/bellevue_150th_se38th/tracks_Bellevue_150th_SE38th__2017-09-11_14-08-32.parquet,73500401,70.095445,bellevue_150th_se38th,tracker output,false,true,P1,03_yolo_tracking_outputs/,frame;track_id;cls;conf;cx;cy;w;h,628d0017a1e71f90a59480eb3676be32fb2e3434cae0c9145c7a9814bb292aa4
data/interim/bellevue_150th_se38th/tracks_Bellevue_150th_SE38th__2017-09-11_16-08-35.parquet,13169584,12.559494,bellevue_150th_se38th,tracker output,false,true,P1,03_yolo_tracking_outputs/,frame;track_id;cls;conf;cx;cy;w;h,e1414071a38ed8e400dbc1ec7970016c3d00c717c3a9d8daf73fef5c6bfc20eb
data/interim/bellevue_150th_se38th/tracks_Bellevue_150th_SE38th__2017-09-11_17-08-45.parquet,13030015,12.426391,bellevue_150th_se38th,tracker output,false,true,P1,03_yolo_tracking_outputs/,frame;track_id;cls;conf;cx;cy;w;h,7d24bf1719ee6654ed76388b2304ca5e0d6119382f0cff3adf9654cb4f8b7ddc
data/interim/bellevue_ne8th/tracks_Bellevue_Bellevue_NE8th__2017-09-10_18-08-23.parquet,90333981,86.149198,bellevue_ne8th,tracker output,false,true,P1,03_yolo_tracking_outputs/,frame;track_id;cls;conf;cx;cy;w;h,ebb92cd99ea9f2abbd9173f8322c23124fac535dbb35fcc82bcbbadb4df954af
data/interim/bellevue_ne8th/tracks_Bellevue_Bellevue_NE8th__2017-09-10_19-08-24.parquet,81046548,77.292011,bellevue_ne8th,tracker output,false,true,P1,03_yolo_tracking_outputs/,frame;track_id;cls;conf;cx;cy;w;h,40b2d2d832f177738940979a365e3221bc9971f0b166ccef5b420242cc82fd36
data/interim/bellevue_ne8th/tracks_Bellevue_Bellevue_NE8th__2017-09-10_20-08-24.parquet,68364583,65.197547,bellevue_ne8th,tracker output,false,true,P1,03_yolo_tracking_outputs/,frame;track_id;cls;conf;cx;cy;w;h,4615068e21c5421e24725706e889344fbd14960f31a4b26d35003144ed2076b0
data/interim/bellevue_ne8th/tracks_Bellevue_Bellevue_NE8th__2017-09-10_21-08-28.parquet,57052732,54.409725,bellevue_ne8th,tracker output,false,true,P1,03_yolo_tracking_outputs/,frame;track_id;cls;conf;cx;cy;w;h,c6757ba9d22be3e38c5f2e567a77fedfaaa7c0ed24dbbd791ebd9c7efe18efa9
data/interim/bellevue_ne8th/tracks_Bellevue_Bellevue_NE8th__2017-09-10_22-08-28.parquet,42603003,40.62939,bellevue_ne8th,tracker output,false,true,P1,03_yolo_tracking_outputs/,frame;track_id;cls;conf;cx;cy;w;h,a26e2e07f441d4472f45b18c8d85d8d8fe9b29f6436c1667805c42351e2012de
data/interim/bellevue_ne8th/tracks_Bellevue_Bellevue_NE8th__2017-09-10_23-08-29.parquet,39252702,37.434294,bellevue_ne8th,tracker output,false,true,P1,03_yolo_tracking_outputs/,frame;track_id;cls;conf;cx;cy;w;h,9a2b5fb270c10d622f7d0a79471546ff1bbb1edec206c8773e4bac10dc5ba67c
data/interim/bellevue_ne8th/tracks_Bellevue_Bellevue_NE8th__2017-09-11_00-08-29.parquet,35349410,33.711824,bellevue_ne8th,tracker output,false,true,P1,03_yolo_tracking_outputs/,frame;track_id;cls;conf;cx;cy;w;h,eb82c32e778f3b3e0b0921f4f10ea92f88d746646b31e04b2f74da89629b5c95
data/interim/bellevue_ne8th/tracks_Bellevue_Bellevue_NE8th__2017-09-11_01-08-29.parquet,28340122,27.027246,bellevue_ne8th,tracker output,false,true,P1,03_yolo_tracking_outputs/,frame;track_id;cls;conf;cx;cy;w;h,aeee5254f3ab93a49f51ad5b17471f896ac7891383e17e22610c29b0989a543c
data/interim/bellevue_ne8th/tracks_Bellevue_Bellevue_NE8th__2017-09-11_02-08-29.parquet,31083751,29.643775,bellevue_ne8th,tracker output,false,true,P1,03_yolo_tracking_outputs/,frame;track_id;cls;conf;cx;cy;w;h,bee385f6f135bc794c1bf34bd694a80d7598ca90f7636b06cf0c425174bd3562
data/interim/bellevue_ne8th/tracks_Bellevue_Bellevue_NE8th__2017-09-11_03-08-29.parquet,30034459,28.643092,bellevue_ne8th,tracker output,false,true,P1,03_yolo_tracking_outputs/,frame;track_id;cls;conf;cx;cy;w;h,2745c4e40d8a72640e17d228248807a67fdbb0b185bab63ead3ced1163822aa9
data/interim/bellevue_ne8th/tracks_Bellevue_Bellevue_NE8th__2017-09-11_04-08-29.parquet,34320729,32.730798,bellevue_ne8th,tracker output,false,true,P1,03_yolo_tracking_outputs/,frame;track_id;cls;conf;cx;cy;w;h,8be6085132d6847aa218cf62827f8da558406bd6caede9a954cb963ebccecd6b
data/interim/bellevue_ne8th/tracks_Bellevue_Bellevue_NE8th__2017-09-11_05-08-29.parquet,40739069,38.851804,bellevue_ne8th,tracker output,false,true,P1,03_yolo_tracking_outputs/,frame;track_id;cls;conf;cx;cy;w;h,bbd792ee4987e67aa11f0bad61e753c97353c049e7b13e0753aa360df742a43d
data/interim/bellevue_ne8th/tracks_Bellevue_Bellevue_NE8th__2017-09-11_06-08-29.parquet,48076336,45.849167,bellevue_ne8th,tracker output,false,true,P1,03_yolo_tracking_outputs/,frame;track_id;cls;conf;cx;cy;w;h,f577f6e7630a03540e3e227e5236a7d720ed9d9d7be68f19db84a95204766b79
data/interim/bellevue_ne8th/tracks_Bellevue_Bellevue_NE8th__2017-09-11_07-08-31.parquet,62023367,59.150092,bellevue_ne8th,tracker output,false,true,P1,03_yolo_tracking_outputs/,frame;track_id;cls;conf;cx;cy;w;h,3f607d5b6b9216e451a60de60474d5d467615dbcded900657b40c63ec4f10414
data/interim/bellevue_ne8th/tracks_Bellevue_Bellevue_NE8th__2017-09-11_08-08-31.parquet,64101420,61.131878,bellevue_ne8th,tracker output,false,true,P1,03_yolo_tracking_outputs/,frame;track_id;cls;conf;cx;cy;w;h,f82c5ab78d82815ad8e677caaa4f03de8aa4c1102e5355601536026d7d1c39a4
data/interim/bellevue_ne8th/tracks_Bellevue_Bellevue_NE8th__2017-09-11_09-08-30.parquet,80821382,77.077276,bellevue_ne8th,tracker output,false,true,P1,03_yolo_tracking_outputs/,frame;track_id;cls;conf;cx;cy;w;h,43e0946a22b4da8bbe351fa9632d85826cd79049e337ffb1fd322b488eb28f8b
data/interim/bellevue_ne8th/tracks_Bellevue_Bellevue_NE8th__2017-09-11_10-08-31.parquet,95790454,91.352896,bellevue_ne8th,tracker output,false,true,P1,03_yolo_tracking_outputs/,frame;track_id;cls;conf;cx;cy;w;h,4518729af32cbaf7ad450dd07ef73e14110f522759d8306382a1513e898938f3
data/interim/bellevue_ne8th/tracks_Bellevue_Bellevue_NE8th__2017-09-11_11-08-31.parquet,106984525,102.028394,bellevue_ne8th,tracker output,false,true,P1,03_yolo_tracking_outputs/,frame;track_id;cls;conf;cx;cy;w;h,5d4489f6334df7960e7e498161bbd5e0e30ff9fdcf25a7ffc368a4127a62ade3
data/interim/bellevue_ne8th/tracks_Bellevue_Bellevue_NE8th__2017-09-11_12-08-31.parquet,104208406,99.38088,bellevue_ne8th,tracker output,false,true,P1,03_yolo_tracking_outputs/,frame;track_id;cls;conf;cx;cy;w;h,16e6a65a610b728c70aa390b47f916f6e27fbc8e7bf1e748f29f8c9873c8197a
data/interim/bellevue_ne8th/tracks_Bellevue_Bellevue_NE8th__2017-09-11_13-08-32.parquet,88306288,84.215439,bellevue_ne8th,tracker output,false,true,P1,03_yolo_tracking_outputs/,frame;track_id;cls;conf;cx;cy;w;h,512d776d6f2d908f4932a81332b9526431707e9f994b4d10a0e8ee4c154fe9ee
data/interim/bellevue_ne8th/tracks_Bellevue_Bellevue_NE8th__2017-09-11_14-08-31.parquet,91098696,86.878487,bellevue_ne8th,tracker output,false,true,P1,03_yolo_tracking_outputs/,frame;track_id;cls;conf;cx;cy;w;h,f5a955dfd61db87f42be9a3eb66541bc6c4043c3ddbe66422e91fe778c82eb40
data/interim/bellevue_ne8th/tracks_Bellevue_Bellevue_NE8th__2017-09-11_15-08-32.parquet,94302340,89.93372,bellevue_ne8th,tracker output,false,true,P1,03_yolo_tracking_outputs/,frame;track_id;cls;conf;cx;cy;w;h,7ab0579c3a7e734bcaa0d7f3823b73a008e075266ea4759345de398da61dae5e
data/interim/bellevue_ne8th/tracks_Bellevue_Bellevue_NE8th__2017-09-11_16-08-32.parquet,96575538,92.10161,bellevue_ne8th,tracker output,false,true,P1,03_yolo_tracking_outputs/,frame;track_id;cls;conf;cx;cy;w;h,50b48b0a02cca43f490529093309f482629ab5d1a754164b8f0d8528c12298be
data/processed/bellevue_116th_ne12th/feature_analysis/features_trimmed_frame_disp.parquet,2096896,1.999756,bellevue_116th_ne12th,tracker output,false,true,P1,03_yolo_tracking_outputs/,track_id;frame_start;frame_end;len_frames;frame_span;duration_s;start_x;start_y;end_x;end_y;delta_x;delta_y;path_length;displacement;straightness;dir_x;dir_y;mean_speed;max_speed;mean_accel,4d2a5525d3f62616658ab331cc81d94d75fe456f783f941e4c928e3504634ba1
data/processed/bellevue_116th_ne12th/feature_analysis/features_trimmed_frame_disp_norm.parquet,635755,0.606303,bellevue_116th_ne12th,tracker output,false,true,P1,03_yolo_tracking_outputs/,track_id;frame_start;frame_end;len_frames;frame_span;duration_s;start_x;start_y;end_x;end_y;delta_x;delta_y;path_length;displacement;straightness;dir_x;dir_y;mean_speed;max_speed;mean_accel,ec4bdb9b8a010a7af0535a24952a31d647ee78d045eb95fffebd8a31f0046e09
data/processed/bellevue_116th_ne12th/feature_variants/features_plus_frame_span.parquet,399372,0.380871,bellevue_116th_ne12th,tracker output,false,true,P1,03_yolo_tracking_outputs/,track_id;start_x;start_y;end_x;end_y;start_x_iso;start_y_iso;end_x_iso;end_y_iso;frame_span;straightness;frame_span_scaled;straightness_scaled;dir_x_scaled;dir_y_scaled;feat_0;feat_1;feat_2;feat_3;feat_4,2793583a48fef3aa49fcdd8d365907cbf1b798ae11423d698d2fda041d89307a
data/processed/bellevue_116th_ne12th/feature_variants/features_plus_frame_span_straightness.parquet,489187,0.466525,bellevue_116th_ne12th,tracker output,false,true,P1,03_yolo_tracking_outputs/,track_id;start_x;start_y;end_x;end_y;start_x_norm;start_y_norm;end_x_norm;end_y_norm;frame_span;straightness;path_length;displacement_norm;frame_span_norm;straightness_norm;dir_x_norm;dir_y_norm;path_length_norm;feat_0;feat_1,aa25db14d15a6af9f64371dcc422c48056fd8c9af31d9c81cb78f36bb0b15ed8
data/processed/bellevue_116th_ne12th/feature_variants/features_plus_frame_span_straightness_dir.parquet,534433,0.509675,bellevue_116th_ne12th,tracker output,false,true,P1,03_yolo_tracking_outputs/,track_id;start_x;start_y;end_x;end_y;start_x_norm;start_y_norm;end_x_norm;end_y_norm;frame_span;straightness;path_length;displacement_norm;frame_span_norm;straightness_norm;dir_x_norm;dir_y_norm;path_length_norm;feat_0;feat_1,f2ce207ab5ae646a24ceab3e490a9a67257b9571c135bff108b97400be5473a5
data/processed/bellevue_116th_ne12th/method_comparison/labels_birch.parquet,16707,0.015933,bellevue_116th_ne12th,trajectory/intermediate output,false,true,P2,04_processed_trajectories_and_features/,track_id;cluster_id,86269621fcc2749f62cfbff9a146a73bf050a0a82ee5e312d7c7c8ddcc09f057
data/processed/bellevue_116th_ne12th/method_comparison/labels_dbscan.parquet,16711,0.015937,bellevue_116th_ne12th,trajectory/intermediate output,false,true,P2,04_processed_trajectories_and_features/,track_id;cluster_id,74025d50678378c84fb6d4facaa7ae13486950ab2b78ced524f86362751a0a4a
data/processed/bellevue_116th_ne12th/method_comparison/labels_gmm.parquet,17037,0.016248,bellevue_116th_ne12th,trajectory/intermediate output,false,true,P2,04_processed_trajectories_and_features/,track_id;cluster_id,d9f6ffac50e4bfda2edd7daca86f4fe139ca73d7a339d44d07ac7d97045ebc02
data/processed/bellevue_116th_ne12th/method_comparison/labels_hdbscan.parquet,16406,0.015646,bellevue_116th_ne12th,trajectory/intermediate output,false,true,P2,04_processed_trajectories_and_features/,track_id;cluster_id,13195157acb6313351aa591bac3ca7f3d532c82f3787bd7b1e3d85d67a0f52c3
data/processed/bellevue_116th_ne12th/method_comparison/labels_kmeans.parquet,16672,0.0159,bellevue_116th_ne12th,trajectory/intermediate output,false,true,P2,04_processed_trajectories_and_features/,track_id;cluster_id,36effe78ded85805ce89f94d794dd5eb15565723005ed71aec5ccfbe3b6be92f
data/processed/bellevue_116th_ne12th/method_comparison/labels_optics.parquet,17013,0.016225,bellevue_116th_ne12th,trajectory/intermediate output,false,true,P2,04_processed_trajectories_and_features/,track_id;cluster_id,a009a7213a1a85414ebd061a7f7cf527b7f2369ff864fa31234307e5f6c9bb05
data/processed/bellevue_116th_ne12th/method_comparison_variant_all_norm/labels_birch.parquet,16738,0.015963,bellevue_116th_ne12th,trajectory/intermediate output,false,true,P2,04_processed_trajectories_and_features/,track_id;cluster_id,d0f7c0fbba3d0636e1dca030eaa44ca67029003ac4696d0bc8ef81dfef80b6b2
data/processed/bellevue_116th_ne12th/method_comparison_variant_all_norm/labels_dbscan.parquet,16719,0.015944,bellevue_116th_ne12th,trajectory/intermediate output,false,true,P2,04_processed_trajectories_and_features/,track_id;cluster_id,5f632ffa60eac3538cf47786d5f6bee31762ecd0eb4f9e99aa671ebe0c50e615
data/processed/bellevue_116th_ne12th/method_comparison_variant_all_norm/labels_gmm.parquet,17037,0.016248,bellevue_116th_ne12th,trajectory/intermediate output,false,true,P2,04_processed_trajectories_and_features/,track_id;cluster_id,805841ffde8cb41b9867a7e565f199ec1a5bdbda90728ab35cd104c88c5aaae9
data/processed/bellevue_116th_ne12th/method_comparison_variant_all_norm/labels_hdbscan.parquet,16398,0.015638,bellevue_116th_ne12th,trajectory/intermediate output,false,true,P2,04_processed_trajectories_and_features/,track_id;cluster_id,2d56e519aca7f1de67b874d6e93c18b3c38c522a93494ac5a853628403694960
data/processed/bellevue_116th_ne12th/method_comparison_variant_all_norm/labels_kmeans.parquet,16989,0.016202,bellevue_116th_ne12th,trajectory/intermediate output,false,true,P2,04_processed_trajectories_and_features/,track_id;cluster_id,11a04a2d8e3df427411cac9802e2955abc9208f21d5c96af9553b25db699203c
data/processed/bellevue_116th_ne12th/method_comparison_variant_all_norm/labels_optics.parquet,16865,0.016084,bellevue_116th_ne12th,trajectory/intermediate output,false,true,P2,04_processed_trajectories_and_features/,track_id;cluster_id,b6c225e7feb22f19a55b52d0fd9b8b47958b56c505a60178030363d695572e22
data/processed/bellevue_116th_ne12th/method_comparison_variant_baseline_norm4/labels_birch.parquet,16723,0.015948,bellevue_116th_ne12th,trajectory/intermediate output,false,true,P2,04_processed_trajectories_and_features/,track_id;cluster_id,411dd4e82c10c1b2b1d1f6ba5856ad08da1ef3881b3c90dae4e831e39f242ed9
data/processed/bellevue_116th_ne12th/method_comparison_variant_baseline_norm4/labels_dbscan.parquet,16715,0.015941,bellevue_116th_ne12th,trajectory/intermediate output,false,true,P2,04_processed_trajectories_and_features/,track_id;cluster_id,0cd1e242806ea9c6d5f557cae35b2a0b357f8c7dd396f4999c3406d805e02cb1
data/processed/bellevue_116th_ne12th/method_comparison_variant_baseline_norm4/labels_gmm.parquet,16739,0.015964,bellevue_116th_ne12th,trajectory/intermediate output,false,true,P2,04_processed_trajectories_and_features/,track_id;cluster_id,02b6eb29a2761b0412c6c4a4009e1d6bd9266e7c80775b43d419f6b2f2ac8eb9
data/processed/bellevue_116th_ne12th/method_comparison_variant_baseline_norm4/labels_hdbscan.parquet,16715,0.015941,bellevue_116th_ne12th,trajectory/intermediate output,false,true,P2,04_processed_trajectories_and_features/,track_id;cluster_id,1e31bb4d2d5c355cda326ffd16edafa4de8219b1e3fd60aeb719c6a47f0af1bc
data/processed/bellevue_116th_ne12th/method_comparison_variant_baseline_norm4/labels_kmeans.parquet,16680,0.015907,bellevue_116th_ne12th,trajectory/intermediate output,false,true,P2,04_processed_trajectories_and_features/,track_id;cluster_id,342fbad8c490381f9c45c2c482a5e020f6ed7dadd11392485df2c3ec2d3804f8
data/processed/bellevue_116th_ne12th/method_comparison_variant_baseline_norm4/labels_optics.parquet,16739,0.015964,bellevue_116th_ne12th,trajectory/intermediate output,false,true,P2,04_processed_trajectories_and_features/,track_id;cluster_id,318a42f1b66e7b20197032732591229f552221e949c1c23f75eec302c8db6c18
data/processed/bellevue_116th_ne12th/method_comparison_variant_plus_frame_span/labels_birch.parquet,16720,0.015945,bellevue_116th_ne12th,trajectory/intermediate output,false,true,P2,04_processed_trajectories_and_features/,track_id;cluster_id,16c4716f11775b9de95bfcf60ad85fd28fe0c4fa17f268d70e88a0e77c309be9
data/processed/bellevue_116th_ne12th/method_comparison_variant_plus_frame_span/labels_dbscan.parquet,16724,0.015949,bellevue_116th_ne12th,trajectory/intermediate output,false,true,P2,04_processed_trajectories_and_features/,track_id;cluster_id,d3b3577d0162f7c56eb483bebf954d800f5b2841b34e9f7d5cfb745a81bfb3d4
data/processed/bellevue_116th_ne12th/method_comparison_variant_plus_frame_span/labels_gmm.parquet,16737,0.015962,bellevue_116th_ne12th,trajectory/intermediate output,false,true,P2,04_processed_trajectories_and_features/,track_id;cluster_id,51aec02b3a199b01c669624b2e9947b2c4c987a6e32daf1bfeee5ce31334cd05
data/processed/bellevue_116th_ne12th/method_comparison_variant_plus_frame_span/labels_hdbscan.parquet,16398,0.015638,bellevue_116th_ne12th,trajectory/intermediate output,false,true,P2,04_processed_trajectories_and_features/,track_id;cluster_id,cd4da7d17dc3d8cc59a5210d85d45e498c7fd741091969f50404ce1d4c6ca15c
data/processed/bellevue_116th_ne12th/method_comparison_variant_plus_frame_span/labels_kmeans.parquet,16998,0.016211,bellevue_116th_ne12th,trajectory/intermediate output,false,true,P2,04_processed_trajectories_and_features/,track_id;cluster_id,9dbbfc1f7e597f35d229bc981d4140c1559b2d836f92f432a24bc4c534276ca3
data/processed/bellevue_116th_ne12th/method_comparison_variant_plus_frame_span/labels_optics.parquet,16703,0.015929,bellevue_116th_ne12th,trajectory/intermediate output,false,true,P2,04_processed_trajectories_and_features/,track_id;cluster_id,b4a17ebc2a15a45433c8715ddeb55536545319ceb3bc6aecbcb1b7f7cf2a380a
data/processed/bellevue_116th_ne12th/method_comparison_variant_plus_frame_span/methods_summary.csv,1226,0.001169,bellevue_116th_ne12th,unclear,false,true,P2,99_misc_review/,,32b90e0364856e9781c37e04fe40622ef7bb2bf3cc1405db4ce6953c3cb51d82
data/processed/bellevue_116th_ne12th/method_comparison_variant_plus_frame_span/methods_summary.partial.csv,1226,0.001169,bellevue_116th_ne12th,unclear,false,true,P2,99_misc_review/,,32b90e0364856e9781c37e04fe40622ef7bb2bf3cc1405db4ce6953c3cb51d82
data/processed/bellevue_116th_ne12th/method_comparison_variant_plus_frame_span/stats_birch.json,314,0.000299,bellevue_116th_ne12th,unclear,false,true,P2,99_misc_review/,,f1f24e77e9c82a3a8822cbb2255a5c18aa9a5241fe40ae706809088c048e3061
data/processed/bellevue_116th_ne12th/method_comparison_variant_plus_frame_span/stats_dbscan.json,331,0.000316,bellevue_116th_ne12th,unclear,false,true,P2,99_misc_review/,,1990444ff99ab2a5246ad48da9e23aea3b1b5258c968e01539224523aa610a43
data/processed/bellevue_116th_ne12th/method_comparison_variant_plus_frame_span/stats_gmm.json,317,0.000302,bellevue_116th_ne12th,unclear,false,true,P2,99_misc_review/,,4a40299de194a65dc5a41cab341dd4498c19dc8bd4b45d8730110eecc610a28c
data/processed/bellevue_116th_ne12th/method_comparison_variant_plus_frame_span/stats_hdbscan.json,348,0.000332,bellevue_116th_ne12th,unclear,false,true,P2,99_misc_review/,,f3fbf541977dd2c31dc5dac0bcc1b146de994bd382c545d84ab1eccd16064fbc
data/processed/bellevue_116th_ne12th/method_comparison_variant_plus_frame_span/stats_kmeans.json,363,0.000346,bellevue_116th_ne12th,unclear,false,true,P2,99_misc_review/,,39bea31306d8691fb8d02099df9046012b4f95f94bca53fb855646fc2effffc4
data/processed/bellevue_116th_ne12th/method_comparison_variant_plus_frame_span/stats_optics.json,338,0.000322,bellevue_116th_ne12th,unclear,false,true,P2,99_misc_review/,,17825b483c60b6a51492211c2713f5e210f4cd3ec267324b6af2fa62050e2440
data/processed/bellevue_116th_ne12th/method_comparison_variant_plus_frame_span/trials_birch.csv,1141,0.001088,bellevue_116th_ne12th,unclear,false,true,P2,99_misc_review/,,1a5393bdf2442563d67ab04530fa7df6e6a7774aa2d13a609c5647b7af61cfb3
data/processed/bellevue_116th_ne12th/method_comparison_variant_plus_frame_span/trials_dbscan.csv,1401,0.001336,bellevue_116th_ne12th,unclear,false,true,P2,99_misc_review/,,a4c67aef0cf13638dd6534735ad19ea8af6faf36c518a33f086a86f4a2b56dc6
data/processed/bellevue_116th_ne12th/method_comparison_variant_plus_frame_span/trials_gmm.csv,787,0.000751,bellevue_116th_ne12th,unclear,false,true,P2,99_misc_review/,,a6a1bebb314f3a29682847a1eff0009381a701b51135ec8cceaf1ef4648e741c
data/processed/bellevue_116th_ne12th/method_comparison_variant_plus_frame_span/trials_hdbscan.csv,1823,0.001739,bellevue_116th_ne12th,unclear,false,true,P2,99_misc_review/,,184b7862666938919df9c236937f180c179f2af479181a908ae6b2152227cb23
data/processed/bellevue_116th_ne12th/method_comparison_variant_plus_frame_span/trials_kmeans.csv,3229,0.003079,bellevue_116th_ne12th,unclear,false,true,P2,99_misc_review/,,bf6ccb210f0656f124ee9c60f7ed42165cc4d41d9eeef1feffaa2e8ce01e390f
data/processed/bellevue_116th_ne12th/method_comparison_variant_plus_frame_span/trials_optics.csv,4092,0.003902,bellevue_116th_ne12th,unclear,false,true,P2,99_misc_review/,,94b1ad779acedea07ee34eca8f9a2bb5c5a451d5bb64d37d1bfbbed974c8cae6
data/processed/bellevue_116th_ne12th/method_comparison_variant_plus_frame_span_straightness/labels_birch.parquet,17038,0.016249,bellevue_116th_ne12th,trajectory/intermediate output,false,true,P2,04_processed_trajectories_and_features/,track_id;cluster_id,62f7fe35b46b308309c20e2697bc76531ea2f13f8ff385b84adb588b96ccd783
data/processed/bellevue_116th_ne12th/method_comparison_variant_plus_frame_span_straightness/labels_dbscan.parquet,16723,0.015948,bellevue_116th_ne12th,trajectory/intermediate output,false,true,P2,04_processed_trajectories_and_features/,track_id;cluster_id,83373458e4000fdfb68010b23315e96379d7a0fe582d0cb74d57aa828eb9cbf6
data/processed/bellevue_116th_ne12th/method_comparison_variant_plus_frame_span_straightness/labels_gmm.parquet,17037,0.016248,bellevue_116th_ne12th,trajectory/intermediate output,false,true,P2,04_processed_trajectories_and_features/,track_id;cluster_id,984b5d4e7fd7ef41a1083de6f90bdd18ed119969284955ab1710e65ad458f403
data/processed/bellevue_116th_ne12th/method_comparison_variant_plus_frame_span_straightness/labels_hdbscan.parquet,16406,0.015646,bellevue_116th_ne12th,trajectory/intermediate output,false,true,P2,04_processed_trajectories_and_features/,track_id;cluster_id,80519dec74424248ffd641045ff91d989c21244910d2a95e9cafe4858fb26a3d
data/processed/bellevue_116th_ne12th/method_comparison_variant_plus_frame_span_straightness/labels_kmeans.parquet,16998,0.016211,bellevue_116th_ne12th,trajectory/intermediate output,false,true,P2,04_processed_trajectories_and_features/,track_id;cluster_id,7e091adcc85f8e8fd2a752a89595371370869275b27f08865b26b1b6adfe1b6d
data/processed/bellevue_116th_ne12th/method_comparison_variant_plus_frame_span_straightness/labels_optics.parquet,16929,0.016145,bellevue_116th_ne12th,trajectory/intermediate output,false,true,P2,04_processed_trajectories_and_features/,track_id;cluster_id,4a24c1228fe911b72c0ee4bc466a90bdabd3f9b6790dbda58b6844ee482b3582
data/processed/bellevue_116th_ne12th/method_comparison_variant_plus_frame_span_straightness/methods_summary.csv,1303,0.001243,bellevue_116th_ne12th,unclear,false,true,P2,99_misc_review/,,046ed33b5855d2a68c8151016170e0052d7ee0375d7f619971ca5dd871860c2d
data/processed/bellevue_116th_ne12th/method_comparison_variant_plus_frame_span_straightness/methods_summary.partial.csv,1303,0.001243,bellevue_116th_ne12th,unclear,false,true,P2,99_misc_review/,,046ed33b5855d2a68c8151016170e0052d7ee0375d7f619971ca5dd871860c2d
data/processed/bellevue_116th_ne12th/method_comparison_variant_plus_frame_span_straightness/stats_birch.json,314,0.000299,bellevue_116th_ne12th,unclear,false,true,P2,99_misc_review/,,b4089ad57af0e12a34d8106dd1868dae3686db275b03e24082d41d6e06e41be0
data/processed/bellevue_116th_ne12th/method_comparison_variant_plus_frame_span_straightness/stats_dbscan.json,329,0.000314,bellevue_116th_ne12th,unclear,false,true,P2,99_misc_review/,,7a721e9b3baec0227b41e80cf4aa1f4031df960870413616129b8978e75d167a
data/processed/bellevue_116th_ne12th/method_comparison_variant_plus_frame_span_straightness/stats_gmm.json,316,0.000301,bellevue_116th_ne12th,unclear,false,true,P2,99_misc_review/,,59e894fa02f203398b1d2a06321763fcfb4e13eb87a564230ff55f83fec566c7
data/processed/bellevue_116th_ne12th/method_comparison_variant_plus_frame_span_straightness/stats_hdbscan.json,349,0.000333,bellevue_116th_ne12th,unclear,false,true,P2,99_misc_review/,,1d87128759e7e40c5e7df1e9ea13fbc838f9816da0b91474856e90c690f309a2
data/processed/bellevue_116th_ne12th/method_comparison_variant_plus_frame_span_straightness/stats_kmeans.json,363,0.000346,bellevue_116th_ne12th,unclear,false,true,P2,99_misc_review/,,97ff3ba3277cdee40c4047138dd3e927f0118a23d407a1a81ebca488ee1280c8
data/processed/bellevue_116th_ne12th/method_comparison_variant_plus_frame_span_straightness/stats_optics.json,339,0.000323,bellevue_116th_ne12th,unclear,false,true,P2,99_misc_review/,,3e3730a138821e9c4636145114307a0752c3e4e9646f1295077a40e479173ed1
data/processed/bellevue_116th_ne12th/method_comparison_variant_plus_frame_span_straightness/trials_birch.csv,1147,0.001094,bellevue_116th_ne12th,unclear,false,true,P2,99_misc_review/,,8feeafa0cf755d37933fb7d47398d8f35548e47e017ae0cd7b4ae75cd2fbdef8
data/processed/bellevue_116th_ne12th/method_comparison_variant_plus_frame_span_straightness/trials_dbscan.csv,1398,0.001333,bellevue_116th_ne12th,unclear,false,true,P2,99_misc_review/,,0f77753b218cc29e677c9db4e6776a3c0a897888d0130b259f71a308b5126aaf
data/processed/bellevue_116th_ne12th/method_comparison_variant_plus_frame_span_straightness/trials_gmm.csv,789,0.000752,bellevue_116th_ne12th,unclear,false,true,P2,99_misc_review/,,1b10d97054ed03a539d217ba14f4ba5ae49d98f27ba21d5e5cc45d2475ad8667
data/processed/bellevue_116th_ne12th/method_comparison_variant_plus_frame_span_straightness/trials_hdbscan.csv,1829,0.001744,bellevue_116th_ne12th,unclear,false,true,P2,99_misc_review/,,58318ba7593e36254798d6a3b810bd03748e2e61e72f69a9534b961a76a6a0f6
data/processed/bellevue_116th_ne12th/method_comparison_variant_plus_frame_span_straightness/trials_kmeans.csv,3214,0.003065,bellevue_116th_ne12th,unclear,false,true,P2,99_misc_review/,,da4d03dcb75ca40763104e67c954cb4ce2059d6200e2bb6e7777e8553dd93387
data/processed/bellevue_116th_ne12th/method_comparison_variant_plus_frame_span_straightness/trials_optics.csv,4102,0.003912,bellevue_116th_ne12th,unclear,false,true,P2,99_misc_review/,,9814f9422fe730dc091cb5ed38a7cbcc496ca79b4c569ca2e17f49f688587a64
data/processed/bellevue_116th_ne12th/method_comparison_variant_plus_frame_span_straightness_dir/labels_birch.parquet,17024,0.016235,bellevue_116th_ne12th,trajectory/intermediate output,false,true,P2,04_processed_trajectories_and_features/,track_id;cluster_id,beb5cece19327952cb0a14fd1430149156609e13a1bb317ece30d4b52247d306
data/processed/bellevue_116th_ne12th/method_comparison_variant_plus_frame_span_straightness_dir/labels_dbscan.parquet,16715,0.015941,bellevue_116th_ne12th,trajectory/intermediate output,false,true,P2,04_processed_trajectories_and_features/,track_id;cluster_id,118a6da183cab90421e38a09102ee6e84ee5f01e8bb9ff0946fa8cce8c4ce87b
data/processed/bellevue_116th_ne12th/method_comparison_variant_plus_frame_span_straightness_dir/labels_gmm.parquet,17037,0.016248,bellevue_116th_ne12th,trajectory/intermediate output,false,true,P2,04_processed_trajectories_and_features/,track_id;cluster_id,3f9f2618889078fd9f4021101d6065362f92760e1cd6e8a04db64600ab8ce14c
data/processed/bellevue_116th_ne12th/method_comparison_variant_plus_frame_span_straightness_dir/labels_hdbscan.parquet,16406,0.015646,bellevue_116th_ne12th,trajectory/intermediate output,false,true,P2,04_processed_trajectories_and_features/,track_id;cluster_id,87ab98d887f12cfba7afd60fc68b569b1b6f38c481fad7c4f27e8fa75665bbad
data/processed/bellevue_116th_ne12th/method_comparison_variant_plus_frame_span_straightness_dir/labels_kmeans.parquet,16988,0.016201,bellevue_116th_ne12th,trajectory/intermediate output,false,true,P2,04_processed_trajectories_and_features/,track_id;cluster_id,ce77cdf71a3de16c7349809c7f7e11e90f544a350fd91059a70a97393868e711
data/processed/bellevue_116th_ne12th/method_comparison_variant_plus_frame_span_straightness_dir/labels_optics.parquet,16679,0.015906,bellevue_116th_ne12th,trajectory/intermediate output,false,true,P2,04_processed_trajectories_and_features/,track_id;cluster_id,9f0d8b35dc7a26cc25b74475bc33cb1b3e7ceb187de5460ae0293d193ee7b790
data/processed/bellevue_116th_ne12th/method_comparison_variant_plus_frame_span_straightness_dir/methods_summary.csv,1330,0.001268,bellevue_116th_ne12th,unclear,false,true,P2,99_misc_review/,,ee87c0ce7ec941e66ef47788165e7c663fe2aee12e82bcb2b0f57eca2bfd7611
data/processed/bellevue_116th_ne12th/method_comparison_variant_plus_frame_span_straightness_dir/methods_summary.partial.csv,1330,0.001268,bellevue_116th_ne12th,unclear,false,true,P2,99_misc_review/,,ee87c0ce7ec941e66ef47788165e7c663fe2aee12e82bcb2b0f57eca2bfd7611
data/processed/bellevue_116th_ne12th/method_comparison_variant_plus_frame_span_straightness_dir/stats_birch.json,315,0.0003,bellevue_116th_ne12th,unclear,false,true,P2,99_misc_review/,,84c856e26a55cd87c2245d7eba926af7d3d4677aa52a87a3993a4c292f9550d7
data/processed/bellevue_116th_ne12th/method_comparison_variant_plus_frame_span_straightness_dir/stats_dbscan.json,330,0.000315,bellevue_116th_ne12th,unclear,false,true,P2,99_misc_review/,,975e48dd327bd02b1e2e9e17dfac57a26fa680ca3f9ca5cf7acc6aab779da49e
data/processed/bellevue_116th_ne12th/method_comparison_variant_plus_frame_span_straightness_dir/stats_gmm.json,317,0.000302,bellevue_116th_ne12th,unclear,false,true,P2,99_misc_review/,,a5b3b8156593f7bb8c2622e6bd94f26d9d349b71f2c17244c0a454afe15f91ad
data/processed/bellevue_116th_ne12th/method_comparison_variant_plus_frame_span_straightness_dir/stats_hdbscan.json,349,0.000333,bellevue_116th_ne12th,unclear,false,true,P2,99_misc_review/,,bb4ca1a02126dd871de5d6310b3b211b5765cfa7f39100b07c2898d939dd65c2
data/processed/bellevue_116th_ne12th/method_comparison_variant_plus_frame_span_straightness_dir/stats_kmeans.json,362,0.000345,bellevue_116th_ne12th,unclear,false,true,P2,99_misc_review/,,01cca9886fd94ee95668fcc6ea01776f49e866692059f5212a4dbd82b226527e
data/processed/bellevue_116th_ne12th/method_comparison_variant_plus_frame_span_straightness_dir/stats_optics.json,340,0.000324,bellevue_116th_ne12th,unclear,false,true,P2,99_misc_review/,,91078fb92de0b5799cba2be70f9ae51aad2e580dfa696c5f4604d8dbf03320c9
data/processed/bellevue_116th_ne12th/method_comparison_variant_plus_frame_span_straightness_dir/trials_birch.csv,1142,0.001089,bellevue_116th_ne12th,unclear,false,true,P2,99_misc_review/,,1165cdfa1120e93e4605694b2b69248fe4c9fa3eba8dd1cb855a6cf04aafe336
data/processed/bellevue_116th_ne12th/method_comparison_variant_plus_frame_span_straightness_dir/trials_dbscan.csv,1392,0.001328,bellevue_116th_ne12th,unclear,false,true,P2,99_misc_review/,,deee96704caa02d71b0b757d6448e8db84a61d6c75c46f46c508f39c575027ba
data/processed/bellevue_116th_ne12th/method_comparison_variant_plus_frame_span_straightness_dir/trials_gmm.csv,794,0.000757,bellevue_116th_ne12th,unclear,false,true,P2,99_misc_review/,,88598e95df519748d339e594660f87c70bb67d7db8dbf4c3af9d0ee756c7fd03
data/processed/bellevue_116th_ne12th/method_comparison_variant_plus_frame_span_straightness_dir/trials_hdbscan.csv,1822,0.001738,bellevue_116th_ne12th,unclear,false,true,P2,99_misc_review/,,f96c909014b5e6339deddeb5a42664e0c2426949fb597964fc72c03f1a4b1400
data/processed/bellevue_116th_ne12th/method_comparison_variant_plus_frame_span_straightness_dir/trials_kmeans.csv,3225,0.003076,bellevue_116th_ne12th,unclear,false,true,P2,99_misc_review/,,e21f2114048b6acfd154c4223ad9aae487fa45d26429460a33784236b4eaaa35
data/processed/bellevue_116th_ne12th/method_comparison_variant_plus_frame_span_straightness_dir/trials_optics.csv,4084,0.003895,bellevue_116th_ne12th,unclear,false,true,P2,99_misc_review/,,994bb479b6a2841041bf8329a48a73cf4aae814e3ca3f826ff01d19abf8f1344
data/processed/bellevue_116th_ne12th/method_comparison_variant_plus_straightness/labels_hdbscan.parquet,16713,0.015939,bellevue_116th_ne12th,trajectory/intermediate output,false,true,P2,04_processed_trajectories_and_features/,track_id;cluster_id,2216928ebd95d2f7834b26f7d0952961c07a7faabbb250b7ce23606301dea884
data/processed/bellevue_116th_ne12th/method_comparison_variant_plus_straightness/labels_kmeans.parquet,16678,0.015905,bellevue_116th_ne12th,trajectory/intermediate output,false,true,P2,04_processed_trajectories_and_features/,track_id;cluster_id,979851a5b0af2ebbde1203c6ef1e138a938e33677904c38a41f84f5649b7e23f
data/processed/bellevue_116th_ne12th/method_comparison_variant_plus_straightness/labels_optics.parquet,16734,0.015959,bellevue_116th_ne12th,trajectory/intermediate output,false,true,P2,04_processed_trajectories_and_features/,track_id;cluster_id,b9b3927b5a17d956176fe1e956872f676114927f906c59e8a93e211446a8c7c2
data/processed/bellevue_116th_ne12th/rebuild_v1/feature_analysis/features_trimmed_frame_disp.parquet,2597057,2.476747,bellevue_116th_ne12th,tracker output,false,true,P1,03_yolo_tracking_outputs/,track_id;frame_start;frame_end;len_frames;frame_span;duration_s;start_x;start_y;end_x;end_y;delta_x;delta_y;path_length;displacement;straightness;dir_x;dir_y;mean_speed;max_speed;mean_accel,835ab3d9d902b4f5f3be33ba0681bbe9535073af42213775ac9da5759ec835ef
data/processed/bellevue_116th_ne12th/rebuild_v1/feature_analysis/features_trimmed_frame_disp_norm.parquet,534858,0.51008,bellevue_116th_ne12th,tracker output,false,true,P1,03_yolo_tracking_outputs/,track_id;frame_start;frame_end;len_frames;frame_span;duration_s;start_x;start_y;end_x;end_y;delta_x;delta_y;path_length;displacement;straightness;dir_x;dir_y;mean_speed;max_speed;mean_accel,0cae5d23c3987595f669b25a78e0f5a56f770d5fedc12665a36294d1343cb723
data/processed/bellevue_116th_ne12th/rebuild_v1/trajectories.parquet,191013740,182.164898,bellevue_116th_ne12th,processed trajectory,false,true,P0,04_processed_trajectories_and_features/,track_id;frame;x;y;vx;vy;ax;ay,ee1160c8b483c9ed3d7bf55bac6bc25d5afe88ba81ea665f71e5291f0f82e864
data/processed/bellevue_116th_ne12th/rebuild_v1/trajectories_audit.json,621,0.000592,bellevue_116th_ne12th,processed trajectory,false,true,P0,04_processed_trajectories_and_features/,,7fb46eb08121796e6cb0ecb8eeeeb946db65d02806496ad0be8a2367f8a40af7
data/processed/bellevue_116th_ne12th/rebuild_v1/trajectories_filtered_filled.parquet,184976719,176.407546,bellevue_116th_ne12th,processed trajectory,false,true,P0,04_processed_trajectories_and_features/,track_id;frame;x;y;vx;vy;ax;ay;is_filled,9639b543f195325dc50ecf38ba91e23dc2cc5c5a80623dd735327795930aa38d
data/processed/bellevue_116th_ne12th/rebuild_v1/trajectories_filtered_filled_audit.json,745,0.00071,bellevue_116th_ne12th,processed trajectory,false,true,P0,04_processed_trajectories_and_features/,,06533e9e9ba8d42401fc448a799a845fe8e3d2fe5b3b03b920afaba4039d75c3
data/processed/bellevue_116th_ne12th/trajectories.parquet,191459477,182.589986,bellevue_116th_ne12th,processed trajectory,false,true,P0,04_processed_trajectories_and_features/,track_id;frame;x;y;vx;vy;ax;ay,8ff8cfdc6ea176d14f7592109770f3ef875429d48269fb441640d8efa0ecb154
data/processed/bellevue_150th_eastgate/experiments/eastgate_audit_v1/normalization_isotropic/labels_hdbscan.parquet,241874,0.230669,bellevue_150th_eastgate,trajectory/intermediate output,false,true,P2,04_processed_trajectories_and_features/,track_id;cluster_id,bb9016e1ff311df18e732e1d76e1548afd5829c93e63fcfd622ccabfc5819339
data/processed/bellevue_150th_eastgate/experiments/eastgate_audit_v1/normalization_isotropic/labels_kmeans.parquet,237390,0.226393,bellevue_150th_eastgate,trajectory/intermediate output,false,true,P2,04_processed_trajectories_and_features/,track_id;cluster_id,033ecbb7ff0946c75e624b75b357e869df1cfa224f4e696e62afcba4ce209641
data/processed/bellevue_150th_eastgate/experiments/eastgate_audit_v1/normalization_isotropic/labels_optics.parquet,237368,0.226372,bellevue_150th_eastgate,trajectory/intermediate output,false,true,P2,04_processed_trajectories_and_features/,track_id;cluster_id,ea8a304eedb15de94a7bc32a594e56e37278cb87d2cb8640fe71fc01cc94b635
data/processed/bellevue_150th_eastgate/experiments/eastgate_audit_v1/normalization_none/labels_hdbscan.parquet,241874,0.230669,bellevue_150th_eastgate,trajectory/intermediate output,false,true,P2,04_processed_trajectories_and_features/,track_id;cluster_id,bb9016e1ff311df18e732e1d76e1548afd5829c93e63fcfd622ccabfc5819339
data/processed/bellevue_150th_eastgate/experiments/eastgate_audit_v1/normalization_none/labels_kmeans.parquet,237390,0.226393,bellevue_150th_eastgate,trajectory/intermediate output,false,true,P2,04_processed_trajectories_and_features/,track_id;cluster_id,033ecbb7ff0946c75e624b75b357e869df1cfa224f4e696e62afcba4ce209641
data/processed/bellevue_150th_eastgate/experiments/eastgate_audit_v1/normalization_none/labels_optics.parquet,237368,0.226372,bellevue_150th_eastgate,trajectory/intermediate output,false,true,P2,04_processed_trajectories_and_features/,track_id;cluster_id,ea8a304eedb15de94a7bc32a594e56e37278cb87d2cb8640fe71fc01cc94b635
data/processed/bellevue_150th_eastgate/experiments/eastgate_audit_v1/normalization_standard/labels_hdbscan.parquet,241874,0.230669,bellevue_150th_eastgate,trajectory/intermediate output,false,true,P2,04_processed_trajectories_and_features/,track_id;cluster_id,e5622457094ffa6f1c4f78f227617bb2b5b3f9c3f250d80331812499ee249315
data/processed/bellevue_150th_eastgate/experiments/eastgate_audit_v1/normalization_standard/labels_kmeans.parquet,237391,0.226394,bellevue_150th_eastgate,trajectory/intermediate output,false,true,P2,04_processed_trajectories_and_features/,track_id;cluster_id,812402128aecb3e7fa69c8243df85d9c6acf2138701721d8fc7dc9b8b5e04083
data/processed/bellevue_150th_eastgate/experiments/eastgate_audit_v1/normalization_standard/labels_optics.parquet,237289,0.226296,bellevue_150th_eastgate,trajectory/intermediate output,false,true,P2,04_processed_trajectories_and_features/,track_id;cluster_id,a407dc0bdc00ec343061b52e3d79b910f76af0c596546ebf11a107a8bc67007f
data/processed/bellevue_150th_eastgate/experiments/eastgate_edge_touch_trim_v1/camera_space_filter/selected_tracks.parquet,2333263,2.225173,bellevue_150th_eastgate,tracker output,false,true,P1,03_yolo_tracking_outputs/,track_id;start_x;start_y;end_x;end_y;displacement;displacement_norm,6e1fe70bfd2c59af74b8e6141edcffc3919bd613f21c54cb8778ce3688f19283
data/processed/bellevue_150th_eastgate/experiments/eastgate_edge_touch_trim_v1/camera_space_filter/trajectories_filtered_filled.parquet,930185023,887.093566,bellevue_150th_eastgate,processed trajectory,false,true,P0,04_processed_trajectories_and_features/,track_id;frame;x;y;vx;vy;ax;ay;is_filled,NOT_COMPUTED_LARGE_FILE_GT_268435456_BYTES
data/processed/bellevue_150th_eastgate/experiments/eastgate_edge_touch_trim_v1/topview/audit/normalization_isotropic/labels_hdbscan.parquet,236897,0.225923,bellevue_150th_eastgate,trajectory/intermediate output,false,true,P2,04_processed_trajectories_and_features/,track_id;cluster_id,74275aecf5963f467a43618f8229795a66bbee38a6dd4ea36424af788e6d8c92
data/processed/bellevue_150th_eastgate/experiments/eastgate_edge_touch_trim_v1/topview/audit/normalization_isotropic/labels_kmeans.parquet,236862,0.225889,bellevue_150th_eastgate,trajectory/intermediate output,false,true,P2,04_processed_trajectories_and_features/,track_id;cluster_id,c8471607ed96fea04f5c9babfc37a344407f1c05ac2646edc2e5af9fb60460de
data/processed/bellevue_150th_eastgate/experiments/eastgate_edge_touch_trim_v1/topview/audit/normalization_isotropic/labels_optics.parquet,230249,0.219583,bellevue_150th_eastgate,trajectory/intermediate output,false,true,P2,04_processed_trajectories_and_features/,track_id;cluster_id,f5351022dc24019be89a9ee66beb0c4b88b623e3e62fdf1b34ef936e08320012
data/processed/bellevue_150th_eastgate/experiments/eastgate_edge_touch_trim_v1/topview/audit/normalization_none/labels_hdbscan.parquet,236897,0.225923,bellevue_150th_eastgate,trajectory/intermediate output,false,true,P2,04_processed_trajectories_and_features/,track_id;cluster_id,74275aecf5963f467a43618f8229795a66bbee38a6dd4ea36424af788e6d8c92
data/processed/bellevue_150th_eastgate/experiments/eastgate_edge_touch_trim_v1/topview/audit/normalization_none/labels_kmeans.parquet,236862,0.225889,bellevue_150th_eastgate,trajectory/intermediate output,false,true,P2,04_processed_trajectories_and_features/,track_id;cluster_id,c8471607ed96fea04f5c9babfc37a344407f1c05ac2646edc2e5af9fb60460de
data/processed/bellevue_150th_eastgate/experiments/eastgate_edge_touch_trim_v1/topview/audit/normalization_none/labels_optics.parquet,230249,0.219583,bellevue_150th_eastgate,trajectory/intermediate output,false,true,P2,04_processed_trajectories_and_features/,track_id;cluster_id,f5351022dc24019be89a9ee66beb0c4b88b623e3e62fdf1b34ef936e08320012
data/processed/bellevue_150th_eastgate/experiments/eastgate_edge_touch_trim_v1/topview/audit/normalization_standard/labels_hdbscan.parquet,236851,0.225879,bellevue_150th_eastgate,trajectory/intermediate output,false,true,P2,04_processed_trajectories_and_features/,track_id;cluster_id,1d3bae89f1ae415fea43e0d2c1d6d646484834c2c9ccae0f1ee7cb0c97361923
data/processed/bellevue_150th_eastgate/experiments/eastgate_edge_touch_trim_v1/topview/audit/normalization_standard/labels_kmeans.parquet,236862,0.225889,bellevue_150th_eastgate,trajectory/intermediate output,false,true,P2,04_processed_trajectories_and_features/,track_id;cluster_id,c55095f48c1b78d26d12b118eae09b8107c330de33ea6cce126789f61380e2e5
data/processed/bellevue_150th_eastgate/experiments/eastgate_edge_touch_trim_v1/topview/audit/normalization_standard/labels_optics.parquet,229229,0.21861,bellevue_150th_eastgate,trajectory/intermediate output,false,true,P2,04_processed_trajectories_and_features/,track_id;cluster_id,757be9566f82d55f0bdf92f537ce7a6a97b61de5012b8e428a7a05f73d43628f
data/processed/bellevue_150th_eastgate/experiments/eastgate_edge_touch_trim_v1/topview/trajectories_filtered_filled.parquet,942551471,898.88713,bellevue_150th_eastgate,processed trajectory,false,true,P0,04_processed_trajectories_and_features/,track_id;frame;x;y;vx;vy;ax;ay;is_filled,NOT_COMPUTED_LARGE_FILE_GT_268435456_BYTES
data/processed/bellevue_150th_eastgate/experiments/eastgate_edge_touch_trim_v1/tracks_edge_touch_trimmed.parquet,709377833,676.51542,bellevue_150th_eastgate,tracker output,false,true,P1,03_yolo_tracking_outputs/,track_id;frame;cx;cy;w;h;cls,NOT_COMPUTED_LARGE_FILE_GT_268435456_BYTES
data/processed/bellevue_150th_eastgate/experiments/eastgate_edge_touch_trim_v1/trajectories.parquet,1544113500,1472.581387,bellevue_150th_eastgate,processed trajectory,false,true,P0,04_processed_trajectories_and_features/,track_id;frame;x;y;vx;vy;ax;ay,NOT_COMPUTED_LARGE_FILE_GT_268435456_BYTES
data/processed/bellevue_150th_eastgate/experiments/eastgate_edge_touch_trim_v1/trajectories_audit.json,712,0.000679,bellevue_150th_eastgate,processed trajectory,false,true,P0,04_processed_trajectories_and_features/,,c62fba063fe564e09f8cdefbea12c665fcb93da4430314eaad432536861b489e
data/processed/bellevue_150th_eastgate/experiments/eastgate_edge_touch_trim_v1/trajectories_filtered_filled.parquet,1536493832,1465.314705,bellevue_150th_eastgate,processed trajectory,false,true,P0,04_processed_trajectories_and_features/,track_id;frame;x;y;vx;vy;ax;ay;is_filled,NOT_COMPUTED_LARGE_FILE_GT_268435456_BYTES
data/processed/bellevue_150th_eastgate/experiments/eastgate_edge_touch_trim_v1/trajectories_filtered_filled_audit.json,844,0.000805,bellevue_150th_eastgate,processed trajectory,false,true,P0,04_processed_trajectories_and_features/,,ce29747255bda75fe30baaaf8582153a9c099d2602a1a6ee09a70ebf8d95328c
data/processed/bellevue_150th_eastgate/experiments/eastgate_expected13_iso_scaler/feature_variants/features_plus_frame_span.parquet,4431834,4.226526,bellevue_150th_eastgate,tracker output,false,true,P1,03_yolo_tracking_outputs/,track_id;start_x;start_y;end_x;end_y;start_x_iso;start_y_iso;end_x_iso;end_y_iso;frame_span;straightness;frame_span_scaled;straightness_scaled;dir_x_scaled;dir_y_scaled;feat_0;feat_1;feat_2;feat_3;feat_4,790ee652aef7d98c9656c6e5fb87ff8bb47c484be68dff24729b1ee2481eb7bf
data/processed/bellevue_150th_eastgate/experiments/eastgate_expected13_iso_scaler/method_comparison_variant_coords_only/labels_birch.parquet,133952,0.127747,bellevue_150th_eastgate,trajectory/intermediate output,false,true,P2,04_processed_trajectories_and_features/,track_id;cluster_id,93f453486177384b0bbf111ae1d4c6af3610979685fe90f2d3517283e80b7d98
data/processed/bellevue_150th_eastgate/experiments/eastgate_expected13_iso_scaler/method_comparison_variant_coords_only/labels_dbscan.parquet,129431,0.123435,bellevue_150th_eastgate,trajectory/intermediate output,false,true,P2,04_processed_trajectories_and_features/,track_id;cluster_id,60824cfca7713a82e405af52d27292bfeafdb0168ff97c0985af44b66f10f9f5
data/processed/bellevue_150th_eastgate/experiments/eastgate_expected13_iso_scaler/method_comparison_variant_coords_only/labels_gmm.parquet,133969,0.127763,bellevue_150th_eastgate,trajectory/intermediate output,false,true,P2,04_processed_trajectories_and_features/,track_id;cluster_id,1dc83490bfd093f5581759ffa9772ea2ab8b56c028af032387e606b65fee8216
data/processed/bellevue_150th_eastgate/experiments/eastgate_expected13_iso_scaler/method_comparison_variant_coords_only/labels_hdbscan.parquet,133973,0.127767,bellevue_150th_eastgate,trajectory/intermediate output,false,true,P2,04_processed_trajectories_and_features/,track_id;cluster_id,1b676dd486f93591aa1108e11adb7daf57379acfa51f64190b915710fac02735
data/processed/bellevue_150th_eastgate/experiments/eastgate_expected13_iso_scaler/method_comparison_variant_coords_only/labels_kmeans.parquet,133925,0.127721,bellevue_150th_eastgate,trajectory/intermediate output,false,true,P2,04_processed_trajectories_and_features/,track_id;cluster_id,0c2fb55be852f2a5de0459b69a3c88f5b4f645e4886f128becdb595dbad865c1
data/processed/bellevue_150th_eastgate/experiments/eastgate_expected13_iso_scaler/method_comparison_variant_coords_only/labels_optics.parquet,133971,0.127765,bellevue_150th_eastgate,trajectory/intermediate output,false,true,P2,04_processed_trajectories_and_features/,track_id;cluster_id,5d203bad38b652b402bd60a7a32c8d9b48834a2d58eee69a39a840d61985a094
data/processed/bellevue_150th_eastgate/experiments/eastgate_expected13_iso_scaler/method_comparison_variant_plus_direction/labels_birch.parquet,133950,0.127745,bellevue_150th_eastgate,trajectory/intermediate output,false,true,P2,04_processed_trajectories_and_features/,track_id;cluster_id,e82bab2156421027efe2d1edfdd1cc4551a13ca005880162adfb345af6a9bb39
data/processed/bellevue_150th_eastgate/experiments/eastgate_expected13_iso_scaler/method_comparison_variant_plus_direction/labels_dbscan.parquet,129431,0.123435,bellevue_150th_eastgate,trajectory/intermediate output,false,true,P2,04_processed_trajectories_and_features/,track_id;cluster_id,60824cfca7713a82e405af52d27292bfeafdb0168ff97c0985af44b66f10f9f5
data/processed/bellevue_150th_eastgate/experiments/eastgate_expected13_iso_scaler/method_comparison_variant_plus_direction/labels_gmm.parquet,133966,0.12776,bellevue_150th_eastgate,trajectory/intermediate output,false,true,P2,04_processed_trajectories_and_features/,track_id;cluster_id,be6dede88180f5cfc8912f5ab3beb95d37e70225f8392313a2e1048bee7aee16
data/processed/bellevue_150th_eastgate/experiments/eastgate_expected13_iso_scaler/method_comparison_variant_plus_direction/labels_hdbscan.parquet,133971,0.127765,bellevue_150th_eastgate,trajectory/intermediate output,false,true,P2,04_processed_trajectories_and_features/,track_id;cluster_id,3687c622cc6505389b22690867b78e579354f5eb5cc00cb47752027c8f42bcad
data/processed/bellevue_150th_eastgate/experiments/eastgate_expected13_iso_scaler/method_comparison_variant_plus_direction/labels_kmeans.parquet,133922,0.127718,bellevue_150th_eastgate,trajectory/intermediate output,false,true,P2,04_processed_trajectories_and_features/,track_id;cluster_id,447c50f320169917f988ba81b1f1bca7f54ab3298f4f6e1c27a7e24d3cc82427
data/processed/bellevue_150th_eastgate/experiments/eastgate_expected13_iso_scaler/method_comparison_variant_plus_direction/labels_optics.parquet,133975,0.127769,bellevue_150th_eastgate,trajectory/intermediate output,false,true,P2,04_processed_trajectories_and_features/,track_id;cluster_id,ddf2872c2cbf240f8c532b397f13e1ff77ec697c10cd3bd186bd05028c652a27
data/processed/bellevue_150th_eastgate/experiments/eastgate_expected13_iso_scaler/method_comparison_variant_plus_frame_span/labels_birch.parquet,133966,0.12776,bellevue_150th_eastgate,trajectory/intermediate output,false,true,P2,04_processed_trajectories_and_features/,track_id;cluster_id,95b00e6aea29e239a232e740ea1a9d6395626a08d0c1a0e3ffe59b65e49441e1
data/processed/bellevue_150th_eastgate/experiments/eastgate_expected13_iso_scaler/method_comparison_variant_plus_frame_span/labels_dbscan.parquet,129431,0.123435,bellevue_150th_eastgate,trajectory/intermediate output,false,true,P2,04_processed_trajectories_and_features/,track_id;cluster_id,60824cfca7713a82e405af52d27292bfeafdb0168ff97c0985af44b66f10f9f5
data/processed/bellevue_150th_eastgate/experiments/eastgate_expected13_iso_scaler/method_comparison_variant_plus_frame_span/labels_gmm.parquet,133969,0.127763,bellevue_150th_eastgate,trajectory/intermediate output,false,true,P2,04_processed_trajectories_and_features/,track_id;cluster_id,c4ac68e52aef3f827eca672279881120f2168374b605fa4f7ab0dd9e2943e861
data/processed/bellevue_150th_eastgate/experiments/eastgate_expected13_iso_scaler/method_comparison_variant_plus_frame_span/labels_hdbscan.parquet,133971,0.127765,bellevue_150th_eastgate,trajectory/intermediate output,false,true,P2,04_processed_trajectories_and_features/,track_id;cluster_id,461ec6bb2eac316d40f5e97e74f420f4b55344bd7eaf4193d80687d8ad2c3e72
data/processed/bellevue_150th_eastgate/experiments/eastgate_expected13_iso_scaler/method_comparison_variant_plus_frame_span/labels_kmeans.parquet,133922,0.127718,bellevue_150th_eastgate,trajectory/intermediate output,false,true,P2,04_processed_trajectories_and_features/,track_id;cluster_id,fa92904967e062ab4b3219dff6659c59cf39d3d45361121e90baf14462b14dbb
data/processed/bellevue_150th_eastgate/experiments/eastgate_expected13_iso_scaler/method_comparison_variant_plus_frame_span/labels_optics.parquet,133971,0.127765,bellevue_150th_eastgate,trajectory/intermediate output,false,true,P2,04_processed_trajectories_and_features/,track_id;cluster_id,72fd38fdc6da61312e200ac74ec35eddfee53747d1293fcb9d665da71be91b85
data/processed/bellevue_150th_eastgate/experiments/eastgate_expected13_iso_scaler/method_comparison_variant_plus_frame_span/methods_summary.csv,1420,0.001354,bellevue_150th_eastgate,unclear,false,true,P2,99_misc_review/,,ba09f0eddb06de7fe85bb7c53cc4183358589f69bd68adff70f22df9bf42e38a
data/processed/bellevue_150th_eastgate/experiments/eastgate_expected13_iso_scaler/method_comparison_variant_plus_frame_span/methods_summary.partial.csv,1420,0.001354,bellevue_150th_eastgate,unclear,false,true,P2,99_misc_review/,,ba09f0eddb06de7fe85bb7c53cc4183358589f69bd68adff70f22df9bf42e38a
data/processed/bellevue_150th_eastgate/experiments/eastgate_expected13_iso_scaler/method_comparison_variant_plus_frame_span/stats_birch.json,481,0.000459,bellevue_150th_eastgate,unclear,false,true,P2,99_misc_review/,,f3789392cc3492f54c1597408840c3d1ab1ae421c2851327bae1241fcccaacc9
data/processed/bellevue_150th_eastgate/experiments/eastgate_expected13_iso_scaler/method_comparison_variant_plus_frame_span/stats_dbscan.json,462,0.000441,bellevue_150th_eastgate,unclear,false,true,P2,99_misc_review/,,3733787d806b991fd693e9ecb48225e853218df47131f9ad8e7742461bb07149
data/processed/bellevue_150th_eastgate/experiments/eastgate_expected13_iso_scaler/method_comparison_variant_plus_frame_span/stats_gmm.json,467,0.000445,bellevue_150th_eastgate,unclear,false,true,P2,99_misc_review/,,0fa3393cadf182b35b129799cdc8027afc2cc5bd427aec3b510614d7c1e0999e
data/processed/bellevue_150th_eastgate/experiments/eastgate_expected13_iso_scaler/method_comparison_variant_plus_frame_span/stats_hdbscan.json,486,0.000463,bellevue_150th_eastgate,unclear,false,true,P2,99_misc_review/,,02b9d9f78e5fdcce2d8d1d0dd6e81473ceb1ea75d77b68536b00ad411457e9a2
data/processed/bellevue_150th_eastgate/experiments/eastgate_expected13_iso_scaler/method_comparison_variant_plus_frame_span/stats_kmeans.json,512,0.000488,bellevue_150th_eastgate,unclear,false,true,P2,99_misc_review/,,23b6ba7fb658159f5c4dd60a1698ef81c7610b9bf73d3d5f9c44c06fa80cf90f
data/processed/bellevue_150th_eastgate/experiments/eastgate_expected13_iso_scaler/method_comparison_variant_plus_frame_span/stats_optics.json,492,0.000469,bellevue_150th_eastgate,unclear,false,true,P2,99_misc_review/,,9be10c435a7665c37a6fad022ec568f970cef053792c50bc9d25cdd31f595195
data/processed/bellevue_150th_eastgate/experiments/eastgate_expected13_iso_scaler/method_comparison_variant_plus_frame_span/trials_birch.csv,3573,0.003407,bellevue_150th_eastgate,unclear,false,true,P2,99_misc_review/,,5bdedcb0953424fad7df3a07203819aa7075941d1a1b96ef24e66f6c8e2aa0dc
data/processed/bellevue_150th_eastgate/experiments/eastgate_expected13_iso_scaler/method_comparison_variant_plus_frame_span/trials_birch_coarse.csv,1243,0.001185,bellevue_150th_eastgate,unclear,false,true,P2,99_misc_review/,,8a8136555720926a7637fc9d61e3d5a883fd0577e9b3977c887d60dce68e9aa5
data/processed/bellevue_150th_eastgate/experiments/eastgate_expected13_iso_scaler/method_comparison_variant_plus_frame_span/trials_birch_fine.csv,2452,0.002338,bellevue_150th_eastgate,unclear,false,true,P2,99_misc_review/,,0cdf15ab647bd013f9b8b69663d195d65be568f9ddecf990b63821113a49069c
data/processed/bellevue_150th_eastgate/experiments/eastgate_expected13_iso_scaler/method_comparison_variant_plus_frame_span/trials_dbscan.csv,3531,0.003367,bellevue_150th_eastgate,unclear,false,true,P2,99_misc_review/,,f8a8d5160d09e5ab64768b8b9a00a62170207003a0c9df567392ccbf6598897d
data/processed/bellevue_150th_eastgate/experiments/eastgate_expected13_iso_scaler/method_comparison_variant_plus_frame_span/trials_dbscan_coarse.csv,1186,0.001131,bellevue_150th_eastgate,unclear,false,true,P2,99_misc_review/,,b242468b432372f03d70bff8ad3ede6c44a9db43feb784d3e8cf71f8bf9a2bf2
data/processed/bellevue_150th_eastgate/experiments/eastgate_expected13_iso_scaler/method_comparison_variant_plus_frame_span/trials_dbscan_fine.csv,2474,0.002359,bellevue_150th_eastgate,unclear,false,true,P2,99_misc_review/,,973720e564e2bc776c352b7776fd738f885146bb8a821706f698cf8aa095ee91
data/processed/bellevue_150th_eastgate/experiments/eastgate_expected13_iso_scaler/method_comparison_variant_plus_frame_span/trials_gmm.csv,1384,0.00132,bellevue_150th_eastgate,unclear,false,true,P2,99_misc_review/,,738a9e0d9fe61eb4c75ff7574ec0286e59665c6fdcbea8653906c273ca6d8fb4
data/processed/bellevue_150th_eastgate/experiments/eastgate_expected13_iso_scaler/method_comparison_variant_plus_frame_span/trials_gmm_coarse.csv,849,0.00081,bellevue_150th_eastgate,unclear,false,true,P2,99_misc_review/,,dc15f1e47f21ff4e80366d84c54e1125b6014f6f3fdaf3d7d1179b385e600ad8
data/processed/bellevue_150th_eastgate/experiments/eastgate_expected13_iso_scaler/method_comparison_variant_plus_frame_span/trials_gmm_fine.csv,657,0.000627,bellevue_150th_eastgate,unclear,false,true,P2,99_misc_review/,,0caaa2c051dd2e9179f8bdbcff78a4e78224d1501ac8db80aa7332c5ae120ffd
data/processed/bellevue_150th_eastgate/experiments/eastgate_expected13_iso_scaler/method_comparison_variant_plus_frame_span/trials_hdbscan.csv,4539,0.004329,bellevue_150th_eastgate,unclear,false,true,P2,99_misc_review/,,4379731f48292687a9b2645829b9c8569f8bb21ad990edc43dfe734368931080
data/processed/bellevue_150th_eastgate/experiments/eastgate_expected13_iso_scaler/method_comparison_variant_plus_frame_span/trials_hdbscan_coarse.csv,1947,0.001857,bellevue_150th_eastgate,unclear,false,true,P2,99_misc_review/,,eda6ff4e16f703841445a2d16adf53107b18f12f95fbbafc003b3adf52cdbafc
data/processed/bellevue_150th_eastgate/experiments/eastgate_expected13_iso_scaler/method_comparison_variant_plus_frame_span/trials_hdbscan_fine.csv,2743,0.002616,bellevue_150th_eastgate,unclear,false,true,P2,99_misc_review/,,089df663c60a516757b1f65b0baacced11affda6d371e058b1aaa5bf6f84472d
data/processed/bellevue_150th_eastgate/experiments/eastgate_expected13_iso_scaler/method_comparison_variant_plus_frame_span/trials_kmeans.csv,4875,0.004649,bellevue_150th_eastgate,unclear,false,true,P2,99_misc_review/,,fec5a2d7b08d4372a1f46ee30b278b6e26eef967f65326127615af64515f0352
data/processed/bellevue_150th_eastgate/experiments/eastgate_expected13_iso_scaler/method_comparison_variant_plus_frame_span/trials_kmeans_coarse.csv,2595,0.002475,bellevue_150th_eastgate,unclear,false,true,P2,99_misc_review/,,657026d4a5235c20ae966be055d49c8474f59b780ceb126bb8a3e5278d3fdcf6
data/processed/bellevue_150th_eastgate/experiments/eastgate_expected13_iso_scaler/method_comparison_variant_plus_frame_span/trials_kmeans_fine.csv,2427,0.002315,bellevue_150th_eastgate,unclear,false,true,P2,99_misc_review/,,04a4c3c0e10a6ffe0b2b8b386bd798e339b00ea24abca3237d6a9b4a7f344c1f
data/processed/bellevue_150th_eastgate/experiments/eastgate_expected13_iso_scaler/method_comparison_variant_plus_frame_span/trials_optics.csv,6186,0.005899,bellevue_150th_eastgate,unclear,false,true,P2,99_misc_review/,,f777cde3702ab66706f0a7b95de50d42666205952384e46f87d15870fe923071
data/processed/bellevue_150th_eastgate/experiments/eastgate_expected13_iso_scaler/method_comparison_variant_plus_frame_span/trials_optics_coarse.csv,2945,0.002809,bellevue_150th_eastgate,unclear,false,true,P2,99_misc_review/,,3140ef7ed8140573cb1ad16b699ffe90fab6fb387cceb8a714ab5cb428aca421
data/processed/bellevue_150th_eastgate/experiments/eastgate_expected13_iso_scaler/method_comparison_variant_plus_frame_span/trials_optics_fine.csv,3370,0.003214,bellevue_150th_eastgate,unclear,false,true,P2,99_misc_review/,,b24fd010d12fca383bdbbe76a24726317915a076b16bfa1f96c377bdb3aec4a2
data/processed/bellevue_150th_eastgate/experiments/eastgate_expected13_iso_scaler/method_comparison_variant_plus_straightness/labels_birch.parquet,133954,0.127748,bellevue_150th_eastgate,trajectory/intermediate output,false,true,P2,04_processed_trajectories_and_features/,track_id;cluster_id,643d3089248a14b8532420b292d891b52f42a233a53a9a338ed18e57824be096
data/processed/bellevue_150th_eastgate/experiments/eastgate_expected13_iso_scaler/method_comparison_variant_plus_straightness/labels_dbscan.parquet,129431,0.123435,bellevue_150th_eastgate,trajectory/intermediate output,false,true,P2,04_processed_trajectories_and_features/,track_id;cluster_id,60824cfca7713a82e405af52d27292bfeafdb0168ff97c0985af44b66f10f9f5
data/processed/bellevue_150th_eastgate/experiments/eastgate_expected13_iso_scaler/method_comparison_variant_plus_straightness/labels_gmm.parquet,133966,0.12776,bellevue_150th_eastgate,trajectory/intermediate output,false,true,P2,04_processed_trajectories_and_features/,track_id;cluster_id,da539a836dab8f5a3e090addccc6641fcd92d8c0552ca6706150ea009ab4dce2
data/processed/bellevue_150th_eastgate/experiments/eastgate_expected13_iso_scaler/method_comparison_variant_plus_straightness/labels_hdbscan.parquet,133973,0.127767,bellevue_150th_eastgate,trajectory/intermediate output,false,true,P2,04_processed_trajectories_and_features/,track_id;cluster_id,70d4365cb0937bac90fa1684538e5ab5186bdd9faabb6c9c4679b65b856a3a4b
data/processed/bellevue_150th_eastgate/experiments/eastgate_expected13_iso_scaler/method_comparison_variant_plus_straightness/labels_kmeans.parquet,133922,0.127718,bellevue_150th_eastgate,trajectory/intermediate output,false,true,P2,04_processed_trajectories_and_features/,track_id;cluster_id,dcff398894731626a12c04a56dc9c42bba0cfa9cdbf7c10c1521fa71622dbf01
data/processed/bellevue_150th_eastgate/experiments/eastgate_expected13_iso_scaler/method_comparison_variant_plus_straightness/labels_optics.parquet,133962,0.127756,bellevue_150th_eastgate,trajectory/intermediate output,false,true,P2,04_processed_trajectories_and_features/,track_id;cluster_id,d86898ea6a6d0785458c1ea15111bc8845bd3a7620fc2bf5184b8a4136047bcd
data/processed/bellevue_150th_eastgate/experiments/eastgate_topview_homography_v1/audit/normalization_isotropic/labels_hdbscan.parquet,115815,0.11045,bellevue_150th_eastgate,trajectory/intermediate output,false,true,P2,04_processed_trajectories_and_features/,track_id;cluster_id,dda03e9aa0f06a740e24c717e8b2055e12817790aaf4d4ae76c67da914669b8c
data/processed/bellevue_150th_eastgate/experiments/eastgate_topview_homography_v1/audit/normalization_isotropic/labels_kmeans.parquet,116869,0.111455,bellevue_150th_eastgate,trajectory/intermediate output,false,true,P2,04_processed_trajectories_and_features/,track_id;cluster_id,48558e57b2eba466ebf891eac27e5d48195d5df01ef8916ffa4a12e948c76168
data/processed/bellevue_150th_eastgate/experiments/eastgate_topview_homography_v1/audit/normalization_isotropic/labels_optics.parquet,115347,0.110003,bellevue_150th_eastgate,trajectory/intermediate output,false,true,P2,04_processed_trajectories_and_features/,track_id;cluster_id,6b55ad272842b2ac853fb59a3230cb4a929fe04966a4c5a7a92ef09ae97dbf84
data/processed/bellevue_150th_eastgate/experiments/eastgate_topview_homography_v1/audit/normalization_none/labels_hdbscan.parquet,115815,0.11045,bellevue_150th_eastgate,trajectory/intermediate output,false,true,P2,04_processed_trajectories_and_features/,track_id;cluster_id,dda03e9aa0f06a740e24c717e8b2055e12817790aaf4d4ae76c67da914669b8c
data/processed/bellevue_150th_eastgate/experiments/eastgate_topview_homography_v1/audit/normalization_none/labels_kmeans.parquet,116869,0.111455,bellevue_150th_eastgate,trajectory/intermediate output,false,true,P2,04_processed_trajectories_and_features/,track_id;cluster_id,48558e57b2eba466ebf891eac27e5d48195d5df01ef8916ffa4a12e948c76168
data/processed/bellevue_150th_eastgate/experiments/eastgate_topview_homography_v1/audit/normalization_none/labels_optics.parquet,115347,0.110003,bellevue_150th_eastgate,trajectory/intermediate output,false,true,P2,04_processed_trajectories_and_features/,track_id;cluster_id,6b55ad272842b2ac853fb59a3230cb4a929fe04966a4c5a7a92ef09ae97dbf84
data/processed/bellevue_150th_eastgate/experiments/eastgate_topview_homography_v1/audit/normalization_standard/labels_hdbscan.parquet,116894,0.111479,bellevue_150th_eastgate,trajectory/intermediate output,false,true,P2,04_processed_trajectories_and_features/,track_id;cluster_id,6d8a828cfabf96c41d3a52b25cdddc70f80169067bfafa537dfb0e4693b4cc40
data/processed/bellevue_150th_eastgate/experiments/eastgate_topview_homography_v1/audit/normalization_standard/labels_kmeans.parquet,116873,0.111459,bellevue_150th_eastgate,trajectory/intermediate output,false,true,P2,04_processed_trajectories_and_features/,track_id;cluster_id,2c1cec00ddbc1cc61e7e1a5698006ab033588f1ba2dd68b80a0e2783f3bc1af5
data/processed/bellevue_150th_eastgate/experiments/eastgate_topview_homography_v1/audit/normalization_standard/labels_optics.parquet,115661,0.110303,bellevue_150th_eastgate,trajectory/intermediate output,false,true,P2,04_processed_trajectories_and_features/,track_id;cluster_id,2036729a6e58a54db65ba61770828a0c059dd145d16d81dbb5eec6e7e6847f22
data/processed/bellevue_150th_eastgate/experiments/eastgate_topview_homography_v1/trajectories_filtered_filled.parquet,1574157974,1501.23403,bellevue_150th_eastgate,processed trajectory,false,true,P0,04_processed_trajectories_and_features/,track_id;frame;x;y;vx;vy;ax;ay;is_filled,NOT_COMPUTED_LARGE_FILE_GT_268435456_BYTES
data/processed/bellevue_150th_eastgate/experiments/eastgate_topview_prewarp_displacement_v1/audit/normalization_isotropic/labels_hdbscan.parquet,237446,0.226446,bellevue_150th_eastgate,trajectory/intermediate output,false,true,P2,04_processed_trajectories_and_features/,track_id;cluster_id,1417a52fd712286bc6125d5653e480ecd47b538f00dbfdba47670289d0af6416
data/processed/bellevue_150th_eastgate/experiments/eastgate_topview_prewarp_displacement_v1/audit/normalization_isotropic/labels_kmeans.parquet,237403,0.226405,bellevue_150th_eastgate,trajectory/intermediate output,false,true,P2,04_processed_trajectories_and_features/,track_id;cluster_id,c044f83f79605d59874d8ff6c0473dcfe8c298a9049803fc640a978aaa79771a
data/processed/bellevue_150th_eastgate/experiments/eastgate_topview_prewarp_displacement_v1/audit/normalization_isotropic/labels_optics.parquet,235775,0.224853,bellevue_150th_eastgate,trajectory/intermediate output,false,true,P2,04_processed_trajectories_and_features/,track_id;cluster_id,c98fc55157796cd0a63961e852a84bd91e5b9e0838782faeeab541cfa2a8de29
data/processed/bellevue_150th_eastgate/experiments/eastgate_topview_prewarp_displacement_v1/audit/normalization_none/labels_hdbscan.parquet,237446,0.226446,bellevue_150th_eastgate,trajectory/intermediate output,false,true,P2,04_processed_trajectories_and_features/,track_id;cluster_id,1417a52fd712286bc6125d5653e480ecd47b538f00dbfdba47670289d0af6416
data/processed/bellevue_150th_eastgate/experiments/eastgate_topview_prewarp_displacement_v1/audit/normalization_none/labels_kmeans.parquet,237403,0.226405,bellevue_150th_eastgate,trajectory/intermediate output,false,true,P2,04_processed_trajectories_and_features/,track_id;cluster_id,c044f83f79605d59874d8ff6c0473dcfe8c298a9049803fc640a978aaa79771a
data/processed/bellevue_150th_eastgate/experiments/eastgate_topview_prewarp_displacement_v1/audit/normalization_none/labels_optics.parquet,235775,0.224853,bellevue_150th_eastgate,trajectory/intermediate output,false,true,P2,04_processed_trajectories_and_features/,track_id;cluster_id,c98fc55157796cd0a63961e852a84bd91e5b9e0838782faeeab541cfa2a8de29
data/processed/bellevue_150th_eastgate/experiments/eastgate_topview_prewarp_displacement_v1/audit/normalization_standard/labels_hdbscan.parquet,237384,0.226387,bellevue_150th_eastgate,trajectory/intermediate output,false,true,P2,04_processed_trajectories_and_features/,track_id;cluster_id,0eb471af8e7deeb47795b788e9e030a3c2a9e3fd0d7d473f318bcab7eaa1a008
data/processed/bellevue_150th_eastgate/experiments/eastgate_topview_prewarp_displacement_v1/audit/normalization_standard/labels_kmeans.parquet,237403,0.226405,bellevue_150th_eastgate,trajectory/intermediate output,false,true,P2,04_processed_trajectories_and_features/,track_id;cluster_id,102f7e89eaa2a607d6d913f3ae0600dcddbd467646e92489824af597e76fa45b
data/processed/bellevue_150th_eastgate/experiments/eastgate_topview_prewarp_displacement_v1/audit/normalization_standard/labels_optics.parquet,232141,0.221387,bellevue_150th_eastgate,trajectory/intermediate output,false,true,P2,04_processed_trajectories_and_features/,track_id;cluster_id,1f7729ae6acba2279975eb9e93b9fbf29f3a04700f15bc42862c22ecee3977cf
data/processed/bellevue_150th_eastgate/experiments/eastgate_topview_prewarp_displacement_v1/camera_space_filter/selected_tracks.parquet,2339524,2.231144,bellevue_150th_eastgate,tracker output,false,true,P1,03_yolo_tracking_outputs/,track_id;start_x;start_y;end_x;end_y;displacement;displacement_norm,0f55751b17910c2c93f6e700d4d0b849fe580c348bf704741f1414c71e58bee1
data/processed/bellevue_150th_eastgate/experiments/eastgate_topview_prewarp_displacement_v1/camera_space_filter/trajectories_filtered_filled.parquet,937591548,894.156979,bellevue_150th_eastgate,processed trajectory,false,true,P0,04_processed_trajectories_and_features/,track_id;frame;x;y;vx;vy;ax;ay;is_filled,NOT_COMPUTED_LARGE_FILE_GT_268435456_BYTES
data/processed/bellevue_150th_eastgate/experiments/eastgate_topview_prewarp_displacement_v1/trajectories_filtered_filled.parquet,949512224,905.525421,bellevue_150th_eastgate,processed trajectory,false,true,P0,04_processed_trajectories_and_features/,track_id;frame;x;y;vx;vy;ax;ay;is_filled,NOT_COMPUTED_LARGE_FILE_GT_268435456_BYTES
data/processed/bellevue_150th_eastgate/experiments/midpoint_iso_control_v1/feature_variants/features_plus_frame_span.parquet,5472114,5.218615,bellevue_150th_eastgate,tracker output,false,true,P1,03_yolo_tracking_outputs/,track_id;start_x;start_y;end_x;end_y;midpoint_x;midpoint_y;start_x_iso;start_y_iso;end_x_iso;end_y_iso;midpoint_x_iso;midpoint_y_iso;frame_span;straightness;frame_span_scaled;straightness_scaled;dir_x_scaled;dir_y_scaled;feat_0,c400b095da1dc723dda53fc4920b4f7371c19107293816498691cea2d5d87d43
data/processed/bellevue_150th_eastgate/experiments/midpoint_iso_control_v1/method_comparison_variant_coords_only/labels_hdbscan.parquet,133973,0.127767,bellevue_150th_eastgate,trajectory/intermediate output,false,true,P2,04_processed_trajectories_and_features/,track_id;cluster_id,1b676dd486f93591aa1108e11adb7daf57379acfa51f64190b915710fac02735
data/processed/bellevue_150th_eastgate/experiments/midpoint_iso_control_v1/method_comparison_variant_coords_only/labels_kmeans.parquet,133925,0.127721,bellevue_150th_eastgate,trajectory/intermediate output,false,true,P2,04_processed_trajectories_and_features/,track_id;cluster_id,0c2fb55be852f2a5de0459b69a3c88f5b4f645e4886f128becdb595dbad865c1
data/processed/bellevue_150th_eastgate/experiments/midpoint_iso_control_v1/method_comparison_variant_coords_only/labels_optics.parquet,133971,0.127765,bellevue_150th_eastgate,trajectory/intermediate output,false,true,P2,04_processed_trajectories_and_features/,track_id;cluster_id,5d203bad38b652b402bd60a7a32c8d9b48834a2d58eee69a39a840d61985a094
data/processed/bellevue_150th_eastgate/experiments/midpoint_iso_control_v1/method_comparison_variant_coords_plus_midpoint/labels_hdbscan.parquet,133971,0.127765,bellevue_150th_eastgate,trajectory/intermediate output,false,true,P2,04_processed_trajectories_and_features/,track_id;cluster_id,ae123d7c7d2208aaa7239252e21ff9bad29769075d8210cdc6a7b238bdd5d6ca
data/processed/bellevue_150th_eastgate/experiments/midpoint_iso_control_v1/method_comparison_variant_coords_plus_midpoint/labels_kmeans.parquet,133922,0.127718,bellevue_150th_eastgate,trajectory/intermediate output,false,true,P2,04_processed_trajectories_and_features/,track_id;cluster_id,e9fc1130e2248c63ae5dee52a06662287c082007687d2e514bea7f6fd2b91561
data/processed/bellevue_150th_eastgate/experiments/midpoint_iso_control_v1/method_comparison_variant_coords_plus_midpoint/labels_optics.parquet,133968,0.127762,bellevue_150th_eastgate,trajectory/intermediate output,false,true,P2,04_processed_trajectories_and_features/,track_id;cluster_id,3adae357f5d57a1b88f58b7e7161a538a8209919af74d6e9d5fea0c79514e6da
data/processed/bellevue_150th_eastgate/experiments/straightness_iso_control_v1/feature_variants/features_plus_frame_span.parquet,4431834,4.226526,bellevue_150th_eastgate,tracker output,false,true,P1,03_yolo_tracking_outputs/,track_id;start_x;start_y;end_x;end_y;start_x_iso;start_y_iso;end_x_iso;end_y_iso;frame_span;straightness;frame_span_scaled;straightness_scaled;dir_x_scaled;dir_y_scaled;feat_0;feat_1;feat_2;feat_3;feat_4,790ee652aef7d98c9656c6e5fb87ff8bb47c484be68dff24729b1ee2481eb7bf
data/processed/bellevue_150th_eastgate/experiments/straightness_iso_control_v1/method_comparison_variant_coords_only/labels_hdbscan.parquet,133973,0.127767,bellevue_150th_eastgate,trajectory/intermediate output,false,true,P2,04_processed_trajectories_and_features/,track_id;cluster_id,1b676dd486f93591aa1108e11adb7daf57379acfa51f64190b915710fac02735
data/processed/bellevue_150th_eastgate/experiments/straightness_iso_control_v1/method_comparison_variant_coords_only/labels_kmeans.parquet,133925,0.127721,bellevue_150th_eastgate,trajectory/intermediate output,false,true,P2,04_processed_trajectories_and_features/,track_id;cluster_id,0c2fb55be852f2a5de0459b69a3c88f5b4f645e4886f128becdb595dbad865c1
data/processed/bellevue_150th_eastgate/experiments/straightness_iso_control_v1/method_comparison_variant_coords_only/labels_optics.parquet,133971,0.127765,bellevue_150th_eastgate,trajectory/intermediate output,false,true,P2,04_processed_trajectories_and_features/,track_id;cluster_id,5d203bad38b652b402bd60a7a32c8d9b48834a2d58eee69a39a840d61985a094
data/processed/bellevue_150th_eastgate/experiments/straightness_iso_control_v1/method_comparison_variant_plus_straightness/labels_hdbscan.parquet,133973,0.127767,bellevue_150th_eastgate,trajectory/intermediate output,false,true,P2,04_processed_trajectories_and_features/,track_id;cluster_id,70d4365cb0937bac90fa1684538e5ab5186bdd9faabb6c9c4679b65b856a3a4b
data/processed/bellevue_150th_eastgate/experiments/straightness_iso_control_v1/method_comparison_variant_plus_straightness/labels_kmeans.parquet,133922,0.127718,bellevue_150th_eastgate,trajectory/intermediate output,false,true,P2,04_processed_trajectories_and_features/,track_id;cluster_id,dcff398894731626a12c04a56dc9c42bba0cfa9cdbf7c10c1521fa71622dbf01
data/processed/bellevue_150th_eastgate/experiments/straightness_iso_control_v1/method_comparison_variant_plus_straightness/labels_optics.parquet,133966,0.12776,bellevue_150th_eastgate,trajectory/intermediate output,false,true,P2,04_processed_trajectories_and_features/,track_id;cluster_id,65b39bb1e7ac7bc5864a202a2cc861fa7a1635950e4f7aa554f2094250cddac1
data/processed/bellevue_150th_eastgate/feature_analysis/features_trimmed_frame_disp.parquet,15581141,14.859334,bellevue_150th_eastgate,tracker output,false,true,P1,03_yolo_tracking_outputs/,track_id;frame_start;frame_end;len_frames;frame_span;duration_s;start_x;start_y;end_x;end_y;delta_x;delta_y;path_length;displacement;straightness;dir_x;dir_y;mean_speed;max_speed;mean_accel,152135ed5292e9a9ae55cea946cfbd812bb6f92d11bdcfdf3f2019f47464e00b
data/processed/bellevue_150th_eastgate/feature_analysis/features_trimmed_frame_disp_norm.parquet,7086621,6.758328,bellevue_150th_eastgate,tracker output,false,true,P1,03_yolo_tracking_outputs/,track_id;frame_start;frame_end;len_frames;frame_span;duration_s;start_x;start_y;end_x;end_y;delta_x;delta_y;path_length;displacement;straightness;dir_x;dir_y;mean_speed;max_speed;mean_accel,40e5fbda861b3a082a97717d2eed15f841892ef8a58068ee4b2747ff6898ed5e
data/processed/bellevue_150th_eastgate/feature_variants/features_plus_frame_span.parquet,4431834,4.226526,bellevue_150th_eastgate,tracker output,false,true,P1,03_yolo_tracking_outputs/,track_id;start_x;start_y;end_x;end_y;start_x_iso;start_y_iso;end_x_iso;end_y_iso;frame_span;straightness;frame_span_scaled;straightness_scaled;dir_x_scaled;dir_y_scaled;feat_0;feat_1;feat_2;feat_3;feat_4,790ee652aef7d98c9656c6e5fb87ff8bb47c484be68dff24729b1ee2481eb7bf
data/processed/bellevue_150th_eastgate/feature_variants/features_plus_frame_span_straightness.parquet,5462660,5.209599,bellevue_150th_eastgate,tracker output,false,true,P1,03_yolo_tracking_outputs/,track_id;start_x;start_y;end_x;end_y;start_x_norm;start_y_norm;end_x_norm;end_y_norm;frame_span;straightness;path_length;displacement_norm;frame_span_norm;straightness_norm;dir_x_norm;dir_y_norm;path_length_norm;feat_0;feat_1,9c9aa88347d6247543378e1bf9e65be2830648e30d3a76b9aeae3dcdba24a372
data/processed/bellevue_150th_eastgate/feature_variants/features_plus_frame_span_straightness_dir.parquet,5982696,5.705544,bellevue_150th_eastgate,tracker output,false,true,P1,03_yolo_tracking_outputs/,track_id;start_x;start_y;end_x;end_y;start_x_norm;start_y_norm;end_x_norm;end_y_norm;frame_span;straightness;path_length;displacement_norm;frame_span_norm;straightness_norm;dir_x_norm;dir_y_norm;path_length_norm;feat_0;feat_1,cd8be81cdc754c0bafd23d9736dfcd85ceb4328178e60945a70cde421f547bf8
data/processed/bellevue_150th_eastgate/method_comparison/labels_birch.parquet,185294,0.17671,bellevue_150th_eastgate,trajectory/intermediate output,false,true,P2,04_processed_trajectories_and_features/,track_id;cluster_id,1008db96e02796b861f060e184bb89b46ac5487d41e9097f86bcc79ae6187a5d
data/processed/bellevue_150th_eastgate/method_comparison/labels_dbscan.parquet,188434,0.179705,bellevue_150th_eastgate,trajectory/intermediate output,false,true,P2,04_processed_trajectories_and_features/,track_id;cluster_id,a05f639d56bd82afbf858a5901a055a620e9bb351f31ac186e4df7c93e94272e
data/processed/bellevue_150th_eastgate/method_comparison/labels_gmm.parquet,185296,0.176712,bellevue_150th_eastgate,trajectory/intermediate output,false,true,P2,04_processed_trajectories_and_features/,track_id;cluster_id,a823499f24c4099a7fdc7833e8429035bc93ae3e69180c45d9c42355fe65845c
data/processed/bellevue_150th_eastgate/method_comparison/labels_hdbscan.parquet,185297,0.176713,bellevue_150th_eastgate,trajectory/intermediate output,false,true,P2,04_processed_trajectories_and_features/,track_id;cluster_id,925e65f0950fd33aeacb4e842eb08afb14a2a8e4d52f7defc063e182fb275239
data/processed/bellevue_150th_eastgate/method_comparison/labels_kmeans.parquet,188395,0.179667,bellevue_150th_eastgate,trajectory/intermediate output,false,true,P2,04_processed_trajectories_and_features/,track_id;cluster_id,27f5cec16911448970ff01adef7a33d2ff96d8ac17ea6ca56c7d5631f79f9185
data/processed/bellevue_150th_eastgate/method_comparison/labels_optics.parquet,185287,0.176703,bellevue_150th_eastgate,trajectory/intermediate output,false,true,P2,04_processed_trajectories_and_features/,track_id;cluster_id,8c0eefe2ec55e77186f361528c49cca5e0fc886c8c91d2aa22bb524b4bf6e27e
data/processed/bellevue_150th_eastgate/method_comparison_variant_all_norm/labels_birch.parquet,89935,0.085769,bellevue_150th_eastgate,trajectory/intermediate output,false,true,P2,04_processed_trajectories_and_features/,track_id;cluster_id,b1925cc6d9c3ddfa69083af6170b11d0f25cf8ed5a4ee8359fd2709a38dcf689
data/processed/bellevue_150th_eastgate/method_comparison_variant_all_norm/labels_dbscan.parquet,88418,0.084322,bellevue_150th_eastgate,trajectory/intermediate output,false,true,P2,04_processed_trajectories_and_features/,track_id;cluster_id,095064b7de5ad66cfa14af20615b8be176e6189c2e31da185414eaae3487c8ef
data/processed/bellevue_150th_eastgate/method_comparison_variant_all_norm/labels_gmm.parquet,89935,0.085769,bellevue_150th_eastgate,trajectory/intermediate output,false,true,P2,04_processed_trajectories_and_features/,track_id;cluster_id,9460d1747907364396f80a5545f4cde5ec9d830482f861666f3aea1079dc68dc
data/processed/bellevue_150th_eastgate/method_comparison_variant_all_norm/labels_hdbscan.parquet,88418,0.084322,bellevue_150th_eastgate,trajectory/intermediate output,false,true,P2,04_processed_trajectories_and_features/,track_id;cluster_id,dfdd9998e118ebb1f55ec9e47b17911fb060ab9f5f14a14a47e930ee42e640e7
data/processed/bellevue_150th_eastgate/method_comparison_variant_all_norm/labels_kmeans.parquet,89895,0.085731,bellevue_150th_eastgate,trajectory/intermediate output,false,true,P2,04_processed_trajectories_and_features/,track_id;cluster_id,3d28cb3b616632f5619f99babc359c5139398cb77bda59417f851f63691b42b0
data/processed/bellevue_150th_eastgate/method_comparison_variant_all_norm/labels_optics.parquet,88409,0.084313,bellevue_150th_eastgate,trajectory/intermediate output,false,true,P2,04_processed_trajectories_and_features/,track_id;cluster_id,c559badb634b6f65feb1db8819074f51d027e1b4d70da8c47f69bea4e504c1d1
data/processed/bellevue_150th_eastgate/method_comparison_variant_baseline_norm4/labels_birch.parquet,89935,0.085769,bellevue_150th_eastgate,trajectory/intermediate output,false,true,P2,04_processed_trajectories_and_features/,track_id;cluster_id,030d3c28f2578e1fee83e2bd025f03052d77f4fbbbabec324d1a8feb47cc5f2d
data/processed/bellevue_150th_eastgate/method_comparison_variant_baseline_norm4/labels_dbscan.parquet,88405,0.08431,bellevue_150th_eastgate,trajectory/intermediate output,false,true,P2,04_processed_trajectories_and_features/,track_id;cluster_id,cfec1db7a15cf02f62874071f780f8fc925c796d6ddaa980f777c0f84b3293fb
data/processed/bellevue_150th_eastgate/method_comparison_variant_baseline_norm4/labels_gmm.parquet,89937,0.085771,bellevue_150th_eastgate,trajectory/intermediate output,false,true,P2,04_processed_trajectories_and_features/,track_id;cluster_id,d181c718adeef09d66086d0ee70fb831c67455ff78e13e96cadeff7153314f64
data/processed/bellevue_150th_eastgate/method_comparison_variant_baseline_norm4/labels_hdbscan.parquet,88413,0.084317,bellevue_150th_eastgate,trajectory/intermediate output,false,true,P2,04_processed_trajectories_and_features/,track_id;cluster_id,faf108a8bac5b35151af82138dddfc41e5c959eabc2b9d2ac7a570d9ea68f424
data/processed/bellevue_150th_eastgate/method_comparison_variant_baseline_norm4/labels_kmeans.parquet,89891,0.085727,bellevue_150th_eastgate,trajectory/intermediate output,false,true,P2,04_processed_trajectories_and_features/,track_id;cluster_id,40e04647644326b3dfd985d6b84fd0cc8749188cd5add843d75eeb7e4830cc28
data/processed/bellevue_150th_eastgate/method_comparison_variant_baseline_norm4/labels_optics.parquet,88427,0.084331,bellevue_150th_eastgate,trajectory/intermediate output,false,true,P2,04_processed_trajectories_and_features/,track_id;cluster_id,151fda488810c73f92137d7e98d90892d49f5e09df34b507f47611c141aa9166
data/processed/bellevue_150th_eastgate/method_comparison_variant_plus_frame_span/labels_birch.parquet,89935,0.085769,bellevue_150th_eastgate,trajectory/intermediate output,false,true,P2,04_processed_trajectories_and_features/,track_id;cluster_id,817273eaec591767b2740759daadb2f02cc9ff56ab5d47163ac0cf8797fabcf9
data/processed/bellevue_150th_eastgate/method_comparison_variant_plus_frame_span/labels_dbscan.parquet,88413,0.084317,bellevue_150th_eastgate,trajectory/intermediate output,false,true,P2,04_processed_trajectories_and_features/,track_id;cluster_id,c45876704e7ea03456557cd671a976709929618994e2f7234e72e4bdc78c6f7d
data/processed/bellevue_150th_eastgate/method_comparison_variant_plus_frame_span/labels_gmm.parquet,89935,0.085769,bellevue_150th_eastgate,trajectory/intermediate output,false,true,P2,04_processed_trajectories_and_features/,track_id;cluster_id,8922a58e9e75bac313aa814dac7b1d7fbe01d71e17bbdfaead5f237a3d6726dc
data/processed/bellevue_150th_eastgate/method_comparison_variant_plus_frame_span/labels_hdbscan.parquet,88418,0.084322,bellevue_150th_eastgate,trajectory/intermediate output,false,true,P2,04_processed_trajectories_and_features/,track_id;cluster_id,50542de3666041f454d95d6e6117422de34b5af516bea49680c09d40d817f733
data/processed/bellevue_150th_eastgate/method_comparison_variant_plus_frame_span/labels_kmeans.parquet,88382,0.084288,bellevue_150th_eastgate,trajectory/intermediate output,false,true,P2,04_processed_trajectories_and_features/,track_id;cluster_id,16b96ba13bc195569f2b99817e8ebafe20ae835ae9cf72f8a813f736e56f659f
data/processed/bellevue_150th_eastgate/method_comparison_variant_plus_frame_span/labels_optics.parquet,88418,0.084322,bellevue_150th_eastgate,trajectory/intermediate output,false,true,P2,04_processed_trajectories_and_features/,track_id;cluster_id,ff088528534765253135067895851b79f294e6728be3fd7f21b91eda79bdb9ec
data/processed/bellevue_150th_eastgate/method_comparison_variant_plus_frame_span/methods_summary.csv,1174,0.00112,bellevue_150th_eastgate,unclear,false,true,P2,99_misc_review/,,8d3fe4532f131bf00563057432e19b897691070e09ff64a9673a158dcb2e8e0f
data/processed/bellevue_150th_eastgate/method_comparison_variant_plus_frame_span/methods_summary.partial.csv,1174,0.00112,bellevue_150th_eastgate,unclear,false,true,P2,99_misc_review/,,8d3fe4532f131bf00563057432e19b897691070e09ff64a9673a158dcb2e8e0f
data/processed/bellevue_150th_eastgate/method_comparison_variant_plus_frame_span/stats_birch.json,305,0.000291,bellevue_150th_eastgate,unclear,false,true,P2,99_misc_review/,,e60ad53c832428fa99b6c25c8166c7cfefc23a87a8f01c6c8d799fcc8533df40
data/processed/bellevue_150th_eastgate/method_comparison_variant_plus_frame_span/stats_dbscan.json,327,0.000312,bellevue_150th_eastgate,unclear,false,true,P2,99_misc_review/,,341ef5c7430169367e52758cab89e4c869569b51f4eaf869aa764338474f31eb
data/processed/bellevue_150th_eastgate/method_comparison_variant_plus_frame_span/stats_gmm.json,308,0.000294,bellevue_150th_eastgate,unclear,false,true,P2,99_misc_review/,,74898ed08bff64fb4f99db2af0ad3d6ae325566baaa8e013b2c44996222e401a
data/processed/bellevue_150th_eastgate/method_comparison_variant_plus_frame_span/stats_hdbscan.json,337,0.000321,bellevue_150th_eastgate,unclear,false,true,P2,99_misc_review/,,388950e2009b53c0633154e2d5480fd0218f0c56966f40055d512ba80392c93a
data/processed/bellevue_150th_eastgate/method_comparison_variant_plus_frame_span/stats_kmeans.json,355,0.000339,bellevue_150th_eastgate,unclear,false,true,P2,99_misc_review/,,c321b674655283b523fe19960a3c029e45de871e6dfea6cbbc873fab6a7ca4e3
data/processed/bellevue_150th_eastgate/method_comparison_variant_plus_frame_span/stats_optics.json,327,0.000312,bellevue_150th_eastgate,unclear,false,true,P2,99_misc_review/,,8c217fa3a1914775671007646c0a02055f840e680822b043861f77774790323a
data/processed/bellevue_150th_eastgate/method_comparison_variant_plus_frame_span/trials_birch.csv,1060,0.001011,bellevue_150th_eastgate,unclear,false,true,P2,99_misc_review/,,1f55358c458f4c0cc9da453eb62f1500d3da7251253c24d75496bbefbc318fe0
data/processed/bellevue_150th_eastgate/method_comparison_variant_plus_frame_span/trials_dbscan.csv,1360,0.001297,bellevue_150th_eastgate,unclear,false,true,P2,99_misc_review/,,1ec1ad02279052cdd120654fdb70e59316342c843ef3c1a53ea2c6493cad4c52
data/processed/bellevue_150th_eastgate/method_comparison_variant_plus_frame_span/trials_gmm.csv,734,0.0007,bellevue_150th_eastgate,unclear,false,true,P2,99_misc_review/,,25f4ce4f71954e98914be4fbadaabe0f63f9ea87a55742b7adf98b9c25c7c753
data/processed/bellevue_150th_eastgate/method_comparison_variant_plus_frame_span/trials_hdbscan.csv,1765,0.001683,bellevue_150th_eastgate,unclear,false,true,P2,99_misc_review/,,9a9a659d207d6cdd7dd5ed8ba2ad956ef58bfeee223325c5eef6a5ccd29e261f
data/processed/bellevue_150th_eastgate/method_comparison_variant_plus_frame_span/trials_kmeans.csv,2849,0.002717,bellevue_150th_eastgate,unclear,false,true,P2,99_misc_review/,,b6fab019e2c2a08923108f546307eb01260829b110e18687f7ede22095252d07
data/processed/bellevue_150th_eastgate/method_comparison_variant_plus_frame_span/trials_optics.csv,3996,0.003811,bellevue_150th_eastgate,unclear,false,true,P2,99_misc_review/,,f51b508495e12f83968c5292fbdf959e4fb6cee2be5d4f8b1f4607538129b216
data/processed/bellevue_150th_eastgate/method_comparison_variant_plus_frame_span_straightness/labels_birch.parquet,88418,0.084322,bellevue_150th_eastgate,trajectory/intermediate output,false,true,P2,04_processed_trajectories_and_features/,track_id;cluster_id,bd0e2c8075ed2d51515609e83039ae6852c76ec6adeff1708651b718c4f04367
data/processed/bellevue_150th_eastgate/method_comparison_variant_plus_frame_span_straightness/labels_dbscan.parquet,88418,0.084322,bellevue_150th_eastgate,trajectory/intermediate output,false,true,P2,04_processed_trajectories_and_features/,track_id;cluster_id,f1953e724b7f70e468081571d9dcd0450c47d23fdb7726e0cf21bf340353563a
data/processed/bellevue_150th_eastgate/method_comparison_variant_plus_frame_span_straightness/labels_gmm.parquet,89935,0.085769,bellevue_150th_eastgate,trajectory/intermediate output,false,true,P2,04_processed_trajectories_and_features/,track_id;cluster_id,4888b918dde9e82bd770e1eb4ea8e5c942a3db942fbe02af93312c55f75c8106
data/processed/bellevue_150th_eastgate/method_comparison_variant_plus_frame_span_straightness/labels_hdbscan.parquet,88413,0.084317,bellevue_150th_eastgate,trajectory/intermediate output,false,true,P2,04_processed_trajectories_and_features/,track_id;cluster_id,4ad3bf5768c58db8bcb73f8afa3bbdc66fee3d528c803fae6daad7077cd4a422
data/processed/bellevue_150th_eastgate/method_comparison_variant_plus_frame_span_straightness/labels_kmeans.parquet,89891,0.085727,bellevue_150th_eastgate,trajectory/intermediate output,false,true,P2,04_processed_trajectories_and_features/,track_id;cluster_id,5fb9052ce671b596feb8d26963e1b476d46a95d9c125d1b9dd0653ba78ae3def
data/processed/bellevue_150th_eastgate/method_comparison_variant_plus_frame_span_straightness/labels_optics.parquet,88413,0.084317,bellevue_150th_eastgate,trajectory/intermediate output,false,true,P2,04_processed_trajectories_and_features/,track_id;cluster_id,53f4a460a7d1ae2f2aa4941f59d8be80e233ac957eab746dce3dd4aebfc66d4a
data/processed/bellevue_150th_eastgate/method_comparison_variant_plus_frame_span_straightness/methods_summary.csv,1294,0.001234,bellevue_150th_eastgate,unclear,false,true,P2,99_misc_review/,,64b409bf70da047a656a83cb0dd0d160dad324908631295d72f6521c113d2d17
data/processed/bellevue_150th_eastgate/method_comparison_variant_plus_frame_span_straightness/methods_summary.partial.csv,1294,0.001234,bellevue_150th_eastgate,unclear,false,true,P2,99_misc_review/,,64b409bf70da047a656a83cb0dd0d160dad324908631295d72f6521c113d2d17
data/processed/bellevue_150th_eastgate/method_comparison_variant_plus_frame_span_straightness/stats_birch.json,307,0.000293,bellevue_150th_eastgate,unclear,false,true,P2,99_misc_review/,,edae9cbb2a212a4b2ee3fd97423c1b746187ba8fcf1162c01997340c7679cfab
data/processed/bellevue_150th_eastgate/method_comparison_variant_plus_frame_span_straightness/stats_dbscan.json,332,0.000317,bellevue_150th_eastgate,unclear,false,true,P2,99_misc_review/,,41c4f736c0b361907656b8f540674645350e99bd1cf75a8f08e32b840b1bf672
data/processed/bellevue_150th_eastgate/method_comparison_variant_plus_frame_span_straightness/stats_gmm.json,308,0.000294,bellevue_150th_eastgate,unclear,false,true,P2,99_misc_review/,,3f9e8eef81d7a686cd10ab1bc47fb8a48f34b444e4e074295d1d78eb9aca745d
data/processed/bellevue_150th_eastgate/method_comparison_variant_plus_frame_span_straightness/stats_hdbscan.json,351,0.000335,bellevue_150th_eastgate,unclear,false,true,P2,99_misc_review/,,601018963556f6dd970586d9c28d627b01ab3521e2b2f2a872b721b13abe2459
data/processed/bellevue_150th_eastgate/method_comparison_variant_plus_frame_span_straightness/stats_kmeans.json,363,0.000346,bellevue_150th_eastgate,unclear,false,true,P2,99_misc_review/,,b7778eb43a5f07966e61cf76f8d8410eb597dcc42f158db88996dc35d6fe9884
data/processed/bellevue_150th_eastgate/method_comparison_variant_plus_frame_span_straightness/stats_optics.json,340,0.000324,bellevue_150th_eastgate,unclear,false,true,P2,99_misc_review/,,efa17f16842a483c8efc2a938ed5dfd78114c9835c91044ca3633ba272b9f994
data/processed/bellevue_150th_eastgate/method_comparison_variant_plus_frame_span_straightness/trials_birch.csv,1024,0.000977,bellevue_150th_eastgate,unclear,false,true,P2,99_misc_review/,,613b092c6792eb561dda87ea322bb7f5330c2ae7fa3056362c236f1763b76e4f
data/processed/bellevue_150th_eastgate/method_comparison_variant_plus_frame_span_straightness/trials_dbscan.csv,1381,0.001317,bellevue_150th_eastgate,unclear,false,true,P2,99_misc_review/,,124d7637c5d8f010f7ccedb0f40539d195b6541a3a43b97dd80ca6e21704d730
data/processed/bellevue_150th_eastgate/method_comparison_variant_plus_frame_span_straightness/trials_gmm.csv,700,0.000668,bellevue_150th_eastgate,unclear,false,true,P2,99_misc_review/,,578bf980bd37097fc918886d11c60c174d8dd891560f327ab9ef5d88cb671c8b
data/processed/bellevue_150th_eastgate/method_comparison_variant_plus_frame_span_straightness/trials_hdbscan.csv,1729,0.001649,bellevue_150th_eastgate,unclear,false,true,P2,99_misc_review/,,61ae6e9b6bea657989ff9013f6a426cf585d5a337b4ec615a78d23362d6d81a5
data/processed/bellevue_150th_eastgate/method_comparison_variant_plus_frame_span_straightness/trials_kmeans.csv,2865,0.002732,bellevue_150th_eastgate,unclear,false,true,P2,99_misc_review/,,4588c1ee43084ec533ccdebe1cd172857fbb5c9475df971495748e567b2025d9
data/processed/bellevue_150th_eastgate/method_comparison_variant_plus_frame_span_straightness/trials_optics.csv,4009,0.003823,bellevue_150th_eastgate,unclear,false,true,P2,99_misc_review/,,bc42cf9f4ce19b7ca04316f51849a2ec36d1523deb16b01e3dcba20e94f96390
data/processed/bellevue_150th_eastgate/method_comparison_variant_plus_frame_span_straightness_dir/labels_birch.parquet,88427,0.084331,bellevue_150th_eastgate,trajectory/intermediate output,false,true,P2,04_processed_trajectories_and_features/,track_id;cluster_id,7e242398b14c7345146514d19d45bf9b29257d3e8f5ed62fab70473b324b6c5e
data/processed/bellevue_150th_eastgate/method_comparison_variant_plus_frame_span_straightness_dir/labels_dbscan.parquet,88418,0.084322,bellevue_150th_eastgate,trajectory/intermediate output,false,true,P2,04_processed_trajectories_and_features/,track_id;cluster_id,b40779c1563d340de23b3a40203405377ccf82f3b8797417f065fde18954b4d8
data/processed/bellevue_150th_eastgate/method_comparison_variant_plus_frame_span_straightness_dir/labels_gmm.parquet,89935,0.085769,bellevue_150th_eastgate,trajectory/intermediate output,false,true,P2,04_processed_trajectories_and_features/,track_id;cluster_id,d20158851587264cb9589f41d230898660913b34fba9d7f8cf34cf71c5d38f18
data/processed/bellevue_150th_eastgate/method_comparison_variant_plus_frame_span_straightness_dir/labels_hdbscan.parquet,88409,0.084313,bellevue_150th_eastgate,trajectory/intermediate output,false,true,P2,04_processed_trajectories_and_features/,track_id;cluster_id,1ee784f5f9d0136735d118207aeae9c2fdbf353ae485561eb36025b0ba72032c
data/processed/bellevue_150th_eastgate/method_comparison_variant_plus_frame_span_straightness_dir/labels_kmeans.parquet,89891,0.085727,bellevue_150th_eastgate,trajectory/intermediate output,false,true,P2,04_processed_trajectories_and_features/,track_id;cluster_id,1c847015149eadab9de4b9f17a3484feacd0a9cde59ba7bc9ad50973ad7218ca
data/processed/bellevue_150th_eastgate/method_comparison_variant_plus_frame_span_straightness_dir/labels_optics.parquet,88409,0.084313,bellevue_150th_eastgate,trajectory/intermediate output,false,true,P2,04_processed_trajectories_and_features/,track_id;cluster_id,34b9bf0724f6d143548a8ac29fe03259ebb3d0d9928a24490fb84e44617be90e
data/processed/bellevue_150th_eastgate/method_comparison_variant_plus_frame_span_straightness_dir/methods_summary.csv,1291,0.001231,bellevue_150th_eastgate,unclear,false,true,P2,99_misc_review/,,dcbc050e61a8f14bc5ef0411f2527afa7cc84169b2da4638fe6837f4ac4f0b13
data/processed/bellevue_150th_eastgate/method_comparison_variant_plus_frame_span_straightness_dir/methods_summary.partial.csv,1291,0.001231,bellevue_150th_eastgate,unclear,false,true,P2,99_misc_review/,,dcbc050e61a8f14bc5ef0411f2527afa7cc84169b2da4638fe6837f4ac4f0b13
data/processed/bellevue_150th_eastgate/method_comparison_variant_plus_frame_span_straightness_dir/stats_birch.json,307,0.000293,bellevue_150th_eastgate,unclear,false,true,P2,99_misc_review/,,de57b97012827b38e6c10730debdf79fb26cd21d6568b5ba5a79d99e283d6b3b
data/processed/bellevue_150th_eastgate/method_comparison_variant_plus_frame_span_straightness_dir/stats_dbscan.json,329,0.000314,bellevue_150th_eastgate,unclear,false,true,P2,99_misc_review/,,88501a58fb197abc414d90717654e74e37e0e963595f9a72192ab744f36ba47d
data/processed/bellevue_150th_eastgate/method_comparison_variant_plus_frame_span_straightness_dir/stats_gmm.json,309,0.000295,bellevue_150th_eastgate,unclear,false,true,P2,99_misc_review/,,7851f61d87f0ec9805dba0554cfba4f5345f5033c059a047ba0ed297e9410527
data/processed/bellevue_150th_eastgate/method_comparison_variant_plus_frame_span_straightness_dir/stats_hdbscan.json,339,0.000323,bellevue_150th_eastgate,unclear,false,true,P2,99_misc_review/,,e2f3bc20edf076b72da931c52291031475f7c31f10b8c5c4c3f3fd846188bbf9
data/processed/bellevue_150th_eastgate/method_comparison_variant_plus_frame_span_straightness_dir/stats_kmeans.json,351,0.000335,bellevue_150th_eastgate,unclear,false,true,P2,99_misc_review/,,6191217353eac254ca4cd78e3cde10e7306184ce85a28c93acf7321d46a779bc
data/processed/bellevue_150th_eastgate/method_comparison_variant_plus_frame_span_straightness_dir/stats_optics.json,339,0.000323,bellevue_150th_eastgate,unclear,false,true,P2,99_misc_review/,,f80bd8f19278ae059dc05be7606e77e578093284c2001fbcd2318323201402cd
data/processed/bellevue_150th_eastgate/method_comparison_variant_plus_frame_span_straightness_dir/trials_birch.csv,1036,0.000988,bellevue_150th_eastgate,unclear,false,true,P2,99_misc_review/,,19169766440c0ef651ab3606e24f86ec8c8c200dc9c869b7168f3dea63f483fc
data/processed/bellevue_150th_eastgate/method_comparison_variant_plus_frame_span_straightness_dir/trials_dbscan.csv,1313,0.001252,bellevue_150th_eastgate,unclear,false,true,P2,99_misc_review/,,131369bc4d403641fac577d8ca0affc8f298db0f924d62d7960f030d347f5a5e
data/processed/bellevue_150th_eastgate/method_comparison_variant_plus_frame_span_straightness_dir/trials_gmm.csv,716,0.000683,bellevue_150th_eastgate,unclear,false,true,P2,99_misc_review/,,dcca9d94f28db322e031a2df266bea248263d03a69a5ad8722e2f5d071bdf681
data/processed/bellevue_150th_eastgate/method_comparison_variant_plus_frame_span_straightness_dir/trials_hdbscan.csv,1803,0.001719,bellevue_150th_eastgate,unclear,false,true,P2,99_misc_review/,,df6d9fb4cdbf38158b91e28fad353f4131f4a17027e04515e9cea7bf4754fe62
data/processed/bellevue_150th_eastgate/method_comparison_variant_plus_frame_span_straightness_dir/trials_kmeans.csv,2920,0.002785,bellevue_150th_eastgate,unclear,false,true,P2,99_misc_review/,,39b0d44235a92f96087266ed5b75b793529d3488157529eb4070be7114b66ad7
data/processed/bellevue_150th_eastgate/method_comparison_variant_plus_frame_span_straightness_dir/trials_optics.csv,4017,0.003831,bellevue_150th_eastgate,unclear,false,true,P2,99_misc_review/,,e59356319266ddc6422703b56b1ee41b3acdedffaf063b7e7a0d596d4424f648
data/processed/bellevue_150th_eastgate/method_comparison_variant_plus_straightness/labels_hdbscan.parquet,174629,0.166539,bellevue_150th_eastgate,trajectory/intermediate output,false,true,P2,04_processed_trajectories_and_features/,track_id;cluster_id,33385733843eea4992289c39c977e2c046a13062cbe7292a006c7795713b5cc5
data/processed/bellevue_150th_eastgate/method_comparison_variant_plus_straightness/labels_kmeans.parquet,174603,0.166514,bellevue_150th_eastgate,trajectory/intermediate output,false,true,P2,04_processed_trajectories_and_features/,track_id;cluster_id,705296b871bf2da4c57dc4bbe6c5d0ef1faa253f4780838b6ab9b4d7bf6245d9
data/processed/bellevue_150th_eastgate/method_comparison_variant_plus_straightness/labels_optics.parquet,174612,0.166523,bellevue_150th_eastgate,trajectory/intermediate output,false,true,P2,04_processed_trajectories_and_features/,track_id;cluster_id,6f2c1a8c3d6ff85df6a6258979ccbb6f8b621cf58631c186deac55a84bf03926
data/processed/bellevue_150th_eastgate/trajectories.parquet,1551062886,1479.208838,bellevue_150th_eastgate,processed trajectory,false,true,P0,04_processed_trajectories_and_features/,track_id;frame;x;y;vx;vy;ax;ay,NOT_COMPUTED_LARGE_FILE_GT_268435456_BYTES
data/processed/bellevue_150th_newport/experiments/midpoint_iso_control_v1/feature_variants/features_plus_frame_span.parquet,1961312,1.870453,bellevue_150th_newport,tracker output,false,true,P1,03_yolo_tracking_outputs/,track_id;start_x;start_y;end_x;end_y;midpoint_x;midpoint_y;start_x_iso;start_y_iso;end_x_iso;end_y_iso;midpoint_x_iso;midpoint_y_iso;frame_span;straightness;frame_span_scaled;straightness_scaled;dir_x_scaled;dir_y_scaled;feat_0,db6d07e55d02a849d5a3448f1030b4a1d38f8e0098efb44c9a557d1e496eb25d
data/processed/bellevue_150th_newport/experiments/midpoint_iso_control_v1/method_comparison_variant_coords_only/labels_hdbscan.parquet,63034,0.060114,bellevue_150th_newport,trajectory/intermediate output,false,true,P2,04_processed_trajectories_and_features/,track_id;cluster_id,ccbc4c10e4ef238f988f49231d34064961331b2ca4b3008c3052619a89a4d9db
data/processed/bellevue_150th_newport/experiments/midpoint_iso_control_v1/method_comparison_variant_coords_only/labels_kmeans.parquet,64206,0.061232,bellevue_150th_newport,trajectory/intermediate output,false,true,P2,04_processed_trajectories_and_features/,track_id;cluster_id,d29427c697aac83cee05c7f95a860fdc32f6b4cd458f94daeaa698555444a950
data/processed/bellevue_150th_newport/experiments/midpoint_iso_control_v1/method_comparison_variant_coords_only/labels_optics.parquet,64000,0.061035,bellevue_150th_newport,trajectory/intermediate output,false,true,P2,04_processed_trajectories_and_features/,track_id;cluster_id,4b11d46b492e0d62b182a51c73d36680c8e188f4bb6a48681d0bad74f0d1fe17
data/processed/bellevue_150th_newport/experiments/midpoint_iso_control_v1/method_comparison_variant_coords_plus_midpoint/labels_hdbscan.parquet,63036,0.060116,bellevue_150th_newport,trajectory/intermediate output,false,true,P2,04_processed_trajectories_and_features/,track_id;cluster_id,ce83a5c69bec3d223bde022a7641e09948930dcb33e03615a03615865f9d6447
data/processed/bellevue_150th_newport/experiments/midpoint_iso_control_v1/method_comparison_variant_coords_plus_midpoint/labels_kmeans.parquet,64206,0.061232,bellevue_150th_newport,trajectory/intermediate output,false,true,P2,04_processed_trajectories_and_features/,track_id;cluster_id,551078d6caf93c8bdb4aa0ba2408fa0428f76eca3d13edcfccc2370851d30cd1
data/processed/bellevue_150th_newport/experiments/midpoint_iso_control_v1/method_comparison_variant_coords_plus_midpoint/labels_optics.parquet,63961,0.060998,bellevue_150th_newport,trajectory/intermediate output,false,true,P2,04_processed_trajectories_and_features/,track_id;cluster_id,4d0f060b32d02c73f2642eb838106bd688484d44a67b0cf67146d5a76fc4a581
data/processed/bellevue_150th_newport/experiments/newport_audit_v1/normalization_isotropic/labels_hdbscan.parquet,111928,0.106743,bellevue_150th_newport,trajectory/intermediate output,false,true,P2,04_processed_trajectories_and_features/,track_id;cluster_id,44f7e661e2149809c673742ce570bf94158a2ea98280aaf933cb4aee0b692b9c
data/processed/bellevue_150th_newport/experiments/newport_audit_v1/normalization_isotropic/labels_kmeans.parquet,111927,0.106742,bellevue_150th_newport,trajectory/intermediate output,false,true,P2,04_processed_trajectories_and_features/,track_id;cluster_id,5cccabac42f47c4383508403d3b2b3c4ef9dee2f241087b329bbb696bd5e0624
data/processed/bellevue_150th_newport/experiments/newport_audit_v1/normalization_isotropic/labels_optics.parquet,111921,0.106736,bellevue_150th_newport,trajectory/intermediate output,false,true,P2,04_processed_trajectories_and_features/,track_id;cluster_id,aeb1fcfcb95ef18e1763a2db2458c38eb8804b81a1e5f5e9b6caf04850e40803
data/processed/bellevue_150th_newport/experiments/newport_audit_v1/normalization_none/labels_hdbscan.parquet,111928,0.106743,bellevue_150th_newport,trajectory/intermediate output,false,true,P2,04_processed_trajectories_and_features/,track_id;cluster_id,44f7e661e2149809c673742ce570bf94158a2ea98280aaf933cb4aee0b692b9c
data/processed/bellevue_150th_newport/experiments/newport_audit_v1/normalization_none/labels_kmeans.parquet,111927,0.106742,bellevue_150th_newport,trajectory/intermediate output,false,true,P2,04_processed_trajectories_and_features/,track_id;cluster_id,5cccabac42f47c4383508403d3b2b3c4ef9dee2f241087b329bbb696bd5e0624
data/processed/bellevue_150th_newport/experiments/newport_audit_v1/normalization_none/labels_optics.parquet,111921,0.106736,bellevue_150th_newport,trajectory/intermediate output,false,true,P2,04_processed_trajectories_and_features/,track_id;cluster_id,aeb1fcfcb95ef18e1763a2db2458c38eb8804b81a1e5f5e9b6caf04850e40803
data/processed/bellevue_150th_newport/experiments/newport_audit_v1/normalization_standard/labels_hdbscan.parquet,111928,0.106743,bellevue_150th_newport,trajectory/intermediate output,false,true,P2,04_processed_trajectories_and_features/,track_id;cluster_id,c3af762d73267eb9a53181b724f450ad49005f2c6a803f832192a283b88fbcda
data/processed/bellevue_150th_newport/experiments/newport_audit_v1/normalization_standard/labels_kmeans.parquet,111925,0.10674,bellevue_150th_newport,trajectory/intermediate output,false,true,P2,04_processed_trajectories_and_features/,track_id;cluster_id,af7b4deeefe782cb08b7f7739f10c00b80dfb6336deeb87369b964e15533cc93
data/processed/bellevue_150th_newport/experiments/newport_audit_v1/normalization_standard/labels_optics.parquet,111931,0.106746,bellevue_150th_newport,trajectory/intermediate output,false,true,P2,04_processed_trajectories_and_features/,track_id;cluster_id,60dcdf633b327041a0a4025d2f890c81fe651da6dafde68b84f9920c23bf42b1
data/processed/bellevue_150th_newport/experiments/newport_topview_prewarp_displacement_v1/audit/normalization_isotropic/labels_hdbscan.parquet,111929,0.106744,bellevue_150th_newport,trajectory/intermediate output,false,true,P2,04_processed_trajectories_and_features/,track_id;cluster_id,8332b19ad2f1dc456d108015b6bbbf8ef7820e935235f2341970c9f350c5c59b
data/processed/bellevue_150th_newport/experiments/newport_topview_prewarp_displacement_v1/audit/normalization_isotropic/labels_kmeans.parquet,111917,0.106732,bellevue_150th_newport,trajectory/intermediate output,false,true,P2,04_processed_trajectories_and_features/,track_id;cluster_id,aed964e55cf0e573319c8b65d77287b06f317acb43c7c12c53f0da41247681c0
data/processed/bellevue_150th_newport/experiments/newport_topview_prewarp_displacement_v1/audit/normalization_isotropic/labels_optics.parquet,111686,0.106512,bellevue_150th_newport,trajectory/intermediate output,false,true,P2,04_processed_trajectories_and_features/,track_id;cluster_id,385a61da31d62badcb546352091d5252fd134b27b2c948274e059635acef0f60
data/processed/bellevue_150th_newport/experiments/newport_topview_prewarp_displacement_v1/audit/normalization_none/labels_hdbscan.parquet,111929,0.106744,bellevue_150th_newport,trajectory/intermediate output,false,true,P2,04_processed_trajectories_and_features/,track_id;cluster_id,8332b19ad2f1dc456d108015b6bbbf8ef7820e935235f2341970c9f350c5c59b
data/processed/bellevue_150th_newport/experiments/newport_topview_prewarp_displacement_v1/audit/normalization_none/labels_kmeans.parquet,111917,0.106732,bellevue_150th_newport,trajectory/intermediate output,false,true,P2,04_processed_trajectories_and_features/,track_id;cluster_id,aed964e55cf0e573319c8b65d77287b06f317acb43c7c12c53f0da41247681c0
data/processed/bellevue_150th_newport/experiments/newport_topview_prewarp_displacement_v1/audit/normalization_none/labels_optics.parquet,111686,0.106512,bellevue_150th_newport,trajectory/intermediate output,false,true,P2,04_processed_trajectories_and_features/,track_id;cluster_id,385a61da31d62badcb546352091d5252fd134b27b2c948274e059635acef0f60
data/processed/bellevue_150th_newport/experiments/newport_topview_prewarp_displacement_v1/audit/normalization_standard/labels_hdbscan.parquet,111925,0.10674,bellevue_150th_newport,trajectory/intermediate output,false,true,P2,04_processed_trajectories_and_features/,track_id;cluster_id,d1c6b8066d06012846abceb904e89c1b9082bfb89af44bca232fed01e3033745
data/processed/bellevue_150th_newport/experiments/newport_topview_prewarp_displacement_v1/audit/normalization_standard/labels_kmeans.parquet,111927,0.106742,bellevue_150th_newport,trajectory/intermediate output,false,true,P2,04_processed_trajectories_and_features/,track_id;cluster_id,08ea53e73e824cece202eb668b55790bd30a361965bbddbc0aefa403839ceecb
data/processed/bellevue_150th_newport/experiments/newport_topview_prewarp_displacement_v1/audit/normalization_standard/labels_optics.parquet,111896,0.106712,bellevue_150th_newport,trajectory/intermediate output,false,true,P2,04_processed_trajectories_and_features/,track_id;cluster_id,6fab001340fca4898e0bad18f4498b381dd4c0e024ae03f84c1bde55856cdf7b
data/processed/bellevue_150th_newport/experiments/newport_topview_prewarp_displacement_v1/camera_space_filter/selected_tracks.parquet,1093364,1.042713,bellevue_150th_newport,tracker output,false,true,P1,03_yolo_tracking_outputs/,track_id;start_x;start_y;end_x;end_y;displacement;displacement_norm,7b254005952529fedfb37151fb3fd8e64cd48aa7e8025e053d29da056c0bbe67
data/processed/bellevue_150th_newport/experiments/newport_topview_prewarp_displacement_v1/camera_space_filter/trajectories_filtered_filled.parquet,367676732,350.643856,bellevue_150th_newport,processed trajectory,false,true,P0,04_processed_trajectories_and_features/,track_id;frame;x;y;vx;vy;ax;ay;is_filled,NOT_COMPUTED_LARGE_FILE_GT_268435456_BYTES
data/processed/bellevue_150th_newport/experiments/newport_topview_prewarp_displacement_v1/trajectories_filtered_filled.parquet,371265856,354.066711,bellevue_150th_newport,processed trajectory,false,true,P0,04_processed_trajectories_and_features/,track_id;frame;x;y;vx;vy;ax;ay;is_filled,NOT_COMPUTED_LARGE_FILE_GT_268435456_BYTES
data/processed/bellevue_150th_newport/experiments/straightness_iso_control_v1/feature_variants/features_plus_frame_span.parquet,1590268,1.516598,bellevue_150th_newport,tracker output,false,true,P1,03_yolo_tracking_outputs/,track_id;start_x;start_y;end_x;end_y;start_x_iso;start_y_iso;end_x_iso;end_y_iso;frame_span;straightness;frame_span_scaled;straightness_scaled;dir_x_scaled;dir_y_scaled;feat_0;feat_1;feat_2;feat_3;feat_4,60532b76c09b6a99c41fc6ffd5c22c6df419136ad20ca2c5e76754f8c9ff2455
data/processed/bellevue_150th_newport/experiments/straightness_iso_control_v1/method_comparison_variant_coords_only/labels_hdbscan.parquet,63034,0.060114,bellevue_150th_newport,trajectory/intermediate output,false,true,P2,04_processed_trajectories_and_features/,track_id;cluster_id,ccbc4c10e4ef238f988f49231d34064961331b2ca4b3008c3052619a89a4d9db
data/processed/bellevue_150th_newport/experiments/straightness_iso_control_v1/method_comparison_variant_coords_only/labels_kmeans.parquet,64206,0.061232,bellevue_150th_newport,trajectory/intermediate output,false,true,P2,04_processed_trajectories_and_features/,track_id;cluster_id,d29427c697aac83cee05c7f95a860fdc32f6b4cd458f94daeaa698555444a950
data/processed/bellevue_150th_newport/experiments/straightness_iso_control_v1/method_comparison_variant_coords_only/labels_optics.parquet,64000,0.061035,bellevue_150th_newport,trajectory/intermediate output,false,true,P2,04_processed_trajectories_and_features/,track_id;cluster_id,4b11d46b492e0d62b182a51c73d36680c8e188f4bb6a48681d0bad74f0d1fe17
data/processed/bellevue_150th_newport/experiments/straightness_iso_control_v1/method_comparison_variant_plus_straightness/labels_hdbscan.parquet,63031,0.060111,bellevue_150th_newport,trajectory/intermediate output,false,true,P2,04_processed_trajectories_and_features/,track_id;cluster_id,cb555d675d57ab3a7858e61be2c516f38e766026ff249f47ebd02f6a97952cbd
data/processed/bellevue_150th_newport/experiments/straightness_iso_control_v1/method_comparison_variant_plus_straightness/labels_kmeans.parquet,64194,0.06122,bellevue_150th_newport,trajectory/intermediate output,false,true,P2,04_processed_trajectories_and_features/,track_id;cluster_id,f2ecf4cafdc5bf4c12fd80b3818f77d6cded6e7104eb7951aeee83dd4a10e9fc
data/processed/bellevue_150th_newport/experiments/straightness_iso_control_v1/method_comparison_variant_plus_straightness/labels_optics.parquet,63918,0.060957,bellevue_150th_newport,trajectory/intermediate output,false,true,P2,04_processed_trajectories_and_features/,track_id;cluster_id,6bd0079ffc6fb2c8c0d13416325813a534d1f48fa02ec0f1d06d842b5cf1651e
data/processed/bellevue_150th_newport/feature_analysis/features_trimmed_frame_disp.parquet,10324542,9.846251,bellevue_150th_newport,tracker output,false,true,P1,03_yolo_tracking_outputs/,track_id;frame_start;frame_end;len_frames;frame_span;duration_s;start_x;start_y;end_x;end_y;delta_x;delta_y;path_length;displacement;straightness;dir_x;dir_y;mean_speed;max_speed;mean_accel,7262113067284e758eafb4207d7aa12fbb76993ea03e5b3ed52a2e03f67d9d28
data/processed/bellevue_150th_newport/feature_analysis/features_trimmed_frame_disp_norm.parquet,2546095,2.428145,bellevue_150th_newport,tracker output,false,true,P1,03_yolo_tracking_outputs/,track_id;frame_start;frame_end;len_frames;frame_span;duration_s;start_x;start_y;end_x;end_y;delta_x;delta_y;path_length;displacement;straightness;dir_x;dir_y;mean_speed;max_speed;mean_accel,d391fcc142e63089e3cf23841e3bd26be03f9247a06da587dd2ebb59189e516f
data/processed/bellevue_150th_newport/feature_variants/features_plus_frame_span.parquet,1590268,1.516598,bellevue_150th_newport,tracker output,false,true,P1,03_yolo_tracking_outputs/,track_id;start_x;start_y;end_x;end_y;start_x_iso;start_y_iso;end_x_iso;end_y_iso;frame_span;straightness;frame_span_scaled;straightness_scaled;dir_x_scaled;dir_y_scaled;feat_0;feat_1;feat_2;feat_3;feat_4,60532b76c09b6a99c41fc6ffd5c22c6df419136ad20ca2c5e76754f8c9ff2455
data/processed/bellevue_150th_newport/feature_variants/features_plus_frame_span_straightness.parquet,1955564,1.864971,bellevue_150th_newport,tracker output,false,true,P1,03_yolo_tracking_outputs/,track_id;start_x;start_y;end_x;end_y;start_x_norm;start_y_norm;end_x_norm;end_y_norm;frame_span;straightness;path_length;displacement_norm;frame_span_norm;straightness_norm;dir_x_norm;dir_y_norm;path_length_norm;feat_0;feat_1,86f19dedb680fd02d698b31e90e56be42a8605e112910c936bff3db96f3135f8
data/processed/bellevue_150th_newport/feature_variants/features_plus_frame_span_straightness_dir.parquet,2140980,2.041798,bellevue_150th_newport,tracker output,false,true,P1,03_yolo_tracking_outputs/,track_id;start_x;start_y;end_x;end_y;start_x_norm;start_y_norm;end_x_norm;end_y_norm;frame_span;straightness;path_length;displacement_norm;frame_span_norm;straightness_norm;dir_x_norm;dir_y_norm;path_length_norm;feat_0;feat_1,bc09387b49e1cdedf29fdce7accd3e3193b8e73471b41844fff1cbb0ff4e896f
data/processed/bellevue_150th_newport/method_comparison/labels_birch.parquet,64237,0.061261,bellevue_150th_newport,trajectory/intermediate output,false,true,P2,04_processed_trajectories_and_features/,track_id;cluster_id,ecdc1758b75c7bad3f284b3a516a2c31fb87e485ec15d9e95c690c49f88b2f82
data/processed/bellevue_150th_newport/method_comparison/labels_dbscan.parquet,64251,0.061275,bellevue_150th_newport,trajectory/intermediate output,false,true,P2,04_processed_trajectories_and_features/,track_id;cluster_id,5c7013151dddf326eb5b42cd868acbaf066370abcbe1b0b67728bb7a1a30fc8e
data/processed/bellevue_150th_newport/method_comparison/labels_gmm.parquet,65452,0.06242,bellevue_150th_newport,trajectory/intermediate output,false,true,P2,04_processed_trajectories_and_features/,track_id;cluster_id,613c6c16ce8170ab86cd910b09885718d4a553d96250f5ebc311df57099e4b89
data/processed/bellevue_150th_newport/method_comparison/labels_hdbscan.parquet,64094,0.061125,bellevue_150th_newport,trajectory/intermediate output,false,true,P2,04_processed_trajectories_and_features/,track_id;cluster_id,8aaa636e8655e343cc9545b32c6f86cce4494a09ba62219a8e14adb6d7078dc9
data/processed/bellevue_150th_newport/method_comparison/labels_kmeans.parquet,65405,0.062375,bellevue_150th_newport,trajectory/intermediate output,false,true,P2,04_processed_trajectories_and_features/,track_id;cluster_id,66b78948973040ced14df54230ae96a5775548c441b487dbe2906b32d71567b4
data/processed/bellevue_150th_newport/method_comparison/labels_optics.parquet,63564,0.060619,bellevue_150th_newport,trajectory/intermediate output,false,true,P2,04_processed_trajectories_and_features/,track_id;cluster_id,a66d10bfc88135260fe4ac8be48bf92d536802c26edad3532f0079290317295b
data/processed/bellevue_150th_newport/method_comparison_variant_all_norm/labels_birch.parquet,64267,0.06129,bellevue_150th_newport,trajectory/intermediate output,false,true,P2,04_processed_trajectories_and_features/,track_id;cluster_id,512071c6c43f71c8388e0c2d4ffabf69f5fa86b7460d4378b27325d58b3027b2
data/processed/bellevue_150th_newport/method_comparison_variant_all_norm/labels_dbscan.parquet,64104,0.061134,bellevue_150th_newport,trajectory/intermediate output,false,true,P2,04_processed_trajectories_and_features/,track_id;cluster_id,1300ddd68eb3da4cc2d7d6679fc677efa60f7fd2569d82a034a4eb7e1392bd2e
data/processed/bellevue_150th_newport/method_comparison_variant_all_norm/labels_gmm.parquet,65463,0.06243,bellevue_150th_newport,trajectory/intermediate output,false,true,P2,04_processed_trajectories_and_features/,track_id;cluster_id,41e7d3ae2ad4339097fc6f9c5016561d6fd2d4c400ab312afbac32125b8e67da
data/processed/bellevue_150th_newport/method_comparison_variant_all_norm/labels_hdbscan.parquet,64037,0.06107,bellevue_150th_newport,trajectory/intermediate output,false,true,P2,04_processed_trajectories_and_features/,track_id;cluster_id,3e262ba3a6b7cb1c9e5d227315e6eb41e6ea091c4741a41119ea0196ba031b44
data/processed/bellevue_150th_newport/method_comparison_variant_all_norm/labels_kmeans.parquet,65420,0.062389,bellevue_150th_newport,trajectory/intermediate output,false,true,P2,04_processed_trajectories_and_features/,track_id;cluster_id,9492b745dd22af0f6bfbc82b6d8d2c13dadc47bbf984697a18b41c5e06a44374
data/processed/bellevue_150th_newport/method_comparison_variant_all_norm/labels_optics.parquet,63382,0.060446,bellevue_150th_newport,trajectory/intermediate output,false,true,P2,04_processed_trajectories_and_features/,track_id;cluster_id,326be106b96c58a79caf2ef795b100af159ae107429a3a94598eefea425a3396
data/processed/bellevue_150th_newport/method_comparison_variant_baseline_norm4/labels_birch.parquet,65191,0.062171,bellevue_150th_newport,trajectory/intermediate output,false,true,P2,04_processed_trajectories_and_features/,track_id;cluster_id,1cc30f648a2f8d4c14dab2e9dc07c11e556c7e375a9b72ebba7b58f77af32b0a
data/processed/bellevue_150th_newport/method_comparison_variant_baseline_norm4/labels_dbscan.parquet,63943,0.060981,bellevue_150th_newport,trajectory/intermediate output,false,true,P2,04_processed_trajectories_and_features/,track_id;cluster_id,b79da80c42f28235a4ad4d60c084f16703ee4b83d47bbf2c8feca5a81a9960a0
data/processed/bellevue_150th_newport/method_comparison_variant_baseline_norm4/labels_gmm.parquet,65458,0.062426,bellevue_150th_newport,trajectory/intermediate output,false,true,P2,04_processed_trajectories_and_features/,track_id;cluster_id,437abcb59c569a3eb6cc705655005d32ca9fc01c234f543d1913a9afb36b2a53
data/processed/bellevue_150th_newport/method_comparison_variant_baseline_norm4/labels_hdbscan.parquet,64022,0.061056,bellevue_150th_newport,trajectory/intermediate output,false,true,P2,04_processed_trajectories_and_features/,track_id;cluster_id,4800c84c0e74fc9131efab1638a6fb3b73a89d15479f4accafeb36f759fe00d1
data/processed/bellevue_150th_newport/method_comparison_variant_baseline_norm4/labels_kmeans.parquet,64223,0.061248,bellevue_150th_newport,trajectory/intermediate output,false,true,P2,04_processed_trajectories_and_features/,track_id;cluster_id,604180bdd6a1a8107d354c42292d07af22e4cee6ee028c4226ca14b029859052
data/processed/bellevue_150th_newport/method_comparison_variant_baseline_norm4/labels_optics.parquet,63952,0.060989,bellevue_150th_newport,trajectory/intermediate output,false,true,P2,04_processed_trajectories_and_features/,track_id;cluster_id,34b8581095280f64faccf160ea910d9407694a6934fcf6da68ddea8d7ec8fe0c
data/processed/bellevue_150th_newport/method_comparison_variant_plus_frame_span/labels_birch.parquet,64242,0.061266,bellevue_150th_newport,trajectory/intermediate output,false,true,P2,04_processed_trajectories_and_features/,track_id;cluster_id,c87ccf40b89fc643b75f0c161ec84131470565980d5484f6cf761ed376841f31
data/processed/bellevue_150th_newport/method_comparison_variant_plus_frame_span/labels_dbscan.parquet,64927,0.061919,bellevue_150th_newport,trajectory/intermediate output,false,true,P2,04_processed_trajectories_and_features/,track_id;cluster_id,5393cb3ea218e3d77c64e07a02a65731a2dab24d17a2794044e180a808d5219e
data/processed/bellevue_150th_newport/method_comparison_variant_plus_frame_span/labels_gmm.parquet,64255,0.061278,bellevue_150th_newport,trajectory/intermediate output,false,true,P2,04_processed_trajectories_and_features/,track_id;cluster_id,07c25c9f06416023251e7ddc615378d29e3158c99486e60c8dc769a01bad7976
data/processed/bellevue_150th_newport/method_comparison_variant_plus_frame_span/labels_hdbscan.parquet,64037,0.06107,bellevue_150th_newport,trajectory/intermediate output,false,true,P2,04_processed_trajectories_and_features/,track_id;cluster_id,763646d112f19bb0fd5bd5c250a3b652536386c84e6002b0180ac1951ca61d5d
data/processed/bellevue_150th_newport/method_comparison_variant_plus_frame_span/labels_kmeans.parquet,64203,0.061229,bellevue_150th_newport,trajectory/intermediate output,false,true,P2,04_processed_trajectories_and_features/,track_id;cluster_id,3c9686fe9f1c81c6167f2cbb9a1161136eb48439a6e8373c26180898ed6d062c
data/processed/bellevue_150th_newport/method_comparison_variant_plus_frame_span/labels_optics.parquet,63941,0.060979,bellevue_150th_newport,trajectory/intermediate output,false,true,P2,04_processed_trajectories_and_features/,track_id;cluster_id,ed32d10f4f9148978d5e7f7b91fb9c9f59be45ce86511ab2c5647fcabe64140d
data/processed/bellevue_150th_newport/method_comparison_variant_plus_frame_span/methods_summary.csv,1224,0.001167,bellevue_150th_newport,unclear,false,true,P2,99_misc_review/,,3f5ff7fa11f7860f7cf5dca3765a41a372adb99fa7056881257dbe98014572dc
data/processed/bellevue_150th_newport/method_comparison_variant_plus_frame_span/methods_summary.partial.csv,1224,0.001167,bellevue_150th_newport,unclear,false,true,P2,99_misc_review/,,3f5ff7fa11f7860f7cf5dca3765a41a372adb99fa7056881257dbe98014572dc
data/processed/bellevue_150th_newport/method_comparison_variant_plus_frame_span/stats_birch.json,314,0.000299,bellevue_150th_newport,unclear,false,true,P2,99_misc_review/,,ba8e1cf0922f21b6457da96140538515de6aae652ec7c53af4e3f1cdc595226e
data/processed/bellevue_150th_newport/method_comparison_variant_plus_frame_span/stats_dbscan.json,330,0.000315,bellevue_150th_newport,unclear,false,true,P2,99_misc_review/,,66942748dc61320338616ace5afefd20f6db5a87d548a44829fb74b8da2b8d5c
data/processed/bellevue_150th_newport/method_comparison_variant_plus_frame_span/stats_gmm.json,317,0.000302,bellevue_150th_newport,unclear,false,true,P2,99_misc_review/,,47f23b029231589b97584ac6e3c7a4a19380c93d85110bca38a2a32d2c30f33b
data/processed/bellevue_150th_newport/method_comparison_variant_plus_frame_span/stats_hdbscan.json,348,0.000332,bellevue_150th_newport,unclear,false,true,P2,99_misc_review/,,cf65e2d3e03faf246fefdba3b9999a70ee7f8a6a0d725315271ed53b9f0ca7db
data/processed/bellevue_150th_newport/method_comparison_variant_plus_frame_span/stats_kmeans.json,362,0.000345,bellevue_150th_newport,unclear,false,true,P2,99_misc_review/,,8b4ef6b719f868debb838dff426e8660d39757ad93c5d9b46cdc7b0f4553e356
data/processed/bellevue_150th_newport/method_comparison_variant_plus_frame_span/stats_optics.json,338,0.000322,bellevue_150th_newport,unclear,false,true,P2,99_misc_review/,,69b32957fd271031f9fb188132e85b48dcd1eb9048b51828f5840c272997cad3
data/processed/bellevue_150th_newport/method_comparison_variant_plus_frame_span/trials_birch.csv,1140,0.001087,bellevue_150th_newport,unclear,false,true,P2,99_misc_review/,,2518fc4a47523a533ef0b4f30484eb07e45a6be0396d2633a3d53d3a27e753f0
data/processed/bellevue_150th_newport/method_comparison_variant_plus_frame_span/trials_dbscan.csv,1386,0.001322,bellevue_150th_newport,unclear,false,true,P2,99_misc_review/,,e8d8637c9274e9f8783e3bbeb93004dc08f66215750867dab488721f87a8201b
data/processed/bellevue_150th_newport/method_comparison_variant_plus_frame_span/trials_gmm.csv,783,0.000747,bellevue_150th_newport,unclear,false,true,P2,99_misc_review/,,aceb6da5edf78b04c2b2d723a7cadfa220fbc4f58aa16186a42264c84bef47ec
data/processed/bellevue_150th_newport/method_comparison_variant_plus_frame_span/trials_hdbscan.csv,1824,0.00174,bellevue_150th_newport,unclear,false,true,P2,99_misc_review/,,6eeacef0215ac8379f03784f500e578c58e530453d91c3f62ab9932853ebe700
data/processed/bellevue_150th_newport/method_comparison_variant_plus_frame_span/trials_kmeans.csv,3197,0.003049,bellevue_150th_newport,unclear,false,true,P2,99_misc_review/,,9e8ce7c25365e14b4c80de2166d6be30cc11c3582958a71b800b366edb98159f
data/processed/bellevue_150th_newport/method_comparison_variant_plus_frame_span/trials_optics.csv,4090,0.003901,bellevue_150th_newport,unclear,false,true,P2,99_misc_review/,,94e093e1ffdbfba9103bc646769661560d9ddc7abc207c96364bcb53d9e4606b
data/processed/bellevue_150th_newport/method_comparison_variant_plus_frame_span_straightness/labels_birch.parquet,64265,0.061288,bellevue_150th_newport,trajectory/intermediate output,false,true,P2,04_processed_trajectories_and_features/,track_id;cluster_id,6d7aca831090c1caee2548044db4e58fc7d701d15e679092d69fc9f84b4b95fb
data/processed/bellevue_150th_newport/method_comparison_variant_plus_frame_span_straightness/labels_dbscan.parquet,64028,0.061062,bellevue_150th_newport,trajectory/intermediate output,false,true,P2,04_processed_trajectories_and_features/,track_id;cluster_id,01116df88eeddb38102f518a0f38f3b3073f124846189b0f3a982590a21506e1
data/processed/bellevue_150th_newport/method_comparison_variant_plus_frame_span_straightness/labels_gmm.parquet,64275,0.061297,bellevue_150th_newport,trajectory/intermediate output,false,true,P2,04_processed_trajectories_and_features/,track_id;cluster_id,93d92a7c136d53694442cddfb9f7708f27dde6a29005f6ec830e5ced70ab45c1
data/processed/bellevue_150th_newport/method_comparison_variant_plus_frame_span_straightness/labels_hdbscan.parquet,64201,0.061227,bellevue_150th_newport,trajectory/intermediate output,false,true,P2,04_processed_trajectories_and_features/,track_id;cluster_id,1d457768f4aed9dafbeb0091d8a7ce1e79fa210e64d71d3c62af0c5364d3da5b
data/processed/bellevue_150th_newport/method_comparison_variant_plus_frame_span_straightness/labels_kmeans.parquet,64213,0.061238,bellevue_150th_newport,trajectory/intermediate output,false,true,P2,04_processed_trajectories_and_features/,track_id;cluster_id,3908a87063b2bd210d208a00399943d1a6edb6cfb42a35b070a281083dabb356
data/processed/bellevue_150th_newport/method_comparison_variant_plus_frame_span_straightness/labels_optics.parquet,63842,0.060884,bellevue_150th_newport,trajectory/intermediate output,false,true,P2,04_processed_trajectories_and_features/,track_id;cluster_id,e32018af7ee33b0fa5cf1623c9852858d7f27a1c1d6ec49c82f37e584d8d90ab
data/processed/bellevue_150th_newport/method_comparison_variant_plus_frame_span_straightness/methods_summary.csv,1301,0.001241,bellevue_150th_newport,unclear,false,true,P2,99_misc_review/,,cae232c66ad1e601a1839c8b651817ccd0f26dd71105c6e23c7e38c82a3581dc
data/processed/bellevue_150th_newport/method_comparison_variant_plus_frame_span_straightness/methods_summary.partial.csv,1301,0.001241,bellevue_150th_newport,unclear,false,true,P2,99_misc_review/,,cae232c66ad1e601a1839c8b651817ccd0f26dd71105c6e23c7e38c82a3581dc
data/processed/bellevue_150th_newport/method_comparison_variant_plus_frame_span_straightness/stats_birch.json,315,0.0003,bellevue_150th_newport,unclear,false,true,P2,99_misc_review/,,fcbf9f728d8c83e60a5f9bfaecc2b6722f804b44c44b3c6b838fcf4c69a48a98
data/processed/bellevue_150th_newport/method_comparison_variant_plus_frame_span_straightness/stats_dbscan.json,328,0.000313,bellevue_150th_newport,unclear,false,true,P2,99_misc_review/,,5ecf1b64ac621e57e279085a612b981706a59a91fedf0ce47e4575b261b1ab62
data/processed/bellevue_150th_newport/method_comparison_variant_plus_frame_span_straightness/stats_gmm.json,316,0.000301,bellevue_150th_newport,unclear,false,true,P2,99_misc_review/,,8d6383321d404aaa4c196a3dcaccf7bad79bdcffd8befb578f0524547e5da7d0
data/processed/bellevue_150th_newport/method_comparison_variant_plus_frame_span_straightness/stats_hdbscan.json,348,0.000332,bellevue_150th_newport,unclear,false,true,P2,99_misc_review/,,566c825a430b6748012deddc6a205a01879926d2cf8fd544faba71b5e5029a88
data/processed/bellevue_150th_newport/method_comparison_variant_plus_frame_span_straightness/stats_kmeans.json,363,0.000346,bellevue_150th_newport,unclear,false,true,P2,99_misc_review/,,27d797a669f9d0c972ef61a8d8ebf02ffe12baf38890dc5a8c017f60e1d9bb40
data/processed/bellevue_150th_newport/method_comparison_variant_plus_frame_span_straightness/stats_optics.json,338,0.000322,bellevue_150th_newport,unclear,false,true,P2,99_misc_review/,,18e10e7e0b16d2ccf173f428f1e310fce2d2e7f74de9962f857939d42e951bf9
data/processed/bellevue_150th_newport/method_comparison_variant_plus_frame_span_straightness/trials_birch.csv,1137,0.001084,bellevue_150th_newport,unclear,false,true,P2,99_misc_review/,,a954ea2674f51b8813bb2735ab2ca884b29ed618101b3620994d75ccca8cc737
data/processed/bellevue_150th_newport/method_comparison_variant_plus_frame_span_straightness/trials_dbscan.csv,1392,0.001328,bellevue_150th_newport,unclear,false,true,P2,99_misc_review/,,a9dbe4056ce12d5e7112a5ae491e6cf18f3f4d0022369577f334b4c84d985e83
data/processed/bellevue_150th_newport/method_comparison_variant_plus_frame_span_straightness/trials_gmm.csv,783,0.000747,bellevue_150th_newport,unclear,false,true,P2,99_misc_review/,,0fde16e4d894228761476b10fa90cca041eff8aeeac84c2bdfc0765b780119b0
data/processed/bellevue_150th_newport/method_comparison_variant_plus_frame_span_straightness/trials_hdbscan.csv,1811,0.001727,bellevue_150th_newport,unclear,false,true,P2,99_misc_review/,,c9d48d5cdc259ef47058aed56b878649e436eb9b078549b2e94631d8098f767c
data/processed/bellevue_150th_newport/method_comparison_variant_plus_frame_span_straightness/trials_kmeans.csv,3220,0.003071,bellevue_150th_newport,unclear,false,true,P2,99_misc_review/,,30d7da60d713b34b1fa77bfeddcce26b25cb54babf08ec6750b5e1a442e05ca6
data/processed/bellevue_150th_newport/method_comparison_variant_plus_frame_span_straightness/trials_optics.csv,4070,0.003881,bellevue_150th_newport,unclear,false,true,P2,99_misc_review/,,94d17f931fbcfa31190a5ced809aed64d666c125441402ca7dcf9064364b5803
data/processed/bellevue_150th_newport/method_comparison_variant_plus_frame_span_straightness_dir/labels_birch.parquet,64260,0.061283,bellevue_150th_newport,trajectory/intermediate output,false,true,P2,04_processed_trajectories_and_features/,track_id;cluster_id,96c33049442acd0e2733dd7ac49f6ddabb8dd79e6fe7eaf2927a82d917f984ad
data/processed/bellevue_150th_newport/method_comparison_variant_plus_frame_span_straightness_dir/labels_dbscan.parquet,64053,0.061086,bellevue_150th_newport,trajectory/intermediate output,false,true,P2,04_processed_trajectories_and_features/,track_id;cluster_id,ecb81132db737592a46b9d46e8b012c12ad022843dea3fc584ec2c9689bdb980
data/processed/bellevue_150th_newport/method_comparison_variant_plus_frame_span_straightness_dir/labels_gmm.parquet,65463,0.06243,bellevue_150th_newport,trajectory/intermediate output,false,true,P2,04_processed_trajectories_and_features/,track_id;cluster_id,c6902196bc1e1b4dc06da6c04e50a8b0bd732c4b3f702032e34b37771e5984b0
data/processed/bellevue_150th_newport/method_comparison_variant_plus_frame_span_straightness_dir/labels_hdbscan.parquet,64201,0.061227,bellevue_150th_newport,trajectory/intermediate output,false,true,P2,04_processed_trajectories_and_features/,track_id;cluster_id,ea7a35461247a66c024ae5bf601a4ac7699686367b81b661e850d7221388de9e
data/processed/bellevue_150th_newport/method_comparison_variant_plus_frame_span_straightness_dir/labels_kmeans.parquet,64205,0.061231,bellevue_150th_newport,trajectory/intermediate output,false,true,P2,04_processed_trajectories_and_features/,track_id;cluster_id,633735141fd1c1de0fa9bcbbd9747faf75c96763e278dab3b9d293e424ff582b
data/processed/bellevue_150th_newport/method_comparison_variant_plus_frame_span_straightness_dir/labels_optics.parquet,62253,0.059369,bellevue_150th_newport,trajectory/intermediate output,false,true,P2,04_processed_trajectories_and_features/,track_id;cluster_id,4447335679568404d19f50b16ba67f6ef9a13cf84a40b71069d2161fb721e66e
data/processed/bellevue_150th_newport/method_comparison_variant_plus_frame_span_straightness_dir/methods_summary.csv,1325,0.001264,bellevue_150th_newport,unclear,false,true,P2,99_misc_review/,,67055ec192cb90c0b5229feddee6271dc6a290df74df49fb92576d7bb7fd95f8
data/processed/bellevue_150th_newport/method_comparison_variant_plus_frame_span_straightness_dir/methods_summary.partial.csv,1325,0.001264,bellevue_150th_newport,unclear,false,true,P2,99_misc_review/,,67055ec192cb90c0b5229feddee6271dc6a290df74df49fb92576d7bb7fd95f8
data/processed/bellevue_150th_newport/method_comparison_variant_plus_frame_span_straightness_dir/stats_birch.json,315,0.0003,bellevue_150th_newport,unclear,false,true,P2,99_misc_review/,,1671dc111355a87f2fb7cdd0a11f19edd60b5305e466ee69f0e25e5735ffcdd6
data/processed/bellevue_150th_newport/method_comparison_variant_plus_frame_span_straightness_dir/stats_dbscan.json,330,0.000315,bellevue_150th_newport,unclear,false,true,P2,99_misc_review/,,0eac05c9a3d3cb4835eab189741e735d56fcc8bb4a863fc70c87e01faf654aa8
data/processed/bellevue_150th_newport/method_comparison_variant_plus_frame_span_straightness_dir/stats_gmm.json,316,0.000301,bellevue_150th_newport,unclear,false,true,P2,99_misc_review/,,4cd604f1ce06fc7946de5b47b01578588523149570009a321e9842f1bab07548
data/processed/bellevue_150th_newport/method_comparison_variant_plus_frame_span_straightness_dir/stats_hdbscan.json,347,0.000331,bellevue_150th_newport,unclear,false,true,P2,99_misc_review/,,fb9492859eb3d9d3c9b8e8b007de23a001cdff7e45051b470cb5f76d44ae8618
data/processed/bellevue_150th_newport/method_comparison_variant_plus_frame_span_straightness_dir/stats_kmeans.json,362,0.000345,bellevue_150th_newport,unclear,false,true,P2,99_misc_review/,,b50c1a018ae1420ecbcf3b074f77a7c7e5af809e66f0b820e3847687512b7419
data/processed/bellevue_150th_newport/method_comparison_variant_plus_frame_span_straightness_dir/stats_optics.json,338,0.000322,bellevue_150th_newport,unclear,false,true,P2,99_misc_review/,,f443a1d4c8eb9250e8ad4bea7fe7aa2baf81fa3c0dcb92f98774997a2a19ca1d
data/processed/bellevue_150th_newport/method_comparison_variant_plus_frame_span_straightness_dir/trials_birch.csv,1140,0.001087,bellevue_150th_newport,unclear,false,true,P2,99_misc_review/,,3489e15cc8de55e1ecbf9e208d101deb7528c1b48b29c09a20f2e06cbedd0f7a
data/processed/bellevue_150th_newport/method_comparison_variant_plus_frame_span_straightness_dir/trials_dbscan.csv,1395,0.00133,bellevue_150th_newport,unclear,false,true,P2,99_misc_review/,,0ba67cfeea82ff08b6c1557fb642a368afb413d5d7ff6466c00261741be42150
data/processed/bellevue_150th_newport/method_comparison_variant_plus_frame_span_straightness_dir/trials_gmm.csv,779,0.000743,bellevue_150th_newport,unclear,false,true,P2,99_misc_review/,,0d8193601055b0a0d6465392cc0b65749c5aac0b14f08e399f9a267cb4151770
data/processed/bellevue_150th_newport/method_comparison_variant_plus_frame_span_straightness_dir/trials_hdbscan.csv,1828,0.001743,bellevue_150th_newport,unclear,false,true,P2,99_misc_review/,,9fda56558518e9980f495bae86f3e319091c7d715cb153c5d18133f9a491fec6
data/processed/bellevue_150th_newport/method_comparison_variant_plus_frame_span_straightness_dir/trials_kmeans.csv,3213,0.003064,bellevue_150th_newport,unclear,false,true,P2,99_misc_review/,,436d1b5279aff2ce06eebcaeceb055667befee2984aac49cb16da2681607910f
data/processed/bellevue_150th_newport/method_comparison_variant_plus_frame_span_straightness_dir/trials_optics.csv,4073,0.003884,bellevue_150th_newport,unclear,false,true,P2,99_misc_review/,,51c710fd56ecbaca079508935b1eb5394238f72873ee6bb37cd5b316e66e034d
data/processed/bellevue_150th_newport/method_comparison_variant_plus_straightness/labels_hdbscan.parquet,64012,0.061047,bellevue_150th_newport,trajectory/intermediate output,false,true,P2,04_processed_trajectories_and_features/,track_id;cluster_id,4850ac7ef154e02871f4b1498b4e1e013a7bcbeaa14d8db9a285f479b1b1f3d2
data/processed/bellevue_150th_newport/method_comparison_variant_plus_straightness/labels_kmeans.parquet,64110,0.06114,bellevue_150th_newport,trajectory/intermediate output,false,true,P2,04_processed_trajectories_and_features/,track_id;cluster_id,4b1443801117ea711d59b34fecda4aa663fade734d0b4e953671877c28c89e44
data/processed/bellevue_150th_newport/method_comparison_variant_plus_straightness/labels_optics.parquet,64058,0.06109,bellevue_150th_newport,trajectory/intermediate output,false,true,P2,04_processed_trajectories_and_features/,track_id;cluster_id,18523e396e586c7a5636b018aca883550f98a1152e5aa8e97d85cda96243ebe0
data/processed/bellevue_150th_newport/trajectories.parquet,976055547,930.839107,bellevue_150th_newport,processed trajectory,false,true,P0,04_processed_trajectories_and_features/,track_id;frame;x;y;vx;vy;ax;ay,NOT_COMPUTED_LARGE_FILE_GT_268435456_BYTES
data/processed/bellevue_150th_se38th/experiments/se38th_audit_v1/normalization_isotropic/labels_hdbscan.parquet,135196,0.128933,bellevue_150th_se38th,trajectory/intermediate output,false,true,P2,04_processed_trajectories_and_features/,track_id;cluster_id,f63cabf28c2a5c029febfbc2490b8239802ef48af5391cacb570ce6f8b3f473b
data/processed/bellevue_150th_se38th/experiments/se38th_audit_v1/normalization_isotropic/labels_kmeans.parquet,135186,0.128923,bellevue_150th_se38th,trajectory/intermediate output,false,true,P2,04_processed_trajectories_and_features/,track_id;cluster_id,2c55fdb6852ebe7f221c55130fae12a6494680e6eebdbcca41e98003fca8c05b
data/processed/bellevue_150th_se38th/experiments/se38th_audit_v1/normalization_isotropic/labels_optics.parquet,135184,0.128922,bellevue_150th_se38th,trajectory/intermediate output,false,true,P2,04_processed_trajectories_and_features/,track_id;cluster_id,64cd87dce9e9ea3cd0b47bc278262836658d7c197d1149524e6f250f33626454
data/processed/bellevue_150th_se38th/experiments/se38th_audit_v1/normalization_none/labels_hdbscan.parquet,135196,0.128933,bellevue_150th_se38th,trajectory/intermediate output,false,true,P2,04_processed_trajectories_and_features/,track_id;cluster_id,f63cabf28c2a5c029febfbc2490b8239802ef48af5391cacb570ce6f8b3f473b
data/processed/bellevue_150th_se38th/experiments/se38th_audit_v1/normalization_none/labels_kmeans.parquet,135186,0.128923,bellevue_150th_se38th,trajectory/intermediate output,false,true,P2,04_processed_trajectories_and_features/,track_id;cluster_id,2c55fdb6852ebe7f221c55130fae12a6494680e6eebdbcca41e98003fca8c05b
data/processed/bellevue_150th_se38th/experiments/se38th_audit_v1/normalization_none/labels_optics.parquet,135184,0.128922,bellevue_150th_se38th,trajectory/intermediate output,false,true,P2,04_processed_trajectories_and_features/,track_id;cluster_id,64cd87dce9e9ea3cd0b47bc278262836658d7c197d1149524e6f250f33626454
data/processed/bellevue_150th_se38th/experiments/se38th_audit_v1/normalization_standard/labels_hdbscan.parquet,135209,0.128945,bellevue_150th_se38th,trajectory/intermediate output,false,true,P2,04_processed_trajectories_and_features/,track_id;cluster_id,bb9ea009346a926d8fe664f3a8918bf3a30c8bea8ab5702eb22c17cf347a2bff
data/processed/bellevue_150th_se38th/experiments/se38th_audit_v1/normalization_standard/labels_kmeans.parquet,135185,0.128922,bellevue_150th_se38th,trajectory/intermediate output,false,true,P2,04_processed_trajectories_and_features/,track_id;cluster_id,d602613c32f31db465864d93df1561bf4a6732fc46a1854b95bc637b4bf63f87
data/processed/bellevue_150th_se38th/experiments/se38th_audit_v1/normalization_standard/labels_optics.parquet,135199,0.128936,bellevue_150th_se38th,trajectory/intermediate output,false,true,P2,04_processed_trajectories_and_features/,track_id;cluster_id,a5b04f2318f21a0872fb826c7772d6d03e9adc8ceb4d53d10652d3e859da992c
data/processed/bellevue_150th_se38th/experiments/se38th_topview_prewarp_displacement_v1/audit/normalization_isotropic/labels_hdbscan.parquet,135183,0.128921,bellevue_150th_se38th,trajectory/intermediate output,false,true,P2,04_processed_trajectories_and_features/,track_id;cluster_id,d84f8718d269cf0ebf9e94468569b1488d2f212bf9deeef2e35d71bc843ee133
data/processed/bellevue_150th_se38th/experiments/se38th_topview_prewarp_displacement_v1/audit/normalization_isotropic/labels_kmeans.parquet,135182,0.12892,bellevue_150th_se38th,trajectory/intermediate output,false,true,P2,04_processed_trajectories_and_features/,track_id;cluster_id,1b04170fa95d11411c01e8fa97006b2d806d64440e8f1d082bd6d3fe24698e9b
data/processed/bellevue_150th_se38th/experiments/se38th_topview_prewarp_displacement_v1/audit/normalization_isotropic/labels_optics.parquet,134930,0.128679,bellevue_150th_se38th,trajectory/intermediate output,false,true,P2,04_processed_trajectories_and_features/,track_id;cluster_id,8d04b1956b0136ba207f040369c7c0c99912f9643da99303da3bf6d1590a1f1b
data/processed/bellevue_150th_se38th/experiments/se38th_topview_prewarp_displacement_v1/audit/normalization_none/labels_hdbscan.parquet,135183,0.128921,bellevue_150th_se38th,trajectory/intermediate output,false,true,P2,04_processed_trajectories_and_features/,track_id;cluster_id,d84f8718d269cf0ebf9e94468569b1488d2f212bf9deeef2e35d71bc843ee133
data/processed/bellevue_150th_se38th/experiments/se38th_topview_prewarp_displacement_v1/audit/normalization_none/labels_kmeans.parquet,135182,0.12892,bellevue_150th_se38th,trajectory/intermediate output,false,true,P2,04_processed_trajectories_and_features/,track_id;cluster_id,1b04170fa95d11411c01e8fa97006b2d806d64440e8f1d082bd6d3fe24698e9b
data/processed/bellevue_150th_se38th/experiments/se38th_topview_prewarp_displacement_v1/audit/normalization_none/labels_optics.parquet,134930,0.128679,bellevue_150th_se38th,trajectory/intermediate output,false,true,P2,04_processed_trajectories_and_features/,track_id;cluster_id,8d04b1956b0136ba207f040369c7c0c99912f9643da99303da3bf6d1590a1f1b
data/processed/bellevue_150th_se38th/experiments/se38th_topview_prewarp_displacement_v1/audit/normalization_standard/labels_hdbscan.parquet,135181,0.128919,bellevue_150th_se38th,trajectory/intermediate output,false,true,P2,04_processed_trajectories_and_features/,track_id;cluster_id,90f720e6611b03dc5ce89602c0a52ce45a27ef5174b47f4f1d5406f0e1c5b20e
data/processed/bellevue_150th_se38th/experiments/se38th_topview_prewarp_displacement_v1/audit/normalization_standard/labels_kmeans.parquet,135181,0.128919,bellevue_150th_se38th,trajectory/intermediate output,false,true,P2,04_processed_trajectories_and_features/,track_id;cluster_id,17ce171ed4a52546da7aad57614e401c32bca3eda5c8e3828eb777b1da40f10a
data/processed/bellevue_150th_se38th/experiments/se38th_topview_prewarp_displacement_v1/audit/normalization_standard/labels_optics.parquet,135059,0.128802,bellevue_150th_se38th,trajectory/intermediate output,false,true,P2,04_processed_trajectories_and_features/,track_id;cluster_id,29dc60b08f54e2dfd51ead93aeafbfc788304b2339dabc188f66a734b74c9dc5
data/processed/bellevue_150th_se38th/experiments/se38th_topview_prewarp_displacement_v1/camera_space_filter/selected_tracks.parquet,1329642,1.268045,bellevue_150th_se38th,tracker output,false,true,P1,03_yolo_tracking_outputs/,track_id;start_x;start_y;end_x;end_y;displacement;displacement_norm,d257bf671a744b645122ba54745853746a9d889f7414bc4ba6c5509d1fa85d8a
data/processed/bellevue_150th_se38th/experiments/se38th_topview_prewarp_displacement_v1/camera_space_filter/trajectories_filtered_filled.parquet,579570548,552.721546,bellevue_150th_se38th,processed trajectory,false,true,P0,04_processed_trajectories_and_features/,track_id;frame;x;y;vx;vy;ax;ay;is_filled,NOT_COMPUTED_LARGE_FILE_GT_268435456_BYTES
data/processed/bellevue_150th_se38th/experiments/se38th_topview_prewarp_displacement_v1/trajectories_filtered_filled.parquet,586954791,559.763709,bellevue_150th_se38th,processed trajectory,false,true,P0,04_processed_trajectories_and_features/,track_id;frame;x;y;vx;vy;ax;ay;is_filled,NOT_COMPUTED_LARGE_FILE_GT_268435456_BYTES
data/processed/bellevue_150th_se38th/feature_analysis/features_trimmed_frame_disp.parquet,10433570,9.950228,bellevue_150th_se38th,tracker output,false,true,P1,03_yolo_tracking_outputs/,track_id;frame_start;frame_end;len_frames;frame_span;duration_s;start_x;start_y;end_x;end_y;delta_x;delta_y;path_length;displacement;straightness;dir_x;dir_y;mean_speed;max_speed;mean_accel,8a54331a09e6ea43f4ed75cd7f12d58866c230bcd95d9c95745239e537491c23
data/processed/bellevue_150th_se38th/feature_analysis/features_trimmed_frame_disp_norm.parquet,2449074,2.335619,bellevue_150th_se38th,tracker output,false,true,P1,03_yolo_tracking_outputs/,track_id;frame_start;frame_end;len_frames;frame_span;duration_s;start_x;start_y;end_x;end_y;delta_x;delta_y;path_length;displacement;straightness;dir_x;dir_y;mean_speed;max_speed;mean_accel,fed46c5dd2373c007616d0b84d16f09481578d40cb97339a15a03f6697ba491a
data/processed/bellevue_150th_se38th/feature_variants/features_plus_frame_span.parquet,1526501,1.455785,bellevue_150th_se38th,tracker output,false,true,P1,03_yolo_tracking_outputs/,track_id;start_x;start_y;end_x;end_y;start_x_iso;start_y_iso;end_x_iso;end_y_iso;frame_span;straightness;frame_span_scaled;straightness_scaled;dir_x_scaled;dir_y_scaled;feat_0;feat_1;feat_2;feat_3;feat_4,18c9ce80b9f556d4538a7076a434925cb2f5cfeec90d822afeae5fc191e1baab
data/processed/bellevue_150th_se38th/feature_variants/features_plus_frame_span_straightness.parquet,1877896,1.790901,bellevue_150th_se38th,tracker output,false,true,P1,03_yolo_tracking_outputs/,track_id;start_x;start_y;end_x;end_y;start_x_norm;start_y_norm;end_x_norm;end_y_norm;frame_span;straightness;path_length;displacement_norm;frame_span_norm;straightness_norm;dir_x_norm;dir_y_norm;path_length_norm;feat_0;feat_1,e87ab18d2a463014ab393b0a75ddcf57af4a060466ea0357e3f79c96e7d3a17b
data/processed/bellevue_150th_se38th/feature_variants/features_plus_frame_span_straightness_dir.parquet,2055756,1.960522,bellevue_150th_se38th,tracker output,false,true,P1,03_yolo_tracking_outputs/,track_id;start_x;start_y;end_x;end_y;start_x_norm;start_y_norm;end_x_norm;end_y_norm;frame_span;straightness;path_length;displacement_norm;frame_span_norm;straightness_norm;dir_x_norm;dir_y_norm;path_length_norm;feat_0;feat_1,f8a50793da2a229481c25fcf36758a79734e1699c4e626eeb37d217332a2c43b
data/processed/bellevue_150th_se38th/method_comparison/labels_birch.parquet,62176,0.059296,bellevue_150th_se38th,trajectory/intermediate output,false,true,P2,04_processed_trajectories_and_features/,track_id;cluster_id,f0f9797726f45c2d864f2e844a5ce419a3c3e03cb8f9332a700291c412c56e62
data/processed/bellevue_150th_se38th/method_comparison/labels_dbscan.parquet,61271,0.058433,bellevue_150th_se38th,trajectory/intermediate output,false,true,P2,04_processed_trajectories_and_features/,track_id;cluster_id,88e1c90d20b070a6d962bd282e9ee34a4ed17b0641c7c511ce29d53c6038942b
data/processed/bellevue_150th_se38th/method_comparison/labels_gmm.parquet,62524,0.059628,bellevue_150th_se38th,trajectory/intermediate output,false,true,P2,04_processed_trajectories_and_features/,track_id;cluster_id,968d094ae3213128a1225de7a132477178f72772a4d9736b272223bdc946be33
data/processed/bellevue_150th_se38th/method_comparison/labels_hdbscan.parquet,61272,0.058434,bellevue_150th_se38th,trajectory/intermediate output,false,true,P2,04_processed_trajectories_and_features/,track_id;cluster_id,946df01cebb1a50c2bded56eaf1682458b24d677eea35e111428e11438cd510a
data/processed/bellevue_150th_se38th/method_comparison/labels_kmeans.parquet,61323,0.058482,bellevue_150th_se38th,trajectory/intermediate output,false,true,P2,04_processed_trajectories_and_features/,track_id;cluster_id,88a193d43eba2cb4964391655878fe8d407affd7db67e8a6c67bd39b8955a53e
data/processed/bellevue_150th_se38th/method_comparison/labels_optics.parquet,61299,0.058459,bellevue_150th_se38th,trajectory/intermediate output,false,true,P2,04_processed_trajectories_and_features/,track_id;cluster_id,e8a08f39d5c73a1ccedf97626bc6f38e0ba5da0a66d5ad6870b5b29cb19e79a6
data/processed/bellevue_150th_se38th/method_comparison_variant_all_norm/labels_birch.parquet,62462,0.059568,bellevue_150th_se38th,trajectory/intermediate output,false,true,P2,04_processed_trajectories_and_features/,track_id;cluster_id,42b69445a5545b3c366805b7c799319c895164315f35135e43e5f74d333d98eb
data/processed/bellevue_150th_se38th/method_comparison_variant_all_norm/labels_dbscan.parquet,62396,0.059505,bellevue_150th_se38th,trajectory/intermediate output,false,true,P2,04_processed_trajectories_and_features/,track_id;cluster_id,d1c827a90974e85b0c71fa5a7b2c7f9e4da16b3000a7a00a2877c0c830a6de88
data/processed/bellevue_150th_se38th/method_comparison_variant_all_norm/labels_gmm.parquet,62524,0.059628,bellevue_150th_se38th,trajectory/intermediate output,false,true,P2,04_processed_trajectories_and_features/,track_id;cluster_id,c8641c475706d11319440cd8d85591f30951eddf1efb7f273592af58da7f5aaf
data/processed/bellevue_150th_se38th/method_comparison_variant_all_norm/labels_hdbscan.parquet,61200,0.058365,bellevue_150th_se38th,trajectory/intermediate output,false,true,P2,04_processed_trajectories_and_features/,track_id;cluster_id,d3ce23aa2a90457747bcafbda5ef235ed84496433769a607ecc6641a32783c21
data/processed/bellevue_150th_se38th/method_comparison_variant_all_norm/labels_kmeans.parquet,61330,0.058489,bellevue_150th_se38th,trajectory/intermediate output,false,true,P2,04_processed_trajectories_and_features/,track_id;cluster_id,c822f5c69d5f58f961a6038eff366807693c5826fb1d849aebf0543cd2c40e79
data/processed/bellevue_150th_se38th/method_comparison_variant_all_norm/labels_optics.parquet,61265,0.058427,bellevue_150th_se38th,trajectory/intermediate output,false,true,P2,04_processed_trajectories_and_features/,track_id;cluster_id,ee50e2071824fc5fb883f83a1e3c42e86f21d63a910b7dbce1e261c59f3e7817
data/processed/bellevue_150th_se38th/method_comparison_variant_baseline_norm4/labels_birch.parquet,62424,0.059532,bellevue_150th_se38th,trajectory/intermediate output,false,true,P2,04_processed_trajectories_and_features/,track_id;cluster_id,8986e22bdfb614efc0cbcc34cfed8ea20d614c07a0f5afc51700fb2725f2214b
data/processed/bellevue_150th_se38th/method_comparison_variant_baseline_norm4/labels_dbscan.parquet,61280,0.058441,bellevue_150th_se38th,trajectory/intermediate output,false,true,P2,04_processed_trajectories_and_features/,track_id;cluster_id,5630ea28316d5a8d029e643830c791a250f0b739c868746a2214a0bf66f4043f
data/processed/bellevue_150th_se38th/method_comparison_variant_baseline_norm4/labels_gmm.parquet,61375,0.058532,bellevue_150th_se38th,trajectory/intermediate output,false,true,P2,04_processed_trajectories_and_features/,track_id;cluster_id,8436edfd0529c509594a225e9957aad39b668e6228a6abc9795720fd92e236ab
data/processed/bellevue_150th_se38th/method_comparison_variant_baseline_norm4/labels_hdbscan.parquet,61378,0.058535,bellevue_150th_se38th,trajectory/intermediate output,false,true,P2,04_processed_trajectories_and_features/,track_id;cluster_id,18c0c03254254f632a6be2e36c9b0fe7e990c9279a18c68963383eca7a382563
data/processed/bellevue_150th_se38th/method_comparison_variant_baseline_norm4/labels_kmeans.parquet,62480,0.059586,bellevue_150th_se38th,trajectory/intermediate output,false,true,P2,04_processed_trajectories_and_features/,track_id;cluster_id,d3a9a6e58323a3781e263093afcda4dab2e90f83f67ec741f1c59bb62382ae2a
data/processed/bellevue_150th_se38th/method_comparison_variant_baseline_norm4/labels_optics.parquet,61306,0.058466,bellevue_150th_se38th,trajectory/intermediate output,false,true,P2,04_processed_trajectories_and_features/,track_id;cluster_id,d367bbc7df8c4c2f0da01157f19eb688ffff34d827f0096f59b0944f3a7a83b1
data/processed/bellevue_150th_se38th/method_comparison_variant_plus_frame_span/labels_birch.parquet,62476,0.059582,bellevue_150th_se38th,trajectory/intermediate output,false,true,P2,04_processed_trajectories_and_features/,track_id;cluster_id,ba6681986ad54c4910f1994e396abfdef90ae0c6fd9f14055c33d43d27943062
data/processed/bellevue_150th_se38th/method_comparison_variant_plus_frame_span/labels_dbscan.parquet,60860,0.058041,bellevue_150th_se38th,trajectory/intermediate output,false,true,P2,04_processed_trajectories_and_features/,track_id;cluster_id,bf75c7a9220eb8b3c0b5ed449c18716e3d0d8972e377646e8a5093e39078b089
data/processed/bellevue_150th_se38th/method_comparison_variant_plus_frame_span/labels_gmm.parquet,62522,0.059626,bellevue_150th_se38th,trajectory/intermediate output,false,true,P2,04_processed_trajectories_and_features/,track_id;cluster_id,cd8a6abea0f3067db5d3883e27a485a007ad8167c8ef2f91bd02cc743753105b
data/processed/bellevue_150th_se38th/method_comparison_variant_plus_frame_span/labels_hdbscan.parquet,61279,0.05844,bellevue_150th_se38th,trajectory/intermediate output,false,true,P2,04_processed_trajectories_and_features/,track_id;cluster_id,4b216eb2464f02e6228c75b283ef95b1ef9f8b5476b8a15d8f16b51eb12f4c41
data/processed/bellevue_150th_se38th/method_comparison_variant_plus_frame_span/labels_kmeans.parquet,61306,0.058466,bellevue_150th_se38th,trajectory/intermediate output,false,true,P2,04_processed_trajectories_and_features/,track_id;cluster_id,5bdd44a1ad38f28c161d63ad3a8fc056b86d0cc6c5b3ccafcbfc30525d978e3e
data/processed/bellevue_150th_se38th/method_comparison_variant_plus_frame_span/labels_optics.parquet,61294,0.058455,bellevue_150th_se38th,trajectory/intermediate output,false,true,P2,04_processed_trajectories_and_features/,track_id;cluster_id,40cc5505205f0cb74fd37c82097a3789d8cfbc2f69441beef908350a2b37b5e5
data/processed/bellevue_150th_se38th/method_comparison_variant_plus_frame_span/methods_summary.csv,1225,0.001168,bellevue_150th_se38th,unclear,false,true,P2,99_misc_review/,,cc613534b060837d92344e427d877ce8da9641b91befb7b0bb9a688723ba551c
data/processed/bellevue_150th_se38th/method_comparison_variant_plus_frame_span/methods_summary.partial.csv,1225,0.001168,bellevue_150th_se38th,unclear,false,true,P2,99_misc_review/,,cc613534b060837d92344e427d877ce8da9641b91befb7b0bb9a688723ba551c
data/processed/bellevue_150th_se38th/method_comparison_variant_plus_frame_span/stats_birch.json,314,0.000299,bellevue_150th_se38th,unclear,false,true,P2,99_misc_review/,,a6a0f4b3dfbfe83d264abbe19bf682e9a0eef3e7f77c92fd384460dd45fb13d0
data/processed/bellevue_150th_se38th/method_comparison_variant_plus_frame_span/stats_dbscan.json,329,0.000314,bellevue_150th_se38th,unclear,false,true,P2,99_misc_review/,,12b6883bca697bcb6a2b779c65680c041c561c4d3a4e25c361bb56508d214b1b
data/processed/bellevue_150th_se38th/method_comparison_variant_plus_frame_span/stats_gmm.json,317,0.000302,bellevue_150th_se38th,unclear,false,true,P2,99_misc_review/,,d2ba947ae1d741695232379f292d8e6436b1bf0d92bb244df2fb6e88fb18d0f4
data/processed/bellevue_150th_se38th/method_comparison_variant_plus_frame_span/stats_hdbscan.json,350,0.000334,bellevue_150th_se38th,unclear,false,true,P2,99_misc_review/,,781828d713680b17efb4f318e65113fb9527496b1fdc6c9a73b09357fd27f2b8
data/processed/bellevue_150th_se38th/method_comparison_variant_plus_frame_span/stats_kmeans.json,362,0.000345,bellevue_150th_se38th,unclear,false,true,P2,99_misc_review/,,28a15112802ce9abf3d2d1f81ab5eb7dfe4a06c8614abbace2d65e79a6fe3635
data/processed/bellevue_150th_se38th/method_comparison_variant_plus_frame_span/stats_optics.json,338,0.000322,bellevue_150th_se38th,unclear,false,true,P2,99_misc_review/,,2c552f79958c77b038e22c7b62811dabe7723cfac02631d9cf32f1a8a92bd47e
data/processed/bellevue_150th_se38th/method_comparison_variant_plus_frame_span/trials_birch.csv,1134,0.001081,bellevue_150th_se38th,unclear,false,true,P2,99_misc_review/,,41d8a3d91ca4d69f0c4bff78018bd1a80589f462ec2fb2418afbd9eee7a310d0
data/processed/bellevue_150th_se38th/method_comparison_variant_plus_frame_span/trials_dbscan.csv,1399,0.001334,bellevue_150th_se38th,unclear,false,true,P2,99_misc_review/,,4fd0361cd1b27705cbccf399adcc35d078d8e27a5ca74fc1e701e54a9b0e598b
data/processed/bellevue_150th_se38th/method_comparison_variant_plus_frame_span/trials_gmm.csv,785,0.000749,bellevue_150th_se38th,unclear,false,true,P2,99_misc_review/,,452922798fa7d8f8856dd3de877ccdd6b071a6f5f9eca133595336ac3f197550
data/processed/bellevue_150th_se38th/method_comparison_variant_plus_frame_span/trials_hdbscan.csv,1834,0.001749,bellevue_150th_se38th,unclear,false,true,P2,99_misc_review/,,4fb675968916b2379f04d63efb29773df6a5c0a3f922958e875db873c1afaeb2
data/processed/bellevue_150th_se38th/method_comparison_variant_plus_frame_span/trials_kmeans.csv,3210,0.003061,bellevue_150th_se38th,unclear,false,true,P2,99_misc_review/,,64261fcac1689ab6a70fed82009ce979145e9b4dfbc90a89150f4ca42e53afa8
data/processed/bellevue_150th_se38th/method_comparison_variant_plus_frame_span/trials_optics.csv,4087,0.003898,bellevue_150th_se38th,unclear,false,true,P2,99_misc_review/,,7a761fd09eea624b092f0ee0a140e727ed5f3231bdeb07d7564c98602c1aca99
data/processed/bellevue_150th_se38th/method_comparison_variant_plus_frame_span_straightness/labels_birch.parquet,61296,0.058456,bellevue_150th_se38th,trajectory/intermediate output,false,true,P2,04_processed_trajectories_and_features/,track_id;cluster_id,5f2de138083f676531ef532e9f4b424e6c3e8731a8a75702399a4e4dd21ef946
data/processed/bellevue_150th_se38th/method_comparison_variant_plus_frame_span_straightness/labels_dbscan.parquet,60848,0.058029,bellevue_150th_se38th,trajectory/intermediate output,false,true,P2,04_processed_trajectories_and_features/,track_id;cluster_id,6c2b0b564a5c79edeca551e6212fa41c76460f7376bbb150bf2c5199fa2f4670
data/processed/bellevue_150th_se38th/method_comparison_variant_plus_frame_span_straightness/labels_gmm.parquet,61377,0.058534,bellevue_150th_se38th,trajectory/intermediate output,false,true,P2,04_processed_trajectories_and_features/,track_id;cluster_id,5796d3bba804be804aaece2c54f7ad8036011c277e480888df2e85ed1a8c837f
data/processed/bellevue_150th_se38th/method_comparison_variant_plus_frame_span_straightness/labels_hdbscan.parquet,61243,0.058406,bellevue_150th_se38th,trajectory/intermediate output,false,true,P2,04_processed_trajectories_and_features/,track_id;cluster_id,d61b0e3adafe939f5291c945b0770f70e6a1d8a26d32ac473d5428aee66762f1
data/processed/bellevue_150th_se38th/method_comparison_variant_plus_frame_span_straightness/labels_kmeans.parquet,61315,0.058475,bellevue_150th_se38th,trajectory/intermediate output,false,true,P2,04_processed_trajectories_and_features/,track_id;cluster_id,c462cc02e3b0675d81e3fbdfd989c2c66888c3bd5ac6d86a5f9be66eab381692
data/processed/bellevue_150th_se38th/method_comparison_variant_plus_frame_span_straightness/labels_optics.parquet,61238,0.058401,bellevue_150th_se38th,trajectory/intermediate output,false,true,P2,04_processed_trajectories_and_features/,track_id;cluster_id,5f9331ec08b917ae89bb510cc1acaf33934ea4a25cdae59495e73382f255055d
data/processed/bellevue_150th_se38th/method_comparison_variant_plus_frame_span_straightness/methods_summary.csv,1299,0.001239,bellevue_150th_se38th,unclear,false,true,P2,99_misc_review/,,bf885b582ed7531905fa4c497afaee036f499c086d8de8d7c504ab900a591286
data/processed/bellevue_150th_se38th/method_comparison_variant_plus_frame_span_straightness/methods_summary.partial.csv,1299,0.001239,bellevue_150th_se38th,unclear,false,true,P2,99_misc_review/,,bf885b582ed7531905fa4c497afaee036f499c086d8de8d7c504ab900a591286
data/processed/bellevue_150th_se38th/method_comparison_variant_plus_frame_span_straightness/stats_birch.json,315,0.0003,bellevue_150th_se38th,unclear,false,true,P2,99_misc_review/,,eb7e4aafffb7cf18ef3b095c91aae62234b7d1f176a0a826677d8b95fbe91103
data/processed/bellevue_150th_se38th/method_comparison_variant_plus_frame_span_straightness/stats_dbscan.json,327,0.000312,bellevue_150th_se38th,unclear,false,true,P2,99_misc_review/,,d8c695cecdfa10d77dcc45da1852779a2cac49789d346c58960bf4ed987c59b9
data/processed/bellevue_150th_se38th/method_comparison_variant_plus_frame_span_straightness/stats_gmm.json,316,0.000301,bellevue_150th_se38th,unclear,false,true,P2,99_misc_review/,,66ba99d7c975ce8bc1e807ec13dbf165e970412dc246c3025ff20f4bf1e3cd26
data/processed/bellevue_150th_se38th/method_comparison_variant_plus_frame_span_straightness/stats_hdbscan.json,347,0.000331,bellevue_150th_se38th,unclear,false,true,P2,99_misc_review/,,6c4193bdc5e69fe630859d53be0d82203f679d10030ae01e8e9acddc826ab24f
data/processed/bellevue_150th_se38th/method_comparison_variant_plus_frame_span_straightness/stats_kmeans.json,362,0.000345,bellevue_150th_se38th,unclear,false,true,P2,99_misc_review/,,0b542da2659e4afe4646ba53e103e1c7b973a1a3d3f2e7e692088af7637c81c1
data/processed/bellevue_150th_se38th/method_comparison_variant_plus_frame_span_straightness/stats_optics.json,339,0.000323,bellevue_150th_se38th,unclear,false,true,P2,99_misc_review/,,231fb1c445f8a5c29e986c67f15760cd33b56fbf12a8bd4d8a74d8e77071b0d7
data/processed/bellevue_150th_se38th/method_comparison_variant_plus_frame_span_straightness/trials_birch.csv,1139,0.001086,bellevue_150th_se38th,unclear,false,true,P2,99_misc_review/,,7223eb73547ea86892b1abe1d507511e33daa7c790067d0d15730578a57f3917
data/processed/bellevue_150th_se38th/method_comparison_variant_plus_frame_span_straightness/trials_dbscan.csv,1390,0.001326,bellevue_150th_se38th,unclear,false,true,P2,99_misc_review/,,ef65431717fad44223fec4961abc250c591dd7f8d7e8674142a2b3ee2fc4285c
data/processed/bellevue_150th_se38th/method_comparison_variant_plus_frame_span_straightness/trials_gmm.csv,787,0.000751,bellevue_150th_se38th,unclear,false,true,P2,99_misc_review/,,8fa023e70654312c9699d36ea1038d32029e23b8d160b89e01f786ae5682088d
data/processed/bellevue_150th_se38th/method_comparison_variant_plus_frame_span_straightness/trials_hdbscan.csv,1818,0.001734,bellevue_150th_se38th,unclear,false,true,P2,99_misc_review/,,67ae9194f2f7b8748239392d7489d06e699e0c5aec769c400c756e1e4a758f15
data/processed/bellevue_150th_se38th/method_comparison_variant_plus_frame_span_straightness/trials_kmeans.csv,3214,0.003065,bellevue_150th_se38th,unclear,false,true,P2,99_misc_review/,,c2ee81f1537f2969b87e217b41294746cef38a36779b3ef6368be4cb2d95e23c
data/processed/bellevue_150th_se38th/method_comparison_variant_plus_frame_span_straightness/trials_optics.csv,4092,0.003902,bellevue_150th_se38th,unclear,false,true,P2,99_misc_review/,,4d0f4f736d8a1c1708ec66a0e2b010bfefc1669fed2ad9a9c45c3d7ad2bbdc11
data/processed/bellevue_150th_se38th/method_comparison_variant_plus_frame_span_straightness_dir/labels_birch.parquet,61311,0.058471,bellevue_150th_se38th,trajectory/intermediate output,false,true,P2,04_processed_trajectories_and_features/,track_id;cluster_id,594e85328db74d7c6ebfb3d4b3e0936d3edd5ddf5e4dd4c1d6d35eeedea75068
data/processed/bellevue_150th_se38th/method_comparison_variant_plus_frame_span_straightness_dir/labels_dbscan.parquet,60849,0.05803,bellevue_150th_se38th,trajectory/intermediate output,false,true,P2,04_processed_trajectories_and_features/,track_id;cluster_id,0d98999d9a06b9db6ba5cbeb3c73769bfd40b1c2bffc21e9c9c33cecd9257112
data/processed/bellevue_150th_se38th/method_comparison_variant_plus_frame_span_straightness_dir/labels_gmm.parquet,62513,0.059617,bellevue_150th_se38th,trajectory/intermediate output,false,true,P2,04_processed_trajectories_and_features/,track_id;cluster_id,1b13fe74cbd9375c5a1f4b49d39170fe1115056ab1ff9db58bac5c64747d5c4a
data/processed/bellevue_150th_se38th/method_comparison_variant_plus_frame_span_straightness_dir/labels_hdbscan.parquet,61244,0.058407,bellevue_150th_se38th,trajectory/intermediate output,false,true,P2,04_processed_trajectories_and_features/,track_id;cluster_id,d7ec8c7d52ec1733b1a915d3f0fff3d5b73896628d10753a687868701591b5b7
data/processed/bellevue_150th_se38th/method_comparison_variant_plus_frame_span_straightness_dir/labels_kmeans.parquet,62472,0.059578,bellevue_150th_se38th,trajectory/intermediate output,false,true,P2,04_processed_trajectories_and_features/,track_id;cluster_id,9a8ae75a34c49cddaccdebf9d6d8989297bce52b81a401489e2ce72449add397
data/processed/bellevue_150th_se38th/method_comparison_variant_plus_frame_span_straightness_dir/labels_optics.parquet,61214,0.058378,bellevue_150th_se38th,trajectory/intermediate output,false,true,P2,04_processed_trajectories_and_features/,track_id;cluster_id,fd771664ea403d04eeece778d49508a20fe89012bcccb6eb079490d229a8283a
data/processed/bellevue_150th_se38th/method_comparison_variant_plus_frame_span_straightness_dir/methods_summary.csv,1327,0.001266,bellevue_150th_se38th,unclear,false,true,P2,99_misc_review/,,5754961d6bb30dedd6997b6be0421bfd0d26b7aba3c74b2ce0c163600e63dec5
data/processed/bellevue_150th_se38th/method_comparison_variant_plus_frame_span_straightness_dir/methods_summary.partial.csv,1327,0.001266,bellevue_150th_se38th,unclear,false,true,P2,99_misc_review/,,5754961d6bb30dedd6997b6be0421bfd0d26b7aba3c74b2ce0c163600e63dec5
data/processed/bellevue_150th_se38th/method_comparison_variant_plus_frame_span_straightness_dir/stats_birch.json,313,0.000299,bellevue_150th_se38th,unclear,false,true,P2,99_misc_review/,,167ad06964b20b0d66d0b28c460cc91b6d1ae1a0a581330473febf29ba009396
data/processed/bellevue_150th_se38th/method_comparison_variant_plus_frame_span_straightness_dir/stats_dbscan.json,328,0.000313,bellevue_150th_se38th,unclear,false,true,P2,99_misc_review/,,4e3d6db2d3d93abcc31544bbb8f798db0c9e848cadf2969fdc1bf0aa28eaf520
data/processed/bellevue_150th_se38th/method_comparison_variant_plus_frame_span_straightness_dir/stats_gmm.json,317,0.000302,bellevue_150th_se38th,unclear,false,true,P2,99_misc_review/,,789b222a72dc16a0f0629e411b3041326f7efd90f3e24913859421cfadb84e87
data/processed/bellevue_150th_se38th/method_comparison_variant_plus_frame_span_straightness_dir/stats_hdbscan.json,350,0.000334,bellevue_150th_se38th,unclear,false,true,P2,99_misc_review/,,7b02ad466f361624cfa2e46ba2941c3ee8c70a143a81d9d9850d1ccd4c723a24
data/processed/bellevue_150th_se38th/method_comparison_variant_plus_frame_span_straightness_dir/stats_kmeans.json,362,0.000345,bellevue_150th_se38th,unclear,false,true,P2,99_misc_review/,,a66ebec4e7ec8d4d07c8cc458e7034add71a35d0daa07805b194d0401f575c7b
data/processed/bellevue_150th_se38th/method_comparison_variant_plus_frame_span_straightness_dir/stats_optics.json,340,0.000324,bellevue_150th_se38th,unclear,false,true,P2,99_misc_review/,,c6b3f6b8d9392c7fd74cec3544770f9a0709819ac7185b69b04763c1a56cba06
data/processed/bellevue_150th_se38th/method_comparison_variant_plus_frame_span_straightness_dir/trials_birch.csv,1132,0.00108,bellevue_150th_se38th,unclear,false,true,P2,99_misc_review/,,720b4244d753342f2e9151a6c4baf1151d08b101fec6c40e9fff0ea8af1f9441
data/processed/bellevue_150th_se38th/method_comparison_variant_plus_frame_span_straightness_dir/trials_dbscan.csv,1405,0.00134,bellevue_150th_se38th,unclear,false,true,P2,99_misc_review/,,fc5fb9ce29d2d4701bc4443cbabc1bce069386506ba1912650623fb9912eb2dd
data/processed/bellevue_150th_se38th/method_comparison_variant_plus_frame_span_straightness_dir/trials_gmm.csv,787,0.000751,bellevue_150th_se38th,unclear,false,true,P2,99_misc_review/,,6206c668f41f2baba28b380496bd2e74486c0968671fa807d1fba11188fcbe8f
data/processed/bellevue_150th_se38th/method_comparison_variant_plus_frame_span_straightness_dir/trials_hdbscan.csv,1811,0.001727,bellevue_150th_se38th,unclear,false,true,P2,99_misc_review/,,81d8dcbd3eba0261039367c67322e0bcf5cc75e75cb6461718ed7fe0e7175741
data/processed/bellevue_150th_se38th/method_comparison_variant_plus_frame_span_straightness_dir/trials_kmeans.csv,3234,0.003084,bellevue_150th_se38th,unclear,false,true,P2,99_misc_review/,,107067e253b7147ed932cb0d68e83b823d6dc4ebfbdd50d01956f3c09f5a6dbb
data/processed/bellevue_150th_se38th/method_comparison_variant_plus_frame_span_straightness_dir/trials_optics.csv,4084,0.003895,bellevue_150th_se38th,unclear,false,true,P2,99_misc_review/,,f55d4dc9b75a0bcc368c5809f6f8dc0e9103d21ed7f81acb1d8585d500139c3a
data/processed/bellevue_150th_se38th/method_comparison_variant_plus_straightness/labels_hdbscan.parquet,61378,0.058535,bellevue_150th_se38th,trajectory/intermediate output,false,true,P2,04_processed_trajectories_and_features/,track_id;cluster_id,6d4851fd7e1950a60f8cf35e813efe15673f6ea0bb651b81536e461c4cd533c2
data/processed/bellevue_150th_se38th/method_comparison_variant_plus_straightness/labels_kmeans.parquet,61323,0.058482,bellevue_150th_se38th,trajectory/intermediate output,false,true,P2,04_processed_trajectories_and_features/,track_id;cluster_id,653697987d1ce1a1dd7188ae94a2035bb4d3cad703eaf420fcbf338192090059
data/processed/bellevue_150th_se38th/method_comparison_variant_plus_straightness/labels_optics.parquet,60854,0.058035,bellevue_150th_se38th,trajectory/intermediate output,false,true,P2,04_processed_trajectories_and_features/,track_id;cluster_id,23899372b389ef3d64ab24a456dc852dafb061560c262401aeb13b99d813de8b
data/processed/bellevue_150th_se38th/trajectories.parquet,916716833,874.249299,bellevue_150th_se38th,processed trajectory,false,true,P0,04_processed_trajectories_and_features/,track_id;frame;x;y;vx;vy;ax;ay,NOT_COMPUTED_LARGE_FILE_GT_268435456_BYTES
data/processed/bellevue_ne8th/experiments/midpoint_iso_control_v1/feature_variants/features_plus_frame_span.parquet,4183787,3.98997,bellevue_ne8th,tracker output,false,true,P1,03_yolo_tracking_outputs/,track_id;start_x;start_y;end_x;end_y;midpoint_x;midpoint_y;start_x_iso;start_y_iso;end_x_iso;end_y_iso;midpoint_x_iso;midpoint_y_iso;frame_span;straightness;frame_span_scaled;straightness_scaled;dir_x_scaled;dir_y_scaled;feat_0,2a11e1b754c87852e4946142bc9d600479341a399b02a1522b096ff5fd00dd3e
data/processed/bellevue_ne8th/experiments/midpoint_iso_control_v1/method_comparison_variant_coords_only/labels_hdbscan.parquet,133707,0.127513,bellevue_ne8th,trajectory/intermediate output,false,true,P2,04_processed_trajectories_and_features/,track_id;cluster_id,c4af7ea0c43d4f3e6f9550d96173b24d83c845461c2a5364def25cd34a570436
data/processed/bellevue_ne8th/experiments/midpoint_iso_control_v1/method_comparison_variant_coords_only/labels_kmeans.parquet,133659,0.127467,bellevue_ne8th,trajectory/intermediate output,false,true,P2,04_processed_trajectories_and_features/,track_id;cluster_id,485657f751b7759173d4d423adacd670fa6cfeffa5301f342ae1c5a9e5b67bbd
data/processed/bellevue_ne8th/experiments/midpoint_iso_control_v1/method_comparison_variant_coords_only/labels_optics.parquet,133703,0.127509,bellevue_ne8th,trajectory/intermediate output,false,true,P2,04_processed_trajectories_and_features/,track_id;cluster_id,e6bb719556aad4a9811bebbd042a6d5bbb0d93b0058a88704715625844efb4b5
data/processed/bellevue_ne8th/experiments/midpoint_iso_control_v1/method_comparison_variant_coords_plus_midpoint/labels_hdbscan.parquet,133707,0.127513,bellevue_ne8th,trajectory/intermediate output,false,true,P2,04_processed_trajectories_and_features/,track_id;cluster_id,59cec148429615b7576eb3c41e54e3d87f4ebfd101fe11af689ec3ada4f35daf
data/processed/bellevue_ne8th/experiments/midpoint_iso_control_v1/method_comparison_variant_coords_plus_midpoint/labels_kmeans.parquet,133659,0.127467,bellevue_ne8th,trajectory/intermediate output,false,true,P2,04_processed_trajectories_and_features/,track_id;cluster_id,686d953186d7075997ec8ee117b8a71da0eb44f6598a5fb3a76225346da74c0d
data/processed/bellevue_ne8th/experiments/midpoint_iso_control_v1/method_comparison_variant_coords_plus_midpoint/labels_optics.parquet,133707,0.127513,bellevue_ne8th,trajectory/intermediate output,false,true,P2,04_processed_trajectories_and_features/,track_id;cluster_id,a6ef60570ee6ea22531047b1c0abe4c7d2032ffb374ea8d493371ba87a1798d7
data/processed/bellevue_ne8th/experiments/straightness_iso_control_v1/feature_variants/features_plus_frame_span.parquet,3393715,3.236499,bellevue_ne8th,tracker output,false,true,P1,03_yolo_tracking_outputs/,track_id;start_x;start_y;end_x;end_y;start_x_iso;start_y_iso;end_x_iso;end_y_iso;frame_span;straightness;frame_span_scaled;straightness_scaled;dir_x_scaled;dir_y_scaled;feat_0;feat_1;feat_2;feat_3;feat_4,42495b25aac6efc680a546b643ebb05b3ede552e2b140e32da84790877a49309
data/processed/bellevue_ne8th/experiments/straightness_iso_control_v1/method_comparison_variant_coords_only/labels_hdbscan.parquet,133707,0.127513,bellevue_ne8th,trajectory/intermediate output,false,true,P2,04_processed_trajectories_and_features/,track_id;cluster_id,c4af7ea0c43d4f3e6f9550d96173b24d83c845461c2a5364def25cd34a570436
data/processed/bellevue_ne8th/experiments/straightness_iso_control_v1/method_comparison_variant_coords_only/labels_kmeans.parquet,133659,0.127467,bellevue_ne8th,trajectory/intermediate output,false,true,P2,04_processed_trajectories_and_features/,track_id;cluster_id,485657f751b7759173d4d423adacd670fa6cfeffa5301f342ae1c5a9e5b67bbd
data/processed/bellevue_ne8th/experiments/straightness_iso_control_v1/method_comparison_variant_coords_only/labels_optics.parquet,133703,0.127509,bellevue_ne8th,trajectory/intermediate output,false,true,P2,04_processed_trajectories_and_features/,track_id;cluster_id,e6bb719556aad4a9811bebbd042a6d5bbb0d93b0058a88704715625844efb4b5
data/processed/bellevue_ne8th/experiments/straightness_iso_control_v1/method_comparison_variant_plus_straightness/labels_hdbscan.parquet,133707,0.127513,bellevue_ne8th,trajectory/intermediate output,false,true,P2,04_processed_trajectories_and_features/,track_id;cluster_id,3d2bb97c120cb74fe3618e6e48b1010bbd2bd5269a4d74bd7a9b098802ccd6b1
data/processed/bellevue_ne8th/experiments/straightness_iso_control_v1/method_comparison_variant_plus_straightness/labels_kmeans.parquet,133659,0.127467,bellevue_ne8th,trajectory/intermediate output,false,true,P2,04_processed_trajectories_and_features/,track_id;cluster_id,8d50f298965bc638a4d29a633464fca3559e70b065bf70e36d8a92b935cc0924
data/processed/bellevue_ne8th/experiments/straightness_iso_control_v1/method_comparison_variant_plus_straightness/labels_optics.parquet,133702,0.127508,bellevue_ne8th,trajectory/intermediate output,false,true,P2,04_processed_trajectories_and_features/,track_id;cluster_id,72f79021586b4a22ac21b89f66c7e4c184bd016cd3d7f0716ad511848ba17345
data/processed/bellevue_ne8th/feature_analysis/features_trimmed_frame_disp.parquet,12720582,12.131292,bellevue_ne8th,tracker output,false,true,P1,03_yolo_tracking_outputs/,track_id;frame_start;frame_end;len_frames;frame_span;duration_s;start_x;start_y;end_x;end_y;delta_x;delta_y;path_length;displacement;straightness;dir_x;dir_y;mean_speed;max_speed;mean_accel,f627b4a9566dded7504b46dd8c54d838f1b857192b032f51b1733f56ecd9f7e2
data/processed/bellevue_ne8th/feature_analysis/features_trimmed_frame_disp_norm.parquet,5427397,5.175969,bellevue_ne8th,tracker output,false,true,P1,03_yolo_tracking_outputs/,track_id;frame_start;frame_end;len_frames;frame_span;duration_s;start_x;start_y;end_x;end_y;delta_x;delta_y;path_length;displacement;straightness;dir_x;dir_y;mean_speed;max_speed;mean_accel,400b59562b64745e464cdee99e8e227c903429b933fa26a3f6616a0539a2b968
data/processed/bellevue_ne8th/feature_variants/features_plus_frame_span.parquet,3393715,3.236499,bellevue_ne8th,tracker output,false,true,P1,03_yolo_tracking_outputs/,track_id;start_x;start_y;end_x;end_y;start_x_iso;start_y_iso;end_x_iso;end_y_iso;frame_span;straightness;frame_span_scaled;straightness_scaled;dir_x_scaled;dir_y_scaled;feat_0;feat_1;feat_2;feat_3;feat_4,42495b25aac6efc680a546b643ebb05b3ede552e2b140e32da84790877a49309
data/processed/bellevue_ne8th/feature_variants/features_plus_frame_span_straightness.parquet,4174151,3.980781,bellevue_ne8th,tracker output,false,true,P1,03_yolo_tracking_outputs/,track_id;start_x;start_y;end_x;end_y;start_x_norm;start_y_norm;end_x_norm;end_y_norm;frame_span;straightness;path_length;displacement_norm;frame_span_norm;straightness_norm;dir_x_norm;dir_y_norm;path_length_norm;feat_0;feat_1,47f61453fc8fd84879827a94817867735cb4c96d1c62672db77f5f3bd16c452e
data/processed/bellevue_ne8th/feature_variants/features_plus_frame_span_straightness_dir.parquet,4569083,4.357417,bellevue_ne8th,tracker output,false,true,P1,03_yolo_tracking_outputs/,track_id;start_x;start_y;end_x;end_y;start_x_norm;start_y_norm;end_x_norm;end_y_norm;frame_span;straightness;path_length;displacement_norm;frame_span_norm;straightness_norm;dir_x_norm;dir_y_norm;path_length_norm;feat_0;feat_1,5743d88d80f3e62ba0e588252c19f7273c558876fa5351b1818aa8fef0514957
data/processed/bellevue_ne8th/method_comparison/labels_birch.parquet,135595,0.129313,bellevue_ne8th,trajectory/intermediate output,false,true,P2,04_processed_trajectories_and_features/,track_id;cluster_id,de1a8bdfa9292bd0054d2257a552760f25b56df7d123331713f88eee202787f0
data/processed/bellevue_ne8th/method_comparison/labels_dbscan.parquet,132609,0.126466,bellevue_ne8th,trajectory/intermediate output,false,true,P2,04_processed_trajectories_and_features/,track_id;cluster_id,e0ed4bcf1c626ddb594b75b26de172201ef1a2eccb6884c4c8ff36ce311a5759
data/processed/bellevue_ne8th/method_comparison/labels_gmm.parquet,136365,0.130048,bellevue_ne8th,trajectory/intermediate output,false,true,P2,04_processed_trajectories_and_features/,track_id;cluster_id,1e83e261dac27c4ebc5589e6b664fb90a995dcf2535f5a0923f3a38d01a4b100
data/processed/bellevue_ne8th/method_comparison/labels_hdbscan.parquet,133135,0.126967,bellevue_ne8th,trajectory/intermediate output,false,true,P2,04_processed_trajectories_and_features/,track_id;cluster_id,75052bda53a61034ec8f45ef7a5f878c01be3622833d89dd931daf86666544e3
data/processed/bellevue_ne8th/method_comparison/labels_kmeans.parquet,136137,0.12983,bellevue_ne8th,trajectory/intermediate output,false,true,P2,04_processed_trajectories_and_features/,track_id;cluster_id,e9feba37094f9914ac05723c1d6be7bd10dc5ed2634821620d1d5815e958efda
data/processed/bellevue_ne8th/method_comparison/labels_optics.parquet,132692,0.126545,bellevue_ne8th,trajectory/intermediate output,false,true,P2,04_processed_trajectories_and_features/,track_id;cluster_id,98b6621d5f4562748b2e53cbfea28674ef38689eed67bdad32ffe7da79ee699f
data/processed/bellevue_ne8th/method_comparison_variant_all_norm/labels_birch.parquet,88302,0.084211,bellevue_ne8th,trajectory/intermediate output,false,true,P2,04_processed_trajectories_and_features/,track_id;cluster_id,f3918c8099ccff11f0dedd9845d671f52a6290954f2865f7e8e0763efd0b2704
data/processed/bellevue_ne8th/method_comparison_variant_all_norm/labels_dbscan.parquet,88302,0.084211,bellevue_ne8th,trajectory/intermediate output,false,true,P2,04_processed_trajectories_and_features/,track_id;cluster_id,287d5636d0a3fe0119ebd5a1b34f67205f4833adff237f962a2629524b66dd37
data/processed/bellevue_ne8th/method_comparison_variant_all_norm/labels_gmm.parquet,89810,0.085649,bellevue_ne8th,trajectory/intermediate output,false,true,P2,04_processed_trajectories_and_features/,track_id;cluster_id,04de930a5576492c2738289275e15ce0e3937bfbbed0c2ea98b796300c7d356e
data/processed/bellevue_ne8th/method_comparison_variant_all_norm/labels_hdbscan.parquet,88288,0.084198,bellevue_ne8th,trajectory/intermediate output,false,true,P2,04_processed_trajectories_and_features/,track_id;cluster_id,1f538af47e688ff27692cdf6453e0a05e397e4d1082c8121fea5fd2703299691
data/processed/bellevue_ne8th/method_comparison_variant_all_norm/labels_kmeans.parquet,89770,0.085611,bellevue_ne8th,trajectory/intermediate output,false,true,P2,04_processed_trajectories_and_features/,track_id;cluster_id,465d2a4daf60f2d4272ad6a346dc112efa57a19d9764431c7112acd6ebd789db
data/processed/bellevue_ne8th/method_comparison_variant_all_norm/labels_optics.parquet,88280,0.08419,bellevue_ne8th,trajectory/intermediate output,false,true,P2,04_processed_trajectories_and_features/,track_id;cluster_id,5e0b81bcfdaf130d81816eaaa8b0c53bc49c363a6dd0e6cb1788f2ee4d1fe770
data/processed/bellevue_ne8th/method_comparison_variant_baseline_norm4/labels_birch.parquet,89808,0.085648,bellevue_ne8th,trajectory/intermediate output,false,true,P2,04_processed_trajectories_and_features/,track_id;cluster_id,a1bb776e133bc713e785a2ba23cff8901f44ed5c1fe67dbab208bb641deba150
data/processed/bellevue_ne8th/method_comparison_variant_baseline_norm4/labels_dbscan.parquet,88284,0.084194,bellevue_ne8th,trajectory/intermediate output,false,true,P2,04_processed_trajectories_and_features/,track_id;cluster_id,e5434186a10d17c8a9a227ee83fe78cbc80e5fadd35c92abb8897fbb9f0333f9
data/processed/bellevue_ne8th/method_comparison_variant_baseline_norm4/labels_gmm.parquet,89806,0.085646,bellevue_ne8th,trajectory/intermediate output,false,true,P2,04_processed_trajectories_and_features/,track_id;cluster_id,c6c3a73a2bd54361e697977cbc239e759b0796b4e50b5a44e23e8bca25d5b4eb
data/processed/bellevue_ne8th/method_comparison_variant_baseline_norm4/labels_hdbscan.parquet,88288,0.084198,bellevue_ne8th,trajectory/intermediate output,false,true,P2,04_processed_trajectories_and_features/,track_id;cluster_id,aca84996080f0bf7f7a4d7477a81d3ee8c82495e9b41d4d48f38a0b874c8a12d
data/processed/bellevue_ne8th/method_comparison_variant_baseline_norm4/labels_kmeans.parquet,89767,0.085608,bellevue_ne8th,trajectory/intermediate output,false,true,P2,04_processed_trajectories_and_features/,track_id;cluster_id,ad5e2e43c9f4877837fca11278be5c98694941bd0ac9ad05093df6cb3c305898
data/processed/bellevue_ne8th/method_comparison_variant_baseline_norm4/labels_optics.parquet,89810,0.085649,bellevue_ne8th,trajectory/intermediate output,false,true,P2,04_processed_trajectories_and_features/,track_id;cluster_id,dbc59e5f502170ce07f16555832e2ffde29b03813582cef7aa0fd9289e4315f7
data/processed/bellevue_ne8th/method_comparison_variant_plus_frame_span/labels_birch.parquet,89810,0.085649,bellevue_ne8th,trajectory/intermediate output,false,true,P2,04_processed_trajectories_and_features/,track_id;cluster_id,5abc0eb6565e698676fce884815acf6fe58f1fac0ddb80995568ab469f1f8483
data/processed/bellevue_ne8th/method_comparison_variant_plus_frame_span/labels_dbscan.parquet,88288,0.084198,bellevue_ne8th,trajectory/intermediate output,false,true,P2,04_processed_trajectories_and_features/,track_id;cluster_id,a7336b267350fc331d5fedaa111837fbb0961daeee8daa7d1459716f5278b781
data/processed/bellevue_ne8th/method_comparison_variant_plus_frame_span/labels_gmm.parquet,89810,0.085649,bellevue_ne8th,trajectory/intermediate output,false,true,P2,04_processed_trajectories_and_features/,track_id;cluster_id,694374db65c531864afb47cc636a646af3589d1c893ad298d08c476faa8135ee
data/processed/bellevue_ne8th/method_comparison_variant_plus_frame_span/labels_hdbscan.parquet,88302,0.084211,bellevue_ne8th,trajectory/intermediate output,false,true,P2,04_processed_trajectories_and_features/,track_id;cluster_id,a01f9ad0e2a76fb9ed0b5dd59d2f42b357fccfde57d695f1716afc3d219c8952
data/processed/bellevue_ne8th/method_comparison_variant_plus_frame_span/labels_kmeans.parquet,89766,0.085608,bellevue_ne8th,trajectory/intermediate output,false,true,P2,04_processed_trajectories_and_features/,track_id;cluster_id,d3a0ca01a21be36c4fd893d8528a624897d304ada838f4140ae3c4bdf76a4c1a
data/processed/bellevue_ne8th/method_comparison_variant_plus_frame_span/labels_optics.parquet,88276,0.084187,bellevue_ne8th,trajectory/intermediate output,false,true,P2,04_processed_trajectories_and_features/,track_id;cluster_id,9db03b757f1d03b691b916317c95c3c81d5402ef8abb20e915758ac35a08ee7a
data/processed/bellevue_ne8th/method_comparison_variant_plus_frame_span/methods_summary.csv,1196,0.001141,bellevue_ne8th,unclear,false,true,P2,99_misc_review/,,7db190364738a7d24da9542852d634f42f87bda0b8fc88dcc09fd68d0e8929b4
data/processed/bellevue_ne8th/method_comparison_variant_plus_frame_span/methods_summary.partial.csv,1196,0.001141,bellevue_ne8th,unclear,false,true,P2,99_misc_review/,,7db190364738a7d24da9542852d634f42f87bda0b8fc88dcc09fd68d0e8929b4
data/processed/bellevue_ne8th/method_comparison_variant_plus_frame_span/stats_birch.json,305,0.000291,bellevue_ne8th,unclear,false,true,P2,99_misc_review/,,4065e6025aa6311587cfbbe90ac59bc43af46662eb86285eb4733d04713f5041
data/processed/bellevue_ne8th/method_comparison_variant_plus_frame_span/stats_dbscan.json,329,0.000314,bellevue_ne8th,unclear,false,true,P2,99_misc_review/,,338a78390011de2526b168b17da6e4bf26beb06e1b893bd121f716c93ccaebea
data/processed/bellevue_ne8th/method_comparison_variant_plus_frame_span/stats_gmm.json,318,0.000303,bellevue_ne8th,unclear,false,true,P2,99_misc_review/,,7635809f3f9050f80c178805ab2e8b37e4e5ed311c88896aa8ea64b87a4ab300
data/processed/bellevue_ne8th/method_comparison_variant_plus_frame_span/stats_hdbscan.json,350,0.000334,bellevue_ne8th,unclear,false,true,P2,99_misc_review/,,562f7d10d144071fe52ec7aab02237d50df8981cf9cbb256a18b766abcd6e83d
data/processed/bellevue_ne8th/method_comparison_variant_plus_frame_span/stats_kmeans.json,352,0.000336,bellevue_ne8th,unclear,false,true,P2,99_misc_review/,,3ce4977aa3e97524a485e3df44c85883d57d4d3ed2de3221855e953df9415673
data/processed/bellevue_ne8th/method_comparison_variant_plus_frame_span/stats_optics.json,327,0.000312,bellevue_ne8th,unclear,false,true,P2,99_misc_review/,,f949ee30ea87c06ab875fa4c30f39ad150da609e332ec18147884c80feefd211
data/processed/bellevue_ne8th/method_comparison_variant_plus_frame_span/trials_birch.csv,966,0.000921,bellevue_ne8th,unclear,false,true,P2,99_misc_review/,,871d4ec9cb8ac322b6b02dd2bd06f02dab0124c2a000b9ee44f93cc5b3c6acee
data/processed/bellevue_ne8th/method_comparison_variant_plus_frame_span/trials_dbscan.csv,1381,0.001317,bellevue_ne8th,unclear,false,true,P2,99_misc_review/,,861116a5851b3f21972ee97c12200b66631d070422e7ae8bf5508fb4107c7ab4
data/processed/bellevue_ne8th/method_comparison_variant_plus_frame_span/trials_gmm.csv,728,0.000694,bellevue_ne8th,unclear,false,true,P2,99_misc_review/,,43fa5f5d18362945f78c7893e22e98e46f41acd3f66add6f56e00e71693c22fc
data/processed/bellevue_ne8th/method_comparison_variant_plus_frame_span/trials_hdbscan.csv,1780,0.001698,bellevue_ne8th,unclear,false,true,P2,99_misc_review/,,d26c32b3f65766313b9f4d56fad85b20dc398c452a4b28db176b73934ea55575
data/processed/bellevue_ne8th/method_comparison_variant_plus_frame_span/trials_kmeans.csv,2935,0.002799,bellevue_ne8th,unclear,false,true,P2,99_misc_review/,,6259588bd2379a3bb06b9bd5a47d216e084016a63b0747b7232e8f565377bbfb
data/processed/bellevue_ne8th/method_comparison_variant_plus_frame_span/trials_optics.csv,4035,0.003848,bellevue_ne8th,unclear,false,true,P2,99_misc_review/,,d0c91016baf647a4f87832c5825b26f070c3351572a5f458aba0bf268a22bc4b
data/processed/bellevue_ne8th/method_comparison_variant_plus_frame_span_straightness/labels_birch.parquet,88293,0.084203,bellevue_ne8th,trajectory/intermediate output,false,true,P2,04_processed_trajectories_and_features/,track_id;cluster_id,6a31700a1797509a11b9bc2146d466b4a96224abd46b71cc9dbc4e4841823d0c
data/processed/bellevue_ne8th/method_comparison_variant_plus_frame_span_straightness/labels_dbscan.parquet,89806,0.085646,bellevue_ne8th,trajectory/intermediate output,false,true,P2,04_processed_trajectories_and_features/,track_id;cluster_id,1144ca13ddf8f19c887d0b270767ad9e744742ed27608306539f14a765303572
data/processed/bellevue_ne8th/method_comparison_variant_plus_frame_span_straightness/labels_gmm.parquet,89810,0.085649,bellevue_ne8th,trajectory/intermediate output,false,true,P2,04_processed_trajectories_and_features/,track_id;cluster_id,300f7f0c82f149d6b3cee44704b05ff5b2f6883edb9badf1e6060daa0c673ad1
data/processed/bellevue_ne8th/method_comparison_variant_plus_frame_span_straightness/labels_hdbscan.parquet,88283,0.084193,bellevue_ne8th,trajectory/intermediate output,false,true,P2,04_processed_trajectories_and_features/,track_id;cluster_id,04e6235715e63eec0b571fbe0f778113c27b0efb07b8200d9e6ffa663549b47e
data/processed/bellevue_ne8th/method_comparison_variant_plus_frame_span_straightness/labels_kmeans.parquet,89767,0.085608,bellevue_ne8th,trajectory/intermediate output,false,true,P2,04_processed_trajectories_and_features/,track_id;cluster_id,77525cab206c8bf8e00597cff7c16281f2ce2e6d5271318b200c5b81fd28b1df
data/processed/bellevue_ne8th/method_comparison_variant_plus_frame_span_straightness/labels_optics.parquet,88284,0.084194,bellevue_ne8th,trajectory/intermediate output,false,true,P2,04_processed_trajectories_and_features/,track_id;cluster_id,000cf96bb76c8b818744b5c1d2f3b07d387b5340126980e6db124e1d6b3946a4
data/processed/bellevue_ne8th/method_comparison_variant_plus_frame_span_straightness/methods_summary.csv,1300,0.00124,bellevue_ne8th,unclear,false,true,P2,99_misc_review/,,41043c99a496e413dabee56d8983cf97033b538657afaf0c3a8b2f00f3bbd1f1
data/processed/bellevue_ne8th/method_comparison_variant_plus_frame_span_straightness/methods_summary.partial.csv,1300,0.00124,bellevue_ne8th,unclear,false,true,P2,99_misc_review/,,41043c99a496e413dabee56d8983cf97033b538657afaf0c3a8b2f00f3bbd1f1
data/processed/bellevue_ne8th/method_comparison_variant_plus_frame_span_straightness/stats_birch.json,306,0.000292,bellevue_ne8th,unclear,false,true,P2,99_misc_review/,,a5ff83dbc5a9728af53fbf47e922cd7327abc55ee97f02b3cc474b352d999c36
data/processed/bellevue_ne8th/method_comparison_variant_plus_frame_span_straightness/stats_dbscan.json,329,0.000314,bellevue_ne8th,unclear,false,true,P2,99_misc_review/,,bddb7c07408c15010a7ea1be4eb81d688c3ae700a2bcbd8e634b979501e58343
data/processed/bellevue_ne8th/method_comparison_variant_plus_frame_span_straightness/stats_gmm.json,317,0.000302,bellevue_ne8th,unclear,false,true,P2,99_misc_review/,,8b626171918c0212be779fa3c8b55d36106163f9ce5eb2a2a7c461de1c3f6209
data/processed/bellevue_ne8th/method_comparison_variant_plus_frame_span_straightness/stats_hdbscan.json,351,0.000335,bellevue_ne8th,unclear,false,true,P2,99_misc_review/,,9febd465617a5145293eba5a5f69a70cfb1053433fb97ecfb5edfb0cece77e61
data/processed/bellevue_ne8th/method_comparison_variant_plus_frame_span_straightness/stats_kmeans.json,363,0.000346,bellevue_ne8th,unclear,false,true,P2,99_misc_review/,,ed095d03278d77625f6cfc36a58d97fb06960c0d32cc173f6b0fe49478f66011
data/processed/bellevue_ne8th/method_comparison_variant_plus_frame_span_straightness/stats_optics.json,341,0.000325,bellevue_ne8th,unclear,false,true,P2,99_misc_review/,,8fd922d7b960da15daae86a8c1d149cd3cd0edf44cfab985dba88e9eadd3d878
data/processed/bellevue_ne8th/method_comparison_variant_plus_frame_span_straightness/trials_birch.csv,972,0.000927,bellevue_ne8th,unclear,false,true,P2,99_misc_review/,,93fdf807c089aac73f2de249988768677023cde6bb59b602d19b9c510847db99
data/processed/bellevue_ne8th/method_comparison_variant_plus_frame_span_straightness/trials_dbscan.csv,1363,0.0013,bellevue_ne8th,unclear,false,true,P2,99_misc_review/,,c2f0c6c8d91722a47375d9858daba5612f383efe005b44df3242f43c3b7120f0
data/processed/bellevue_ne8th/method_comparison_variant_plus_frame_span_straightness/trials_gmm.csv,693,0.000661,bellevue_ne8th,unclear,false,true,P2,99_misc_review/,,9ffec2b49fd23a3b8cde516c05d075ce82acd9fa7734cab026028dfd229ef658
data/processed/bellevue_ne8th/method_comparison_variant_plus_frame_span_straightness/trials_hdbscan.csv,1794,0.001711,bellevue_ne8th,unclear,false,true,P2,99_misc_review/,,f510616431f3ac4f9a2c790520355141566624d46b8cab307561dba43ef4c0cb
data/processed/bellevue_ne8th/method_comparison_variant_plus_frame_span_straightness/trials_kmeans.csv,2838,0.002707,bellevue_ne8th,unclear,false,true,P2,99_misc_review/,,5b2fcdfcd3ed9ae30842e94d6d8f74b9289889e3fa070d87a757645b309c9673
data/processed/bellevue_ne8th/method_comparison_variant_plus_frame_span_straightness/trials_optics.csv,3968,0.003784,bellevue_ne8th,unclear,false,true,P2,99_misc_review/,,34b624e9d527c4589586616fc80a33de3d5466614b9722674712166554bb5cd6
data/processed/bellevue_ne8th/method_comparison_variant_plus_frame_span_straightness_dir/labels_birch.parquet,88284,0.084194,bellevue_ne8th,trajectory/intermediate output,false,true,P2,04_processed_trajectories_and_features/,track_id;cluster_id,07d25d28263ed2499f1897a66f5b31acfbb47b8726094118345b6a59e529c6b1
data/processed/bellevue_ne8th/method_comparison_variant_plus_frame_span_straightness_dir/labels_dbscan.parquet,89806,0.085646,bellevue_ne8th,trajectory/intermediate output,false,true,P2,04_processed_trajectories_and_features/,track_id;cluster_id,3a3a46c081d6aa72c260a63840a0ea22bfaf9ece3ea1652886e0123c106a0828
data/processed/bellevue_ne8th/method_comparison_variant_plus_frame_span_straightness_dir/labels_gmm.parquet,89810,0.085649,bellevue_ne8th,trajectory/intermediate output,false,true,P2,04_processed_trajectories_and_features/,track_id;cluster_id,f9f63bd2ae7338e3cd9038cf1cd4384b137e367a8f3e7e744cfbdda68a50233a
data/processed/bellevue_ne8th/method_comparison_variant_plus_frame_span_straightness_dir/labels_hdbscan.parquet,88284,0.084194,bellevue_ne8th,trajectory/intermediate output,false,true,P2,04_processed_trajectories_and_features/,track_id;cluster_id,3033f126d4ce07d1c877e81bc6eb671dfaf1fc018e41f721f75495a3617415fa
data/processed/bellevue_ne8th/method_comparison_variant_plus_frame_span_straightness_dir/labels_kmeans.parquet,89767,0.085608,bellevue_ne8th,trajectory/intermediate output,false,true,P2,04_processed_trajectories_and_features/,track_id;cluster_id,d9e4567337791b83307c399e20d5567f795e116648704353e02f01da04b18caf
data/processed/bellevue_ne8th/method_comparison_variant_plus_frame_span_straightness_dir/labels_optics.parquet,88288,0.084198,bellevue_ne8th,trajectory/intermediate output,false,true,P2,04_processed_trajectories_and_features/,track_id;cluster_id,31418f896ee52f8358aaf308b84d7b21da5af0f39e4921e8aef5b4fdf68e3cd1
data/processed/bellevue_ne8th/method_comparison_variant_plus_frame_span_straightness_dir/methods_summary.csv,1280,0.001221,bellevue_ne8th,unclear,false,true,P2,99_misc_review/,,3f878678f2f72bc69e5541ef83e4c38ee53390b42bf507b623d06ed3a996bfcf
data/processed/bellevue_ne8th/method_comparison_variant_plus_frame_span_straightness_dir/methods_summary.partial.csv,1280,0.001221,bellevue_ne8th,unclear,false,true,P2,99_misc_review/,,3f878678f2f72bc69e5541ef83e4c38ee53390b42bf507b623d06ed3a996bfcf
data/processed/bellevue_ne8th/method_comparison_variant_plus_frame_span_straightness_dir/stats_birch.json,307,0.000293,bellevue_ne8th,unclear,false,true,P2,99_misc_review/,,f75584bd24b0f0c1acbda09083dcd3eef41fa8624d10bb052c177efa822bdcbe
data/processed/bellevue_ne8th/method_comparison_variant_plus_frame_span_straightness_dir/stats_dbscan.json,317,0.000302,bellevue_ne8th,unclear,false,true,P2,99_misc_review/,,e0fb7b20dca3578981d5506ccb2b2837185b7eba4133861bd92087743531b726
data/processed/bellevue_ne8th/method_comparison_variant_plus_frame_span_straightness_dir/stats_gmm.json,308,0.000294,bellevue_ne8th,unclear,false,true,P2,99_misc_review/,,9abd5825acaa64df2ca4e639e9bcdf30d5a56f9ef0812842355a587512e4760d
data/processed/bellevue_ne8th/method_comparison_variant_plus_frame_span_straightness_dir/stats_hdbscan.json,351,0.000335,bellevue_ne8th,unclear,false,true,P2,99_misc_review/,,90345c4a1fa5817b67bdb46d6ac279d776224488340fc8fedfa0f35e83dc7481
data/processed/bellevue_ne8th/method_comparison_variant_plus_frame_span_straightness_dir/stats_kmeans.json,354,0.000338,bellevue_ne8th,unclear,false,true,P2,99_misc_review/,,cba7a4ab4bfc7df23d0ddeca269b56efc63db0986df3ea9493e13126423d94b8
data/processed/bellevue_ne8th/method_comparison_variant_plus_frame_span_straightness_dir/stats_optics.json,326,0.000311,bellevue_ne8th,unclear,false,true,P2,99_misc_review/,,a401a7ed5036f2fdee70ae1a776a4b68b10e26cf86fb1c0c0c18ed57a4ce6309
data/processed/bellevue_ne8th/method_comparison_variant_plus_frame_span_straightness_dir/trials_birch.csv,1049,0.001,bellevue_ne8th,unclear,false,true,P2,99_misc_review/,,19db58051b0aeff69e6cd206dd88735004074458da439e81d64a48be451747a9
data/processed/bellevue_ne8th/method_comparison_variant_plus_frame_span_straightness_dir/trials_dbscan.csv,1363,0.0013,bellevue_ne8th,unclear,false,true,P2,99_misc_review/,,a714ff08f2d5c801329ad9b7394f7c29879ea719549155dab73372fea1c09eed
data/processed/bellevue_ne8th/method_comparison_variant_plus_frame_span_straightness_dir/trials_gmm.csv,698,0.000666,bellevue_ne8th,unclear,false,true,P2,99_misc_review/,,64abcca1a3240c2921f5f4de66b2ef61efdb55b2e698461a6464aaf4795d5df8
data/processed/bellevue_ne8th/method_comparison_variant_plus_frame_span_straightness_dir/trials_hdbscan.csv,1796,0.001713,bellevue_ne8th,unclear,false,true,P2,99_misc_review/,,3a92c3bd3c1a1da59baa102cd6400e3875f64f5a2b214500ea3f8ae977e667f9
data/processed/bellevue_ne8th/method_comparison_variant_plus_frame_span_straightness_dir/trials_kmeans.csv,2926,0.00279,bellevue_ne8th,unclear,false,true,P2,99_misc_review/,,f09b7bc1a335cf5520ec78133aa9c92ca4e84dbf366162414ad0f3d6a7e9a2d9
data/processed/bellevue_ne8th/method_comparison_variant_plus_frame_span_straightness_dir/trials_optics.csv,3974,0.00379,bellevue_ne8th,unclear,false,true,P2,99_misc_review/,,dcdd916e14872aa9850e0edf86a23e2d739151f7e7128da298994dc322fbe622
data/processed/bellevue_ne8th/method_comparison_variant_plus_straightness/labels_hdbscan.parquet,133456,0.127274,bellevue_ne8th,trajectory/intermediate output,false,true,P2,04_processed_trajectories_and_features/,track_id;cluster_id,9c3354d6df1496a4cff08071252bd007f30cf9aacff27acf528c0bbfba75f69e
data/processed/bellevue_ne8th/method_comparison_variant_plus_straightness/labels_kmeans.parquet,133659,0.127467,bellevue_ne8th,trajectory/intermediate output,false,true,P2,04_processed_trajectories_and_features/,track_id;cluster_id,6efa244f4e31fb2aa4bccbccc10be39a3c5cc0d680880a2a2f7eef635e622ade
data/processed/bellevue_ne8th/method_comparison_variant_plus_straightness/labels_optics.parquet,132675,0.126529,bellevue_ne8th,trajectory/intermediate output,false,true,P2,04_processed_trajectories_and_features/,track_id;cluster_id,3a348707c6ad352f09ad52af6bc88fe7d54b6e1d065821dc1220ca71bbe22ad5
data/processed/bellevue_ne8th/trajectories.parquet,1784078265,1701.42962,bellevue_ne8th,processed trajectory,false,true,P0,04_processed_trajectories_and_features/,track_id;frame;x;y;vx;vy;ax;ay,NOT_COMPUTED_LARGE_FILE_GT_268435456_BYTES
publications/hg-msa-tc-future-transportation/annotations/provenance/trajectory_source_catalog.csv,43602,0.041582,,trajectory/intermediate output,false,true,P1,04_processed_trajectories_and_features/,,c71149a4bfdc7931bed6997a32ecadf82cd6766cb833b2f9cb2ca87b9c56a780
publications/hg-msa-tc-future-transportation/annotations/reference_labels/coverage_summary.csv,2053,0.001958,,schema/metadata only,false,true,P0,05_reference_labels_and_protocols/,,541b308ad36506cd3fc5698b9ec7c05dbe95ea390f6fd2db1494cfa854385a89
publications/hg-msa-tc-future-transportation/annotations/reference_labels/exclusion_reason_summary.csv,2512,0.002396,,schema/metadata only,false,true,P0,05_reference_labels_and_protocols/,,e32cc4a184521e586f6fd27d38f40895b42b2d90cf1b128f1061f10d639ad4a2
publications/hg-msa-tc-future-transportation/annotations/reference_labels/independent_test_reference_labels.csv,25835801,24.63894,,schema/metadata only,false,true,P0,05_reference_labels_and_protocols/,,127a52ff80af8906fdc3bb6a7436a222baedd42d8c542cfb2e234e67e43b4f5f
publications/hg-msa-tc-future-transportation/annotations/reference_labels/legal_movement_inventory.csv,6407,0.00611,,schema/metadata only,false,true,P0,05_reference_labels_and_protocols/,,b26849b87da8900e5d8c7aa6db77998f31f82aee8f1ceb021f5d023e39021a5d
publications/hg-msa-tc-future-transportation/annotations/reference_labels/model_selection_reference_labels.csv,18541521,17.682572,,schema/metadata only,false,true,P0,05_reference_labels_and_protocols/,,52ade6f257673392967fdc303daca72ca815a460ada37afc341f4b58414fe8da
publications/hg-msa-tc-future-transportation/annotations/reference_labels/observed_movement_inventory.csv,141612,0.135052,,schema/metadata only,false,true,P0,05_reference_labels_and_protocols/,,7fb8a50ba5529336fcb89196b1a80273d0c6bd2ba7733f4a7c1637a0851f424c
publications/hg-msa-tc-future-transportation/annotations/reference_labels/polygon_assignment_sensitivity.csv,77435672,73.848412,,schema/metadata only,false,true,P0,05_reference_labels_and_protocols/,,574de4693f38fd120adb0413c0f2a0d6a0d9fb5211c3f9067d5b6e03f4b62ea9
publications/hg-msa-tc-future-transportation/annotations/reference_labels/polygon_rule_reference_labels_all.csv,63201780,60.273914,,schema/metadata only,false,true,P0,05_reference_labels_and_protocols/,,6630bc1f32f9a3ac5bfe78b6312432aafa7ac0327d43251ff01b05e2a9bfbd60
publications/hg-msa-tc-future-transportation/annotations/reference_labels/polygon_rule_reference_labels_all.parquet,9859228,9.402493,,schema/metadata only,false,true,P0,05_reference_labels_and_protocols/,scene_id;trajectory_id;split;recording_id;source_file;start_frame;end_frame;entry_x;entry_y;exit_x;exit_y;entry_polygon_id;exit_polygon_id;entry_match_count;exit_match_count;entry_boundary_distance;exit_boundary_distance;entry_on_boundary;exit_on_boundary;reference_movement_id,63c88c91925560fc1a636b8cb165abd5d90d8ed2b63adfad293727edec32648c
publications/hg-msa-tc-future-transportation/annotations/reference_labels/qa_audit_queue.csv,1024736,0.977264,,schema/metadata only,false,true,P0,05_reference_labels_and_protocols/,,7d130f2300e5af9f8b25fbcadd482d8e2b7acaf9933b8dc6904d66b4007da28f
publications/hg-msa-tc-future-transportation/annotations/reference_labels/recording_coverage.csv,13084,0.012478,,schema/metadata only,false,true,P0,05_reference_labels_and_protocols/,,3c78a9562273a6968e0a92657f92fc60e625b86ad917902ce4a6789da4613767
publications/hg-msa-tc-future-transportation/annotations/reference_labels/reference_output_manifest.json,2427,0.002315,,schema/metadata only,false,true,P0,05_reference_labels_and_protocols/,,bf2bb33ae791b98b23101429aeab547e6d03d35fa856dfe5f045952656bc7097
publications/hg-msa-tc-future-transportation/annotations/reference_labels/target_estimation_reference_labels.csv,18826154,17.95402,,schema/metadata only,false,true,P0,05_reference_labels_and_protocols/,,c2d9f048dbc80f5856ce076496cf1707d07eb5caf8e1ab52cbf36a85b93d8f87
publications/hg-msa-tc-future-transportation/data/manifests/trajectory_manifest.csv,49990970,47.675104,,trajectory/intermediate output,false,true,P1,04_processed_trajectories_and_features/,,0b26f59168f0c3996290cc1832ddd423321a5988e27fca93e78d2a02ecde7a03
publications/hg-msa-tc-future-transportation/docs/interim_detection_tracking_inventory.csv,284140,0.270977,,tracker output,false,true,P1,03_yolo_tracking_outputs/,,fa364dbf2b74995e32f4fa73dfd2796de6515618daf9652e082d03fe158ffd52
publications/hg-msa-tc-future-transportation/docs/yolov11_detection_upload_manifest.csv,284140,0.270977,,schema/metadata only,false,true,P2,08_reproducibility_configs_and_manifests/,,fa364dbf2b74995e32f4fa73dfd2796de6515618daf9652e082d03fe158ffd52
publications/hg-msa-tc-future-transportation/requirements-reference-labels.txt,79,7.5e-05,,schema/metadata only,false,true,P0,05_reference_labels_and_protocols/,,414ea0b9aa90a283ccbba501bbbde26f851591837a2aed31a6bb3c6704ca10ef
traffic_node_dataset_2_0_starter_pack/tnvd2_starter_pack/schemas/detection_schema.csv,119,0.000113,,schema/metadata only,false,true,P2,08_reproducibility_configs_and_manifests/,,5139114c5701972fec84567f0a649c4ce3897a2fd839973fd432cad2d009f63f
traffic_node_dataset_2_0_starter_pack/tnvd2_starter_pack/schemas/trajectory_schema.csv,194,0.000185,,schema/metadata only,false,true,P2,08_reproducibility_configs_and_manifests/,,fbc446d509b4f7ffa6f5a8f0d533747276eb558ee5f3cba32f81f9773a939d4e
