onedrive_relative_path,size_bytes,sha256
README_PUBLIC_RELEASE.md,1105,7ccdd4ade8a0643ede2501841ff4f83483be81f8ce7f5f9f3fd35d91153fd786
00_README_METADATA/.gitkeep,0,e3b0c44298fc1c149afbf4c8996fb92427ae41e4649b934ca495991b7852b855
00_README_METADATA/dataset_manifest.csv,326,bf12c316383af0533f8550b042ec6ff4f9921e2602ec73676c95ccfb408cfe93
00_README_METADATA/processing_config.yaml,849,b1c6b24fcaa971754485ccedb93d83ee27a8f0422e7eeea340fad67b34582c21
00_README_METADATA/scene_metadata.csv,283,61c3607a50f0cdd2c17e6c7555bbb4e780802b77080acc50f1be6e64fee9432d
00_RELEASE_MANIFESTS/copied_files_log.csv,1009149,257cad3f9043587339bebab52491d4f53465118c37b28224b23ae668989ccda5
00_RELEASE_MANIFESTS/missing_source_files.csv,3,f1945cd6c19e56b3c1c78943ef5ec18116907a4ca1efc40a57d48ab1db7adfc5
00_RELEASE_MANIFESTS/staged_release_checksums.sha256,510557,a292b9054d7a2dc68db9eff2a4d0e6b3bcc8251ace1f7cb3cb7c01cb8b1504a1
00_RELEASE_MANIFESTS/staged_release_manifest.csv,1009149,257cad3f9043587339bebab52491d4f53465118c37b28224b23ae668989ccda5
00_RELEASE_MANIFESTS/staging_summary.md,362,5d448622efe21258d22a66fbdc75eb3442558d3adc99bcfd9e62719b8987fee8
01_ORIGINAL_VIDEO_REFERENCES/.gitkeep,0,e3b0c44298fc1c149afbf4c8996fb92427ae41e4649b934ca495991b7852b855
01_ORIGINAL_VIDEO_REFERENCES/Bellevue_116th_NE12th/Bellevue_116th_NE12th__2017-09-10_19-08-25.mp4,438708285,NOT_COMPUTED_LARGE_FILE_GT_268435456_BYTES
01_ORIGINAL_VIDEO_REFERENCES/Bellevue_116th_NE12th/Bellevue_116th_NE12th__2017-09-10_20-09-12.mp4,340344466,NOT_COMPUTED_LARGE_FILE_GT_268435456_BYTES
01_ORIGINAL_VIDEO_REFERENCES/Bellevue_116th_NE12th/Bellevue_116th_NE12th__2017-09-10_21-08-54.mp4,693257629,NOT_COMPUTED_LARGE_FILE_GT_268435456_BYTES
01_ORIGINAL_VIDEO_REFERENCES/Bellevue_116th_NE12th/Bellevue_116th_NE12th__2017-09-10_22-08-50.mp4,94376249,b1a1b91751560b16661362816fba5733d358508382dcf379e0be3097644b5411
01_ORIGINAL_VIDEO_REFERENCES/Bellevue_116th_NE12th/Bellevue_116th_NE12th__2017-09-10_23-08-29.mp4,708631365,NOT_COMPUTED_LARGE_FILE_GT_268435456_BYTES
01_ORIGINAL_VIDEO_REFERENCES/Bellevue_116th_NE12th/Bellevue_116th_NE12th__2017-09-11_00-08-29.mp4,477705592,NOT_COMPUTED_LARGE_FILE_GT_268435456_BYTES
01_ORIGINAL_VIDEO_REFERENCES/Bellevue_116th_NE12th/Bellevue_116th_NE12th__2017-09-11_01-08-29.mp4,594203496,NOT_COMPUTED_LARGE_FILE_GT_268435456_BYTES
01_ORIGINAL_VIDEO_REFERENCES/Bellevue_116th_NE12th/Bellevue_116th_NE12th__2017-09-11_02-08-32.mp4,662371618,NOT_COMPUTED_LARGE_FILE_GT_268435456_BYTES
01_ORIGINAL_VIDEO_REFERENCES/Bellevue_116th_NE12th/Bellevue_116th_NE12th__2017-09-11_03-08-30.mp4,663376491,NOT_COMPUTED_LARGE_FILE_GT_268435456_BYTES
01_ORIGINAL_VIDEO_REFERENCES/Bellevue_116th_NE12th/Bellevue_116th_NE12th__2017-09-11_04-08-30.mp4,684161572,NOT_COMPUTED_LARGE_FILE_GT_268435456_BYTES
01_ORIGINAL_VIDEO_REFERENCES/Bellevue_116th_NE12th/Bellevue_116th_NE12th__2017-09-11_05-08-39.mp4,86131110,b26497f625c544ad924cdb1409927daed606cb54e427f52a838ee3f1f0f0e94c
01_ORIGINAL_VIDEO_REFERENCES/Bellevue_116th_NE12th/Bellevue_116th_NE12th__2017-09-11_06-08-30.mp4,470010601,NOT_COMPUTED_LARGE_FILE_GT_268435456_BYTES
01_ORIGINAL_VIDEO_REFERENCES/Bellevue_116th_NE12th/Bellevue_116th_NE12th__2017-09-11_07-08-32.mp4,68412272,4dde510ff91c2ec58e1cd06e27cbd923d8976c0156905a4625097653415eca4e
01_ORIGINAL_VIDEO_REFERENCES/Bellevue_116th_NE12th/Bellevue_116th_NE12th__2017-09-11_08-08-50.mp4,146272337,fdddf28b79156ee114fdda4b93ff8719ffc14dd928127fd989c0648f5e914127
01_ORIGINAL_VIDEO_REFERENCES/Bellevue_116th_NE12th/Bellevue_116th_NE12th__2017-09-11_09-08-31.mp4,231315695,60bc755fbdc45873badb5637c8a9a7228880abb2954eb9cc911ff154b2da35f5
01_ORIGINAL_VIDEO_REFERENCES/Bellevue_116th_NE12th/Bellevue_116th_NE12th__2017-09-11_11-08-33.mp4,74165700,6cc98923b4c4cef029b352b9346819efa607b23041cc0e6a5f35dcb8980351fd
01_ORIGINAL_VIDEO_REFERENCES/Bellevue_116th_NE12th/Bellevue_116th_NE12th__2017-09-11_12-08-33.mp4,24816722,f53d6b706080e0d9bb587e9d254e57a3539ae22f04e54ce503f1572e894cc4a5
01_ORIGINAL_VIDEO_REFERENCES/Bellevue_116th_NE12th/Bellevue_116th_NE12th__2017-09-11_14-08-35.mp4,121601732,4d887bc10523c792053aa31b109fea44641b1a1e3f2e24d03864abae876d5b05
01_ORIGINAL_VIDEO_REFERENCES/Bellevue_116th_NE12th/Bellevue_116th_NE12th__2017-09-11_15-08-36.mp4,14674334,1389947c31ca3d82a53de86ebabc3a970e5b14f03cbb89fed7a5059ab916ca96
01_ORIGINAL_VIDEO_REFERENCES/Bellevue_116th_NE12th/Bellevue_116th_NE12th__2017-09-11_16-08-37.mp4,12180686,98e5316046263b5ead2684738b727bf7faf6ad7443dab06a25f437968035e4de
01_ORIGINAL_VIDEO_REFERENCES/Bellevue_116th_NE12th/Bellevue_116th_NE12th__2017-09-11_17-08-39.mp4,60807417,5202bf50e0c196131028fb53df74591f5dabbd062667197356037681742d4f1d
01_ORIGINAL_VIDEO_REFERENCES/Bellevue_150th_Eastgate/Bellevue_150th_Eastgate__2017-09-10_18-08-24.mp4,370717286,NOT_COMPUTED_LARGE_FILE_GT_268435456_BYTES
01_ORIGINAL_VIDEO_REFERENCES/Bellevue_150th_Eastgate/Bellevue_150th_Eastgate__2017-09-10_19-08-25.mp4,418407351,NOT_COMPUTED_LARGE_FILE_GT_268435456_BYTES
01_ORIGINAL_VIDEO_REFERENCES/Bellevue_150th_Eastgate/Bellevue_150th_Eastgate__2017-09-10_20-08-25.mp4,818248247,NOT_COMPUTED_LARGE_FILE_GT_268435456_BYTES
01_ORIGINAL_VIDEO_REFERENCES/Bellevue_150th_Eastgate/Bellevue_150th_Eastgate__2017-09-10_21-08-28.mp4,785781152,NOT_COMPUTED_LARGE_FILE_GT_268435456_BYTES
01_ORIGINAL_VIDEO_REFERENCES/Bellevue_150th_Eastgate/Bellevue_150th_Eastgate__2017-09-10_22-08-28.mp4,696119733,NOT_COMPUTED_LARGE_FILE_GT_268435456_BYTES
01_ORIGINAL_VIDEO_REFERENCES/Bellevue_150th_Eastgate/Bellevue_150th_Eastgate__2017-09-10_23-08-29.mp4,637763700,NOT_COMPUTED_LARGE_FILE_GT_268435456_BYTES
01_ORIGINAL_VIDEO_REFERENCES/Bellevue_150th_Eastgate/Bellevue_150th_Eastgate__2017-09-11_00-08-29.mp4,598175225,NOT_COMPUTED_LARGE_FILE_GT_268435456_BYTES
01_ORIGINAL_VIDEO_REFERENCES/Bellevue_150th_Eastgate/Bellevue_150th_Eastgate__2017-09-11_01-08-29.mp4,542568600,NOT_COMPUTED_LARGE_FILE_GT_268435456_BYTES
01_ORIGINAL_VIDEO_REFERENCES/Bellevue_150th_Eastgate/Bellevue_150th_Eastgate__2017-09-11_02-08-29.mp4,584357487,NOT_COMPUTED_LARGE_FILE_GT_268435456_BYTES
01_ORIGINAL_VIDEO_REFERENCES/Bellevue_150th_Eastgate/Bellevue_150th_Eastgate__2017-09-11_03-08-30.mp4,606876397,NOT_COMPUTED_LARGE_FILE_GT_268435456_BYTES
01_ORIGINAL_VIDEO_REFERENCES/Bellevue_150th_Eastgate/Bellevue_150th_Eastgate__2017-09-11_04-08-29.mp4,653012409,NOT_COMPUTED_LARGE_FILE_GT_268435456_BYTES
01_ORIGINAL_VIDEO_REFERENCES/Bellevue_150th_Eastgate/Bellevue_150th_Eastgate__2017-09-11_05-08-30.mp4,754633506,NOT_COMPUTED_LARGE_FILE_GT_268435456_BYTES
01_ORIGINAL_VIDEO_REFERENCES/Bellevue_150th_Eastgate/Bellevue_150th_Eastgate__2017-09-11_06-08-30.mp4,481654803,NOT_COMPUTED_LARGE_FILE_GT_268435456_BYTES
01_ORIGINAL_VIDEO_REFERENCES/Bellevue_150th_Eastgate/Bellevue_150th_Eastgate__2017-09-11_07-08-31.mp4,761005255,NOT_COMPUTED_LARGE_FILE_GT_268435456_BYTES
01_ORIGINAL_VIDEO_REFERENCES/Bellevue_150th_Eastgate/Bellevue_150th_Eastgate__2017-09-11_08-08-31.mp4,832614930,NOT_COMPUTED_LARGE_FILE_GT_268435456_BYTES
01_ORIGINAL_VIDEO_REFERENCES/Bellevue_150th_Eastgate/Bellevue_150th_Eastgate__2017-09-11_09-08-31.mp4,762633956,NOT_COMPUTED_LARGE_FILE_GT_268435456_BYTES
01_ORIGINAL_VIDEO_REFERENCES/Bellevue_150th_Eastgate/Bellevue_150th_Eastgate__2017-09-11_10-08-31.mp4,682782826,NOT_COMPUTED_LARGE_FILE_GT_268435456_BYTES
01_ORIGINAL_VIDEO_REFERENCES/Bellevue_150th_Eastgate/Bellevue_150th_Eastgate__2017-09-11_11-08-32.mp4,668945957,NOT_COMPUTED_LARGE_FILE_GT_268435456_BYTES
01_ORIGINAL_VIDEO_REFERENCES/Bellevue_150th_Eastgate/Bellevue_150th_Eastgate__2017-09-11_12-08-32.mp4,675577192,NOT_COMPUTED_LARGE_FILE_GT_268435456_BYTES
01_ORIGINAL_VIDEO_REFERENCES/Bellevue_150th_Eastgate/Bellevue_150th_Eastgate__2017-09-11_13-08-32.mp4,569566422,NOT_COMPUTED_LARGE_FILE_GT_268435456_BYTES
01_ORIGINAL_VIDEO_REFERENCES/Bellevue_150th_Eastgate/Bellevue_150th_Eastgate__2017-09-11_14-08-31.mp4,640424162,NOT_COMPUTED_LARGE_FILE_GT_268435456_BYTES
01_ORIGINAL_VIDEO_REFERENCES/Bellevue_150th_Eastgate/Bellevue_150th_Eastgate__2017-09-11_15-08-33.mp4,695726656,NOT_COMPUTED_LARGE_FILE_GT_268435456_BYTES
01_ORIGINAL_VIDEO_REFERENCES/Bellevue_150th_Eastgate/Bellevue_150th_Eastgate__2017-09-11_16-08-33.mp4,707055549,NOT_COMPUTED_LARGE_FILE_GT_268435456_BYTES
01_ORIGINAL_VIDEO_REFERENCES/Bellevue_150th_Eastgate/Bellevue_150th_Eastgate__2017-09-11_17-08-33.mp4,670193912,NOT_COMPUTED_LARGE_FILE_GT_268435456_BYTES
01_ORIGINAL_VIDEO_REFERENCES/Bellevue_150th_Eastgate/research_data/Bellevue_150th_Eastgate__2017-09-11_10-08-31.db,55476224,9db330fa18f0f77b78b07c4d4aeb24213818e0d2e95cc9f2ab17c092adf00e29
01_ORIGINAL_VIDEO_REFERENCES/Bellevue_150th_Eastgate/research_data/Bellevue_150th_Eastgate__2017-09-11_10-08-31.joblib,294373287,NOT_COMPUTED_LARGE_FILE_GT_268435456_BYTES
01_ORIGINAL_VIDEO_REFERENCES/Bellevue_150th_Eastgate/research_data/Bellevue_150th_Eastgate__2017-09-11_11-08-32.db,58306560,6cab9151017f2adeeac39a2c9389ca72737e0d955da74c1cdb900a0b858ea42d
01_ORIGINAL_VIDEO_REFERENCES/Bellevue_150th_Eastgate/research_data/Bellevue_150th_Eastgate__2017-09-11_11-08-32.joblib,322545607,NOT_COMPUTED_LARGE_FILE_GT_268435456_BYTES
01_ORIGINAL_VIDEO_REFERENCES/Bellevue_150th_Eastgate/research_data/Bellevue_150th_Eastgate__2017-09-11_12-08-32.db,65208320,967d4e6bfb3dc788656fdae02306a82bc0bc615a6edbd13ce533bb17a531aa47
01_ORIGINAL_VIDEO_REFERENCES/Bellevue_150th_Eastgate/research_data/Bellevue_150th_Eastgate__2017-09-11_12-08-32.joblib,351946855,NOT_COMPUTED_LARGE_FILE_GT_268435456_BYTES
01_ORIGINAL_VIDEO_REFERENCES/Bellevue_150th_Eastgate/research_data/Bellevue_150th_Eastgate__2017-09-11_13-08-32.db,24576,db58765568d527e91f0908d4ac0de11b03794cfc3ed298d512ec4941a5737513
01_ORIGINAL_VIDEO_REFERENCES/Bellevue_150th_Newport/Bellevue_150th_Newport__2017-09-10_18-08-24.mp4,725653754,NOT_COMPUTED_LARGE_FILE_GT_268435456_BYTES
01_ORIGINAL_VIDEO_REFERENCES/Bellevue_150th_Newport/Bellevue_150th_Newport__2017-09-10_19-08-24.mp4,562233775,NOT_COMPUTED_LARGE_FILE_GT_268435456_BYTES
01_ORIGINAL_VIDEO_REFERENCES/Bellevue_150th_Newport/Bellevue_150th_Newport__2017-09-10_20-08-25.mp4,771199106,NOT_COMPUTED_LARGE_FILE_GT_268435456_BYTES
01_ORIGINAL_VIDEO_REFERENCES/Bellevue_150th_Newport/Bellevue_150th_Newport__2017-09-10_21-08-28.mp4,697682115,NOT_COMPUTED_LARGE_FILE_GT_268435456_BYTES
01_ORIGINAL_VIDEO_REFERENCES/Bellevue_150th_Newport/Bellevue_150th_Newport__2017-09-10_22-08-28.mp4,592134605,NOT_COMPUTED_LARGE_FILE_GT_268435456_BYTES
01_ORIGINAL_VIDEO_REFERENCES/Bellevue_150th_Newport/Bellevue_150th_Newport__2017-09-10_23-08-29.mp4,555848207,NOT_COMPUTED_LARGE_FILE_GT_268435456_BYTES
01_ORIGINAL_VIDEO_REFERENCES/Bellevue_150th_Newport/Bellevue_150th_Newport__2017-09-11_00-08-29.mp4,517268218,NOT_COMPUTED_LARGE_FILE_GT_268435456_BYTES
01_ORIGINAL_VIDEO_REFERENCES/Bellevue_150th_Newport/Bellevue_150th_Newport__2017-09-11_01-08-29.mp4,448587688,NOT_COMPUTED_LARGE_FILE_GT_268435456_BYTES
01_ORIGINAL_VIDEO_REFERENCES/Bellevue_150th_Newport/Bellevue_150th_Newport__2017-09-11_02-08-29.mp4,491176517,NOT_COMPUTED_LARGE_FILE_GT_268435456_BYTES
01_ORIGINAL_VIDEO_REFERENCES/Bellevue_150th_Newport/Bellevue_150th_Newport__2017-09-11_03-08-29.mp4,501332756,NOT_COMPUTED_LARGE_FILE_GT_268435456_BYTES
01_ORIGINAL_VIDEO_REFERENCES/Bellevue_150th_Newport/Bellevue_150th_Newport__2017-09-11_04-08-29.mp4,525992387,NOT_COMPUTED_LARGE_FILE_GT_268435456_BYTES
01_ORIGINAL_VIDEO_REFERENCES/Bellevue_150th_Newport/Bellevue_150th_Newport__2017-09-11_05-08-29.mp4,610119263,NOT_COMPUTED_LARGE_FILE_GT_268435456_BYTES
01_ORIGINAL_VIDEO_REFERENCES/Bellevue_150th_Newport/Bellevue_150th_Newport__2017-09-11_06-08-30.mp4,524846399,NOT_COMPUTED_LARGE_FILE_GT_268435456_BYTES
01_ORIGINAL_VIDEO_REFERENCES/Bellevue_150th_Newport/Bellevue_150th_Newport__2017-09-11_07-08-31.mp4,789171387,NOT_COMPUTED_LARGE_FILE_GT_268435456_BYTES
01_ORIGINAL_VIDEO_REFERENCES/Bellevue_150th_Newport/Bellevue_150th_Newport__2017-09-11_08-08-31.mp4,922656811,NOT_COMPUTED_LARGE_FILE_GT_268435456_BYTES
01_ORIGINAL_VIDEO_REFERENCES/Bellevue_150th_Newport/Bellevue_150th_Newport__2017-09-11_09-08-30.mp4,804191481,NOT_COMPUTED_LARGE_FILE_GT_268435456_BYTES
01_ORIGINAL_VIDEO_REFERENCES/Bellevue_150th_Newport/Bellevue_150th_Newport__2017-09-11_10-08-31.mp4,757883967,NOT_COMPUTED_LARGE_FILE_GT_268435456_BYTES
01_ORIGINAL_VIDEO_REFERENCES/Bellevue_150th_Newport/Bellevue_150th_Newport__2017-09-11_11-08-32.mp4,730430809,NOT_COMPUTED_LARGE_FILE_GT_268435456_BYTES
01_ORIGINAL_VIDEO_REFERENCES/Bellevue_150th_Newport/Bellevue_150th_Newport__2017-09-11_12-08-32.mp4,741731018,NOT_COMPUTED_LARGE_FILE_GT_268435456_BYTES
01_ORIGINAL_VIDEO_REFERENCES/Bellevue_150th_Newport/Bellevue_150th_Newport__2017-09-11_13-08-32.mp4,672546920,NOT_COMPUTED_LARGE_FILE_GT_268435456_BYTES
01_ORIGINAL_VIDEO_REFERENCES/Bellevue_150th_Newport/Bellevue_150th_Newport__2017-09-11_14-08-31.mp4,878013948,NOT_COMPUTED_LARGE_FILE_GT_268435456_BYTES
01_ORIGINAL_VIDEO_REFERENCES/Bellevue_150th_Newport/Bellevue_150th_Newport__2017-09-11_15-08-32.mp4,1081422696,NOT_COMPUTED_LARGE_FILE_GT_268435456_BYTES
01_ORIGINAL_VIDEO_REFERENCES/Bellevue_150th_Newport/Bellevue_150th_Newport__2017-09-11_16-08-32.mp4,1046820236,NOT_COMPUTED_LARGE_FILE_GT_268435456_BYTES
01_ORIGINAL_VIDEO_REFERENCES/Bellevue_150th_Newport/Bellevue_150th_Newport__2017-09-11_17-08-32.mp4,1000239797,NOT_COMPUTED_LARGE_FILE_GT_268435456_BYTES
01_ORIGINAL_VIDEO_REFERENCES/Bellevue_150th_SE38th/Bellevue_150th_SE38th__2017-09-10_18-08-24.mp4,500751094,NOT_COMPUTED_LARGE_FILE_GT_268435456_BYTES
01_ORIGINAL_VIDEO_REFERENCES/Bellevue_150th_SE38th/Bellevue_150th_SE38th__2017-09-10_19-08-25.mp4,475179975,NOT_COMPUTED_LARGE_FILE_GT_268435456_BYTES
01_ORIGINAL_VIDEO_REFERENCES/Bellevue_150th_SE38th/Bellevue_150th_SE38th__2017-09-10_20-08-25.mp4,693676200,NOT_COMPUTED_LARGE_FILE_GT_268435456_BYTES
01_ORIGINAL_VIDEO_REFERENCES/Bellevue_150th_SE38th/Bellevue_150th_SE38th__2017-09-10_21-08-38.mp4,625784595,NOT_COMPUTED_LARGE_FILE_GT_268435456_BYTES
01_ORIGINAL_VIDEO_REFERENCES/Bellevue_150th_SE38th/Bellevue_150th_SE38th__2017-09-10_22-08-28.mp4,526093806,NOT_COMPUTED_LARGE_FILE_GT_268435456_BYTES
01_ORIGINAL_VIDEO_REFERENCES/Bellevue_150th_SE38th/Bellevue_150th_SE38th__2017-09-10_23-08-29.mp4,497871097,NOT_COMPUTED_LARGE_FILE_GT_268435456_BYTES
01_ORIGINAL_VIDEO_REFERENCES/Bellevue_150th_SE38th/Bellevue_150th_SE38th__2017-09-11_00-08-29.mp4,451723601,NOT_COMPUTED_LARGE_FILE_GT_268435456_BYTES
01_ORIGINAL_VIDEO_REFERENCES/Bellevue_150th_SE38th/Bellevue_150th_SE38th__2017-09-11_01-08-30.mp4,382256065,NOT_COMPUTED_LARGE_FILE_GT_268435456_BYTES
01_ORIGINAL_VIDEO_REFERENCES/Bellevue_150th_SE38th/Bellevue_150th_SE38th__2017-09-11_02-08-29.mp4,419280454,NOT_COMPUTED_LARGE_FILE_GT_268435456_BYTES
01_ORIGINAL_VIDEO_REFERENCES/Bellevue_150th_SE38th/Bellevue_150th_SE38th__2017-09-11_03-08-30.mp4,435983737,NOT_COMPUTED_LARGE_FILE_GT_268435456_BYTES
01_ORIGINAL_VIDEO_REFERENCES/Bellevue_150th_SE38th/Bellevue_150th_SE38th__2017-09-11_04-08-29.mp4,485002234,NOT_COMPUTED_LARGE_FILE_GT_268435456_BYTES
01_ORIGINAL_VIDEO_REFERENCES/Bellevue_150th_SE38th/Bellevue_150th_SE38th__2017-09-11_05-08-30.mp4,553306733,NOT_COMPUTED_LARGE_FILE_GT_268435456_BYTES
01_ORIGINAL_VIDEO_REFERENCES/Bellevue_150th_SE38th/Bellevue_150th_SE38th__2017-09-11_06-08-32.mp4,486714235,NOT_COMPUTED_LARGE_FILE_GT_268435456_BYTES
01_ORIGINAL_VIDEO_REFERENCES/Bellevue_150th_SE38th/Bellevue_150th_SE38th__2017-09-11_07-08-31.mp4,566625721,NOT_COMPUTED_LARGE_FILE_GT_268435456_BYTES
01_ORIGINAL_VIDEO_REFERENCES/Bellevue_150th_SE38th/Bellevue_150th_SE38th__2017-09-11_08-09-36.mp4,87225613,d80bc3806705397e14ae63bb55f8c7702f7ded235f866a2a3247fb9e594ec9c3
01_ORIGINAL_VIDEO_REFERENCES/Bellevue_150th_SE38th/Bellevue_150th_SE38th__2017-09-11_09-08-31.mp4,612854770,NOT_COMPUTED_LARGE_FILE_GT_268435456_BYTES
01_ORIGINAL_VIDEO_REFERENCES/Bellevue_150th_SE38th/Bellevue_150th_SE38th__2017-09-11_10-08-33.mp4,590857374,NOT_COMPUTED_LARGE_FILE_GT_268435456_BYTES
01_ORIGINAL_VIDEO_REFERENCES/Bellevue_150th_SE38th/Bellevue_150th_SE38th__2017-09-11_11-08-34.mp4,596032532,NOT_COMPUTED_LARGE_FILE_GT_268435456_BYTES
01_ORIGINAL_VIDEO_REFERENCES/Bellevue_150th_SE38th/Bellevue_150th_SE38th__2017-09-11_12-08-38.mp4,594950400,NOT_COMPUTED_LARGE_FILE_GT_268435456_BYTES
01_ORIGINAL_VIDEO_REFERENCES/Bellevue_150th_SE38th/Bellevue_150th_SE38th__2017-09-11_13-08-32.mp4,496577791,NOT_COMPUTED_LARGE_FILE_GT_268435456_BYTES
01_ORIGINAL_VIDEO_REFERENCES/Bellevue_150th_SE38th/Bellevue_150th_SE38th__2017-09-11_14-08-32.mp4,598888513,NOT_COMPUTED_LARGE_FILE_GT_268435456_BYTES
01_ORIGINAL_VIDEO_REFERENCES/Bellevue_150th_SE38th/Bellevue_150th_SE38th__2017-09-11_16-08-35.mp4,97350116,27611f70de6fbe4c6da421358d24694c399c6e9d76da7c3b367429614141c9b6
01_ORIGINAL_VIDEO_REFERENCES/Bellevue_150th_SE38th/Bellevue_150th_SE38th__2017-09-11_17-08-45.mp4,99844603,339271bcf0bcd9a223082e0a10b2641e100233e7d1577e1724800f90b886bb73
01_ORIGINAL_VIDEO_REFERENCES/Bellevue_Bellevue_NE8th/Bellevue_Bellevue_NE8th__2017-09-10_18-08-23.mp4,878611657,NOT_COMPUTED_LARGE_FILE_GT_268435456_BYTES
01_ORIGINAL_VIDEO_REFERENCES/Bellevue_Bellevue_NE8th/Bellevue_Bellevue_NE8th__2017-09-10_19-08-24.mp4,677329150,NOT_COMPUTED_LARGE_FILE_GT_268435456_BYTES
01_ORIGINAL_VIDEO_REFERENCES/Bellevue_Bellevue_NE8th/Bellevue_Bellevue_NE8th__2017-09-10_20-08-24.mp4,664862580,NOT_COMPUTED_LARGE_FILE_GT_268435456_BYTES
01_ORIGINAL_VIDEO_REFERENCES/Bellevue_Bellevue_NE8th/Bellevue_Bellevue_NE8th__2017-09-10_21-08-28.mp4,587275174,NOT_COMPUTED_LARGE_FILE_GT_268435456_BYTES
01_ORIGINAL_VIDEO_REFERENCES/Bellevue_Bellevue_NE8th/Bellevue_Bellevue_NE8th__2017-09-10_22-08-28.mp4,482459929,NOT_COMPUTED_LARGE_FILE_GT_268435456_BYTES
01_ORIGINAL_VIDEO_REFERENCES/Bellevue_Bellevue_NE8th/Bellevue_Bellevue_NE8th__2017-09-10_23-08-29.mp4,442079489,NOT_COMPUTED_LARGE_FILE_GT_268435456_BYTES
01_ORIGINAL_VIDEO_REFERENCES/Bellevue_Bellevue_NE8th/Bellevue_Bellevue_NE8th__2017-09-11_00-08-29.mp4,404834922,NOT_COMPUTED_LARGE_FILE_GT_268435456_BYTES
01_ORIGINAL_VIDEO_REFERENCES/Bellevue_Bellevue_NE8th/Bellevue_Bellevue_NE8th__2017-09-11_01-08-29.mp4,335573075,NOT_COMPUTED_LARGE_FILE_GT_268435456_BYTES
01_ORIGINAL_VIDEO_REFERENCES/Bellevue_Bellevue_NE8th/Bellevue_Bellevue_NE8th__2017-09-11_02-08-29.mp4,366075222,NOT_COMPUTED_LARGE_FILE_GT_268435456_BYTES
01_ORIGINAL_VIDEO_REFERENCES/Bellevue_Bellevue_NE8th/Bellevue_Bellevue_NE8th__2017-09-11_03-08-29.mp4,383770630,NOT_COMPUTED_LARGE_FILE_GT_268435456_BYTES
01_ORIGINAL_VIDEO_REFERENCES/Bellevue_Bellevue_NE8th/Bellevue_Bellevue_NE8th__2017-09-11_04-08-29.mp4,406416264,NOT_COMPUTED_LARGE_FILE_GT_268435456_BYTES
01_ORIGINAL_VIDEO_REFERENCES/Bellevue_Bellevue_NE8th/Bellevue_Bellevue_NE8th__2017-09-11_05-08-29.mp4,469286658,NOT_COMPUTED_LARGE_FILE_GT_268435456_BYTES
01_ORIGINAL_VIDEO_REFERENCES/Bellevue_Bellevue_NE8th/Bellevue_Bellevue_NE8th__2017-09-11_06-08-29.mp4,521295198,NOT_COMPUTED_LARGE_FILE_GT_268435456_BYTES
01_ORIGINAL_VIDEO_REFERENCES/Bellevue_Bellevue_NE8th/Bellevue_Bellevue_NE8th__2017-09-11_07-08-31.mp4,703265467,NOT_COMPUTED_LARGE_FILE_GT_268435456_BYTES
01_ORIGINAL_VIDEO_REFERENCES/Bellevue_Bellevue_NE8th/Bellevue_Bellevue_NE8th__2017-09-11_08-08-31.mp4,690958004,NOT_COMPUTED_LARGE_FILE_GT_268435456_BYTES
01_ORIGINAL_VIDEO_REFERENCES/Bellevue_Bellevue_NE8th/Bellevue_Bellevue_NE8th__2017-09-11_09-08-30.mp4,777165060,NOT_COMPUTED_LARGE_FILE_GT_268435456_BYTES
01_ORIGINAL_VIDEO_REFERENCES/Bellevue_Bellevue_NE8th/Bellevue_Bellevue_NE8th__2017-09-11_10-08-31.mp4,817394357,NOT_COMPUTED_LARGE_FILE_GT_268435456_BYTES
01_ORIGINAL_VIDEO_REFERENCES/Bellevue_Bellevue_NE8th/Bellevue_Bellevue_NE8th__2017-09-11_11-08-31.mp4,924316990,NOT_COMPUTED_LARGE_FILE_GT_268435456_BYTES
01_ORIGINAL_VIDEO_REFERENCES/Bellevue_Bellevue_NE8th/Bellevue_Bellevue_NE8th__2017-09-11_12-08-31.mp4,986047389,NOT_COMPUTED_LARGE_FILE_GT_268435456_BYTES
01_ORIGINAL_VIDEO_REFERENCES/Bellevue_Bellevue_NE8th/Bellevue_Bellevue_NE8th__2017-09-11_13-08-32.mp4,857731685,NOT_COMPUTED_LARGE_FILE_GT_268435456_BYTES
01_ORIGINAL_VIDEO_REFERENCES/Bellevue_Bellevue_NE8th/Bellevue_Bellevue_NE8th__2017-09-11_14-08-31.mp4,957407779,NOT_COMPUTED_LARGE_FILE_GT_268435456_BYTES
01_ORIGINAL_VIDEO_REFERENCES/Bellevue_Bellevue_NE8th/Bellevue_Bellevue_NE8th__2017-09-11_15-08-32.mp4,976429236,NOT_COMPUTED_LARGE_FILE_GT_268435456_BYTES
01_ORIGINAL_VIDEO_REFERENCES/Bellevue_Bellevue_NE8th/Bellevue_Bellevue_NE8th__2017-09-11_16-08-32.mp4,939532569,NOT_COMPUTED_LARGE_FILE_GT_268435456_BYTES
01_ORIGINAL_VIDEO_REFERENCES/Bellevue_Bellevue_NE8th/research_data/Bellevue_Bellevue_NE8th__2017-09-10_18-08-23.db,772907008,NOT_COMPUTED_LARGE_FILE_GT_268435456_BYTES
01_ORIGINAL_VIDEO_REFERENCES/Bellevue_Bellevue_NE8th/research_data/Bellevue_Bellevue_NE8th__2017-09-10_18-08-23.joblib,337984295,NOT_COMPUTED_LARGE_FILE_GT_268435456_BYTES
01_ORIGINAL_VIDEO_REFERENCES/Bellevue_Bellevue_NE8th/research_data/Bellevue_Bellevue_NE8th__2017-09-10_19-08-24.db,823951360,NOT_COMPUTED_LARGE_FILE_GT_268435456_BYTES
01_ORIGINAL_VIDEO_REFERENCES/Bellevue_Bellevue_NE8th/research_data/Bellevue_Bellevue_NE8th__2017-09-10_19-08-24.joblib,291599559,NOT_COMPUTED_LARGE_FILE_GT_268435456_BYTES
01_ORIGINAL_VIDEO_REFERENCES/Bellevue_Bellevue_NE8th/research_data/Bellevue_Bellevue_NE8th__2017-09-10_20-08-24.db,859447296,NOT_COMPUTED_LARGE_FILE_GT_268435456_BYTES
01_ORIGINAL_VIDEO_REFERENCES/Bellevue_Bellevue_NE8th/research_data/Bellevue_Bellevue_NE8th__2017-09-10_20-08-24.joblib,195221729,f85279d0648da57cc5048d3f66b93a48d5623dba6b3925322292a8494c393775
01_ORIGINAL_VIDEO_REFERENCES/Bellevue_Bellevue_NE8th/research_data/Bellevue_Bellevue_NE8th__2017-09-10_21-08-28.db,885088256,NOT_COMPUTED_LARGE_FILE_GT_268435456_BYTES
01_ORIGINAL_VIDEO_REFERENCES/Bellevue_Bellevue_NE8th/research_data/Bellevue_Bellevue_NE8th__2017-09-10_21-08-28.joblib,150626423,724ac93c28dcd3873f60f26de1885beb89aeb0f1b9de289261bb9397c661f7e3
01_ORIGINAL_VIDEO_REFERENCES/Bellevue_Bellevue_NE8th/research_data/Bellevue_Bellevue_NE8th__2017-09-10_22-08-28.db,898039808,NOT_COMPUTED_LARGE_FILE_GT_268435456_BYTES
01_ORIGINAL_VIDEO_REFERENCES/Bellevue_Bellevue_NE8th/research_data/Bellevue_Bellevue_NE8th__2017-09-10_22-08-28.joblib,70500871,1862bcade9d20aaf339793709f85e80c6b95a8adbf2f64cbb02fba6e532de9f6
01_ORIGINAL_VIDEO_REFERENCES/Bellevue_Bellevue_NE8th/research_data/Bellevue_Bellevue_NE8th__2017-09-10_23-08-29.db,907366400,NOT_COMPUTED_LARGE_FILE_GT_268435456_BYTES
01_ORIGINAL_VIDEO_REFERENCES/Bellevue_Bellevue_NE8th/research_data/Bellevue_Bellevue_NE8th__2017-09-10_23-08-29.joblib,48638343,db7b3db243728de6d0dc37c03627c05b57eda6a4406fd08e7a33c68256c8306f
01_ORIGINAL_VIDEO_REFERENCES/Bellevue_Bellevue_NE8th/research_data/Bellevue_Bellevue_NE8th__2017-09-11_00-08-29.db,913108992,NOT_COMPUTED_LARGE_FILE_GT_268435456_BYTES
01_ORIGINAL_VIDEO_REFERENCES/Bellevue_Bellevue_NE8th/research_data/Bellevue_Bellevue_NE8th__2017-09-11_00-08-29.joblib,27604705,c9e2a9e188482868b84ae135d45dbe493de75ac6905f8d75e90ccbf0ee71c600
01_ORIGINAL_VIDEO_REFERENCES/Bellevue_Bellevue_NE8th/research_data/Bellevue_Bellevue_NE8th__2017-09-11_01-08-29.db,915460096,NOT_COMPUTED_LARGE_FILE_GT_268435456_BYTES
01_ORIGINAL_VIDEO_REFERENCES/Bellevue_Bellevue_NE8th/research_data/Bellevue_Bellevue_NE8th__2017-09-11_01-08-29.joblib,10820385,cf778980a156f6618cbf05d824e0fa9babbd310cf485ffa56fba9ef7fc13b390
01_ORIGINAL_VIDEO_REFERENCES/Bellevue_Bellevue_NE8th/research_data/Bellevue_Bellevue_NE8th__2017-09-11_02-08-29.db,917221376,NOT_COMPUTED_LARGE_FILE_GT_268435456_BYTES
01_ORIGINAL_VIDEO_REFERENCES/Bellevue_Bellevue_NE8th/research_data/Bellevue_Bellevue_NE8th__2017-09-11_02-08-29.joblib,7539319,7043220557f90d03cb2db492d2daf5bbfa5f06e4c858dd7753864643a5b55046
01_ORIGINAL_VIDEO_REFERENCES/Bellevue_Bellevue_NE8th/research_data/Bellevue_Bellevue_NE8th__2017-09-11_03-08-29.db,920264704,NOT_COMPUTED_LARGE_FILE_GT_268435456_BYTES
01_ORIGINAL_VIDEO_REFERENCES/Bellevue_Bellevue_NE8th/research_data/Bellevue_Bellevue_NE8th__2017-09-11_03-08-29.joblib,13989415,8eb1ffecb0b28b0928f1a34e163925ac2e2185bb313961a616f1463a952917ed
01_ORIGINAL_VIDEO_REFERENCES/Bellevue_Bellevue_NE8th/research_data/Bellevue_Bellevue_NE8th__2017-09-11_04-08-29.db,5074944,d37fe8aa5e37a28c1a740090ec0afbb161347a6d8b22dbbde03922220f9b18c3
01_ORIGINAL_VIDEO_REFERENCES/Bellevue_Bellevue_NE8th/research_data/Bellevue_Bellevue_NE8th__2017-09-11_04-08-29.joblib,26369233,ea186768d3bdae29a257df3a6ab6827769bbff6fcd8244204830df49766703a6
01_ORIGINAL_VIDEO_REFERENCES/Bellevue_Bellevue_NE8th/research_data/Bellevue_Bellevue_NE8th__2017-09-11_05-08-29.db,17489920,ecdda09f1713e73e2e03695f9f65aaac0b5ba53ca935f25f29750faf203c2d26
01_ORIGINAL_VIDEO_REFERENCES/Bellevue_Bellevue_NE8th/research_data/Bellevue_Bellevue_NE8th__2017-09-11_05-08-29.joblib,65080785,ff472dac20c829b38e2fcb5bf128921b0a637c05e73633d163431582f9330b73
01_ORIGINAL_VIDEO_REFERENCES/Bellevue_Bellevue_NE8th/research_data/Bellevue_Bellevue_NE8th__2017-09-11_06-08-29.db,41574400,6f37d70eca5dfbbc14f2f33e6fa83965f6053e5a0a62dacb51bad39f30d081a4
01_ORIGINAL_VIDEO_REFERENCES/Bellevue_Bellevue_NE8th/research_data/Bellevue_Bellevue_NE8th__2017-09-11_06-08-29.joblib,148116641,38088efe1f511870fdc803edbb2f8297d4e656f7cb0ef926a4357e1bf952c46a
01_ORIGINAL_VIDEO_REFERENCES/Bellevue_Bellevue_NE8th/research_data/Bellevue_Bellevue_NE8th__2017-09-11_07-08-31.db,89776128,634f17886bfe49db2de050b6124ee9f605fc8e15778fadd2fefa8f591ee4f688
01_ORIGINAL_VIDEO_REFERENCES/Bellevue_Bellevue_NE8th/research_data/Bellevue_Bellevue_NE8th__2017-09-11_07-08-31.joblib,260357217,a74d4911549f5385fc5be95ee5db8627e0ca438a2c3b2a5097b51349f468a13d
01_ORIGINAL_VIDEO_REFERENCES/Bellevue_Bellevue_NE8th/research_data/Bellevue_Bellevue_NE8th__2017-09-11_08-08-31.db,144850944,bf82d2b1bdcddd2fdbc4af5f582bb643d78b57bc552442e280cc4cf4e9392f49
01_ORIGINAL_VIDEO_REFERENCES/Bellevue_Bellevue_NE8th/research_data/Bellevue_Bellevue_NE8th__2017-09-11_08-08-31.joblib,286593063,NOT_COMPUTED_LARGE_FILE_GT_268435456_BYTES
01_ORIGINAL_VIDEO_REFERENCES/Bellevue_Bellevue_NE8th/research_data/Bellevue_Bellevue_NE8th__2017-09-11_09-08-30.db,206528512,0dc75a9dce6512497301dd7f10f95bdfcb950674a81b44b05f887223620a8119
01_ORIGINAL_VIDEO_REFERENCES/Bellevue_Bellevue_NE8th/research_data/Bellevue_Bellevue_NE8th__2017-09-11_09-08-30.joblib,345569297,NOT_COMPUTED_LARGE_FILE_GT_268435456_BYTES
01_ORIGINAL_VIDEO_REFERENCES/Bellevue_Bellevue_NE8th/research_data/Bellevue_Bellevue_NE8th__2017-09-11_10-08-31.db,267755520,bf67925deb66607d82d6b7ca2d71ebc2628ecde03dfcc2be0fe5fbadd320efd6
01_ORIGINAL_VIDEO_REFERENCES/Bellevue_Bellevue_NE8th/research_data/Bellevue_Bellevue_NE8th__2017-09-11_10-08-31.joblib,338386001,NOT_COMPUTED_LARGE_FILE_GT_268435456_BYTES
01_ORIGINAL_VIDEO_REFERENCES/Bellevue_Bellevue_NE8th/research_data/Bellevue_Bellevue_NE8th__2017-09-11_11-08-31.db,341880832,NOT_COMPUTED_LARGE_FILE_GT_268435456_BYTES
01_ORIGINAL_VIDEO_REFERENCES/Bellevue_Bellevue_NE8th/research_data/Bellevue_Bellevue_NE8th__2017-09-11_11-08-31.joblib,393900375,NOT_COMPUTED_LARGE_FILE_GT_268435456_BYTES
01_ORIGINAL_VIDEO_REFERENCES/Bellevue_Bellevue_NE8th/research_data/Bellevue_Bellevue_NE8th__2017-09-11_12-08-31.db,418148352,NOT_COMPUTED_LARGE_FILE_GT_268435456_BYTES
01_ORIGINAL_VIDEO_REFERENCES/Bellevue_Bellevue_NE8th/research_data/Bellevue_Bellevue_NE8th__2017-09-11_12-08-31.joblib,408282071,NOT_COMPUTED_LARGE_FILE_GT_268435456_BYTES
01_ORIGINAL_VIDEO_REFERENCES/Bellevue_Bellevue_NE8th/research_data/Bellevue_Bellevue_NE8th__2017-09-11_13-08-32.db,482938880,NOT_COMPUTED_LARGE_FILE_GT_268435456_BYTES
01_ORIGINAL_VIDEO_REFERENCES/Bellevue_Bellevue_NE8th/research_data/Bellevue_Bellevue_NE8th__2017-09-11_13-08-32.joblib,363226449,NOT_COMPUTED_LARGE_FILE_GT_268435456_BYTES
01_ORIGINAL_VIDEO_REFERENCES/Bellevue_Bellevue_NE8th/research_data/Bellevue_Bellevue_NE8th__2017-09-11_14-08-31.db,555126784,NOT_COMPUTED_LARGE_FILE_GT_268435456_BYTES
01_ORIGINAL_VIDEO_REFERENCES/Bellevue_Bellevue_NE8th/research_data/Bellevue_Bellevue_NE8th__2017-09-11_14-08-31.joblib,378914241,NOT_COMPUTED_LARGE_FILE_GT_268435456_BYTES
01_ORIGINAL_VIDEO_REFERENCES/Bellevue_Bellevue_NE8th/research_data/Bellevue_Bellevue_NE8th__2017-09-11_15-08-32.db,633294848,NOT_COMPUTED_LARGE_FILE_GT_268435456_BYTES
01_ORIGINAL_VIDEO_REFERENCES/Bellevue_Bellevue_NE8th/research_data/Bellevue_Bellevue_NE8th__2017-09-11_15-08-32.joblib,412616657,NOT_COMPUTED_LARGE_FILE_GT_268435456_BYTES
01_ORIGINAL_VIDEO_REFERENCES/Bellevue_Bellevue_NE8th/research_data/Bellevue_Bellevue_NE8th__2017-09-11_16-08-32.db,712278016,NOT_COMPUTED_LARGE_FILE_GT_268435456_BYTES
01_ORIGINAL_VIDEO_REFERENCES/Bellevue_Bellevue_NE8th/research_data/Bellevue_Bellevue_NE8th__2017-09-11_16-08-32.joblib,409334199,NOT_COMPUTED_LARGE_FILE_GT_268435456_BYTES
01_ORIGINAL_VIDEO_REFERENCES/Bellevue_Bellevue_NE8th/research_data/classification_results/test1/misclassified/DT_Bellevue_Bellevue_NE8th__2017-09-10_18-08-23_trajectories.joblib,4039079,04c65493a26fca653475ef1ff8924b32d12d162bb1fd04cec6d561623631147d
01_ORIGINAL_VIDEO_REFERENCES/Bellevue_Bellevue_NE8th/research_data/classification_results/test1/misclassified/DT_Bellevue_Bellevue_NE8th__2017-09-10_19-08-24_trajectories.joblib,4898135,4bc702336ca196cca3e14568f768f31b492598e310d583345548344882f57927
01_ORIGINAL_VIDEO_REFERENCES/Bellevue_Bellevue_NE8th/research_data/classification_results/test1/misclassified/DT_Bellevue_Bellevue_NE8th__2017-09-10_20-08-24_trajectories.joblib,3358295,a9da10d069465545631883af07f0449b997965a95f8de39e96b9a69cfbb01c98
01_ORIGINAL_VIDEO_REFERENCES/Bellevue_Bellevue_NE8th/research_data/classification_results/test1/misclassified/DT_Bellevue_Bellevue_NE8th__2017-09-10_21-08-28_trajectories.joblib,2602935,d140623f8129f8e6ff0c67d8a69136449cdc5f952d65bd819704ac4155cd4920
01_ORIGINAL_VIDEO_REFERENCES/Bellevue_Bellevue_NE8th/research_data/classification_results/test1/misclassified/DT_Bellevue_Bellevue_NE8th__2017-09-10_22-08-28_trajectories.joblib,252711,a9dc417a38d7a2b420248a7443e3edd978168356675afa2d2c80a7c1bef32c06
01_ORIGINAL_VIDEO_REFERENCES/Bellevue_Bellevue_NE8th/research_data/classification_results/test1/misclassified/DT_Bellevue_Bellevue_NE8th__2017-09-10_23-08-29_trajectories.joblib,891191,efd11f5618f8b490ae7fec89aa7b7dba5c40ab939a600afbc6913fa3a4cfc513
01_ORIGINAL_VIDEO_REFERENCES/Bellevue_Bellevue_NE8th/research_data/classification_results/test1/misclassified/DT_Bellevue_Bellevue_NE8th__2017-09-11_00-08-29_trajectories.joblib,95575,adb7891258f56a8ec09cce2db332393408370b65b32c7829a90e9e7ae8fd6b15
01_ORIGINAL_VIDEO_REFERENCES/Bellevue_Bellevue_NE8th/research_data/classification_results/test1/misclassified/DT_Bellevue_Bellevue_NE8th__2017-09-11_01-08-29_trajectories.joblib,135559,d5766b5cc967b5bc0bf6185099a9513576e21d04cff077f6cd2ae5354b72d157
01_ORIGINAL_VIDEO_REFERENCES/Bellevue_Bellevue_NE8th/research_data/classification_results/test1/misclassified/DT_Bellevue_Bellevue_NE8th__2017-09-11_02-08-29_trajectories.joblib,200503,9f6899eb1a337c4a6192a7c77750d7ddaa6f84f8094c76d2ac25fab38250b897
01_ORIGINAL_VIDEO_REFERENCES/Bellevue_Bellevue_NE8th/research_data/classification_results/test1/misclassified/DT_Bellevue_Bellevue_NE8th__2017-09-11_03-08-29_trajectories.joblib,290887,8a5647bd3e7409df851b1353462432142ad0af2123c5e7d25760b0a38b50bbac
01_ORIGINAL_VIDEO_REFERENCES/Bellevue_Bellevue_NE8th/research_data/classification_results/test1/misclassified/DT_Bellevue_Bellevue_NE8th__2017-09-11_04-08-29_trajectories.joblib,807575,a1c755e8c6854ab4c02874c89dfbaf4ccd2b321ece26c21b310111e44ccab778
01_ORIGINAL_VIDEO_REFERENCES/Bellevue_Bellevue_NE8th/research_data/classification_results/test1/misclassified/DT_Bellevue_Bellevue_NE8th__2017-09-11_05-08-29_trajectories.joblib,1118119,848b1a387785ad1de793e4277cb6b754c74e4299b7b366a176ec7414c1e038c2
01_ORIGINAL_VIDEO_REFERENCES/Bellevue_Bellevue_NE8th/research_data/classification_results/test1/misclassified/DT_Bellevue_Bellevue_NE8th__2017-09-11_06-08-29_trajectories.joblib,123751,75da5d5f6dda3d7ba1110661612e0b67fad57d4a0101673f881794d407cd5a49
01_ORIGINAL_VIDEO_REFERENCES/Bellevue_Bellevue_NE8th/research_data/classification_results/test1/misclassified/DT_Bellevue_Bellevue_NE8th__2017-09-11_07-08-31_trajectories.joblib,3251447,e4272349aa38cac9a022290ca9f3dd7697c6426db329783e5105aad5bf2274d7
01_ORIGINAL_VIDEO_REFERENCES/Bellevue_Bellevue_NE8th/research_data/classification_results/test1/misclassified/DT_Bellevue_Bellevue_NE8th__2017-09-11_08-08-31_trajectories.joblib,1802567,ad3f63609da376a4a45386efa54b49610569af74172f5e1183c05f3d6c2d075e
01_ORIGINAL_VIDEO_REFERENCES/Bellevue_Bellevue_NE8th/research_data/classification_results/test1/misclassified/DT_Bellevue_Bellevue_NE8th__2017-09-11_09-08-30_trajectories.joblib,285735,2e6227db81584d2d1823383485537a86070a575ed5235b4b59af19af8834d6c4
01_ORIGINAL_VIDEO_REFERENCES/Bellevue_Bellevue_NE8th/research_data/classification_results/test1/misclassified/DT_Bellevue_Bellevue_NE8th__2017-09-11_10-08-31_trajectories.joblib,197815,c9c689697ce784b6d90931414c0af40c36cf50b8fc31383fb82f506a72a0ff61
01_ORIGINAL_VIDEO_REFERENCES/Bellevue_Bellevue_NE8th/research_data/classification_results/test1/misclassified/DT_Bellevue_Bellevue_NE8th__2017-09-11_11-08-31_trajectories.joblib,85175,8ad6ec71794481b447f76ffc6e54707c903e0cc518ee71536f0b6c78358844c4
01_ORIGINAL_VIDEO_REFERENCES/Bellevue_Bellevue_NE8th/research_data/classification_results/test1/misclassified/DT_Bellevue_Bellevue_NE8th__2017-09-11_12-08-31_trajectories.joblib,3164551,8dca9469aeace8cc94fa64fc83c8ea9849203354cb229f2aa09fd94deb9b5734
01_ORIGINAL_VIDEO_REFERENCES/Bellevue_Bellevue_NE8th/research_data/classification_results/test1/misclassified/DT_Bellevue_Bellevue_NE8th__2017-09-11_13-08-32_trajectories.joblib,199655,6614dde67dc38d5856d0a2619232c1ff29250d964e29ab0278e52a98b80660d5
01_ORIGINAL_VIDEO_REFERENCES/Bellevue_Bellevue_NE8th/research_data/classification_results/test1/misclassified/DT_Bellevue_Bellevue_NE8th__2017-09-11_14-08-31_trajectories.joblib,103063,49ee6d5a3e504e90df8ace1a0d5c19b4d066f95ae21650cb9796bb51de63e1e1
01_ORIGINAL_VIDEO_REFERENCES/Bellevue_Bellevue_NE8th/research_data/classification_results/test1/misclassified/DT_Bellevue_Bellevue_NE8th__2017-09-11_15-08-32_trajectories.joblib,4000263,53d4295f89d6e378adfc87b95fa295b475ee9b7e33fdaf04fb4fe1048793ba0c
01_ORIGINAL_VIDEO_REFERENCES/Bellevue_Bellevue_NE8th/research_data/classification_results/test1/misclassified/DT_Bellevue_Bellevue_NE8th__2017-09-11_16-08-32_trajectories.joblib,114679,9d4d52871d97699dd1da42a5d8a4e6fd067f19391e82610f830649d42c753081
01_ORIGINAL_VIDEO_REFERENCES/Bellevue_Bellevue_NE8th/research_data/classification_results/test1/misclassified/KNN_Bellevue_Bellevue_NE8th__2017-09-10_18-08-23_trajectories.joblib,2164103,2e2cc037c4f0078639bea480b464a72f0d89d59ce57e9445f31534a7850f1848
01_ORIGINAL_VIDEO_REFERENCES/Bellevue_Bellevue_NE8th/research_data/classification_results/test1/misclassified/KNN_Bellevue_Bellevue_NE8th__2017-09-10_19-08-24_trajectories.joblib,303159,6b00b08356f68edac8c3de4f8327dfc2a91c30831d03498e9d76bcee8249c5d6
01_ORIGINAL_VIDEO_REFERENCES/Bellevue_Bellevue_NE8th/research_data/classification_results/test1/misclassified/KNN_Bellevue_Bellevue_NE8th__2017-09-10_20-08-24_trajectories.joblib,136647,a345fa1e9adaddd7f4069ce02ceb485e5bdc13b781cc7a547c039e568bc8b2d4
01_ORIGINAL_VIDEO_REFERENCES/Bellevue_Bellevue_NE8th/research_data/classification_results/test1/misclassified/KNN_Bellevue_Bellevue_NE8th__2017-09-10_21-08-28_trajectories.joblib,1568183,904a0870a166b1c337580740e9c911557d88e35dcae4a685ea4f755acb1ee569
01_ORIGINAL_VIDEO_REFERENCES/Bellevue_Bellevue_NE8th/research_data/classification_results/test1/misclassified/KNN_Bellevue_Bellevue_NE8th__2017-09-10_22-08-28_trajectories.joblib,484663,b7504d00087054eac8901378cc025369b02b45a89169488a0ff7b60009fe1e13
01_ORIGINAL_VIDEO_REFERENCES/Bellevue_Bellevue_NE8th/research_data/classification_results/test1/misclassified/KNN_Bellevue_Bellevue_NE8th__2017-09-10_23-08-29_trajectories.joblib,104567,ef69fa144be0e2282e981a74f84b00ffbfce9df5de31d95dc102d08790e14d1b
01_ORIGINAL_VIDEO_REFERENCES/Bellevue_Bellevue_NE8th/research_data/classification_results/test1/misclassified/KNN_Bellevue_Bellevue_NE8th__2017-09-11_00-08-29_trajectories.joblib,290711,aa5d2257e1cc74454fc969deeda291fbfe7bdbbfdad59bd0098171d0c8476fe8
01_ORIGINAL_VIDEO_REFERENCES/Bellevue_Bellevue_NE8th/research_data/classification_results/test1/misclassified/KNN_Bellevue_Bellevue_NE8th__2017-09-11_01-08-29_trajectories.joblib,135559,d5766b5cc967b5bc0bf6185099a9513576e21d04cff077f6cd2ae5354b72d157
01_ORIGINAL_VIDEO_REFERENCES/Bellevue_Bellevue_NE8th/research_data/classification_results/test1/misclassified/KNN_Bellevue_Bellevue_NE8th__2017-09-11_02-08-29_trajectories.joblib,236935,1381fc3ba6cb232e2a9f877d498a8f965140548185ac0510b23790d1f0eaad7a
01_ORIGINAL_VIDEO_REFERENCES/Bellevue_Bellevue_NE8th/research_data/classification_results/test1/misclassified/KNN_Bellevue_Bellevue_NE8th__2017-09-11_03-08-29_trajectories.joblib,252855,2664e31acef62dd25b817cb9173bc569e596fefb47d89a566864e656ae24fa7d
01_ORIGINAL_VIDEO_REFERENCES/Bellevue_Bellevue_NE8th/research_data/classification_results/test1/misclassified/KNN_Bellevue_Bellevue_NE8th__2017-09-11_04-08-29_trajectories.joblib,534871,8a597d2984b21c70daa4300a6469b5b80436c4b425694c7f66e733bb79fba132
01_ORIGINAL_VIDEO_REFERENCES/Bellevue_Bellevue_NE8th/research_data/classification_results/test1/misclassified/KNN_Bellevue_Bellevue_NE8th__2017-09-11_05-08-29_trajectories.joblib,612775,c2c61ca7cdb41d90f5dd6eb6b6c27df33a1d60a8afac8de7e76c49941b8fa779
01_ORIGINAL_VIDEO_REFERENCES/Bellevue_Bellevue_NE8th/research_data/classification_results/test1/misclassified/KNN_Bellevue_Bellevue_NE8th__2017-09-11_06-08-29_trajectories.joblib,281447,721afaf8d35786e94442f87badf66afcc3a8d70113604be5cde4dbdc2ead7b90
01_ORIGINAL_VIDEO_REFERENCES/Bellevue_Bellevue_NE8th/research_data/classification_results/test1/misclassified/KNN_Bellevue_Bellevue_NE8th__2017-09-11_07-08-31_trajectories.joblib,54887,cfcbd34622e4223abb57643ee4a14fa5234a901ceac1b672c3f6a7ab19e91f64
01_ORIGINAL_VIDEO_REFERENCES/Bellevue_Bellevue_NE8th/research_data/classification_results/test1/misclassified/KNN_Bellevue_Bellevue_NE8th__2017-09-11_08-08-31_trajectories.joblib,1264359,2d92650a668a46171aec83636098cc8964ff3327b9063878a2a2cb0a837a9839
01_ORIGINAL_VIDEO_REFERENCES/Bellevue_Bellevue_NE8th/research_data/classification_results/test1/misclassified/KNN_Bellevue_Bellevue_NE8th__2017-09-11_09-08-30_trajectories.joblib,951911,e1f84a1b06c7d8ffc54e8d1fa6a06124188c7786620f4bdaf18ebaf0e0d1cbaf
01_ORIGINAL_VIDEO_REFERENCES/Bellevue_Bellevue_NE8th/research_data/classification_results/test1/misclassified/KNN_Bellevue_Bellevue_NE8th__2017-09-11_10-08-31_trajectories.joblib,3054967,21556f0266243686dce80a62b6331e2d1ca9cf5a742d8d6b0086c79ff3a6907e
01_ORIGINAL_VIDEO_REFERENCES/Bellevue_Bellevue_NE8th/research_data/classification_results/test1/misclassified/KNN_Bellevue_Bellevue_NE8th__2017-09-11_11-08-31_trajectories.joblib,289303,a26840060ad10a89a6ad8c041eb417d22f3e5e1bf10b95301b3a9ccf28e94744
01_ORIGINAL_VIDEO_REFERENCES/Bellevue_Bellevue_NE8th/research_data/classification_results/test1/misclassified/KNN_Bellevue_Bellevue_NE8th__2017-09-11_12-08-31_trajectories.joblib,49799,29ab7130c86c5291893ce29af734442ec606d8374069a26e65c5bebf935e2a88
01_ORIGINAL_VIDEO_REFERENCES/Bellevue_Bellevue_NE8th/research_data/classification_results/test1/misclassified/KNN_Bellevue_Bellevue_NE8th__2017-09-11_13-08-32_trajectories.joblib,802935,db3988267d84bf21215848ddfff4c545262c19f1db237d85c3c93dcce40b6b10
01_ORIGINAL_VIDEO_REFERENCES/Bellevue_Bellevue_NE8th/research_data/classification_results/test1/misclassified/KNN_Bellevue_Bellevue_NE8th__2017-09-11_14-08-31_trajectories.joblib,654599,a4190c723e38f82cc9115752b5597f029c79af9b62bc3d211b974609508e8ed7
01_ORIGINAL_VIDEO_REFERENCES/Bellevue_Bellevue_NE8th/research_data/classification_results/test1/misclassified/KNN_Bellevue_Bellevue_NE8th__2017-09-11_15-08-32_trajectories.joblib,102551,0af8a9fa8484225358f96f56e116f81c8e3a1a355aa8cbcbaaa5186b793d1f07
01_ORIGINAL_VIDEO_REFERENCES/Bellevue_Bellevue_NE8th/research_data/classification_results/test1/misclassified/KNN_Bellevue_Bellevue_NE8th__2017-09-11_16-08-32_trajectories.joblib,156663,23c4ac061a93786ebd4318fbf48fd19289ef1b859b1fdced27a0cf6fb5a2187d
01_ORIGINAL_VIDEO_REFERENCES/Bellevue_Bellevue_NE8th/research_data/classification_results/test1/misclassified/SVM_Bellevue_Bellevue_NE8th__2017-09-10_18-08-23_trajectories.joblib,15251463,55a92844ed1c4320387fe5262e84a6bea5edc3453036dc22bdf5a897b863c575
01_ORIGINAL_VIDEO_REFERENCES/Bellevue_Bellevue_NE8th/research_data/classification_results/test1/misclassified/SVM_Bellevue_Bellevue_NE8th__2017-09-10_19-08-24_trajectories.joblib,370311,edf5cab94defada4f687a3153e036f1433d74a22be084b2f3b1817e0bd7e071c
01_ORIGINAL_VIDEO_REFERENCES/Bellevue_Bellevue_NE8th/research_data/classification_results/test1/misclassified/SVM_Bellevue_Bellevue_NE8th__2017-09-10_21-08-28_trajectories.joblib,288999,1b86976f7b9b139fdb6bef78e174d3e381381caf24916217bbf4f61984a1a59b
01_ORIGINAL_VIDEO_REFERENCES/Bellevue_Bellevue_NE8th/research_data/classification_results/test1/misclassified/SVM_Bellevue_Bellevue_NE8th__2017-09-10_23-08-29_trajectories.joblib,66663,1ed347e81ea30fbc554df2c59f24d429b5f5c6f6283fa63002bdee13743dc142
01_ORIGINAL_VIDEO_REFERENCES/Bellevue_Bellevue_NE8th/research_data/classification_results/test1/misclassified/SVM_Bellevue_Bellevue_NE8th__2017-09-11_01-08-29_trajectories.joblib,464807,d32d31041a85aec9dcf12dcea5d69159768d782ff42c42ed1d674d7bce96f175
01_ORIGINAL_VIDEO_REFERENCES/Bellevue_Bellevue_NE8th/research_data/classification_results/test1/misclassified/SVM_Bellevue_Bellevue_NE8th__2017-09-11_02-08-29_trajectories.joblib,282615,93a1f8d609b04cbbdd10a29f37ce4f128f6ebc712240c4db44c4c14c2c2cf20e
01_ORIGINAL_VIDEO_REFERENCES/Bellevue_Bellevue_NE8th/research_data/classification_results/test1/misclassified/SVM_Bellevue_Bellevue_NE8th__2017-09-11_03-08-29_trajectories.joblib,853591,355c38d3da24d7201c8b706760ce02f7385bcfbdf0949ff0a61318954dad57cc
01_ORIGINAL_VIDEO_REFERENCES/Bellevue_Bellevue_NE8th/research_data/classification_results/test1/misclassified/SVM_Bellevue_Bellevue_NE8th__2017-09-11_06-08-29_trajectories.joblib,281447,721afaf8d35786e94442f87badf66afcc3a8d70113604be5cde4dbdc2ead7b90
01_ORIGINAL_VIDEO_REFERENCES/Bellevue_Bellevue_NE8th/research_data/classification_results/test1/misclassified/SVM_Bellevue_Bellevue_NE8th__2017-09-11_09-08-30_trajectories.joblib,376503,eac6c641b66e432633af28a5f665c10963ecd8d5e7bbd5f1541391f852942976
01_ORIGINAL_VIDEO_REFERENCES/Bellevue_Bellevue_NE8th/research_data/classification_results/test1/misclassified/SVM_Bellevue_Bellevue_NE8th__2017-09-11_11-08-31_trajectories.joblib,289303,a26840060ad10a89a6ad8c041eb417d22f3e5e1bf10b95301b3a9ccf28e94744
01_ORIGINAL_VIDEO_REFERENCES/Bellevue_Bellevue_NE8th/research_data/classification_results/test1/misclassified/SVM_Bellevue_Bellevue_NE8th__2017-09-11_13-08-32_trajectories.joblib,604343,5c8e442739ee4da254dec2b169a6d9f9e3f6a96189210f6cc061776eb065a19f
01_ORIGINAL_VIDEO_REFERENCES/Bellevue_Bellevue_NE8th/research_data/classification_results/test1/misclassified/SVM_Bellevue_Bellevue_NE8th__2017-09-11_14-08-31_trajectories.joblib,361287,43f9a6a8b1d797b2608330a5097e278a1acf8e0a7baebe98d912fb0a7ad6cebd
01_ORIGINAL_VIDEO_REFERENCES/Bellevue_Bellevue_NE8th/research_data/classification_results/test1/misclassified/SVM_Bellevue_Bellevue_NE8th__2017-09-11_15-08-32_trajectories.joblib,117639,75e2158331552979597aaee81da0626768757f1409ed60fac2e88c8bd9abe0f7
01_ORIGINAL_VIDEO_REFERENCES/Bellevue_Bellevue_NE8th/research_data/classification_results/test1/misclassified/SVM_Bellevue_Bellevue_NE8th__2017-09-11_16-08-32_trajectories.joblib,166823,0295ea240ac038db0e8ced5b707efef8c22fd18f4a0632ce1b6211788d420614
01_ORIGINAL_VIDEO_REFERENCES/Bellevue_Bellevue_NE8th/research_data/classification_results/test1/models/DT_1.joblib,161512,27ffd3fdb99ba108700c26920098a56d47e9ae8f8fe6f6e7b694aa948fa24309
01_ORIGINAL_VIDEO_REFERENCES/Bellevue_Bellevue_NE8th/research_data/classification_results/test1/models/DT_7.joblib,43192,e9fbf9ec1f18f8343b49e44780bfb981dda8682956737d5688b27a9e2215f81d
01_ORIGINAL_VIDEO_REFERENCES/Bellevue_Bellevue_NE8th/research_data/classification_results/test1/models/KNN_1.joblib,21413061,1d90c5ce36756be874e16d5d1f706c576fa35202ddc70b978ee40a05f329e223
01_ORIGINAL_VIDEO_REFERENCES/Bellevue_Bellevue_NE8th/research_data/classification_results/test1/models/KNN_7.joblib,51618005,4798474fa46322c87b8203ad4ce870339cf3c4bbdfb51780587441b9e48304ad
01_ORIGINAL_VIDEO_REFERENCES/Bellevue_Bellevue_NE8th/research_data/classification_results/test1/models/SVM_1.joblib,3720922,0f793c1504406fa5ae2d23c53e632bae58b0cf07736c3e109931a4d3301998c7
01_ORIGINAL_VIDEO_REFERENCES/Bellevue_Bellevue_NE8th/research_data/classification_results/test1/models/SVM_7.joblib,432266,3e7d008812c4cd7f7b038bf4e96f7b3031f187076e65f346f3f5710156224bac
01_ORIGINAL_VIDEO_REFERENCES/Bellevue_Bellevue_NE8th/research_data/test/Bellevue_Bellevue_NE8th__2017-09-10_18-08-23.joblib,337984295,NOT_COMPUTED_LARGE_FILE_GT_268435456_BYTES
01_ORIGINAL_VIDEO_REFERENCES/Bellevue_Bellevue_NE8th/research_data/test/Bellevue_Bellevue_NE8th__2017-09-11_01-08-29.joblib,10820385,cf778980a156f6618cbf05d824e0fa9babbd310cf485ffa56fba9ef7fc13b390
01_ORIGINAL_VIDEO_REFERENCES/Bellevue_Bellevue_NE8th/research_data/test/Bellevue_Bellevue_NE8th__2017-09-11_02-08-29.joblib,7539319,7043220557f90d03cb2db492d2daf5bbfa5f06e4c858dd7753864643a5b55046
01_ORIGINAL_VIDEO_REFERENCES/Bellevue_Bellevue_NE8th/research_data/test/Bellevue_Bellevue_NE8th__2017-09-11_03-08-29.joblib,13989415,8eb1ffecb0b28b0928f1a34e163925ac2e2185bb313961a616f1463a952917ed
01_ORIGINAL_VIDEO_REFERENCES/City_of_orande_Plaza/City of Orange Plaza Camera 2024-01-11 10_17 [PtChZ0D7tkE].mp4,441493792,NOT_COMPUTED_LARGE_FILE_GT_268435456_BYTES
01_ORIGINAL_VIDEO_REFERENCES/City_of_orande_Plaza/City of Orange Plaza Camera 2024-01-11 11_17 [PtChZ0D7tkE].mp4,445377661,NOT_COMPUTED_LARGE_FILE_GT_268435456_BYTES
01_ORIGINAL_VIDEO_REFERENCES/City_of_orande_Plaza/City of Orange Plaza Camera 2024-01-11 12_17 [PtChZ0D7tkE].mp4,443495823,NOT_COMPUTED_LARGE_FILE_GT_268435456_BYTES
01_ORIGINAL_VIDEO_REFERENCES/City_of_orande_Plaza/City of Orange Plaza Camera 2024-01-11 13_17 [PtChZ0D7tkE].mp4,457381069,NOT_COMPUTED_LARGE_FILE_GT_268435456_BYTES
01_ORIGINAL_VIDEO_REFERENCES/City_of_orande_Plaza/City of Orange Plaza Camera 2024-01-11 14_17 [PtChZ0D7tkE].mp4,571435476,NOT_COMPUTED_LARGE_FILE_GT_268435456_BYTES
01_ORIGINAL_VIDEO_REFERENCES/City_of_orande_Plaza/City of Orange Plaza Camera 2024-01-11 15_17 [PtChZ0D7tkE].mp4,755736584,NOT_COMPUTED_LARGE_FILE_GT_268435456_BYTES
01_ORIGINAL_VIDEO_REFERENCES/City_of_orande_Plaza/City of Orange Plaza Camera 2024-01-11 16_17 [PtChZ0D7tkE].mp4,908555791,NOT_COMPUTED_LARGE_FILE_GT_268435456_BYTES
01_ORIGINAL_VIDEO_REFERENCES/City_of_orande_Plaza/City of Orange Plaza Camera 2024-01-11 17_17 [PtChZ0D7tkE].mp4,920788019,NOT_COMPUTED_LARGE_FILE_GT_268435456_BYTES
01_ORIGINAL_VIDEO_REFERENCES/City_of_orande_Plaza/City of Orange Plaza Camera 2024-01-11 18_17 [PtChZ0D7tkE].mp4,901627555,NOT_COMPUTED_LARGE_FILE_GT_268435456_BYTES
01_ORIGINAL_VIDEO_REFERENCES/City_of_orande_Plaza/City of Orange Plaza Camera 2024-01-11 19_17 [PtChZ0D7tkE].mp4,937622388,NOT_COMPUTED_LARGE_FILE_GT_268435456_BYTES
01_ORIGINAL_VIDEO_REFERENCES/City_of_orande_Plaza/City of Orange Plaza Camera 2024-01-11 20_17 [PtChZ0D7tkE].mp4,986341365,NOT_COMPUTED_LARGE_FILE_GT_268435456_BYTES
01_ORIGINAL_VIDEO_REFERENCES/City_of_orande_Plaza/City of Orange Plaza Camera 2024-01-11 21_17 [PtChZ0D7tkE].mp4,1008797559,NOT_COMPUTED_LARGE_FILE_GT_268435456_BYTES
01_ORIGINAL_VIDEO_REFERENCES/City_of_orande_Plaza/City of Orange Plaza Camera 2024-01-11 22_17 [PtChZ0D7tkE].mp4,984789928,NOT_COMPUTED_LARGE_FILE_GT_268435456_BYTES
01_ORIGINAL_VIDEO_REFERENCES/City_of_orande_Plaza/City of Orange Plaza Camera 2024-01-11 23_17 [PtChZ0D7tkE].mp4,955157871,NOT_COMPUTED_LARGE_FILE_GT_268435456_BYTES
01_ORIGINAL_VIDEO_REFERENCES/City_of_orande_Plaza/City of Orange Plaza Camera 2024-01-12 00_17 [PtChZ0D7tkE].mp4,891079519,NOT_COMPUTED_LARGE_FILE_GT_268435456_BYTES
01_ORIGINAL_VIDEO_REFERENCES/City_of_orande_Plaza/City of Orange Plaza Camera 2024-01-12 01_17 [PtChZ0D7tkE].mp4,825565655,NOT_COMPUTED_LARGE_FILE_GT_268435456_BYTES
01_ORIGINAL_VIDEO_REFERENCES/City_of_orande_Plaza/City of Orange Plaza Camera 2024-01-12 02_17 [PtChZ0D7tkE].mp4,658864531,NOT_COMPUTED_LARGE_FILE_GT_268435456_BYTES
01_ORIGINAL_VIDEO_REFERENCES/City_of_orande_Plaza/City of Orange Plaza Camera 2024-01-12 03_17 [PtChZ0D7tkE].mp4,612814312,NOT_COMPUTED_LARGE_FILE_GT_268435456_BYTES
01_ORIGINAL_VIDEO_REFERENCES/City_of_orande_Plaza/City of Orange Plaza Camera 2024-01-12 04_17 [PtChZ0D7tkE].mp4,567510262,NOT_COMPUTED_LARGE_FILE_GT_268435456_BYTES
01_ORIGINAL_VIDEO_REFERENCES/City_of_orande_Plaza/City of Orange Plaza Camera 2024-01-12 05_17 [PtChZ0D7tkE].mp4,531354327,NOT_COMPUTED_LARGE_FILE_GT_268435456_BYTES
01_ORIGINAL_VIDEO_REFERENCES/City_of_orande_Plaza/City of Orange Plaza Camera 2024-01-12 06_17 [PtChZ0D7tkE].mp4,505847536,NOT_COMPUTED_LARGE_FILE_GT_268435456_BYTES
01_ORIGINAL_VIDEO_REFERENCES/City_of_orande_Plaza/City of Orange Plaza Camera 2024-01-12 07_17 [PtChZ0D7tkE].mp4,467158056,NOT_COMPUTED_LARGE_FILE_GT_268435456_BYTES
01_ORIGINAL_VIDEO_REFERENCES/City_of_orande_Plaza/City of Orange Plaza Camera 2024-01-12 08_17 [PtChZ0D7tkE].mp4,448051874,NOT_COMPUTED_LARGE_FILE_GT_268435456_BYTES
01_ORIGINAL_VIDEO_REFERENCES/City_of_orande_Plaza/City of Orange Plaza Camera 2024-01-12 09_17 [PtChZ0D7tkE].mp4,433961978,NOT_COMPUTED_LARGE_FILE_GT_268435456_BYTES
01_ORIGINAL_VIDEO_REFERENCES/History_Jonesborough_Tenessee/Historic Jonesborough Tennessee Live Cam 2024-01-11 12_46 [3Vc2fZxMEI8].mp4,522351886,NOT_COMPUTED_LARGE_FILE_GT_268435456_BYTES
01_ORIGINAL_VIDEO_REFERENCES/History_Jonesborough_Tenessee/Historic Jonesborough Tennessee Live Cam 2024-01-11 13_46 [3Vc2fZxMEI8].mp4,493452591,NOT_COMPUTED_LARGE_FILE_GT_268435456_BYTES
01_ORIGINAL_VIDEO_REFERENCES/History_Jonesborough_Tenessee/Historic Jonesborough Tennessee Live Cam 2024-01-11 14_46 [3Vc2fZxMEI8].mp4,512762152,NOT_COMPUTED_LARGE_FILE_GT_268435456_BYTES
01_ORIGINAL_VIDEO_REFERENCES/History_Jonesborough_Tenessee/Historic Jonesborough Tennessee Live Cam 2024-01-11 15_46 [3Vc2fZxMEI8].mp4,504469283,NOT_COMPUTED_LARGE_FILE_GT_268435456_BYTES
01_ORIGINAL_VIDEO_REFERENCES/History_Jonesborough_Tenessee/Historic Jonesborough Tennessee Live Cam 2024-01-11 16_46 [3Vc2fZxMEI8].mp4,585404861,NOT_COMPUTED_LARGE_FILE_GT_268435456_BYTES
01_ORIGINAL_VIDEO_REFERENCES/History_Jonesborough_Tenessee/Historic Jonesborough Tennessee Live Cam 2024-01-11 17_46 [3Vc2fZxMEI8].mp4,646401336,NOT_COMPUTED_LARGE_FILE_GT_268435456_BYTES
01_ORIGINAL_VIDEO_REFERENCES/History_Jonesborough_Tenessee/Historic Jonesborough Tennessee Live Cam 2024-01-11 18_46 [3Vc2fZxMEI8].mp4,601773658,NOT_COMPUTED_LARGE_FILE_GT_268435456_BYTES
01_ORIGINAL_VIDEO_REFERENCES/History_Jonesborough_Tenessee/Historic Jonesborough Tennessee Live Cam 2024-01-11 19_46 [3Vc2fZxMEI8].mp4,629725219,NOT_COMPUTED_LARGE_FILE_GT_268435456_BYTES
01_ORIGINAL_VIDEO_REFERENCES/History_Jonesborough_Tenessee/Historic Jonesborough Tennessee Live Cam 2024-01-11 20_46 [3Vc2fZxMEI8].mp4,584305936,NOT_COMPUTED_LARGE_FILE_GT_268435456_BYTES
01_ORIGINAL_VIDEO_REFERENCES/History_Jonesborough_Tenessee/Historic Jonesborough Tennessee Live Cam 2024-01-11 21_46 [3Vc2fZxMEI8].mp4,531749826,NOT_COMPUTED_LARGE_FILE_GT_268435456_BYTES
01_ORIGINAL_VIDEO_REFERENCES/History_Jonesborough_Tenessee/Historic Jonesborough Tennessee Live Cam 2024-01-11 22_46 [3Vc2fZxMEI8].mp4,507254330,NOT_COMPUTED_LARGE_FILE_GT_268435456_BYTES
01_ORIGINAL_VIDEO_REFERENCES/History_Jonesborough_Tenessee/Historic Jonesborough Tennessee Live Cam 2024-01-11 23_46 [3Vc2fZxMEI8].mp4,579514311,NOT_COMPUTED_LARGE_FILE_GT_268435456_BYTES
01_ORIGINAL_VIDEO_REFERENCES/History_Jonesborough_Tenessee/Historic Jonesborough Tennessee Live Cam 2024-01-12 00_46 [3Vc2fZxMEI8].mp4,523920343,NOT_COMPUTED_LARGE_FILE_GT_268435456_BYTES
01_ORIGINAL_VIDEO_REFERENCES/History_Jonesborough_Tenessee/Historic Jonesborough Tennessee Live Cam 2024-01-12 01_46 [3Vc2fZxMEI8].mp4,513784265,NOT_COMPUTED_LARGE_FILE_GT_268435456_BYTES
01_ORIGINAL_VIDEO_REFERENCES/History_Jonesborough_Tenessee/Historic Jonesborough Tennessee Live Cam 2024-01-12 02_46 [3Vc2fZxMEI8].mp4,498135387,NOT_COMPUTED_LARGE_FILE_GT_268435456_BYTES
01_ORIGINAL_VIDEO_REFERENCES/History_Jonesborough_Tenessee/Historic Jonesborough Tennessee Live Cam 2024-01-12 03_46 [3Vc2fZxMEI8].mp4,479622180,NOT_COMPUTED_LARGE_FILE_GT_268435456_BYTES
01_ORIGINAL_VIDEO_REFERENCES/History_Jonesborough_Tenessee/Historic Jonesborough Tennessee Live Cam 2024-01-12 04_46 [3Vc2fZxMEI8].mp4,468688087,NOT_COMPUTED_LARGE_FILE_GT_268435456_BYTES
01_ORIGINAL_VIDEO_REFERENCES/History_Jonesborough_Tenessee/Historic Jonesborough Tennessee Live Cam 2024-01-12 05_46 [3Vc2fZxMEI8].mp4,470897970,NOT_COMPUTED_LARGE_FILE_GT_268435456_BYTES
01_ORIGINAL_VIDEO_REFERENCES/History_Jonesborough_Tenessee/Historic Jonesborough Tennessee Live Cam 2024-01-12 06_46 [3Vc2fZxMEI8].mp4,469690214,NOT_COMPUTED_LARGE_FILE_GT_268435456_BYTES
01_ORIGINAL_VIDEO_REFERENCES/History_Jonesborough_Tenessee/Historic Jonesborough Tennessee Live Cam 2024-01-12 07_46 [3Vc2fZxMEI8].mp4,470966016,NOT_COMPUTED_LARGE_FILE_GT_268435456_BYTES
01_ORIGINAL_VIDEO_REFERENCES/History_Jonesborough_Tenessee/Historic Jonesborough Tennessee Live Cam 2024-01-12 08_46 [3Vc2fZxMEI8].mp4,470638120,NOT_COMPUTED_LARGE_FILE_GT_268435456_BYTES
01_ORIGINAL_VIDEO_REFERENCES/History_Jonesborough_Tenessee/Historic Jonesborough Tennessee Live Cam 2024-01-12 09_46 [3Vc2fZxMEI8].mp4,469788978,NOT_COMPUTED_LARGE_FILE_GT_268435456_BYTES
01_ORIGINAL_VIDEO_REFERENCES/History_Jonesborough_Tenessee/Historic Jonesborough Tennessee Live Cam 2024-01-12 10_46 [3Vc2fZxMEI8].mp4,482887386,NOT_COMPUTED_LARGE_FILE_GT_268435456_BYTES
01_ORIGINAL_VIDEO_REFERENCES/History_Jonesborough_Tenessee/Historic Jonesborough Tennessee Live Cam 2024-01-12 11_46 [3Vc2fZxMEI8].mp4,510368745,NOT_COMPUTED_LARGE_FILE_GT_268435456_BYTES
01_ORIGINAL_VIDEO_REFERENCES/Polanow_Live_Rondo/Polanów Live Rondo 2024-01-11 10_17 [2IqdtEHDXDY].mp4,1042921284,NOT_COMPUTED_LARGE_FILE_GT_268435456_BYTES
01_ORIGINAL_VIDEO_REFERENCES/Polanow_Live_Rondo/Polanów Live Rondo 2024-01-11 11_17 [2IqdtEHDXDY].mp4,1024436874,NOT_COMPUTED_LARGE_FILE_GT_268435456_BYTES
01_ORIGINAL_VIDEO_REFERENCES/Polanow_Live_Rondo/Polanów Live Rondo 2024-01-11 12_17 [2IqdtEHDXDY].mp4,1006147946,NOT_COMPUTED_LARGE_FILE_GT_268435456_BYTES
01_ORIGINAL_VIDEO_REFERENCES/Polanow_Live_Rondo/Polanów Live Rondo 2024-01-11 13_17 [2IqdtEHDXDY].mp4,991594676,NOT_COMPUTED_LARGE_FILE_GT_268435456_BYTES
01_ORIGINAL_VIDEO_REFERENCES/Polanow_Live_Rondo/Polanów Live Rondo 2024-01-11 14_17 [2IqdtEHDXDY].mp4,959961624,NOT_COMPUTED_LARGE_FILE_GT_268435456_BYTES
01_ORIGINAL_VIDEO_REFERENCES/Polanow_Live_Rondo/Polanów Live Rondo 2024-01-11 15_17 [2IqdtEHDXDY].mp4,858794761,NOT_COMPUTED_LARGE_FILE_GT_268435456_BYTES
01_ORIGINAL_VIDEO_REFERENCES/Polanow_Live_Rondo/Polanów Live Rondo 2024-01-11 16_17 [2IqdtEHDXDY].mp4,703440795,NOT_COMPUTED_LARGE_FILE_GT_268435456_BYTES
01_ORIGINAL_VIDEO_REFERENCES/Polanow_Live_Rondo/Polanów Live Rondo 2024-01-11 17_17 [2IqdtEHDXDY].mp4,668177736,NOT_COMPUTED_LARGE_FILE_GT_268435456_BYTES
01_ORIGINAL_VIDEO_REFERENCES/Polanow_Live_Rondo/Polanów Live Rondo 2024-01-11 18_17 [2IqdtEHDXDY].mp4,657197851,NOT_COMPUTED_LARGE_FILE_GT_268435456_BYTES
01_ORIGINAL_VIDEO_REFERENCES/Polanow_Live_Rondo/Polanów Live Rondo 2024-01-11 19_17 [2IqdtEHDXDY].mp4,626275872,NOT_COMPUTED_LARGE_FILE_GT_268435456_BYTES
01_ORIGINAL_VIDEO_REFERENCES/Polanow_Live_Rondo/Polanów Live Rondo 2024-01-11 20_17 [2IqdtEHDXDY].mp4,667878480,NOT_COMPUTED_LARGE_FILE_GT_268435456_BYTES
01_ORIGINAL_VIDEO_REFERENCES/Polanow_Live_Rondo/Polanów Live Rondo 2024-01-11 21_17 [2IqdtEHDXDY].mp4,681586647,NOT_COMPUTED_LARGE_FILE_GT_268435456_BYTES
01_ORIGINAL_VIDEO_REFERENCES/Polanow_Live_Rondo/Polanów Live Rondo 2024-01-11 22_17 [2IqdtEHDXDY].mp4,482924864,NOT_COMPUTED_LARGE_FILE_GT_268435456_BYTES
01_ORIGINAL_VIDEO_REFERENCES/Polanow_Live_Rondo/Polanów Live Rondo 2024-01-11 23_17 [2IqdtEHDXDY].mp4,678216833,NOT_COMPUTED_LARGE_FILE_GT_268435456_BYTES
01_ORIGINAL_VIDEO_REFERENCES/Polanow_Live_Rondo/Polanów Live Rondo 2024-01-12 00_17 [2IqdtEHDXDY].mp4,689372205,NOT_COMPUTED_LARGE_FILE_GT_268435456_BYTES
01_ORIGINAL_VIDEO_REFERENCES/Polanow_Live_Rondo/Polanów Live Rondo 2024-01-12 01_17 [2IqdtEHDXDY].mp4,703296646,NOT_COMPUTED_LARGE_FILE_GT_268435456_BYTES
01_ORIGINAL_VIDEO_REFERENCES/Polanow_Live_Rondo/Polanów Live Rondo 2024-01-12 02_17 [2IqdtEHDXDY].mp4,700301984,NOT_COMPUTED_LARGE_FILE_GT_268435456_BYTES
01_ORIGINAL_VIDEO_REFERENCES/Polanow_Live_Rondo/Polanów Live Rondo 2024-01-12 03_17 [2IqdtEHDXDY].mp4,693412357,NOT_COMPUTED_LARGE_FILE_GT_268435456_BYTES
01_ORIGINAL_VIDEO_REFERENCES/Polanow_Live_Rondo/Polanów Live Rondo 2024-01-12 04_17 [2IqdtEHDXDY].mp4,704276785,NOT_COMPUTED_LARGE_FILE_GT_268435456_BYTES
01_ORIGINAL_VIDEO_REFERENCES/Polanow_Live_Rondo/Polanów Live Rondo 2024-01-12 05_17 [2IqdtEHDXDY].mp4,698610639,NOT_COMPUTED_LARGE_FILE_GT_268435456_BYTES
01_ORIGINAL_VIDEO_REFERENCES/Polanow_Live_Rondo/Polanów Live Rondo 2024-01-12 06_17 [2IqdtEHDXDY].mp4,686579689,NOT_COMPUTED_LARGE_FILE_GT_268435456_BYTES
01_ORIGINAL_VIDEO_REFERENCES/Polanow_Live_Rondo/Polanów Live Rondo 2024-01-12 07_17 [2IqdtEHDXDY].mp4,852499800,NOT_COMPUTED_LARGE_FILE_GT_268435456_BYTES
01_ORIGINAL_VIDEO_REFERENCES/Polanow_Live_Rondo/Polanów Live Rondo 2024-01-12 08_17 [2IqdtEHDXDY].mp4,937535215,NOT_COMPUTED_LARGE_FILE_GT_268435456_BYTES
01_ORIGINAL_VIDEO_REFERENCES/Polanow_Live_Rondo/Polanów Live Rondo 2024-01-12 09_17 [2IqdtEHDXDY].mp4,1080807246,NOT_COMPUTED_LARGE_FILE_GT_268435456_BYTES
02_YOLOV11X_DETECTIONS/.gitkeep,0,e3b0c44298fc1c149afbf4c8996fb92427ae41e4649b934ca495991b7852b855
02_YOLOV11X_DETECTIONS/publications/hg-msa-tc-future-transportation/docs/yolov11_detection_deep_audit.md,29127,d1b3cfb2ffee4a8a4612e33fae4f294065b5305bced3e3b3179c13ab921f5a1d
02_YOLOV11X_DETECTIONS/publications/hg-msa-tc-future-transportation/docs/yolov11_raw_detection_file_locations.md,20063,52820ceb066e277b28d3a1bf396eb388bef3833e240899317277a302d55fffb2
03_TRACKED_TRAJECTORIES/.gitkeep,0,e3b0c44298fc1c149afbf4c8996fb92427ae41e4649b934ca495991b7852b855
03_TRACKED_TRAJECTORIES/bellevue_116th_ne12th/tracks.parquet,288753657,NOT_COMPUTED_LARGE_FILE_GT_268435456_BYTES
03_TRACKED_TRAJECTORIES/bellevue_150th_eastgate/tracks.parquet,1301142775,NOT_COMPUTED_LARGE_FILE_GT_268435456_BYTES
03_TRACKED_TRAJECTORIES/bellevue_150th_newport/tracks.parquet,1011714352,NOT_COMPUTED_LARGE_FILE_GT_268435456_BYTES
03_TRACKED_TRAJECTORIES/bellevue_150th_se38th/tracks.parquet,1058323533,NOT_COMPUTED_LARGE_FILE_GT_268435456_BYTES
03_TRACKED_TRAJECTORIES/bellevue_ne8th/tracks.parquet,1572081866,NOT_COMPUTED_LARGE_FILE_GT_268435456_BYTES
04_CLEANED_TRAJECTORIES/.gitkeep,0,e3b0c44298fc1c149afbf4c8996fb92427ae41e4649b934ca495991b7852b855
04_CLEANED_TRAJECTORIES/bellevue_116th_ne12th/trajectories_filtered_filled.parquet,184976719,9639b543f195325dc50ecf38ba91e23dc2cc5c5a80623dd735327795930aa38d
04_CLEANED_TRAJECTORIES/bellevue_150th_eastgate/trajectories_filtered_filled.parquet,1548025820,NOT_COMPUTED_LARGE_FILE_GT_268435456_BYTES
04_CLEANED_TRAJECTORIES/bellevue_150th_newport/trajectories_filtered_filled.parquet,963740534,NOT_COMPUTED_LARGE_FILE_GT_268435456_BYTES
04_CLEANED_TRAJECTORIES/bellevue_150th_se38th/trajectories_filtered_filled.parquet,916465085,NOT_COMPUTED_LARGE_FILE_GT_268435456_BYTES
04_CLEANED_TRAJECTORIES/bellevue_ne8th/trajectories_filtered_filled.parquet,1782541612,NOT_COMPUTED_LARGE_FILE_GT_268435456_BYTES
04_processed_trajectories_and_features/data/processed/bellevue_116th_ne12th/features.parquet,3768178,cf02414171b7c69c84b29d1e307eb25c153d30f3fd9c2ba3358a40beca446f0d
04_processed_trajectories_and_features/data/processed/bellevue_116th_ne12th/features_profile.json,1267,ab206bdc80176c985ed2dcb91fab833426eb92e7cc7b505e7d7f5eceabd2ebc7
04_processed_trajectories_and_features/data/processed/bellevue_116th_ne12th/features_profile.md,913,f14aae19af1935bac7b2eeddae0f691fca8462eee05cd5b36b309be6d8b73c13
04_processed_trajectories_and_features/data/processed/bellevue_116th_ne12th/features_profile_histograms.png,54638,8c8e62f9e093d3527baedaa96f5d4fee2d761d559b1b9999c3a6fb19a79f698e
04_processed_trajectories_and_features/data/processed/bellevue_116th_ne12th/features_trimmed.parquet,1958790,30592b2b661c755d4cd5523a921e41a9ac6a93e3956ee5cec625d8dd14a06b49
04_processed_trajectories_and_features/data/processed/bellevue_116th_ne12th/optics_optimization_results.csv,7163,d2b505b68e120b0ef0873e75a3c0b69181072b1783e4f23f543b72b78c61435d
04_processed_trajectories_and_features/data/processed/bellevue_116th_ne12th/optics_optimization_results.partial.csv,7163,aac3f11acb059ea023d30906a5e0719ce97c466656dda85129d1d2b7f33a3a75
04_processed_trajectories_and_features/data/processed/bellevue_116th_ne12th/trajectories.parquet,191459477,8ff8cfdc6ea176d14f7592109770f3ef875429d48269fb441640d8efa0ecb154
04_processed_trajectories_and_features/data/processed/bellevue_116th_ne12th/trajectories_before_after.png,2140394,1f73001f4147755e69ae7a56a239a65465c551d43a19ca4f827af6b4dc17f9de
04_processed_trajectories_and_features/data/processed/bellevue_116th_ne12th/feature_analysis/displacement_full_vs_trimmed_hist.png,51560,d38d3ee1945d5663ffc8e9620e1884f7f8f60ad2cb908f54014da5c334ce330a
04_processed_trajectories_and_features/data/processed/bellevue_116th_ne12th/feature_analysis/displacement_norm_full_vs_trimmed_hist.png,49596,58fcd587eb7a4f1017f14ea0ca2f14f3a0b7d14c2d8a8c49a680483acd63d50c
04_processed_trajectories_and_features/data/processed/bellevue_116th_ne12th/feature_analysis/displacement_rejected_arrows.png,2677139,84da99e4a8795947e6f2e037374d9284988e615c181d7ada648818fba08b8de1
04_processed_trajectories_and_features/data/processed/bellevue_116th_ne12th/feature_analysis/displacement_rejected_hist.png,69572,1c9b7e13f1bda35f93c71124aebfb9b32f120754f456d0c611606374bb0d64fd
04_processed_trajectories_and_features/data/processed/bellevue_116th_ne12th/feature_analysis/displacement_rejected_summary.json,1354,e1b5cb759697598d548f161da50a67291ce7472dfe0bf897cbb357f9dc903872
04_processed_trajectories_and_features/data/processed/bellevue_116th_ne12th/feature_analysis/displacement_thresholds.parquet,3557,b0b02989a8e0893381021ca67f3f96e2a657af00bd45b8d2a8f5bb09bc204d6e
04_processed_trajectories_and_features/data/processed/bellevue_116th_ne12th/feature_analysis/features_rejected_by_displacement_norm.parquet,1652746,3395f225f53d92e92c3885d0689e14de041373aaa5cda9b8de6cff32ffccedd3
04_processed_trajectories_and_features/data/processed/bellevue_116th_ne12th/feature_analysis/features_trimmed_disp.parquet,3028175,021ecfa7661352c3b42fed3e46a9d7514c5da03b14363c44f14a4f1229840dfe
04_processed_trajectories_and_features/data/processed/bellevue_116th_ne12th/feature_analysis/features_trimmed_disp_norm.parquet,855034,1ce7dc54f5185e01299e8223b37da6ddc7301dfd18e348b4c918b0e018caff6b
04_processed_trajectories_and_features/data/processed/bellevue_116th_ne12th/feature_analysis/feature_analysis_report.md,2189,f8f48174a0c286ad5edba455c78d2adb1c2e6330476b3aae918d70fb3fa6e454
04_processed_trajectories_and_features/data/processed/bellevue_116th_ne12th/feature_analysis/feature_histograms.png,118650,a243582c45395e54867e8be6b99ff16fbf858056c5bfee161bfb5ee8141e6ef9
04_processed_trajectories_and_features/data/processed/bellevue_116th_ne12th/feature_analysis/feature_metric_quantiles.csv,2588,dc6d6d7c2dc7b955826ce0b36c544e8ae3521327745b2e3ca55187ee245aece1
04_processed_trajectories_and_features/data/processed/bellevue_116th_ne12th/feature_analysis/feature_threshold_summary.json,1700,46fa9e0c6a075b31674c93d6eaea626c2250d1a749f201c91f43bf5f70b96614
04_processed_trajectories_and_features/data/processed/bellevue_116th_ne12th/feature_analysis/feature_trim_candidates.csv,4221,427fc7536e849d33fb814c0c46e87fe0b6956bb50d7cee087cb78825e843de27
04_processed_trajectories_and_features/data/processed/bellevue_116th_ne12th/feature_analysis/feature_trim_summary.json,508,8b4428b069b12b2ee9eee19bbb7588336874163ae859f6c6990517b6daefc1c0
04_processed_trajectories_and_features/data/processed/bellevue_116th_ne12th/feature_analysis/frame_span_full_vs_trimmed_hist.png,51839,4f4ac27ac6b95a660c381da597dd67f7770e14e9271aa450d297de6dccb902ff
04_processed_trajectories_and_features/data/processed/bellevue_116th_ne12th/feature_analysis/start_end_comparison.png,2555696,69c612cd2bfe9e9353b62f11cf2e6093fc96c87471d8ab2b9b613fb26b91332d
04_processed_trajectories_and_features/data/processed/bellevue_116th_ne12th/feature_analysis/start_end_comparison_2x2.png,5605525,ea328ce5483fbebe756c874ea960e0f51352fba1baca7b36f1b0972c4835be65
04_processed_trajectories_and_features/data/processed/bellevue_116th_ne12th/feature_analysis/start_end_comparison_2x2_displacement.png,5690962,761c51467cf83f5b68ebd424959675a8ea8511492ad3104586e73b025553b72b
04_processed_trajectories_and_features/data/processed/bellevue_116th_ne12th/feature_analysis/start_end_comparison_2x2_displacement_norm.png,5276040,3dfe11e6af22e06c94d262fecea6e738b21c83e4aeba5c1886887d0eb2a4b08c
04_processed_trajectories_and_features/data/processed/bellevue_116th_ne12th/feature_layers/features_core_raw.parquet,2428107,ef74a43d8d772aded8133236f4b7053df57fa9ccbac5e1289db83dc587ea9495
04_processed_trajectories_and_features/data/processed/bellevue_116th_ne12th/feature_layers/features_scene_norm.parquet,770803,63da0929f8458394c8520ac012a07c8273edcef928bb69f35cc956abca86774f
04_processed_trajectories_and_features/data/processed/bellevue_116th_ne12th/feature_layers/features_vector_revers.parquet,736642,ba1878e183b1d1e03a57f65c68597580b9e31928007d6e0337ee1a57e4880188
04_processed_trajectories_and_features/data/processed/bellevue_116th_ne12th/feature_layers/features_vector_revers_manifest.json,244,50e937623e152f3e7136236ab9dbbfcf4ad0139f1715ae2da858ac99fe50d09b
04_processed_trajectories_and_features/data/processed/bellevue_116th_ne12th/feature_layers/feature_layers_manifest.json,1974,25199f7213de4779da743db35bb93ba055ed3be0ea6051e3bed91cafd271c790
04_processed_trajectories_and_features/data/processed/bellevue_116th_ne12th/feature_variants/features_all_norm.parquet,579322,1e2633aabbfe5068c264f65bcab8a1da3c6f681f810d53f315a25cda6c3c8ea4
04_processed_trajectories_and_features/data/processed/bellevue_116th_ne12th/feature_variants/features_baseline_norm4.parquet,458740,d361164e3f3becac4eae489c720ac00462404ba0696b038b3d166a5c6d24105d
04_processed_trajectories_and_features/data/processed/bellevue_116th_ne12th/feature_variants/features_coords_only.parquet,391304,19186005584aab412029998124f91c1d893ce87545ea46a8fc5ebbe38f33ce03
04_processed_trajectories_and_features/data/processed/bellevue_116th_ne12th/feature_variants/features_plus_direction.parquet,436554,12f59f948650c0579c1ada98485fad86b743f36e055c7d7c7a7b716c95ef4d13
04_processed_trajectories_and_features/data/processed/bellevue_116th_ne12th/feature_variants/features_plus_straightness.parquet,413927,576cde4dfe458ecbc1a58cb2a8cf6ad6c31c105b8d30df10d5ba9e88a9c3817d
04_processed_trajectories_and_features/data/processed/bellevue_116th_ne12th/feature_variants/feature_variants_manifest.json,2245,a178d72691dc5b9dab12e3920c3aa990a8c8666a6dcecefbc1efe890efde215d
04_processed_trajectories_and_features/data/processed/bellevue_116th_ne12th/feature_variants/feature_variant_manifest.json,2860,f5bb52f68ee9f0f652fb04a9e7825fe587bbd26b86b6cff024f2242fd3baad42
04_processed_trajectories_and_features/data/processed/bellevue_116th_ne12th/method_comparison/methods_summary.csv,1267,5818969fc9323adbb479d6fe97ca5de45baa9e011079dad546e82a322a25df85
04_processed_trajectories_and_features/data/processed/bellevue_116th_ne12th/method_comparison/methods_summary.partial.csv,1267,5818969fc9323adbb479d6fe97ca5de45baa9e011079dad546e82a322a25df85
04_processed_trajectories_and_features/data/processed/bellevue_116th_ne12th/method_comparison/stats_birch.json,315,447c57fb79a1f36f66f4c4552365040d4615bc48d038523d4b37f1deefbf9c4d
04_processed_trajectories_and_features/data/processed/bellevue_116th_ne12th/method_comparison/stats_dbscan.json,328,2fd662df556645d6c0299ac43951f1524c1289a6ba794eff35e4db3a4f60952a
04_processed_trajectories_and_features/data/processed/bellevue_116th_ne12th/method_comparison/stats_gmm.json,317,55a1f643ba2c083f2c34298859fc398bf388eb87af75b2971ea9cf5877de20cf
04_processed_trajectories_and_features/data/processed/bellevue_116th_ne12th/method_comparison/stats_hdbscan.json,347,16b29397f61481d2e2789d544b242d43781f0cb821173d53d42f5c25e01f81b2
04_processed_trajectories_and_features/data/processed/bellevue_116th_ne12th/method_comparison/stats_kmeans.json,362,5f87a8eb973d804e4dbeac926b57662625668f56a261a5b2ba582a571bc30c27
04_processed_trajectories_and_features/data/processed/bellevue_116th_ne12th/method_comparison/stats_optics.json,339,c90fc6cf33496964262f398a987de1fd191c8b8afacc1084f2cb294f50161571
04_processed_trajectories_and_features/data/processed/bellevue_116th_ne12th/method_comparison/trials_birch.csv,1149,7c545e9b30e21aa22200e2bf333e111f347e16d8a8676ba09bc4a7aa8d6c2d86
04_processed_trajectories_and_features/data/processed/bellevue_116th_ne12th/method_comparison/trials_dbscan.csv,1395,838e1a4fa2d57ef0cd55c7ce0ddf95889d8a5062a16a762d528de61702f2b50a
04_processed_trajectories_and_features/data/processed/bellevue_116th_ne12th/method_comparison/trials_gmm.csv,795,162170e683498a6378ac17f208cc21f112d85660577ffc8ebd3fcd0a16a13863
04_processed_trajectories_and_features/data/processed/bellevue_116th_ne12th/method_comparison/trials_hdbscan.csv,1826,c875394e0ffd862184b1afca7944bef879e8a025cb490d535edab0dedf60a81f
04_processed_trajectories_and_features/data/processed/bellevue_116th_ne12th/method_comparison/trials_kmeans.csv,3241,d25353c1654449c993e69b49c05c140e09c753f20cd70434e07d0efb02574253
04_processed_trajectories_and_features/data/processed/bellevue_116th_ne12th/method_comparison/trials_optics.csv,4076,6ba5e3f221a4b49ed09d2c67924cc5edb5b35d4d905b3464577588193161c259
04_processed_trajectories_and_features/data/processed/bellevue_116th_ne12th/method_comparison/visualizations/birch_clusters_montage.png,2087539,744ae9533a1b88cccf98b8aeab286ba5970c4ccf39e11e695c2aa010cd5d60a3
04_processed_trajectories_and_features/data/processed/bellevue_116th_ne12th/method_comparison/visualizations/birch_clusters_overlay.png,2200612,d4b22b490a83a477f03cd2c9d272b2b701d939ace39b71b9adb6d7c92c7209b7
04_processed_trajectories_and_features/data/processed/bellevue_116th_ne12th/method_comparison/visualizations/dbscan_clusters_montage.png,2107048,282e129806726cf61080e808a14918a53f9bdd70847ea43e575dbc42320028bb
04_processed_trajectories_and_features/data/processed/bellevue_116th_ne12th/method_comparison/visualizations/dbscan_clusters_overlay.png,2203156,bf6e63660ee86ff8825e21b34f1f8002dde618cc1677bdd471e6630c85ac5c8c
04_processed_trajectories_and_features/data/processed/bellevue_116th_ne12th/method_comparison/visualizations/gmm_clusters_montage.png,3279051,b97aba075291377d6b153ec6c24b9167df87d0f1675173f12420f375b33da940
04_processed_trajectories_and_features/data/processed/bellevue_116th_ne12th/method_comparison/visualizations/gmm_clusters_overlay.png,2197770,01d886b6ee348e3c5ff4b55841ab1b2064e0b96a3289bbc2814e35dea4b21c78
04_processed_trajectories_and_features/data/processed/bellevue_116th_ne12th/method_comparison/visualizations/hdbscan_clusters_montage.png,1576943,d536521381693018ee6d25671e38e87916818fa5ba50c37654a1b9b652e39902
04_processed_trajectories_and_features/data/processed/bellevue_116th_ne12th/method_comparison/visualizations/hdbscan_clusters_overlay.png,2199021,58088fbab34ac19b392eb002561d23899cb4f4bde80e6541cb2d276b3749689e
04_processed_trajectories_and_features/data/processed/bellevue_116th_ne12th/method_comparison/visualizations/kmeans_clusters_montage.png,2152033,ce3e364d9bd8aef920897ff9e6e2017f809e49e837e6e2329577eca01f0e5a40
04_processed_trajectories_and_features/data/processed/bellevue_116th_ne12th/method_comparison/visualizations/kmeans_clusters_overlay.png,2203867,a155926faa62999790db28a20038f5e8725d835bf4a76d644e7042c2bf0e56d7
04_processed_trajectories_and_features/data/processed/bellevue_116th_ne12th/method_comparison/visualizations/optics_clusters_montage.png,3068192,b8ee7392727c72e0f4b998eb675aed5a76dca52e7d4f1f7c004eedbe2f76ad8c
04_processed_trajectories_and_features/data/processed/bellevue_116th_ne12th/method_comparison/visualizations/optics_clusters_overlay.png,2183846,57a9e28b6c1cb9d501e03ea6596e8ee2cb7df9fac1b64cee11ce00db460cae87
04_processed_trajectories_and_features/data/processed/bellevue_116th_ne12th/method_comparison_variant_all_norm/methods_summary.csv,1177,aae3dd550ea31d2d353cb8fac42c676a22b0320d644d0e3f40cbdead2587151c
04_processed_trajectories_and_features/data/processed/bellevue_116th_ne12th/method_comparison_variant_all_norm/methods_summary.partial.csv,1177,aae3dd550ea31d2d353cb8fac42c676a22b0320d644d0e3f40cbdead2587151c
04_processed_trajectories_and_features/data/processed/bellevue_116th_ne12th/method_comparison_variant_all_norm/stats_birch.json,315,9870cce68abe9baa412366db8f90f3a3af74c40665329561ee00593b21e21eba
04_processed_trajectories_and_features/data/processed/bellevue_116th_ne12th/method_comparison_variant_all_norm/stats_dbscan.json,328,7f5668126aa996c9b420416c8493f6ecfe82dc22dc93bf1fe35663a0478ead5d
04_processed_trajectories_and_features/data/processed/bellevue_116th_ne12th/method_comparison_variant_all_norm/stats_gmm.json,316,ab18dd1db67e248c9d7a76c4b541ecbf5ab3e468b6d773c5f2a215eb1183ec6f
04_processed_trajectories_and_features/data/processed/bellevue_116th_ne12th/method_comparison_variant_all_norm/stats_hdbscan.json,346,e5e71d02bea3d1a0012261269f72df3a238ea12aeb1943045f6b6857587e87af
04_processed_trajectories_and_features/data/processed/bellevue_116th_ne12th/method_comparison_variant_all_norm/stats_kmeans.json,361,f194bae558f8fccf3fcb93966041c5d598c302430fdbf93b40f839f9ffa84e43
04_processed_trajectories_and_features/data/processed/bellevue_116th_ne12th/method_comparison_variant_all_norm/stats_optics.json,338,b2207cacdcbf69637a9d963b835f937f49a6b1549d5a6bc4dfa6cdb59d84717a
04_processed_trajectories_and_features/data/processed/bellevue_116th_ne12th/method_comparison_variant_all_norm/trials_birch.csv,1148,af911f38f9d5124ca3a59916f4ddab58811d8d474568c06f4edce12a376518cf
04_processed_trajectories_and_features/data/processed/bellevue_116th_ne12th/method_comparison_variant_all_norm/trials_dbscan.csv,1404,61eb5b6ef1e3888c6da1298234750ae61abc786d4b1390aa755c5f0ecd36f39e
04_processed_trajectories_and_features/data/processed/bellevue_116th_ne12th/method_comparison_variant_all_norm/trials_gmm.csv,785,302dba9468d436a3023724ef348f3a4128577cd11ca0db02fba66d9c0626e22d
04_processed_trajectories_and_features/data/processed/bellevue_116th_ne12th/method_comparison_variant_all_norm/trials_hdbscan.csv,1820,398c73ceacd60e755a96affaa6068063983e5e9483febe7b7cf6e0ec3fc70716
04_processed_trajectories_and_features/data/processed/bellevue_116th_ne12th/method_comparison_variant_all_norm/trials_kmeans.csv,3207,cf6cb2721698f13a245a637a914c1df652dffcc4f15ed6abc7cfd35fbd1aa009
04_processed_trajectories_and_features/data/processed/bellevue_116th_ne12th/method_comparison_variant_all_norm/trials_optics.csv,4101,ce8494ff0a3a112c074bdfcc871e6aa29f5d9d15a4714dc7c8c4570a8726b3c7
04_processed_trajectories_and_features/data/processed/bellevue_116th_ne12th/method_comparison_variant_all_norm/visualizations/birch_clusters_montage.png,2796644,1620c0fd9e99ca2ac6e6d34490e185dd4a6db6c3afac1aac19eb5906675fc6ba
04_processed_trajectories_and_features/data/processed/bellevue_116th_ne12th/method_comparison_variant_all_norm/visualizations/birch_clusters_overlay.png,2199731,74932b34650fa25c4b73fc9f8bbffa535422ff5934ea7bcb2c44c46b8fccfb59
04_processed_trajectories_and_features/data/processed/bellevue_116th_ne12th/method_comparison_variant_all_norm/visualizations/dbscan_clusters_montage.png,2624013,28a7d20e357d484a12948ec1cd6fa6e442eb18bcc4c3e529c9a6048e884a5336
04_processed_trajectories_and_features/data/processed/bellevue_116th_ne12th/method_comparison_variant_all_norm/visualizations/dbscan_clusters_overlay.png,2192813,b095a80c1cef1187ef9bc97a68f0a99699f968d174ac4b20b91331d65c2f4570
04_processed_trajectories_and_features/data/processed/bellevue_116th_ne12th/method_comparison_variant_all_norm/visualizations/gmm_clusters_montage.png,3245445,3e60c1ebd9c001ebbac56260ad47464ed392d56f3ac3379f95a09f415b7358f0
04_processed_trajectories_and_features/data/processed/bellevue_116th_ne12th/method_comparison_variant_all_norm/visualizations/gmm_clusters_overlay.png,2191165,883393689ff3252ea5a29a983189f1d878dabce045ad5c0cd871ffba466f82d6
04_processed_trajectories_and_features/data/processed/bellevue_116th_ne12th/method_comparison_variant_all_norm/visualizations/hdbscan_clusters_montage.png,1501842,9ec6302482f04f03246865e439a4d8ff76701952c8ec36923b1bd9bfb0c82a77
04_processed_trajectories_and_features/data/processed/bellevue_116th_ne12th/method_comparison_variant_all_norm/visualizations/hdbscan_clusters_overlay.png,2204518,89832388b7c8f3f64c37afb18653da61a437328182c1b94767b5663a654d6c17
04_processed_trajectories_and_features/data/processed/bellevue_116th_ne12th/method_comparison_variant_all_norm/visualizations/kmeans_clusters_montage.png,3356308,964350550c9ba38156a8753d418fb939484f24b7915d96f5ecdcbf2b0dbe769a
04_processed_trajectories_and_features/data/processed/bellevue_116th_ne12th/method_comparison_variant_all_norm/visualizations/kmeans_clusters_overlay.png,2198882,9544916d1bda39a333b78061f1ef4caf323e5eb92e5f8d23015d1f87f9cb5f6b
04_processed_trajectories_and_features/data/processed/bellevue_116th_ne12th/method_comparison_variant_all_norm/visualizations/optics_clusters_montage.png,3041362,5e64525e36ad03d091bc442aec0629e48a12046ade5b2935451cb9551f7d9e33
04_processed_trajectories_and_features/data/processed/bellevue_116th_ne12th/method_comparison_variant_all_norm/visualizations/optics_clusters_overlay.png,2176954,8e3ab36e31d070c923221a016d2f6697cdeb3e91d5942d62dd27285202584d58
04_processed_trajectories_and_features/data/processed/bellevue_116th_ne12th/method_comparison_variant_baseline_norm4/methods_summary.csv,1220,6e10b32734aeed403e54a0cfd13fcb0f84dd496f9d1ba6562c0e9465143c30bc
04_processed_trajectories_and_features/data/processed/bellevue_116th_ne12th/method_comparison_variant_baseline_norm4/methods_summary.partial.csv,1220,6e10b32734aeed403e54a0cfd13fcb0f84dd496f9d1ba6562c0e9465143c30bc
04_processed_trajectories_and_features/data/processed/bellevue_116th_ne12th/method_comparison_variant_baseline_norm4/stats_birch.json,315,8351e6d4756be2967669deb9a7e24554e87c987ecc5084cf5be68fa01f2f27d0
04_processed_trajectories_and_features/data/processed/bellevue_116th_ne12th/method_comparison_variant_baseline_norm4/stats_dbscan.json,330,8f016e0da82feb03653cbd06a35bd5b01057285c27c82e8b05e740bc9a563b9a
04_processed_trajectories_and_features/data/processed/bellevue_116th_ne12th/method_comparison_variant_baseline_norm4/stats_gmm.json,316,e62c40b025b0249234c6d88d755bd3f67e25c02fade4583b433d198794bb0a54
04_processed_trajectories_and_features/data/processed/bellevue_116th_ne12th/method_comparison_variant_baseline_norm4/stats_hdbscan.json,348,ea248952ebe82c0ee03ec99574136cd5e6c15623950912981a13b1498dc208ab
04_processed_trajectories_and_features/data/processed/bellevue_116th_ne12th/method_comparison_variant_baseline_norm4/stats_kmeans.json,363,a51bbd16b2eeb74c7cab91eb52f58ef56de74020da6d8f27ccc2d9332e9b8cc3
04_processed_trajectories_and_features/data/processed/bellevue_116th_ne12th/method_comparison_variant_baseline_norm4/stats_optics.json,339,95aae2cb3f2a2f5e3251bad0c4b33036d13e99c1649eaa47a0f2774417655a8b
04_processed_trajectories_and_features/data/processed/bellevue_116th_ne12th/method_comparison_variant_baseline_norm4/trials_birch.csv,1152,2b0f101c342a31dd3eaeebf9618b5eff1db826b529b513d6b9aaba571bf07a66
04_processed_trajectories_and_features/data/processed/bellevue_116th_ne12th/method_comparison_variant_baseline_norm4/trials_dbscan.csv,1381,01850725eb5d98d62fc0b9c517eb41e47e94ac8cb01938a8f1895cb7a02eb665
04_processed_trajectories_and_features/data/processed/bellevue_116th_ne12th/method_comparison_variant_baseline_norm4/trials_gmm.csv,790,367dbad8b15492ed14bda8d7818fd1d32459ebcf8af79d7177b6c32b62ae5391
04_processed_trajectories_and_features/data/processed/bellevue_116th_ne12th/method_comparison_variant_baseline_norm4/trials_hdbscan.csv,1758,9554468dd23b21849dab08c871ed4e0ba54d532e36c737d3a579f73f0f6a9430
04_processed_trajectories_and_features/data/processed/bellevue_116th_ne12th/method_comparison_variant_baseline_norm4/trials_kmeans.csv,3240,1217e5371ecdd70f950848bd5d6b90992bedd706d1b096ab821babbcbb7745fc
04_processed_trajectories_and_features/data/processed/bellevue_116th_ne12th/method_comparison_variant_baseline_norm4/trials_optics.csv,4110,f3831870b1e82b083556b0581d497e99d3b11f734e6c2086327307a54f353b62
04_processed_trajectories_and_features/data/processed/bellevue_116th_ne12th/method_comparison_variant_baseline_norm4/visualizations/birch_clusters_montage.png,2602908,4fe00d9677fc7845bba04ee5a50b27d02307b6d7c32d9c7a0d5904dc177ee277
04_processed_trajectories_and_features/data/processed/bellevue_116th_ne12th/method_comparison_variant_baseline_norm4/visualizations/birch_clusters_overlay.png,2200491,c13d93983a3360c98fede34e5b1e19de5a140426652dab359bd6696c24aa8742
04_processed_trajectories_and_features/data/processed/bellevue_116th_ne12th/method_comparison_variant_baseline_norm4/visualizations/dbscan_clusters_montage.png,2090659,78a935a4c31cb5d75b91326e9db4d8f1f060993b708110026307e840d8743894
04_processed_trajectories_and_features/data/processed/bellevue_116th_ne12th/method_comparison_variant_baseline_norm4/visualizations/dbscan_clusters_overlay.png,2201083,5a0da52293b5630ffb573acc3ca2328516685c1092c43589e61812c9c26c201f
04_processed_trajectories_and_features/data/processed/bellevue_116th_ne12th/method_comparison_variant_baseline_norm4/visualizations/gmm_clusters_montage.png,2686734,2a379d0c3bb5ec0b4631733cb6f00ee1f74caad3156ce6523b6f63bef3db64e7
04_processed_trajectories_and_features/data/processed/bellevue_116th_ne12th/method_comparison_variant_baseline_norm4/visualizations/gmm_clusters_overlay.png,2192467,9c8c23103aaa85f0aa0aad1064ad5371196a1ee3a7dd40c42f47fe93dbaae754
04_processed_trajectories_and_features/data/processed/bellevue_116th_ne12th/method_comparison_variant_baseline_norm4/visualizations/hdbscan_clusters_montage.png,2055671,83a3873cb3f700726e5cb160476c6572fdaded91eb925b7815fc9421acccb8d6
04_processed_trajectories_and_features/data/processed/bellevue_116th_ne12th/method_comparison_variant_baseline_norm4/visualizations/hdbscan_clusters_overlay.png,2195119,31fcf57333a89237466a0ec75599ec52a53b9406dc222d40f1450ac78460b7eb
04_processed_trajectories_and_features/data/processed/bellevue_116th_ne12th/method_comparison_variant_baseline_norm4/visualizations/kmeans_clusters_montage.png,2602263,1197808fe4373c40a022306a83c3c15ff9a300eeab27ec0a023a597ca1d6bf05
04_processed_trajectories_and_features/data/processed/bellevue_116th_ne12th/method_comparison_variant_baseline_norm4/visualizations/kmeans_clusters_overlay.png,2200303,c2e3360c932821ecea7a240db305b717beebed15c9d9d8dd645ab887a1dd653c
04_processed_trajectories_and_features/data/processed/bellevue_116th_ne12th/method_comparison_variant_baseline_norm4/visualizations/optics_clusters_montage.png,2529247,f61346d9107e51322d7fbf3f5c7dc000405378cd1d4a2d72a13ec3f282387f48
04_processed_trajectories_and_features/data/processed/bellevue_116th_ne12th/method_comparison_variant_baseline_norm4/visualizations/optics_clusters_overlay.png,2188611,1d5aa555a56c6a93545618cfe9c341a12eebb35f749335a03681d6f5a643c342
04_processed_trajectories_and_features/data/processed/bellevue_116th_ne12th/method_comparison_variant_plus_frame_span/visualizations/birch_clusters_montage.png,2371036,39cb8bd8e8a1bc7f745e0faafadaf3653ba983f4620be93be6f4eb76f9599671
04_processed_trajectories_and_features/data/processed/bellevue_116th_ne12th/method_comparison_variant_plus_frame_span/visualizations/birch_clusters_overlay.png,2200604,b66397c86b78155ebf0e9b0df141088487625b86468d858eeb897bff5ef4b8c2
04_processed_trajectories_and_features/data/processed/bellevue_116th_ne12th/method_comparison_variant_plus_frame_span/visualizations/dbscan_clusters_montage.png,2753419,01b81590d64e0a86607499cbd9b91e13c09950272968b68aa60cfab759598942
04_processed_trajectories_and_features/data/processed/bellevue_116th_ne12th/method_comparison_variant_plus_frame_span/visualizations/dbscan_clusters_overlay.png,2194530,9ffc3533eb8a5fcd92c7ef1042b74e7aedbce7262ba9b52e35f166a22eb27fa4
04_processed_trajectories_and_features/data/processed/bellevue_116th_ne12th/method_comparison_variant_plus_frame_span/visualizations/gmm_clusters_montage.png,2785878,87e01edccb03f0264aa7861215f3b15ae51d6529a0bb5ff0d14f4b63e6512f0e
04_processed_trajectories_and_features/data/processed/bellevue_116th_ne12th/method_comparison_variant_plus_frame_span/visualizations/gmm_clusters_overlay.png,2200081,e24b1daae1d1600b26c73b208621aff9fff296e9461a984832c0107f4c451388
04_processed_trajectories_and_features/data/processed/bellevue_116th_ne12th/method_comparison_variant_plus_frame_span/visualizations/hdbscan_clusters_montage.png,1455559,6d5f4618785c9a3a734fb1958737cf7aeb5f1fd0dbfe13ac00102add3e030432
04_processed_trajectories_and_features/data/processed/bellevue_116th_ne12th/method_comparison_variant_plus_frame_span/visualizations/hdbscan_clusters_overlay.png,2204735,330d60c0aa76bed90a476112e022462acd009b0e1de81afca5f842852b39ba7d
04_processed_trajectories_and_features/data/processed/bellevue_116th_ne12th/method_comparison_variant_plus_frame_span/visualizations/kmeans_clusters_montage.png,3450540,19504edffa7916dc95de4b560a05e027d55aee06278e81241782fffedfc0752d
04_processed_trajectories_and_features/data/processed/bellevue_116th_ne12th/method_comparison_variant_plus_frame_span/visualizations/kmeans_clusters_overlay.png,2201614,1dcf64936895e68de9afe8ee86c591f7fc012ef81fa6ce989f448df3ebda6ffd
04_processed_trajectories_and_features/data/processed/bellevue_116th_ne12th/method_comparison_variant_plus_frame_span/visualizations/optics_clusters_montage.png,2589982,d2a34bce1ab4f6f41a045e8a9496848cba6eaab47d441ebcef3b7fa8678f3e4e
04_processed_trajectories_and_features/data/processed/bellevue_116th_ne12th/method_comparison_variant_plus_frame_span/visualizations/optics_clusters_overlay.png,2187540,8f36ac54cdbadd62e10836e265768d5f5a890ae47acb7fde038d592ca1addb41
04_processed_trajectories_and_features/data/processed/bellevue_116th_ne12th/method_comparison_variant_plus_frame_span_straightness/visualizations/birch_clusters_montage.png,3318615,2beae6c474c44b3c49ed4b966ff923344db6d296df112a3b108490b91d957c68
04_processed_trajectories_and_features/data/processed/bellevue_116th_ne12th/method_comparison_variant_plus_frame_span_straightness/visualizations/birch_clusters_overlay.png,2196773,f84e7c7bdad111abc56e9976e97c54569e1a45d81730aafd07ff6fc644c463ed
04_processed_trajectories_and_features/data/processed/bellevue_116th_ne12th/method_comparison_variant_plus_frame_span_straightness/visualizations/dbscan_clusters_montage.png,2633596,2a3327c40e36c0ecd6ea8e1bc7fcd73d872dfa398c7e29f5865438a17f134ae3
04_processed_trajectories_and_features/data/processed/bellevue_116th_ne12th/method_comparison_variant_plus_frame_span_straightness/visualizations/dbscan_clusters_overlay.png,2186439,696613b0c84f3fdb4df6ba2c4d960edf770a4ecba42481be5195affec3ed349f
04_processed_trajectories_and_features/data/processed/bellevue_116th_ne12th/method_comparison_variant_plus_frame_span_straightness/visualizations/gmm_clusters_montage.png,3313620,ccf54e2dba5cba16311a7e3be24ab93fb39ea778b034a0710725af6ceb9eed9d
04_processed_trajectories_and_features/data/processed/bellevue_116th_ne12th/method_comparison_variant_plus_frame_span_straightness/visualizations/gmm_clusters_overlay.png,2201092,7a82994fd1a3aea2f85ea26e78871660a3b80c423ed6c3708db020643acd7d72
04_processed_trajectories_and_features/data/processed/bellevue_116th_ne12th/method_comparison_variant_plus_frame_span_straightness/visualizations/hdbscan_clusters_montage.png,1573901,1e72f0b6bf2c5eb7aa74f1680171ceb4efbcaa72735f716caafbf3fbdff720a3
04_processed_trajectories_and_features/data/processed/bellevue_116th_ne12th/method_comparison_variant_plus_frame_span_straightness/visualizations/hdbscan_clusters_overlay.png,2197511,845dbf927846260c17d408f6f9274e92471bed33e1bf2bfd48393ce99c452b13
04_processed_trajectories_and_features/data/processed/bellevue_116th_ne12th/method_comparison_variant_plus_frame_span_straightness/visualizations/kmeans_clusters_montage.png,3420730,c780df096d2688018058d8ba3db2c3da028f2b10d835349263ed35ba4f9a7cfd
04_processed_trajectories_and_features/data/processed/bellevue_116th_ne12th/method_comparison_variant_plus_frame_span_straightness/visualizations/kmeans_clusters_overlay.png,2198790,da559395843cc7f4d15ec257a4999b227ea0cb37d95374b649ff734dcc124230
04_processed_trajectories_and_features/data/processed/bellevue_116th_ne12th/method_comparison_variant_plus_frame_span_straightness/visualizations/optics_clusters_montage.png,3114436,5838cf76f631f53bcc870961d0a5c2c6f6657dcb2483e0f2b432a5686a9769a7
04_processed_trajectories_and_features/data/processed/bellevue_116th_ne12th/method_comparison_variant_plus_frame_span_straightness/visualizations/optics_clusters_overlay.png,2178089,e0b15d1d860ff74d0d7f014e778852b6e426f0ea99fb3323e8c5f8729fd0b79a
04_processed_trajectories_and_features/data/processed/bellevue_116th_ne12th/method_comparison_variant_plus_frame_span_straightness_dir/visualizations/birch_clusters_montage.png,3280478,26e861c19ac979cee67cc4c29e336a04004484173bc3e6d5bb31f962a0e00d30
04_processed_trajectories_and_features/data/processed/bellevue_116th_ne12th/method_comparison_variant_plus_frame_span_straightness_dir/visualizations/birch_clusters_overlay.png,2196637,6e15d9437113a2f77a3909d9e564b20d0f56830759757b1ccdbb2cdcb6f57c0c
04_processed_trajectories_and_features/data/processed/bellevue_116th_ne12th/method_comparison_variant_plus_frame_span_straightness_dir/visualizations/dbscan_clusters_montage.png,2176594,6a44907585b4eb7dd3057f97d46c2282ae0d35ef70d5b2e36f6750e6688865b8
04_processed_trajectories_and_features/data/processed/bellevue_116th_ne12th/method_comparison_variant_plus_frame_span_straightness_dir/visualizations/dbscan_clusters_overlay.png,2195749,b3b0676d11e67bc707ebe8dc3d29529db68b438532e959e4cafe44ff5b2dda15
04_processed_trajectories_and_features/data/processed/bellevue_116th_ne12th/method_comparison_variant_plus_frame_span_straightness_dir/visualizations/gmm_clusters_montage.png,3289301,c5a83a3cb503652107da8664323e923679c7f6ab9378bae208fc0c4cbce525d5
04_processed_trajectories_and_features/data/processed/bellevue_116th_ne12th/method_comparison_variant_plus_frame_span_straightness_dir/visualizations/gmm_clusters_overlay.png,2197865,74b7f373178c9342f810b391ff34976edd09a78bdef17400860a5920fd6b7cd9
04_processed_trajectories_and_features/data/processed/bellevue_116th_ne12th/method_comparison_variant_plus_frame_span_straightness_dir/visualizations/hdbscan_clusters_montage.png,1573407,7cb2a674ca3942d2f0eadf1081c38534a255815be8250efdd7d0140114b0bc6b
04_processed_trajectories_and_features/data/processed/bellevue_116th_ne12th/method_comparison_variant_plus_frame_span_straightness_dir/visualizations/hdbscan_clusters_overlay.png,2197326,a30f8086b5039d92f982bec0e0edea1f32d2c64baa633e240a87922d56725fb4
04_processed_trajectories_and_features/data/processed/bellevue_116th_ne12th/method_comparison_variant_plus_frame_span_straightness_dir/visualizations/kmeans_clusters_montage.png,3387108,c225d156a8200b6eed3c4b61e351af7114883c91cafa23b0c5bd6a46552dd5c7
04_processed_trajectories_and_features/data/processed/bellevue_116th_ne12th/method_comparison_variant_plus_frame_span_straightness_dir/visualizations/kmeans_clusters_overlay.png,2200760,387cfc80f75594b962d6af261587c1abec3f85864d68ae5ad2644c46993946f6
04_processed_trajectories_and_features/data/processed/bellevue_116th_ne12th/method_comparison_variant_plus_frame_span_straightness_dir/visualizations/optics_clusters_montage.png,2962059,3036643914883558ec7cb4a2656091d52aca38702e4af209eec6835aeecd1abd
04_processed_trajectories_and_features/data/processed/bellevue_116th_ne12th/method_comparison_variant_plus_frame_span_straightness_dir/visualizations/optics_clusters_overlay.png,2173051,02dbd9b82b84201c1320f8469796eb47b720fedd77af2a5b1a017529fa0acd1f
04_processed_trajectories_and_features/data/processed/bellevue_116th_ne12th/method_comparison_variant_plus_straightness/methods_summary.csv,901,6d31e1818ce95dca2f714eed7f47dca990186af90f21946458d61313addae134
04_processed_trajectories_and_features/data/processed/bellevue_116th_ne12th/method_comparison_variant_plus_straightness/methods_summary.partial.csv,901,6d31e1818ce95dca2f714eed7f47dca990186af90f21946458d61313addae134
04_processed_trajectories_and_features/data/processed/bellevue_116th_ne12th/method_comparison_variant_plus_straightness/stats_hdbscan.json,502,8cc453d65f43594ae8c38b88f279c2ec9d64d1567e298c970ec0ef4704a2a289
04_processed_trajectories_and_features/data/processed/bellevue_116th_ne12th/method_comparison_variant_plus_straightness/stats_kmeans.json,514,f9ec188322ddd1f53439be772b3a2805bf19a64ab677fd5fc864cfae9f1614fc
04_processed_trajectories_and_features/data/processed/bellevue_116th_ne12th/method_comparison_variant_plus_straightness/stats_optics.json,507,53b0fd115a748c85382b1435b0733fa4a7ea86abb0d53f12ef9a27de821d92b1
04_processed_trajectories_and_features/data/processed/bellevue_116th_ne12th/method_comparison_variant_plus_straightness/trials_hdbscan.csv,4598,b09f006088c7c15ba00086f133019b67edbc5f61e9ca3eae39fa60f7551bacb9
04_processed_trajectories_and_features/data/processed/bellevue_116th_ne12th/method_comparison_variant_plus_straightness/trials_hdbscan_coarse.csv,1952,961a8a4b67561805c10c8cca5b6350feec1917525d44c472aa10f237e3bc66f3
04_processed_trajectories_and_features/data/processed/bellevue_116th_ne12th/method_comparison_variant_plus_straightness/trials_hdbscan_fine.csv,2797,6e2835164861b36c3b7f0ef147f7531ec5b807917a3683a9dec48b18476acc12
04_processed_trajectories_and_features/data/processed/bellevue_116th_ne12th/method_comparison_variant_plus_straightness/trials_kmeans.csv,8104,707b240b1305824ad7f971a2f1711f29afc339fa8152138264809422cc14e677
04_processed_trajectories_and_features/data/processed/bellevue_116th_ne12th/method_comparison_variant_plus_straightness/trials_kmeans_coarse.csv,3250,20d44c0bfea5ee3e3b5e4f11ff49e495467246f10a64c20386487fd9a6785087
04_processed_trajectories_and_features/data/processed/bellevue_116th_ne12th/method_comparison_variant_plus_straightness/trials_kmeans_fine.csv,5001,a95ccac7f0afcd38ca4fed0f82b85fae34f1b411798e83c26a0f86729db30d99
04_processed_trajectories_and_features/data/processed/bellevue_116th_ne12th/method_comparison_variant_plus_straightness/trials_optics.csv,9928,70fab189dc8828127564745fe849f4cb632b8429806914ddcc210c5deb2afd4e
04_processed_trajectories_and_features/data/processed/bellevue_116th_ne12th/method_comparison_variant_plus_straightness/trials_optics_coarse.csv,3667,7d91fd68538148d6e629b820592ffd9ffada28e507380deb7b6bd6bd4481997f
04_processed_trajectories_and_features/data/processed/bellevue_116th_ne12th/method_comparison_variant_plus_straightness/trials_optics_fine.csv,6390,ebe9dec33ebee6ea3fcd9b19b1c5421744b29074911ddbf4f3386779934cd954
04_processed_trajectories_and_features/data/processed/bellevue_116th_ne12th/method_comparison_variant_plus_straightness/visualizations/hdbscan_clusters_montage.png,2074493,d5f9d3ce2c7142fb69801a2cb66b74084de2c86984eaa6e37a633d71f75d3025
04_processed_trajectories_and_features/data/processed/bellevue_116th_ne12th/method_comparison_variant_plus_straightness/visualizations/hdbscan_clusters_overlay.png,2195494,64368ad9aa5df8ad2e3b2ad952f20d0b75d924a18a55282d02c353250e48270e
04_processed_trajectories_and_features/data/processed/bellevue_116th_ne12th/method_comparison_variant_plus_straightness/visualizations/kmeans_clusters_montage.png,2673521,c996e27eda28ff4ae3b57f054c8fb21bb853cb310b278f0e3bb6e5f3f2091d57
04_processed_trajectories_and_features/data/processed/bellevue_116th_ne12th/method_comparison_variant_plus_straightness/visualizations/kmeans_clusters_overlay.png,2199434,887b349e877065aeb48e7c76e41253e6d084c6e1012d7ec83ee68e89d3df2a97
04_processed_trajectories_and_features/data/processed/bellevue_116th_ne12th/method_comparison_variant_plus_straightness/visualizations/optics_clusters_montage.png,2596467,b9a594b2358e04c75e4b24d298a2f28620d335e7d39a5567623c83cf6dd94f5d
04_processed_trajectories_and_features/data/processed/bellevue_116th_ne12th/method_comparison_variant_plus_straightness/visualizations/optics_clusters_overlay.png,2191794,ede002055fb2ffc4e0a5d713a836746d66ba23b5a5f7af540096b550c9ad8412
04_processed_trajectories_and_features/data/processed/bellevue_116th_ne12th/rebuild_v1/features.parquet,3768178,cf02414171b7c69c84b29d1e307eb25c153d30f3fd9c2ba3358a40beca446f0d
04_processed_trajectories_and_features/data/processed/bellevue_116th_ne12th/rebuild_v1/merge_audit.json,8092,78b27c19e276820c41b35a119d29332899af55cc53f81cb990f248b0ed964b45
04_processed_trajectories_and_features/data/processed/bellevue_116th_ne12th/rebuild_v1/rebuild_comparison.json,11211,91bba8f61ff84615d36a0480b5cb3759a8460fe82d8d466f29dae5ac6f36d6f4
04_processed_trajectories_and_features/data/processed/bellevue_116th_ne12th/rebuild_v1/rebuild_comparison.md,901,25f447d33db51fbc806a48ccaeefad171b5a8a86c679050a2cbf1a6c1f5a3919
04_processed_trajectories_and_features/data/processed/bellevue_116th_ne12th/rebuild_v1/trajectories.parquet,191013740,ee1160c8b483c9ed3d7bf55bac6bc25d5afe88ba81ea665f71e5291f0f82e864
04_processed_trajectories_and_features/data/processed/bellevue_116th_ne12th/rebuild_v1/trajectories_audit.json,621,7fb46eb08121796e6cb0ecb8eeeeb946db65d02806496ad0be8a2367f8a40af7
04_processed_trajectories_and_features/data/processed/bellevue_116th_ne12th/rebuild_v1/trajectories_before_after.png,1719068,66946fbbd4304daff52985ec95a27e21069aa70bf2402265180dc9772eb20994
04_processed_trajectories_and_features/data/processed/bellevue_116th_ne12th/rebuild_v1/trajectories_filtered_filled.parquet,184976719,9639b543f195325dc50ecf38ba91e23dc2cc5c5a80623dd735327795930aa38d
04_processed_trajectories_and_features/data/processed/bellevue_116th_ne12th/rebuild_v1/trajectories_filtered_filled_audit.json,745,06533e9e9ba8d42401fc448a799a845fe8e3d2fe5b3b03b920afaba4039d75c3
04_processed_trajectories_and_features/data/processed/bellevue_116th_ne12th/rebuild_v1/feature_analysis/displacement_full_vs_trimmed_hist.png,51560,d38d3ee1945d5663ffc8e9620e1884f7f8f60ad2cb908f54014da5c334ce330a
04_processed_trajectories_and_features/data/processed/bellevue_116th_ne12th/rebuild_v1/feature_analysis/displacement_norm_full_vs_trimmed_hist.png,51541,03fb0ab1d4eb394e8b85f514230529cf8866e8d3ab28896fa1ad42e4470cc9e3
04_processed_trajectories_and_features/data/processed/bellevue_116th_ne12th/rebuild_v1/feature_analysis/features_trimmed_disp.parquet,3028175,021ecfa7661352c3b42fed3e46a9d7514c5da03b14363c44f14a4f1229840dfe
04_processed_trajectories_and_features/data/processed/bellevue_116th_ne12th/rebuild_v1/feature_analysis/features_trimmed_disp_norm.parquet,618731,d79a6f5a72fb161d6a7509b80da317057ebccf77c3611892b15e02a69f8cba5d
04_processed_trajectories_and_features/data/processed/bellevue_116th_ne12th/rebuild_v1/feature_analysis/feature_histograms.png,67487,eea4aaefef370fab469e86b6c51df26580e8ac86fe882552fcd485c204cad62e
04_processed_trajectories_and_features/data/processed/bellevue_116th_ne12th/rebuild_v1/feature_analysis/feature_threshold_summary.json,963,e7cf80a493439045cfd45a62b842a774a0d2921fe3b7c666091376217f772268
04_processed_trajectories_and_features/data/processed/bellevue_116th_ne12th/rebuild_v1/feature_analysis/feature_trim_summary.json,534,cd2c0a7616667e29d1717a14588dd4dd582610fd774da543f7a97a0cf85905b6
04_processed_trajectories_and_features/data/processed/bellevue_116th_ne12th/rebuild_v1/feature_analysis/frame_span_full_vs_trimmed_hist.png,53795,3c5f94752b3452299962feb17c80916a1412feded81d187f278b79bd82eac3be
04_processed_trajectories_and_features/data/processed/bellevue_116th_ne12th/rebuild_v1/feature_analysis/start_end_comparison_2x2.png,5664210,ddbe964c8076d49837011252d8b14d63a019e55faf06d73225ad44ec75f6ac3e
04_processed_trajectories_and_features/data/processed/bellevue_116th_ne12th/rebuild_v1/feature_analysis/start_end_comparison_2x2_displacement.png,5690962,761c51467cf83f5b68ebd424959675a8ea8511492ad3104586e73b025553b72b
04_processed_trajectories_and_features/data/processed/bellevue_116th_ne12th/rebuild_v1/feature_analysis/start_end_comparison_2x2_displacement_norm.png,4934355,0be1817bfd7f2739f968b579a658e25845b85b210d9223b7c6c5a3d591c3ace5
04_processed_trajectories_and_features/data/processed/bellevue_116th_ne12th/rebuild_v1/feature_layers/features_core_raw.parquet,2428107,ef74a43d8d772aded8133236f4b7053df57fa9ccbac5e1289db83dc587ea9495
04_processed_trajectories_and_features/data/processed/bellevue_116th_ne12th/rebuild_v1/feature_layers/features_scene_norm.parquet,770803,63da0929f8458394c8520ac012a07c8273edcef928bb69f35cc956abca86774f
04_processed_trajectories_and_features/data/processed/bellevue_116th_ne12th/rebuild_v1/feature_layers/features_vector_revers.parquet,736642,ba1878e183b1d1e03a57f65c68597580b9e31928007d6e0337ee1a57e4880188
04_processed_trajectories_and_features/data/processed/bellevue_116th_ne12th/rebuild_v1/feature_layers/features_vector_revers_manifest.json,256,b1c2ab2648ee66a0b3f1cccd7eb6c4fb74eb797677427a654a8dfef3c7f94863
04_processed_trajectories_and_features/data/processed/bellevue_116th_ne12th/rebuild_v1/feature_layers/feature_layers_manifest.json,2046,175b97da71717ea919b4394300883ee801aaf53d2ffcbf6417a222f0e2165a99
04_processed_trajectories_and_features/data/processed/bellevue_150th_eastgate/features.parquet,26800334,3d0a8712378a5f6c35302ff2732cafdbf6cd22b72664cdde9e3b280ee567540e
04_processed_trajectories_and_features/data/processed/bellevue_150th_eastgate/features_profile.json,1271,83483fb4861dede5fa5f993ad7c87177fe6de7d73e925e5fff12d8046f2bfe73
04_processed_trajectories_and_features/data/processed/bellevue_150th_eastgate/features_profile.md,916,ded49fb035563b8da2c8dbc242d45cfb0cdbb5471e1bae84cf4dc013b85aac05
04_processed_trajectories_and_features/data/processed/bellevue_150th_eastgate/features_profile_histograms.png,71798,21a805dcbae5281e4a2d3354831a24e7e7dd8b10dd41477c6595be15a36a5bef
04_processed_trajectories_and_features/data/processed/bellevue_150th_eastgate/features_trimmed.parquet,14255007,5749a327ee0f01ec300a890131188e637950b4f28c2096712f42388dec3f900a
04_processed_trajectories_and_features/data/processed/bellevue_150th_eastgate/optics_optimization_results.csv,8064,251ebbddb5de7a1b2bf5b9e438203fb190d119c57b7c8c554d7bf81564c070f9
04_processed_trajectories_and_features/data/processed/bellevue_150th_eastgate/optics_optimization_results.partial.csv,8064,1fd68f8d474d619805fd490230033c5ed4e783d67264676173bec4a16f4b1738
04_processed_trajectories_and_features/data/processed/bellevue_150th_eastgate/trajectories.parquet,1551062886,NOT_COMPUTED_LARGE_FILE_GT_268435456_BYTES
04_processed_trajectories_and_features/data/processed/bellevue_150th_eastgate/trajectories_before_after.png,1687022,815d52a71268efdfeb325dc283bac2a36435d5190d946aec61d8729fbdc4279f
04_processed_trajectories_and_features/data/processed/bellevue_150th_eastgate/calibration/topview_homography_v1/calibration_preview.png,3120478,90fb7419df824e58ec9081a8feac139cfc9b01aa0d7fa7526b99bec02c6deeb8
04_processed_trajectories_and_features/data/processed/bellevue_150th_eastgate/calibration/topview_homography_v1/camera_frame.png,1338900,2372972099490fc00db8f002c577be377c6e44b6a3f675d344f3088b5228f086
04_processed_trajectories_and_features/data/processed/bellevue_150th_eastgate/calibration/topview_homography_v1/topview_homography.json,4460,d1a97cffd189284a1858b25df165075221a3a5d8e5e52569c3752223cbecb9ae
04_processed_trajectories_and_features/data/processed/bellevue_150th_eastgate/calibration/topview_homography_v1/warped_camera.png,859924,4211afb0f4516c30bcfd7e1ee348d2b85799fffe3f9178494d3fefaa7864a7fa
04_processed_trajectories_and_features/data/processed/bellevue_150th_eastgate/experiments/eastgate_audit_v1/audit_input_filtered.parquet,4648084,70a72c4a4083639b5783706c713da45e47187a7d43ead3c55403613e2dad3322
04_processed_trajectories_and_features/data/processed/bellevue_150th_eastgate/experiments/eastgate_audit_v1/audit_manifest.json,6221,455d70ffa4fe6d19c7f24bd08ae784bb1e6c8af57b30846da7b5efba58552581
04_processed_trajectories_and_features/data/processed/bellevue_150th_eastgate/experiments/eastgate_audit_v1/audit_runs.csv,109017,d8782055aed2456e573b5f1a15fa91eaea3c108ea4415eb559f708100625d567
04_processed_trajectories_and_features/data/processed/bellevue_150th_eastgate/experiments/eastgate_audit_v1/audit_runs.parquet,42426,922fe19c25dfbf037a91ef9d0410f0964a992eb5a77a6dc7bf6c91e8ad94222f
04_processed_trajectories_and_features/data/processed/bellevue_150th_eastgate/experiments/eastgate_audit_v1/best_runs.csv,5785,55565e1d4c7ad8191240205dc516fb1a0dffcfed81490672e6d24f210858670e
04_processed_trajectories_and_features/data/processed/bellevue_150th_eastgate/experiments/eastgate_audit_v1/best_runs.parquet,26137,171c5f0a74caf0fe067b4d7091d8b2d902305b92428814e3bb319f9b6d69b027
04_processed_trajectories_and_features/data/processed/bellevue_150th_eastgate/experiments/eastgate_audit_v1/eastgate_audit_v1.md,4422,e1a61a0c4819feac809f1eb15aae3e3132bc5e1f059e8a8bcc3d272501a7f9f0
04_processed_trajectories_and_features/data/processed/bellevue_150th_eastgate/experiments/eastgate_audit_v1/recommended_by_method.csv,2267,d43254db9413b88e90e897bbc0bb0b82aeee04935255fef9743c32b9b2972eff
04_processed_trajectories_and_features/data/processed/bellevue_150th_eastgate/experiments/eastgate_audit_v1/run_stderr.log,0,e3b0c44298fc1c149afbf4c8996fb92427ae41e4649b934ca495991b7852b855
04_processed_trajectories_and_features/data/processed/bellevue_150th_eastgate/experiments/eastgate_audit_v1/run_stdout.log,14297,e8194945cef7804aeeb33990d657df6e4f46ee9c6d6efb64a618e817fe2f8aee
04_processed_trajectories_and_features/data/processed/bellevue_150th_eastgate/experiments/eastgate_audit_v1/best_run_visualizations/normalization_isotropic/hdbscan_clusters_montage.png,3575632,6e1f8ff2f723d39b4ff2a8f4dc5bf60b82e6b6fa49c5b5de39e62ca739e9a9d2
04_processed_trajectories_and_features/data/processed/bellevue_150th_eastgate/experiments/eastgate_audit_v1/best_run_visualizations/normalization_isotropic/hdbscan_clusters_overlay.png,3147817,026e1308096b6c812886c79a6a9b575b568baf32a2e3720a046cc0af28a26251
04_processed_trajectories_and_features/data/processed/bellevue_150th_eastgate/experiments/eastgate_audit_v1/best_run_visualizations/normalization_isotropic/kmeans_clusters_montage.png,2577580,ae5d3d95d69be0a51d3eb6249e6f2c3b2612047edee5d86810e1b67d0a157f8a
04_processed_trajectories_and_features/data/processed/bellevue_150th_eastgate/experiments/eastgate_audit_v1/best_run_visualizations/normalization_isotropic/kmeans_clusters_overlay.png,3150052,72497a401e8ecc1c199f70cfecd40fa379122f0fd2e07384274180c120427bde
04_processed_trajectories_and_features/data/processed/bellevue_150th_eastgate/experiments/eastgate_audit_v1/best_run_visualizations/normalization_isotropic/optics_clusters_montage.png,3068126,7aa35530b42ad103fa30e130b00a4820fda3bcd4366223bbcf2ee2ed7bdf8b6a
04_processed_trajectories_and_features/data/processed/bellevue_150th_eastgate/experiments/eastgate_audit_v1/best_run_visualizations/normalization_isotropic/optics_clusters_overlay.png,3061141,60550d90fa633ed7460130f68e33236dd39033a35a996c9c8db1f5103c1663e3
04_processed_trajectories_and_features/data/processed/bellevue_150th_eastgate/experiments/eastgate_audit_v1/best_run_visualizations/normalization_none/hdbscan_clusters_montage.png,3575632,6e1f8ff2f723d39b4ff2a8f4dc5bf60b82e6b6fa49c5b5de39e62ca739e9a9d2
04_processed_trajectories_and_features/data/processed/bellevue_150th_eastgate/experiments/eastgate_audit_v1/best_run_visualizations/normalization_none/hdbscan_clusters_overlay.png,3147230,b593f3536b12750f325249ac3aa5859af668b18489f2fa3aa748d232ee2224ea
04_processed_trajectories_and_features/data/processed/bellevue_150th_eastgate/experiments/eastgate_audit_v1/best_run_visualizations/normalization_none/kmeans_clusters_montage.png,2577580,ae5d3d95d69be0a51d3eb6249e6f2c3b2612047edee5d86810e1b67d0a157f8a
04_processed_trajectories_and_features/data/processed/bellevue_150th_eastgate/experiments/eastgate_audit_v1/best_run_visualizations/normalization_none/kmeans_clusters_overlay.png,3149513,6c158592dfbe87a0290e26fdcd2839a6c9638cedefdf1b48d5a3d9d2386563da
04_processed_trajectories_and_features/data/processed/bellevue_150th_eastgate/experiments/eastgate_audit_v1/best_run_visualizations/normalization_none/optics_clusters_montage.png,3068126,7aa35530b42ad103fa30e130b00a4820fda3bcd4366223bbcf2ee2ed7bdf8b6a
04_processed_trajectories_and_features/data/processed/bellevue_150th_eastgate/experiments/eastgate_audit_v1/best_run_visualizations/normalization_none/optics_clusters_overlay.png,3060520,b507552598c6cdabb153bd2e051f1be0fc061f3f8d0aecd61093565b748b9ffe
04_processed_trajectories_and_features/data/processed/bellevue_150th_eastgate/experiments/eastgate_audit_v1/best_run_visualizations/normalization_standard/hdbscan_clusters_montage.png,3578265,e375e73c4b772d1b7da126c06dcefbf0702eca541cc95cc57db691b549d3617d
04_processed_trajectories_and_features/data/processed/bellevue_150th_eastgate/experiments/eastgate_audit_v1/best_run_visualizations/normalization_standard/hdbscan_clusters_overlay.png,3137030,792d39fc484bd32f666ae0be1edcb7ce2da5f109db64129902fa8226d5de2d21
04_processed_trajectories_and_features/data/processed/bellevue_150th_eastgate/experiments/eastgate_audit_v1/best_run_visualizations/normalization_standard/kmeans_clusters_montage.png,2565886,d337465db511a21ab4c01bc617a9733dcc3882eddf348f66c9563b55b969893a
04_processed_trajectories_and_features/data/processed/bellevue_150th_eastgate/experiments/eastgate_audit_v1/best_run_visualizations/normalization_standard/kmeans_clusters_overlay.png,3133408,06ae45a8e39fef36638e294574aa75eebd1e30d25c10d46da76f300b460206c0
04_processed_trajectories_and_features/data/processed/bellevue_150th_eastgate/experiments/eastgate_audit_v1/best_run_visualizations/normalization_standard/optics_clusters_montage.png,2795196,a485fa4c22c874114647a2d6c1ccd37edbbe8330e6e59daec3f4d46aa529d076
04_processed_trajectories_and_features/data/processed/bellevue_150th_eastgate/experiments/eastgate_audit_v1/best_run_visualizations/normalization_standard/optics_clusters_overlay.png,3046466,4669d51642648a8b0a584ce8ce08fcbbe28b8e5c6e23c21d8fe6288dba07c74a
04_processed_trajectories_and_features/data/processed/bellevue_150th_eastgate/experiments/eastgate_audit_v1/normalization_isotropic/methods_summary.csv,2360,d57c5be618726c74dbd7e5b57bcbcc6cfd03e630598ee1422831922b6fc17d27
04_processed_trajectories_and_features/data/processed/bellevue_150th_eastgate/experiments/eastgate_audit_v1/normalization_isotropic/stats_hdbscan.json,1391,0e92b7c959afc545d52f5716326b918edef7541f2cb1cf9e943770d79ce91277
04_processed_trajectories_and_features/data/processed/bellevue_150th_eastgate/experiments/eastgate_audit_v1/normalization_isotropic/stats_kmeans.json,1320,b662cc6e3a8638f37f39970bcc26a32ce441fab631b7dbd2f2060077980cd030
04_processed_trajectories_and_features/data/processed/bellevue_150th_eastgate/experiments/eastgate_audit_v1/normalization_isotropic/stats_optics.json,1336,8b4cf5d1e76d9225840ef89a236fcd7019944c368efef399a3f0c03638f0915d
04_processed_trajectories_and_features/data/processed/bellevue_150th_eastgate/experiments/eastgate_audit_v1/normalization_isotropic/visualizations/hdbscan_clusters_montage.png,3294039,7b334737e06bf993aeaa4f3ecb7f39ceb9300e444654ccb4d98c05658eb8e8bb
04_processed_trajectories_and_features/data/processed/bellevue_150th_eastgate/experiments/eastgate_audit_v1/normalization_isotropic/visualizations/hdbscan_clusters_overlay.png,2215278,8ff9964ad92f7f9095b1bd37978b79ea5c4316f28deff2b1ee4fbd2952a991e1
04_processed_trajectories_and_features/data/processed/bellevue_150th_eastgate/experiments/eastgate_audit_v1/normalization_isotropic/visualizations/kmeans_clusters_montage.png,2242675,9a6bb7c015906320600a9e8588eeac3ef8611cd16b12a0fcba0edf63e455db31
04_processed_trajectories_and_features/data/processed/bellevue_150th_eastgate/experiments/eastgate_audit_v1/normalization_isotropic/visualizations/kmeans_clusters_overlay.png,2236978,fae879a5fe420439d5292e9ec255e806511689dd8cc85aa882ce45aa2ff1c13c
04_processed_trajectories_and_features/data/processed/bellevue_150th_eastgate/experiments/eastgate_audit_v1/normalization_isotropic/visualizations/optics_clusters_montage.png,2693178,8bc996c8b4edc9eab38473cb08224f93bdc169aeaea3b01eeef261d1c99b44b4
04_processed_trajectories_and_features/data/processed/bellevue_150th_eastgate/experiments/eastgate_audit_v1/normalization_isotropic/visualizations/optics_clusters_overlay.png,2223876,01a031aec871e3b9b912184aa8045c2dbac230d34f2d339b20da033b2343ab10
04_processed_trajectories_and_features/data/processed/bellevue_150th_eastgate/experiments/eastgate_audit_v1/normalization_none/methods_summary.csv,2255,018250c3dbb306146a5af1acb21e01c6c2656c58b8b3b80b99874fade7fdaba2
04_processed_trajectories_and_features/data/processed/bellevue_150th_eastgate/experiments/eastgate_audit_v1/normalization_none/stats_hdbscan.json,1355,56f9fb3f5c2be435de571d542ffaa2d8b9954b006f0170a9b8f090eac1fdab0e
04_processed_trajectories_and_features/data/processed/bellevue_150th_eastgate/experiments/eastgate_audit_v1/normalization_none/stats_kmeans.json,1283,5c8481bcb8898b4c1c25abd96dbbce3f6e3ca5c3f0c937fd5138d4266134c09f
04_processed_trajectories_and_features/data/processed/bellevue_150th_eastgate/experiments/eastgate_audit_v1/normalization_none/stats_optics.json,1304,f62ef442c08bb0639030bee7ec5d8cbf78cfbf239f58b05e1b7d0da8f4afe600
04_processed_trajectories_and_features/data/processed/bellevue_150th_eastgate/experiments/eastgate_audit_v1/normalization_none/visualizations/hdbscan_clusters_montage.png,3294039,7b334737e06bf993aeaa4f3ecb7f39ceb9300e444654ccb4d98c05658eb8e8bb
04_processed_trajectories_and_features/data/processed/bellevue_150th_eastgate/experiments/eastgate_audit_v1/normalization_none/visualizations/hdbscan_clusters_overlay.png,2215278,8ff9964ad92f7f9095b1bd37978b79ea5c4316f28deff2b1ee4fbd2952a991e1
04_processed_trajectories_and_features/data/processed/bellevue_150th_eastgate/experiments/eastgate_audit_v1/normalization_none/visualizations/kmeans_clusters_montage.png,2242675,9a6bb7c015906320600a9e8588eeac3ef8611cd16b12a0fcba0edf63e455db31
04_processed_trajectories_and_features/data/processed/bellevue_150th_eastgate/experiments/eastgate_audit_v1/normalization_none/visualizations/kmeans_clusters_overlay.png,2236978,fae879a5fe420439d5292e9ec255e806511689dd8cc85aa882ce45aa2ff1c13c
04_processed_trajectories_and_features/data/processed/bellevue_150th_eastgate/experiments/eastgate_audit_v1/normalization_none/visualizations/optics_clusters_montage.png,2693178,8bc996c8b4edc9eab38473cb08224f93bdc169aeaea3b01eeef261d1c99b44b4
04_processed_trajectories_and_features/data/processed/bellevue_150th_eastgate/experiments/eastgate_audit_v1/normalization_none/visualizations/optics_clusters_overlay.png,2223876,01a031aec871e3b9b912184aa8045c2dbac230d34f2d339b20da033b2343ab10
04_processed_trajectories_and_features/data/processed/bellevue_150th_eastgate/experiments/eastgate_audit_v1/normalization_standard/methods_summary.csv,2300,b332ced739ce8577cc6273e2dc081016fbd6e25652127cef6ec81e4fa5f3e6df
04_processed_trajectories_and_features/data/processed/bellevue_150th_eastgate/experiments/eastgate_audit_v1/normalization_standard/stats_hdbscan.json,1371,4fc5dffd8abe16578b5df42229c68d68c73de15d9b099ce50ba789ecd1e976b1
04_processed_trajectories_and_features/data/processed/bellevue_150th_eastgate/experiments/eastgate_audit_v1/normalization_standard/stats_kmeans.json,1300,a2db1add87dc78f48ccc8ffd5d1b81b7ab7601be6f2eab9f4372e88741b86d35
04_processed_trajectories_and_features/data/processed/bellevue_150th_eastgate/experiments/eastgate_audit_v1/normalization_standard/stats_optics.json,1316,baaa604406c6a80f9102612c10ca9a89d2a78e129063a5109d744a39a7e2a916
04_processed_trajectories_and_features/data/processed/bellevue_150th_eastgate/experiments/eastgate_audit_v1/normalization_standard/visualizations/hdbscan_clusters_montage.png,3299378,5226cda6c2964b33c4f580315460630f0bfc0cf0a7499cab613d579f8127cdaa
04_processed_trajectories_and_features/data/processed/bellevue_150th_eastgate/experiments/eastgate_audit_v1/normalization_standard/visualizations/hdbscan_clusters_overlay.png,2208270,875e94649dc1d6aeaa94cf0e2368cbbd7a40f8766ee33730720745b716fa08b6
04_processed_trajectories_and_features/data/processed/bellevue_150th_eastgate/experiments/eastgate_audit_v1/normalization_standard/visualizations/kmeans_clusters_montage.png,2222710,40f90c2d49c64d1b29f093e073b35025d7e69fa9fbc68d22a9e414585739f973
04_processed_trajectories_and_features/data/processed/bellevue_150th_eastgate/experiments/eastgate_audit_v1/normalization_standard/visualizations/kmeans_clusters_overlay.png,2229005,6274bb62ffc4fadf6ddf2cedbe5e8c044ddd3ec799cccf99ff29a52d81ab65dc
04_processed_trajectories_and_features/data/processed/bellevue_150th_eastgate/experiments/eastgate_audit_v1/normalization_standard/visualizations/optics_clusters_montage.png,2592470,d26de666ba5e9134dee3c2380a49016d3347cfaa130b4b6a1609ff44fe8325de
04_processed_trajectories_and_features/data/processed/bellevue_150th_eastgate/experiments/eastgate_audit_v1/normalization_standard/visualizations/optics_clusters_overlay.png,2220877,c53ec926249a88238b710e16d08c02f58f303a2b9f799800bdef0ea289c70dc7
04_processed_trajectories_and_features/data/processed/bellevue_150th_eastgate/experiments/eastgate_audit_v1/prepared_inputs/features_isotropic.parquet,1635662,7e26c08a56cbe9511b02fe03dffbc5cafb56b35887d3d8e34f6c40e700d1e24e
04_processed_trajectories_and_features/data/processed/bellevue_150th_eastgate/experiments/eastgate_audit_v1/prepared_inputs/features_none.parquet,1631144,d52477e3d5527b2871932a5f64545904de3208790a42503a00c40dd24c32eef7
04_processed_trajectories_and_features/data/processed/bellevue_150th_eastgate/experiments/eastgate_audit_v1/prepared_inputs/features_standard.parquet,1635662,f470d26d937cf907301cbcc5d3c1128eb6b686517ca20faae5ee79bd43ea50aa
04_processed_trajectories_and_features/data/processed/bellevue_150th_eastgate/experiments/eastgate_edge_touch_trim_v1/edge_touch_bottom_center_before_after.png,1693429,bcc5e0ff26bc32469de054bb70bab4b8965f4f9002131427ae42bc3bed9da79e
04_processed_trajectories_and_features/data/processed/bellevue_150th_eastgate/experiments/eastgate_edge_touch_trim_v1/edge_touch_trim_audit.json,1520,c8eaf0a350847d1761f3b7e255443df4dbe965d726eacd0728cf04b47314bbd9
04_processed_trajectories_and_features/data/processed/bellevue_150th_eastgate/experiments/eastgate_edge_touch_trim_v1/edge_touch_trim_control_summary.md,718,5a18aa91daf40bc3b1ddb1e15305efc82c1a71f8fb47948819bed19ce34078a8
04_processed_trajectories_and_features/data/processed/bellevue_150th_eastgate/experiments/eastgate_edge_touch_trim_v1/edge_touch_trim_stats.parquet,1818402,1e5341d0ebcb4ee4564de66039162ab0e7b5716e3c52617d58ecaf281c53b1c1
04_processed_trajectories_and_features/data/processed/bellevue_150th_eastgate/experiments/eastgate_edge_touch_trim_v1/features.parquet,26671735,62d2715ac6af60679f81e21b62e381ace1cdf70ed62397d27d7261e9a61437c1
04_processed_trajectories_and_features/data/processed/bellevue_150th_eastgate/experiments/eastgate_edge_touch_trim_v1/trajectories.parquet,1544113500,NOT_COMPUTED_LARGE_FILE_GT_268435456_BYTES
04_processed_trajectories_and_features/data/processed/bellevue_150th_eastgate/experiments/eastgate_edge_touch_trim_v1/trajectories_audit.json,712,c62fba063fe564e09f8cdefbea12c665fcb93da4430314eaad432536861b489e
04_processed_trajectories_and_features/data/processed/bellevue_150th_eastgate/experiments/eastgate_edge_touch_trim_v1/trajectories_before_after.png,1680506,2bc810efa97b123cf149682aa1cfce8a9427950fd4a3fbb6b2e81a1816c84c4c
04_processed_trajectories_and_features/data/processed/bellevue_150th_eastgate/experiments/eastgate_edge_touch_trim_v1/trajectories_filtered_filled.parquet,1536493832,NOT_COMPUTED_LARGE_FILE_GT_268435456_BYTES
04_processed_trajectories_and_features/data/processed/bellevue_150th_eastgate/experiments/eastgate_edge_touch_trim_v1/trajectories_filtered_filled_audit.json,844,ce29747255bda75fe30baaaf8582153a9c099d2602a1a6ee09a70ebf8d95328c
04_processed_trajectories_and_features/data/processed/bellevue_150th_eastgate/experiments/eastgate_edge_touch_trim_v1/camera_space_filter/prewarp_displacement_filter_manifest.json,1553,cf75364636732d4d5e95bb26255e6d332a113d3fac322098c367f7c94e5064be
04_processed_trajectories_and_features/data/processed/bellevue_150th_eastgate/experiments/eastgate_edge_touch_trim_v1/camera_space_filter/trajectories_filtered_filled.parquet,930185023,NOT_COMPUTED_LARGE_FILE_GT_268435456_BYTES
04_processed_trajectories_and_features/data/processed/bellevue_150th_eastgate/experiments/eastgate_edge_touch_trim_v1/feature_layers/features_core_raw.parquet,17050113,d7fe6a90fa8666dd907909df0d9486a3da2e014960148e5645b6d570fb75fd94
04_processed_trajectories_and_features/data/processed/bellevue_150th_eastgate/experiments/eastgate_edge_touch_trim_v1/feature_layers/features_scene_norm.parquet,5521525,44008f929cc83338e5e0479fc0cb3e2d470d7c84c4514875c8194101dfdbb959
04_processed_trajectories_and_features/data/processed/bellevue_150th_eastgate/experiments/eastgate_edge_touch_trim_v1/feature_layers/features_vector_revers.parquet,5304609,c00bcf6ddd78716d45f41e9f03e05855974e6f869a19275b31b7850dcff82719
04_processed_trajectories_and_features/data/processed/bellevue_150th_eastgate/experiments/eastgate_edge_touch_trim_v1/feature_layers/features_vector_revers_manifest.json,288,3e4fb828233f1d193ae5896ea061bb2854dab683ce07ee96689ad54a8c25d586
04_processed_trajectories_and_features/data/processed/bellevue_150th_eastgate/experiments/eastgate_edge_touch_trim_v1/feature_layers/feature_layers_manifest.json,2239,9dcf8cbb3e3e702b1f2dbce44b7fc1bce16fc8ca8d559c9d6bdb88d4bc2e84f6
04_processed_trajectories_and_features/data/processed/bellevue_150th_eastgate/experiments/eastgate_edge_touch_trim_v1/topview/audit_run_stderr.log,0,e3b0c44298fc1c149afbf4c8996fb92427ae41e4649b934ca495991b7852b855
04_processed_trajectories_and_features/data/processed/bellevue_150th_eastgate/experiments/eastgate_edge_touch_trim_v1/topview/audit_run_stdout.log,14458,6cc7f80f1e1b0b63f01b45b8ea179cc5c8a7ef46e55799f030b2561efab5400e
04_processed_trajectories_and_features/data/processed/bellevue_150th_eastgate/experiments/eastgate_edge_touch_trim_v1/topview/features.parquet,9644883,fcb3fe8fd9f60be0750c4047c130669a51b8459ec58b5b89ed12bfcfa48d2838
04_processed_trajectories_and_features/data/processed/bellevue_150th_eastgate/experiments/eastgate_edge_touch_trim_v1/topview/topview_transform_manifest.json,1181,d882896d63b268ba39837b11f6a305de8b3cb151212ad0a4abf008de5b761628
04_processed_trajectories_and_features/data/processed/bellevue_150th_eastgate/experiments/eastgate_edge_touch_trim_v1/topview/trajectories_filtered_filled.parquet,942551471,NOT_COMPUTED_LARGE_FILE_GT_268435456_BYTES
04_processed_trajectories_and_features/data/processed/bellevue_150th_eastgate/experiments/eastgate_edge_touch_trim_v1/topview/audit/audit_input_filtered.parquet,4636259,d140abd3b588944db022b4d4e0fc7fbefaa99abd16b7990c3a82a6f9774b9d7e
04_processed_trajectories_and_features/data/processed/bellevue_150th_eastgate/experiments/eastgate_edge_touch_trim_v1/topview/audit/audit_manifest.json,6568,5d49997b3bd1d63605dd5ec1ad8ca886bbf33cbde3fd5bb6e104b02a0bc9efbb
04_processed_trajectories_and_features/data/processed/bellevue_150th_eastgate/experiments/eastgate_edge_touch_trim_v1/topview/audit/audit_runs.csv,117991,5511ec8719126d031e36dbab13df642aaf6eaebeefca191241659f4206b22100
04_processed_trajectories_and_features/data/processed/bellevue_150th_eastgate/experiments/eastgate_edge_touch_trim_v1/topview/audit/audit_runs.parquet,42931,3e9cf23077860294a2ed0473fc064b245d8f3ca66a00fcb5221dd6a714542f12
04_processed_trajectories_and_features/data/processed/bellevue_150th_eastgate/experiments/eastgate_edge_touch_trim_v1/topview/audit/best_runs.csv,6229,dcae8c1a1170c700b81765304599a9e65043f2c4d8b8717468b1fa53c0654009
04_processed_trajectories_and_features/data/processed/bellevue_150th_eastgate/experiments/eastgate_edge_touch_trim_v1/topview/audit/best_runs.parquet,26403,0d17f0f1ffbacd723115b49f21bbba51d4a407979ba7b8d03af0a111de0aff98
04_processed_trajectories_and_features/data/processed/bellevue_150th_eastgate/experiments/eastgate_edge_touch_trim_v1/topview/audit/eastgate_edge_touch_trim_topview_control_v1.md,4616,a083adf587de0cd422080a95f2b84c72976e4f6fa8aa1b84ac1986046a4ef1e2
04_processed_trajectories_and_features/data/processed/bellevue_150th_eastgate/experiments/eastgate_edge_touch_trim_v1/topview/audit/recommended_by_method.csv,2448,78c5f0754205647d0024531b48159d76265969fe5e88792690e9079728d783a8
04_processed_trajectories_and_features/data/processed/bellevue_150th_eastgate/experiments/eastgate_edge_touch_trim_v1/topview/audit/best_run_visualizations/normalization_isotropic/hdbscan_clusters_montage.png,3205698,bc0e2b18bf13761119f5c62356a1d0ecf3d9e1579b1ae2114419f85016cb2f2b
04_processed_trajectories_and_features/data/processed/bellevue_150th_eastgate/experiments/eastgate_edge_touch_trim_v1/topview/audit/best_run_visualizations/normalization_isotropic/hdbscan_clusters_overlay_pair.png,2906363,f54aca8d07eeb42757bc6258183ab7e21e12f9c232f9df9c1c91499fa958e2f8
04_processed_trajectories_and_features/data/processed/bellevue_150th_eastgate/experiments/eastgate_edge_touch_trim_v1/topview/audit/best_run_visualizations/normalization_isotropic/kmeans_clusters_montage.png,2435042,43f19626fdd317327cd8dc59cbeb7e9fa4b7779b57230024cd4fae29306973cf
04_processed_trajectories_and_features/data/processed/bellevue_150th_eastgate/experiments/eastgate_edge_touch_trim_v1/topview/audit/best_run_visualizations/normalization_isotropic/kmeans_clusters_overlay_pair.png,2910288,3400b9b3090abda116b988f5a230764ff264a7920b2dd1829ac7af1f9ceaf86a
04_processed_trajectories_and_features/data/processed/bellevue_150th_eastgate/experiments/eastgate_edge_touch_trim_v1/topview/audit/best_run_visualizations/normalization_isotropic/optics_clusters_montage.png,3167079,d53f500c88f6b81b7aee61331bc8463715fce9d8bbe4e5b5d370c8c130103f2c
04_processed_trajectories_and_features/data/processed/bellevue_150th_eastgate/experiments/eastgate_edge_touch_trim_v1/topview/audit/best_run_visualizations/normalization_isotropic/optics_clusters_overlay_pair.png,2877138,9da23dfe8f64eb5ea1f7ee7e871cb75bb4cddc0065aed3f2c71736b7b36bdd71
04_processed_trajectories_and_features/data/processed/bellevue_150th_eastgate/experiments/eastgate_edge_touch_trim_v1/topview/audit/best_run_visualizations/normalization_none/hdbscan_clusters_montage.png,3205698,bc0e2b18bf13761119f5c62356a1d0ecf3d9e1579b1ae2114419f85016cb2f2b
04_processed_trajectories_and_features/data/processed/bellevue_150th_eastgate/experiments/eastgate_edge_touch_trim_v1/topview/audit/best_run_visualizations/normalization_none/hdbscan_clusters_overlay_pair.png,2905559,81b4c271b28ddbdc640b55a25d24c214b30a9efc029736b1a96948b25edf00b1
04_processed_trajectories_and_features/data/processed/bellevue_150th_eastgate/experiments/eastgate_edge_touch_trim_v1/topview/audit/best_run_visualizations/normalization_none/kmeans_clusters_montage.png,2435042,43f19626fdd317327cd8dc59cbeb7e9fa4b7779b57230024cd4fae29306973cf
04_processed_trajectories_and_features/data/processed/bellevue_150th_eastgate/experiments/eastgate_edge_touch_trim_v1/topview/audit/best_run_visualizations/normalization_none/kmeans_clusters_overlay_pair.png,2909365,c27b813b2257eccf0692696ce5f887f459d60255a9e73ea884a1043960bd6224
04_processed_trajectories_and_features/data/processed/bellevue_150th_eastgate/experiments/eastgate_edge_touch_trim_v1/topview/audit/best_run_visualizations/normalization_none/optics_clusters_montage.png,3167079,d53f500c88f6b81b7aee61331bc8463715fce9d8bbe4e5b5d370c8c130103f2c
04_processed_trajectories_and_features/data/processed/bellevue_150th_eastgate/experiments/eastgate_edge_touch_trim_v1/topview/audit/best_run_visualizations/normalization_none/optics_clusters_overlay_pair.png,2876235,3b28f1c1bbef4d17da3f39d76fce16ff4917b491aae9edc06b4873b66c8de87e
04_processed_trajectories_and_features/data/processed/bellevue_150th_eastgate/experiments/eastgate_edge_touch_trim_v1/topview/audit/best_run_visualizations/normalization_standard/hdbscan_clusters_montage.png,3182510,3c219f65f7de4e73ee7c0d1129bd08fdc3a4fae5116af54205be7c3203c98c5b
04_processed_trajectories_and_features/data/processed/bellevue_150th_eastgate/experiments/eastgate_edge_touch_trim_v1/topview/audit/best_run_visualizations/normalization_standard/hdbscan_clusters_overlay_pair.png,2901549,c60076cc55827163f206855fc4d67ef83f70f1b038cfd24b05200fa9806e806b
04_processed_trajectories_and_features/data/processed/bellevue_150th_eastgate/experiments/eastgate_edge_touch_trim_v1/topview/audit/best_run_visualizations/normalization_standard/kmeans_clusters_montage.png,2435303,8cdc92b29c0dada0e78d86b54c5e6e9af7ed73c7c92b9e67b9ccc2291ecbd9fc
04_processed_trajectories_and_features/data/processed/bellevue_150th_eastgate/experiments/eastgate_edge_touch_trim_v1/topview/audit/best_run_visualizations/normalization_standard/kmeans_clusters_overlay_pair.png,2913841,7598b39ecf9d1ea1bf60e90714bb6bb21a758256050634bcde712fd86a902756
04_processed_trajectories_and_features/data/processed/bellevue_150th_eastgate/experiments/eastgate_edge_touch_trim_v1/topview/audit/best_run_visualizations/normalization_standard/optics_clusters_montage.png,3147743,7682e8a4f365fc2e739d59ddb8ba77927fa5d2e4e830b5b6c89dd766a9e07181
04_processed_trajectories_and_features/data/processed/bellevue_150th_eastgate/experiments/eastgate_edge_touch_trim_v1/topview/audit/best_run_visualizations/normalization_standard/optics_clusters_overlay_pair.png,2874285,b911318e7583600b696e10670f8077d735038ea0542574607b536494eefbd41b
04_processed_trajectories_and_features/data/processed/bellevue_150th_eastgate/experiments/eastgate_edge_touch_trim_v1/topview/audit/normalization_isotropic/methods_summary.csv,2510,302fb92ca29f39a65eb777a1d67f8757a5cb8637b52ef4470a39229851f49984
04_processed_trajectories_and_features/data/processed/bellevue_150th_eastgate/experiments/eastgate_edge_touch_trim_v1/topview/audit/normalization_isotropic/stats_hdbscan.json,1450,848cbebbd5de0adc4b5c4ac9aae4fb55925c06ee69d0d4923a81f12486ce0651
04_processed_trajectories_and_features/data/processed/bellevue_150th_eastgate/experiments/eastgate_edge_touch_trim_v1/topview/audit/normalization_isotropic/stats_kmeans.json,1368,481d4a022e5a52a7ba05e703962c1f38b95d35d7b5d9d1c0a671b34770bdb49f
04_processed_trajectories_and_features/data/processed/bellevue_150th_eastgate/experiments/eastgate_edge_touch_trim_v1/topview/audit/normalization_isotropic/stats_optics.json,1388,8e125a3ed95a4fc6b3fbc69f06eb5a8ad16051c29f9b56293103af986695e794
04_processed_trajectories_and_features/data/processed/bellevue_150th_eastgate/experiments/eastgate_edge_touch_trim_v1/topview/audit/normalization_none/methods_summary.csv,2401,e763582ba4b9f6f405a66e3a29c57d252d70b71681aff68dd826ee0be1a74cd9
04_processed_trajectories_and_features/data/processed/bellevue_150th_eastgate/experiments/eastgate_edge_touch_trim_v1/topview/audit/normalization_none/stats_hdbscan.json,1412,9f9e6c55c578936856cf6f69e00c453b299b3c4424f441966601be57a54badfc
04_processed_trajectories_and_features/data/processed/bellevue_150th_eastgate/experiments/eastgate_edge_touch_trim_v1/topview/audit/normalization_none/stats_kmeans.json,1333,fa275e5d7eecbe0d648be18b2107df38da66e0469b0df7d32f8b4b864cce77a8
04_processed_trajectories_and_features/data/processed/bellevue_150th_eastgate/experiments/eastgate_edge_touch_trim_v1/topview/audit/normalization_none/stats_optics.json,1352,75b9a07ee4ef20b6c8ec028a0e86d684989dd1528c4cd225749e93c6795adca7
04_processed_trajectories_and_features/data/processed/bellevue_150th_eastgate/experiments/eastgate_edge_touch_trim_v1/topview/audit/normalization_standard/methods_summary.csv,2448,78c5f0754205647d0024531b48159d76265969fe5e88792690e9079728d783a8
04_processed_trajectories_and_features/data/processed/bellevue_150th_eastgate/experiments/eastgate_edge_touch_trim_v1/topview/audit/normalization_standard/stats_hdbscan.json,1430,47381842a61ee447adf9c045be218de9116735ef9eb667f9a78e119bf008458b
04_processed_trajectories_and_features/data/processed/bellevue_150th_eastgate/experiments/eastgate_edge_touch_trim_v1/topview/audit/normalization_standard/stats_kmeans.json,1347,9ba659c8cd9a6dd815d4957974137ff488435f10e2d0a3a51bd70794ad4698e6
04_processed_trajectories_and_features/data/processed/bellevue_150th_eastgate/experiments/eastgate_edge_touch_trim_v1/topview/audit/normalization_standard/stats_optics.json,1367,daa6c66a5e877590feb0576206af1b86904d9a93c809ca7b625d32567a9c500d
04_processed_trajectories_and_features/data/processed/bellevue_150th_eastgate/experiments/eastgate_edge_touch_trim_v1/topview/audit/prepared_inputs/features_isotropic.parquet,1631859,4b1785ea40110fa26ed4f2b27db3e5ec8f03f195fcd5b459e622fd7f7d9a3d19
04_processed_trajectories_and_features/data/processed/bellevue_150th_eastgate/experiments/eastgate_edge_touch_trim_v1/topview/audit/prepared_inputs/features_none.parquet,1631731,3eacdb340eb439c72d013aff5e1e8d0a60a69d382592c224d3c484b62955f28e
04_processed_trajectories_and_features/data/processed/bellevue_150th_eastgate/experiments/eastgate_edge_touch_trim_v1/topview/audit/prepared_inputs/features_standard.parquet,1631859,ee23ea767176ce9364ad2013a0e8d7df9c62c58f2ec87a2344253ccb77453ccf
04_processed_trajectories_and_features/data/processed/bellevue_150th_eastgate/experiments/eastgate_edge_touch_trim_v1/topview/calibration/topview_homography.json,4460,d1a97cffd189284a1858b25df165075221a3a5d8e5e52569c3752223cbecb9ae
04_processed_trajectories_and_features/data/processed/bellevue_150th_eastgate/experiments/eastgate_edge_touch_trim_v1/topview/feature_layers/features_core_raw.parquet,6245881,1e7ec82597be50dca72269285f31abe880c71893f3eaf12bb84d57c543567afb
04_processed_trajectories_and_features/data/processed/bellevue_150th_eastgate/experiments/eastgate_edge_touch_trim_v1/topview/feature_layers/features_scene_norm.parquet,1985276,f2f77ecd806ea95d618a304318c5a3988e960201928551362f804e2319a7127d
04_processed_trajectories_and_features/data/processed/bellevue_150th_eastgate/experiments/eastgate_edge_touch_trim_v1/topview/feature_layers/features_vector_revers.parquet,1850826,08b9e3872ac7df1a33ec1c69dd8144ef4102cf3a3898e481a674967496012192
04_processed_trajectories_and_features/data/processed/bellevue_150th_eastgate/experiments/eastgate_edge_touch_trim_v1/topview/feature_layers/features_vector_revers_manifest.json,297,89a799a8124580b6ceb187836801e8de2f842efe21bb718ff2888be815e1110c
04_processed_trajectories_and_features/data/processed/bellevue_150th_eastgate/experiments/eastgate_edge_touch_trim_v1/topview/feature_layers/feature_layers_manifest.json,2294,352cc208b20ee9ab99bab20455cb9a686cd5471d2879cfb8babea4eac992ea77
04_processed_trajectories_and_features/data/processed/bellevue_150th_eastgate/experiments/eastgate_expected13_iso_scaler/eastgate_variant_method_comparison.csv,5408,7d077af797899456acbe95b2e1d8f14ff0bd3d0eec59526e6dde5d88083a1374
04_processed_trajectories_and_features/data/processed/bellevue_150th_eastgate/experiments/eastgate_expected13_iso_scaler/eastgate_variant_method_comparison.md,1229,a430c8be9d2cff8bbb9d0230d7ec9da36cfe58aad70fbd35f9ec35390dd35acb
04_processed_trajectories_and_features/data/processed/bellevue_150th_eastgate/experiments/eastgate_expected13_iso_scaler/eastgate_variant_method_comparison.xlsx,7779,63b6e30472b61114a55c64080039aca782297a226279ee0f95b628de1a43803c
04_processed_trajectories_and_features/data/processed/bellevue_150th_eastgate/experiments/eastgate_expected13_iso_scaler/feature_variants/features_coords_only.parquet,4393001,3536c486a5a6ca337d33b0f2d80c48a902aa5f66a9ca5d78735dc7cb683fe1f6
04_processed_trajectories_and_features/data/processed/bellevue_150th_eastgate/experiments/eastgate_expected13_iso_scaler/feature_variants/features_plus_direction.parquet,4913041,29257996fcf72e51956762edbecf10d9207adec290defd533eba107675d9a798
04_processed_trajectories_and_features/data/processed/bellevue_150th_eastgate/experiments/eastgate_expected13_iso_scaler/feature_variants/features_plus_straightness.parquet,4653019,91c1fd4bf4365fffddf43454a95bf8b70f29316de37865887fb316a2cd59ea9d
04_processed_trajectories_and_features/data/processed/bellevue_150th_eastgate/experiments/eastgate_expected13_iso_scaler/feature_variants/feature_variant_manifest.json,3100,cb7e255d4bc5dec1737eadf1d2fed18f384a0aef1f27cf0d2775254fe28c0689
04_processed_trajectories_and_features/data/processed/bellevue_150th_eastgate/experiments/eastgate_expected13_iso_scaler/method_comparison_variant_coords_only/methods_summary.csv,1409,f31d9f86ce44f7ff575285c179987d6b4b5d61a67cffc2b88f996a778ffd778c
04_processed_trajectories_and_features/data/processed/bellevue_150th_eastgate/experiments/eastgate_expected13_iso_scaler/method_comparison_variant_coords_only/methods_summary.partial.csv,1409,f31d9f86ce44f7ff575285c179987d6b4b5d61a67cffc2b88f996a778ffd778c
04_processed_trajectories_and_features/data/processed/bellevue_150th_eastgate/experiments/eastgate_expected13_iso_scaler/method_comparison_variant_coords_only/stats_birch.json,481,256c4327cbc18649987ccd86cc03533859ec88213e135637c6fc3c148151bad9
04_processed_trajectories_and_features/data/processed/bellevue_150th_eastgate/experiments/eastgate_expected13_iso_scaler/method_comparison_variant_coords_only/stats_dbscan.json,462,61dbc7e0b67f983facd123d8e69e3aa83dfb79fea4a3725de678f3056fe95607
04_processed_trajectories_and_features/data/processed/bellevue_150th_eastgate/experiments/eastgate_expected13_iso_scaler/method_comparison_variant_coords_only/stats_gmm.json,467,26cbc1b7701f7ae46646b30ce74feba30fa9bda1ecfeb35ec04d116dcbede17c
04_processed_trajectories_and_features/data/processed/bellevue_150th_eastgate/experiments/eastgate_expected13_iso_scaler/method_comparison_variant_coords_only/stats_hdbscan.json,501,f8a50176dbc7bbf70afe6c6bb9f7aeac36c5357cad5a7c672d658e97730dfb31
04_processed_trajectories_and_features/data/processed/bellevue_150th_eastgate/experiments/eastgate_expected13_iso_scaler/method_comparison_variant_coords_only/stats_kmeans.json,512,d4f45945fedc2e88b10f156e639a3f1d04c8eae68e3a281753cc08326adcee68
04_processed_trajectories_and_features/data/processed/bellevue_150th_eastgate/experiments/eastgate_expected13_iso_scaler/method_comparison_variant_coords_only/stats_optics.json,490,4a40fe35b656095fa6ca2f28d15dbe4664de9eea3b575aa04fcc76cc5ab4b70a
04_processed_trajectories_and_features/data/processed/bellevue_150th_eastgate/experiments/eastgate_expected13_iso_scaler/method_comparison_variant_coords_only/trials_birch.csv,3579,7b2b5f012697f1b4f90c979fcf0c78d0f8695fe250787c0f118cd607ec2c28b5
04_processed_trajectories_and_features/data/processed/bellevue_150th_eastgate/experiments/eastgate_expected13_iso_scaler/method_comparison_variant_coords_only/trials_birch_coarse.csv,1246,2511cc6330673ba7e275543d8ce14e20309018aa657fb260246c73787bf665d3
04_processed_trajectories_and_features/data/processed/bellevue_150th_eastgate/experiments/eastgate_expected13_iso_scaler/method_comparison_variant_coords_only/trials_birch_fine.csv,2455,42c9fb36875ba18b3ddd6910f440d3c2df326468d1595c663bcb6aa6b9670819
04_processed_trajectories_and_features/data/processed/bellevue_150th_eastgate/experiments/eastgate_expected13_iso_scaler/method_comparison_variant_coords_only/trials_dbscan.csv,3498,36d53668fb1b66502d9dd93f0b31710d7245dd481fba9db0dde21e5be09cd7a6
04_processed_trajectories_and_features/data/processed/bellevue_150th_eastgate/experiments/eastgate_expected13_iso_scaler/method_comparison_variant_coords_only/trials_dbscan_coarse.csv,1188,34705d06ef222ddf71324e4d244c5035db69bdd57796ea6f581453e63be8937f
04_processed_trajectories_and_features/data/processed/bellevue_150th_eastgate/experiments/eastgate_expected13_iso_scaler/method_comparison_variant_coords_only/trials_dbscan_fine.csv,2439,4b981b53b664f8f871d95a7492f2d377c85dd53c34d5ba352a1e59426ff733fe
04_processed_trajectories_and_features/data/processed/bellevue_150th_eastgate/experiments/eastgate_expected13_iso_scaler/method_comparison_variant_coords_only/trials_gmm.csv,1468,b7fd8e904c8d10606af4c6cce66d32a7d59fe1f8c9c2e0cbf86782546d630f75
04_processed_trajectories_and_features/data/processed/bellevue_150th_eastgate/experiments/eastgate_expected13_iso_scaler/method_comparison_variant_coords_only/trials_gmm_coarse.csv,857,a8b94f1098ff048a607b7ffb45d8b818f638157083ba2e38f28ed0f9ea53a2f2
04_processed_trajectories_and_features/data/processed/bellevue_150th_eastgate/experiments/eastgate_expected13_iso_scaler/method_comparison_variant_coords_only/trials_gmm_fine.csv,733,67e12eb735e5cae42dced3a0668e1d0bb9bdcab235e4f1e377a7cce0e0eb99a3
04_processed_trajectories_and_features/data/processed/bellevue_150th_eastgate/experiments/eastgate_expected13_iso_scaler/method_comparison_variant_coords_only/trials_hdbscan.csv,4640,e2f43b44280cd15a93013dcd72ceb11e5b11ea58084e35262387714cf7d1876b
04_processed_trajectories_and_features/data/processed/bellevue_150th_eastgate/experiments/eastgate_expected13_iso_scaler/method_comparison_variant_coords_only/trials_hdbscan_coarse.csv,1974,0e024bddf668e27b6c57fe0d0a6f9add1f8033a0a6a367c8978ae9e7b49783a9
04_processed_trajectories_and_features/data/processed/bellevue_150th_eastgate/experiments/eastgate_expected13_iso_scaler/method_comparison_variant_coords_only/trials_hdbscan_fine.csv,2817,05947e40b0df153aa4118d306bb23331cedf3964140e96c167c972145ff49c1b
04_processed_trajectories_and_features/data/processed/bellevue_150th_eastgate/experiments/eastgate_expected13_iso_scaler/method_comparison_variant_coords_only/trials_kmeans.csv,4869,f6fe0a12f850e90e8a659a8577e1ffe4ad48ccd5b7b4bcc780b2c9fb13e3bfc3
04_processed_trajectories_and_features/data/processed/bellevue_150th_eastgate/experiments/eastgate_expected13_iso_scaler/method_comparison_variant_coords_only/trials_kmeans_coarse.csv,2512,a588fab2460546d62587af0c23988bf48159a0ed40bbb186484eed7cfc35b21c
04_processed_trajectories_and_features/data/processed/bellevue_150th_eastgate/experiments/eastgate_expected13_iso_scaler/method_comparison_variant_coords_only/trials_kmeans_fine.csv,2504,9adb89b52802d0eb18d0f5186640a7908cbacdf23b6c0d0e0042d51392f468b2
04_processed_trajectories_and_features/data/processed/bellevue_150th_eastgate/experiments/eastgate_expected13_iso_scaler/method_comparison_variant_coords_only/trials_optics.csv,5909,84a3317c7b6f1638ceff24c4a75c4b80b9b4782c9c82c31573b223d22bd92dfe
04_processed_trajectories_and_features/data/processed/bellevue_150th_eastgate/experiments/eastgate_expected13_iso_scaler/method_comparison_variant_coords_only/trials_optics_coarse.csv,2959,046c0956d0d9a2c2aca7d894d52f129c42fec40b9f2c074294a52bf2fdb4bb33
04_processed_trajectories_and_features/data/processed/bellevue_150th_eastgate/experiments/eastgate_expected13_iso_scaler/method_comparison_variant_coords_only/trials_optics_fine.csv,3079,7ba25644820cab13729b4b6575136c6dbeba07cf8e9b1fdb32f34f72145cce22
04_processed_trajectories_and_features/data/processed/bellevue_150th_eastgate/experiments/eastgate_expected13_iso_scaler/method_comparison_variant_coords_only/visualizations/birch_clusters_montage.png,2123111,e5fec9068f51e1561233da9e6918cd482fdbcdf789a962fdf641c63a742c2964
04_processed_trajectories_and_features/data/processed/bellevue_150th_eastgate/experiments/eastgate_expected13_iso_scaler/method_comparison_variant_coords_only/visualizations/birch_clusters_overlay.png,2202851,ad446cb49fe043d182a5ffb323e3354600fd04908975f6809df62ea3aee23c22
04_processed_trajectories_and_features/data/processed/bellevue_150th_eastgate/experiments/eastgate_expected13_iso_scaler/method_comparison_variant_coords_only/visualizations/dbscan_clusters_montage.png,876514,f1b344b39780c20356e86825b43009235ed453c3a093c167ddd0545cc7010ad9
04_processed_trajectories_and_features/data/processed/bellevue_150th_eastgate/experiments/eastgate_expected13_iso_scaler/method_comparison_variant_coords_only/visualizations/dbscan_clusters_overlay.png,2201972,ed273ffc715eee2dea92da4f82aab41ab9c8f316ccd09fd767a4913b7ded812d
04_processed_trajectories_and_features/data/processed/bellevue_150th_eastgate/experiments/eastgate_expected13_iso_scaler/method_comparison_variant_coords_only/visualizations/gmm_clusters_montage.png,2726714,983659da80445141e9b53be368b9a84db977340fca4fbab3feaf809d73c5bbc8
04_processed_trajectories_and_features/data/processed/bellevue_150th_eastgate/experiments/eastgate_expected13_iso_scaler/method_comparison_variant_coords_only/visualizations/gmm_clusters_overlay.png,2207595,58acac3d8cce208b6020c5c2d7c08080bf338a639cf08e34d6659f029f4cf620
04_processed_trajectories_and_features/data/processed/bellevue_150th_eastgate/experiments/eastgate_expected13_iso_scaler/method_comparison_variant_coords_only/visualizations/hdbscan_clusters_montage.png,2735047,3ecb161db12847c5033e43ae7442a04026aa026462a175f3e66d1b9cbf27405e
04_processed_trajectories_and_features/data/processed/bellevue_150th_eastgate/experiments/eastgate_expected13_iso_scaler/method_comparison_variant_coords_only/visualizations/hdbscan_clusters_overlay.png,2192324,6723acc6e973b42638e2d48583bbdc665f8adc3784a1f709796784104060a0c7
04_processed_trajectories_and_features/data/processed/bellevue_150th_eastgate/experiments/eastgate_expected13_iso_scaler/method_comparison_variant_coords_only/visualizations/kmeans_clusters_montage.png,2677149,d40f7e318a7ccc0e2718989be2b5ceba038b0538808c25d60a103d9d4c8de132
04_processed_trajectories_and_features/data/processed/bellevue_150th_eastgate/experiments/eastgate_expected13_iso_scaler/method_comparison_variant_coords_only/visualizations/kmeans_clusters_overlay.png,2205565,cbdfaac2dc9567303f88d326752cb5df342e8a86e26b45792e754a35546e049e
04_processed_trajectories_and_features/data/processed/bellevue_150th_eastgate/experiments/eastgate_expected13_iso_scaler/method_comparison_variant_coords_only/visualizations/optics_clusters_montage.png,2588380,49485d0e8e5cd7ed047e39de24835e7cc0dd81516d6c0ca15eb7bd4e71e5410b
04_processed_trajectories_and_features/data/processed/bellevue_150th_eastgate/experiments/eastgate_expected13_iso_scaler/method_comparison_variant_coords_only/visualizations/optics_clusters_overlay.png,2168671,34b62a2581a605515ce4aa46789f5523b018b226f79db54ca985f616a1570a91
04_processed_trajectories_and_features/data/processed/bellevue_150th_eastgate/experiments/eastgate_expected13_iso_scaler/method_comparison_variant_plus_direction/methods_summary.csv,1445,4ea87d54aa819a2ef2103c76fcf61ad1fc00b4898c4c6b52589bf73179917bc5
04_processed_trajectories_and_features/data/processed/bellevue_150th_eastgate/experiments/eastgate_expected13_iso_scaler/method_comparison_variant_plus_direction/methods_summary.partial.csv,1445,4ea87d54aa819a2ef2103c76fcf61ad1fc00b4898c4c6b52589bf73179917bc5
04_processed_trajectories_and_features/data/processed/bellevue_150th_eastgate/experiments/eastgate_expected13_iso_scaler/method_comparison_variant_plus_direction/stats_birch.json,482,953cc093a31a770cd81448271c83c32e819e1d9a68d98fbd281bee9792bd6fab
04_processed_trajectories_and_features/data/processed/bellevue_150th_eastgate/experiments/eastgate_expected13_iso_scaler/method_comparison_variant_plus_direction/stats_dbscan.json,462,8e01f6e47b2a86d0afa4c64ea706dab2393e696fde0bb005ecfeb355ebb1d340
04_processed_trajectories_and_features/data/processed/bellevue_150th_eastgate/experiments/eastgate_expected13_iso_scaler/method_comparison_variant_plus_direction/stats_gmm.json,467,c5ec10867b31359f03f45a9e098b4982e1f4389351cb24547dd2a8b05971bcb0
04_processed_trajectories_and_features/data/processed/bellevue_150th_eastgate/experiments/eastgate_expected13_iso_scaler/method_comparison_variant_plus_direction/stats_hdbscan.json,502,383a14c0bba74d6fb1d9ff6378a8d58d4f7c586ece73950aea653d945d2a6b58
04_processed_trajectories_and_features/data/processed/bellevue_150th_eastgate/experiments/eastgate_expected13_iso_scaler/method_comparison_variant_plus_direction/stats_kmeans.json,512,06bcab59dfb5ade969b37ad9ed17719899d3dc62c9ef01c21525223a10095313
04_processed_trajectories_and_features/data/processed/bellevue_150th_eastgate/experiments/eastgate_expected13_iso_scaler/method_comparison_variant_plus_direction/stats_optics.json,506,4fcc5fe0556cb254798f2dd9a3215200d84cd5d85dfbc0b754f11ca086e9986f
04_processed_trajectories_and_features/data/processed/bellevue_150th_eastgate/experiments/eastgate_expected13_iso_scaler/method_comparison_variant_plus_direction/trials_birch.csv,3562,b3349680c1a4b9a40a9569715fc77c7ee1453bca1805573b9ca0171d233a603e
04_processed_trajectories_and_features/data/processed/bellevue_150th_eastgate/experiments/eastgate_expected13_iso_scaler/method_comparison_variant_plus_direction/trials_birch_coarse.csv,1246,235438c6acce5975cdead0737d088282464feed8ad6e3d51f3cdcb5b23900a1b
04_processed_trajectories_and_features/data/processed/bellevue_150th_eastgate/experiments/eastgate_expected13_iso_scaler/method_comparison_variant_plus_direction/trials_birch_fine.csv,2438,5ffe302be77676b0e99d443616f97fe6cfebe1c059468df40da524dc9c06994e
04_processed_trajectories_and_features/data/processed/bellevue_150th_eastgate/experiments/eastgate_expected13_iso_scaler/method_comparison_variant_plus_direction/trials_dbscan.csv,3589,89ac887ca52608e4467af396a80152938e8a9beff768816aed2911e8b674661a
04_processed_trajectories_and_features/data/processed/bellevue_150th_eastgate/experiments/eastgate_expected13_iso_scaler/method_comparison_variant_plus_direction/trials_dbscan_coarse.csv,1279,009a7587ebc88bdbbbf8c7362068c5299c7ac3a316b7b28873cefed88ad91010
04_processed_trajectories_and_features/data/processed/bellevue_150th_eastgate/experiments/eastgate_expected13_iso_scaler/method_comparison_variant_plus_direction/trials_dbscan_fine.csv,2439,6a439ccc4372ce979b0557b7fc1e01c00c5b308a2c0ca0dcee1e577af5dd215f
04_processed_trajectories_and_features/data/processed/bellevue_150th_eastgate/experiments/eastgate_expected13_iso_scaler/method_comparison_variant_plus_direction/trials_gmm.csv,1397,efe643c95aab00a8071a801dceb20b785bc7c64069ea52a44029dc43aad3884d
04_processed_trajectories_and_features/data/processed/bellevue_150th_eastgate/experiments/eastgate_expected13_iso_scaler/method_comparison_variant_plus_direction/trials_gmm_coarse.csv,854,5b5bb036d5b014a41c2331fe0c6fe9203481ea7e9cf10340e9dacbf6d3ae2c4a
04_processed_trajectories_and_features/data/processed/bellevue_150th_eastgate/experiments/eastgate_expected13_iso_scaler/method_comparison_variant_plus_direction/trials_gmm_fine.csv,665,367f016b1b92c3cf49a8840d368002976f246b405bf1c93c676dec65f2c0b9b1
04_processed_trajectories_and_features/data/processed/bellevue_150th_eastgate/experiments/eastgate_expected13_iso_scaler/method_comparison_variant_plus_direction/trials_hdbscan.csv,4622,13d5abd0d6abee096280524baf633c767711af71b0c14cee0f8b60a3727fe91c
04_processed_trajectories_and_features/data/processed/bellevue_150th_eastgate/experiments/eastgate_expected13_iso_scaler/method_comparison_variant_plus_direction/trials_hdbscan_coarse.csv,1941,8cbb47b684acfa49bb3bccc532e7f7602fa54188a29b568515085c78690405a2
04_processed_trajectories_and_features/data/processed/bellevue_150th_eastgate/experiments/eastgate_expected13_iso_scaler/method_comparison_variant_plus_direction/trials_hdbscan_fine.csv,2832,53b581c98cb67d24ab0ddbafa078389c5577ff1e91f3c822b0a612759e3219bd
04_processed_trajectories_and_features/data/processed/bellevue_150th_eastgate/experiments/eastgate_expected13_iso_scaler/method_comparison_variant_plus_direction/trials_kmeans.csv,4873,64199b561fab5b92e5d0e262d8ad74fb8bc2887422efa9e146f6c70dee6f5658
04_processed_trajectories_and_features/data/processed/bellevue_150th_eastgate/experiments/eastgate_expected13_iso_scaler/method_comparison_variant_plus_direction/trials_kmeans_coarse.csv,2574,0dd221bfa8451b6fdf88846b467bddb0a09694023722970f1e4303584db28867
04_processed_trajectories_and_features/data/processed/bellevue_150th_eastgate/experiments/eastgate_expected13_iso_scaler/method_comparison_variant_plus_direction/trials_kmeans_fine.csv,2446,f7b9d160a859351ee4fa89f6b9342083b3bc93e43812baea9824b1ca0ad6ceb0
04_processed_trajectories_and_features/data/processed/bellevue_150th_eastgate/experiments/eastgate_expected13_iso_scaler/method_comparison_variant_plus_direction/trials_optics.csv,6000,98a0dd9925075b67621077c25a93e50c29aa9d56398d623ee8e65a6f89531216
04_processed_trajectories_and_features/data/processed/bellevue_150th_eastgate/experiments/eastgate_expected13_iso_scaler/method_comparison_variant_plus_direction/trials_optics_coarse.csv,2973,475ba6c56a494b4a14b9e725fad362f1e132bbc50b62167bc6671db2c841a480
04_processed_trajectories_and_features/data/processed/bellevue_150th_eastgate/experiments/eastgate_expected13_iso_scaler/method_comparison_variant_plus_direction/trials_optics_fine.csv,3156,f032aa0775244c156e0e16c1523b84259d4b633536389faf2f2c1e32d8b2ce91
04_processed_trajectories_and_features/data/processed/bellevue_150th_eastgate/experiments/eastgate_expected13_iso_scaler/method_comparison_variant_plus_direction/visualizations/birch_clusters_montage.png,2106311,1a612dddd59bf74605d6d16150ebd47405639d3ca860428c33d3a3232f70cbe7
04_processed_trajectories_and_features/data/processed/bellevue_150th_eastgate/experiments/eastgate_expected13_iso_scaler/method_comparison_variant_plus_direction/visualizations/birch_clusters_overlay.png,2200515,af849025f4af19a55fd769c0fa1e5abb5fe85c46349764374046421f21b9798b
04_processed_trajectories_and_features/data/processed/bellevue_150th_eastgate/experiments/eastgate_expected13_iso_scaler/method_comparison_variant_plus_direction/visualizations/dbscan_clusters_montage.png,876514,f1b344b39780c20356e86825b43009235ed453c3a093c167ddd0545cc7010ad9
04_processed_trajectories_and_features/data/processed/bellevue_150th_eastgate/experiments/eastgate_expected13_iso_scaler/method_comparison_variant_plus_direction/visualizations/dbscan_clusters_overlay.png,2201972,ed273ffc715eee2dea92da4f82aab41ab9c8f316ccd09fd767a4913b7ded812d
04_processed_trajectories_and_features/data/processed/bellevue_150th_eastgate/experiments/eastgate_expected13_iso_scaler/method_comparison_variant_plus_direction/visualizations/gmm_clusters_montage.png,2707779,1f27f743b9057e84c034ea06077cd9ab76d526524ea834680f3fa9401c0d9ad0
04_processed_trajectories_and_features/data/processed/bellevue_150th_eastgate/experiments/eastgate_expected13_iso_scaler/method_comparison_variant_plus_direction/visualizations/gmm_clusters_overlay.png,2201362,1b7f043c2972f62ff3f17b1621a56a6200e6a02170bcd1befc68780cfd5a681c
04_processed_trajectories_and_features/data/processed/bellevue_150th_eastgate/experiments/eastgate_expected13_iso_scaler/method_comparison_variant_plus_direction/visualizations/hdbscan_clusters_montage.png,2776731,a21daed23ef452715bc3f4e039527117d95522e9cb3b3eb2c6d3116bf31e980e
04_processed_trajectories_and_features/data/processed/bellevue_150th_eastgate/experiments/eastgate_expected13_iso_scaler/method_comparison_variant_plus_direction/visualizations/hdbscan_clusters_overlay.png,2188819,46bc4cd7c2a0cb209effcb0c0ecbc868d2dbd06377d7dd52cada9aa7e0c48d9a
04_processed_trajectories_and_features/data/processed/bellevue_150th_eastgate/experiments/eastgate_expected13_iso_scaler/method_comparison_variant_plus_direction/visualizations/kmeans_clusters_montage.png,2666672,3cae9f3416241c777283acb0cb682660d8ce89418518089097f0f6d1a5ae2307
04_processed_trajectories_and_features/data/processed/bellevue_150th_eastgate/experiments/eastgate_expected13_iso_scaler/method_comparison_variant_plus_direction/visualizations/kmeans_clusters_overlay.png,2202905,de598f73545f2da600803520a5f2460417b1e892f3657ce676dcd98abe5fb92a
04_processed_trajectories_and_features/data/processed/bellevue_150th_eastgate/experiments/eastgate_expected13_iso_scaler/method_comparison_variant_plus_direction/visualizations/optics_clusters_montage.png,2730373,4c67158493b7fceef8ca822b5d4c05b69bd34233dab2cd762d9f4697b7e5594e
04_processed_trajectories_and_features/data/processed/bellevue_150th_eastgate/experiments/eastgate_expected13_iso_scaler/method_comparison_variant_plus_direction/visualizations/optics_clusters_overlay.png,2185951,3d882346dc2dfb8560bffbe9a3ac9485644e24392bedf6ab8775bd2a3f7d0fb7
04_processed_trajectories_and_features/data/processed/bellevue_150th_eastgate/experiments/eastgate_expected13_iso_scaler/method_comparison_variant_plus_frame_span/visualizations/birch_clusters_montage.png,2762824,35945373f470f60422a97e96e41c6d366ff6bfe773074be6ed0cb52700050176
04_processed_trajectories_and_features/data/processed/bellevue_150th_eastgate/experiments/eastgate_expected13_iso_scaler/method_comparison_variant_plus_frame_span/visualizations/birch_clusters_overlay.png,2191410,f0584b739f0249055981eeeebb60e7acaad2221b957b9d9907562649079dbcb3
04_processed_trajectories_and_features/data/processed/bellevue_150th_eastgate/experiments/eastgate_expected13_iso_scaler/method_comparison_variant_plus_frame_span/visualizations/dbscan_clusters_montage.png,876514,f1b344b39780c20356e86825b43009235ed453c3a093c167ddd0545cc7010ad9
04_processed_trajectories_and_features/data/processed/bellevue_150th_eastgate/experiments/eastgate_expected13_iso_scaler/method_comparison_variant_plus_frame_span/visualizations/dbscan_clusters_overlay.png,2201972,ed273ffc715eee2dea92da4f82aab41ab9c8f316ccd09fd767a4913b7ded812d
04_processed_trajectories_and_features/data/processed/bellevue_150th_eastgate/experiments/eastgate_expected13_iso_scaler/method_comparison_variant_plus_frame_span/visualizations/gmm_clusters_montage.png,2693274,1972f5051a07079149b5640b2b7c69b0c2c44f0bc005828d611fe50530b88c73
04_processed_trajectories_and_features/data/processed/bellevue_150th_eastgate/experiments/eastgate_expected13_iso_scaler/method_comparison_variant_plus_frame_span/visualizations/gmm_clusters_overlay.png,2200658,5d434224568af6984d13cc1c6ddd7bfea086573352fdaf3801e7f8613246aeee
04_processed_trajectories_and_features/data/processed/bellevue_150th_eastgate/experiments/eastgate_expected13_iso_scaler/method_comparison_variant_plus_frame_span/visualizations/hdbscan_clusters_montage.png,2794917,0ccc272f89682fb897c3a3274e41cb0684c4ef778180fcc04e1e14f67cfb9260
04_processed_trajectories_and_features/data/processed/bellevue_150th_eastgate/experiments/eastgate_expected13_iso_scaler/method_comparison_variant_plus_frame_span/visualizations/hdbscan_clusters_overlay.png,2189191,2da7a3ba671e4a0ba22bfc14924bf5ef410a873636e0a60920e82956d970c237
04_processed_trajectories_and_features/data/processed/bellevue_150th_eastgate/experiments/eastgate_expected13_iso_scaler/method_comparison_variant_plus_frame_span/visualizations/kmeans_clusters_montage.png,2691981,ae60cf8c5c005818bd2b80a42c7d990c6bc281323d4f364db92e56a9e8b4752d
04_processed_trajectories_and_features/data/processed/bellevue_150th_eastgate/experiments/eastgate_expected13_iso_scaler/method_comparison_variant_plus_frame_span/visualizations/kmeans_clusters_overlay.png,2201621,eb213c6b2c1e621af4ee9a34fd34588acc2b6164abd522cb5344465364044419
04_processed_trajectories_and_features/data/processed/bellevue_150th_eastgate/experiments/eastgate_expected13_iso_scaler/method_comparison_variant_plus_frame_span/visualizations/optics_clusters_montage.png,2636220,07a0f4e4406725550ce5eed3fa816f0e97d6c35cb0b421ac33a51b9c8da10560
04_processed_trajectories_and_features/data/processed/bellevue_150th_eastgate/experiments/eastgate_expected13_iso_scaler/method_comparison_variant_plus_frame_span/visualizations/optics_clusters_overlay.png,2173221,2e5fc0474f976577763910ed5334249d6b30c0dd6fd8cde60a0fe3b0281c4821
04_processed_trajectories_and_features/data/processed/bellevue_150th_eastgate/experiments/eastgate_expected13_iso_scaler/method_comparison_variant_plus_straightness/methods_summary.csv,1446,90b2db4e1ab5446610e765ba7d716d84772063c85f07c9dbcee5a517ef2066f0
04_processed_trajectories_and_features/data/processed/bellevue_150th_eastgate/experiments/eastgate_expected13_iso_scaler/method_comparison_variant_plus_straightness/methods_summary.partial.csv,1446,90b2db4e1ab5446610e765ba7d716d84772063c85f07c9dbcee5a517ef2066f0
04_processed_trajectories_and_features/data/processed/bellevue_150th_eastgate/experiments/eastgate_expected13_iso_scaler/method_comparison_variant_plus_straightness/stats_birch.json,482,35d7a3878e18ae618ffb85d09d5b1ee55fe5ccde5bfd1f59937dc24489136b98
04_processed_trajectories_and_features/data/processed/bellevue_150th_eastgate/experiments/eastgate_expected13_iso_scaler/method_comparison_variant_plus_straightness/stats_dbscan.json,462,8e49f75a71c3a50ca9c2abe1d950229eb0001f7b976e9c69fb9f2e88fcdf39b8
04_processed_trajectories_and_features/data/processed/bellevue_150th_eastgate/experiments/eastgate_expected13_iso_scaler/method_comparison_variant_plus_straightness/stats_gmm.json,467,9830e5a8952b0a1b7eac1aac0cd149986365837d0cfa2bb3448704d870768ca6
04_processed_trajectories_and_features/data/processed/bellevue_150th_eastgate/experiments/eastgate_expected13_iso_scaler/method_comparison_variant_plus_straightness/stats_hdbscan.json,501,a75e344f5ac036cfa940a6bcbd74334d52ba361bbe3eaf7956f64bdcafea7b87
04_processed_trajectories_and_features/data/processed/bellevue_150th_eastgate/experiments/eastgate_expected13_iso_scaler/method_comparison_variant_plus_straightness/stats_kmeans.json,512,c2a8c01598b3f05709a222e72de72a33e48d12b473df13c53eb79cc703b278de
04_processed_trajectories_and_features/data/processed/bellevue_150th_eastgate/experiments/eastgate_expected13_iso_scaler/method_comparison_variant_plus_straightness/stats_optics.json,490,1938cd728e3aa5297a23b317d0532abdb9a6a45fdf22da6fdd1458c13f0b8178
04_processed_trajectories_and_features/data/processed/bellevue_150th_eastgate/experiments/eastgate_expected13_iso_scaler/method_comparison_variant_plus_straightness/trials_birch.csv,3588,dfa0979a978ee82fc137e3639642f69bcb83d212b35eaecc5656dea82e777635
04_processed_trajectories_and_features/data/processed/bellevue_150th_eastgate/experiments/eastgate_expected13_iso_scaler/method_comparison_variant_plus_straightness/trials_birch_coarse.csv,1248,dd9c8b31f3e9491beddf55469d71cb3b44a4e7a77f65ba4d0d178aef442a0318
04_processed_trajectories_and_features/data/processed/bellevue_150th_eastgate/experiments/eastgate_expected13_iso_scaler/method_comparison_variant_plus_straightness/trials_birch_fine.csv,2462,88597922bc75bf3e3c35db79c4c911fad5b531fb479ceaf557a849b8ddc575cc
04_processed_trajectories_and_features/data/processed/bellevue_150th_eastgate/experiments/eastgate_expected13_iso_scaler/method_comparison_variant_plus_straightness/trials_dbscan.csv,3672,8c34897af856783f78d18c62d4db989a6523db12476da9d6bf39b9dd44374b8c
04_processed_trajectories_and_features/data/processed/bellevue_150th_eastgate/experiments/eastgate_expected13_iso_scaler/method_comparison_variant_plus_straightness/trials_dbscan_coarse.csv,1270,b67520ae298707e0d689fc4870c9a32e70cc6f222f2a327722581c4deda50a9a
04_processed_trajectories_and_features/data/processed/bellevue_150th_eastgate/experiments/eastgate_expected13_iso_scaler/method_comparison_variant_plus_straightness/trials_dbscan_fine.csv,2531,30f68a3cca708ede164aae0ed0ca837226d84536085896e66c7b0b65c92fc18a
04_processed_trajectories_and_features/data/processed/bellevue_150th_eastgate/experiments/eastgate_expected13_iso_scaler/method_comparison_variant_plus_straightness/trials_gmm.csv,1405,f658c9a54ad6d909667932fe6e635e5c4e2b9fbcf0811839a0706f2c812fd4ff
04_processed_trajectories_and_features/data/processed/bellevue_150th_eastgate/experiments/eastgate_expected13_iso_scaler/method_comparison_variant_plus_straightness/trials_gmm_coarse.csv,861,85d43f6f429d3e8d29b4c59d9124f30b0e1f158c0423511ba441c18aad102e2b
04_processed_trajectories_and_features/data/processed/bellevue_150th_eastgate/experiments/eastgate_expected13_iso_scaler/method_comparison_variant_plus_straightness/trials_gmm_fine.csv,666,81ae65b3e3f7b48299355b3cd0dc09aed7b8c65654c28cae035303d2abcb9e8a
04_processed_trajectories_and_features/data/processed/bellevue_150th_eastgate/experiments/eastgate_expected13_iso_scaler/method_comparison_variant_plus_straightness/trials_hdbscan.csv,4669,3706794fb2698901abd46f1fcc9fd653a62de34ccb393e8614c41fec70ebe426
04_processed_trajectories_and_features/data/processed/bellevue_150th_eastgate/experiments/eastgate_expected13_iso_scaler/method_comparison_variant_plus_straightness/trials_hdbscan_coarse.csv,1973,be87839cfb91cae4b7ea909af29e2bf3dff2d7e994444a1329ad639344c858fb
04_processed_trajectories_and_features/data/processed/bellevue_150th_eastgate/experiments/eastgate_expected13_iso_scaler/method_comparison_variant_plus_straightness/trials_hdbscan_fine.csv,2847,fa5786cbf331591d4b038ffa1325635c38304b966299252a9b5dc339c5a239c1
04_processed_trajectories_and_features/data/processed/bellevue_150th_eastgate/experiments/eastgate_expected13_iso_scaler/method_comparison_variant_plus_straightness/trials_kmeans.csv,5109,53b54632a54146e68053ca8fac54537e2e06436e78c3cd49da3c5e15c8acfba9
04_processed_trajectories_and_features/data/processed/bellevue_150th_eastgate/experiments/eastgate_expected13_iso_scaler/method_comparison_variant_plus_straightness/trials_kmeans_coarse.csv,2652,522954d324fae6cf6ad9f50a241874355ec333aba2b10c7d422f6c871af00767
04_processed_trajectories_and_features/data/processed/bellevue_150th_eastgate/experiments/eastgate_expected13_iso_scaler/method_comparison_variant_plus_straightness/trials_kmeans_fine.csv,2604,ca739af8f81e8d66e7b0368766b8d01487e172274ad9fc20c305c7223cf9d97a
04_processed_trajectories_and_features/data/processed/bellevue_150th_eastgate/experiments/eastgate_expected13_iso_scaler/method_comparison_variant_plus_straightness/trials_optics.csv,6041,399c41c9f167e6ae12789fb2b69ba0facdbd72a1e321f8d1fa1c02fc5763b098
04_processed_trajectories_and_features/data/processed/bellevue_150th_eastgate/experiments/eastgate_expected13_iso_scaler/method_comparison_variant_plus_straightness/trials_optics_coarse.csv,2983,1e528714d22a4fc57c1b7ffa17456639d1d76d8e9e4aa63c0915e998edb56b23
04_processed_trajectories_and_features/data/processed/bellevue_150th_eastgate/experiments/eastgate_expected13_iso_scaler/method_comparison_variant_plus_straightness/trials_optics_fine.csv,3187,757af87e1eacffead06fbafd99bc4b5c5b78485cf689d8a987b05b6f82e91f90
04_processed_trajectories_and_features/data/processed/bellevue_150th_eastgate/experiments/eastgate_expected13_iso_scaler/method_comparison_variant_plus_straightness/visualizations/birch_clusters_montage.png,2184026,eb371dd625f06b517bb08bf28a6860a0780e85c90fd1a651f98c99566dd4f05f
04_processed_trajectories_and_features/data/processed/bellevue_150th_eastgate/experiments/eastgate_expected13_iso_scaler/method_comparison_variant_plus_straightness/visualizations/birch_clusters_overlay.png,2197904,b920d306ef79d136eed1dba85a8213e1f6983107aede1d1deac332303e6ae8cb
04_processed_trajectories_and_features/data/processed/bellevue_150th_eastgate/experiments/eastgate_expected13_iso_scaler/method_comparison_variant_plus_straightness/visualizations/dbscan_clusters_montage.png,876514,f1b344b39780c20356e86825b43009235ed453c3a093c167ddd0545cc7010ad9
04_processed_trajectories_and_features/data/processed/bellevue_150th_eastgate/experiments/eastgate_expected13_iso_scaler/method_comparison_variant_plus_straightness/visualizations/dbscan_clusters_overlay.png,2201972,ed273ffc715eee2dea92da4f82aab41ab9c8f316ccd09fd767a4913b7ded812d
04_processed_trajectories_and_features/data/processed/bellevue_150th_eastgate/experiments/eastgate_expected13_iso_scaler/method_comparison_variant_plus_straightness/visualizations/gmm_clusters_montage.png,2703058,8b11506720908ac3b255a701f7ba5e2ef8c654aa7999bfc26d4cd078e2ebafae
04_processed_trajectories_and_features/data/processed/bellevue_150th_eastgate/experiments/eastgate_expected13_iso_scaler/method_comparison_variant_plus_straightness/visualizations/gmm_clusters_overlay.png,2208958,f9eb8a09b98aa2720fab7ea10f7c59ae79e9bd6b8298adf56d5aec14e76ebaba
04_processed_trajectories_and_features/data/processed/bellevue_150th_eastgate/experiments/eastgate_expected13_iso_scaler/method_comparison_variant_plus_straightness/visualizations/hdbscan_clusters_montage.png,2750396,00006ac75c2b049a1a60e03ccda8bfa8478cceb7ad61938dcc0bad19c5ae9667
04_processed_trajectories_and_features/data/processed/bellevue_150th_eastgate/experiments/eastgate_expected13_iso_scaler/method_comparison_variant_plus_straightness/visualizations/hdbscan_clusters_overlay.png,2192702,7670262798e22ae55f921b8abb3a2d3ec230c9019be050fab1ae2982d192fc72
04_processed_trajectories_and_features/data/processed/bellevue_150th_eastgate/experiments/eastgate_expected13_iso_scaler/method_comparison_variant_plus_straightness/visualizations/kmeans_clusters_montage.png,2674196,b04e83991013dfd21788aae9a4dc268833ae9e8b4246a952a88dc8d9de3487eb
04_processed_trajectories_and_features/data/processed/bellevue_150th_eastgate/experiments/eastgate_expected13_iso_scaler/method_comparison_variant_plus_straightness/visualizations/kmeans_clusters_overlay.png,2199515,ae796d16326bab201a552f4dc5ccf926125f08826626865ce314f165a000eb02
04_processed_trajectories_and_features/data/processed/bellevue_150th_eastgate/experiments/eastgate_expected13_iso_scaler/method_comparison_variant_plus_straightness/visualizations/optics_clusters_montage.png,2139596,443212d40988597e981997e1a3835ace75f84b9874c65ace46280776450c88e1
04_processed_trajectories_and_features/data/processed/bellevue_150th_eastgate/experiments/eastgate_expected13_iso_scaler/method_comparison_variant_plus_straightness/visualizations/optics_clusters_overlay.png,2186981,47957fe69e5a4d55cf389bcf0ca86736e26da81b7bbf769fcb04b3dac5ec9dc2
04_processed_trajectories_and_features/data/processed/bellevue_150th_eastgate/experiments/eastgate_topview_homography_v1/features.parquet,26725925,7ea6760f65ff0a839acc7c2336c4ae7fd8cd805cb5cf549c3405f29933770961
04_processed_trajectories_and_features/data/processed/bellevue_150th_eastgate/experiments/eastgate_topview_homography_v1/topview_transform_manifest.json,1103,10c10f53b32df4216399bc7fe193db7db78a4eee43b6a35eee91eb932448e0b6
04_processed_trajectories_and_features/data/processed/bellevue_150th_eastgate/experiments/eastgate_topview_homography_v1/trajectories_filtered_filled.parquet,1574157974,NOT_COMPUTED_LARGE_FILE_GT_268435456_BYTES
04_processed_trajectories_and_features/data/processed/bellevue_150th_eastgate/experiments/eastgate_topview_homography_v1/audit/audit_input_filtered.parquet,2267736,884186665472468a62e138356a3aa5781ffc171c8e321d9e971bd8f38cd9e0d6
04_processed_trajectories_and_features/data/processed/bellevue_150th_eastgate/experiments/eastgate_topview_homography_v1/audit/audit_manifest.json,6522,f22c827afb49f1d019b84783342a3389e758cb37552db58417a949039c915843
04_processed_trajectories_and_features/data/processed/bellevue_150th_eastgate/experiments/eastgate_topview_homography_v1/audit/audit_runs.csv,116424,4d2c87528c19a9e3e553a59ee84025f7e281591303a0000fa88352227f5a11f9
04_processed_trajectories_and_features/data/processed/bellevue_150th_eastgate/experiments/eastgate_topview_homography_v1/audit/audit_runs.parquet,41267,df93eb71b42aee8489b339651ba3c104941b04426bfc294f4b8079466a953f6f
04_processed_trajectories_and_features/data/processed/bellevue_150th_eastgate/experiments/eastgate_topview_homography_v1/audit/best_runs.csv,6153,6c27b107868e10395cdf44116c3cb80a48cca4ffa49313b15080fae0bc4fd77f
04_processed_trajectories_and_features/data/processed/bellevue_150th_eastgate/experiments/eastgate_topview_homography_v1/audit/best_runs.parquet,26366,541b99ad85712aa03212ef4e6798b80a149603dd2123491fc1e8b4c5fb77fc7b
04_processed_trajectories_and_features/data/processed/bellevue_150th_eastgate/experiments/eastgate_topview_homography_v1/audit/eastgate_topview_audit_v1.md,4573,0f0827e9a892c23ee6bad36435356c321f7062087a1a51d22b5ae45a61161ccf
04_processed_trajectories_and_features/data/processed/bellevue_150th_eastgate/experiments/eastgate_topview_homography_v1/audit/recommended_by_method.csv,2412,f5d1ffb86e38d4b614688896d56c5e080281bae16502cd3656316f99daa37cf4
04_processed_trajectories_and_features/data/processed/bellevue_150th_eastgate/experiments/eastgate_topview_homography_v1/audit/best_run_visualizations/normalization_isotropic/hdbscan_clusters_montage.png,2398824,d979afb134d06bee1397c6d2cebd14d3db80609414ffe3f79a31f517fa3903e5
04_processed_trajectories_and_features/data/processed/bellevue_150th_eastgate/experiments/eastgate_topview_homography_v1/audit/best_run_visualizations/normalization_isotropic/hdbscan_clusters_overlay_pair.png,2904163,54ed2ff326e6e7f2739876fc14ed3ffe3270cb4d7d61059803decec591696dd9
04_processed_trajectories_and_features/data/processed/bellevue_150th_eastgate/experiments/eastgate_topview_homography_v1/audit/best_run_visualizations/normalization_isotropic/kmeans_clusters_montage.png,2419636,85c5d9ffa6727630f0c75607a4fd4ebcd68c35a64596d5a4c7ac34cfb1c1b0b0
04_processed_trajectories_and_features/data/processed/bellevue_150th_eastgate/experiments/eastgate_topview_homography_v1/audit/best_run_visualizations/normalization_isotropic/kmeans_clusters_overlay_pair.png,2925580,0f6544237c7e2ab166aa909810f16f68e2e08d6c213494c5ac044085c2b19fa4
04_processed_trajectories_and_features/data/processed/bellevue_150th_eastgate/experiments/eastgate_topview_homography_v1/audit/best_run_visualizations/normalization_isotropic/optics_clusters_montage.png,3091251,c265a60ee539e0ee8ebb4067a74089e6b45a409ddf821d5b3155f9bef4babd61
04_processed_trajectories_and_features/data/processed/bellevue_150th_eastgate/experiments/eastgate_topview_homography_v1/audit/best_run_visualizations/normalization_isotropic/optics_clusters_overlay_pair.png,2894676,044848aa670a296c3f4db400439d5a3899b2e4140e10e92c5e9325cb37b3d652
04_processed_trajectories_and_features/data/processed/bellevue_150th_eastgate/experiments/eastgate_topview_homography_v1/audit/best_run_visualizations/normalization_none/hdbscan_clusters_montage.png,2398824,d979afb134d06bee1397c6d2cebd14d3db80609414ffe3f79a31f517fa3903e5
04_processed_trajectories_and_features/data/processed/bellevue_150th_eastgate/experiments/eastgate_topview_homography_v1/audit/best_run_visualizations/normalization_none/hdbscan_clusters_overlay_pair.png,2903260,4c20129e3ac5f20b0205125c8bd6381daba35aa937cb1039a62dd3099283ee9b
04_processed_trajectories_and_features/data/processed/bellevue_150th_eastgate/experiments/eastgate_topview_homography_v1/audit/best_run_visualizations/normalization_none/kmeans_clusters_montage.png,2419636,85c5d9ffa6727630f0c75607a4fd4ebcd68c35a64596d5a4c7ac34cfb1c1b0b0
04_processed_trajectories_and_features/data/processed/bellevue_150th_eastgate/experiments/eastgate_topview_homography_v1/audit/best_run_visualizations/normalization_none/kmeans_clusters_overlay_pair.png,2924661,c4dc7fa697f5a8b14bd311cfebce0d08f0ddb2c60e78fe1ecc2ed75d29988b51
04_processed_trajectories_and_features/data/processed/bellevue_150th_eastgate/experiments/eastgate_topview_homography_v1/audit/best_run_visualizations/normalization_none/optics_clusters_montage.png,3091251,c265a60ee539e0ee8ebb4067a74089e6b45a409ddf821d5b3155f9bef4babd61
04_processed_trajectories_and_features/data/processed/bellevue_150th_eastgate/experiments/eastgate_topview_homography_v1/audit/best_run_visualizations/normalization_none/optics_clusters_overlay_pair.png,2893849,b89f53b1b06f50627648065a002c778b30ec63d351fd9507755b283d9efd8d67
04_processed_trajectories_and_features/data/processed/bellevue_150th_eastgate/experiments/eastgate_topview_homography_v1/audit/best_run_visualizations/normalization_standard/hdbscan_clusters_montage.png,3120431,2dab22b5f10f646cc1e6b5367c8865794d59caa6618e017b100809a7cdc86b7c
04_processed_trajectories_and_features/data/processed/bellevue_150th_eastgate/experiments/eastgate_topview_homography_v1/audit/best_run_visualizations/normalization_standard/hdbscan_clusters_overlay_pair.png,2908165,2e0a6eb3a984b0f5dbd58fa915181a2997e14067b74f9e0748d0fa5273506522
04_processed_trajectories_and_features/data/processed/bellevue_150th_eastgate/experiments/eastgate_topview_homography_v1/audit/best_run_visualizations/normalization_standard/kmeans_clusters_montage.png,2419771,b23df73393f65effc054728c824a894047279b3f9c96207075fd69db7fa7dd01
04_processed_trajectories_and_features/data/processed/bellevue_150th_eastgate/experiments/eastgate_topview_homography_v1/audit/best_run_visualizations/normalization_standard/kmeans_clusters_overlay_pair.png,2923851,6eaa9af73cc08bf0854511c7087a4aca199588dce4468f6b1753384037afa37f
04_processed_trajectories_and_features/data/processed/bellevue_150th_eastgate/experiments/eastgate_topview_homography_v1/audit/best_run_visualizations/normalization_standard/optics_clusters_montage.png,3090756,0b57079e249bd0888981b9cb9b8a6f2c8593d51d75f7d9fadbeb0c8ed81eadb9
04_processed_trajectories_and_features/data/processed/bellevue_150th_eastgate/experiments/eastgate_topview_homography_v1/audit/best_run_visualizations/normalization_standard/optics_clusters_overlay_pair.png,2899424,46020c64b22dd26fe9b143c1c0d41d69b9e96c2f217a8d93c2da5d525c005af5
04_processed_trajectories_and_features/data/processed/bellevue_150th_eastgate/experiments/eastgate_topview_homography_v1/audit/normalization_isotropic/methods_summary.csv,2490,b017631c9936379c9685acd1d1b6755ea531da446467410316048b58d20f8c59
04_processed_trajectories_and_features/data/processed/bellevue_150th_eastgate/experiments/eastgate_topview_homography_v1/audit/normalization_isotropic/stats_hdbscan.json,1440,59a02a4d0d452453bfad850604e61d5e5a3ac300adbfc0335ecff08896e3c68b
04_processed_trajectories_and_features/data/processed/bellevue_150th_eastgate/experiments/eastgate_topview_homography_v1/audit/normalization_isotropic/stats_kmeans.json,1362,89cd29b3428575d492d8702e73fe10fe8220eb9e6fcff1d5adcf39e0a099e581
04_processed_trajectories_and_features/data/processed/bellevue_150th_eastgate/experiments/eastgate_topview_homography_v1/audit/normalization_isotropic/stats_optics.json,1381,54a4f35567a8c4f0ffe555134b257ea192e87a03da45353e1526096a0aaa10f9
04_processed_trajectories_and_features/data/processed/bellevue_150th_eastgate/experiments/eastgate_topview_homography_v1/audit/normalization_none/methods_summary.csv,2381,027d8bda9d90042f4787f82fe90de6b64283beeca13e1dd7cdf27e32ac88dcbc
04_processed_trajectories_and_features/data/processed/bellevue_150th_eastgate/experiments/eastgate_topview_homography_v1/audit/normalization_none/stats_hdbscan.json,1402,5d1b7072fb81307afbb75129528b105aa4d82048350a4b13a42ce2add3fa4141
04_processed_trajectories_and_features/data/processed/bellevue_150th_eastgate/experiments/eastgate_topview_homography_v1/audit/normalization_none/stats_kmeans.json,1327,fbbb59aed1bb2524bc14a2b7868aadb7928fa920d68ecbe7158e6d6aaf6f9ae5
04_processed_trajectories_and_features/data/processed/bellevue_150th_eastgate/experiments/eastgate_topview_homography_v1/audit/normalization_none/stats_optics.json,1345,d6b4e9b27942aea3a522169fea94dfd6c38aadf113a46432f9fa67187c125e88
04_processed_trajectories_and_features/data/processed/bellevue_150th_eastgate/experiments/eastgate_topview_homography_v1/audit/normalization_standard/methods_summary.csv,2412,f5d1ffb86e38d4b614688896d56c5e080281bae16502cd3656316f99daa37cf4
04_processed_trajectories_and_features/data/processed/bellevue_150th_eastgate/experiments/eastgate_topview_homography_v1/audit/normalization_standard/stats_hdbscan.json,1403,2ba3483ccb1a8166732f225e3efd25e77c2daca58095a450937731318fdc7f6a
04_processed_trajectories_and_features/data/processed/bellevue_150th_eastgate/experiments/eastgate_topview_homography_v1/audit/normalization_standard/stats_kmeans.json,1341,554acbb8b529141dd79e58409d48eb76fb8801b54a9d1ded79b85e59e1529467
04_processed_trajectories_and_features/data/processed/bellevue_150th_eastgate/experiments/eastgate_topview_homography_v1/audit/normalization_standard/stats_optics.json,1361,83b88392b780902e5d4d297492f13e450439611db685b008d19b2aaea4a007e7
04_processed_trajectories_and_features/data/processed/bellevue_150th_eastgate/experiments/eastgate_topview_homography_v1/audit/prepared_inputs/features_isotropic.parquet,794578,b7c75fed7fa9a264447c9ea398ab3410fa3db0edca6465954f067be705467486
04_processed_trajectories_and_features/data/processed/bellevue_150th_eastgate/experiments/eastgate_topview_homography_v1/audit/prepared_inputs/features_none.parquet,794450,e0a1f1c90856d5b2337a9e28926ce55062d9dc5fa5f23613acec6de32d424903
04_processed_trajectories_and_features/data/processed/bellevue_150th_eastgate/experiments/eastgate_topview_homography_v1/audit/prepared_inputs/features_standard.parquet,794577,bf02eb645c0ed1e159fe7b4451d190b40430e20d50a963d6a95bfaadcc2e385f
04_processed_trajectories_and_features/data/processed/bellevue_150th_eastgate/experiments/eastgate_topview_homography_v1/calibration/topview_homography.json,4460,d1a97cffd189284a1858b25df165075221a3a5d8e5e52569c3752223cbecb9ae
04_processed_trajectories_and_features/data/processed/bellevue_150th_eastgate/experiments/eastgate_topview_homography_v1/feature_layers/features_core_raw.parquet,17138499,060dedd515d9ee377aceb86657d69c62e12383e6cafe1c386b189baabe6fd5dc
04_processed_trajectories_and_features/data/processed/bellevue_150th_eastgate/experiments/eastgate_topview_homography_v1/feature_layers/features_scene_norm.parquet,5546547,8d0dff2add4ec87e8eb1c2906e43d3f3e7717c0eaa7d2ef19f34caab9eef1503
04_processed_trajectories_and_features/data/processed/bellevue_150th_eastgate/experiments/eastgate_topview_homography_v1/feature_layers/features_vector_revers.parquet,5250783,3683ab20d3e647a24825ef8ff6c067d7c91a3cdc0aa1b3c72135d48958343102
04_processed_trajectories_and_features/data/processed/bellevue_150th_eastgate/experiments/eastgate_topview_homography_v1/feature_layers/features_vector_revers_manifest.json,291,a3a66d46448ee8090c7a648e1687b3344f3c2c235a83324ab4408a9172b92c7c
04_processed_trajectories_and_features/data/processed/bellevue_150th_eastgate/experiments/eastgate_topview_homography_v1/feature_layers/feature_layers_manifest.json,2258,2ee0813ec8145b7429e7ca87ef8d1364540d6fe19ebd08d1f66beed01019c9ee
04_processed_trajectories_and_features/data/processed/bellevue_150th_eastgate/experiments/eastgate_topview_prewarp_displacement_v1/features.parquet,9676013,c08476b5675a8cd1aac14d3a121a9a7f92034ce1ac9b98fb738f6f7eefe79501
04_processed_trajectories_and_features/data/processed/bellevue_150th_eastgate/experiments/eastgate_topview_prewarp_displacement_v1/prewarp_displacement_control_summary.md,847,641cd8c5f98c8965d5384a4bfa4745ce30e26e68a1548b7db17422a24a7d3615
04_processed_trajectories_and_features/data/processed/bellevue_150th_eastgate/experiments/eastgate_topview_prewarp_displacement_v1/topview_transform_manifest.json,1202,afcdbcf29042a6db7bec30bf2d345a84217565b7eb7740833f86dbcd5fe24357
04_processed_trajectories_and_features/data/processed/bellevue_150th_eastgate/experiments/eastgate_topview_prewarp_displacement_v1/trajectories_filtered_filled.parquet,949512224,NOT_COMPUTED_LARGE_FILE_GT_268435456_BYTES
04_processed_trajectories_and_features/data/processed/bellevue_150th_eastgate/experiments/eastgate_topview_prewarp_displacement_v1/audit/audit_input_filtered.parquet,4652478,97e213a42969d441fbfe269d9ebc3db4e530f272d336a471c46e90f7ec38f843
04_processed_trajectories_and_features/data/processed/bellevue_150th_eastgate/experiments/eastgate_topview_prewarp_displacement_v1/audit/audit_manifest.json,6602,1ab15bf4c7edb4c65bcc40d947cce95585748f7446bc0817f03305308a0ea4fa
04_processed_trajectories_and_features/data/processed/bellevue_150th_eastgate/experiments/eastgate_topview_prewarp_displacement_v1/audit/audit_runs.csv,118744,8d0770c6a32cd8d1d3b61e73ae1b1fb27930a2aaa85e2fae6a34db11a58c680f
04_processed_trajectories_and_features/data/processed/bellevue_150th_eastgate/experiments/eastgate_topview_prewarp_displacement_v1/audit/audit_runs.parquet,43031,e02e3ff46f031f7fbab07b061624913ce8db0785b705e0baf9eb64f4ea634752
04_processed_trajectories_and_features/data/processed/bellevue_150th_eastgate/experiments/eastgate_topview_prewarp_displacement_v1/audit/best_runs.csv,6254,77b2f783af326498c59fd250452dc56ed07f1d2057e8dc4e3e4adead345f125e
04_processed_trajectories_and_features/data/processed/bellevue_150th_eastgate/experiments/eastgate_topview_prewarp_displacement_v1/audit/best_runs.parquet,26469,5bd7e588758a43e7684a2e3700dd85a8637082791113ad73582fdeeaa0599129
04_processed_trajectories_and_features/data/processed/bellevue_150th_eastgate/experiments/eastgate_topview_prewarp_displacement_v1/audit/eastgate_topview_prewarp_displacement_control_v1.md,4646,0cf6b15a6818e998199929f3c5066ef57862b1207485db2a378b6b535d43c06e
04_processed_trajectories_and_features/data/processed/bellevue_150th_eastgate/experiments/eastgate_topview_prewarp_displacement_v1/audit/recommended_by_method.csv,2456,653aa122d127f581fe72d3231c727d0b0baa448285689b61d3194161a6f22dee
04_processed_trajectories_and_features/data/processed/bellevue_150th_eastgate/experiments/eastgate_topview_prewarp_displacement_v1/audit/best_run_visualizations/normalization_isotropic/hdbscan_clusters_montage.png,3208934,b5a0012b3597d1ec989c88db28ddc62e58d8f925034c1fe926e1fc8716a82a7a
04_processed_trajectories_and_features/data/processed/bellevue_150th_eastgate/experiments/eastgate_topview_prewarp_displacement_v1/audit/best_run_visualizations/normalization_isotropic/hdbscan_clusters_overlay_pair.png,2902512,9a42d735be8851cf6ce1a67c1b3524b1dad4c2ba08fd0469b1561f03eef96cdf
04_processed_trajectories_and_features/data/processed/bellevue_150th_eastgate/experiments/eastgate_topview_prewarp_displacement_v1/audit/best_run_visualizations/normalization_isotropic/kmeans_clusters_montage.png,2435294,72c6d63339a197828d56f8962e6c6c253ba7e71b3dd1b1c9cd9e8830bc29e45c
04_processed_trajectories_and_features/data/processed/bellevue_150th_eastgate/experiments/eastgate_topview_prewarp_displacement_v1/audit/best_run_visualizations/normalization_isotropic/kmeans_clusters_overlay_pair.png,2910493,472b87a27ef45e5c8085e415da043c379e8ac1f65c94752fdfe22064c1b218de
04_processed_trajectories_and_features/data/processed/bellevue_150th_eastgate/experiments/eastgate_topview_prewarp_displacement_v1/audit/best_run_visualizations/normalization_isotropic/optics_clusters_montage.png,3179386,d23626264e1009b45d3d13eb7fb7ba4b76652d7644b239b97747abcc0a5e9ce6
04_processed_trajectories_and_features/data/processed/bellevue_150th_eastgate/experiments/eastgate_topview_prewarp_displacement_v1/audit/best_run_visualizations/normalization_isotropic/optics_clusters_overlay_pair.png,2885989,2e4b6b5945a9dc284bcee5e172ebbf374fac14e4dad4c9854d511bf888d31db6
04_processed_trajectories_and_features/data/processed/bellevue_150th_eastgate/experiments/eastgate_topview_prewarp_displacement_v1/audit/best_run_visualizations/normalization_none/hdbscan_clusters_montage.png,3208934,b5a0012b3597d1ec989c88db28ddc62e58d8f925034c1fe926e1fc8716a82a7a
04_processed_trajectories_and_features/data/processed/bellevue_150th_eastgate/experiments/eastgate_topview_prewarp_displacement_v1/audit/best_run_visualizations/normalization_none/hdbscan_clusters_overlay_pair.png,2901886,49f87e0f7548a3006ddf1687d3ff511dd1d1ac70c022313455886e35f9929d7f
04_processed_trajectories_and_features/data/processed/bellevue_150th_eastgate/experiments/eastgate_topview_prewarp_displacement_v1/audit/best_run_visualizations/normalization_none/kmeans_clusters_montage.png,2435294,72c6d63339a197828d56f8962e6c6c253ba7e71b3dd1b1c9cd9e8830bc29e45c
04_processed_trajectories_and_features/data/processed/bellevue_150th_eastgate/experiments/eastgate_topview_prewarp_displacement_v1/audit/best_run_visualizations/normalization_none/kmeans_clusters_overlay_pair.png,2909550,01808807f8cf4e4f2ec1e5dcbc8cda21b652640f7865024cbbc5871c8e3159a5
04_processed_trajectories_and_features/data/processed/bellevue_150th_eastgate/experiments/eastgate_topview_prewarp_displacement_v1/audit/best_run_visualizations/normalization_none/optics_clusters_montage.png,3179386,d23626264e1009b45d3d13eb7fb7ba4b76652d7644b239b97747abcc0a5e9ce6
04_processed_trajectories_and_features/data/processed/bellevue_150th_eastgate/experiments/eastgate_topview_prewarp_displacement_v1/audit/best_run_visualizations/normalization_none/optics_clusters_overlay_pair.png,2885241,6225761adba8234def80019789f88ce0a51e42fa2cde9183f4dfa6f059b7178b
04_processed_trajectories_and_features/data/processed/bellevue_150th_eastgate/experiments/eastgate_topview_prewarp_displacement_v1/audit/best_run_visualizations/normalization_standard/hdbscan_clusters_montage.png,3189075,a132a4bf00807f655ea75581492f9d920995c49fc6c19f2ded88b77f81d17a55
04_processed_trajectories_and_features/data/processed/bellevue_150th_eastgate/experiments/eastgate_topview_prewarp_displacement_v1/audit/best_run_visualizations/normalization_standard/hdbscan_clusters_overlay_pair.png,2904095,237d9f19008a05d2f47de60a9bb436ec4ee28d5d3d03ea1e54391008c7c71152
04_processed_trajectories_and_features/data/processed/bellevue_150th_eastgate/experiments/eastgate_topview_prewarp_displacement_v1/audit/best_run_visualizations/normalization_standard/kmeans_clusters_montage.png,2433999,2bf629c6de0aa999131ccd3c09d1d1a4f5430b31e40d29357806b2d22af8d8ce
04_processed_trajectories_and_features/data/processed/bellevue_150th_eastgate/experiments/eastgate_topview_prewarp_displacement_v1/audit/best_run_visualizations/normalization_standard/kmeans_clusters_overlay_pair.png,2911047,e672f19ea2c3401f7a05d5a5bbef7d242181d71a9bc5c49a9f7b08227041caa3
04_processed_trajectories_and_features/data/processed/bellevue_150th_eastgate/experiments/eastgate_topview_prewarp_displacement_v1/audit/best_run_visualizations/normalization_standard/optics_clusters_montage.png,3156435,8d00f1bf8b605cf986654265a7820ccc4efaaac94fc2bd17bfb7a24443cfabdf
04_processed_trajectories_and_features/data/processed/bellevue_150th_eastgate/experiments/eastgate_topview_prewarp_displacement_v1/audit/best_run_visualizations/normalization_standard/optics_clusters_overlay_pair.png,2882054,3e945d3da3f555380cdcaab39ffbc0eaf6bff5f4f7f9b150845ab1912de335fa
04_processed_trajectories_and_features/data/processed/bellevue_150th_eastgate/experiments/eastgate_topview_prewarp_displacement_v1/audit/normalization_isotropic/methods_summary.csv,2520,4b7ed72e37186a95867e7e76a320e3e13ac8ab15d604aa52ad1c47db5ba01023
04_processed_trajectories_and_features/data/processed/bellevue_150th_eastgate/experiments/eastgate_topview_prewarp_displacement_v1/audit/normalization_isotropic/stats_hdbscan.json,1452,068bf43639a481371b6261cd2f133638006e3e75a346298a0e7010fa588affe1
04_processed_trajectories_and_features/data/processed/bellevue_150th_eastgate/experiments/eastgate_topview_prewarp_displacement_v1/audit/normalization_isotropic/stats_kmeans.json,1371,60139e8ae1f9966062e4247a7d091a7e3e48fd649ed6fcbff4f85a09dccf12ca
04_processed_trajectories_and_features/data/processed/bellevue_150th_eastgate/experiments/eastgate_topview_prewarp_displacement_v1/audit/normalization_isotropic/stats_optics.json,1390,b95cb82ae57ed521de1604b2bf71d3d7b3d473b9fbff4ab5071921354fa6d4b3
04_processed_trajectories_and_features/data/processed/bellevue_150th_eastgate/experiments/eastgate_topview_prewarp_displacement_v1/audit/normalization_none/methods_summary.csv,2408,d1fa0bf6be495b55f877217d3580bc79d9988966a9cf53460ef30a8fdf82843c
04_processed_trajectories_and_features/data/processed/bellevue_150th_eastgate/experiments/eastgate_topview_prewarp_displacement_v1/audit/normalization_none/stats_hdbscan.json,1413,d9827d94bf3dc361b2d5249cb0e74d4f56459445b589c7ebf82354d5e4751d25
04_processed_trajectories_and_features/data/processed/bellevue_150th_eastgate/experiments/eastgate_topview_prewarp_displacement_v1/audit/normalization_none/stats_kmeans.json,1333,9ce2622640719e3211ac071d7564aa09db2f2981f0893ad89deafb6561467362
04_processed_trajectories_and_features/data/processed/bellevue_150th_eastgate/experiments/eastgate_topview_prewarp_displacement_v1/audit/normalization_none/stats_optics.json,1355,946c4b8fa4ff72ed5abd00043409388275fbffad8f1dd8ac3f203e38ee99874f
04_processed_trajectories_and_features/data/processed/bellevue_150th_eastgate/experiments/eastgate_topview_prewarp_displacement_v1/audit/normalization_standard/methods_summary.csv,2456,653aa122d127f581fe72d3231c727d0b0baa448285689b61d3194161a6f22dee
04_processed_trajectories_and_features/data/processed/bellevue_150th_eastgate/experiments/eastgate_topview_prewarp_displacement_v1/audit/normalization_standard/stats_hdbscan.json,1431,f4b7e031758e4b485684c8a7dd2245faa8411d320019424d9b1ac3f8a7f09b97
04_processed_trajectories_and_features/data/processed/bellevue_150th_eastgate/experiments/eastgate_topview_prewarp_displacement_v1/audit/normalization_standard/stats_kmeans.json,1352,caabd6523f18e5cff79e26b1b0c24ba4b96b9ad268a445ba2017f15dabf06f8a
04_processed_trajectories_and_features/data/processed/bellevue_150th_eastgate/experiments/eastgate_topview_prewarp_displacement_v1/audit/normalization_standard/stats_optics.json,1366,080003549b6f485b5b43df13cf2c49df666e0ba79e18f28f62f9350f09a09941
04_processed_trajectories_and_features/data/processed/bellevue_150th_eastgate/experiments/eastgate_topview_prewarp_displacement_v1/audit/prepared_inputs/features_isotropic.parquet,1635664,0f225f81bfa521c012d5f20acf723fd6d60d319a0a204da05f113072a0366260
04_processed_trajectories_and_features/data/processed/bellevue_150th_eastgate/experiments/eastgate_topview_prewarp_displacement_v1/audit/prepared_inputs/features_none.parquet,1635536,524c11eb155931150d685b921f35f2788c1252930a00245258e9a053fd82078d
04_processed_trajectories_and_features/data/processed/bellevue_150th_eastgate/experiments/eastgate_topview_prewarp_displacement_v1/audit/prepared_inputs/features_standard.parquet,1635662,89023fa4b35987ca8c8fe19cdb32da50d535d099f46965132dea56d242ad7ff2
04_processed_trajectories_and_features/data/processed/bellevue_150th_eastgate/experiments/eastgate_topview_prewarp_displacement_v1/calibration/topview_homography.json,4460,d1a97cffd189284a1858b25df165075221a3a5d8e5e52569c3752223cbecb9ae
04_processed_trajectories_and_features/data/processed/bellevue_150th_eastgate/experiments/eastgate_topview_prewarp_displacement_v1/camera_space_filter/prewarp_displacement_filter_manifest.json,1453,47a826a6db938b10c223e97b50ada12facc9621a2b6dcfaea999aa226fd37da0
04_processed_trajectories_and_features/data/processed/bellevue_150th_eastgate/experiments/eastgate_topview_prewarp_displacement_v1/camera_space_filter/trajectories_filtered_filled.parquet,937591548,NOT_COMPUTED_LARGE_FILE_GT_268435456_BYTES
04_processed_trajectories_and_features/data/processed/bellevue_150th_eastgate/experiments/eastgate_topview_prewarp_displacement_v1/feature_layers/features_core_raw.parquet,6266428,1925c6deaa24684a2decc185f614f49c49ff648a7001e6217b5ac0612d743e12
04_processed_trajectories_and_features/data/processed/bellevue_150th_eastgate/experiments/eastgate_topview_prewarp_displacement_v1/feature_layers/features_scene_norm.parquet,1989906,356817f089851e3aa2c287233bd826310f191693a76974ff302daca75a6d09af
04_processed_trajectories_and_features/data/processed/bellevue_150th_eastgate/experiments/eastgate_topview_prewarp_displacement_v1/feature_layers/features_vector_revers.parquet,1857785,0e1d1e2303675c6cb04fe1bdb0499f973a1febeffababeba1719c6219c7b49a7
04_processed_trajectories_and_features/data/processed/bellevue_150th_eastgate/experiments/eastgate_topview_prewarp_displacement_v1/feature_layers/features_vector_revers_manifest.json,301,414b3bf2c5ed0162a43e189c0cb7fec66fa5fe55ba5b2b6014fed2132fc02435
04_processed_trajectories_and_features/data/processed/bellevue_150th_eastgate/experiments/eastgate_topview_prewarp_displacement_v1/feature_layers/feature_layers_manifest.json,2318,d22e2ed76c354fd92bfb6f8df6401bf457be0e5a95c7fa5483af7cf3586ddc87
04_processed_trajectories_and_features/data/processed/bellevue_150th_eastgate/experiments/midpoint_iso_control_v1/feature_variants/features_coords_only.parquet,5433281,0968dcd441870ba7cd96a8f7c384c4440a2907af2c4e2e8ba654bbc68c7d319b
04_processed_trajectories_and_features/data/processed/bellevue_150th_eastgate/experiments/midpoint_iso_control_v1/feature_variants/features_coords_plus_midpoint.parquet,5953321,22f52d7ddb5b9b840d4f4fbb34e880eaed2cc16779253a1476f93ba1b567e877
04_processed_trajectories_and_features/data/processed/bellevue_150th_eastgate/experiments/midpoint_iso_control_v1/feature_variants/features_plus_direction.parquet,5953321,ea5c83f30b7e000c724a9cdbc0f7a29c41bb5dec1c92edbb84e852d1f9736f4d
04_processed_trajectories_and_features/data/processed/bellevue_150th_eastgate/experiments/midpoint_iso_control_v1/feature_variants/features_plus_straightness.parquet,5693299,4249832d91bd485656d18e68166fa2ea2a02d8e7d61f0a738315df19fc506de0
04_processed_trajectories_and_features/data/processed/bellevue_150th_eastgate/experiments/midpoint_iso_control_v1/feature_variants/feature_variant_manifest.json,3851,711e59f0aa7709e6dafa9b6c13f5fe574c6756c3125d2c72fd13b511628d4630
04_processed_trajectories_and_features/data/processed/bellevue_150th_eastgate/experiments/midpoint_iso_control_v1/method_comparison_variant_coords_only/methods_summary.csv,874,9ede5b9fe0c12b393c08f9605dac4346b0a90d5055aff3d2596b4f9ba7fef6b4
04_processed_trajectories_and_features/data/processed/bellevue_150th_eastgate/experiments/midpoint_iso_control_v1/method_comparison_variant_coords_only/methods_summary.partial.csv,874,9ede5b9fe0c12b393c08f9605dac4346b0a90d5055aff3d2596b4f9ba7fef6b4
04_processed_trajectories_and_features/data/processed/bellevue_150th_eastgate/experiments/midpoint_iso_control_v1/method_comparison_variant_coords_only/stats_hdbscan.json,501,c176e1016922c4627814387450dc094a9c5dcf99af1e281f95e6ff892917f091
04_processed_trajectories_and_features/data/processed/bellevue_150th_eastgate/experiments/midpoint_iso_control_v1/method_comparison_variant_coords_only/stats_kmeans.json,512,43c544ff7fb233057ffb73bef7316c1288f62dc1f2453dc774c61071cc8ad8c2
04_processed_trajectories_and_features/data/processed/bellevue_150th_eastgate/experiments/midpoint_iso_control_v1/method_comparison_variant_coords_only/stats_optics.json,489,f42d22bbdfa4838c73754e81cbec5a2ed10fcaa237b14cf1f562fee3e93e2d84
04_processed_trajectories_and_features/data/processed/bellevue_150th_eastgate/experiments/midpoint_iso_control_v1/method_comparison_variant_coords_only/trials_hdbscan.csv,4651,16fbf0f489ecb4c64eedf7019c6acea66e803f923dd25365f88895653b2bc4aa
04_processed_trajectories_and_features/data/processed/bellevue_150th_eastgate/experiments/midpoint_iso_control_v1/method_comparison_variant_coords_only/trials_hdbscan_coarse.csv,1978,5a95cef33bfa5936191d908969e90b0a51f8412e3bc384b7b27d7b851c1f177b
04_processed_trajectories_and_features/data/processed/bellevue_150th_eastgate/experiments/midpoint_iso_control_v1/method_comparison_variant_coords_only/trials_hdbscan_fine.csv,2824,a07295a17d89e0190cd9432cd1eadfcc65a00ed3d350dacd24c9c9bce0bcdd2c
04_processed_trajectories_and_features/data/processed/bellevue_150th_eastgate/experiments/midpoint_iso_control_v1/method_comparison_variant_coords_only/trials_kmeans.csv,4880,4344f4cd3403ecd141680a4e7567e32f635946d7642705b21031804fa5f0d543
04_processed_trajectories_and_features/data/processed/bellevue_150th_eastgate/experiments/midpoint_iso_control_v1/method_comparison_variant_coords_only/trials_kmeans_coarse.csv,2515,5e6b3e300b7a176300c03ede234f8c1ae1a641adbbee6bdca36ffbcabcc4fd24
04_processed_trajectories_and_features/data/processed/bellevue_150th_eastgate/experiments/midpoint_iso_control_v1/method_comparison_variant_coords_only/trials_kmeans_fine.csv,2512,f7350d3c7d12290fd5770f0b2967b561fee69813c0d570bacb21ec58742008db
04_processed_trajectories_and_features/data/processed/bellevue_150th_eastgate/experiments/midpoint_iso_control_v1/method_comparison_variant_coords_only/trials_optics.csv,5874,b3e45dd77964490fb3cf546786cfc81859e60cab9239bb93cd149009466d16b3
04_processed_trajectories_and_features/data/processed/bellevue_150th_eastgate/experiments/midpoint_iso_control_v1/method_comparison_variant_coords_only/trials_optics_coarse.csv,2947,29980e01f762e7b7fb698de2545f17223cfe459903a571ccf956309eba9c83da
04_processed_trajectories_and_features/data/processed/bellevue_150th_eastgate/experiments/midpoint_iso_control_v1/method_comparison_variant_coords_only/trials_optics_fine.csv,3056,0345f078df0177ebe999b1bcbc6c059747df1a8701be2be9efa933b32c5ee5a4
04_processed_trajectories_and_features/data/processed/bellevue_150th_eastgate/experiments/midpoint_iso_control_v1/method_comparison_variant_coords_only/visualizations/hdbscan_clusters_montage.png,2715191,57dcc9ac503f1d2f0b1d3ed9cd3a5c0ef0da4661dbbd44cf902de1cee938ceb3
04_processed_trajectories_and_features/data/processed/bellevue_150th_eastgate/experiments/midpoint_iso_control_v1/method_comparison_variant_coords_only/visualizations/hdbscan_clusters_overlay.png,2173400,d02e3730ca3b755c00935715353fb6f71faa02aa155e46607963fa480d9b0db4
04_processed_trajectories_and_features/data/processed/bellevue_150th_eastgate/experiments/midpoint_iso_control_v1/method_comparison_variant_coords_only/visualizations/kmeans_clusters_montage.png,2684356,6593b528fa601f470c734c3e0bb53e0c398611ac514d7911bb02e6e8d28a1bc4
04_processed_trajectories_and_features/data/processed/bellevue_150th_eastgate/experiments/midpoint_iso_control_v1/method_comparison_variant_coords_only/visualizations/kmeans_clusters_overlay.png,2184572,73e641db0573aa618191dc09a081a879ddd0a8715d2d764376d14ea7c608c8f9
04_processed_trajectories_and_features/data/processed/bellevue_150th_eastgate/experiments/midpoint_iso_control_v1/method_comparison_variant_coords_only/visualizations/optics_clusters_montage.png,2584946,10fffb186976cf38439882a3a147d63c5191d587f4da6fe468db0f4a802bb8dc
04_processed_trajectories_and_features/data/processed/bellevue_150th_eastgate/experiments/midpoint_iso_control_v1/method_comparison_variant_coords_only/visualizations/optics_clusters_overlay.png,2148324,86d12bd9b780cadea72ea2b4b6ad673ca0433c5f42abb6d9dc075adafa2e02e3
04_processed_trajectories_and_features/data/processed/bellevue_150th_eastgate/experiments/midpoint_iso_control_v1/method_comparison_variant_coords_plus_midpoint/methods_summary.csv,902,b2beceb3f431ba7d9b67f61863f984dd586102feae85b929db33a0d6abba42f3
04_processed_trajectories_and_features/data/processed/bellevue_150th_eastgate/experiments/midpoint_iso_control_v1/method_comparison_variant_coords_plus_midpoint/methods_summary.partial.csv,902,b2beceb3f431ba7d9b67f61863f984dd586102feae85b929db33a0d6abba42f3
04_processed_trajectories_and_features/data/processed/bellevue_150th_eastgate/experiments/midpoint_iso_control_v1/method_comparison_variant_coords_plus_midpoint/stats_hdbscan.json,502,5770898dfacdd1abcec639d36f3f62f25ec38413d4b14c7915194c6817a7af31
04_processed_trajectories_and_features/data/processed/bellevue_150th_eastgate/experiments/midpoint_iso_control_v1/method_comparison_variant_coords_plus_midpoint/stats_kmeans.json,511,12300207f06e4da5f3faf15de2a79422cb79150d921ca217825ba397d9b270c9
04_processed_trajectories_and_features/data/processed/bellevue_150th_eastgate/experiments/midpoint_iso_control_v1/method_comparison_variant_coords_plus_midpoint/stats_optics.json,490,8822690dacc3b0972f681f6b4737c176f62d0586e6871039191cba641d01a184
04_processed_trajectories_and_features/data/processed/bellevue_150th_eastgate/experiments/midpoint_iso_control_v1/method_comparison_variant_coords_plus_midpoint/trials_hdbscan.csv,4668,52191cac6f2a9fdfbc3d18eb1e32d79fdb799474aab2b90947d53b7df029578d
04_processed_trajectories_and_features/data/processed/bellevue_150th_eastgate/experiments/midpoint_iso_control_v1/method_comparison_variant_coords_plus_midpoint/trials_hdbscan_coarse.csv,1957,d1976028df61b1f8058eb339aa91e2f209c209fe43200ab6f62523570f74c0a1
04_processed_trajectories_and_features/data/processed/bellevue_150th_eastgate/experiments/midpoint_iso_control_v1/method_comparison_variant_coords_plus_midpoint/trials_hdbscan_fine.csv,2862,1cceba40f285d35d3514154ce3b3e8a5940259639155836f4f38c149df78c44e
04_processed_trajectories_and_features/data/processed/bellevue_150th_eastgate/experiments/midpoint_iso_control_v1/method_comparison_variant_coords_plus_midpoint/trials_kmeans.csv,5101,da3e32f4d0ab96b69a668591d51cba3abaca5a0dab4e0812a9e4a76b484b9d7e
04_processed_trajectories_and_features/data/processed/bellevue_150th_eastgate/experiments/midpoint_iso_control_v1/method_comparison_variant_coords_plus_midpoint/trials_kmeans_coarse.csv,2636,34cc8634062e67d2cb624ccbd688b79640d9038d2daa125c0669087fdc865d61
04_processed_trajectories_and_features/data/processed/bellevue_150th_eastgate/experiments/midpoint_iso_control_v1/method_comparison_variant_coords_plus_midpoint/trials_kmeans_fine.csv,2612,6ae0b81ad8f0fbe7678f5cdd9649afadb5d48182df14fa114ca351cad6e915cf
04_processed_trajectories_and_features/data/processed/bellevue_150th_eastgate/experiments/midpoint_iso_control_v1/method_comparison_variant_coords_plus_midpoint/trials_optics.csv,5806,7d5d8c073488c62299e03b117cb8b43fab20d34afeef38ce6686804f2b8b3a87
04_processed_trajectories_and_features/data/processed/bellevue_150th_eastgate/experiments/midpoint_iso_control_v1/method_comparison_variant_coords_plus_midpoint/trials_optics_coarse.csv,2930,0d50d9c9a02edc5d94e5b1468f117caeecbd9325c2a2bd3dee8a5b2cd92e5475
04_processed_trajectories_and_features/data/processed/bellevue_150th_eastgate/experiments/midpoint_iso_control_v1/method_comparison_variant_coords_plus_midpoint/trials_optics_fine.csv,3005,1bb77c91091f29637c5f182d5e366ee1a334f3a4ac421f617128a0744d315775
04_processed_trajectories_and_features/data/processed/bellevue_150th_eastgate/experiments/midpoint_iso_control_v1/method_comparison_variant_coords_plus_midpoint/visualizations/hdbscan_clusters_montage.png,2717186,687d8b21d49d1947831e6de59eb57152858a4bbaa1e869cfa1157a50cd1cc497
04_processed_trajectories_and_features/data/processed/bellevue_150th_eastgate/experiments/midpoint_iso_control_v1/method_comparison_variant_coords_plus_midpoint/visualizations/hdbscan_clusters_overlay.png,2176717,045a567ee8ab421f75acd09b93a95b5622dcd6ca9adec68c3afb1831725de5a0
04_processed_trajectories_and_features/data/processed/bellevue_150th_eastgate/experiments/midpoint_iso_control_v1/method_comparison_variant_coords_plus_midpoint/visualizations/kmeans_clusters_montage.png,2675446,948e105f2be253217cf0f497de592d55f9390b05afbd978da8e382383cb2590d
04_processed_trajectories_and_features/data/processed/bellevue_150th_eastgate/experiments/midpoint_iso_control_v1/method_comparison_variant_coords_plus_midpoint/visualizations/kmeans_clusters_overlay.png,2184301,0d2242b8de9eab03cebaacfb8df925527bc20f96edb3e80675531350587ceea2
04_processed_trajectories_and_features/data/processed/bellevue_150th_eastgate/experiments/midpoint_iso_control_v1/method_comparison_variant_coords_plus_midpoint/visualizations/optics_clusters_montage.png,2611570,2395976b25918679a3c0df236a950f2a7040e980c1f8da7ebb03cdc4087eeda9
04_processed_trajectories_and_features/data/processed/bellevue_150th_eastgate/experiments/midpoint_iso_control_v1/method_comparison_variant_coords_plus_midpoint/visualizations/optics_clusters_overlay.png,2150537,969344678f3449447c9d961f2a393755e46ab3836e1a80bd950dd8dd5d1c96f6
04_processed_trajectories_and_features/data/processed/bellevue_150th_eastgate/experiments/straightness_iso_control_v1/feature_variants/features_coords_only.parquet,4393001,3536c486a5a6ca337d33b0f2d80c48a902aa5f66a9ca5d78735dc7cb683fe1f6
04_processed_trajectories_and_features/data/processed/bellevue_150th_eastgate/experiments/straightness_iso_control_v1/feature_variants/features_plus_direction.parquet,4913041,29257996fcf72e51956762edbecf10d9207adec290defd533eba107675d9a798
04_processed_trajectories_and_features/data/processed/bellevue_150th_eastgate/experiments/straightness_iso_control_v1/feature_variants/features_plus_straightness.parquet,4653019,91c1fd4bf4365fffddf43454a95bf8b70f29316de37865887fb316a2cd59ea9d
04_processed_trajectories_and_features/data/processed/bellevue_150th_eastgate/experiments/straightness_iso_control_v1/feature_variants/feature_variant_manifest.json,3085,a5a0060875392de19d112b25d62314e3ec4ba8ca8267000ff43e82b95554d233
04_processed_trajectories_and_features/data/processed/bellevue_150th_eastgate/experiments/straightness_iso_control_v1/method_comparison_variant_coords_only/methods_summary.csv,876,daea79f25c47ca129e5267e14df59a3785d7a8d0fe1bce917e0b971222501f0d
04_processed_trajectories_and_features/data/processed/bellevue_150th_eastgate/experiments/straightness_iso_control_v1/method_comparison_variant_coords_only/methods_summary.partial.csv,876,daea79f25c47ca129e5267e14df59a3785d7a8d0fe1bce917e0b971222501f0d
04_processed_trajectories_and_features/data/processed/bellevue_150th_eastgate/experiments/straightness_iso_control_v1/method_comparison_variant_coords_only/stats_hdbscan.json,502,1bbb18e7f2aa2ea57c8e771a770eda49bee540f6a799715fe529a93759a87dff
04_processed_trajectories_and_features/data/processed/bellevue_150th_eastgate/experiments/straightness_iso_control_v1/method_comparison_variant_coords_only/stats_kmeans.json,513,66e469758b42f478c1973530a48847361fd16a18601b3b842f816b0cb5f1d5b1
04_processed_trajectories_and_features/data/processed/bellevue_150th_eastgate/experiments/straightness_iso_control_v1/method_comparison_variant_coords_only/stats_optics.json,489,3c7292f447dcbb9f2a452b39f84c8b48f9d619d779f7eb15576ce30393dcd108
04_processed_trajectories_and_features/data/processed/bellevue_150th_eastgate/experiments/straightness_iso_control_v1/method_comparison_variant_coords_only/trials_hdbscan.csv,4649,f2aef300d8d3f3b8768f17b1948521d287e69621e2f89b3d005322e0d7f5a39f
04_processed_trajectories_and_features/data/processed/bellevue_150th_eastgate/experiments/straightness_iso_control_v1/method_comparison_variant_coords_only/trials_hdbscan_coarse.csv,1980,062b329ede014e3aae33bd17128e1766d6559fc83704d1798c981f3b46a42750
04_processed_trajectories_and_features/data/processed/bellevue_150th_eastgate/experiments/straightness_iso_control_v1/method_comparison_variant_coords_only/trials_hdbscan_fine.csv,2820,410f12ee3de3efc0f57b6ce259a289a1d98aa424239d53bf4ac0893678f15cea
04_processed_trajectories_and_features/data/processed/bellevue_150th_eastgate/experiments/straightness_iso_control_v1/method_comparison_variant_coords_only/trials_kmeans.csv,4882,02dd5bed78e6c85129b244d21d086fa02d62e49ccd4b171082ae6ef9c22b719a
04_processed_trajectories_and_features/data/processed/bellevue_150th_eastgate/experiments/straightness_iso_control_v1/method_comparison_variant_coords_only/trials_kmeans_coarse.csv,2517,70bce6008f7d5d85fc57c88ab1c0b259eb39bf857eceb1b0ab75c3ebc7f0a53e
04_processed_trajectories_and_features/data/processed/bellevue_150th_eastgate/experiments/straightness_iso_control_v1/method_comparison_variant_coords_only/trials_kmeans_fine.csv,2512,61667f66d235d89a038905a812a9e23511c7b0dcc8968c7b174c851078fc99c2
04_processed_trajectories_and_features/data/processed/bellevue_150th_eastgate/experiments/straightness_iso_control_v1/method_comparison_variant_coords_only/trials_optics.csv,5874,3a4be84b958965f8c4309e629e840f974c16acd9cf89d57d5cea413a6feca89e
04_processed_trajectories_and_features/data/processed/bellevue_150th_eastgate/experiments/straightness_iso_control_v1/method_comparison_variant_coords_only/trials_optics_coarse.csv,2947,51d6e371affb7cd489b201302f911ffcd2b562dfcb54041e0ef4340a9adaf5af
04_processed_trajectories_and_features/data/processed/bellevue_150th_eastgate/experiments/straightness_iso_control_v1/method_comparison_variant_coords_only/trials_optics_fine.csv,3056,6c33e43ac64f5706cd6ba1ca4d282e5773bda41cce86365819a29b3891e22f6d
04_processed_trajectories_and_features/data/processed/bellevue_150th_eastgate/experiments/straightness_iso_control_v1/method_comparison_variant_coords_only/visualizations/hdbscan_clusters_montage.png,2715191,57dcc9ac503f1d2f0b1d3ed9cd3a5c0ef0da4661dbbd44cf902de1cee938ceb3
04_processed_trajectories_and_features/data/processed/bellevue_150th_eastgate/experiments/straightness_iso_control_v1/method_comparison_variant_coords_only/visualizations/hdbscan_clusters_overlay.png,2173400,d02e3730ca3b755c00935715353fb6f71faa02aa155e46607963fa480d9b0db4
04_processed_trajectories_and_features/data/processed/bellevue_150th_eastgate/experiments/straightness_iso_control_v1/method_comparison_variant_coords_only/visualizations/kmeans_clusters_montage.png,2684356,6593b528fa601f470c734c3e0bb53e0c398611ac514d7911bb02e6e8d28a1bc4
04_processed_trajectories_and_features/data/processed/bellevue_150th_eastgate/experiments/straightness_iso_control_v1/method_comparison_variant_coords_only/visualizations/kmeans_clusters_overlay.png,2184572,73e641db0573aa618191dc09a081a879ddd0a8715d2d764376d14ea7c608c8f9
04_processed_trajectories_and_features/data/processed/bellevue_150th_eastgate/experiments/straightness_iso_control_v1/method_comparison_variant_coords_only/visualizations/optics_clusters_montage.png,2584946,10fffb186976cf38439882a3a147d63c5191d587f4da6fe468db0f4a802bb8dc
04_processed_trajectories_and_features/data/processed/bellevue_150th_eastgate/experiments/straightness_iso_control_v1/method_comparison_variant_coords_only/visualizations/optics_clusters_overlay.png,2148324,86d12bd9b780cadea72ea2b4b6ad673ca0433c5f42abb6d9dc075adafa2e02e3
04_processed_trajectories_and_features/data/processed/bellevue_150th_eastgate/experiments/straightness_iso_control_v1/method_comparison_variant_plus_straightness/methods_summary.csv,910,ce63601660842f2f1008f91020063a4fcd92cb80dbde110669b27f8b705f9314
04_processed_trajectories_and_features/data/processed/bellevue_150th_eastgate/experiments/straightness_iso_control_v1/method_comparison_variant_plus_straightness/methods_summary.partial.csv,910,ce63601660842f2f1008f91020063a4fcd92cb80dbde110669b27f8b705f9314
04_processed_trajectories_and_features/data/processed/bellevue_150th_eastgate/experiments/straightness_iso_control_v1/method_comparison_variant_plus_straightness/stats_hdbscan.json,501,5062b4d60ce5e399f2a8fa9c684a4a3aa692d88354f5c1d9748e0b288388dbf6
04_processed_trajectories_and_features/data/processed/bellevue_150th_eastgate/experiments/straightness_iso_control_v1/method_comparison_variant_plus_straightness/stats_kmeans.json,512,5b24c3d8619be22952e296a259661e4123573a05c3ee88ed58a8927d31ad078a
04_processed_trajectories_and_features/data/processed/bellevue_150th_eastgate/experiments/straightness_iso_control_v1/method_comparison_variant_plus_straightness/stats_optics.json,507,e0405a66b7f1dff5f86f618fc5f00346a65997f6357053b9894be1ecf9b9245f
04_processed_trajectories_and_features/data/processed/bellevue_150th_eastgate/experiments/straightness_iso_control_v1/method_comparison_variant_plus_straightness/trials_hdbscan.csv,4687,c854795396b6f22aa653225b6daf2f1ff7c92b7b1da2fe3cdc3cefdc443aa993
04_processed_trajectories_and_features/data/processed/bellevue_150th_eastgate/experiments/straightness_iso_control_v1/method_comparison_variant_plus_straightness/trials_hdbscan_coarse.csv,1982,fc6f67bcd7740e6e06603d3572848ae06112b8ab08b91d63dde0957e6268cab4
04_processed_trajectories_and_features/data/processed/bellevue_150th_eastgate/experiments/straightness_iso_control_v1/method_comparison_variant_plus_straightness/trials_hdbscan_fine.csv,2856,8555ec92b1502c5ccc8f192d337e9997ca71717875ac35378aa5d8c70c50790a
04_processed_trajectories_and_features/data/processed/bellevue_150th_eastgate/experiments/straightness_iso_control_v1/method_comparison_variant_plus_straightness/trials_kmeans.csv,5128,fadf4d4abc4204515e599279d835a43fb9a59854ba428c252331edf55f5136aa
04_processed_trajectories_and_features/data/processed/bellevue_150th_eastgate/experiments/straightness_iso_control_v1/method_comparison_variant_plus_straightness/trials_kmeans_coarse.csv,2661,e51a1a9bdaf922c26765b58bb7e7d439ce4d3feff4eab97b6d23329ee081b21c
04_processed_trajectories_and_features/data/processed/bellevue_150th_eastgate/experiments/straightness_iso_control_v1/method_comparison_variant_plus_straightness/trials_kmeans_fine.csv,2614,7f281ba02ac655d9f6532a76e5e171d1c5d49d8f8de42d7b0815fd5267cc57c4
04_processed_trajectories_and_features/data/processed/bellevue_150th_eastgate/experiments/straightness_iso_control_v1/method_comparison_variant_plus_straightness/trials_optics.csv,5883,8bf6e6699e07bccbd9a8ea34c8a2943aff99ce36ad43506f33bab0c51d5da10d
04_processed_trajectories_and_features/data/processed/bellevue_150th_eastgate/experiments/straightness_iso_control_v1/method_comparison_variant_plus_straightness/trials_optics_coarse.csv,2974,2803e6c80d1c2269ab00be64d2f799f523838d48fbf9261a1b511c9f11ed6a9e
04_processed_trajectories_and_features/data/processed/bellevue_150th_eastgate/experiments/straightness_iso_control_v1/method_comparison_variant_plus_straightness/trials_optics_fine.csv,3038,a0d5d0ba959644348ae678e1b15af0f4885eb0cdf94a350f78d6729907665635
04_processed_trajectories_and_features/data/processed/bellevue_150th_eastgate/experiments/straightness_iso_control_v1/method_comparison_variant_plus_straightness/visualizations/hdbscan_clusters_montage.png,2756499,edd2a3c7615a38fe4894de5feb230f0b09bf32f8bca706f0bc2e909dbdb19700
04_processed_trajectories_and_features/data/processed/bellevue_150th_eastgate/experiments/straightness_iso_control_v1/method_comparison_variant_plus_straightness/visualizations/hdbscan_clusters_overlay.png,2173730,8336047ed54986c8fd93ab8c1cc77fc85893cc1f835356314a4895517cb7691d
04_processed_trajectories_and_features/data/processed/bellevue_150th_eastgate/experiments/straightness_iso_control_v1/method_comparison_variant_plus_straightness/visualizations/kmeans_clusters_montage.png,2677835,53b4851cde2050451a09d0b4ef6d8df00f62a79ed3d2d0442a95058726d6b35a
04_processed_trajectories_and_features/data/processed/bellevue_150th_eastgate/experiments/straightness_iso_control_v1/method_comparison_variant_plus_straightness/visualizations/kmeans_clusters_overlay.png,2177896,ec422ad60e98363c39d6f8b4e7bfbe5c5690121f2b7854c8c4e07d009b522a2a
04_processed_trajectories_and_features/data/processed/bellevue_150th_eastgate/experiments/straightness_iso_control_v1/method_comparison_variant_plus_straightness/visualizations/optics_clusters_montage.png,2606131,1fc68701100f1c943b21e6e785e3db98f417c23c877403aae89dcb62cc677b96
04_processed_trajectories_and_features/data/processed/bellevue_150th_eastgate/experiments/straightness_iso_control_v1/method_comparison_variant_plus_straightness/visualizations/optics_clusters_overlay.png,2160502,428a824b778cfed3b5e553a69f16c09fb0aa80c0e3bfe746a4e3555eb35d2de7
04_processed_trajectories_and_features/data/processed/bellevue_150th_eastgate/feature_analysis/displacement_full_vs_trimmed_hist.png,54014,e5ca6887e8f5e22dd3952c6dd265c8bc7658dda9798cbc4fda3cdc17170287bd
04_processed_trajectories_and_features/data/processed/bellevue_150th_eastgate/feature_analysis/displacement_norm_full_vs_trimmed_hist.png,51955,dc497f0c9dd8d73df876b6cead7bf9e38fb6a9e75662a87c1cbddf719cbf4393
04_processed_trajectories_and_features/data/processed/bellevue_150th_eastgate/feature_analysis/displacement_rejected_arrows.png,2856500,4120b98307cb36fe69ac44eb0a26d874d120a2c7095ac01d97dfbe0750b8d925
04_processed_trajectories_and_features/data/processed/bellevue_150th_eastgate/feature_analysis/displacement_rejected_hist.png,66666,98386a45b7d1c8e64074d981f495fb247d708d0a1d186f308f1d606f9107c325
04_processed_trajectories_and_features/data/processed/bellevue_150th_eastgate/feature_analysis/displacement_rejected_summary.json,1382,adb23a98aaafec45e83313b92c4939226647cc942d880f73155c744e48e1ffab
04_processed_trajectories_and_features/data/processed/bellevue_150th_eastgate/feature_analysis/displacement_thresholds.parquet,3567,882c3e95006c4b7c3e396cc04eecf0dbf29894e0d3be3684150019db014fc6ea
04_processed_trajectories_and_features/data/processed/bellevue_150th_eastgate/feature_analysis/displacement_threshold_explorer_preview.png,1246528,ddcfa80540d9c7a273935bc16e547c6442649269590e97d0b7052a41b317b117
04_processed_trajectories_and_features/data/processed/bellevue_150th_eastgate/feature_analysis/displacement_threshold_explorer_preview_all_trajs.png,2101768,3027a2ace162e80a8b5f0b6286ec85e91dd261717c1293d7e4af18424ea9d8fc
04_processed_trajectories_and_features/data/processed/bellevue_150th_eastgate/feature_analysis/features_rejected_by_displacement_norm.parquet,9887140,6258d5db8f747ab4ba3a489d52da839fa1b4f6f1a72d24ab056f6c24029a8ac0
04_processed_trajectories_and_features/data/processed/bellevue_150th_eastgate/feature_analysis/features_trimmed_disp.parquet,21527429,e58e2b4fac2a02ef362d65f787df115eb47af015c14953d8c940108b82d6304e
04_processed_trajectories_and_features/data/processed/bellevue_150th_eastgate/feature_analysis/features_trimmed_disp_norm.parquet,8794790,2e032831898f6935f98d786cf69043af97cc638d0d8ffff0727e8c3837ffc47d
04_processed_trajectories_and_features/data/processed/bellevue_150th_eastgate/feature_analysis/feature_analysis_report.md,2210,9050817eeaeb303b8f1b319db0cdd06d6bcf3b5afb3ada32daa8cff4cf7b3008
04_processed_trajectories_and_features/data/processed/bellevue_150th_eastgate/feature_analysis/feature_histograms.png,123844,c48b6590ab2e1373592f9040a2f58c7353dcd0c83607b1816f8c31f3daaafa3c
04_processed_trajectories_and_features/data/processed/bellevue_150th_eastgate/feature_analysis/feature_metric_quantiles.csv,2552,1a21552799dfd9924355d5cc836fa66ef200664c8b23fe207619b333f6f6759b
04_processed_trajectories_and_features/data/processed/bellevue_150th_eastgate/feature_analysis/feature_threshold_summary.json,1738,62d3b16619a243229a843437d833c58e46d5de1c7c1ff12f95eac82689259e40
04_processed_trajectories_and_features/data/processed/bellevue_150th_eastgate/feature_analysis/feature_trim_candidates.csv,4007,c2039b00236dfb0a06b5cd5cec04d30884df251dd3e7cbc65be6700bd07887b1
04_processed_trajectories_and_features/data/processed/bellevue_150th_eastgate/feature_analysis/feature_trim_summary.json,525,679ce17bb57fafbf58fb47bf8126af4a169d1de1061ddfa7448cf86927c7fdc3
04_processed_trajectories_and_features/data/processed/bellevue_150th_eastgate/feature_analysis/frame_span_full_vs_trimmed_hist.png,54721,d0c70271941fabdca8641dd8fd9801ad21516b1c772c16c31c3b7a2f2d019971
04_processed_trajectories_and_features/data/processed/bellevue_150th_eastgate/feature_analysis/start_end_comparison.png,2611824,f7776940d51ff1da2de17c119c27d52d936807b2859ba43901f9f20d8d2fe716
04_processed_trajectories_and_features/data/processed/bellevue_150th_eastgate/feature_analysis/start_end_comparison_2x2.png,5758605,de6f2dacc160f8af8d26815a006562a6e0a6ddf77e81f4e77e12c046f7bee788
04_processed_trajectories_and_features/data/processed/bellevue_150th_eastgate/feature_analysis/start_end_comparison_2x2_displacement.png,5806450,092cf48dc9264af41f524b76e23e3b657c607fa5f060b85d63f338d3498d1973
04_processed_trajectories_and_features/data/processed/bellevue_150th_eastgate/feature_analysis/start_end_comparison_2x2_displacement_norm.png,5203142,bf9f2582c2bb2fcefd6dcae1375b24c191ccaa8466959a08167314d2e432a3ed
04_processed_trajectories_and_features/data/processed/bellevue_150th_eastgate/feature_analysis/feature_analysis/displacement_threshold_explorer_preview.png,1246528,ddcfa80540d9c7a273935bc16e547c6442649269590e97d0b7052a41b317b117
04_processed_trajectories_and_features/data/processed/bellevue_150th_eastgate/feature_layers/features_core_raw.parquet,17131987,ee18442c3c1a9c50a5016dafc24c1b173cdb170ab76e5727236ad649f3aa8ffc
04_processed_trajectories_and_features/data/processed/bellevue_150th_eastgate/feature_layers/features_scene_norm.parquet,5546539,1d090658143a4fb959db6c2091fd4251f06565bf4c2345d586054f613c5b3aa7
04_processed_trajectories_and_features/data/processed/bellevue_150th_eastgate/feature_layers/features_vector_revers.parquet,5331712,e22856f9976776875f7900f106e09a11b461c9cb481f191ddd7c7ff4895136f6
04_processed_trajectories_and_features/data/processed/bellevue_150th_eastgate/feature_layers/features_vector_revers_manifest.json,246,ed966d40744de0ac396e4f23c6d5e33fa3cb9dd718363ff1727975538892d4cb
04_processed_trajectories_and_features/data/processed/bellevue_150th_eastgate/feature_layers/feature_layers_manifest.json,1987,7aa5188a2223145bccca6072c5df4246e007d896604defcee36fcf3584b5f9c0
04_processed_trajectories_and_features/data/processed/bellevue_150th_eastgate/feature_variants/features_all_norm.parquet,6498556,b1b9a3411db039807e6717cf83226382a8d396d33b2206dde325315051302387
04_processed_trajectories_and_features/data/processed/bellevue_150th_eastgate/feature_variants/features_baseline_norm4.parquet,5166428,b42aa434f81e5237ce673f272d1b12f130187d9eae336bf2d04d83791b16cbf3
04_processed_trajectories_and_features/data/processed/bellevue_150th_eastgate/feature_variants/features_coords_only.parquet,4393001,3536c486a5a6ca337d33b0f2d80c48a902aa5f66a9ca5d78735dc7cb683fe1f6
04_processed_trajectories_and_features/data/processed/bellevue_150th_eastgate/feature_variants/features_plus_direction.parquet,4913041,29257996fcf72e51956762edbecf10d9207adec290defd533eba107675d9a798
04_processed_trajectories_and_features/data/processed/bellevue_150th_eastgate/feature_variants/features_plus_straightness.parquet,4653019,91c1fd4bf4365fffddf43454a95bf8b70f29316de37865887fb316a2cd59ea9d
04_processed_trajectories_and_features/data/processed/bellevue_150th_eastgate/feature_variants/feature_variants_manifest.json,2260,872a55d30a99646f69a10fe19f34b672ffde531f7ebc14a544477338f3a797f3
04_processed_trajectories_and_features/data/processed/bellevue_150th_eastgate/feature_variants/feature_variant_manifest.json,2875,ec0e02afdc10f546fc7c707acff516587af2dc44dddde8115cb41dad39708e6c
04_processed_trajectories_and_features/data/processed/bellevue_150th_eastgate/method_comparison/methods_summary.csv,1221,dad30cf6717c64472bab4077523964c054fb7d61e1aafa5f666bda9410211583
04_processed_trajectories_and_features/data/processed/bellevue_150th_eastgate/method_comparison/methods_summary.partial.csv,1221,dad30cf6717c64472bab4077523964c054fb7d61e1aafa5f666bda9410211583
04_processed_trajectories_and_features/data/processed/bellevue_150th_eastgate/method_comparison/stats_birch.json,304,47603a1938286989c323b50e303219990cb3d2634759009536612686940d9e6f
04_processed_trajectories_and_features/data/processed/bellevue_150th_eastgate/method_comparison/stats_dbscan.json,318,6130c180768b1d81879b28e2e2b2fcd2bc5437c93a4840d6c50080d8ed43610a
04_processed_trajectories_and_features/data/processed/bellevue_150th_eastgate/method_comparison/stats_gmm.json,307,73bfed132510881d017a64d6a1640f5696090bf5ae298031fdf850ac32ddb5c4
04_processed_trajectories_and_features/data/processed/bellevue_150th_eastgate/method_comparison/stats_hdbscan.json,339,2da4400f0fc915f9be9ea72eead7eed3055f602fa18ff115206534bb930c02f4
04_processed_trajectories_and_features/data/processed/bellevue_150th_eastgate/method_comparison/stats_kmeans.json,363,36a6ab69b2df1e26ed1ad4976282cddfc5bd421e10970afc7aa9bdf436657353
04_processed_trajectories_and_features/data/processed/bellevue_150th_eastgate/method_comparison/stats_optics.json,329,f6951d06c0580770043365864e7c75680f88070109b071b012e5e26f1ba82997
04_processed_trajectories_and_features/data/processed/bellevue_150th_eastgate/method_comparison/trials_birch.csv,883,7044913432c72433505008b9b209074c5cdc5c1e012a636c0ffb18e4dfc63a78
04_processed_trajectories_and_features/data/processed/bellevue_150th_eastgate/method_comparison/trials_dbscan.csv,1255,af59685d144abc428f933ff86892ef02d366707e507f814ca4476701dcc075c8
04_processed_trajectories_and_features/data/processed/bellevue_150th_eastgate/method_comparison/trials_gmm.csv,636,14d2756dcd2cc46c9c65e02c146ce6932d07b9925b0db609addc6ed4e65f44e1
04_processed_trajectories_and_features/data/processed/bellevue_150th_eastgate/method_comparison/trials_hdbscan.csv,1677,e8f1969bb73c85c954d3e3118a803eb6c6d1fc98a38d0476c0d6775609d933c7
04_processed_trajectories_and_features/data/processed/bellevue_150th_eastgate/method_comparison/trials_kmeans.csv,2627,937cbc20eee032bf3b0123efa9ff1c0f8c8761d1101ebaaab436340b7b8a136f
04_processed_trajectories_and_features/data/processed/bellevue_150th_eastgate/method_comparison/trials_optics.csv,3738,473731e928ca6ebc561024bd2290c1f68ffbed7e7642327c9672ae64b211c540
04_processed_trajectories_and_features/data/processed/bellevue_150th_eastgate/method_comparison/visualizations/birch_clusters_montage.png,2930770,dcb6b489602325403eb2b621a0a92223cd1f61df57baafca5b397ad2c729435a
04_processed_trajectories_and_features/data/processed/bellevue_150th_eastgate/method_comparison/visualizations/birch_clusters_overlay.png,2211689,358c6d6bf1ae85d18b131cd325aebc90c89ead7982ca3f29715cc608f173d8a9
04_processed_trajectories_and_features/data/processed/bellevue_150th_eastgate/method_comparison/visualizations/dbscan_clusters_montage.png,3323708,9aca1806846acc7963d4749555a1f2c0a1fb1e72a08b7171418455d0964bc287
04_processed_trajectories_and_features/data/processed/bellevue_150th_eastgate/method_comparison/visualizations/dbscan_clusters_overlay.png,2211227,fb96e7e7a69326b5f1106d0974c01d6db09b85560d164dcd1cb929054a43fc13
04_processed_trajectories_and_features/data/processed/bellevue_150th_eastgate/method_comparison/visualizations/gmm_clusters_montage.png,2941814,96be4257d9727d67c36f2b965a49e06243d4684a13ba18afa2247deecf768d7a
04_processed_trajectories_and_features/data/processed/bellevue_150th_eastgate/method_comparison/visualizations/gmm_clusters_overlay.png,2217095,2a39c13b1bfde7c1b9dad72d7bd1e9136e58e2543907d5b2f2e8a31bdc301ade
04_processed_trajectories_and_features/data/processed/bellevue_150th_eastgate/method_comparison/visualizations/hdbscan_clusters_montage.png,2797615,4e3d5b75eb97e22eb22864a5866a628d8f188ac818c1def066b9588b9b06be49
04_processed_trajectories_and_features/data/processed/bellevue_150th_eastgate/method_comparison/visualizations/hdbscan_clusters_overlay.png,2207609,5341c3ef90e4b7e2eb979174194c2c6ffe231aca95482bd8bb2e7458d97c8e62
04_processed_trajectories_and_features/data/processed/bellevue_150th_eastgate/method_comparison/visualizations/kmeans_clusters_montage.png,3573113,42326d311a0a337b5f3a9d776394424850971ad17597d548f642439e22a7266b
04_processed_trajectories_and_features/data/processed/bellevue_150th_eastgate/method_comparison/visualizations/kmeans_clusters_overlay.png,2213278,53023e813cf3e1fec48d88d6dc07f7f61e9aecc94117210685fa663713329918
04_processed_trajectories_and_features/data/processed/bellevue_150th_eastgate/method_comparison/visualizations/optics_clusters_montage.png,2242209,2592dc7cac73827106e81cb36450b33d0272a7603039a1e22c9939f6ef6fa29f
04_processed_trajectories_and_features/data/processed/bellevue_150th_eastgate/method_comparison/visualizations/optics_clusters_overlay.png,2208315,71cfb9e9fd94f3ae588c9aa1b6e84da3917fbc21c4a4cdd4c8889e833d5d882b
04_processed_trajectories_and_features/data/processed/bellevue_150th_eastgate/method_comparison_variant_all_norm/methods_summary.csv,1159,2870f1df5b2bc265f3d556e2a168cf7dff4682a89ec46a5185e9317976c2e414
04_processed_trajectories_and_features/data/processed/bellevue_150th_eastgate/method_comparison_variant_all_norm/methods_summary.partial.csv,1159,2870f1df5b2bc265f3d556e2a168cf7dff4682a89ec46a5185e9317976c2e414
04_processed_trajectories_and_features/data/processed/bellevue_150th_eastgate/method_comparison_variant_all_norm/stats_birch.json,307,6dd704b7fdd5998c8afc380a865f31cd8a0500dddc9a67af89e1e4ab7f8eb2a3
04_processed_trajectories_and_features/data/processed/bellevue_150th_eastgate/method_comparison_variant_all_norm/stats_dbscan.json,328,eba87c1d824abc0aaa852baf5c55aadc943d2db2d657f67d09673b70c8788150
04_processed_trajectories_and_features/data/processed/bellevue_150th_eastgate/method_comparison_variant_all_norm/stats_gmm.json,307,a8377e3204da396693808c6c26eb9b0e5a498fa17534eaba1fdbe37d5ed9ac47
04_processed_trajectories_and_features/data/processed/bellevue_150th_eastgate/method_comparison_variant_all_norm/stats_hdbscan.json,352,593b847e3b7937368172d262b25e0e7d0c7b2d3d1a423ccc7ecb652c7af0a23d
04_processed_trajectories_and_features/data/processed/bellevue_150th_eastgate/method_comparison_variant_all_norm/stats_kmeans.json,352,8af21a478b91de4848365ce3a538db658647e4c32825ad683b5bf15f635ec158
04_processed_trajectories_and_features/data/processed/bellevue_150th_eastgate/method_comparison_variant_all_norm/stats_optics.json,340,9e96d16a4bfdeaff5adfe84fe2e315df5aa69f8f3a870f652099c54b8024a7f4
04_processed_trajectories_and_features/data/processed/bellevue_150th_eastgate/method_comparison_variant_all_norm/trials_birch.csv,1038,6dd092fd9b6322c7a004e744917aa01c5387b6a69dd28cfebe2dd2580ace14e0
04_processed_trajectories_and_features/data/processed/bellevue_150th_eastgate/method_comparison_variant_all_norm/trials_dbscan.csv,1350,9a509354aedf5897577b417741c1673e643e985a49865a36f8f9143fb2be33a0
04_processed_trajectories_and_features/data/processed/bellevue_150th_eastgate/method_comparison_variant_all_norm/trials_gmm.csv,708,b43cb0c0b04944c13acd19e637c35f02314913f538611d6d061ba5fbb27e7fc1
04_processed_trajectories_and_features/data/processed/bellevue_150th_eastgate/method_comparison_variant_all_norm/trials_hdbscan.csv,1793,684c142aa2d47d3d377dae4342657c0af7dface5ebce3dd204ea5c3bec528c2d
04_processed_trajectories_and_features/data/processed/bellevue_150th_eastgate/method_comparison_variant_all_norm/trials_kmeans.csv,2880,616a4853a0c92ce672cd5f52d3b1996ce89f66fd14e759d698fc9046da17645e
04_processed_trajectories_and_features/data/processed/bellevue_150th_eastgate/method_comparison_variant_all_norm/trials_optics.csv,4003,ab456c28daac06f873691c1ed18dce4df5ee02b383e9515f2cb91abafc5df029
04_processed_trajectories_and_features/data/processed/bellevue_150th_eastgate/method_comparison_variant_all_norm/visualizations/birch_clusters_montage.png,3542695,594689708cf4cdf6376793a4ef4766071c796a73f4dda20057482e8abcb322d4
04_processed_trajectories_and_features/data/processed/bellevue_150th_eastgate/method_comparison_variant_all_norm/visualizations/birch_clusters_overlay.png,2188689,3de948958e40bb9bd9969559f8ac7be57a073a31891d99931ee0b849cf07c09d
04_processed_trajectories_and_features/data/processed/bellevue_150th_eastgate/method_comparison_variant_all_norm/visualizations/dbscan_clusters_montage.png,2879427,c592bbc3046547ba2d5328a530c5a8bde41d6cf395e9b81a9e8b93ca64280500
04_processed_trajectories_and_features/data/processed/bellevue_150th_eastgate/method_comparison_variant_all_norm/visualizations/dbscan_clusters_overlay.png,2191079,5a997b0ed88f1624b88301e663ea54365f594397bd3aa368b67c3994d309444c
04_processed_trajectories_and_features/data/processed/bellevue_150th_eastgate/method_comparison_variant_all_norm/visualizations/gmm_clusters_montage.png,3542917,774fd94d5e0306ca0db0415302bf7e0abec9dd7732320f823480fb98afcdf198
04_processed_trajectories_and_features/data/processed/bellevue_150th_eastgate/method_comparison_variant_all_norm/visualizations/gmm_clusters_overlay.png,2186428,1d82c0ac1d79f4d286ef83c0ec73c32a77f8f7068994e451b817e3a5f7713849
04_processed_trajectories_and_features/data/processed/bellevue_150th_eastgate/method_comparison_variant_all_norm/visualizations/hdbscan_clusters_montage.png,2792619,de0239f76e4c4a2574b54af5174f7bff4629a9ed5ac601b3de0c3067d80cf2e9
04_processed_trajectories_and_features/data/processed/bellevue_150th_eastgate/method_comparison_variant_all_norm/visualizations/hdbscan_clusters_overlay.png,2176261,b2362fea8afc26eeae8717c82783204a7f1abbefcf138336259ce73fa70deb6c
04_processed_trajectories_and_features/data/processed/bellevue_150th_eastgate/method_comparison_variant_all_norm/visualizations/kmeans_clusters_montage.png,3579820,27806369d2108c3f7a71e1356bb897836da5e55a60faae1952dc46734f10afb3
04_processed_trajectories_and_features/data/processed/bellevue_150th_eastgate/method_comparison_variant_all_norm/visualizations/kmeans_clusters_overlay.png,2186191,328a087454ad613351f6a9560f382deebe3035dc65fded1d2ed47fa24bb3b15f
04_processed_trajectories_and_features/data/processed/bellevue_150th_eastgate/method_comparison_variant_all_norm/visualizations/optics_clusters_montage.png,2296328,a3244736145de85b4068f7d1201bca5051e0f9ee95122cd0ccfc7215eea7b6bd
04_processed_trajectories_and_features/data/processed/bellevue_150th_eastgate/method_comparison_variant_all_norm/visualizations/optics_clusters_overlay.png,2184088,4af28678dced8896cefbc3adb96cc2e6aca59056540f9f58412e9e9a53d89c3b
04_processed_trajectories_and_features/data/processed/bellevue_150th_eastgate/method_comparison_variant_baseline_norm4/methods_summary.csv,1185,3f41dc78a55abe6dd2680023ff9774aafed731eecdcb3b2a4961ce103d323970
04_processed_trajectories_and_features/data/processed/bellevue_150th_eastgate/method_comparison_variant_baseline_norm4/methods_summary.partial.csv,1185,3f41dc78a55abe6dd2680023ff9774aafed731eecdcb3b2a4961ce103d323970
04_processed_trajectories_and_features/data/processed/bellevue_150th_eastgate/method_comparison_variant_baseline_norm4/stats_birch.json,305,c6c161e124d0927f6c0175f17cf800d767c260e435876542001d9d7d6d2fe2ce
04_processed_trajectories_and_features/data/processed/bellevue_150th_eastgate/method_comparison_variant_baseline_norm4/stats_dbscan.json,331,eeddbf1151aa79cf121b36406d546715e5219d068795e879a3fa4696e414b674
04_processed_trajectories_and_features/data/processed/bellevue_150th_eastgate/method_comparison_variant_baseline_norm4/stats_gmm.json,318,956754a3857601c741c740764e526fa1a6245798b6b184e7d0d0f257650f6230
04_processed_trajectories_and_features/data/processed/bellevue_150th_eastgate/method_comparison_variant_baseline_norm4/stats_hdbscan.json,339,c13db65758a84583b963cdd4af9138324e313c62fe8acdcaf686e4afd93002d7
04_processed_trajectories_and_features/data/processed/bellevue_150th_eastgate/method_comparison_variant_baseline_norm4/stats_kmeans.json,355,291297067e61dab8a49a8db5cc141406189d98cd770211e299b1daf176e032df
04_processed_trajectories_and_features/data/processed/bellevue_150th_eastgate/method_comparison_variant_baseline_norm4/stats_optics.json,328,938ede2f01b4e787c32fe889c9af7943feb51e8ff6efeb5a07050e0eb6cbc89a
04_processed_trajectories_and_features/data/processed/bellevue_150th_eastgate/method_comparison_variant_baseline_norm4/trials_birch.csv,1032,0bd2b6324b88c6e8623eac4501f28142bbf6489865f15dbbe77f083a348efd1f
04_processed_trajectories_and_features/data/processed/bellevue_150th_eastgate/method_comparison_variant_baseline_norm4/trials_dbscan.csv,1355,96f8790e26ca0d128f9acbd37754350ee85d303314650c31e976f011009887a0
04_processed_trajectories_and_features/data/processed/bellevue_150th_eastgate/method_comparison_variant_baseline_norm4/trials_gmm.csv,714,e6dd7bdd0d7a5d3b9b3d723665b61f4f147fda2936f3c56dbb897e6a3c642dad
04_processed_trajectories_and_features/data/processed/bellevue_150th_eastgate/method_comparison_variant_baseline_norm4/trials_hdbscan.csv,1796,40fdafe594062e5c856f6c2ba6819cc1512f7db1f5da3896ef8b0db85735c664
04_processed_trajectories_and_features/data/processed/bellevue_150th_eastgate/method_comparison_variant_baseline_norm4/trials_kmeans.csv,2877,49e95aa78c3691188ecdaa51ace70c6e02c85560095a981604a5405f2cdd87b5
04_processed_trajectories_and_features/data/processed/bellevue_150th_eastgate/method_comparison_variant_baseline_norm4/trials_optics.csv,4017,323bf041f8c868ff1ce75df27429df31a8013e4ca01865f99736398ab7a2daba
04_processed_trajectories_and_features/data/processed/bellevue_150th_eastgate/method_comparison_variant_baseline_norm4/visualizations/birch_clusters_montage.png,3235934,dbb0dad5b9347e1346bfd4f6ddf9eba60208ed1eb9e9a3f1c8c96bd0520cb4b0
04_processed_trajectories_and_features/data/processed/bellevue_150th_eastgate/method_comparison_variant_baseline_norm4/visualizations/birch_clusters_overlay.png,2186676,adfb5791bf1903ebb906fb293e09f7789c44725000ff74c7dbd90a707f0b7f8f
04_processed_trajectories_and_features/data/processed/bellevue_150th_eastgate/method_comparison_variant_baseline_norm4/visualizations/dbscan_clusters_montage.png,2118464,0d7874c3dcfb2fba31d0da703e175dc9f6cd06e81b50de4a4a8fe80cccdfb3da
04_processed_trajectories_and_features/data/processed/bellevue_150th_eastgate/method_comparison_variant_baseline_norm4/visualizations/dbscan_clusters_overlay.png,2191420,07072b3242d2994bc753ad0ef182b1aa29992a7b09fcc699755d17fc2a27e26f
04_processed_trajectories_and_features/data/processed/bellevue_150th_eastgate/method_comparison_variant_baseline_norm4/visualizations/gmm_clusters_montage.png,3446826,296b84e8235c91ba503ae11c152d87d33964e7c1a00a27e434b041b1558b0087
04_processed_trajectories_and_features/data/processed/bellevue_150th_eastgate/method_comparison_variant_baseline_norm4/visualizations/gmm_clusters_overlay.png,2184520,e41e9371daf084fe8047e952f005bbcd111bc87e12e17d2f843a83f09361458f
04_processed_trajectories_and_features/data/processed/bellevue_150th_eastgate/method_comparison_variant_baseline_norm4/visualizations/hdbscan_clusters_montage.png,2692597,61f9da1462520005b99c58193a2921466784feecd3003b2094c97a0d6cb2cf71
04_processed_trajectories_and_features/data/processed/bellevue_150th_eastgate/method_comparison_variant_baseline_norm4/visualizations/hdbscan_clusters_overlay.png,2185048,eec7181a303934c26d6421bfb694f5eab245d75253017ed50b40193671d459c7
04_processed_trajectories_and_features/data/processed/bellevue_150th_eastgate/method_comparison_variant_baseline_norm4/visualizations/kmeans_clusters_montage.png,3314115,d15f72f51947dd265e912d2dc26ae890fa63cb2bd8ed968a8c2fe1ba7fa2989e
04_processed_trajectories_and_features/data/processed/bellevue_150th_eastgate/method_comparison_variant_baseline_norm4/visualizations/kmeans_clusters_overlay.png,2180334,23219c47c8c87133d23df138df9bf0de6184f033f4806458492e3a06db4e5211
04_processed_trajectories_and_features/data/processed/bellevue_150th_eastgate/method_comparison_variant_baseline_norm4/visualizations/optics_clusters_montage.png,2648330,8179f7f99011d367311b995fd724717c162c2dea322afd6356e22fba23c86a20
04_processed_trajectories_and_features/data/processed/bellevue_150th_eastgate/method_comparison_variant_baseline_norm4/visualizations/optics_clusters_overlay.png,2168856,130fccafb1db967152ac8652b321d4965e7f1ec87f9ee2a29dbdee09c9993d74
04_processed_trajectories_and_features/data/processed/bellevue_150th_eastgate/method_comparison_variant_plus_frame_span/visualizations/birch_clusters_montage.png,3805431,17838cd83126aa29ac488377decb16a6e7b15b924982597d58459786d84e1876
04_processed_trajectories_and_features/data/processed/bellevue_150th_eastgate/method_comparison_variant_plus_frame_span/visualizations/birch_clusters_overlay.png,2194772,4462501ae89567d71be615b52d639fe2b256b089a5c118efb5223e2b71f5082b
04_processed_trajectories_and_features/data/processed/bellevue_150th_eastgate/method_comparison_variant_plus_frame_span/visualizations/dbscan_clusters_montage.png,2816915,5f88683a648f060f4cfb1bcc3b234bd33221e172a2da0beac3d1a68950d98edb
04_processed_trajectories_and_features/data/processed/bellevue_150th_eastgate/method_comparison_variant_plus_frame_span/visualizations/dbscan_clusters_overlay.png,2192524,b82b6644f5aa4e02900882639e84fb9cc64a81f00afe7bb391529e33242e8ad1
04_processed_trajectories_and_features/data/processed/bellevue_150th_eastgate/method_comparison_variant_plus_frame_span/visualizations/gmm_clusters_montage.png,3646815,65ec699e94f214905e049255b8237b426a3597d1e5e19debae6c7dfcf2b93ad7
04_processed_trajectories_and_features/data/processed/bellevue_150th_eastgate/method_comparison_variant_plus_frame_span/visualizations/gmm_clusters_overlay.png,2187561,cb7cbd5b9b51b95931413203e1dda37c1564e73e1ab7c1e671d73d92aa416ffa
04_processed_trajectories_and_features/data/processed/bellevue_150th_eastgate/method_comparison_variant_plus_frame_span/visualizations/hdbscan_clusters_montage.png,2797746,9a4ad2f1cb6dcfd81eeb171418177487dacb077b5fcaf238346f39c715a6ec3d
04_processed_trajectories_and_features/data/processed/bellevue_150th_eastgate/method_comparison_variant_plus_frame_span/visualizations/hdbscan_clusters_overlay.png,2182232,41b6857a446d3359933965ba70d3d8ec2871b0971db8e6275061071098704549
04_processed_trajectories_and_features/data/processed/bellevue_150th_eastgate/method_comparison_variant_plus_frame_span/visualizations/kmeans_clusters_montage.png,3144908,89e168c823e5b799861b046d0e5d392c464ce38bdb62acb53a1c92219a7f48e7
04_processed_trajectories_and_features/data/processed/bellevue_150th_eastgate/method_comparison_variant_plus_frame_span/visualizations/kmeans_clusters_overlay.png,2185937,dc9fa5be39202529a67f8cd794ca61aad32ad3ea4582e6bb103f5e3197d5f355
04_processed_trajectories_and_features/data/processed/bellevue_150th_eastgate/method_comparison_variant_plus_frame_span/visualizations/optics_clusters_montage.png,2678378,bd8a949e2365df271ce284527a9bf1400a9c88fe38fc67d3bd075b2cd0c3c840
04_processed_trajectories_and_features/data/processed/bellevue_150th_eastgate/method_comparison_variant_plus_frame_span/visualizations/optics_clusters_overlay.png,2166007,df4ead45f40798b89c423046b8f3c184b858e07346729173bb3a54d9e72df41d
04_processed_trajectories_and_features/data/processed/bellevue_150th_eastgate/method_comparison_variant_plus_frame_span_straightness/visualizations/birch_clusters_montage.png,2938324,069a33ee23231d4b16780af09d8e344256a64ed03e6e6cbcaccab22fc7a72b1e
04_processed_trajectories_and_features/data/processed/bellevue_150th_eastgate/method_comparison_variant_plus_frame_span_straightness/visualizations/birch_clusters_overlay.png,2194568,2bcafff8ecb49197756a3425ed1e1044656fd4fdd77a4eea2779707980c83763
04_processed_trajectories_and_features/data/processed/bellevue_150th_eastgate/method_comparison_variant_plus_frame_span_straightness/visualizations/dbscan_clusters_montage.png,2797732,848ce90069314cdb9835feadb05939bf28fb7bcc7ca91c4e21e26038ed06dbf8
04_processed_trajectories_and_features/data/processed/bellevue_150th_eastgate/method_comparison_variant_plus_frame_span_straightness/visualizations/dbscan_clusters_overlay.png,2182757,df18b9ec95190a020ba6126892ed0bf18698d8d3effcf5f97f536722b859c180
04_processed_trajectories_and_features/data/processed/bellevue_150th_eastgate/method_comparison_variant_plus_frame_span_straightness/visualizations/gmm_clusters_montage.png,3634690,85cdefeee98c1a10e47c57d953cbfef7ef45049e16d939a18cca1f768881a70b
04_processed_trajectories_and_features/data/processed/bellevue_150th_eastgate/method_comparison_variant_plus_frame_span_straightness/visualizations/gmm_clusters_overlay.png,2180748,ed7f68310f546f5720ae70dd1d1ff0b6d0e2ff3b1771a6223120b45df956b80a
04_processed_trajectories_and_features/data/processed/bellevue_150th_eastgate/method_comparison_variant_plus_frame_span_straightness/visualizations/hdbscan_clusters_montage.png,2767312,0d6f3ccd23df5ee7b9c2924a0e9c2823b1f16acf3e6471f65e8e71f6428323e3
04_processed_trajectories_and_features/data/processed/bellevue_150th_eastgate/method_comparison_variant_plus_frame_span_straightness/visualizations/hdbscan_clusters_overlay.png,2184075,0b06d04240d543480c472929dae22fc8ee26ded005fa77d73501bfa79a18503b
04_processed_trajectories_and_features/data/processed/bellevue_150th_eastgate/method_comparison_variant_plus_frame_span_straightness/visualizations/kmeans_clusters_montage.png,3620025,a7f20c4b4ca8ce21d580f678b0e88bade3f24bf107c4886fa3ab2c55b47dee1e
04_processed_trajectories_and_features/data/processed/bellevue_150th_eastgate/method_comparison_variant_plus_frame_span_straightness/visualizations/kmeans_clusters_overlay.png,2194351,d31a68fbda77027c9a1a7859d8514f158aca96dcd873b852742d3b198ecd4960
04_processed_trajectories_and_features/data/processed/bellevue_150th_eastgate/method_comparison_variant_plus_frame_span_straightness/visualizations/optics_clusters_montage.png,2636169,88435965534f8a846c5531701e9e4b7ef16cd79fe38880cb8f51909c28b54910
04_processed_trajectories_and_features/data/processed/bellevue_150th_eastgate/method_comparison_variant_plus_frame_span_straightness/visualizations/optics_clusters_overlay.png,2162292,b835303a0bf5a7f8c3bedb2888313df2edf18d65403eba080aa556b7db981805
04_processed_trajectories_and_features/data/processed/bellevue_150th_eastgate/method_comparison_variant_plus_frame_span_straightness_dir/visualizations/birch_clusters_montage.png,3094399,040fdc745808f3cc43c8f00b21d797c57763fbaba15f9baaf2bcb9e7d157b3bd
04_processed_trajectories_and_features/data/processed/bellevue_150th_eastgate/method_comparison_variant_plus_frame_span_straightness_dir/visualizations/birch_clusters_overlay.png,2196023,e74379d4dcdcdf5ca8f05502d561b06cf903100f4c7778aa9d06adfb6c766011
04_processed_trajectories_and_features/data/processed/bellevue_150th_eastgate/method_comparison_variant_plus_frame_span_straightness_dir/visualizations/dbscan_clusters_montage.png,2837455,4638e18e2e9c063d6fc9143c2535f91c07160af651803bb1dee06fea580b7b72
04_processed_trajectories_and_features/data/processed/bellevue_150th_eastgate/method_comparison_variant_plus_frame_span_straightness_dir/visualizations/dbscan_clusters_overlay.png,2184943,51c534a435c56b1b5b657372efe9363ec1d78491fb670b0263d77a70e9bc0873
04_processed_trajectories_and_features/data/processed/bellevue_150th_eastgate/method_comparison_variant_plus_frame_span_straightness_dir/visualizations/gmm_clusters_montage.png,3390974,42dd992960f3f15f7dd63c24d6ddb114b2dbac785c8a7a4eaf3ce205532b8bb4
04_processed_trajectories_and_features/data/processed/bellevue_150th_eastgate/method_comparison_variant_plus_frame_span_straightness_dir/visualizations/gmm_clusters_overlay.png,2183240,78448e79fa7b16eeab2722bcfcfdd930e99538246fd4fc2c671f88b41373a1cf
04_processed_trajectories_and_features/data/processed/bellevue_150th_eastgate/method_comparison_variant_plus_frame_span_straightness_dir/visualizations/hdbscan_clusters_montage.png,2788754,697cffe053a1151675ba91627af3bfc13c8077264bca854b286947e6e6b8b4c4
04_processed_trajectories_and_features/data/processed/bellevue_150th_eastgate/method_comparison_variant_plus_frame_span_straightness_dir/visualizations/hdbscan_clusters_overlay.png,2182550,7249a288de6f5e28eb26b2b93fab59e44ec4a88259efdfac530862958f23f2ce
04_processed_trajectories_and_features/data/processed/bellevue_150th_eastgate/method_comparison_variant_plus_frame_span_straightness_dir/visualizations/kmeans_clusters_montage.png,3578512,74d8c97f0a72cd0d53b01df6c12d7fbcaba9fef292bef6ef31ad97096b8f372c
04_processed_trajectories_and_features/data/processed/bellevue_150th_eastgate/method_comparison_variant_plus_frame_span_straightness_dir/visualizations/kmeans_clusters_overlay.png,2180390,376395112d9c9df00d23122d83ec32196149e45cfaa06439257e736d00e7571c
04_processed_trajectories_and_features/data/processed/bellevue_150th_eastgate/method_comparison_variant_plus_frame_span_straightness_dir/visualizations/optics_clusters_montage.png,2246921,57538c1c2cb125fc96affe6adb2d7e71e1db66c9749096af998c42094fdb1e9e
04_processed_trajectories_and_features/data/processed/bellevue_150th_eastgate/method_comparison_variant_plus_frame_span_straightness_dir/visualizations/optics_clusters_overlay.png,2176157,a6bf114eb2e5cbc684ad5143d37ff03fc760cc3bf69cadc8474245ea9518cccd
04_processed_trajectories_and_features/data/processed/bellevue_150th_eastgate/method_comparison_variant_plus_straightness/methods_summary.csv,893,e234300ae0c47d0c062b123c8dcb2886975bdaf155eac9457614accc2c30c82c
04_processed_trajectories_and_features/data/processed/bellevue_150th_eastgate/method_comparison_variant_plus_straightness/methods_summary.partial.csv,893,e234300ae0c47d0c062b123c8dcb2886975bdaf155eac9457614accc2c30c82c
04_processed_trajectories_and_features/data/processed/bellevue_150th_eastgate/method_comparison_variant_plus_straightness/stats_hdbscan.json,501,5b511a177b96c72c458fffdf84d7cfa4dd01fc9d0072846aad5c08dd8c54c33f
04_processed_trajectories_and_features/data/processed/bellevue_150th_eastgate/method_comparison_variant_plus_straightness/stats_kmeans.json,511,a3b42c3cb64ce0befed06e815bd52f58660c8a1ff89ef21d9ab6003c9a14e115
04_processed_trajectories_and_features/data/processed/bellevue_150th_eastgate/method_comparison_variant_plus_straightness/stats_optics.json,491,c40a6705d3be310678b36edca2b4214fc9c843433b4a18bcf7968c3d75378ada
04_processed_trajectories_and_features/data/processed/bellevue_150th_eastgate/method_comparison_variant_plus_straightness/trials_hdbscan.csv,4672,8cb50a789a8a73882e916fedcfe4c5d75b8ebd36a8df84f3744bc722523dd68b
04_processed_trajectories_and_features/data/processed/bellevue_150th_eastgate/method_comparison_variant_plus_straightness/trials_hdbscan_coarse.csv,1965,88534818610fe314d6446e373bb2dd809b070ba9458b46b5eae85102ea529db5
04_processed_trajectories_and_features/data/processed/bellevue_150th_eastgate/method_comparison_variant_plus_straightness/trials_hdbscan_fine.csv,2858,055a82b7a58b495b40a4b423c30a577852a99f5945a296d3012bf68b46c3f86d
04_processed_trajectories_and_features/data/processed/bellevue_150th_eastgate/method_comparison_variant_plus_straightness/trials_kmeans.csv,8153,27d277c24662ee1f1a0bc71d5743cec4af4aa5bad083288db7db356a359ee304
04_processed_trajectories_and_features/data/processed/bellevue_150th_eastgate/method_comparison_variant_plus_straightness/trials_kmeans_coarse.csv,3266,72ed4d844825a321c6bf26cffe8bb51cb5bda8b6788ff97d62e97867db27af6e
04_processed_trajectories_and_features/data/processed/bellevue_150th_eastgate/method_comparison_variant_plus_straightness/trials_kmeans_fine.csv,5034,f161dc50c7ea5a94002596dc2c167ee75e7428c7638f3ce02bb34e24ec78c845
04_processed_trajectories_and_features/data/processed/bellevue_150th_eastgate/method_comparison_variant_plus_straightness/trials_optics.csv,10066,2f26b7eb6745dc600c54afffa902b83a998b51e36e27848e2427feb50e0b29bb
04_processed_trajectories_and_features/data/processed/bellevue_150th_eastgate/method_comparison_variant_plus_straightness/trials_optics_coarse.csv,3711,48dfe4dc3195dfb408b4fa730a96783be9db41bbfb4a58d253a69409c8e8bcbe
04_processed_trajectories_and_features/data/processed/bellevue_150th_eastgate/method_comparison_variant_plus_straightness/trials_optics_fine.csv,6484,055224bf90da13d34ce739fe5ebcec51a242b64918e513ff00bed862eac10b83
04_processed_trajectories_and_features/data/processed/bellevue_150th_eastgate/method_comparison_variant_plus_straightness/visualizations/hdbscan_clusters_montage.png,2786354,6d0bdef53d62b4622da9c641bd588cc501bf392755914ec218f1ac83a1507614
04_processed_trajectories_and_features/data/processed/bellevue_150th_eastgate/method_comparison_variant_plus_straightness/visualizations/hdbscan_clusters_overlay.png,2179603,8a0e077e1113d78ffc4f185f8f1ce8ce4745182373de1c773aa118e4ebe61949
04_processed_trajectories_and_features/data/processed/bellevue_150th_eastgate/method_comparison_variant_plus_straightness/visualizations/kmeans_clusters_montage.png,2732164,255abee1dcd6f4d87680239fb1aebf5a52f21bee6513739c25d743da4a9f9414
04_processed_trajectories_and_features/data/processed/bellevue_150th_eastgate/method_comparison_variant_plus_straightness/visualizations/kmeans_clusters_overlay.png,2190523,bc2db02c896ca5fa319d5828eaa9f673d0e966e7d02ff497575cd928530e4d26
04_processed_trajectories_and_features/data/processed/bellevue_150th_eastgate/method_comparison_variant_plus_straightness/visualizations/optics_clusters_montage.png,2638669,9a89ebe9c170fd1f52422664c25df8a4a4df8d3b7d07e02c2e1e22d53468a23c
04_processed_trajectories_and_features/data/processed/bellevue_150th_eastgate/method_comparison_variant_plus_straightness/visualizations/optics_clusters_overlay.png,2165746,3e2c8075df52ab42fa4686fc7ab5d4a500238d8ab03a66748af8f8824b265d18
04_processed_trajectories_and_features/data/processed/bellevue_150th_newport/features.parquet,17306669,7f056130884072374034fe15f4808df245488d7f8a4d1e386b6432189c2773d5
04_processed_trajectories_and_features/data/processed/bellevue_150th_newport/features_trimmed.parquet,9029781,b6788ea970e2a3e047b9ded27dc24f94bb86b83e91cd033d94c80e9844c91b20
04_processed_trajectories_and_features/data/processed/bellevue_150th_newport/optics_optimization_results.csv,7069,9abcf98ea3518fb22450281c3b02141bf0bb3ae7712a0b7660fc1501fcc3729d
04_processed_trajectories_and_features/data/processed/bellevue_150th_newport/optics_optimization_results.partial.csv,7069,d9a9cd9a37091dbe19bc0c88e66935af50b0ba071cc10d092f7eed4cdc6c01ac
04_processed_trajectories_and_features/data/processed/bellevue_150th_newport/trajectories.parquet,976055547,NOT_COMPUTED_LARGE_FILE_GT_268435456_BYTES
04_processed_trajectories_and_features/data/processed/bellevue_150th_newport/trajectories_before_after.png,1746371,17e7b40ac370c07ee8e886540fcc99cbef2a6863e77149298bb5d3662fbf027b
04_processed_trajectories_and_features/data/processed/bellevue_150th_newport/calibration/topview_homography_v1/calibration_preview.png,3423796,ce97b1635061bf01561328f52049f3c56d923bf1e2fa86b3ac0f62326cf9342f
04_processed_trajectories_and_features/data/processed/bellevue_150th_newport/calibration/topview_homography_v1/camera_frame.png,1675526,d362b09147e09c811558f38d76ea9af7ccd006c913d15f6a3db9c361c16c0431
04_processed_trajectories_and_features/data/processed/bellevue_150th_newport/calibration/topview_homography_v1/topview_homography.json,6067,235bd3a60044320d388ac5584d2fb98b3f8720a351f21a5c96f9743079d5d85e
04_processed_trajectories_and_features/data/processed/bellevue_150th_newport/calibration/topview_homography_v1/warped_camera.png,1109921,d79686a0b0f7c95a61c854881421aa50dba426d088d20abe8f6ec01ab66ebb70
04_processed_trajectories_and_features/data/processed/bellevue_150th_newport/experiments/midpoint_iso_control_v1/feature_variants/features_coords_only.parquet,1944200,fb91560b80b8eb4bf1209eb0eb10b1ffdd1d8e42e20a99c49af98ffd4d80f3dd
04_processed_trajectories_and_features/data/processed/bellevue_150th_newport/experiments/midpoint_iso_control_v1/feature_variants/features_coords_plus_midpoint.parquet,2129620,f74752241025e6c94a5be1cb91e210208c112a2dbe45df0b5519982f0f1e4b5f
04_processed_trajectories_and_features/data/processed/bellevue_150th_newport/experiments/midpoint_iso_control_v1/feature_variants/features_plus_direction.parquet,2129620,5a67d7a8f20cb1379909bf454fee2427ff900a52603194372981aaf4b0662d44
04_processed_trajectories_and_features/data/processed/bellevue_150th_newport/experiments/midpoint_iso_control_v1/feature_variants/features_plus_straightness.parquet,2036836,b6637ff9ea9a8bc5145adad3845fbbeb689665769a6899dc4e4dbd2f1cecde37
04_processed_trajectories_and_features/data/processed/bellevue_150th_newport/experiments/midpoint_iso_control_v1/feature_variants/feature_variant_manifest.json,3836,3488dc93fe4e8a2222e555fa85d2274abadba85d4fcc1fa2a82c32dfb8b83a6b
04_processed_trajectories_and_features/data/processed/bellevue_150th_newport/experiments/midpoint_iso_control_v1/method_comparison_variant_coords_only/methods_summary.csv,890,51977502ce46be77ee2cfd75fe3f822a9c75ec7d5a71415b8439976909615dc3
04_processed_trajectories_and_features/data/processed/bellevue_150th_newport/experiments/midpoint_iso_control_v1/method_comparison_variant_coords_only/methods_summary.partial.csv,890,51977502ce46be77ee2cfd75fe3f822a9c75ec7d5a71415b8439976909615dc3
04_processed_trajectories_and_features/data/processed/bellevue_150th_newport/experiments/midpoint_iso_control_v1/method_comparison_variant_coords_only/stats_hdbscan.json,500,d8c0c64282ee993e86f78ea1274d3b6f53a060741b0f9c2136ebdf69638c1f6c
04_processed_trajectories_and_features/data/processed/bellevue_150th_newport/experiments/midpoint_iso_control_v1/method_comparison_variant_coords_only/stats_kmeans.json,514,a938c2696734a83aad40d241ac2ad2f48bfd0fcb967fffab96d74a13708448a4
04_processed_trajectories_and_features/data/processed/bellevue_150th_newport/experiments/midpoint_iso_control_v1/method_comparison_variant_coords_only/stats_optics.json,504,c9ecc54c064cd360dc1d3953efdc0199bc33170b1377e4fca8b56399a6f34192
04_processed_trajectories_and_features/data/processed/bellevue_150th_newport/experiments/midpoint_iso_control_v1/method_comparison_variant_coords_only/trials_hdbscan.csv,4580,5df469cc74b02b5938a77758905439034cc6c8dd71df63047db11e3179c13249
04_processed_trajectories_and_features/data/processed/bellevue_150th_newport/experiments/midpoint_iso_control_v1/method_comparison_variant_coords_only/trials_hdbscan_coarse.csv,1942,fecc9b4e44ea9f788ff70b917242ea3e0d123309bb7f68746a87a0dcc6eafd7f
04_processed_trajectories_and_features/data/processed/bellevue_150th_newport/experiments/midpoint_iso_control_v1/method_comparison_variant_coords_only/trials_hdbscan_fine.csv,2789,78c1560fa5bad8b2a2afb6b88c6fba6da8bbc64386c7affb9b76c185dcdf396f
04_processed_trajectories_and_features/data/processed/bellevue_150th_newport/experiments/midpoint_iso_control_v1/method_comparison_variant_coords_only/trials_kmeans.csv,5079,e21efbfa2c487181aa764847b1f8f001d33f159d1985432d9888e2b81680ddc6
04_processed_trajectories_and_features/data/processed/bellevue_150th_newport/experiments/midpoint_iso_control_v1/method_comparison_variant_coords_only/trials_kmeans_coarse.csv,2624,ad69db62ca5891744e4a512324d3db8c96eeaf83a75754f5986574542efd5068
04_processed_trajectories_and_features/data/processed/bellevue_150th_newport/experiments/midpoint_iso_control_v1/method_comparison_variant_coords_only/trials_kmeans_fine.csv,2602,0a814364f161dd23fe59c2d0014bbe0bfbcba0885422cfd30c47bd287148ac89
04_processed_trajectories_and_features/data/processed/bellevue_150th_newport/experiments/midpoint_iso_control_v1/method_comparison_variant_coords_only/trials_optics.csv,6006,2e7b3673638f2780f75d4d0275bd6a41317bc2d63f23bb82e4f112505429cf6e
04_processed_trajectories_and_features/data/processed/bellevue_150th_newport/experiments/midpoint_iso_control_v1/method_comparison_variant_coords_only/trials_optics_coarse.csv,2927,8ff695cf375524256acc7b24cefb2574b730e2ee89fbc6c3e6a21fe159a41683
04_processed_trajectories_and_features/data/processed/bellevue_150th_newport/experiments/midpoint_iso_control_v1/method_comparison_variant_coords_only/trials_optics_fine.csv,3208,59b80d1cb7db30df1db12bb6ab46d73f4317dc7cab7cd0f7c126f0d482fea72c
04_processed_trajectories_and_features/data/processed/bellevue_150th_newport/experiments/midpoint_iso_control_v1/method_comparison_variant_coords_only/visualizations/hdbscan_clusters_montage.png,1370790,2a230802a820f90c1617fea4b83037aeea6b6dbf0674fb31ff113d60596facdc
04_processed_trajectories_and_features/data/processed/bellevue_150th_newport/experiments/midpoint_iso_control_v1/method_comparison_variant_coords_only/visualizations/hdbscan_clusters_overlay.png,2094217,28cfc3d444de674e0c79181edbf2525bfc90b25d584b48965df26f0e83f340c5
04_processed_trajectories_and_features/data/processed/bellevue_150th_newport/experiments/midpoint_iso_control_v1/method_comparison_variant_coords_only/visualizations/kmeans_clusters_montage.png,2074970,c052b49c406cc84082efb38638182a77780b12f59f5c019c5c3cdc19dbd87864
04_processed_trajectories_and_features/data/processed/bellevue_150th_newport/experiments/midpoint_iso_control_v1/method_comparison_variant_coords_only/visualizations/kmeans_clusters_overlay.png,2089031,103c867804f1ab543f469f14e10c277dbd2a78e15002213c809c41cf17187fce
04_processed_trajectories_and_features/data/processed/bellevue_150th_newport/experiments/midpoint_iso_control_v1/method_comparison_variant_coords_only/visualizations/optics_clusters_montage.png,2069902,74f194fe92d67fa9d08b4f779603372e4160179faa6f93b9643d8ba7513e00ad
04_processed_trajectories_and_features/data/processed/bellevue_150th_newport/experiments/midpoint_iso_control_v1/method_comparison_variant_coords_only/visualizations/optics_clusters_overlay.png,2085270,ca866736ccfe699363625ddfe40ec059f97128121d18003513d8faacdc4c1d1b
04_processed_trajectories_and_features/data/processed/bellevue_150th_newport/experiments/midpoint_iso_control_v1/method_comparison_variant_coords_plus_midpoint/methods_summary.csv,881,40f1f27a87d74fce144aa7a224ee3acc688a58d8acb43b0ccd89698ebbfc8d1c
04_processed_trajectories_and_features/data/processed/bellevue_150th_newport/experiments/midpoint_iso_control_v1/method_comparison_variant_coords_plus_midpoint/methods_summary.partial.csv,881,40f1f27a87d74fce144aa7a224ee3acc688a58d8acb43b0ccd89698ebbfc8d1c
04_processed_trajectories_and_features/data/processed/bellevue_150th_newport/experiments/midpoint_iso_control_v1/method_comparison_variant_coords_plus_midpoint/stats_hdbscan.json,482,683a7c19963f12f17fff9e90e3e19dcd4cb17c32f24cc62b1676e35733dffaa0
04_processed_trajectories_and_features/data/processed/bellevue_150th_newport/experiments/midpoint_iso_control_v1/method_comparison_variant_coords_plus_midpoint/stats_kmeans.json,513,e4c73e7efcef8e7c563052c7c8e0398f3ef35c77da5355a23bf415e60767d024
04_processed_trajectories_and_features/data/processed/bellevue_150th_newport/experiments/midpoint_iso_control_v1/method_comparison_variant_coords_plus_midpoint/stats_optics.json,487,8c24a083b4826386188fe4636fb6037bfb0273ca20722c01b747c748bf97ee7a
04_processed_trajectories_and_features/data/processed/bellevue_150th_newport/experiments/midpoint_iso_control_v1/method_comparison_variant_coords_plus_midpoint/trials_hdbscan.csv,4457,e469a12b3e7f93567b87f0ea84304c6f1ea469d6428d89ab9853eee58ca429aa
04_processed_trajectories_and_features/data/processed/bellevue_150th_newport/experiments/midpoint_iso_control_v1/method_comparison_variant_coords_plus_midpoint/trials_hdbscan_coarse.csv,1905,f096522968ccfa92697e41a0c800b7a8fba3d05335625a72e9b5011258377db6
04_processed_trajectories_and_features/data/processed/bellevue_150th_newport/experiments/midpoint_iso_control_v1/method_comparison_variant_coords_plus_midpoint/trials_hdbscan_fine.csv,2703,4cfcb0d1cfe7793beba7a3d967e6c7bdc5de521aded05ebf6a7e62ef143f06fc
04_processed_trajectories_and_features/data/processed/bellevue_150th_newport/experiments/midpoint_iso_control_v1/method_comparison_variant_coords_plus_midpoint/trials_kmeans.csv,5089,c06f507c3938a4d3a257e384ba7799d3018e6890c5c2919b6c2c1f8986c9bf16
04_processed_trajectories_and_features/data/processed/bellevue_150th_newport/experiments/midpoint_iso_control_v1/method_comparison_variant_coords_plus_midpoint/trials_kmeans_coarse.csv,2646,4a7666044e6e7f6830009990a3b02ff04a785ee18745e6f14f772ed6f3b49be5
04_processed_trajectories_and_features/data/processed/bellevue_150th_newport/experiments/midpoint_iso_control_v1/method_comparison_variant_coords_plus_midpoint/trials_kmeans_fine.csv,2590,01b5a399b0266f804fcf8f6445e866826b2d3f25e894f2805dc0df5c6749bd30
04_processed_trajectories_and_features/data/processed/bellevue_150th_newport/experiments/midpoint_iso_control_v1/method_comparison_variant_coords_plus_midpoint/trials_optics.csv,6074,be955154931fd8d8e70f9782d2f25cf00c266a2990cb1a5d503a25a253da8c0e
04_processed_trajectories_and_features/data/processed/bellevue_150th_newport/experiments/midpoint_iso_control_v1/method_comparison_variant_coords_plus_midpoint/trials_optics_coarse.csv,2907,b171774f6ed544b6f5b77c34de60a0782bb576adc8a44ca7ab1528cd5358eaf9
04_processed_trajectories_and_features/data/processed/bellevue_150th_newport/experiments/midpoint_iso_control_v1/method_comparison_variant_coords_plus_midpoint/trials_optics_fine.csv,3296,9506e9d0c109673d377349571f3d2c37fd2a818a67dd4852f80a969bad8a0f81
04_processed_trajectories_and_features/data/processed/bellevue_150th_newport/experiments/midpoint_iso_control_v1/method_comparison_variant_coords_plus_midpoint/visualizations/hdbscan_clusters_montage.png,1359369,c729df9f6cb13f0c233d2b3c604edf8d077b977713cec7771e7f1a2935fd3d6c
04_processed_trajectories_and_features/data/processed/bellevue_150th_newport/experiments/midpoint_iso_control_v1/method_comparison_variant_coords_plus_midpoint/visualizations/hdbscan_clusters_overlay.png,2094533,c08543561fe14c7299fb973a692beb6cbbdc22a73f0e306334e759885d9abc61
04_processed_trajectories_and_features/data/processed/bellevue_150th_newport/experiments/midpoint_iso_control_v1/method_comparison_variant_coords_plus_midpoint/visualizations/kmeans_clusters_montage.png,2063523,1112e796fa014a629435a4bfd92d73f125537f413472802deb18480acdb03669
04_processed_trajectories_and_features/data/processed/bellevue_150th_newport/experiments/midpoint_iso_control_v1/method_comparison_variant_coords_plus_midpoint/visualizations/kmeans_clusters_overlay.png,2090838,8e4e609ccde3b25a687b1948f271e34c79992a964f9f5cfaa6b292adace4aa92
04_processed_trajectories_and_features/data/processed/bellevue_150th_newport/experiments/midpoint_iso_control_v1/method_comparison_variant_coords_plus_midpoint/visualizations/optics_clusters_montage.png,2620664,af47a7bd98e6144968819b04774fb520105097495fd13d993ad0b080875f79db
04_processed_trajectories_and_features/data/processed/bellevue_150th_newport/experiments/midpoint_iso_control_v1/method_comparison_variant_coords_plus_midpoint/visualizations/optics_clusters_overlay.png,2084833,f40057b1756e127bd1d4d21e7915526c61e51a85883ddbcc288ee2ae0a627030
04_processed_trajectories_and_features/data/processed/bellevue_150th_newport/experiments/newport_audit_v1/audit_input_filtered.parquet,2174129,1e26a66f56ab460f056a955656a4b1640c97dc1984340002040203fb84d42e6c
04_processed_trajectories_and_features/data/processed/bellevue_150th_newport/experiments/newport_audit_v1/audit_manifest.json,6295,609efd0411e0324c0d6bb9f20ec6e8cb93f7231c7fb580de9fa86555660fa5bb
04_processed_trajectories_and_features/data/processed/bellevue_150th_newport/experiments/newport_audit_v1/audit_runs.csv,107900,d7ee4469aa4911bc476cada7c9a4b3f116a0eae51f419edcce994b1c78ff5115
04_processed_trajectories_and_features/data/processed/bellevue_150th_newport/experiments/newport_audit_v1/audit_runs.parquet,41334,8df1e066e71ab192326ec26675a04d510e97cf023ed263ff8bfc1d64ebc8f19b
04_processed_trajectories_and_features/data/processed/bellevue_150th_newport/experiments/newport_audit_v1/best_runs.csv,5705,baa6f7ce09b6852fe10defd347e5bfa1becfd182dc81a7710d3b5eb817de2510
04_processed_trajectories_and_features/data/processed/bellevue_150th_newport/experiments/newport_audit_v1/best_runs.parquet,26100,81d2fb4c05c7de6cd084231fb6e60d792ab961648d69599283619a09a29929a0
04_processed_trajectories_and_features/data/processed/bellevue_150th_newport/experiments/newport_audit_v1/newport_audit_v1.md,4412,1fb1c09683c0210ec5f33f33e7fce3e330b8a067c965f4fecba961ba1b0fca4d
04_processed_trajectories_and_features/data/processed/bellevue_150th_newport/experiments/newport_audit_v1/recommended_by_method.csv,2276,7a602552142c21c0137f43434f1772d961d4eda80babd9f93ca53ebcbf1b4212
04_processed_trajectories_and_features/data/processed/bellevue_150th_newport/experiments/newport_audit_v1/best_run_visualizations/normalization_isotropic/hdbscan_clusters_montage.png,3131398,b2eb0f0613dd144f046c0477590e7145d0cc6e16dbe6d0e2771a397963478b6c
04_processed_trajectories_and_features/data/processed/bellevue_150th_newport/experiments/newport_audit_v1/best_run_visualizations/normalization_isotropic/hdbscan_clusters_overlay.png,3472910,dcc0eac1e4b0973190e882d86e55ac4066fef081f9985079b35f9558c4ba623e
04_processed_trajectories_and_features/data/processed/bellevue_150th_newport/experiments/newport_audit_v1/best_run_visualizations/normalization_isotropic/kmeans_clusters_montage.png,2581961,be91b24ffcad94af2f66b0ae65567ab42d451c825f0d40c816bcf48f33a853ea
04_processed_trajectories_and_features/data/processed/bellevue_150th_newport/experiments/newport_audit_v1/best_run_visualizations/normalization_isotropic/kmeans_clusters_overlay.png,3466171,01fc718c5e7af659fff93b3c32fa08220242d94cc1b61563f496d5db2303f799
04_processed_trajectories_and_features/data/processed/bellevue_150th_newport/experiments/newport_audit_v1/best_run_visualizations/normalization_isotropic/optics_clusters_montage.png,3115742,f3a5d1bdea1aa6e3008155dbee881d9c6eccdb799a814f995be34ba26edae0df
04_processed_trajectories_and_features/data/processed/bellevue_150th_newport/experiments/newport_audit_v1/best_run_visualizations/normalization_isotropic/optics_clusters_overlay.png,3489576,b2074569fae1e9aeef8e5957185634267d3d50fe674dac9e9588da3a77ca2162
04_processed_trajectories_and_features/data/processed/bellevue_150th_newport/experiments/newport_audit_v1/best_run_visualizations/normalization_none/hdbscan_clusters_montage.png,3131398,b2eb0f0613dd144f046c0477590e7145d0cc6e16dbe6d0e2771a397963478b6c
04_processed_trajectories_and_features/data/processed/bellevue_150th_newport/experiments/newport_audit_v1/best_run_visualizations/normalization_none/hdbscan_clusters_overlay.png,3472369,90ac066a63f473b5f285c66b728a5438c9e92ddfb381ea3318295e2784ef63de
04_processed_trajectories_and_features/data/processed/bellevue_150th_newport/experiments/newport_audit_v1/best_run_visualizations/normalization_none/kmeans_clusters_montage.png,2581961,be91b24ffcad94af2f66b0ae65567ab42d451c825f0d40c816bcf48f33a853ea
04_processed_trajectories_and_features/data/processed/bellevue_150th_newport/experiments/newport_audit_v1/best_run_visualizations/normalization_none/kmeans_clusters_overlay.png,3465618,6e6d1bac92ca81ae570788f5029d28b4ad412a7f915c4eb2ce23fc82b9e1f1d4
04_processed_trajectories_and_features/data/processed/bellevue_150th_newport/experiments/newport_audit_v1/best_run_visualizations/normalization_none/optics_clusters_montage.png,3115742,f3a5d1bdea1aa6e3008155dbee881d9c6eccdb799a814f995be34ba26edae0df
04_processed_trajectories_and_features/data/processed/bellevue_150th_newport/experiments/newport_audit_v1/best_run_visualizations/normalization_none/optics_clusters_overlay.png,3489010,8ed823f5a52f1e195256c519d2ec4c0369c6520aa60fcf3b45c44b789cad4e5c
04_processed_trajectories_and_features/data/processed/bellevue_150th_newport/experiments/newport_audit_v1/best_run_visualizations/normalization_standard/hdbscan_clusters_montage.png,3210451,810ba16504aadaf84baf1a55f08952f76872ce99e4788496ff657c9fc74c5be5
04_processed_trajectories_and_features/data/processed/bellevue_150th_newport/experiments/newport_audit_v1/best_run_visualizations/normalization_standard/hdbscan_clusters_overlay.png,3491834,bf2135259a2b8e5ab2b1c6a41b940907868d2cee3fb0a38fde7ea4fe8451048e
04_processed_trajectories_and_features/data/processed/bellevue_150th_newport/experiments/newport_audit_v1/best_run_visualizations/normalization_standard/kmeans_clusters_montage.png,2580480,59053d18b20bba403ad88303097cf6c3011731bbd225e9207a7690641cb4e9c5
04_processed_trajectories_and_features/data/processed/bellevue_150th_newport/experiments/newport_audit_v1/best_run_visualizations/normalization_standard/kmeans_clusters_overlay.png,3464406,6e4959ff4d69064db824e6955875902b51c28c02d80ec6d7d64f906476ad7916
04_processed_trajectories_and_features/data/processed/bellevue_150th_newport/experiments/newport_audit_v1/best_run_visualizations/normalization_standard/optics_clusters_montage.png,3153882,9f3c4ee8d11b7eafb50ae1441cddd6c657bb897dd478f806b7a37135f062a923
04_processed_trajectories_and_features/data/processed/bellevue_150th_newport/experiments/newport_audit_v1/best_run_visualizations/normalization_standard/optics_clusters_overlay.png,3498588,1bab987139736dce8c4420999eeee5a01005f46b242b995d746b4e2f09ed4912
04_processed_trajectories_and_features/data/processed/bellevue_150th_newport/experiments/newport_audit_v1/normalization_isotropic/methods_summary.csv,2333,3e9a55ec10ca791d94ad38a6b0e075a3ba8fff3956002a72ed3a32114bead3fd
04_processed_trajectories_and_features/data/processed/bellevue_150th_newport/experiments/newport_audit_v1/normalization_isotropic/stats_hdbscan.json,1384,6a6cb7ed2ae13df35943b1cd7082cc0e244ef6030d7a3d18c6d0c77b1d051b9b
04_processed_trajectories_and_features/data/processed/bellevue_150th_newport/experiments/newport_audit_v1/normalization_isotropic/stats_kmeans.json,1316,7fec1de2bcc2081e246a24e67188002996a7d8adef86a3e78b0c536d26286812
04_processed_trajectories_and_features/data/processed/bellevue_150th_newport/experiments/newport_audit_v1/normalization_isotropic/stats_optics.json,1320,043f81078350d7883c1c5f706453e117a0588278444eba5b2223192f58417677
04_processed_trajectories_and_features/data/processed/bellevue_150th_newport/experiments/newport_audit_v1/normalization_none/methods_summary.csv,2226,5effe259fc871e5405f89d29f73fe4ff2d877f9d29543b57de967fdb8c70a339
04_processed_trajectories_and_features/data/processed/bellevue_150th_newport/experiments/newport_audit_v1/normalization_none/stats_hdbscan.json,1349,7fedcf7abf39421cb3f235caff58f126cf1bc84bffb7d1f41de4471bec678898
04_processed_trajectories_and_features/data/processed/bellevue_150th_newport/experiments/newport_audit_v1/normalization_none/stats_kmeans.json,1278,54b8731685fd9ee4baf50cfd74eb461bbcf4282124c1486097981805541577c7
04_processed_trajectories_and_features/data/processed/bellevue_150th_newport/experiments/newport_audit_v1/normalization_none/stats_optics.json,1286,df27905377efe107e92bcfee03aa71f2fd1c5527b9777801adf440c24f745b96
04_processed_trajectories_and_features/data/processed/bellevue_150th_newport/experiments/newport_audit_v1/normalization_standard/methods_summary.csv,2276,7a602552142c21c0137f43434f1772d961d4eda80babd9f93ca53ebcbf1b4212
04_processed_trajectories_and_features/data/processed/bellevue_150th_newport/experiments/newport_audit_v1/normalization_standard/stats_hdbscan.json,1365,46b0c97d26a08b8a36ab5894236e2ce572c089f27d188e0e31917abf372c9043
04_processed_trajectories_and_features/data/processed/bellevue_150th_newport/experiments/newport_audit_v1/normalization_standard/stats_kmeans.json,1295,f8153793735d157e8a47259b365198295b5623ea64352a0301f2fff74d4d9b8c
04_processed_trajectories_and_features/data/processed/bellevue_150th_newport/experiments/newport_audit_v1/normalization_standard/stats_optics.json,1303,b6022d6864af8942cb440aa78759ffcc0243296b50c082f9d0264b3a14f79c74
04_processed_trajectories_and_features/data/processed/bellevue_150th_newport/experiments/newport_audit_v1/prepared_inputs/features_isotropic.parquet,763275,0c9f61d36df463b977c929bb415a75a403618f00955cff36e805051a0f874bbc
04_processed_trajectories_and_features/data/processed/bellevue_150th_newport/experiments/newport_audit_v1/prepared_inputs/features_none.parquet,763113,8db1a9317f649d135498b956487d689aa4706ec93fc6ca9c741a0dbd5ccb16d9
04_processed_trajectories_and_features/data/processed/bellevue_150th_newport/experiments/newport_audit_v1/prepared_inputs/features_standard.parquet,763275,3f5bfcc64a5200dbee3f65185b67634c576082623cc344080241b8192f02c9c5
04_processed_trajectories_and_features/data/processed/bellevue_150th_newport/experiments/newport_topview_prewarp_displacement_v1/features.parquet,4524143,0f03ae93cd6ce5f56d2187fe6e5c0870557b6ea0e02e406ee93d6194a4bb23eb
04_processed_trajectories_and_features/data/processed/bellevue_150th_newport/experiments/newport_topview_prewarp_displacement_v1/prewarp_displacement_control_summary.md,615,5cd6b79b16354b84e166829c165228c9a91ef0b6a00537b3f5d74aebfd2dc0f7
04_processed_trajectories_and_features/data/processed/bellevue_150th_newport/experiments/newport_topview_prewarp_displacement_v1/topview_transform_manifest.json,1193,213001e24ecead9657d17bf52dd4ae76378293e501a70395bbdc4c3f2223b939
04_processed_trajectories_and_features/data/processed/bellevue_150th_newport/experiments/newport_topview_prewarp_displacement_v1/trajectories_filtered_filled.parquet,371265856,NOT_COMPUTED_LARGE_FILE_GT_268435456_BYTES
04_processed_trajectories_and_features/data/processed/bellevue_150th_newport/experiments/newport_topview_prewarp_displacement_v1/audit/audit_input_filtered.parquet,2174180,4dac9f52d8cdb0d465c7c6e79eddf2fed32b3752421440f6dfcbaeb8a2c7ed86
04_processed_trajectories_and_features/data/processed/bellevue_150th_newport/experiments/newport_topview_prewarp_displacement_v1/audit/audit_manifest.json,6590,154035b01ab97ed6147f7f8ed70d4d8bdd9edfdf9f15b6a3ef6d2b6b280cec00
04_processed_trajectories_and_features/data/processed/bellevue_150th_newport/experiments/newport_topview_prewarp_displacement_v1/audit/audit_runs.csv,117837,b19c5e666dcbf17f5dff3d9d5042ac013665d954059b8b4fafa5450a93aee751
04_processed_trajectories_and_features/data/processed/bellevue_150th_newport/experiments/newport_topview_prewarp_displacement_v1/audit/audit_runs.parquet,42134,7e6b63295e656b51389e61683be6b4691ac2bb17986c4024167ebbca368cd4d9
04_processed_trajectories_and_features/data/processed/bellevue_150th_newport/experiments/newport_topview_prewarp_displacement_v1/audit/best_runs.csv,6202,a85aaed3c61d383b4c86e1fcc65b355fc2e9d6f451605ec89d5c62259dddb322
04_processed_trajectories_and_features/data/processed/bellevue_150th_newport/experiments/newport_topview_prewarp_displacement_v1/audit/best_runs.parquet,26396,27e69914b229acc6399107ac69ea0fc9c31b004a1de611887790486c0c23998f
04_processed_trajectories_and_features/data/processed/bellevue_150th_newport/experiments/newport_topview_prewarp_displacement_v1/audit/newport_topview_prewarp_displacement_control_v1.md,4634,b6acd2feeacece11fe63a4b89a256c0bffa671cdc0a030d92b389f93b5b4cd33
04_processed_trajectories_and_features/data/processed/bellevue_150th_newport/experiments/newport_topview_prewarp_displacement_v1/audit/recommended_by_method.csv,2415,47e93fceac1df127670358ce806bf152e4321615afbafd858b2348198a1eec72
04_processed_trajectories_and_features/data/processed/bellevue_150th_newport/experiments/newport_topview_prewarp_displacement_v1/audit/best_run_visualizations/normalization_isotropic/hdbscan_clusters_montage.png,3183197,9386cd2ad5e8fba26bd7e9f5ed47a97a015e66d587bb474c7bbad92f6466d680
04_processed_trajectories_and_features/data/processed/bellevue_150th_newport/experiments/newport_topview_prewarp_displacement_v1/audit/best_run_visualizations/normalization_isotropic/hdbscan_clusters_overlay_pair.png,2994725,b092534d701f002e8fa006df77e74c2e8eaf0218dc84625310b78a4667cf7f85
04_processed_trajectories_and_features/data/processed/bellevue_150th_newport/experiments/newport_topview_prewarp_displacement_v1/audit/best_run_visualizations/normalization_isotropic/kmeans_clusters_montage.png,2438902,dc230bca7a2dc46d77242763afdfaee3e087b1e380ebdfb76c1c90647412f2a8
04_processed_trajectories_and_features/data/processed/bellevue_150th_newport/experiments/newport_topview_prewarp_displacement_v1/audit/best_run_visualizations/normalization_isotropic/kmeans_clusters_overlay_pair.png,2996844,1a61393a4bd609427eff55e3d9ec0ae47bb1edabb3d82fee9307d772f8ad62b6
04_processed_trajectories_and_features/data/processed/bellevue_150th_newport/experiments/newport_topview_prewarp_displacement_v1/audit/best_run_visualizations/normalization_isotropic/optics_clusters_montage.png,3180447,a2a495fcbc23a42d63957ca7f34a69ab83e308328708ca162ac0fec38ce9f523
04_processed_trajectories_and_features/data/processed/bellevue_150th_newport/experiments/newport_topview_prewarp_displacement_v1/audit/best_run_visualizations/normalization_isotropic/optics_clusters_overlay_pair.png,2992590,93bcf62f0a3cbb90ed881220ee6ccf267e4166f58335812092458c99862a75e4
04_processed_trajectories_and_features/data/processed/bellevue_150th_newport/experiments/newport_topview_prewarp_displacement_v1/audit/best_run_visualizations/normalization_none/hdbscan_clusters_montage.png,3183197,9386cd2ad5e8fba26bd7e9f5ed47a97a015e66d587bb474c7bbad92f6466d680
04_processed_trajectories_and_features/data/processed/bellevue_150th_newport/experiments/newport_topview_prewarp_displacement_v1/audit/best_run_visualizations/normalization_none/hdbscan_clusters_overlay_pair.png,2993833,2caa026d59829b56364b9b67e13c4265ccad882e8ba49684513b85ab71c83d9e
04_processed_trajectories_and_features/data/processed/bellevue_150th_newport/experiments/newport_topview_prewarp_displacement_v1/audit/best_run_visualizations/normalization_none/kmeans_clusters_montage.png,2438902,dc230bca7a2dc46d77242763afdfaee3e087b1e380ebdfb76c1c90647412f2a8
04_processed_trajectories_and_features/data/processed/bellevue_150th_newport/experiments/newport_topview_prewarp_displacement_v1/audit/best_run_visualizations/normalization_none/kmeans_clusters_overlay_pair.png,2995917,307767663656bebafe08695f15f3a33cfa51d080e689c86d460844396e809f4d
04_processed_trajectories_and_features/data/processed/bellevue_150th_newport/experiments/newport_topview_prewarp_displacement_v1/audit/best_run_visualizations/normalization_none/optics_clusters_montage.png,3180447,a2a495fcbc23a42d63957ca7f34a69ab83e308328708ca162ac0fec38ce9f523
04_processed_trajectories_and_features/data/processed/bellevue_150th_newport/experiments/newport_topview_prewarp_displacement_v1/audit/best_run_visualizations/normalization_none/optics_clusters_overlay_pair.png,2991826,c3681569339fd966a5a194c722c1ce78b42e217fa17387f28199e539bc7c7016
04_processed_trajectories_and_features/data/processed/bellevue_150th_newport/experiments/newport_topview_prewarp_displacement_v1/audit/best_run_visualizations/normalization_standard/hdbscan_clusters_montage.png,3185332,38c78e15a98f10b190717dc57406a04177a5ba7f7f231355ff6c40dafe28afab
04_processed_trajectories_and_features/data/processed/bellevue_150th_newport/experiments/newport_topview_prewarp_displacement_v1/audit/best_run_visualizations/normalization_standard/hdbscan_clusters_overlay_pair.png,2993073,e00d78a23454fc5a0f77578143438a874aed520ac606c8dbf73e416c71970f51
04_processed_trajectories_and_features/data/processed/bellevue_150th_newport/experiments/newport_topview_prewarp_displacement_v1/audit/best_run_visualizations/normalization_standard/kmeans_clusters_montage.png,2434291,920a23ba994c72d99dd0d25891f155e076ef23e0f3b444d733d7c1fec274948b
04_processed_trajectories_and_features/data/processed/bellevue_150th_newport/experiments/newport_topview_prewarp_displacement_v1/audit/best_run_visualizations/normalization_standard/kmeans_clusters_overlay_pair.png,2996467,a2dcf2f91afbf5ff3d0dd2b94311e35b30547150d044a6420340bc60a0faf61f
04_processed_trajectories_and_features/data/processed/bellevue_150th_newport/experiments/newport_topview_prewarp_displacement_v1/audit/best_run_visualizations/normalization_standard/optics_clusters_montage.png,3178874,328eab9df8484349e1d11e01d2a584efd763a157db3a0550b373b2bed43a8826
04_processed_trajectories_and_features/data/processed/bellevue_150th_newport/experiments/newport_topview_prewarp_displacement_v1/audit/best_run_visualizations/normalization_standard/optics_clusters_overlay_pair.png,2992940,77ff0aa2a50ad56ea35cce898f1983f809eda4344a0c461fef21a1e24c1b99e0
04_processed_trajectories_and_features/data/processed/bellevue_150th_newport/experiments/newport_topview_prewarp_displacement_v1/audit/normalization_isotropic/methods_summary.csv,2496,84d98e7f0490b6c3e8b7ee5f0310fd1eb86dfc4bf73145bec454d541fa68a1ce
04_processed_trajectories_and_features/data/processed/bellevue_150th_newport/experiments/newport_topview_prewarp_displacement_v1/audit/normalization_isotropic/stats_hdbscan.json,1436,59a2f04813a97e057867cc3fe13190d6bd69c5ad6a09c94e38d74c4567fe0e8e
04_processed_trajectories_and_features/data/processed/bellevue_150th_newport/experiments/newport_topview_prewarp_displacement_v1/audit/normalization_isotropic/stats_kmeans.json,1369,3a92367ee255fbddc5b1f7e1e32f044bc5e5d00df3d7a7bdc06230da9baf9cf6
04_processed_trajectories_and_features/data/processed/bellevue_150th_newport/experiments/newport_topview_prewarp_displacement_v1/audit/normalization_isotropic/stats_optics.json,1384,e48dbb94796e9158c94cc2fe40203c0beec6f240545805e2a92f67530a110fe8
04_processed_trajectories_and_features/data/processed/bellevue_150th_newport/experiments/newport_topview_prewarp_displacement_v1/audit/normalization_none/methods_summary.csv,2394,8ce565283441d7a10fdbbd8a22beadabdb3bf81bc2f07cf6c1bc9a80bd682f41
04_processed_trajectories_and_features/data/processed/bellevue_150th_newport/experiments/newport_topview_prewarp_displacement_v1/audit/normalization_none/stats_hdbscan.json,1402,b85ec259a59aa205506a7270656e63bb8f64829b97e62d1e620967cd32bd6874
04_processed_trajectories_and_features/data/processed/bellevue_150th_newport/experiments/newport_topview_prewarp_displacement_v1/audit/normalization_none/stats_kmeans.json,1333,e56544dcfabb55df96b01454b819f6201263401b46498b0a1477197b389983ef
04_processed_trajectories_and_features/data/processed/bellevue_150th_newport/experiments/newport_topview_prewarp_displacement_v1/audit/normalization_none/stats_optics.json,1352,20ad9176d9044a4b68b668206370bd4c88939f3d81abd32fd5f1b9193cf8a1ad
04_processed_trajectories_and_features/data/processed/bellevue_150th_newport/experiments/newport_topview_prewarp_displacement_v1/audit/normalization_standard/methods_summary.csv,2442,a9e52cc030f2ec3bd0d13ceffc332faaebc2d6ed53f9727cdb196244abdac4fe
04_processed_trajectories_and_features/data/processed/bellevue_150th_newport/experiments/newport_topview_prewarp_displacement_v1/audit/normalization_standard/stats_hdbscan.json,1429,9bf383d2197d7a850cd9bcf499e0b0b96be4f4a784ef0193cc52448082e917bb
04_processed_trajectories_and_features/data/processed/bellevue_150th_newport/experiments/newport_topview_prewarp_displacement_v1/audit/normalization_standard/stats_kmeans.json,1350,d1d5b909163e2147cfb265ae3b5f573e8218f88d71d963a80759a7eb909d0857
04_processed_trajectories_and_features/data/processed/bellevue_150th_newport/experiments/newport_topview_prewarp_displacement_v1/audit/normalization_standard/stats_optics.json,1356,9c5920ebd63d74f5479e433d808e42e8b88e13c8cf4c3f6668f7ba46a2ff4bba
04_processed_trajectories_and_features/data/processed/bellevue_150th_newport/experiments/newport_topview_prewarp_displacement_v1/audit/prepared_inputs/features_isotropic.parquet,763283,01e22be731f766e9f4d089fb28cb995fdf57a9acba4d74aa3e7616701b0f3000
04_processed_trajectories_and_features/data/processed/bellevue_150th_newport/experiments/newport_topview_prewarp_displacement_v1/audit/prepared_inputs/features_none.parquet,763155,ae01a8ed53a5a7a9486f5ba8fbcfe970161efdab774e6c6f29ddb0e79bcea86e
04_processed_trajectories_and_features/data/processed/bellevue_150th_newport/experiments/newport_topview_prewarp_displacement_v1/audit/prepared_inputs/features_standard.parquet,763283,cbb922656c7b2fd562129955e257c95717adddb6fb4139ad3b5eea08f46e6233
04_processed_trajectories_and_features/data/processed/bellevue_150th_newport/experiments/newport_topview_prewarp_displacement_v1/calibration/topview_homography.json,6067,235bd3a60044320d388ac5584d2fb98b3f8720a351f21a5c96f9743079d5d85e
04_processed_trajectories_and_features/data/processed/bellevue_150th_newport/experiments/newport_topview_prewarp_displacement_v1/camera_space_filter/prewarp_displacement_filter_manifest.json,1446,ae74b9b5704099d4d1489fe5c4d48bcb76407868f78eff71c7e7cfa5c360aa89
04_processed_trajectories_and_features/data/processed/bellevue_150th_newport/experiments/newport_topview_prewarp_displacement_v1/camera_space_filter/trajectories_filtered_filled.parquet,367676732,NOT_COMPUTED_LARGE_FILE_GT_268435456_BYTES
04_processed_trajectories_and_features/data/processed/bellevue_150th_newport/experiments/newport_topview_prewarp_displacement_v1/feature_layers/features_core_raw.parquet,2942276,27437c15134b0bd73358bcc121f75827925c3c5b142197307451137310e3de41
04_processed_trajectories_and_features/data/processed/bellevue_150th_newport/experiments/newport_topview_prewarp_displacement_v1/feature_layers/features_scene_norm.parquet,928460,7c090dbd059c264c3068217356faffe67fc95c8dab5fbcb6879ee372b511181f
04_processed_trajectories_and_features/data/processed/bellevue_150th_newport/experiments/newport_topview_prewarp_displacement_v1/feature_layers/features_vector_revers.parquet,859264,8018f9ce95817d4313e89134246c5266d4dbed294dfd6a1295f00defa4476ec1
04_processed_trajectories_and_features/data/processed/bellevue_150th_newport/experiments/newport_topview_prewarp_displacement_v1/feature_layers/features_vector_revers_manifest.json,299,040967df9fe6abd6c81011efd5fcbb45a5f143b923d8d5be0c6f17d460a0e3a3
04_processed_trajectories_and_features/data/processed/bellevue_150th_newport/experiments/newport_topview_prewarp_displacement_v1/feature_layers/feature_layers_manifest.json,2306,60c28bbb8dd66dd30a5fdd70679f5e75bb24de74c2827eecfee05bcf87753f62
04_processed_trajectories_and_features/data/processed/bellevue_150th_newport/experiments/straightness_iso_control_v1/feature_variants/features_coords_only.parquet,1573156,378fe12fef107df251edf83786a582ee7f0b1627a37bf5818f1a5250ac61afb4
04_processed_trajectories_and_features/data/processed/bellevue_150th_newport/experiments/straightness_iso_control_v1/feature_variants/features_plus_direction.parquet,1758576,5ebf9afa04a987d649cb10e317d94bf771fccf28fb70f3839872d5b4f8f948b7
04_processed_trajectories_and_features/data/processed/bellevue_150th_newport/experiments/straightness_iso_control_v1/feature_variants/features_plus_straightness.parquet,1665792,93edc67110aab1bd9a0f4ce3f88067e5b4159d4f7c4fede49808906b943c116a
04_processed_trajectories_and_features/data/processed/bellevue_150th_newport/experiments/straightness_iso_control_v1/feature_variants/feature_variant_manifest.json,3073,70cb234b58544eb0bff0bc1ae7654f2b175e5bb3ddcb38017847e75bae6399f2
04_processed_trajectories_and_features/data/processed/bellevue_150th_newport/experiments/straightness_iso_control_v1/method_comparison_variant_coords_only/methods_summary.csv,890,c5d29909917b53f783e55a232ff896f96453bf71c452efe765f45546a33d22a7
04_processed_trajectories_and_features/data/processed/bellevue_150th_newport/experiments/straightness_iso_control_v1/method_comparison_variant_coords_only/methods_summary.partial.csv,890,c5d29909917b53f783e55a232ff896f96453bf71c452efe765f45546a33d22a7
04_processed_trajectories_and_features/data/processed/bellevue_150th_newport/experiments/straightness_iso_control_v1/method_comparison_variant_coords_only/stats_hdbscan.json,501,235f8d566ce69e82d603627b73179f8a07b4ca3c6ffeb227a5a00dea6113fa91
04_processed_trajectories_and_features/data/processed/bellevue_150th_newport/experiments/straightness_iso_control_v1/method_comparison_variant_coords_only/stats_kmeans.json,513,a0afbc71c49f79d384c029880abe423904ae41e813501ec737a8d37b57284eae
04_processed_trajectories_and_features/data/processed/bellevue_150th_newport/experiments/straightness_iso_control_v1/method_comparison_variant_coords_only/stats_optics.json,504,2c52a5d5db3bb0eca7bc170cda0098d2d9375332327ae690c47ee3111cc3ef93
04_processed_trajectories_and_features/data/processed/bellevue_150th_newport/experiments/straightness_iso_control_v1/method_comparison_variant_coords_only/trials_hdbscan.csv,4555,abeeca0427efc53e8266caf34cd887d2357c2a637199dfe93cb41fc312dc99af
04_processed_trajectories_and_features/data/processed/bellevue_150th_newport/experiments/straightness_iso_control_v1/method_comparison_variant_coords_only/trials_hdbscan_coarse.csv,1930,e701d8de74858bdb65901873f29ab85867564f692ba212ba72f4994721cf8a0d
04_processed_trajectories_and_features/data/processed/bellevue_150th_newport/experiments/straightness_iso_control_v1/method_comparison_variant_coords_only/trials_hdbscan_fine.csv,2776,27401c3f8b6fed49274683ec4068f0f3f131294b1dd4887275c0882bd19fd432
04_processed_trajectories_and_features/data/processed/bellevue_150th_newport/experiments/straightness_iso_control_v1/method_comparison_variant_coords_only/trials_kmeans.csv,5062,11701e8ffb5edf178926a06f96fe81a09a88e6a5527572cb2ca6be66b0db30d2
04_processed_trajectories_and_features/data/processed/bellevue_150th_newport/experiments/straightness_iso_control_v1/method_comparison_variant_coords_only/trials_kmeans_coarse.csv,2618,8178286e143e4fca1fce78ae53cf4a3fab2c4396fc5ce243e3c57d5f19a0d18d
04_processed_trajectories_and_features/data/processed/bellevue_150th_newport/experiments/straightness_iso_control_v1/method_comparison_variant_coords_only/trials_kmeans_fine.csv,2591,cd54dc8a3861fc28a6bd7aaa4336842c44d5bad08acd4a28961e9cb217a8a314
04_processed_trajectories_and_features/data/processed/bellevue_150th_newport/experiments/straightness_iso_control_v1/method_comparison_variant_coords_only/trials_optics.csv,6010,7de3379814be282824a58a1d0e2c8838c8705eea2008e26ecfe8f70af4ec5a46
04_processed_trajectories_and_features/data/processed/bellevue_150th_newport/experiments/straightness_iso_control_v1/method_comparison_variant_coords_only/trials_optics_coarse.csv,2934,cd143db9d3b2d4c414a80fb125f6b6d378360695df9e2d8401be8982a31e650a
04_processed_trajectories_and_features/data/processed/bellevue_150th_newport/experiments/straightness_iso_control_v1/method_comparison_variant_coords_only/trials_optics_fine.csv,3205,6394bdb23dc40708713e159fd6722a4633a3afc53d32a95000f607c5103904c5
04_processed_trajectories_and_features/data/processed/bellevue_150th_newport/experiments/straightness_iso_control_v1/method_comparison_variant_coords_only/visualizations/hdbscan_clusters_montage.png,1370790,2a230802a820f90c1617fea4b83037aeea6b6dbf0674fb31ff113d60596facdc
04_processed_trajectories_and_features/data/processed/bellevue_150th_newport/experiments/straightness_iso_control_v1/method_comparison_variant_coords_only/visualizations/hdbscan_clusters_overlay.png,2094217,28cfc3d444de674e0c79181edbf2525bfc90b25d584b48965df26f0e83f340c5
04_processed_trajectories_and_features/data/processed/bellevue_150th_newport/experiments/straightness_iso_control_v1/method_comparison_variant_coords_only/visualizations/kmeans_clusters_montage.png,2074970,c052b49c406cc84082efb38638182a77780b12f59f5c019c5c3cdc19dbd87864
04_processed_trajectories_and_features/data/processed/bellevue_150th_newport/experiments/straightness_iso_control_v1/method_comparison_variant_coords_only/visualizations/kmeans_clusters_overlay.png,2089031,103c867804f1ab543f469f14e10c277dbd2a78e15002213c809c41cf17187fce
04_processed_trajectories_and_features/data/processed/bellevue_150th_newport/experiments/straightness_iso_control_v1/method_comparison_variant_coords_only/visualizations/optics_clusters_montage.png,2069902,74f194fe92d67fa9d08b4f779603372e4160179faa6f93b9643d8ba7513e00ad
04_processed_trajectories_and_features/data/processed/bellevue_150th_newport/experiments/straightness_iso_control_v1/method_comparison_variant_coords_only/visualizations/optics_clusters_overlay.png,2085270,ca866736ccfe699363625ddfe40ec059f97128121d18003513d8faacdc4c1d1b
04_processed_trajectories_and_features/data/processed/bellevue_150th_newport/experiments/straightness_iso_control_v1/method_comparison_variant_plus_straightness/methods_summary.csv,906,c216d32ea1cab9e4c8434dcc9c7d4b61c5f36164e0815b04dedf20f36c7d24c7
04_processed_trajectories_and_features/data/processed/bellevue_150th_newport/experiments/straightness_iso_control_v1/method_comparison_variant_plus_straightness/methods_summary.partial.csv,906,c216d32ea1cab9e4c8434dcc9c7d4b61c5f36164e0815b04dedf20f36c7d24c7
04_processed_trajectories_and_features/data/processed/bellevue_150th_newport/experiments/straightness_iso_control_v1/method_comparison_variant_plus_straightness/stats_hdbscan.json,499,86af068591884ea8cee10b02c7636d3d32f7fe29cbcbf09370d042d3bdf38d49
04_processed_trajectories_and_features/data/processed/bellevue_150th_newport/experiments/straightness_iso_control_v1/method_comparison_variant_plus_straightness/stats_kmeans.json,511,031be323d511b71a67c31a1a2846fb40e6b3aa384d79454a8cfc977f940c2ee6
04_processed_trajectories_and_features/data/processed/bellevue_150th_newport/experiments/straightness_iso_control_v1/method_comparison_variant_plus_straightness/stats_optics.json,506,4d384b41756fe14f79af838c56ebf32d9ef89458d9c72753f4df6d1f0acbcf44
04_processed_trajectories_and_features/data/processed/bellevue_150th_newport/experiments/straightness_iso_control_v1/method_comparison_variant_plus_straightness/trials_hdbscan.csv,4587,b04e1efd61336feec2b35d578cc0b1c0b1250156b12441d13f7b679051105434
04_processed_trajectories_and_features/data/processed/bellevue_150th_newport/experiments/straightness_iso_control_v1/method_comparison_variant_plus_straightness/trials_hdbscan_coarse.csv,1940,be1d250f1667428ea85d2f97edd0db4d68a2c01cabff4030d751f0c0ff2dfe01
04_processed_trajectories_and_features/data/processed/bellevue_150th_newport/experiments/straightness_iso_control_v1/method_comparison_variant_plus_straightness/trials_hdbscan_fine.csv,2798,95901c8fbb82d7813cde131297ab5a08955b054ed55c425bce567fa1d6dc1a27
04_processed_trajectories_and_features/data/processed/bellevue_150th_newport/experiments/straightness_iso_control_v1/method_comparison_variant_plus_straightness/trials_kmeans.csv,5080,f66298e9eb5ee826fc4efa6e59ea844bb30215e5d7213fd391403c2b72927030
04_processed_trajectories_and_features/data/processed/bellevue_150th_newport/experiments/straightness_iso_control_v1/method_comparison_variant_plus_straightness/trials_kmeans_coarse.csv,2637,89b5f6da36cb6eb1434b85f94e8a287f55c1087c1df6200f975511b215824cad
04_processed_trajectories_and_features/data/processed/bellevue_150th_newport/experiments/straightness_iso_control_v1/method_comparison_variant_plus_straightness/trials_kmeans_fine.csv,2590,402ae64b3c29abae8ec701eea5d978f9486fd8c897c22decaa0a03a39b8cd840
04_processed_trajectories_and_features/data/processed/bellevue_150th_newport/experiments/straightness_iso_control_v1/method_comparison_variant_plus_straightness/trials_optics.csv,6137,1986bafaeced3a8720fdab5c558de8cfb5602ac51d00033e24c2d005352e9457
04_processed_trajectories_and_features/data/processed/bellevue_150th_newport/experiments/straightness_iso_control_v1/method_comparison_variant_plus_straightness/trials_optics_coarse.csv,2947,bfda356e83b42278fa4c06237ee43901aee24f8c40006dea26f7e6eaa0247460
04_processed_trajectories_and_features/data/processed/bellevue_150th_newport/experiments/straightness_iso_control_v1/method_comparison_variant_plus_straightness/trials_optics_fine.csv,3319,98740aec84f427242545dded27f40dbe080a2846231678704dcfc62bd244d4d0
04_processed_trajectories_and_features/data/processed/bellevue_150th_newport/experiments/straightness_iso_control_v1/method_comparison_variant_plus_straightness/visualizations/hdbscan_clusters_montage.png,1376956,f30e344af8fa64217b4b0296060a876544c27c1f5241192178498ae885be8d83
04_processed_trajectories_and_features/data/processed/bellevue_150th_newport/experiments/straightness_iso_control_v1/method_comparison_variant_plus_straightness/visualizations/hdbscan_clusters_overlay.png,2090623,812e042d947640b4c7bd1de04c67a455e057b43dc62e285dff1a311c27b1c3e2
04_processed_trajectories_and_features/data/processed/bellevue_150th_newport/experiments/straightness_iso_control_v1/method_comparison_variant_plus_straightness/visualizations/kmeans_clusters_montage.png,2122575,0fc34aba92ff23edaad86af817aee20af85e05aa0be3e918aa9bbe1abdd3e5e3
04_processed_trajectories_and_features/data/processed/bellevue_150th_newport/experiments/straightness_iso_control_v1/method_comparison_variant_plus_straightness/visualizations/kmeans_clusters_overlay.png,2088459,9f7d3a91fbb09a9ee3380f30082e1eecf08334a2f53f9b30d540c08c76518b5b
04_processed_trajectories_and_features/data/processed/bellevue_150th_newport/experiments/straightness_iso_control_v1/method_comparison_variant_plus_straightness/visualizations/optics_clusters_montage.png,2625212,4859c5b6af9333e72eed7d4468cfc068ec5ed410b8c8ca0593591aff4d7f8691
04_processed_trajectories_and_features/data/processed/bellevue_150th_newport/experiments/straightness_iso_control_v1/method_comparison_variant_plus_straightness/visualizations/optics_clusters_overlay.png,2084414,6617bd20aae7187be6ee029342277cc1b131d5b455e6f38fdd191e0e004873f1
04_processed_trajectories_and_features/data/processed/bellevue_150th_newport/feature_analysis/displacement_full_vs_trimmed_hist.png,54194,c898b9317184e180c7b630d965a610d41b3ab9c4014c37ce2ec3c8d2bc4d0c78
04_processed_trajectories_and_features/data/processed/bellevue_150th_newport/feature_analysis/displacement_norm_full_vs_trimmed_hist.png,55181,56041d07c405fcf797b038c8b9d9552fbb0490cd386f1e97daa92581f1f54300
04_processed_trajectories_and_features/data/processed/bellevue_150th_newport/feature_analysis/displacement_rejected_arrows.png,3138571,3178d9aac0896fa445e40bb4a187f39b8425a64efb1fef3abc86051462fba100
04_processed_trajectories_and_features/data/processed/bellevue_150th_newport/feature_analysis/displacement_rejected_hist.png,71486,a9bf21681cc730bb7b3e8f0379ee4a65892a3f73d70e9df776b1c15a23960c67
04_processed_trajectories_and_features/data/processed/bellevue_150th_newport/feature_analysis/displacement_rejected_summary.json,1362,04d06532e2bcfbcbfad03e456b0a1fe3b5225792388f707e5ae704f93de03a37
04_processed_trajectories_and_features/data/processed/bellevue_150th_newport/feature_analysis/displacement_thresholds.parquet,3562,436793b626011da869c4e2d3448b7d3a0c841dc13a9e80aa0ef1fce3a364cf85
04_processed_trajectories_and_features/data/processed/bellevue_150th_newport/feature_analysis/features_rejected_by_displacement_norm.parquet,7954256,53bd7b9021b5bb2cba7dfb7ae56d5ccd91ab1d3c56d94adfb14127ad3aa7b1db
04_processed_trajectories_and_features/data/processed/bellevue_150th_newport/feature_analysis/features_trimmed_disp.parquet,13905435,f04b914c1a2e42c032f29dee0022ff207dcc90db9a68f7b3eea23353b3f52c5c
04_processed_trajectories_and_features/data/processed/bellevue_150th_newport/feature_analysis/features_trimmed_disp_norm.parquet,3238714,af03fe9a9ba01730892d0e6dc09c3f2bc94235057cd8b3e0eb51587e50281c1e
04_processed_trajectories_and_features/data/processed/bellevue_150th_newport/feature_analysis/feature_analysis_report.md,2193,1d1558e31d8fee870895af1420709cd85ec3c76f54b78b2ca6d44e238c151df7
04_processed_trajectories_and_features/data/processed/bellevue_150th_newport/feature_analysis/feature_histograms.png,122537,79ba7116ce6e0e9427de172ad926ed51299005b51a3caac441f3916ffd9b80c4
04_processed_trajectories_and_features/data/processed/bellevue_150th_newport/feature_analysis/feature_metric_quantiles.csv,2548,16140a4fc6ade80f00a6eb33415d34e84d251263ab59fd69a9969473a3f5e456
04_processed_trajectories_and_features/data/processed/bellevue_150th_newport/feature_analysis/feature_threshold_summary.json,1694,e73e7df7f8030a871c41e2644b077052cc8993f7ac8139e0735c47d78932da41
04_processed_trajectories_and_features/data/processed/bellevue_150th_newport/feature_analysis/feature_trim_candidates.csv,3866,a66acb4ef11ad94f1717b1f4ab5b5eca4b00f5617e386d57d6a5eec231b0accc
04_processed_trajectories_and_features/data/processed/bellevue_150th_newport/feature_analysis/feature_trim_summary.json,511,3caf6f2b888c1428476584af28ed68adfe571483464462025c1a84142862db79
04_processed_trajectories_and_features/data/processed/bellevue_150th_newport/feature_analysis/frame_span_full_vs_trimmed_hist.png,54349,07056a5fa17d7ec3c4f78c796a9121d82cfec1b2174c85128132193aa8ac0baf
04_processed_trajectories_and_features/data/processed/bellevue_150th_newport/feature_analysis/start_end_comparison.png,2457560,84081d719696e79bca910cc88ab9b8f1b6ad3bf2e33fd6a5c8fc825bf3c5ac53
04_processed_trajectories_and_features/data/processed/bellevue_150th_newport/feature_analysis/start_end_comparison_2x2.png,5387289,f5ca02f75b4729a7ac8029c307b84d97376970688497c6f7bd26e7b4cca4e95f
04_processed_trajectories_and_features/data/processed/bellevue_150th_newport/feature_analysis/start_end_comparison_2x2_displacement.png,5430779,2f8064d955d4b621b7db313a88a551a1cf748d0331e72544e98749114cd741be
04_processed_trajectories_and_features/data/processed/bellevue_150th_newport/feature_analysis/start_end_comparison_2x2_displacement_norm.png,4896460,41602bff0c06aafa035bf6956782a31c43d48f11b0e2936f53403205f6ae1e41
04_processed_trajectories_and_features/data/processed/bellevue_150th_newport/feature_layers/features_core_raw.parquet,11091063,df7534ea683b9186e093a3924d5f922854d1cde55e7593497e092607059edb35
04_processed_trajectories_and_features/data/processed/bellevue_150th_newport/feature_layers/features_scene_norm.parquet,3563895,0a08d964ea1b2efd3d425e8c9f1a1eaa61aa54c8a16960d504ee0abb6860c22b
04_processed_trajectories_and_features/data/processed/bellevue_150th_newport/feature_layers/features_vector_revers.parquet,3424233,b0ace2933b2a3e0ff342a7e93bba91b9daf5d0a2fba001475146c77fd0a5c339
04_processed_trajectories_and_features/data/processed/bellevue_150th_newport/feature_layers/features_vector_revers_manifest.json,245,a93004769a860f3adf01efd3654d41511a96ed756d5f739c38bcd14bb002e753
04_processed_trajectories_and_features/data/processed/bellevue_150th_newport/feature_layers/feature_layers_manifest.json,1982,32b31363cd59d558e7b6398a691ac0a76fea230a9b82945e86158f897c4cef91
04_processed_trajectories_and_features/data/processed/bellevue_150th_newport/feature_variants/features_all_norm.parquet,2324908,1410d4a01cffec78e9bddf3422b0384852fafb347aea437d727e0d91148c579a
04_processed_trajectories_and_features/data/processed/bellevue_150th_newport/feature_variants/features_baseline_norm4.parquet,1847889,0069918c240739a886784a350102ac516c3d53ed7fedc898a29699fb75e4f4d7
04_processed_trajectories_and_features/data/processed/bellevue_150th_newport/feature_variants/features_coords_only.parquet,1573156,378fe12fef107df251edf83786a582ee7f0b1627a37bf5818f1a5250ac61afb4
04_processed_trajectories_and_features/data/processed/bellevue_150th_newport/feature_variants/features_plus_direction.parquet,1758576,5ebf9afa04a987d649cb10e317d94bf771fccf28fb70f3839872d5b4f8f948b7
04_processed_trajectories_and_features/data/processed/bellevue_150th_newport/feature_variants/features_plus_straightness.parquet,1665792,93edc67110aab1bd9a0f4ce3f88067e5b4159d4f7c4fede49808906b943c116a
04_processed_trajectories_and_features/data/processed/bellevue_150th_newport/feature_variants/feature_variants_manifest.json,2250,282d8d2d34865389e90e188cec78663c7f5f47eef063caa716bf35f466ce872a
04_processed_trajectories_and_features/data/processed/bellevue_150th_newport/feature_variants/feature_variant_manifest.json,2863,7c94617fcdeb9539e9c53d93ca65658540c3537565564226de61f91547129c13
04_processed_trajectories_and_features/data/processed/bellevue_150th_newport/method_comparison/methods_summary.csv,1269,c24ac3c18840345ed3234883b63ab79c420c3e185ad0e2b1dec4456cc922d2b3
04_processed_trajectories_and_features/data/processed/bellevue_150th_newport/method_comparison/methods_summary.partial.csv,1269,c24ac3c18840345ed3234883b63ab79c420c3e185ad0e2b1dec4456cc922d2b3
04_processed_trajectories_and_features/data/processed/bellevue_150th_newport/method_comparison/stats_birch.json,314,4224c5e5a535e950d3d460d2a9b8845ae24ef2d6ccba60a44e36072944cc0bc2
04_processed_trajectories_and_features/data/processed/bellevue_150th_newport/method_comparison/stats_dbscan.json,328,c1172e014522fa05cd8dee39159e5768fecc15ee976ae4ead53aaf698d6ac012
04_processed_trajectories_and_features/data/processed/bellevue_150th_newport/method_comparison/stats_gmm.json,316,d64ba3851ca0ec50994c479a8414bb216113e790bc000444546c6155ca05ae24
04_processed_trajectories_and_features/data/processed/bellevue_150th_newport/method_comparison/stats_hdbscan.json,348,ddb7f66ea6c9e9d11164bec33fdb5176f1b9151c870aca6bf43d32fc2b6e2b3f
04_processed_trajectories_and_features/data/processed/bellevue_150th_newport/method_comparison/stats_kmeans.json,362,4c0325ce2d6f127dde44a75442737f9eccf38aa322755cfae7c65708468d1062
04_processed_trajectories_and_features/data/processed/bellevue_150th_newport/method_comparison/stats_optics.json,339,1f81725d301770b3b2e8b5ac1d022ee7784a0b08ff4f58ddf6953c395f0b312f
04_processed_trajectories_and_features/data/processed/bellevue_150th_newport/method_comparison/trials_birch.csv,1142,14c6c3e9c8e36952b3b4f45347ca738820e23f56a20e9687a800fbfae10e6723
04_processed_trajectories_and_features/data/processed/bellevue_150th_newport/method_comparison/trials_dbscan.csv,1391,6f048207fd12481fb68cd7160527c3aac1c637afe5949c9213078c2913c17a78
04_processed_trajectories_and_features/data/processed/bellevue_150th_newport/method_comparison/trials_gmm.csv,785,55275e920f4a0bc73550899d50b5e92b93ca7619efee2e28d1d38e932991df8f
04_processed_trajectories_and_features/data/processed/bellevue_150th_newport/method_comparison/trials_hdbscan.csv,1829,4659609b8e17f3911adf4a815a487d6592fec4b51440a2c835cdd49933bc491a
04_processed_trajectories_and_features/data/processed/bellevue_150th_newport/method_comparison/trials_kmeans.csv,3228,ac97fce9ed91b4d9af8ac64571e5514a7ef3acea43bd2087f5f837f9fe311e26
04_processed_trajectories_and_features/data/processed/bellevue_150th_newport/method_comparison/trials_optics.csv,4049,41526085aed6fbd21808f2492526a6bc0d544b277a485d86f027b8ad03d3f4a0
04_processed_trajectories_and_features/data/processed/bellevue_150th_newport/method_comparison/visualizations/birch_clusters_montage.png,2194737,bfa6d28a80acfb3181a052ff68ed827417f8cbdbed77ba61973b2a9c4863a234
04_processed_trajectories_and_features/data/processed/bellevue_150th_newport/method_comparison/visualizations/birch_clusters_overlay.png,2091539,858eecf69d98a84f37da4c0ba849bf8cfcc0d20293e06f168929c3574d4c70ea
04_processed_trajectories_and_features/data/processed/bellevue_150th_newport/method_comparison/visualizations/dbscan_clusters_montage.png,2674458,d9421305c9a935ff5f53102b5177995fb0ed775af046fc5c6d34a368013cdb44
04_processed_trajectories_and_features/data/processed/bellevue_150th_newport/method_comparison/visualizations/dbscan_clusters_overlay.png,2087379,24067e59f6b92219bbf84bf876215b3ea428b7637897426ce8c8d68b68151988
04_processed_trajectories_and_features/data/processed/bellevue_150th_newport/method_comparison/visualizations/gmm_clusters_montage.png,3455584,57f4e0f4a2176a6b678a48542b5e443cfa880030602facbab614d545358f8982
04_processed_trajectories_and_features/data/processed/bellevue_150th_newport/method_comparison/visualizations/gmm_clusters_overlay.png,2087062,3210f141139ac3ea5e699db85028e23d30fbcf001389e0f776439035ce019dc9
04_processed_trajectories_and_features/data/processed/bellevue_150th_newport/method_comparison/visualizations/hdbscan_clusters_montage.png,2062931,264478681bea2bfa94017e498527077777c79da3406377cbde13dc063209fc84
04_processed_trajectories_and_features/data/processed/bellevue_150th_newport/method_comparison/visualizations/hdbscan_clusters_overlay.png,2088239,3d6ec78f01e03723b6d4bccaa9717d4b08c3e1a8510b925f3ecde5179a487f31
04_processed_trajectories_and_features/data/processed/bellevue_150th_newport/method_comparison/visualizations/kmeans_clusters_montage.png,3461651,0d425a20cd0157070ca78c20c8d14fc8d502bc3681febe1a7f1d6ba334a8370f
04_processed_trajectories_and_features/data/processed/bellevue_150th_newport/method_comparison/visualizations/kmeans_clusters_overlay.png,2090807,adc3b77e336011a9753c3e1e4a43f832d15d871a85fc98d4c97b95d352e2412e
04_processed_trajectories_and_features/data/processed/bellevue_150th_newport/method_comparison/visualizations/optics_clusters_montage.png,2599667,84cfbaf3ab21d72276cbca3788c3b1b998c869b3f7fbb38f69c5df8f512a9e3a
04_processed_trajectories_and_features/data/processed/bellevue_150th_newport/method_comparison/visualizations/optics_clusters_overlay.png,2078975,b42cef69113f62c0b9113407894f616e1c6d92bf255205d7606665f3013f18ce
04_processed_trajectories_and_features/data/processed/bellevue_150th_newport/method_comparison_variant_all_norm/methods_summary.csv,1181,02de01cc93077aabeeab2d042072b2b4eb0f81a0f7e5f59ea423c23543adb3a3
04_processed_trajectories_and_features/data/processed/bellevue_150th_newport/method_comparison_variant_all_norm/methods_summary.partial.csv,1181,02de01cc93077aabeeab2d042072b2b4eb0f81a0f7e5f59ea423c23543adb3a3
04_processed_trajectories_and_features/data/processed/bellevue_150th_newport/method_comparison_variant_all_norm/stats_birch.json,314,13337dd7fdea580429c798b27442e6a7b1b5a617919e357fda98cfa50d343f5c
04_processed_trajectories_and_features/data/processed/bellevue_150th_newport/method_comparison_variant_all_norm/stats_dbscan.json,329,13d138e76ce8281382a1c581e928042de23d35264b7b66b03071632c84fc1d75
04_processed_trajectories_and_features/data/processed/bellevue_150th_newport/method_comparison_variant_all_norm/stats_gmm.json,317,f07fc70eeae57a2c93057318f7a96aa958d260d6ee6897dd5ec8895aabd54c8e
04_processed_trajectories_and_features/data/processed/bellevue_150th_newport/method_comparison_variant_all_norm/stats_hdbscan.json,346,d0538a41d10a447a9f1e04648c07ac742f78c324e7e982ffaa1e8498dee2173e
04_processed_trajectories_and_features/data/processed/bellevue_150th_newport/method_comparison_variant_all_norm/stats_kmeans.json,363,d59f0d1b072ddc7273f692032835117b145dfef5c1d0bbe2ce28a1c1ac7e935a
04_processed_trajectories_and_features/data/processed/bellevue_150th_newport/method_comparison_variant_all_norm/stats_optics.json,339,e53a2d93133db3b2cf64dcf22d892205c6cdb003e4aca2fdb11f2226d78732d1
04_processed_trajectories_and_features/data/processed/bellevue_150th_newport/method_comparison_variant_all_norm/trials_birch.csv,1134,ee34cafbba847cb90dd4bc7de349c64cb75814ae78c6771e84f599aa0069da44
04_processed_trajectories_and_features/data/processed/bellevue_150th_newport/method_comparison_variant_all_norm/trials_dbscan.csv,1399,a16615dcc4ab0786b8898bd271bac5b743462650bc311781d0c0410f955302ba
04_processed_trajectories_and_features/data/processed/bellevue_150th_newport/method_comparison_variant_all_norm/trials_gmm.csv,788,800c7d72bffed471f77e77294c56145878753e04c7157cc5956ab6ca96a88ffa
04_processed_trajectories_and_features/data/processed/bellevue_150th_newport/method_comparison_variant_all_norm/trials_hdbscan.csv,1823,d9ec19533544b6e56480d71105587ec051bf93c0ebf705eab823219e371ac04e
04_processed_trajectories_and_features/data/processed/bellevue_150th_newport/method_comparison_variant_all_norm/trials_kmeans.csv,3218,fcc27766854c425561531cd461da102735e6df357660a0b474452a1a01c89c69
04_processed_trajectories_and_features/data/processed/bellevue_150th_newport/method_comparison_variant_all_norm/trials_optics.csv,4073,1df37567e5ab795fb2229cf5e2decedb17509e94bd9d40a971c377dd6d65450f
04_processed_trajectories_and_features/data/processed/bellevue_150th_newport/method_comparison_variant_all_norm/visualizations/birch_clusters_montage.png,2793290,9fc5fb48ff806ec12188a665a17dcc603e5087dbea6e85502184e6065a82b4d5
04_processed_trajectories_and_features/data/processed/bellevue_150th_newport/method_comparison_variant_all_norm/visualizations/birch_clusters_overlay.png,2086113,b4124cd67513045d2199dbd72f62d925cb63b3ec39d25c12135e3f1777f5f7ac
04_processed_trajectories_and_features/data/processed/bellevue_150th_newport/method_comparison_variant_all_norm/visualizations/dbscan_clusters_montage.png,2714683,e461ab340842c3715b9525c8fb51f8fc7a25727db0e4fe5e4a0b37ea41e7d452
04_processed_trajectories_and_features/data/processed/bellevue_150th_newport/method_comparison_variant_all_norm/visualizations/dbscan_clusters_overlay.png,2086194,9626e66bde3928e34a4beeb973a6a4c23d7239765816f61390a0eb8fd1fa98b1
04_processed_trajectories_and_features/data/processed/bellevue_150th_newport/method_comparison_variant_all_norm/visualizations/gmm_clusters_montage.png,3384218,72a8fd04b124277214574a060e96de18b086e164c84097e7cbb0b675a9cc2334
04_processed_trajectories_and_features/data/processed/bellevue_150th_newport/method_comparison_variant_all_norm/visualizations/gmm_clusters_overlay.png,2086391,20c66f832c969148f3071371e0111b22a12e2ed5b5022e202cf7572378544e25
04_processed_trajectories_and_features/data/processed/bellevue_150th_newport/method_comparison_variant_all_norm/visualizations/hdbscan_clusters_montage.png,2064124,743cfbc182e706bf588cbfd0caa284bfd749e82e1d7d7c1fddd748542d67bed1
04_processed_trajectories_and_features/data/processed/bellevue_150th_newport/method_comparison_variant_all_norm/visualizations/hdbscan_clusters_overlay.png,2087751,d74cb948b607d249b9cdaca44825f3696f301c7a96b119d10f13567470c79b9a
04_processed_trajectories_and_features/data/processed/bellevue_150th_newport/method_comparison_variant_all_norm/visualizations/kmeans_clusters_montage.png,3471961,b60e1934874cbf772d44b0f80492e1ed4eec03b79d8935c06496c4726313fe2a
04_processed_trajectories_and_features/data/processed/bellevue_150th_newport/method_comparison_variant_all_norm/visualizations/kmeans_clusters_overlay.png,2088383,dc307d735a821f4ff8087f3f6763431c0dc2e42906fb1a002030d24cee8cf8e6
04_processed_trajectories_and_features/data/processed/bellevue_150th_newport/method_comparison_variant_all_norm/visualizations/optics_clusters_montage.png,2625931,742aaf160797ec45b265f56ad434ae5efccccd71eff2219bc055cda398260a5d
04_processed_trajectories_and_features/data/processed/bellevue_150th_newport/method_comparison_variant_all_norm/visualizations/optics_clusters_overlay.png,2079294,bb2bd4cc6d94adcdb9e6f94beffd5be11a3fb96740b3f30533f22490bb3f939f
04_processed_trajectories_and_features/data/processed/bellevue_150th_newport/method_comparison_variant_baseline_norm4/methods_summary.csv,1211,c2c3c988e6e18424de7120dcac2cf97659fab555666cbed70c3778bcaa681ac4
04_processed_trajectories_and_features/data/processed/bellevue_150th_newport/method_comparison_variant_baseline_norm4/methods_summary.partial.csv,1211,c2c3c988e6e18424de7120dcac2cf97659fab555666cbed70c3778bcaa681ac4
04_processed_trajectories_and_features/data/processed/bellevue_150th_newport/method_comparison_variant_baseline_norm4/stats_birch.json,315,34b11b7e4aa97e6ec2538721d455b33a900fbdfda075ae1a6ed2b37624b14e06
04_processed_trajectories_and_features/data/processed/bellevue_150th_newport/method_comparison_variant_baseline_norm4/stats_dbscan.json,325,bf315f01fb8891b514371a1ace03251421a1d66ee15d752cbd312e2fb2f57c1c
04_processed_trajectories_and_features/data/processed/bellevue_150th_newport/method_comparison_variant_baseline_norm4/stats_gmm.json,316,2b1262ac1f7d8458431ebf0feb35821472d33fda1d851fb7a73ddcb13b3966b2
04_processed_trajectories_and_features/data/processed/bellevue_150th_newport/method_comparison_variant_baseline_norm4/stats_hdbscan.json,345,fd25b2ed5353715450aac7e6d19a79ac629b97851663a0fb5201b1062afe52b7
04_processed_trajectories_and_features/data/processed/bellevue_150th_newport/method_comparison_variant_baseline_norm4/stats_kmeans.json,362,849cf4c7f7bf41ff3522c26bedb81c9b6a6cfd35a2102ef7c69d85e38373204c
04_processed_trajectories_and_features/data/processed/bellevue_150th_newport/method_comparison_variant_baseline_norm4/stats_optics.json,339,c6c5e47dd2543ee09195f06f9878aa7f64d11d3c4d483a2e25dbda0962cc02d2
04_processed_trajectories_and_features/data/processed/bellevue_150th_newport/method_comparison_variant_baseline_norm4/trials_birch.csv,1147,166dcd37fc63a0192db542ca2c3896e06ff9cd8152d81b89456d40dfdb1941d8
04_processed_trajectories_and_features/data/processed/bellevue_150th_newport/method_comparison_variant_baseline_norm4/trials_dbscan.csv,1372,1adff442fbab54c26d5dbdd97d76e6835af264e6d44af3225d7b24d6f5990e37
04_processed_trajectories_and_features/data/processed/bellevue_150th_newport/method_comparison_variant_baseline_norm4/trials_gmm.csv,787,6f2e96af7ee20b38efd92eea77d020bf8105eb13365676a9ab78a7864e87ee5c
04_processed_trajectories_and_features/data/processed/bellevue_150th_newport/method_comparison_variant_baseline_norm4/trials_hdbscan.csv,1822,ae21bd5ae2f187d866f23b5aa6ce970a920c904f6b6677cf18b38c63dcc4a9d0
04_processed_trajectories_and_features/data/processed/bellevue_150th_newport/method_comparison_variant_baseline_norm4/trials_kmeans.csv,3226,8ee92500a2e49fb6f150d3f343f5a6bae7addee19fb72215bc321736030df8ba
04_processed_trajectories_and_features/data/processed/bellevue_150th_newport/method_comparison_variant_baseline_norm4/trials_optics.csv,4070,16276f3db1203530c81d6568ec96d282d580f05320fbfbd9de7b2f1941a833d6
04_processed_trajectories_and_features/data/processed/bellevue_150th_newport/method_comparison_variant_baseline_norm4/visualizations/birch_clusters_montage.png,3233514,f219c0b81c3f7f5335df76e20ff0b860170d4ac9c96fc94de410d2de555f20bf
04_processed_trajectories_and_features/data/processed/bellevue_150th_newport/method_comparison_variant_baseline_norm4/visualizations/birch_clusters_overlay.png,2082919,116cd7d81c7cc66221e7c2c9828c52826ad84cf8043091bf6f54d0fb2e7d31fe
04_processed_trajectories_and_features/data/processed/bellevue_150th_newport/method_comparison_variant_baseline_norm4/visualizations/dbscan_clusters_montage.png,2030435,810f96ce35948014216c30ab0f051b9ce387416ea58487a5887a2fce5c77324b
04_processed_trajectories_and_features/data/processed/bellevue_150th_newport/method_comparison_variant_baseline_norm4/visualizations/dbscan_clusters_overlay.png,2089724,9dadb63454c3c0756b717e95786fa3c03353a90f6628d509137a3aff0df910ab
04_processed_trajectories_and_features/data/processed/bellevue_150th_newport/method_comparison_variant_baseline_norm4/visualizations/gmm_clusters_montage.png,3361866,7a74782b5fb1b187c7a04f0d3b0653a5cee76e2b67873e5fd9ee689f35fda2ff
04_processed_trajectories_and_features/data/processed/bellevue_150th_newport/method_comparison_variant_baseline_norm4/visualizations/gmm_clusters_overlay.png,2087500,2ef55c5d13676bc8d87f56bef15c6bf6ce1b150eb4375c9cb6740913bb459d87
04_processed_trajectories_and_features/data/processed/bellevue_150th_newport/method_comparison_variant_baseline_norm4/visualizations/hdbscan_clusters_montage.png,2042919,51754e30e642f323c1953af9fcb1a16fbda9b2c7346d6755b3885366891f5303
04_processed_trajectories_and_features/data/processed/bellevue_150th_newport/method_comparison_variant_baseline_norm4/visualizations/hdbscan_clusters_overlay.png,2088568,9893294cace6816fce6401a540a719eb186b697b2d05c2db59611131a6ef9ac3
04_processed_trajectories_and_features/data/processed/bellevue_150th_newport/method_comparison_variant_baseline_norm4/visualizations/kmeans_clusters_montage.png,2692260,58af6d181b5bb5c67fe261b6ee0adbe05a45a265b332733566481223857cfeea
04_processed_trajectories_and_features/data/processed/bellevue_150th_newport/method_comparison_variant_baseline_norm4/visualizations/kmeans_clusters_overlay.png,2088882,48ba4ea1e1d57ffb9f3171fd9f6d49b89573ac4db047473994086206102ad001
04_processed_trajectories_and_features/data/processed/bellevue_150th_newport/method_comparison_variant_baseline_norm4/visualizations/optics_clusters_montage.png,2049067,bb9ab44f3c3a3d05c4664cafd8569b4445577d68640b0950ac6b54f894311b6f
04_processed_trajectories_and_features/data/processed/bellevue_150th_newport/method_comparison_variant_baseline_norm4/visualizations/optics_clusters_overlay.png,2084410,01ef95c3aa34e82d22bd060a13da43f5941a33a82756f797638e70a82d3a0aab
04_processed_trajectories_and_features/data/processed/bellevue_150th_newport/method_comparison_variant_plus_frame_span/visualizations/birch_clusters_montage.png,2241924,20acf861e2e59d7afd0fb88cea1a0944d26924292aaf508fcaa7bca655ca9036
04_processed_trajectories_and_features/data/processed/bellevue_150th_newport/method_comparison_variant_plus_frame_span/visualizations/birch_clusters_overlay.png,2090869,e78de5a9cea186bd1665aa2e44335411a8b956fce62b2480cd456098830b5e4e
04_processed_trajectories_and_features/data/processed/bellevue_150th_newport/method_comparison_variant_plus_frame_span/visualizations/dbscan_clusters_montage.png,3420764,f62db3876f47f0afcb07df04e4f919c14e8583fc90ae503ef71f55287e05b7a3
04_processed_trajectories_and_features/data/processed/bellevue_150th_newport/method_comparison_variant_plus_frame_span/visualizations/dbscan_clusters_overlay.png,2088158,a4a142a0533f0835bac1649625244ebbc93b7f9229984c43f5f4fdd21a0e454c
04_processed_trajectories_and_features/data/processed/bellevue_150th_newport/method_comparison_variant_plus_frame_span/visualizations/gmm_clusters_montage.png,2160711,42a34bde8c7684b945f42a7ac50b356be8d147efaf5e90dbdbc776616acfa634
04_processed_trajectories_and_features/data/processed/bellevue_150th_newport/method_comparison_variant_plus_frame_span/visualizations/gmm_clusters_overlay.png,2089431,ce159eda95fa42523cb8ced1bfd8596c02a3ff622f6ed44b19469c5f403868c0
04_processed_trajectories_and_features/data/processed/bellevue_150th_newport/method_comparison_variant_plus_frame_span/visualizations/hdbscan_clusters_montage.png,2037855,641565284c18147d066227bef4949ea01e1aeaa20949040e6f030c98953f5716
04_processed_trajectories_and_features/data/processed/bellevue_150th_newport/method_comparison_variant_plus_frame_span/visualizations/hdbscan_clusters_overlay.png,2088612,eaaff9a32228cbac61f40eac811da8b0bfc9889192d9f518ce7cf13bd525e2e2
04_processed_trajectories_and_features/data/processed/bellevue_150th_newport/method_comparison_variant_plus_frame_span/visualizations/kmeans_clusters_montage.png,2175334,b310e5345d645c4ab53e64c1481b967ba36426e4767b4cd8d2c57a8599bdd072
04_processed_trajectories_and_features/data/processed/bellevue_150th_newport/method_comparison_variant_plus_frame_span/visualizations/kmeans_clusters_overlay.png,2094356,6ba8af29b23d3135f1b6a61dcd3252b1fb65ac4575034d7c4cc727643ad85189
04_processed_trajectories_and_features/data/processed/bellevue_150th_newport/method_comparison_variant_plus_frame_span/visualizations/optics_clusters_montage.png,2102313,913338aa7a6bb507f37c60d366c76657b037791b463214430c7077986760d16a
04_processed_trajectories_and_features/data/processed/bellevue_150th_newport/method_comparison_variant_plus_frame_span/visualizations/optics_clusters_overlay.png,2085607,f1e35469789e03270133b23e04c8996ab28d6bfdae65fd98035d37f986be1537
04_processed_trajectories_and_features/data/processed/bellevue_150th_newport/method_comparison_variant_plus_frame_span_straightness/visualizations/birch_clusters_montage.png,2835465,4f41fa4c8a499b3d47610456bd63c06c4d047374ab4773578f5237f6bb29d41c
04_processed_trajectories_and_features/data/processed/bellevue_150th_newport/method_comparison_variant_plus_frame_span_straightness/visualizations/birch_clusters_overlay.png,2086655,4903db1be54a7756120e53725b03de990fee5a0c0c32cf9611ea8df5076366e7
04_processed_trajectories_and_features/data/processed/bellevue_150th_newport/method_comparison_variant_plus_frame_span_straightness/visualizations/dbscan_clusters_montage.png,2683953,ab2476214cec4aa6dca467eccd978cf39c8624f846c5b4d300efa7bc867deac8
04_processed_trajectories_and_features/data/processed/bellevue_150th_newport/method_comparison_variant_plus_frame_span_straightness/visualizations/dbscan_clusters_overlay.png,2086512,f13ae1e504f81d87fe5e3ae1ea9fc81866318feb727578f84a8499871d7db464
04_processed_trajectories_and_features/data/processed/bellevue_150th_newport/method_comparison_variant_plus_frame_span_straightness/visualizations/gmm_clusters_montage.png,2792789,ac02dff5084f17d49fee8acb56ffff82dbe2890cf7cb55ab1ccbeead3c31bddb
04_processed_trajectories_and_features/data/processed/bellevue_150th_newport/method_comparison_variant_plus_frame_span_straightness/visualizations/gmm_clusters_overlay.png,2086977,d109789721425ba97102bab9ec44be4f0d77e66eb96f7b17caccef3e07c3c3b6
04_processed_trajectories_and_features/data/processed/bellevue_150th_newport/method_comparison_variant_plus_frame_span_straightness/visualizations/hdbscan_clusters_montage.png,2057226,9e57b721c7ce6ff7e1f4f4782b4315c9133e8f91ed8317bd608cc0be1e77d14a
04_processed_trajectories_and_features/data/processed/bellevue_150th_newport/method_comparison_variant_plus_frame_span_straightness/visualizations/hdbscan_clusters_overlay.png,2087871,37407ff9b96a94db6c452f7a48779a2b4665a96fa29ba3f25c10ca08e1550639
04_processed_trajectories_and_features/data/processed/bellevue_150th_newport/method_comparison_variant_plus_frame_span_straightness/visualizations/kmeans_clusters_montage.png,2847609,2daacf2297d045a41d7b03462f62fdd8668c16d624ddfc50c39f4d4a3a3ae07d
04_processed_trajectories_and_features/data/processed/bellevue_150th_newport/method_comparison_variant_plus_frame_span_straightness/visualizations/kmeans_clusters_overlay.png,2093758,ce7d87adae5fc8dae46345711f413c145db926b5ac6cfb92a34b809ba26d3681
04_processed_trajectories_and_features/data/processed/bellevue_150th_newport/method_comparison_variant_plus_frame_span_straightness/visualizations/optics_clusters_montage.png,2637100,4876c958ec7dbcaa9a7cac746db7e6cb498692f37d9bcdb81f6712419708447c
04_processed_trajectories_and_features/data/processed/bellevue_150th_newport/method_comparison_variant_plus_frame_span_straightness/visualizations/optics_clusters_overlay.png,2079115,c1c0fe6275761ad6ebcbc0918194971ac65accfef5088d179b32b7e895ac916c
04_processed_trajectories_and_features/data/processed/bellevue_150th_newport/method_comparison_variant_plus_frame_span_straightness_dir/visualizations/birch_clusters_montage.png,2836921,303d3ed95862ad921caf20df121ae70eb592373d25d665a50473fb5a29647f97
04_processed_trajectories_and_features/data/processed/bellevue_150th_newport/method_comparison_variant_plus_frame_span_straightness_dir/visualizations/birch_clusters_overlay.png,2092453,aaec02035c0f857180bb214f22089a60ae3010f392701efb6c5853ae9694d1b6
04_processed_trajectories_and_features/data/processed/bellevue_150th_newport/method_comparison_variant_plus_frame_span_straightness_dir/visualizations/dbscan_clusters_montage.png,2687463,4f69572c6470034e4229620a690518e0c07ab6518d7399f5f2e4c546dc6f0b36
04_processed_trajectories_and_features/data/processed/bellevue_150th_newport/method_comparison_variant_plus_frame_span_straightness_dir/visualizations/dbscan_clusters_overlay.png,2086545,812a2ff41b026dfa9afe3e4af9d343e46e3069a2c22f0287a1910cb44e221038
04_processed_trajectories_and_features/data/processed/bellevue_150th_newport/method_comparison_variant_plus_frame_span_straightness_dir/visualizations/gmm_clusters_montage.png,3369785,aff8c4271a53e3b13829f9b23533b178192c16896c3d5351ceb7c3ac21e06414
04_processed_trajectories_and_features/data/processed/bellevue_150th_newport/method_comparison_variant_plus_frame_span_straightness_dir/visualizations/gmm_clusters_overlay.png,2087806,cc0e7afd2fcfecb0e5e244acab6852f0e90277099edc299a3a5af1e07c28909a
04_processed_trajectories_and_features/data/processed/bellevue_150th_newport/method_comparison_variant_plus_frame_span_straightness_dir/visualizations/hdbscan_clusters_montage.png,2029932,ca6d4f637641e4ef9369d445330b9e169544b417a54acb49cfe3cdc530329c9a
04_processed_trajectories_and_features/data/processed/bellevue_150th_newport/method_comparison_variant_plus_frame_span_straightness_dir/visualizations/hdbscan_clusters_overlay.png,2088009,e92034552b47b0b53dfe191fd35dbd0082d53cf4dde66f1a646d16ceb8ce3f39
04_processed_trajectories_and_features/data/processed/bellevue_150th_newport/method_comparison_variant_plus_frame_span_straightness_dir/visualizations/kmeans_clusters_montage.png,2190750,0da598ce12c56150ac381729faa0367c71c7b261c0f9f12d8769cdc4b807c802
04_processed_trajectories_and_features/data/processed/bellevue_150th_newport/method_comparison_variant_plus_frame_span_straightness_dir/visualizations/kmeans_clusters_overlay.png,2088331,2b74bd8fc6584be68575bd83164809bcc374fc765f7844a9bfd837eafd18f99b
04_processed_trajectories_and_features/data/processed/bellevue_150th_newport/method_comparison_variant_plus_frame_span_straightness_dir/visualizations/optics_clusters_montage.png,3323345,1fd7fdc5095a679f856c2540005c82ba780a45645a3a1a2cf7e37b4395d1ac12
04_processed_trajectories_and_features/data/processed/bellevue_150th_newport/method_comparison_variant_plus_frame_span_straightness_dir/visualizations/optics_clusters_overlay.png,2075654,af56cfb9fb8536b41770d0f0524a620ea0aae5d4b772caac4f298c2dfa9dacb3
04_processed_trajectories_and_features/data/processed/bellevue_150th_newport/method_comparison_variant_plus_straightness/methods_summary.csv,898,313a693f812ac71c84a6025bfc7bce19b2553adffc0a84bd2a817e06cb00e4f2
04_processed_trajectories_and_features/data/processed/bellevue_150th_newport/method_comparison_variant_plus_straightness/methods_summary.partial.csv,898,313a693f812ac71c84a6025bfc7bce19b2553adffc0a84bd2a817e06cb00e4f2
04_processed_trajectories_and_features/data/processed/bellevue_150th_newport/method_comparison_variant_plus_straightness/stats_hdbscan.json,501,08fc7c43a35d7ff230c26e272d0e3725981880ef25b10af5b1fc26b281400ff8
04_processed_trajectories_and_features/data/processed/bellevue_150th_newport/method_comparison_variant_plus_straightness/stats_kmeans.json,514,4ec7f87346c03598ecf5cadb34537b8f6cbaa4122b8bc9c25af1d36a8b5067d8
04_processed_trajectories_and_features/data/processed/bellevue_150th_newport/method_comparison_variant_plus_straightness/stats_optics.json,505,0608ce44e1828daa7d7e6e06d688123d39153baff6dd7a0c8ed0f2dfd25f1834
04_processed_trajectories_and_features/data/processed/bellevue_150th_newport/method_comparison_variant_plus_straightness/trials_hdbscan.csv,4576,a4a2fd9d975f4b80b667f1b2dea86857e2676c76fd14ff2fb2621e5e4f7cb71d
04_processed_trajectories_and_features/data/processed/bellevue_150th_newport/method_comparison_variant_plus_straightness/trials_hdbscan_coarse.csv,1946,175fd04fc91b8737010128fcab2572ea56e06a76d4c63947c32c134830549118
04_processed_trajectories_and_features/data/processed/bellevue_150th_newport/method_comparison_variant_plus_straightness/trials_hdbscan_fine.csv,2781,8ce122d3ac8e6235bf77f1b2613a065990a26e78afd4ba050c60d49e31d51d2f
04_processed_trajectories_and_features/data/processed/bellevue_150th_newport/method_comparison_variant_plus_straightness/trials_kmeans.csv,8126,658f3e87b5a8358f2425d04f707d0775e816d9ca2a8e800bef67b40d6fa2bb79
04_processed_trajectories_and_features/data/processed/bellevue_150th_newport/method_comparison_variant_plus_straightness/trials_kmeans_coarse.csv,3241,24d9ca5fe09482b60e58bf513eb607ff44f427cbe4daf5bc724e4c56b36264b2
04_processed_trajectories_and_features/data/processed/bellevue_150th_newport/method_comparison_variant_plus_straightness/trials_kmeans_fine.csv,5032,750627f69298e5ce16c107d05f2dcdd1931fad718e13c5d810706903952ecf67
04_processed_trajectories_and_features/data/processed/bellevue_150th_newport/method_comparison_variant_plus_straightness/trials_optics.csv,9496,32772ca1f4ee6c5157924a4b64cd8b83cd5916b5bfdd3adaa2a635af298bcd51
04_processed_trajectories_and_features/data/processed/bellevue_150th_newport/method_comparison_variant_plus_straightness/trials_optics_coarse.csv,3598,48069ec96e36cbdf5abf925428cf9db67d27782075910fd8fe0d83a7f4883ae6
04_processed_trajectories_and_features/data/processed/bellevue_150th_newport/method_comparison_variant_plus_straightness/trials_optics_fine.csv,6027,7d2559013e34265b355670193c69a99c616fda69e2ad4d622bf2aa0fa8ec51b8
04_processed_trajectories_and_features/data/processed/bellevue_150th_newport/method_comparison_variant_plus_straightness/visualizations/hdbscan_clusters_montage.png,2084958,3303a594f7f9b2c79e89c4964375bf36b61e83b6a626112e0e08137e2bbeefa0
04_processed_trajectories_and_features/data/processed/bellevue_150th_newport/method_comparison_variant_plus_straightness/visualizations/hdbscan_clusters_overlay.png,2088736,815555d5781ec77f5199ed818fa06b8f28e3539224c3fa6ffe60bdf47b42f9fd
04_processed_trajectories_and_features/data/processed/bellevue_150th_newport/method_comparison_variant_plus_straightness/visualizations/kmeans_clusters_montage.png,2210147,ceb1f84fd377d71e6f414a93eeb03a859e8c1306d9217ad50ff29b9cfd3c2fff
04_processed_trajectories_and_features/data/processed/bellevue_150th_newport/method_comparison_variant_plus_straightness/visualizations/kmeans_clusters_overlay.png,2094048,5685e0ae34a741597de1372389405c6432d6ddbfa78298ab28a4a39f9198c01e
04_processed_trajectories_and_features/data/processed/bellevue_150th_newport/method_comparison_variant_plus_straightness/visualizations/optics_clusters_montage.png,2130417,7d349835fd46843010235cc0e1bd30e95cf8946b42af73303ac10ee48addd514
04_processed_trajectories_and_features/data/processed/bellevue_150th_newport/method_comparison_variant_plus_straightness/visualizations/optics_clusters_overlay.png,2085827,0e74fbf9e5d06fb601437d56d3484cc150f4f72347a46cab09698c0168bb6483
04_processed_trajectories_and_features/data/processed/bellevue_150th_se38th/features.parquet,17630749,71a7eee993bcb1db76527b439712dcbc082559142b2a4397b646d306a3dadac2
04_processed_trajectories_and_features/data/processed/bellevue_150th_se38th/features_trimmed.parquet,9177017,dd2e9286b1fe643c3250fae7f64cbe85f5ea42b009a6121f970aab1ecd2eac5f
04_processed_trajectories_and_features/data/processed/bellevue_150th_se38th/optics_optimization_results.csv,7324,f8592d24db4454c9b1d36e3492bea7de5e58ddd7018e39e29709c87df74ef62f
04_processed_trajectories_and_features/data/processed/bellevue_150th_se38th/optics_optimization_results.partial.csv,7324,fa7213973fd9183907e2c8a4968e0dfb921078547056939d172ad419b1d29b98
04_processed_trajectories_and_features/data/processed/bellevue_150th_se38th/trajectories.parquet,916716833,NOT_COMPUTED_LARGE_FILE_GT_268435456_BYTES
04_processed_trajectories_and_features/data/processed/bellevue_150th_se38th/trajectories_before_after.png,1847652,f671303978027393892ec108a329a4645953d13a545e0ea5f92f4f6bf925fa6d
04_processed_trajectories_and_features/data/processed/bellevue_150th_se38th/calibration/topview_homography_v1/calibration_preview.png,3078341,8d28b641f3b65c34dc915d70cbcba9fa8a38e04bb56b361efa826b9a385a906f
04_processed_trajectories_and_features/data/processed/bellevue_150th_se38th/calibration/topview_homography_v1/camera_frame.png,1462209,174bdfb8f823cc8deb1ed3b4e5d4180d2ad6b2bf818c53f7dea6a38b557ee594
04_processed_trajectories_and_features/data/processed/bellevue_150th_se38th/calibration/topview_homography_v1/topview_homography.json,6994,001f5dd57634507209afda5fe2cbc7b7f2945a42279bba637ef1e31455c9b119
04_processed_trajectories_and_features/data/processed/bellevue_150th_se38th/calibration/topview_homography_v1/warped_camera.png,862096,9e27ea77f35ff4a838f68698bac6dd2da205764c867eba7ba7697ab12ec3bc65
04_processed_trajectories_and_features/data/processed/bellevue_150th_se38th/experiments/se38th_audit_v1/audit_input_filtered.parquet,2665555,d8b2e386b7b63ecb3103a0257763eaf0699b5bbb6d799962ab0a6fdc92511cfd
04_processed_trajectories_and_features/data/processed/bellevue_150th_se38th/experiments/se38th_audit_v1/audit_manifest.json,6282,e464adbb87041816c33568fff260f1b188ccfd774f7110ec2c432bca0c21fc6f
04_processed_trajectories_and_features/data/processed/bellevue_150th_se38th/experiments/se38th_audit_v1/audit_runs.csv,108014,687f66265bb200c06633a8cc6d2200863dce85bc3a8e14bb431860bf876a0d70
04_processed_trajectories_and_features/data/processed/bellevue_150th_se38th/experiments/se38th_audit_v1/audit_runs.parquet,42208,bdbb52818b497bf0c1fbd182e25dd704840a79f4ad7a91938fe0cae4afe595a1
04_processed_trajectories_and_features/data/processed/bellevue_150th_se38th/experiments/se38th_audit_v1/best_runs.csv,5757,e31d3e62b9bc3755ac9239c2be0a1d3686a5d65e3373bec1c8334c9519f36493
04_processed_trajectories_and_features/data/processed/bellevue_150th_se38th/experiments/se38th_audit_v1/best_runs.parquet,26156,1c9fff54ee83ef9da2088db1358d41d38ea569aea30f1246493803a93de22e92
04_processed_trajectories_and_features/data/processed/bellevue_150th_se38th/experiments/se38th_audit_v1/recommended_by_method.csv,2258,bc2a0c194c3da243f3c8baa1a06fe4b068491f4dbd190b1746c2c8efb6d9afc0
04_processed_trajectories_and_features/data/processed/bellevue_150th_se38th/experiments/se38th_audit_v1/se38th_audit_v1.md,4402,fbe1c11f2eed446937df2ba100aa1c16257b91469c327bea7bafcbaee3d2933a
04_processed_trajectories_and_features/data/processed/bellevue_150th_se38th/experiments/se38th_audit_v1/normalization_isotropic/methods_summary.csv,2353,d3044cb5945cc322801519f29347b0b22073f585a5a2d545e6118cc2b02d4932
04_processed_trajectories_and_features/data/processed/bellevue_150th_se38th/experiments/se38th_audit_v1/normalization_isotropic/stats_hdbscan.json,1397,c2223ed2c14d590eb0ab9ab454cf244616b61300045d854c7a1e469501fb26b0
04_processed_trajectories_and_features/data/processed/bellevue_150th_se38th/experiments/se38th_audit_v1/normalization_isotropic/stats_kmeans.json,1312,ab46d2d7f4d5635716c75c715cce33dae1ac75bda32a511d01dad6cf917f19d7
04_processed_trajectories_and_features/data/processed/bellevue_150th_se38th/experiments/se38th_audit_v1/normalization_isotropic/stats_optics.json,1331,4c22d2e2ec4571d32712bc1ea8e9f592369308281d492770b10f4bab3f73e2c6
04_processed_trajectories_and_features/data/processed/bellevue_150th_se38th/experiments/se38th_audit_v1/normalization_none/methods_summary.csv,2246,bb98f546b49a9eeefbd44512e1b90bf2b0f3aa695d37d5e917cc842cf6136cfc
04_processed_trajectories_and_features/data/processed/bellevue_150th_se38th/experiments/se38th_audit_v1/normalization_none/stats_hdbscan.json,1359,527bb666a53f82456d3d2baf64f0972e93cb7d2f70472a040a3d4b399d4ec3c3
04_processed_trajectories_and_features/data/processed/bellevue_150th_se38th/experiments/se38th_audit_v1/normalization_none/stats_kmeans.json,1277,1ddd15726b82c41ecd8d321b2855e2846237a4176ec479904af6e2deb6079a3e
04_processed_trajectories_and_features/data/processed/bellevue_150th_se38th/experiments/se38th_audit_v1/normalization_none/stats_optics.json,1297,f4c3ecadc48fc9a08c934e460124dbbc132ba8022eed92480edd579d9ca4d607
04_processed_trajectories_and_features/data/processed/bellevue_150th_se38th/experiments/se38th_audit_v1/normalization_standard/methods_summary.csv,2288,d7ed0c1ab66ff7738f8ab1f5e64cca993bbd94e4007b64676211c94312b859fb
04_processed_trajectories_and_features/data/processed/bellevue_150th_se38th/experiments/se38th_audit_v1/normalization_standard/stats_hdbscan.json,1375,175d831fb25ba3ec18229faff4c750cfbe1082adc117ccb8f2c3fe64b3583aed
04_processed_trajectories_and_features/data/processed/bellevue_150th_se38th/experiments/se38th_audit_v1/normalization_standard/stats_kmeans.json,1291,811dcf51f1602bedaff033e428c6f4f92979722f7fdf7d01bc80ddd8259d30c3
04_processed_trajectories_and_features/data/processed/bellevue_150th_se38th/experiments/se38th_audit_v1/normalization_standard/stats_optics.json,1309,eee63c124e2d21c26ef23751b9e9a46097ef285ea4eb1160a8f7ff4d2879c974
04_processed_trajectories_and_features/data/processed/bellevue_150th_se38th/experiments/se38th_audit_v1/prepared_inputs/features_isotropic.parquet,931299,7e2cd1aed4414bb7feb3e7f98fa75994e809fbbfb8f824daecbda7bb9a9d3bdb
04_processed_trajectories_and_features/data/processed/bellevue_150th_se38th/experiments/se38th_audit_v1/prepared_inputs/features_none.parquet,926079,d09d8c272b1934a91717ec53578ebca50f50b6e127850af1dac07fb219426b01
04_processed_trajectories_and_features/data/processed/bellevue_150th_se38th/experiments/se38th_audit_v1/prepared_inputs/features_standard.parquet,931299,b239d3bc375f851625ac34cc91bbb942a09dbe8f8292c9dc75c2ecafad8164f8
04_processed_trajectories_and_features/data/processed/bellevue_150th_se38th/experiments/se38th_topview_prewarp_displacement_v1/features.parquet,5562310,77e7f5ccf81ac44b24c07d7c8a7a882025505b10b8419d1e28967fcd0a01aa7d
04_processed_trajectories_and_features/data/processed/bellevue_150th_se38th/experiments/se38th_topview_prewarp_displacement_v1/prewarp_displacement_control_summary.md,615,aa2b8723b567d8028e04facc1f8c7a0a9c5e6455a46e9eace99cc574ab6f1318
04_processed_trajectories_and_features/data/processed/bellevue_150th_se38th/experiments/se38th_topview_prewarp_displacement_v1/topview_transform_manifest.json,1184,fafec69e8c9457c4a86c7f92b46358b4b39cf5ba23438acf5109ca04c968dcee
04_processed_trajectories_and_features/data/processed/bellevue_150th_se38th/experiments/se38th_topview_prewarp_displacement_v1/trajectories_filtered_filled.parquet,586954791,NOT_COMPUTED_LARGE_FILE_GT_268435456_BYTES
04_processed_trajectories_and_features/data/processed/bellevue_150th_se38th/experiments/se38th_topview_prewarp_displacement_v1/audit/audit_input_filtered.parquet,2670663,cf3140a7914ce4dd61c740ce137ea878994b4a20aa6cb51a731c83d79ccc7ece
04_processed_trajectories_and_features/data/processed/bellevue_150th_se38th/experiments/se38th_topview_prewarp_displacement_v1/audit/audit_manifest.json,6572,c8b887cfa6aca8dd49575438ab0186ae330e86e80d492a543737410a577580da
04_processed_trajectories_and_features/data/processed/bellevue_150th_se38th/experiments/se38th_topview_prewarp_displacement_v1/audit/audit_runs.csv,117480,6b9f4495971342eb9dfa048ac9e9f19297cd637076da2a08b0c0057ab49c553f
04_processed_trajectories_and_features/data/processed/bellevue_150th_se38th/experiments/se38th_topview_prewarp_displacement_v1/audit/audit_runs.parquet,42598,48f54517c72af8eaeabb3a8133ed6c12c098fd545b83f4e26860cdf71d20982a
04_processed_trajectories_and_features/data/processed/bellevue_150th_se38th/experiments/se38th_topview_prewarp_displacement_v1/audit/best_runs.csv,6206,3f07fdb007885ed9f4c50ed3520141b71492f189b00a72f3c1ec5c7577b5aea7
04_processed_trajectories_and_features/data/processed/bellevue_150th_se38th/experiments/se38th_topview_prewarp_displacement_v1/audit/best_runs.parquet,26388,5b7ba66bee1e63a214e3c0c8f28617f8c6fac1a6a16f73370445429f17111ce4
04_processed_trajectories_and_features/data/processed/bellevue_150th_se38th/experiments/se38th_topview_prewarp_displacement_v1/audit/recommended_by_method.csv,2409,130175309b50ca49bdedb764c7f947b7d1df89542db463830d3e5445155c85ea
04_processed_trajectories_and_features/data/processed/bellevue_150th_se38th/experiments/se38th_topview_prewarp_displacement_v1/audit/se38th_topview_prewarp_displacement_control_v1.md,4622,984541887061943b5bfbacd8219a9ba589f1f7b9d60edc7612df06a39b2e39f6
04_processed_trajectories_and_features/data/processed/bellevue_150th_se38th/experiments/se38th_topview_prewarp_displacement_v1/audit/best_run_visualizations/normalization_isotropic/hdbscan_clusters_montage.png,3069280,713b4831cb6fe39b4b59848e15df7745aca5a3d9be08386e5c3c7ed45769f347
04_processed_trajectories_and_features/data/processed/bellevue_150th_se38th/experiments/se38th_topview_prewarp_displacement_v1/audit/best_run_visualizations/normalization_isotropic/hdbscan_clusters_overlay_pair.png,2727177,92d39aba8c684ccc2f563d4b88d97f2165828c3655e2a40d82f4aa403ece775a
04_processed_trajectories_and_features/data/processed/bellevue_150th_se38th/experiments/se38th_topview_prewarp_displacement_v1/audit/best_run_visualizations/normalization_isotropic/kmeans_clusters_montage.png,2343823,b06198bdfc79a83a4d2b7c3dbbeae2d33c6b6469bc83dff979cbd2c9a6c10e2d
04_processed_trajectories_and_features/data/processed/bellevue_150th_se38th/experiments/se38th_topview_prewarp_displacement_v1/audit/best_run_visualizations/normalization_isotropic/kmeans_clusters_overlay_pair.png,2726280,3630d93e1f9815e85f53b5b0148412243dfda798c2ef0938d8f8dba629511503
04_processed_trajectories_and_features/data/processed/bellevue_150th_se38th/experiments/se38th_topview_prewarp_displacement_v1/audit/best_run_visualizations/normalization_isotropic/optics_clusters_montage.png,3021254,dfbc9aa3ac421c151806434d3cdb087b801dc7898535e900bcb8c540a4dd8665
04_processed_trajectories_and_features/data/processed/bellevue_150th_se38th/experiments/se38th_topview_prewarp_displacement_v1/audit/best_run_visualizations/normalization_isotropic/optics_clusters_overlay_pair.png,2699158,7b15d633e4d97d85a755a1fbecd94563d2c5d3713fb85387ef14922c7c5065d4
04_processed_trajectories_and_features/data/processed/bellevue_150th_se38th/experiments/se38th_topview_prewarp_displacement_v1/audit/best_run_visualizations/normalization_none/hdbscan_clusters_montage.png,3069280,713b4831cb6fe39b4b59848e15df7745aca5a3d9be08386e5c3c7ed45769f347
04_processed_trajectories_and_features/data/processed/bellevue_150th_se38th/experiments/se38th_topview_prewarp_displacement_v1/audit/best_run_visualizations/normalization_none/hdbscan_clusters_overlay_pair.png,2726278,446aeb5ae8d319c1f998ebae914ed1d494824bac7680476178d27ae595f2da18
04_processed_trajectories_and_features/data/processed/bellevue_150th_se38th/experiments/se38th_topview_prewarp_displacement_v1/audit/best_run_visualizations/normalization_none/kmeans_clusters_montage.png,2343823,b06198bdfc79a83a4d2b7c3dbbeae2d33c6b6469bc83dff979cbd2c9a6c10e2d
04_processed_trajectories_and_features/data/processed/bellevue_150th_se38th/experiments/se38th_topview_prewarp_displacement_v1/audit/best_run_visualizations/normalization_none/kmeans_clusters_overlay_pair.png,2725325,11e192141bd1737aadb66fba45eb4cc9c704190457318b0353b22538c3ee5ee0
04_processed_trajectories_and_features/data/processed/bellevue_150th_se38th/experiments/se38th_topview_prewarp_displacement_v1/audit/best_run_visualizations/normalization_none/optics_clusters_montage.png,3021254,dfbc9aa3ac421c151806434d3cdb087b801dc7898535e900bcb8c540a4dd8665
04_processed_trajectories_and_features/data/processed/bellevue_150th_se38th/experiments/se38th_topview_prewarp_displacement_v1/audit/best_run_visualizations/normalization_none/optics_clusters_overlay_pair.png,2698355,8308c893dc725ad6c693780274e931868b8b41f2b6b36f9ee4b15e8df5f56148
04_processed_trajectories_and_features/data/processed/bellevue_150th_se38th/experiments/se38th_topview_prewarp_displacement_v1/audit/best_run_visualizations/normalization_standard/hdbscan_clusters_montage.png,3063472,81434dfae21521a5493449f5cdd8645a542f37c34fb74c5c8fb49336548fc004
04_processed_trajectories_and_features/data/processed/bellevue_150th_se38th/experiments/se38th_topview_prewarp_displacement_v1/audit/best_run_visualizations/normalization_standard/hdbscan_clusters_overlay_pair.png,2724632,71c98a23bcb18e427d85087b0681a0c9b1820b702b1c3b1a3872adf6144ff1e5
04_processed_trajectories_and_features/data/processed/bellevue_150th_se38th/experiments/se38th_topview_prewarp_displacement_v1/audit/best_run_visualizations/normalization_standard/kmeans_clusters_montage.png,2337419,4bd99144ba91e1ee9562bc02ebe70c2c12f2f7f490b36354e686e27d61f96510
04_processed_trajectories_and_features/data/processed/bellevue_150th_se38th/experiments/se38th_topview_prewarp_displacement_v1/audit/best_run_visualizations/normalization_standard/kmeans_clusters_overlay_pair.png,2729701,a0007dbaf9c46ec0f093d675fe9ddf78d3d1b1459c2a2e5f2a636e3237a1102d
04_processed_trajectories_and_features/data/processed/bellevue_150th_se38th/experiments/se38th_topview_prewarp_displacement_v1/audit/best_run_visualizations/normalization_standard/optics_clusters_montage.png,3058399,26e137414cd0c6fbe63f9883f21fa3343dd1df6ca440dc512f907572407b4493
04_processed_trajectories_and_features/data/processed/bellevue_150th_se38th/experiments/se38th_topview_prewarp_displacement_v1/audit/best_run_visualizations/normalization_standard/optics_clusters_overlay_pair.png,2709919,9f563df88d1b8282b28d1e23ea880b97532cbc5ad8e28bfcafd8c0e59d1dc0c1
04_processed_trajectories_and_features/data/processed/bellevue_150th_se38th/experiments/se38th_topview_prewarp_displacement_v1/audit/normalization_isotropic/methods_summary.csv,2500,c5f85500bf0f93d6986ec0990a4e8a1c998b3d3995174d1473eb099e5a83af3d
04_processed_trajectories_and_features/data/processed/bellevue_150th_se38th/experiments/se38th_topview_prewarp_displacement_v1/audit/normalization_isotropic/stats_hdbscan.json,1446,1d7552462fcaff5ab4816c73f65d1c1c3ce763b4677e487b4e6341f446f84264
04_processed_trajectories_and_features/data/processed/bellevue_150th_se38th/experiments/se38th_topview_prewarp_displacement_v1/audit/normalization_isotropic/stats_kmeans.json,1366,f32b03bcb58e85d451ca3854f91a95ca1f3397398d82f8903d053b055f5ef320
04_processed_trajectories_and_features/data/processed/bellevue_150th_se38th/experiments/se38th_topview_prewarp_displacement_v1/audit/normalization_isotropic/stats_optics.json,1381,af46abd1e29d101142e5b21d59ad40b3c4fb1eddd41e7e4469f71281a05ec1e3
04_processed_trajectories_and_features/data/processed/bellevue_150th_se38th/experiments/se38th_topview_prewarp_displacement_v1/audit/normalization_none/methods_summary.csv,2394,853e43ceddae563a3300bd03d91782b0bdb85d0c4a0ff553b34f6c2713b65f66
04_processed_trajectories_and_features/data/processed/bellevue_150th_se38th/experiments/se38th_topview_prewarp_displacement_v1/audit/normalization_none/stats_hdbscan.json,1409,a10fa297b0f781d2c3b7571a914b02fd124bbce3dae76a48b1c527e9a8a12711
04_processed_trajectories_and_features/data/processed/bellevue_150th_se38th/experiments/se38th_topview_prewarp_displacement_v1/audit/normalization_none/stats_kmeans.json,1329,4b07c2451ed1d52c512f80564be4077cd1b4e84e7a9faee09f4103eeab3776ea
04_processed_trajectories_and_features/data/processed/bellevue_150th_se38th/experiments/se38th_topview_prewarp_displacement_v1/audit/normalization_none/stats_optics.json,1349,895073ddefbd4b1ad6b4e8a7b55c7a992566d54351830d24e95400e351f15d85
04_processed_trajectories_and_features/data/processed/bellevue_150th_se38th/experiments/se38th_topview_prewarp_displacement_v1/audit/normalization_standard/methods_summary.csv,2442,2994f56d7b8f2b273bbda778f846bf337c9969d660f0dd305232222ac38b2f21
04_processed_trajectories_and_features/data/processed/bellevue_150th_se38th/experiments/se38th_topview_prewarp_displacement_v1/audit/normalization_standard/stats_hdbscan.json,1426,22911db8ed3347b2c5f226ae8d3555265e2f7635968dc71cbf5892904b32e518
04_processed_trajectories_and_features/data/processed/bellevue_150th_se38th/experiments/se38th_topview_prewarp_displacement_v1/audit/normalization_standard/stats_kmeans.json,1344,733c9131974897e55405ac22c63852758fedc0c1448aa079aa1a32a405081ebe
04_processed_trajectories_and_features/data/processed/bellevue_150th_se38th/experiments/se38th_topview_prewarp_displacement_v1/audit/normalization_standard/stats_optics.json,1365,46dc9c13f99e04598748c5ddc1b59524243d60cbe0f1362be0b83f8cc074a4d4
04_processed_trajectories_and_features/data/processed/bellevue_150th_se38th/experiments/se38th_topview_prewarp_displacement_v1/audit/prepared_inputs/features_isotropic.parquet,931307,a65240fe53300138f7fb452faf6c61206d2f4005a80f529901bf70132168696d
04_processed_trajectories_and_features/data/processed/bellevue_150th_se38th/experiments/se38th_topview_prewarp_displacement_v1/audit/prepared_inputs/features_none.parquet,931179,ca090c0c6e88ed25267e28337d67d98113e26633d69f3e5bc620cab67a4c1829
04_processed_trajectories_and_features/data/processed/bellevue_150th_se38th/experiments/se38th_topview_prewarp_displacement_v1/audit/prepared_inputs/features_standard.parquet,931307,c5fe1c13cfc4f52425f530ae3a94f106b28a79d8ffc6d5b19371c4ca38406f81
04_processed_trajectories_and_features/data/processed/bellevue_150th_se38th/experiments/se38th_topview_prewarp_displacement_v1/calibration/topview_homography.json,6994,001f5dd57634507209afda5fe2cbc7b7f2945a42279bba637ef1e31455c9b119
04_processed_trajectories_and_features/data/processed/bellevue_150th_se38th/experiments/se38th_topview_prewarp_displacement_v1/camera_space_filter/prewarp_displacement_filter_manifest.json,1439,323a57faa83dcb1b40cabdeb2185426c3e7807c4b9032549de6d0bcf9a519421
04_processed_trajectories_and_features/data/processed/bellevue_150th_se38th/experiments/se38th_topview_prewarp_displacement_v1/camera_space_filter/trajectories_filtered_filled.parquet,579570548,NOT_COMPUTED_LARGE_FILE_GT_268435456_BYTES
04_processed_trajectories_and_features/data/processed/bellevue_150th_se38th/experiments/se38th_topview_prewarp_displacement_v1/feature_layers/features_core_raw.parquet,3610860,1bfd1a96dfd2abc209b440dbac952e74adb9b4d8f160529fc5f20df34fcbc0d1
04_processed_trajectories_and_features/data/processed/bellevue_150th_se38th/experiments/se38th_topview_prewarp_displacement_v1/feature_layers/features_scene_norm.parquet,1133141,5f409edf6b0d866ab414b75cf144dd6cced272c365d19f6115201b01a934c674
04_processed_trajectories_and_features/data/processed/bellevue_150th_se38th/experiments/se38th_topview_prewarp_displacement_v1/feature_layers/features_vector_revers.parquet,1066978,31c21fba55b39349158594123a4424b63a6b41425e5cbe2c8b5c7b0915c081f9
04_processed_trajectories_and_features/data/processed/bellevue_150th_se38th/experiments/se38th_topview_prewarp_displacement_v1/feature_layers/features_vector_revers_manifest.json,297,a19da2a1e6cee6806652eb1c8eb40782682e60c51852f27deaaea928e5454a2b
04_processed_trajectories_and_features/data/processed/bellevue_150th_se38th/experiments/se38th_topview_prewarp_displacement_v1/feature_layers/feature_layers_manifest.json,2294,e68c55f52c39ef247e1666f63e846f0361181f85d847d311441f70f305122f50
04_processed_trajectories_and_features/data/processed/bellevue_150th_se38th/feature_analysis/displacement_full_vs_trimmed_hist.png,52977,c11ec02403e407f3f24241da1bfdfb235b525c4d1e6edd10c97709456e75eeb8
04_processed_trajectories_and_features/data/processed/bellevue_150th_se38th/feature_analysis/displacement_norm_full_vs_trimmed_hist.png,53504,e95fc7511b7fb2e76af6acde91f1f46d6dd35fc6310598b6acd28598da567947
04_processed_trajectories_and_features/data/processed/bellevue_150th_se38th/feature_analysis/displacement_rejected_arrows.png,2865165,495efa50dc0d05041da45e8cefe43149b8d5d206f5108f6e0773ca106d8c4293
04_processed_trajectories_and_features/data/processed/bellevue_150th_se38th/feature_analysis/displacement_rejected_hist.png,69792,2cde365cc97d5f733daa1aaad424fe7f8b179756aa0c995fdcad03bf8a9e0fc1
04_processed_trajectories_and_features/data/processed/bellevue_150th_se38th/feature_analysis/displacement_rejected_summary.json,1357,73a8a5799b293a35bb6caee97889a66b34e34fb9785fed15822ea32ab4f77b32
04_processed_trajectories_and_features/data/processed/bellevue_150th_se38th/feature_analysis/displacement_thresholds.parquet,3557,c57ba904fe4cc9bebbe648aec2f14895fcef689a4e0fe591172935c394d8edea
04_processed_trajectories_and_features/data/processed/bellevue_150th_se38th/feature_analysis/features_rejected_by_displacement_norm.parquet,8225694,69edbff2f2f1bb60988cb858a9dcfe005fc5bcd06607289fde88c9a0b522b3b0
04_processed_trajectories_and_features/data/processed/bellevue_150th_se38th/feature_analysis/features_trimmed_disp.parquet,14156819,f3ad3c56aeccd41bb48080d86131e4ddd8fed7a890e21c778265ca8404cdd728
04_processed_trajectories_and_features/data/processed/bellevue_150th_se38th/feature_analysis/features_trimmed_disp_norm.parquet,3441723,45122bbfd920a52be6e1a4f224acc3cfbbf85784ae81f465c95af4fb61b5d2c1
04_processed_trajectories_and_features/data/processed/bellevue_150th_se38th/feature_analysis/feature_analysis_report.md,2195,d97d20e267bc54cfbe899a52ffee4750faf8835c55afd6be980e4b257da0a633
04_processed_trajectories_and_features/data/processed/bellevue_150th_se38th/feature_analysis/feature_histograms.png,120847,d0dce593268f4cbe1e30199f4fc6f92d2b0c3c7c5a640a626cb97bac4386ad01
04_processed_trajectories_and_features/data/processed/bellevue_150th_se38th/feature_analysis/feature_metric_quantiles.csv,2546,7a1c5498836161d922b9c25676242676bb054964303c6b6e26c9c3ce4355cdf6
04_processed_trajectories_and_features/data/processed/bellevue_150th_se38th/feature_analysis/feature_threshold_summary.json,1704,40ef30a39729870e13df1e7e186bb94d3f6b315df63b82d793ebfd85825e76a4
04_processed_trajectories_and_features/data/processed/bellevue_150th_se38th/feature_analysis/feature_trim_candidates.csv,4217,d8047f764ab73c9ec98ec4e0709a33ac8f1bcd38de6fbb152f141cdef7e83b04
04_processed_trajectories_and_features/data/processed/bellevue_150th_se38th/feature_analysis/feature_trim_summary.json,510,0c102ac320beec61fcab98d9d96bff6b05b7941ea541a536e7a0558c69da418d
04_processed_trajectories_and_features/data/processed/bellevue_150th_se38th/feature_analysis/frame_span_full_vs_trimmed_hist.png,52996,6ddd9b325250f51bc4dc379b92d2d96aaaf64ef2cb0942bf028c1337344d9118
04_processed_trajectories_and_features/data/processed/bellevue_150th_se38th/feature_analysis/start_end_comparison.png,2405793,6e8827253c9032e1dbe847df07c143a892de97f994988dcdc2aae3214f2b2ee9
04_processed_trajectories_and_features/data/processed/bellevue_150th_se38th/feature_analysis/start_end_comparison_2x2.png,5318102,ced559c4d4ee7ac456ad463ae9ab4fe3e8af70b6efc18a3ed19ac629482dc088
04_processed_trajectories_and_features/data/processed/bellevue_150th_se38th/feature_analysis/start_end_comparison_2x2_displacement.png,5362565,03f68766dc1d84c4aac6d6fdd89e36f5ae704f995c65e3d6402480112923d989
04_processed_trajectories_and_features/data/processed/bellevue_150th_se38th/feature_analysis/start_end_comparison_2x2_displacement_norm.png,5112017,a8f11a5cb861b8d97a576969c0086a1b50a9662a50ad846f8fd699a47b13ecaf
04_processed_trajectories_and_features/data/processed/bellevue_150th_se38th/feature_layers/features_core_raw.parquet,11317551,39c8148bc15ff28b439794af1b25d6c3b3e7ccdbb86acba66bde2d2ec76d6d00
04_processed_trajectories_and_features/data/processed/bellevue_150th_se38th/feature_layers/features_scene_norm.parquet,3635473,d9306119c6a5630000e0ac6b37e5d7a96b75d551dfe55d81e408b2566ea157d9
04_processed_trajectories_and_features/data/processed/bellevue_150th_se38th/feature_layers/features_vector_revers.parquet,3465357,b3fc7d108ee9aa04e81625830c97f216a60c4fd0055ec7fc111225e8eb6d04db
04_processed_trajectories_and_features/data/processed/bellevue_150th_se38th/feature_layers/features_vector_revers_manifest.json,244,5b31c19b67c2f6e4dcf7a3cd98847d96b20577ace110de9788f585e2893be392
04_processed_trajectories_and_features/data/processed/bellevue_150th_se38th/feature_layers/feature_layers_manifest.json,1976,b7e7c536fdc327e5f12ac323c53c9a070f32ee979c4a8c3edc4e85df1230e79f
04_processed_trajectories_and_features/data/processed/bellevue_150th_se38th/feature_variants/features_all_norm.parquet,2232191,dab6209606a36e4eae758cbae1af846f1e0fcd5d9fb4c5617bab29b3081cf9cf
04_processed_trajectories_and_features/data/processed/bellevue_150th_se38th/feature_variants/features_baseline_norm4.parquet,1773585,a46903b38fd220481279b824804e58bbaa512b455a606bafed9a7fa740f4ebbf
04_processed_trajectories_and_features/data/processed/bellevue_150th_se38th/feature_variants/features_coords_only.parquet,1509494,f02d601d9c61d0bc43375f6ef9c973aa94846d1e872284920d020c50a3e6453c
04_processed_trajectories_and_features/data/processed/bellevue_150th_se38th/feature_variants/features_plus_direction.parquet,1687358,275738df9369177c8548f04b1ea4d05c9c696b4d5e36e4ef5ab974f15ab84768
04_processed_trajectories_and_features/data/processed/bellevue_150th_se38th/feature_variants/features_plus_straightness.parquet,1598240,ca5a379e39c2d76d58b2924c5d08cc88f5b35f8ad1dad2f4063e3f2cac822633
04_processed_trajectories_and_features/data/processed/bellevue_150th_se38th/feature_variants/feature_variants_manifest.json,2245,2c15714832daefcfde5ade6126dd63d9ec2eb45fdf7676d6d6bcf6a8559ca214
04_processed_trajectories_and_features/data/processed/bellevue_150th_se38th/feature_variants/feature_variant_manifest.json,2858,7f19896f07ed7d9db3b192e0e843c04d67b3cfa42d911a538d83f78ea3ee2897
04_processed_trajectories_and_features/data/processed/bellevue_150th_se38th/method_comparison/methods_summary.csv,1267,8968d8943dd7322ac4ff22434e73847b12d5cd7f5159f540c45597c5fa1daf70
04_processed_trajectories_and_features/data/processed/bellevue_150th_se38th/method_comparison/methods_summary.partial.csv,1267,8968d8943dd7322ac4ff22434e73847b12d5cd7f5159f540c45597c5fa1daf70
04_processed_trajectories_and_features/data/processed/bellevue_150th_se38th/method_comparison/stats_birch.json,315,6f54518d9018848ae810ff581af704aedd90a726754ce1bd26d78245609d33f4
04_processed_trajectories_and_features/data/processed/bellevue_150th_se38th/method_comparison/stats_dbscan.json,328,98f1fe3816d15de4a2712e4bd99cb775fd3b7a5d5f04615499643245c080d2e9
04_processed_trajectories_and_features/data/processed/bellevue_150th_se38th/method_comparison/stats_gmm.json,316,4e8d11e3d9d0565482baa93d0093cf4723c2282102f4a80d7360ef8c4b6e3e1f
04_processed_trajectories_and_features/data/processed/bellevue_150th_se38th/method_comparison/stats_hdbscan.json,349,4411776d86da58b1ee5922202441b08d0ca1fe85674f2f7bf783be8e1432a59f
04_processed_trajectories_and_features/data/processed/bellevue_150th_se38th/method_comparison/stats_kmeans.json,362,920bc9d9743ac33f0008202345977708a213561c5d31d08ed39fcdebbef07de9
04_processed_trajectories_and_features/data/processed/bellevue_150th_se38th/method_comparison/stats_optics.json,338,c58de9f38506d3bbfb5c69a7b807d29e5922ec5f50baff556defbd2e5d5807d1
04_processed_trajectories_and_features/data/processed/bellevue_150th_se38th/method_comparison/trials_birch.csv,1143,b2af69f1fdb7c8a26942f04798ec1911f29778e2980ff2accac701e80ff3fc88
04_processed_trajectories_and_features/data/processed/bellevue_150th_se38th/method_comparison/trials_dbscan.csv,1394,c272f3715e5df12063ae17eb4fbc2494368d1a721c5db47e142c1fe54d170130
04_processed_trajectories_and_features/data/processed/bellevue_150th_se38th/method_comparison/trials_gmm.csv,783,57f0ca00bc579350281d05978729e6f33c92f1399e9c306253132c93f606f98c
04_processed_trajectories_and_features/data/processed/bellevue_150th_se38th/method_comparison/trials_hdbscan.csv,1804,a55afed536b987fde248abba5b28f9db23a98fa9e495dce026b89b847669d52e
04_processed_trajectories_and_features/data/processed/bellevue_150th_se38th/method_comparison/trials_kmeans.csv,3221,b13766f3f27d8d8db6131a43382cfa49c2406e19f8a638b437e128988ccbdc09
04_processed_trajectories_and_features/data/processed/bellevue_150th_se38th/method_comparison/trials_optics.csv,4069,730d2e5d5d04595caea25b5a3398ced5c2f19594e7d5809458f1573fee86106a
04_processed_trajectories_and_features/data/processed/bellevue_150th_se38th/method_comparison/visualizations/birch_clusters_montage.png,3617198,5cdf89269de03032ddbc5bdf65a2201ba52ccdfb2094814aabe04498d8e4807a
04_processed_trajectories_and_features/data/processed/bellevue_150th_se38th/method_comparison/visualizations/birch_clusters_overlay.png,2088246,db6185adbc4d71b877e53f66d8b9a97920feb9d2d7e8402cc56fdd2313669ede
04_processed_trajectories_and_features/data/processed/bellevue_150th_se38th/method_comparison/visualizations/dbscan_clusters_montage.png,2902216,98ece72001eb3994bfe8c8bb28a901cfa9be3c8e0c7f1ce07fd58d54d4969810
04_processed_trajectories_and_features/data/processed/bellevue_150th_se38th/method_comparison/visualizations/dbscan_clusters_overlay.png,2089397,2511f0456c20ef2188d3b4ba057f860fc098adb90e4f1bbad929106dcb663b79
04_processed_trajectories_and_features/data/processed/bellevue_150th_se38th/method_comparison/visualizations/gmm_clusters_montage.png,3712420,a7c66d81e17d733511c43696fb3f6e539f31bd839f72f540bab5f227d30e91fb
04_processed_trajectories_and_features/data/processed/bellevue_150th_se38th/method_comparison/visualizations/gmm_clusters_overlay.png,2091392,37bc28defa50ef6c4b91195d511cf8381fdf0504509664afa760b906ce9db9fb
04_processed_trajectories_and_features/data/processed/bellevue_150th_se38th/method_comparison/visualizations/hdbscan_clusters_montage.png,2418086,3762481ae15b3788e51a4b0e2fe8c36e0ad14dbb8b87448ec8938e7125d0f45f
04_processed_trajectories_and_features/data/processed/bellevue_150th_se38th/method_comparison/visualizations/hdbscan_clusters_overlay.png,2091081,76c05baabd4b9972da39b16eae37942740558d72f28261a2c938f72178e80bcb
04_processed_trajectories_and_features/data/processed/bellevue_150th_se38th/method_comparison/visualizations/kmeans_clusters_montage.png,3006034,f040e8aa25eb03aef84d34084d5449bd8ac19dbbb6efcae70652e1182ea360af
04_processed_trajectories_and_features/data/processed/bellevue_150th_se38th/method_comparison/visualizations/kmeans_clusters_overlay.png,2094730,a2ac37a83f2c94c08f61c0d3f67662ef305de444304cd50aa2214419abf458e7
04_processed_trajectories_and_features/data/processed/bellevue_150th_se38th/method_comparison/visualizations/optics_clusters_montage.png,2851399,0dc2eacf88960c757ff224876a4f82db9eb869a4610409d3f69fe8516d584763
04_processed_trajectories_and_features/data/processed/bellevue_150th_se38th/method_comparison/visualizations/optics_clusters_overlay.png,2083507,ad823b328c17f8fd98e84c9ad6eedee7962c6b882c7a0d9031c86f3bd1693b38
04_processed_trajectories_and_features/data/processed/bellevue_150th_se38th/method_comparison_variant_all_norm/methods_summary.csv,1176,d268a006d8e4231a8fe741a75392315a351bf50d6801555f0c87f1108c98c98f
04_processed_trajectories_and_features/data/processed/bellevue_150th_se38th/method_comparison_variant_all_norm/methods_summary.partial.csv,1176,d268a006d8e4231a8fe741a75392315a351bf50d6801555f0c87f1108c98c98f
04_processed_trajectories_and_features/data/processed/bellevue_150th_se38th/method_comparison_variant_all_norm/stats_birch.json,314,6442ea6fd41e779e3c9065fa4e09517d73c00ce664b5ccb0cffc81d347ea4e36
04_processed_trajectories_and_features/data/processed/bellevue_150th_se38th/method_comparison_variant_all_norm/stats_dbscan.json,327,464281457a3ff9a61e02ba8d03949d73ad48ea6429cc4d0a8113833cb162fcbb
04_processed_trajectories_and_features/data/processed/bellevue_150th_se38th/method_comparison_variant_all_norm/stats_gmm.json,317,00d7236084b5658aced716387379dc672f8bb8f54c48520b61d46a0c98a5a5d0
04_processed_trajectories_and_features/data/processed/bellevue_150th_se38th/method_comparison_variant_all_norm/stats_hdbscan.json,348,1cd0b670179ae3ddc61254717e3d68751594d790211c5d4c6e4e0f89a40745a8
04_processed_trajectories_and_features/data/processed/bellevue_150th_se38th/method_comparison_variant_all_norm/stats_kmeans.json,362,0d0974b5ad30da6c3a7e473f135879882b35458fc0b1804df66b517e24ab456f
04_processed_trajectories_and_features/data/processed/bellevue_150th_se38th/method_comparison_variant_all_norm/stats_optics.json,335,9bf711a7c7319306517236266035884d02c52db96edb194e9d14ae0cb5652770
04_processed_trajectories_and_features/data/processed/bellevue_150th_se38th/method_comparison_variant_all_norm/trials_birch.csv,1137,7a2b8c0a308b1a6c08d3b7701634d34f7aeeb3ca276466af1200e46e61b49eeb
04_processed_trajectories_and_features/data/processed/bellevue_150th_se38th/method_comparison_variant_all_norm/trials_dbscan.csv,1399,f66310b843355fe6b8554c5f32e56b6a76bd8c2917a88bbb1f852c860637055b
04_processed_trajectories_and_features/data/processed/bellevue_150th_se38th/method_comparison_variant_all_norm/trials_gmm.csv,789,e42f8c744f35d7d677c59cc37c5669f6ab224fe0d7040a1c707ed7060bd0b1eb
04_processed_trajectories_and_features/data/processed/bellevue_150th_se38th/method_comparison_variant_all_norm/trials_hdbscan.csv,1827,00ee256b7dee9d4cae9af838088d5e1ce1a410b68e71f47d7be0503de2457494
04_processed_trajectories_and_features/data/processed/bellevue_150th_se38th/method_comparison_variant_all_norm/trials_kmeans.csv,3219,7bfb39fb1b1b70c20a1200716f8d807599f79b334d7f5dac7062c4416e217d26
04_processed_trajectories_and_features/data/processed/bellevue_150th_se38th/method_comparison_variant_all_norm/trials_optics.csv,4067,2fb4a769a6b76185677503c50c04842b164926614aa06dee953fc6fe63f847f8
04_processed_trajectories_and_features/data/processed/bellevue_150th_se38th/method_comparison_variant_all_norm/visualizations/birch_clusters_montage.png,3673373,7b41eabb3e9d84edd80d72661c7b60f3ca48aea354efc83407979040323e2ae9
04_processed_trajectories_and_features/data/processed/bellevue_150th_se38th/method_comparison_variant_all_norm/visualizations/birch_clusters_overlay.png,2088646,6ef02bbb3ad094e25ded4c5422e09f06f6754b4ab2aa7b921b01100f469e1e38
04_processed_trajectories_and_features/data/processed/bellevue_150th_se38th/method_comparison_variant_all_norm/visualizations/dbscan_clusters_montage.png,3580442,92316f82671dcf2059ca06f98d6c1881e78ea6799d9c1668e12522ada9059d31
04_processed_trajectories_and_features/data/processed/bellevue_150th_se38th/method_comparison_variant_all_norm/visualizations/dbscan_clusters_overlay.png,2086809,0eb7657a8b2485510d6805a2519d3d596710e28e2bd82193625a73febacc459f
04_processed_trajectories_and_features/data/processed/bellevue_150th_se38th/method_comparison_variant_all_norm/visualizations/gmm_clusters_montage.png,3595614,805ffac278fc4527724f29955dc063f76e2d6eb4ae7093afbc243a57a00922a0
04_processed_trajectories_and_features/data/processed/bellevue_150th_se38th/method_comparison_variant_all_norm/visualizations/gmm_clusters_overlay.png,2086438,c47bb2fc4328b291a72bc75fa66e6260a0220ec7d7c625a4feaf1b07783125c6
04_processed_trajectories_and_features/data/processed/bellevue_150th_se38th/method_comparison_variant_all_norm/visualizations/hdbscan_clusters_montage.png,2359088,c883fd0a6f474eb853db7dd0a9b1a89f65077dfde91aec80847eb2a17268dd9f
04_processed_trajectories_and_features/data/processed/bellevue_150th_se38th/method_comparison_variant_all_norm/visualizations/hdbscan_clusters_overlay.png,2089803,b159a8f81df427278e49c532c18c3825d66ed8ccd3238dfcd504f81500d34e77
04_processed_trajectories_and_features/data/processed/bellevue_150th_se38th/method_comparison_variant_all_norm/visualizations/kmeans_clusters_montage.png,3063178,ddd2f886be1790cf7e77434877528a7fd7a9ea020621d1a366501e8a526fe583
04_processed_trajectories_and_features/data/processed/bellevue_150th_se38th/method_comparison_variant_all_norm/visualizations/kmeans_clusters_overlay.png,2090842,0eef8ca4aeda24834179294a1ffe319b23ac58803a23aecf48a8633fcf76e2c9
04_processed_trajectories_and_features/data/processed/bellevue_150th_se38th/method_comparison_variant_all_norm/visualizations/optics_clusters_montage.png,2866853,3eed5893798ea19ee7545ba3d9a94e2c3c86b3488cf6fa19ddd982a338360f63
04_processed_trajectories_and_features/data/processed/bellevue_150th_se38th/method_comparison_variant_all_norm/visualizations/optics_clusters_overlay.png,2084316,aa72c48a40e203d16e052d8b8aefc278fec57fe6afd3186d0bdc0c37d34d0e16
04_processed_trajectories_and_features/data/processed/bellevue_150th_se38th/method_comparison_variant_baseline_norm4/methods_summary.csv,1218,02868a360a29eda68990e21083759003f1c7adbad3add770374d17cf00e846d2
04_processed_trajectories_and_features/data/processed/bellevue_150th_se38th/method_comparison_variant_baseline_norm4/methods_summary.partial.csv,1218,02868a360a29eda68990e21083759003f1c7adbad3add770374d17cf00e846d2
04_processed_trajectories_and_features/data/processed/bellevue_150th_se38th/method_comparison_variant_baseline_norm4/stats_birch.json,315,4093b33cf7e112d4edfcf964e48ae6b19662954e914b1af6067ff7572cf9142e
04_processed_trajectories_and_features/data/processed/bellevue_150th_se38th/method_comparison_variant_baseline_norm4/stats_dbscan.json,330,a8b0c5cbedf3c9d8844512416f2afbcfd8946cacb01eb060958621ea7c99e69f
04_processed_trajectories_and_features/data/processed/bellevue_150th_se38th/method_comparison_variant_baseline_norm4/stats_gmm.json,317,9b45b6a3c9f198c31927881cebdb2c763927015b35d687b241afb62b35a390c6
04_processed_trajectories_and_features/data/processed/bellevue_150th_se38th/method_comparison_variant_baseline_norm4/stats_hdbscan.json,349,e23cc3c43e8e114c303d508faf5711118a0645c1712250edf254bd804989093d
04_processed_trajectories_and_features/data/processed/bellevue_150th_se38th/method_comparison_variant_baseline_norm4/stats_kmeans.json,361,bd7695e5139970f4f97955ca772dc4301847421829a46a02c7f1f561e8089f54
04_processed_trajectories_and_features/data/processed/bellevue_150th_se38th/method_comparison_variant_baseline_norm4/stats_optics.json,337,8f1d2dae8ca48b1caad7f33a30e22c7865a6f338132d7cf27f9ed264cb8ea477
04_processed_trajectories_and_features/data/processed/bellevue_150th_se38th/method_comparison_variant_baseline_norm4/trials_birch.csv,1135,c8c0efaa032963bdd0f0626f364220667f86c9f71f034ccb4cd31ca4e4b6cf8e
04_processed_trajectories_and_features/data/processed/bellevue_150th_se38th/method_comparison_variant_baseline_norm4/trials_dbscan.csv,1400,0f70ba329022e63b4e0ed49721c7380145f42abfb52f7b6dd578b588e4dc6835
04_processed_trajectories_and_features/data/processed/bellevue_150th_se38th/method_comparison_variant_baseline_norm4/trials_gmm.csv,791,353d8927ba2cafaf2c28feaacfa46c53d59cbb74e0e8b6c9973d882701a3db5a
04_processed_trajectories_and_features/data/processed/bellevue_150th_se38th/method_comparison_variant_baseline_norm4/trials_hdbscan.csv,1830,26a54a8bee7fe3de56489a14759f0b5777995be8b4986a3ac012dbabcb7da03c
04_processed_trajectories_and_features/data/processed/bellevue_150th_se38th/method_comparison_variant_baseline_norm4/trials_kmeans.csv,3221,22abd18248d4e0d1d593f1900801b15427fad40cb0c6943a9764d1a71c854603
04_processed_trajectories_and_features/data/processed/bellevue_150th_se38th/method_comparison_variant_baseline_norm4/trials_optics.csv,4090,a9703800c5a8287119470406a83ddc73f4d0d5510e2a01af04afc5f9afbaedb3
04_processed_trajectories_and_features/data/processed/bellevue_150th_se38th/method_comparison_variant_baseline_norm4/visualizations/birch_clusters_montage.png,3427894,9c2269a33b6225a2f612b5a0d5988b4320db0783a8707625dca04cb281286741
04_processed_trajectories_and_features/data/processed/bellevue_150th_se38th/method_comparison_variant_baseline_norm4/visualizations/birch_clusters_overlay.png,2084628,72714dfe40920ef44236062720835af1ac070962c9fae70b05fefa84d63a1fbe
04_processed_trajectories_and_features/data/processed/bellevue_150th_se38th/method_comparison_variant_baseline_norm4/visualizations/dbscan_clusters_montage.png,2890684,cde1c1f88a4114cd52166485088f670075377adf9ae6340baf3bd31c68b7793d
04_processed_trajectories_and_features/data/processed/bellevue_150th_se38th/method_comparison_variant_baseline_norm4/visualizations/dbscan_clusters_overlay.png,2093036,f4a0eb1bbc29d16f38cbf0f855976b8701db4f5a718e50827a8664e210ab2d86
04_processed_trajectories_and_features/data/processed/bellevue_150th_se38th/method_comparison_variant_baseline_norm4/visualizations/gmm_clusters_montage.png,2869610,bf40afd867e522bcb4d002c431dd667b6f1d3ebb7b522405844680cdae05ef00
04_processed_trajectories_and_features/data/processed/bellevue_150th_se38th/method_comparison_variant_baseline_norm4/visualizations/gmm_clusters_overlay.png,2092741,75f90fda600ac970bb2b764822bb5a9eae806f1d9832dbee3232771cce4be992
04_processed_trajectories_and_features/data/processed/bellevue_150th_se38th/method_comparison_variant_baseline_norm4/visualizations/hdbscan_clusters_montage.png,2862760,6bc8cd7c60e4d7df721ef721ad9989af95e1ad2cecec9ebf914c757b6d040f97
04_processed_trajectories_and_features/data/processed/bellevue_150th_se38th/method_comparison_variant_baseline_norm4/visualizations/hdbscan_clusters_overlay.png,2083348,104b976113fa17dc02a15d6aa072410b6f474362839eb2da9987d99001085b5c
04_processed_trajectories_and_features/data/processed/bellevue_150th_se38th/method_comparison_variant_baseline_norm4/visualizations/kmeans_clusters_montage.png,3504955,4f522478c16a06d968d11cdbc589934ef3369e285d261c241da162489297ce57
04_processed_trajectories_and_features/data/processed/bellevue_150th_se38th/method_comparison_variant_baseline_norm4/visualizations/kmeans_clusters_overlay.png,2085674,cd0220735a974da999d7a7cc7dc2f70f7da277ae9daac451a0e8c85becbcaf79
04_processed_trajectories_and_features/data/processed/bellevue_150th_se38th/method_comparison_variant_baseline_norm4/visualizations/optics_clusters_montage.png,2860636,39dd1d865c7f30ed2cc88656dade0a4c18eab225f27cd33a95347f953a336c59
04_processed_trajectories_and_features/data/processed/bellevue_150th_se38th/method_comparison_variant_baseline_norm4/visualizations/optics_clusters_overlay.png,2083492,d546159291cb1b3a5deaccdb36f392e65ec912043eb39df32ae5c899a03c8ee6
04_processed_trajectories_and_features/data/processed/bellevue_150th_se38th/method_comparison_variant_plus_frame_span/visualizations/birch_clusters_montage.png,3839380,fbe294a5e75437ec1300766dfed46780bdfdfcd8a172e35b28ef7c7a703e857e
04_processed_trajectories_and_features/data/processed/bellevue_150th_se38th/method_comparison_variant_plus_frame_span/visualizations/birch_clusters_overlay.png,2090127,8982b8ddce94ebd66b9b179f25d86cf8517ddd94d75bd942ebd362786389e0b9
04_processed_trajectories_and_features/data/processed/bellevue_150th_se38th/method_comparison_variant_plus_frame_span/visualizations/dbscan_clusters_montage.png,2989297,5739575619e5c6bd95b0fba083bb97c24c5f74ce466341fc8b018800ef7f4c44
04_processed_trajectories_and_features/data/processed/bellevue_150th_se38th/method_comparison_variant_plus_frame_span/visualizations/dbscan_clusters_overlay.png,2093434,3101315dc214271729b2c7ca6124a49e36d4f515174cd9e8e896284a31e63328
04_processed_trajectories_and_features/data/processed/bellevue_150th_se38th/method_comparison_variant_plus_frame_span/visualizations/gmm_clusters_montage.png,3656553,58d6f31fa983543787bc26a99a5446f000bbb6042c74bf5cccb152cd2b46ae3e
04_processed_trajectories_and_features/data/processed/bellevue_150th_se38th/method_comparison_variant_plus_frame_span/visualizations/gmm_clusters_overlay.png,2089914,4e9aced7d60076590d38dc0afd18b70e72ba398eec438cdc5b722c4194dcd1e2
04_processed_trajectories_and_features/data/processed/bellevue_150th_se38th/method_comparison_variant_plus_frame_span/visualizations/hdbscan_clusters_montage.png,2925301,eceed398fd6630b3492944bdc3b7b7b08b6e7abdb2c6e6d491c8ce609dd16c5a
04_processed_trajectories_and_features/data/processed/bellevue_150th_se38th/method_comparison_variant_plus_frame_span/visualizations/hdbscan_clusters_overlay.png,2090890,64c7d1aff4be4d77ec8e4dc33b6ebb37dc63fbbc89cddf801eb1520e1437108e
04_processed_trajectories_and_features/data/processed/bellevue_150th_se38th/method_comparison_variant_plus_frame_span/visualizations/kmeans_clusters_montage.png,2413730,fd19bc0bbfb00ba792dbb2793fd8e2b8157c57ebb1be541e17a2f84a2d6fe3a9
04_processed_trajectories_and_features/data/processed/bellevue_150th_se38th/method_comparison_variant_plus_frame_span/visualizations/kmeans_clusters_overlay.png,2090087,e811a4f66622c560762019a399c5289b94bb2e9a2784b7f6fa0db6ece4d1c808
04_processed_trajectories_and_features/data/processed/bellevue_150th_se38th/method_comparison_variant_plus_frame_span/visualizations/optics_clusters_montage.png,2400657,336eaee407c237ec89d52df0af1e17e8a5d5c20e9060035ff12eaf9a361ee7fd
04_processed_trajectories_and_features/data/processed/bellevue_150th_se38th/method_comparison_variant_plus_frame_span/visualizations/optics_clusters_overlay.png,2086683,d9f10e6bb933470c13b54599825b91d17a92a1e5c6da90cd9e98e286cf46f66c
04_processed_trajectories_and_features/data/processed/bellevue_150th_se38th/method_comparison_variant_plus_frame_span_straightness/visualizations/birch_clusters_montage.png,2467994,77268d92647a083a25d1ffd81beab4bd4255cdf1c024c1784087eda0d78ed49a
04_processed_trajectories_and_features/data/processed/bellevue_150th_se38th/method_comparison_variant_plus_frame_span_straightness/visualizations/birch_clusters_overlay.png,2092187,18b3f3c7590909ffdd8c747f87d8a1d216150958c23f413c2c3eadcd643cc239
04_processed_trajectories_and_features/data/processed/bellevue_150th_se38th/method_comparison_variant_plus_frame_span_straightness/visualizations/dbscan_clusters_montage.png,2917151,ebf6412572bdf6d327cd0efa260ef6c43e64f32dcc1edc87cab9351c29f81d4d
04_processed_trajectories_and_features/data/processed/bellevue_150th_se38th/method_comparison_variant_plus_frame_span_straightness/visualizations/dbscan_clusters_overlay.png,2091769,2947ab9e08f193e74d3799eaa0336e54d22dc0ab3ef3d1abffe94737bd738019
04_processed_trajectories_and_features/data/processed/bellevue_150th_se38th/method_comparison_variant_plus_frame_span_straightness/visualizations/gmm_clusters_montage.png,3000879,2cb9df52000d1cf38acfc9cd2536957d12e3b557f656a2d25e1c88c1a4dcdd28
04_processed_trajectories_and_features/data/processed/bellevue_150th_se38th/method_comparison_variant_plus_frame_span_straightness/visualizations/gmm_clusters_overlay.png,2085577,44e7172465b5a8a17267280d6123afe93839fc8e6264dd098b3e6ac1cffb7611
04_processed_trajectories_and_features/data/processed/bellevue_150th_se38th/method_comparison_variant_plus_frame_span_straightness/visualizations/hdbscan_clusters_montage.png,2872945,19a1677da999a8a79f7710584bd9808ba79087a5dd052244eafcdeda8cc38b5f
04_processed_trajectories_and_features/data/processed/bellevue_150th_se38th/method_comparison_variant_plus_frame_span_straightness/visualizations/hdbscan_clusters_overlay.png,2089374,b4426f9976a4f28f0c32ab42465343fbf97a4962e5314e849396491e039e6cd3
04_processed_trajectories_and_features/data/processed/bellevue_150th_se38th/method_comparison_variant_plus_frame_span_straightness/visualizations/kmeans_clusters_montage.png,3059351,16d999ed100fa938a9e8a485642b12e2a7291acfddc506ca1b682db76e94f6ad
04_processed_trajectories_and_features/data/processed/bellevue_150th_se38th/method_comparison_variant_plus_frame_span_straightness/visualizations/kmeans_clusters_overlay.png,2092999,cb51400195b726b7bb0645dfa85e7c129855f7c2a8b5178071ee0cd3161fd666
04_processed_trajectories_and_features/data/processed/bellevue_150th_se38th/method_comparison_variant_plus_frame_span_straightness/visualizations/optics_clusters_montage.png,2829055,b394bbad91e65d2f17d5aad8b4b582f8e7c76d1f788ab47b01c47e5eee59a474
04_processed_trajectories_and_features/data/processed/bellevue_150th_se38th/method_comparison_variant_plus_frame_span_straightness/visualizations/optics_clusters_overlay.png,2077832,776982f3bde75cb61760655b641433db162ae01ea2d28e674f857488170ad3dc
04_processed_trajectories_and_features/data/processed/bellevue_150th_se38th/method_comparison_variant_plus_frame_span_straightness_dir/visualizations/birch_clusters_montage.png,2438180,48f21fc627f06f025a356440d23e36355695d836c5400509e0578bde5bb9783b
04_processed_trajectories_and_features/data/processed/bellevue_150th_se38th/method_comparison_variant_plus_frame_span_straightness_dir/visualizations/birch_clusters_overlay.png,2090016,59214708d4549c21e0b3a3143b6ad1bc14b356652744ea9e017771907f6c6437
04_processed_trajectories_and_features/data/processed/bellevue_150th_se38th/method_comparison_variant_plus_frame_span_straightness_dir/visualizations/dbscan_clusters_montage.png,2927842,ca7de90aa6491bfa3e8bd088fdfbd74c3c748d3530b8b75265ad243d37bb7dce
04_processed_trajectories_and_features/data/processed/bellevue_150th_se38th/method_comparison_variant_plus_frame_span_straightness_dir/visualizations/dbscan_clusters_overlay.png,2091557,386ccb2af2cbb8330c6b4fcc1ed78900ad1049d7d18ae6861078825d6e5cb875
04_processed_trajectories_and_features/data/processed/bellevue_150th_se38th/method_comparison_variant_plus_frame_span_straightness_dir/visualizations/gmm_clusters_montage.png,3559234,cbc649944b24f56ee577ea494bc97ebff3dc196b22ea5bb12900e8551f1a2976
04_processed_trajectories_and_features/data/processed/bellevue_150th_se38th/method_comparison_variant_plus_frame_span_straightness_dir/visualizations/gmm_clusters_overlay.png,2087544,8fa0f92dc572bccb1dfdc652676b0059b85c107f3813e57c122eab3ba6ba00bc
04_processed_trajectories_and_features/data/processed/bellevue_150th_se38th/method_comparison_variant_plus_frame_span_straightness_dir/visualizations/hdbscan_clusters_montage.png,2855114,f0712e21faed9287a22eef50db734e5c092c5723d4a41655a50429e58f0343a5
04_processed_trajectories_and_features/data/processed/bellevue_150th_se38th/method_comparison_variant_plus_frame_span_straightness_dir/visualizations/hdbscan_clusters_overlay.png,2088794,be84640a4b4b6dfdf07083556bdbf8db520805a08b2158d8263fcac461d37aba
04_processed_trajectories_and_features/data/processed/bellevue_150th_se38th/method_comparison_variant_plus_frame_span_straightness_dir/visualizations/kmeans_clusters_montage.png,3721845,6234cee2833b899c211db069696d93c5ea52ef3909672211dbcae1415d3efc78
04_processed_trajectories_and_features/data/processed/bellevue_150th_se38th/method_comparison_variant_plus_frame_span_straightness_dir/visualizations/kmeans_clusters_overlay.png,2085750,4cbbc89a88e2ab4f598976b0aec775db679070d257f031c5f8aa48dc4ba46d7f
04_processed_trajectories_and_features/data/processed/bellevue_150th_se38th/method_comparison_variant_plus_frame_span_straightness_dir/visualizations/optics_clusters_montage.png,2868938,60f671ed3f276edddccc8fe14c82eea82f9c47b9377c9f54b0862e47b600f59e
04_processed_trajectories_and_features/data/processed/bellevue_150th_se38th/method_comparison_variant_plus_frame_span_straightness_dir/visualizations/optics_clusters_overlay.png,2078442,f1fe99943055b031ce573ceee0321227008c934a9bbb6ba8b3301f904a1ee69e
04_processed_trajectories_and_features/data/processed/bellevue_150th_se38th/method_comparison_variant_plus_straightness/methods_summary.csv,899,3d607449105f1560cb770c7a5b2e22faa05de07796567984f5e6a035faa03636
04_processed_trajectories_and_features/data/processed/bellevue_150th_se38th/method_comparison_variant_plus_straightness/methods_summary.partial.csv,899,3d607449105f1560cb770c7a5b2e22faa05de07796567984f5e6a035faa03636
04_processed_trajectories_and_features/data/processed/bellevue_150th_se38th/method_comparison_variant_plus_straightness/stats_hdbscan.json,501,284907f5b74f0f0ec4e29e8d09a4eebb4e7c77770ecfa76213819c1ca1b87cf3
04_processed_trajectories_and_features/data/processed/bellevue_150th_se38th/method_comparison_variant_plus_straightness/stats_kmeans.json,514,8309a78aa97fc06f5d48763a844d024b692a6b890bb32d064ddf8075da30cf77
04_processed_trajectories_and_features/data/processed/bellevue_150th_se38th/method_comparison_variant_plus_straightness/stats_optics.json,506,a1eb4b7f9ec6bb6a9734c672e01cf169469486a6f6640d643bdc1ee8615bfede
04_processed_trajectories_and_features/data/processed/bellevue_150th_se38th/method_comparison_variant_plus_straightness/trials_hdbscan.csv,4654,1ef7579166e7de020007058cd184849ca7805387b8af907880fc68eec0733849
04_processed_trajectories_and_features/data/processed/bellevue_150th_se38th/method_comparison_variant_plus_straightness/trials_hdbscan_coarse.csv,1959,033a6ccf939e44d168eaa912e9ffbcf86e5b4353dab780f2ed36658f07b26af4
04_processed_trajectories_and_features/data/processed/bellevue_150th_se38th/method_comparison_variant_plus_straightness/trials_hdbscan_fine.csv,2846,e5e92ae7ee94580f858c2cdefdc0622ae8aa079c45ed00fae524d0c22163e308
04_processed_trajectories_and_features/data/processed/bellevue_150th_se38th/method_comparison_variant_plus_straightness/trials_kmeans.csv,8030,df5c25373391357218ce76b3de75a851015393fcbbfaa81acfd30e7f2a579781
04_processed_trajectories_and_features/data/processed/bellevue_150th_se38th/method_comparison_variant_plus_straightness/trials_kmeans_coarse.csv,3203,e3e574ac7ba5fe29abddfa8e7bae970b97aac677a79c2d346d7e42f4e5cae854
04_processed_trajectories_and_features/data/processed/bellevue_150th_se38th/method_comparison_variant_plus_straightness/trials_kmeans_fine.csv,4974,19171e3359b444cbec39589ca07adb2b8c765325e95b537d5ec361a8b1e7ef8e
04_processed_trajectories_and_features/data/processed/bellevue_150th_se38th/method_comparison_variant_plus_straightness/trials_optics.csv,9737,288ce3e38ffe2ab2a2887d618b4ef9c365cfba515e9e08504b9757e3e8d7f877
04_processed_trajectories_and_features/data/processed/bellevue_150th_se38th/method_comparison_variant_plus_straightness/trials_optics_coarse.csv,3649,51486f6c19f8507eed37f386e7563f57706bed1f2a7a8991df39b511705f74e5
04_processed_trajectories_and_features/data/processed/bellevue_150th_se38th/method_comparison_variant_plus_straightness/trials_optics_fine.csv,6217,431a3335947c48e506021bd6b053366fbc4227c9d129861977a3f735e8d89476
04_processed_trajectories_and_features/data/processed/bellevue_150th_se38th/method_comparison_variant_plus_straightness/visualizations/hdbscan_clusters_montage.png,2864824,3c893dfe89459676789a8b740555b4fd1c0b7f403f9539a408a79969fd0e9154
04_processed_trajectories_and_features/data/processed/bellevue_150th_se38th/method_comparison_variant_plus_straightness/visualizations/hdbscan_clusters_overlay.png,2084063,53056e1588ec7af21cfd9060ce4a831b08f212c77da23f33cb019ecd4445d34d
04_processed_trajectories_and_features/data/processed/bellevue_150th_se38th/method_comparison_variant_plus_straightness/visualizations/kmeans_clusters_montage.png,2914142,987b9e6160209f682cd975da00f55318415ba517e31d99e077d77e455bd435e7
04_processed_trajectories_and_features/data/processed/bellevue_150th_se38th/method_comparison_variant_plus_straightness/visualizations/kmeans_clusters_overlay.png,2093388,b1c6100714b47e4aae1259b35b1a4726cda495e6dd08126a9dbd65d049bd1359
04_processed_trajectories_and_features/data/processed/bellevue_150th_se38th/method_comparison_variant_plus_straightness/visualizations/optics_clusters_montage.png,2359817,55684aa1982e97b7361fb4375c9986b9cc2bdfb5b164f260a4b1bbe3302b76bc
04_processed_trajectories_and_features/data/processed/bellevue_150th_se38th/method_comparison_variant_plus_straightness/visualizations/optics_clusters_overlay.png,2090244,169ccfeb3fc647fd5b04f45312e09ad4d5d6127f3c829ad30524688479aa053d
04_processed_trajectories_and_features/data/processed/bellevue_ne8th/features.parquet,21546612,bd55779da33f0b27047464bffb23b00fda7fdbf386f1b22a6cf38644f1fd1115
04_processed_trajectories_and_features/data/processed/bellevue_ne8th/features_trimmed.parquet,11069893,e2b61736e308dde0769e3afa47a82c4ccbacb2c7ba0da372ea7c61b30517b175
04_processed_trajectories_and_features/data/processed/bellevue_ne8th/optics_optimization_results.csv,7768,f3fcc90b76d2cd1a382280f09d0a372062accb76cd286076729b0043d82711ef
04_processed_trajectories_and_features/data/processed/bellevue_ne8th/optics_optimization_results.partial.csv,7768,51f91d230b1254a7b18ddd08a51fcff65a89933a94e0af5071ed80393c6f3249
04_processed_trajectories_and_features/data/processed/bellevue_ne8th/trajectories.parquet,1784078265,NOT_COMPUTED_LARGE_FILE_GT_268435456_BYTES
04_processed_trajectories_and_features/data/processed/bellevue_ne8th/trajectories_before_after.png,1809774,4ff1610f9ba5be7faffd8db52928fa444beca49b3f74a637bfb28a679bd96734
04_processed_trajectories_and_features/data/processed/bellevue_ne8th/experiments/midpoint_iso_control_v1/feature_variants/features_coords_only.parquet,4145105,3eba93943bb60aa8ad6a66de954b567a4459be017f1bbcfa33be6119eaf5ebe9
04_processed_trajectories_and_features/data/processed/bellevue_ne8th/experiments/midpoint_iso_control_v1/feature_variants/features_coords_plus_midpoint.parquet,4540041,2d5a3b5bad58642eb4fc35471fb0a050bb2dd77b09fe1ad5bdf04f512e5b32ca
04_processed_trajectories_and_features/data/processed/bellevue_ne8th/experiments/midpoint_iso_control_v1/feature_variants/features_plus_direction.parquet,4540041,8e10d0666b88803ca482efa62753339caca8067031a058a0e9b2254c8c222bfe
04_processed_trajectories_and_features/data/processed/bellevue_ne8th/experiments/midpoint_iso_control_v1/feature_variants/features_plus_straightness.parquet,4342539,b6554e5822de2c19707cd982dcd3e534a3b621288e5425b3a78b8aed4004f166
04_processed_trajectories_and_features/data/processed/bellevue_ne8th/experiments/midpoint_iso_control_v1/feature_variants/feature_variant_manifest.json,3780,ec0d805c168db4edaf3a039c9f4a4a6c09b6daefa8d11e327ba0ef3afdccb426
04_processed_trajectories_and_features/data/processed/bellevue_ne8th/experiments/midpoint_iso_control_v1/method_comparison_variant_coords_only/methods_summary.csv,893,15567f585018ab76d166baf3df8584f093251563fbe2c1440f21ba6ea2507e78
04_processed_trajectories_and_features/data/processed/bellevue_ne8th/experiments/midpoint_iso_control_v1/method_comparison_variant_coords_only/methods_summary.partial.csv,893,15567f585018ab76d166baf3df8584f093251563fbe2c1440f21ba6ea2507e78
04_processed_trajectories_and_features/data/processed/bellevue_ne8th/experiments/midpoint_iso_control_v1/method_comparison_variant_coords_only/stats_hdbscan.json,502,269055eb034df0d7668ca277bdb9299e537c04015789c7d5bb2f180c95f8caf6
04_processed_trajectories_and_features/data/processed/bellevue_ne8th/experiments/midpoint_iso_control_v1/method_comparison_variant_coords_only/stats_kmeans.json,513,1d5b1172fb311d16ff1f65ad821be9bc2910212f0c14cacaa15c4de381af8b4a
04_processed_trajectories_and_features/data/processed/bellevue_ne8th/experiments/midpoint_iso_control_v1/method_comparison_variant_coords_only/stats_optics.json,506,ac5d3ef285c384f276c27011975a8829fff3caab4ca6ca57e971b412af8bdffa
04_processed_trajectories_and_features/data/processed/bellevue_ne8th/experiments/midpoint_iso_control_v1/method_comparison_variant_coords_only/trials_hdbscan.csv,4711,518944e2625e995f4f644388dceb8cdfa57cfdcf8567fe74988108befecd790a
04_processed_trajectories_and_features/data/processed/bellevue_ne8th/experiments/midpoint_iso_control_v1/method_comparison_variant_coords_only/trials_hdbscan_coarse.csv,1996,c3685ea92bbca39799257609d575712260168e1cbc809e4118f0fecadd2ccd5b
04_processed_trajectories_and_features/data/processed/bellevue_ne8th/experiments/midpoint_iso_control_v1/method_comparison_variant_coords_only/trials_hdbscan_fine.csv,2866,bbcc0fb17a6be382ffa30f1388817a725c2b14999aa796aeef0a365de74be527
04_processed_trajectories_and_features/data/processed/bellevue_ne8th/experiments/midpoint_iso_control_v1/method_comparison_variant_coords_only/trials_kmeans.csv,5033,b14f76483da33319b296fdae6218886210d8f8a76e60c38478663b93bd7a60af
04_processed_trajectories_and_features/data/processed/bellevue_ne8th/experiments/midpoint_iso_control_v1/method_comparison_variant_coords_only/trials_kmeans_coarse.csv,2564,8c7429bc0a81c2333246a87bfe17e4cad2ff1fbbb2f3a764536898173879f507
04_processed_trajectories_and_features/data/processed/bellevue_ne8th/experiments/midpoint_iso_control_v1/method_comparison_variant_coords_only/trials_kmeans_fine.csv,2616,f588284f0ea52902dda60da6e143d554784b0a8db311285ca77a29160e700a1d
04_processed_trajectories_and_features/data/processed/bellevue_ne8th/experiments/midpoint_iso_control_v1/method_comparison_variant_coords_only/trials_optics.csv,5984,3e5a06c9b2e1d1bd29c697b0e812c0a455f82380496ca98365e3e70a048f42f4
04_processed_trajectories_and_features/data/processed/bellevue_ne8th/experiments/midpoint_iso_control_v1/method_comparison_variant_coords_only/trials_optics_coarse.csv,2925,14763837d9e4c9f82ac13e43914c9ababb29ad017ebc8b02aba717dc94671e7e
04_processed_trajectories_and_features/data/processed/bellevue_ne8th/experiments/midpoint_iso_control_v1/method_comparison_variant_coords_only/trials_optics_fine.csv,3188,b83675dbc8c58eefdb96afa1184c168c78bc5d2c4748ad6cd6eb344706f0b8ba
04_processed_trajectories_and_features/data/processed/bellevue_ne8th/experiments/midpoint_iso_control_v1/method_comparison_variant_coords_only/visualizations/hdbscan_clusters_montage.png,2742950,6c5bc8cfc1b07c03b5ce6c941ab10946a8285241d0c0ea808e936940d76bf606
04_processed_trajectories_and_features/data/processed/bellevue_ne8th/experiments/midpoint_iso_control_v1/method_comparison_variant_coords_only/visualizations/hdbscan_clusters_overlay.png,2196595,215236650c5619956ce7e0e8fdbc2222af7d70cff8cb2adff4125aa4ab4e66b1
04_processed_trajectories_and_features/data/processed/bellevue_ne8th/experiments/midpoint_iso_control_v1/method_comparison_variant_coords_only/visualizations/kmeans_clusters_montage.png,2130952,0f5ba7399e240835170426a1ca4690a2df921b12956a33d31832686ef97bc1e1
04_processed_trajectories_and_features/data/processed/bellevue_ne8th/experiments/midpoint_iso_control_v1/method_comparison_variant_coords_only/visualizations/kmeans_clusters_overlay.png,2209365,d593aa2f4960632d3681bd6ebe13ed00aef3414e3a56f985a94a809e01a5ff63
04_processed_trajectories_and_features/data/processed/bellevue_ne8th/experiments/midpoint_iso_control_v1/method_comparison_variant_coords_only/visualizations/optics_clusters_montage.png,2206586,81cf63a956a927b3522247bce3f6ee890d58e263559ab23f05d22b840aac45fe
04_processed_trajectories_and_features/data/processed/bellevue_ne8th/experiments/midpoint_iso_control_v1/method_comparison_variant_coords_only/visualizations/optics_clusters_overlay.png,2206825,9dafdd944468dc34bba38a0bf5126dfa6a100ffcfad5a54cdd9ebbe14c26862f
04_processed_trajectories_and_features/data/processed/bellevue_ne8th/experiments/midpoint_iso_control_v1/method_comparison_variant_coords_plus_midpoint/methods_summary.csv,935,e4a6b2341a95c268e4fde95ab167b82e7c5d9b9de47a734e4136e88cdd1f1bc5
04_processed_trajectories_and_features/data/processed/bellevue_ne8th/experiments/midpoint_iso_control_v1/method_comparison_variant_coords_plus_midpoint/methods_summary.partial.csv,935,e4a6b2341a95c268e4fde95ab167b82e7c5d9b9de47a734e4136e88cdd1f1bc5
04_processed_trajectories_and_features/data/processed/bellevue_ne8th/experiments/midpoint_iso_control_v1/method_comparison_variant_coords_plus_midpoint/stats_hdbscan.json,502,540368756d198d2757674e7f9c489496295b0eacbb41226f035b9bd39f2c6d3b
04_processed_trajectories_and_features/data/processed/bellevue_ne8th/experiments/midpoint_iso_control_v1/method_comparison_variant_coords_plus_midpoint/stats_kmeans.json,513,09d7d04a465bbeb81e23f5e3a551fffa95625fdced1b4d8dd41e6fae8a38092b
04_processed_trajectories_and_features/data/processed/bellevue_ne8th/experiments/midpoint_iso_control_v1/method_comparison_variant_coords_plus_midpoint/stats_optics.json,521,060399438fc08d12fe324650b58ada0516ab0cb10e9ff00052e2352fb7f61d38
04_processed_trajectories_and_features/data/processed/bellevue_ne8th/experiments/midpoint_iso_control_v1/method_comparison_variant_coords_plus_midpoint/trials_hdbscan.csv,4663,b2388a60f7886c5ed836894b1a44189eba9b14b266e5a47f003ac8d53471a6c4
04_processed_trajectories_and_features/data/processed/bellevue_ne8th/experiments/midpoint_iso_control_v1/method_comparison_variant_coords_plus_midpoint/trials_hdbscan_coarse.csv,1955,4c83729b8abdc7247ef9d9553262a266b4a62f7beda9bdb0b654f58261f3492f
04_processed_trajectories_and_features/data/processed/bellevue_ne8th/experiments/midpoint_iso_control_v1/method_comparison_variant_coords_plus_midpoint/trials_hdbscan_fine.csv,2859,e77b2bed182649348831d5f524980733a4e399c42916b8f1d7b95822125c24e6
04_processed_trajectories_and_features/data/processed/bellevue_ne8th/experiments/midpoint_iso_control_v1/method_comparison_variant_coords_plus_midpoint/trials_kmeans.csv,4874,5e46b84cc8bed3b184a39857f3b2582a9a10475e7c6f43eee71806ef4b8958c4
04_processed_trajectories_and_features/data/processed/bellevue_ne8th/experiments/midpoint_iso_control_v1/method_comparison_variant_coords_plus_midpoint/trials_kmeans_coarse.csv,2595,f0652450ef52922a7ea0a60ec098298865ea0d2a9990bf3665d0e08cdc64a215
04_processed_trajectories_and_features/data/processed/bellevue_ne8th/experiments/midpoint_iso_control_v1/method_comparison_variant_coords_plus_midpoint/trials_kmeans_fine.csv,2426,717a8dd9647f8f2a5684b8fc060274a6f4a6be4445cbb09ef3e701893032a4d0
04_processed_trajectories_and_features/data/processed/bellevue_ne8th/experiments/midpoint_iso_control_v1/method_comparison_variant_coords_plus_midpoint/trials_optics.csv,6050,cd0c5be0106948ff52a42f01b1c4cae7b87969cbff4ffb0f36ec1ad8163b01ec
04_processed_trajectories_and_features/data/processed/bellevue_ne8th/experiments/midpoint_iso_control_v1/method_comparison_variant_coords_plus_midpoint/trials_optics_coarse.csv,2999,13d362f27fbc3d8496b989dd93ef2c8a3d7c08e3ba3f4dd1f175b7d706dc8be1
04_processed_trajectories_and_features/data/processed/bellevue_ne8th/experiments/midpoint_iso_control_v1/method_comparison_variant_coords_plus_midpoint/trials_optics_fine.csv,3180,e46c7f4c4f8a370f9bbb50fc771d93082e93a98229e765ba55205c019bc83b6c
04_processed_trajectories_and_features/data/processed/bellevue_ne8th/experiments/midpoint_iso_control_v1/method_comparison_variant_coords_plus_midpoint/visualizations/hdbscan_clusters_montage.png,2778993,43ddf06046bd14b9195d032e1683f46a039f4b8b5ea472074859932ecc9caf10
04_processed_trajectories_and_features/data/processed/bellevue_ne8th/experiments/midpoint_iso_control_v1/method_comparison_variant_coords_plus_midpoint/visualizations/hdbscan_clusters_overlay.png,2195018,fe3275d634ed167aeb87666638ac612e3892c6ba76a9abf10a90316b00a6b002
04_processed_trajectories_and_features/data/processed/bellevue_ne8th/experiments/midpoint_iso_control_v1/method_comparison_variant_coords_plus_midpoint/visualizations/kmeans_clusters_montage.png,2133569,5c7f20714372909a2f389b0ae852ace64f4bab5c225769cde5620b58fdcf7d62
04_processed_trajectories_and_features/data/processed/bellevue_ne8th/experiments/midpoint_iso_control_v1/method_comparison_variant_coords_plus_midpoint/visualizations/kmeans_clusters_overlay.png,2212588,d92ce9070f932eec8d58caaa136d5f08c99812df6918e0f2e0552775c23adf4d
04_processed_trajectories_and_features/data/processed/bellevue_ne8th/experiments/midpoint_iso_control_v1/method_comparison_variant_coords_plus_midpoint/visualizations/optics_clusters_montage.png,2643554,9c8967937c6936948d50b39826b96e9cc36d9f4ad951ff308e1514e8e18100d3
04_processed_trajectories_and_features/data/processed/bellevue_ne8th/experiments/midpoint_iso_control_v1/method_comparison_variant_coords_plus_midpoint/visualizations/optics_clusters_overlay.png,2188891,85b2617ee50271e87b7c4d6fe5808648405d134b93ee752d9ce0d1bc8d910e7e
04_processed_trajectories_and_features/data/processed/bellevue_ne8th/experiments/straightness_iso_control_v1/feature_variants/features_coords_only.parquet,3355033,73455009d9cb9d0b4f21609236ce40200b112058b7e7e0401173f5030cbe260c
04_processed_trajectories_and_features/data/processed/bellevue_ne8th/experiments/straightness_iso_control_v1/feature_variants/features_plus_direction.parquet,3749969,11e0e4c104f4e66ea7802d94dded5fed987a9eb9ea83c9a3e1d2bbe6801dee77
04_processed_trajectories_and_features/data/processed/bellevue_ne8th/experiments/straightness_iso_control_v1/feature_variants/features_plus_straightness.parquet,3552467,7690eb2dc9e667f58de39958303a2394b3bffb1bc19fc615865a8fccf943f8bf
04_processed_trajectories_and_features/data/processed/bellevue_ne8th/experiments/straightness_iso_control_v1/feature_variants/feature_variant_manifest.json,3032,47f75a6a3d392a28b31abad65f487b5d302835ec716493d0032660dda6f3bfe1
04_processed_trajectories_and_features/data/processed/bellevue_ne8th/experiments/straightness_iso_control_v1/method_comparison_variant_coords_only/methods_summary.csv,893,cfa46471ec959f7ae794cc20d1da008a473159ed9a8b71d3f7462efac22c835a
04_processed_trajectories_and_features/data/processed/bellevue_ne8th/experiments/straightness_iso_control_v1/method_comparison_variant_coords_only/methods_summary.partial.csv,893,cfa46471ec959f7ae794cc20d1da008a473159ed9a8b71d3f7462efac22c835a
04_processed_trajectories_and_features/data/processed/bellevue_ne8th/experiments/straightness_iso_control_v1/method_comparison_variant_coords_only/stats_hdbscan.json,502,7f77d13eac03802acac220c3add1bdc603f7b9786dbbb799d26a831db77394d0
04_processed_trajectories_and_features/data/processed/bellevue_ne8th/experiments/straightness_iso_control_v1/method_comparison_variant_coords_only/stats_kmeans.json,513,965f562af79751549f7a66069e8728aee6c400a4a3e3dcfee9d6c2e644623d48
04_processed_trajectories_and_features/data/processed/bellevue_ne8th/experiments/straightness_iso_control_v1/method_comparison_variant_coords_only/stats_optics.json,506,205a987567dfa353ab0e2df0b5841ceadb41f3759206ab8571da47ef4630c2ff
04_processed_trajectories_and_features/data/processed/bellevue_ne8th/experiments/straightness_iso_control_v1/method_comparison_variant_coords_only/trials_hdbscan.csv,4720,5f58fa2024f0db424a7729f18065f864723c4554f0fd24ed15220c8d4f2426d3
04_processed_trajectories_and_features/data/processed/bellevue_ne8th/experiments/straightness_iso_control_v1/method_comparison_variant_coords_only/trials_hdbscan_coarse.csv,1999,ad83e0bd711759d96167112232e948a876819ea3ac4538ff8e3c220c8c597ff2
04_processed_trajectories_and_features/data/processed/bellevue_ne8th/experiments/straightness_iso_control_v1/method_comparison_variant_coords_only/trials_hdbscan_fine.csv,2872,35aa607c5ff359ef3fcc7002c8073a1bf9cface786c607147723ea5342f57a86
04_processed_trajectories_and_features/data/processed/bellevue_ne8th/experiments/straightness_iso_control_v1/method_comparison_variant_coords_only/trials_kmeans.csv,5038,fd3ccc94da7a005f2621f6fa7ccc811da19b9ba2469c6684212634fbb329f88f
04_processed_trajectories_and_features/data/processed/bellevue_ne8th/experiments/straightness_iso_control_v1/method_comparison_variant_coords_only/trials_kmeans_coarse.csv,2568,19e47653252607073199c7a2ee97246e8d571f260db3ec3f7e265599ce96808e
04_processed_trajectories_and_features/data/processed/bellevue_ne8th/experiments/straightness_iso_control_v1/method_comparison_variant_coords_only/trials_kmeans_fine.csv,2617,49fd8ed3d3dceff9328a9b9b6217432f7f63ca3a7ec64d7200ff6811a3a62ccf
04_processed_trajectories_and_features/data/processed/bellevue_ne8th/experiments/straightness_iso_control_v1/method_comparison_variant_coords_only/trials_optics.csv,5985,0401235c93a5ec70bcbc5c62754ed42993f4adb103641eb005f5969552c76b63
04_processed_trajectories_and_features/data/processed/bellevue_ne8th/experiments/straightness_iso_control_v1/method_comparison_variant_coords_only/trials_optics_coarse.csv,2924,f44d62de64209c7796c4df42a4e1657b855ec56314e52fa288ec9f7792472dbb
04_processed_trajectories_and_features/data/processed/bellevue_ne8th/experiments/straightness_iso_control_v1/method_comparison_variant_coords_only/trials_optics_fine.csv,3190,90f6db3e06fc96b81358b8e9cc44f3436dedbc40c0ab9a7f36415a189449bf27
04_processed_trajectories_and_features/data/processed/bellevue_ne8th/experiments/straightness_iso_control_v1/method_comparison_variant_coords_only/visualizations/hdbscan_clusters_montage.png,2742950,6c5bc8cfc1b07c03b5ce6c941ab10946a8285241d0c0ea808e936940d76bf606
04_processed_trajectories_and_features/data/processed/bellevue_ne8th/experiments/straightness_iso_control_v1/method_comparison_variant_coords_only/visualizations/hdbscan_clusters_overlay.png,2196595,215236650c5619956ce7e0e8fdbc2222af7d70cff8cb2adff4125aa4ab4e66b1
04_processed_trajectories_and_features/data/processed/bellevue_ne8th/experiments/straightness_iso_control_v1/method_comparison_variant_coords_only/visualizations/kmeans_clusters_montage.png,2130952,0f5ba7399e240835170426a1ca4690a2df921b12956a33d31832686ef97bc1e1
04_processed_trajectories_and_features/data/processed/bellevue_ne8th/experiments/straightness_iso_control_v1/method_comparison_variant_coords_only/visualizations/kmeans_clusters_overlay.png,2209365,d593aa2f4960632d3681bd6ebe13ed00aef3414e3a56f985a94a809e01a5ff63
04_processed_trajectories_and_features/data/processed/bellevue_ne8th/experiments/straightness_iso_control_v1/method_comparison_variant_coords_only/visualizations/optics_clusters_montage.png,2206586,81cf63a956a927b3522247bce3f6ee890d58e263559ab23f05d22b840aac45fe
04_processed_trajectories_and_features/data/processed/bellevue_ne8th/experiments/straightness_iso_control_v1/method_comparison_variant_coords_only/visualizations/optics_clusters_overlay.png,2206825,9dafdd944468dc34bba38a0bf5126dfa6a100ffcfad5a54cdd9ebbe14c26862f
04_processed_trajectories_and_features/data/processed/bellevue_ne8th/experiments/straightness_iso_control_v1/method_comparison_variant_plus_straightness/methods_summary.csv,894,e8d3e4d9f616bc15f8e4481b4f9d01871f42e325b271e58aceeee1e1a127299d
04_processed_trajectories_and_features/data/processed/bellevue_ne8th/experiments/straightness_iso_control_v1/method_comparison_variant_plus_straightness/methods_summary.partial.csv,894,e8d3e4d9f616bc15f8e4481b4f9d01871f42e325b271e58aceeee1e1a127299d
04_processed_trajectories_and_features/data/processed/bellevue_ne8th/experiments/straightness_iso_control_v1/method_comparison_variant_plus_straightness/stats_hdbscan.json,501,afc1a62fdfd43f58efa30a90bece1ed9a62f70a7ae0d4c44a4ac70fa2fa03b67
04_processed_trajectories_and_features/data/processed/bellevue_ne8th/experiments/straightness_iso_control_v1/method_comparison_variant_plus_straightness/stats_kmeans.json,513,2bdf5bfe64e5c038a85ae56d05e6e861d5ee6995b501c59d3c9914736c25d9c2
04_processed_trajectories_and_features/data/processed/bellevue_ne8th/experiments/straightness_iso_control_v1/method_comparison_variant_plus_straightness/stats_optics.json,490,13353e42b2d962b25ba8178fc31bd91a7b8c3398658c48a2a39c96bc09d92409
04_processed_trajectories_and_features/data/processed/bellevue_ne8th/experiments/straightness_iso_control_v1/method_comparison_variant_plus_straightness/trials_hdbscan.csv,4545,0c5e1184c24c052fd400d60fd7faba6b5252700e8eb0fb0feeaefab3280e78e3
04_processed_trajectories_and_features/data/processed/bellevue_ne8th/experiments/straightness_iso_control_v1/method_comparison_variant_plus_straightness/trials_hdbscan_coarse.csv,1967,382d8fdda20091ed25c6c04b8c8d5b60ed19f8374843c78b9fc5da96b75f5115
04_processed_trajectories_and_features/data/processed/bellevue_ne8th/experiments/straightness_iso_control_v1/method_comparison_variant_plus_straightness/trials_hdbscan_fine.csv,2729,5c2a6d196f32c0d9b5718fab78a8c03140f443984d56b7313421356c6f849308
04_processed_trajectories_and_features/data/processed/bellevue_ne8th/experiments/straightness_iso_control_v1/method_comparison_variant_plus_straightness/trials_kmeans.csv,5144,cbb583f527bad8016d2145f17d7f8554bae02026adeb7856df1465b6ae036a54
04_processed_trajectories_and_features/data/processed/bellevue_ne8th/experiments/straightness_iso_control_v1/method_comparison_variant_plus_straightness/trials_kmeans_coarse.csv,2672,65cc10fb7eb99ee34c1dd67b5eda401408d1bc583fbf05b130f35c5f466d0c9f
04_processed_trajectories_and_features/data/processed/bellevue_ne8th/experiments/straightness_iso_control_v1/method_comparison_variant_plus_straightness/trials_kmeans_fine.csv,2619,96e97af2be0bc9ba3ef30b7e57294943ffbb0292895097215cb9c9a4d39961fe
04_processed_trajectories_and_features/data/processed/bellevue_ne8th/experiments/straightness_iso_control_v1/method_comparison_variant_plus_straightness/trials_optics.csv,6066,50fbc6a1e9e002aace796ee71329b3ef11bfbc23d6159a116ab421de86b4f619
04_processed_trajectories_and_features/data/processed/bellevue_ne8th/experiments/straightness_iso_control_v1/method_comparison_variant_plus_straightness/trials_optics_coarse.csv,2951,16b93a06113e8c1e389dc721d0b57c7ba79559bf3014d37e280ac45e91ed8f97
04_processed_trajectories_and_features/data/processed/bellevue_ne8th/experiments/straightness_iso_control_v1/method_comparison_variant_plus_straightness/trials_optics_fine.csv,3244,613c58e8901086ad078986a2aaf34e11271328ce175febb562cd470c818e7847
04_processed_trajectories_and_features/data/processed/bellevue_ne8th/experiments/straightness_iso_control_v1/method_comparison_variant_plus_straightness/visualizations/hdbscan_clusters_montage.png,2746178,39d6d7724a15000ca398a428e5520fe02fa3e5cd9e5fa9b4a39e9ae8668b9075
04_processed_trajectories_and_features/data/processed/bellevue_ne8th/experiments/straightness_iso_control_v1/method_comparison_variant_plus_straightness/visualizations/hdbscan_clusters_overlay.png,2200490,beff0170bc9a6e58ebe190ff84acf9b9d84870dd616179e07dc94545a9592556
04_processed_trajectories_and_features/data/processed/bellevue_ne8th/experiments/straightness_iso_control_v1/method_comparison_variant_plus_straightness/visualizations/kmeans_clusters_montage.png,2231499,17e17928ef56184965c892273e6aae6ee5a2615c3321af47883a7d8825e93b43
04_processed_trajectories_and_features/data/processed/bellevue_ne8th/experiments/straightness_iso_control_v1/method_comparison_variant_plus_straightness/visualizations/kmeans_clusters_overlay.png,2206156,5fcb1cdb6b2638ff1682f7164cf3353c41931dbf4418d0ba81333be5ff127875
04_processed_trajectories_and_features/data/processed/bellevue_ne8th/experiments/straightness_iso_control_v1/method_comparison_variant_plus_straightness/visualizations/optics_clusters_montage.png,2619860,910a2d5d59f45e197c093daea5f61585920f38ca65d899e2662f40cc9f9c2d43
04_processed_trajectories_and_features/data/processed/bellevue_ne8th/experiments/straightness_iso_control_v1/method_comparison_variant_plus_straightness/visualizations/optics_clusters_overlay.png,2177764,a3b4692ee3f97aabbd7ab99c9a6dd9cbbe4ca96a1ce2a3ed61e9fcd1cf916d37
04_processed_trajectories_and_features/data/processed/bellevue_ne8th/feature_analysis/displacement_full_vs_trimmed_hist.png,52248,69b0288a9764f230d9cd3d2af8534b60ffbab686d339bb93156151f591c614ee
04_processed_trajectories_and_features/data/processed/bellevue_ne8th/feature_analysis/displacement_norm_full_vs_trimmed_hist.png,53637,63dc2a56a8b5e49fe9c35a058866d8b6323fd1d34082755bbf256db1063602e3
04_processed_trajectories_and_features/data/processed/bellevue_ne8th/feature_analysis/displacement_rejected_arrows.png,3227762,d0405b293be980fc1a06028b871f030dcf16c88eb8630bd9bc63c6dfc1d59abf
04_processed_trajectories_and_features/data/processed/bellevue_ne8th/feature_analysis/displacement_rejected_hist.png,69274,a7abfd2e488b9700c6f033d0a75ca3168ea344d594b7e0b9e2a25ca8f173fcc2
04_processed_trajectories_and_features/data/processed/bellevue_ne8th/feature_analysis/displacement_rejected_summary.json,1316,8f61c7108a085a8777a7756cd97e2646509a0b8179a22012c494f215936f1d9c
04_processed_trajectories_and_features/data/processed/bellevue_ne8th/feature_analysis/displacement_thresholds.parquet,3522,9d4083f732fdaf28ba7126b1f1c4f5ebc8972b950a897b32af9e509d725e7b22
04_processed_trajectories_and_features/data/processed/bellevue_ne8th/feature_analysis/features_rejected_by_displacement_norm.parquet,7874016,6b6d6e04542ca3980929abb8ab9d4985c15bbde9415e1b18ca04924c9dac5e59
04_processed_trajectories_and_features/data/processed/bellevue_ne8th/feature_analysis/features_trimmed_disp.parquet,17108281,b97dffef10d26f32c31625dff7e36cd8b497d8ef802e70f46e8546ce3ed6afb4
04_processed_trajectories_and_features/data/processed/bellevue_ne8th/feature_analysis/features_trimmed_disp_norm.parquet,6942447,4970fb5dccad149465c0d233bfedfe128969f44dd0ea439bebdc56357d6d8445
04_processed_trajectories_and_features/data/processed/bellevue_ne8th/feature_analysis/feature_analysis_report.md,2190,f0e7faaca7daa914c5545a74e67f70a8292814e35bd200815f930e23c715523b
04_processed_trajectories_and_features/data/processed/bellevue_ne8th/feature_analysis/feature_histograms.png,119184,e9d0e277e3aa5cd390c5e2fd75ec5fd3271f3bfc5ec9271e209e5137c1928bfc
04_processed_trajectories_and_features/data/processed/bellevue_ne8th/feature_analysis/feature_metric_quantiles.csv,2558,a2a19d8e4812d7a6ed0af03d180b2283ce31287fd28e05000bc2ad73ea878594
04_processed_trajectories_and_features/data/processed/bellevue_ne8th/feature_analysis/feature_threshold_summary.json,1683,c480c8625d00b53460e316c3bc4bbd9544c36c2759b364b03ba66926a3e8a3a0
04_processed_trajectories_and_features/data/processed/bellevue_ne8th/feature_analysis/feature_trim_candidates.csv,3890,439ffe5776176ab31f46791556351d4d5095f58535182f4626ab3b29d95f0c31
04_processed_trajectories_and_features/data/processed/bellevue_ne8th/feature_analysis/feature_trim_summary.json,505,9a67dbf23ca43bc4d6fe2c616e45570493f72d1f94b366dc0cec13c78e272669
04_processed_trajectories_and_features/data/processed/bellevue_ne8th/feature_analysis/frame_span_full_vs_trimmed_hist.png,52533,168fbc5f7d96519ef0cee0938fe89fd256d6366f77f31dce046ca8511a6221c4
04_processed_trajectories_and_features/data/processed/bellevue_ne8th/feature_analysis/start_end_comparison.png,2412566,6e893b5d075bbbed5592cab6e37ceaab252e5b6a7c76c2834e552807d543152a
04_processed_trajectories_and_features/data/processed/bellevue_ne8th/feature_analysis/start_end_comparison_2x2.png,5309903,a7da19f8dad634afdbbcac9793ca2e63338fac4e7804dba28cd8fe1b6b1662ca
04_processed_trajectories_and_features/data/processed/bellevue_ne8th/feature_analysis/start_end_comparison_2x2_displacement.png,5371903,d1d213635490d57bb40dd2d0aced988646edcd1b623fd37fa087e14145e9b772
04_processed_trajectories_and_features/data/processed/bellevue_ne8th/feature_analysis/start_end_comparison_2x2_displacement_norm.png,5011987,0fa7b54982c94372da6b6f354addbf886e7dae02ce225508c42e731f67aaf23a
04_processed_trajectories_and_features/data/processed/bellevue_ne8th/feature_layers/features_core_raw.parquet,13801474,08142aecb184c72deb8f0650576323d9820dbc7456e544a6b5227e29b82f62a4
04_processed_trajectories_and_features/data/processed/bellevue_ne8th/feature_layers/features_scene_norm.parquet,4441231,9cb14e865d94e0e71d60137d25ae90723bd31b59469c2bf2c385a1391bd0811c
04_processed_trajectories_and_features/data/processed/bellevue_ne8th/feature_layers/features_vector_revers.parquet,4274564,d273e4ae7f1333969238e192c7559db97e94d4c6ba76428abe999c71b380cdab
04_processed_trajectories_and_features/data/processed/bellevue_ne8th/feature_layers/features_vector_revers_manifest.json,237,62c57a55cc533694dc35e6adae5f357a46f88c5a8ea2ccfc985f20315e9e6d97
04_processed_trajectories_and_features/data/processed/bellevue_ne8th/feature_layers/feature_layers_manifest.json,1934,d4271a78544fe6eafe285abc973de742d2eabe2fa07c4d6f1d02080005d057b7
04_processed_trajectories_and_features/data/processed/bellevue_ne8th/feature_variants/features_all_norm.parquet,4960847,4964f9e42cc2358ad7d65467032d0948e0320a2e9ba827d6996f5df9679bea2a
04_processed_trajectories_and_features/data/processed/bellevue_ne8th/feature_variants/features_baseline_norm4.parquet,3941233,ab00beb895e5458341c60b25701f154e576ab612c88806082587652bdb0d9ba3
04_processed_trajectories_and_features/data/processed/bellevue_ne8th/feature_variants/features_coords_only.parquet,3355033,73455009d9cb9d0b4f21609236ce40200b112058b7e7e0401173f5030cbe260c
04_processed_trajectories_and_features/data/processed/bellevue_ne8th/feature_variants/features_plus_direction.parquet,3749969,11e0e4c104f4e66ea7802d94dded5fed987a9eb9ea83c9a3e1d2bbe6801dee77
04_processed_trajectories_and_features/data/processed/bellevue_ne8th/feature_variants/features_plus_straightness.parquet,3552467,7690eb2dc9e667f58de39958303a2394b3bffb1bc19fc615865a8fccf943f8bf
04_processed_trajectories_and_features/data/processed/bellevue_ne8th/feature_variants/feature_variants_manifest.json,2215,3455a43795d56e89b95178fa6adcfac087bcee48526d9e3676adeab082f0bee5
04_processed_trajectories_and_features/data/processed/bellevue_ne8th/feature_variants/feature_variant_manifest.json,2822,07cdb6be4d516d257d003a4af8f55807cd909a602cf4a4d3e5245f1947d1400d
04_processed_trajectories_and_features/data/processed/bellevue_ne8th/method_comparison/methods_summary.csv,1275,a425e03eef1be7e3823e9c71a0e0a0b5681808580c86980b31e35e8a80361e39
04_processed_trajectories_and_features/data/processed/bellevue_ne8th/method_comparison/methods_summary.partial.csv,1275,a425e03eef1be7e3823e9c71a0e0a0b5681808580c86980b31e35e8a80361e39
04_processed_trajectories_and_features/data/processed/bellevue_ne8th/method_comparison/stats_birch.json,315,e8a45d6d863f709693a62e2ef08764847435a1294a35f41b7f7a22239df1de20
04_processed_trajectories_and_features/data/processed/bellevue_ne8th/method_comparison/stats_dbscan.json,329,0dbf2cf9387383b961e9592f31c263b334d2cdb563ed3f1fd5e52cdfa361042f
04_processed_trajectories_and_features/data/processed/bellevue_ne8th/method_comparison/stats_gmm.json,316,0f9d6f896128f6b9376f3b7a76ca9e7a965be0d41b27713e6a1ac499e12938ab
04_processed_trajectories_and_features/data/processed/bellevue_ne8th/method_comparison/stats_hdbscan.json,350,f6c8d580ef38e8feebc134905a9741705420759b6aa518b87cc9b3008f83abf9
04_processed_trajectories_and_features/data/processed/bellevue_ne8th/method_comparison/stats_kmeans.json,363,59936b5a87c006c9e1d88d58fce8c509c0bc3671335fb771be129c024bb4945f
04_processed_trajectories_and_features/data/processed/bellevue_ne8th/method_comparison/stats_optics.json,340,018b950729145b564a1cc3e0d6464739cf6fa6751f1d2fd34cef89119ca96bdd
04_processed_trajectories_and_features/data/processed/bellevue_ne8th/method_comparison/trials_birch.csv,1141,8468fa4d146ff0c41997101f3290cacdfdb9e95997b4120ea95791e72e9a7c29
04_processed_trajectories_and_features/data/processed/bellevue_ne8th/method_comparison/trials_dbscan.csv,1399,5859274945ce4094bd38f35dde4105f6f79c99cb1851b4aca3ec08f0fe8d936b
04_processed_trajectories_and_features/data/processed/bellevue_ne8th/method_comparison/trials_gmm.csv,791,20d27338fedd47811f0234628a830345444d9f03fd455ce760b8ecba8d568ca4
04_processed_trajectories_and_features/data/processed/bellevue_ne8th/method_comparison/trials_hdbscan.csv,1849,819bc41f443aafa6859ba75b416d15f90c866c2057dad0530857da0f4e803fbb
04_processed_trajectories_and_features/data/processed/bellevue_ne8th/method_comparison/trials_kmeans.csv,3227,b571fa1f29a3541190ce437ab4a6a36950c511dd0af32a999b4b4636b9137f20
04_processed_trajectories_and_features/data/processed/bellevue_ne8th/method_comparison/trials_optics.csv,4136,5c677d23dc2ff50bd1663f2b138f7e5e749e6957668a63e73e18fbec8fbf66c7
04_processed_trajectories_and_features/data/processed/bellevue_ne8th/method_comparison/visualizations/birch_clusters_montage.png,3722308,72d655b5a006839319c0ee0bce5a1f2951fceb2f58c6e5b6dd4ce3ef53d9848d
04_processed_trajectories_and_features/data/processed/bellevue_ne8th/method_comparison/visualizations/birch_clusters_overlay.png,2186916,fe2d1ff70f3dfcfc6cad9ec8fae22f794554b059b5c246c75cafab60166bf6c1
04_processed_trajectories_and_features/data/processed/bellevue_ne8th/method_comparison/visualizations/dbscan_clusters_montage.png,2931347,c67bb9f3d6c442559c2135bc8a6b74c36764c1edb8f86fbf1988fb973c1301da
04_processed_trajectories_and_features/data/processed/bellevue_ne8th/method_comparison/visualizations/dbscan_clusters_overlay.png,2207674,9192be39c778dd7f03b06c3e05f58c26c8e12a0e4173495cac482eeb51b4ce58
04_processed_trajectories_and_features/data/processed/bellevue_ne8th/method_comparison/visualizations/gmm_clusters_montage.png,3724509,5d52bec39732c8d580e4a7b7b79b58345e4959673beda72fd672469621aa6398
04_processed_trajectories_and_features/data/processed/bellevue_ne8th/method_comparison/visualizations/gmm_clusters_overlay.png,2195522,2fd80f01cc85259b3e82e51719248c4e31e350003b0f77b8e69b266b3d301f70
04_processed_trajectories_and_features/data/processed/bellevue_ne8th/method_comparison/visualizations/hdbscan_clusters_montage.png,2724923,2e2c836011f5a44777406bfebfd699017db7392fe589464b7814ff82726d75a3
04_processed_trajectories_and_features/data/processed/bellevue_ne8th/method_comparison/visualizations/hdbscan_clusters_overlay.png,2190345,fdb6d26e1de0b2a26b5447efee84980a09f37512596e2d7706a40b9528dd4836
04_processed_trajectories_and_features/data/processed/bellevue_ne8th/method_comparison/visualizations/kmeans_clusters_montage.png,3767668,9d99a185afb634ef5bc969c1667d40c688f3c3c3331781fc2549df43edfda0e9
04_processed_trajectories_and_features/data/processed/bellevue_ne8th/method_comparison/visualizations/kmeans_clusters_overlay.png,2204023,b25bfdeed32ec88bfae4de776cd165d78437f7650be08d2436581e5f8bb8be59
04_processed_trajectories_and_features/data/processed/bellevue_ne8th/method_comparison/visualizations/optics_clusters_montage.png,2200314,2f7f00894484889981fb9daac665cef03874a8217e5f5decb3c4d9f20d3ec319
04_processed_trajectories_and_features/data/processed/bellevue_ne8th/method_comparison/visualizations/optics_clusters_overlay.png,2199018,b3c50225b38672a0b2db54fb187a9ac670b05d01e4eec0a2dd4699e3d8414215
04_processed_trajectories_and_features/data/processed/bellevue_ne8th/method_comparison_variant_all_norm/methods_summary.csv,1128,ce4ee8001e7cd87c6fa0dc3bffee15f2d74334daa7ac6c391120d958a8085a98
04_processed_trajectories_and_features/data/processed/bellevue_ne8th/method_comparison_variant_all_norm/methods_summary.partial.csv,1128,ce4ee8001e7cd87c6fa0dc3bffee15f2d74334daa7ac6c391120d958a8085a98
04_processed_trajectories_and_features/data/processed/bellevue_ne8th/method_comparison_variant_all_norm/stats_birch.json,306,ee880b05b8a30da042d9dffbe8d7d5dd3bcf402516dc1351660624d01e1d88ad
04_processed_trajectories_and_features/data/processed/bellevue_ne8th/method_comparison_variant_all_norm/stats_dbscan.json,315,07d2aeecfc82e46506c21f11f35a5f63ab99f473b3a50b35cfd1fce8a735b6d9
04_processed_trajectories_and_features/data/processed/bellevue_ne8th/method_comparison_variant_all_norm/stats_gmm.json,307,4c19a79c1085feebd9ec1159c03b0f74471b9867879ba97cbd964b8219eb60b1
04_processed_trajectories_and_features/data/processed/bellevue_ne8th/method_comparison_variant_all_norm/stats_hdbscan.json,338,87b08565ebc436ec9887760844521f905ebd9d32740935984143057d501935da
04_processed_trajectories_and_features/data/processed/bellevue_ne8th/method_comparison_variant_all_norm/stats_kmeans.json,362,18fc33b1e93d98fad6a378250cdb87499fe06a4700375e56536ff84e6c0532b7
04_processed_trajectories_and_features/data/processed/bellevue_ne8th/method_comparison_variant_all_norm/stats_optics.json,327,6899cb8c651080e6f4c0b07853ace53fc4c0d427f7e5ba06062edbdb6bd0876b
04_processed_trajectories_and_features/data/processed/bellevue_ne8th/method_comparison_variant_all_norm/trials_birch.csv,989,99c048bb460346c448ed5dc2ff7b7c9c4d48629870b9936b50dad9c23846e685
04_processed_trajectories_and_features/data/processed/bellevue_ne8th/method_comparison_variant_all_norm/trials_dbscan.csv,1371,f908a7858ab60ff518e24057d62a3044e93e7beba97aa0ba06e1aa029e9eb7a6
04_processed_trajectories_and_features/data/processed/bellevue_ne8th/method_comparison_variant_all_norm/trials_gmm.csv,702,ed1c492265cf63d0b85b4b0bdbae336d85e4e8ce545d809d5d9cb85e0a06b02e
04_processed_trajectories_and_features/data/processed/bellevue_ne8th/method_comparison_variant_all_norm/trials_hdbscan.csv,1768,b1a9cfa24de84a11a6b371a7c3acc589c2f68f9e4f7bcd5101e1ac70558fcd3f
04_processed_trajectories_and_features/data/processed/bellevue_ne8th/method_comparison_variant_all_norm/trials_kmeans.csv,3013,3a005317e4c31b99539dc892fa1e5e42531d70bb09657c8b61bb1fb9906d017e
04_processed_trajectories_and_features/data/processed/bellevue_ne8th/method_comparison_variant_all_norm/trials_optics.csv,3963,94fb74e760d160d490cb124afca0f77699a07eebdffcdb8352bf6cc9e876b8b1
04_processed_trajectories_and_features/data/processed/bellevue_ne8th/method_comparison_variant_all_norm/visualizations/birch_clusters_montage.png,2917415,743f7ba920e801516a710322c97c4b7afc3d7e007712837d974750d2d188ec82
04_processed_trajectories_and_features/data/processed/bellevue_ne8th/method_comparison_variant_all_norm/visualizations/birch_clusters_overlay.png,2173696,8b1564059c617e8f9e3675b41f259149554f2294e48257c1b46cbef266935a74
04_processed_trajectories_and_features/data/processed/bellevue_ne8th/method_comparison_variant_all_norm/visualizations/dbscan_clusters_montage.png,2901087,a78d7e460860883a9a791db49538f1ac7461157755d11192203c7e00413b20ee
04_processed_trajectories_and_features/data/processed/bellevue_ne8th/method_comparison_variant_all_norm/visualizations/dbscan_clusters_overlay.png,2184675,3f4918e732b11d471afc0ac75122dc305673b329125a4a910167eeb1019ad53a
04_processed_trajectories_and_features/data/processed/bellevue_ne8th/method_comparison_variant_all_norm/visualizations/gmm_clusters_montage.png,3492790,055086071bb783473fb21c92d86eee9c1d3563bba6a2a215a3a2ca3e29ab9a46
04_processed_trajectories_and_features/data/processed/bellevue_ne8th/method_comparison_variant_all_norm/visualizations/gmm_clusters_overlay.png,2172462,c4d7b08a3def25551a345a79ab9b4db8809553bf5bc0d9d65fc2a04bc95b7319
04_processed_trajectories_and_features/data/processed/bellevue_ne8th/method_comparison_variant_all_norm/visualizations/hdbscan_clusters_montage.png,2721524,e20e4cf4fac20045836a2ed163a5edf776ad534cd3bc2c39bd8f8f66542edb3e
04_processed_trajectories_and_features/data/processed/bellevue_ne8th/method_comparison_variant_all_norm/visualizations/hdbscan_clusters_overlay.png,2177437,8aef0dee7ba6d853200bce2e1e3330270c0bd6e45d760d9eb0c7c5d90875e0b6
04_processed_trajectories_and_features/data/processed/bellevue_ne8th/method_comparison_variant_all_norm/visualizations/kmeans_clusters_montage.png,3701347,f42a6a8f2df7a4efe7d376d0ca8a4a09eac72cb71364f92795865687ee04e79c
04_processed_trajectories_and_features/data/processed/bellevue_ne8th/method_comparison_variant_all_norm/visualizations/kmeans_clusters_overlay.png,2179235,1adf59985c824af3345f52435d72f12807fc4b065e857bfd5d9ab86b8f2c98f7
04_processed_trajectories_and_features/data/processed/bellevue_ne8th/method_comparison_variant_all_norm/visualizations/optics_clusters_montage.png,2160619,1239faaf40b5d57541f3a66f4e33488377416df903a07cab455cba4e41f2b6c9
04_processed_trajectories_and_features/data/processed/bellevue_ne8th/method_comparison_variant_all_norm/visualizations/optics_clusters_overlay.png,2166985,a9a709e6391a2635ba4ca6af4be7675b85ef82eedc121fb7398034e66afe5c05
04_processed_trajectories_and_features/data/processed/bellevue_ne8th/method_comparison_variant_baseline_norm4/methods_summary.csv,1191,ff97ee8f2b914b943eaa4d88ef79721147a55a18e48f1d8c1a15d7a936f75e8c
04_processed_trajectories_and_features/data/processed/bellevue_ne8th/method_comparison_variant_baseline_norm4/methods_summary.partial.csv,1191,ff97ee8f2b914b943eaa4d88ef79721147a55a18e48f1d8c1a15d7a936f75e8c
04_processed_trajectories_and_features/data/processed/bellevue_ne8th/method_comparison_variant_baseline_norm4/stats_birch.json,304,f525932a4dfce1c4e741b9bcb5472f40e1e6f2b063d44604cdcfb999f47a6c4e
04_processed_trajectories_and_features/data/processed/bellevue_ne8th/method_comparison_variant_baseline_norm4/stats_dbscan.json,330,151e09199e67034cc54f88549e39fefad284b945830594c82a8a7162024c469f
04_processed_trajectories_and_features/data/processed/bellevue_ne8th/method_comparison_variant_baseline_norm4/stats_gmm.json,305,220b79a6a5e9ae3384fceeb9bf9a9861e6c15e553b510d93f84d11a8618d540d
04_processed_trajectories_and_features/data/processed/bellevue_ne8th/method_comparison_variant_baseline_norm4/stats_hdbscan.json,350,d44f8c0cf5190c7c8a4be1e9c22075cde377aef109bc0c54b19242d407e0a171
04_processed_trajectories_and_features/data/processed/bellevue_ne8th/method_comparison_variant_baseline_norm4/stats_kmeans.json,353,dbb86ddf7428c44743ae585d9f7ee79c1e235c218263c3597b4c13b106612626
04_processed_trajectories_and_features/data/processed/bellevue_ne8th/method_comparison_variant_baseline_norm4/stats_optics.json,340,3e663e6d57d2d30fc8997e21c1d44275a20fe892a7322f4897678ef894be8532
04_processed_trajectories_and_features/data/processed/bellevue_ne8th/method_comparison_variant_baseline_norm4/trials_birch.csv,1032,6b06d581bbabb628e49d074b429ba6cf157497f6dc9797b6e4e90a7afcd15c87
04_processed_trajectories_and_features/data/processed/bellevue_ne8th/method_comparison_variant_baseline_norm4/trials_dbscan.csv,1365,9268f2e4927d8c604daddc388812d64e6373d7ba872ab74aac3cc067a840a67d
04_processed_trajectories_and_features/data/processed/bellevue_ne8th/method_comparison_variant_baseline_norm4/trials_gmm.csv,741,4bbe444ef8b6f41d5c3ef79fbca4842c64d5d3cd016e34688ddfb9abd0d2e48a
04_processed_trajectories_and_features/data/processed/bellevue_ne8th/method_comparison_variant_baseline_norm4/trials_hdbscan.csv,1731,7d78841b8be4e6f33cbabddda06b45620a8425082e64b0c9b33d6372657a1df8
04_processed_trajectories_and_features/data/processed/bellevue_ne8th/method_comparison_variant_baseline_norm4/trials_kmeans.csv,3062,8e62c8881141b8bb01193bbb90b32908ba0466604a74de24cdbcd075014e3095
04_processed_trajectories_and_features/data/processed/bellevue_ne8th/method_comparison_variant_baseline_norm4/trials_optics.csv,4042,45a0cf52166298754986943f88f72bc587bd45d9bd2adc671e147c4310d02e53
04_processed_trajectories_and_features/data/processed/bellevue_ne8th/method_comparison_variant_baseline_norm4/visualizations/birch_clusters_montage.png,3321800,61a4824e376949d93f28e4a432270cd6c08335d1eec3533d551fcbd10b422974
04_processed_trajectories_and_features/data/processed/bellevue_ne8th/method_comparison_variant_baseline_norm4/visualizations/birch_clusters_overlay.png,2173514,dc023b853b03fa0be03d546abfd18bf248eb3a49c2be113b123f8969032d8cf8
04_processed_trajectories_and_features/data/processed/bellevue_ne8th/method_comparison_variant_baseline_norm4/visualizations/dbscan_clusters_montage.png,2218252,98e6fffe09d12abd08ffc8c9d187b142ded524d3d79c6c7db1d9a90e3d975ecd
04_processed_trajectories_and_features/data/processed/bellevue_ne8th/method_comparison_variant_baseline_norm4/visualizations/dbscan_clusters_overlay.png,2184122,436ec1ef24010c4365368e80ecbbb0c905ac17174f0e4da873c40e10665d4499
04_processed_trajectories_and_features/data/processed/bellevue_ne8th/method_comparison_variant_baseline_norm4/visualizations/gmm_clusters_montage.png,3382945,56fcb3aaf00e3ad660624e19ce8a4e94f6685c15cec15b19c6505782a524ce10
04_processed_trajectories_and_features/data/processed/bellevue_ne8th/method_comparison_variant_baseline_norm4/visualizations/gmm_clusters_overlay.png,2170834,1828eef363ea48c3ecf20e95746f1382e35539538d988fd4852a14afe078568e
04_processed_trajectories_and_features/data/processed/bellevue_ne8th/method_comparison_variant_baseline_norm4/visualizations/hdbscan_clusters_montage.png,2716169,4587ee281d51a2460584e38aa1cc772d8a1f68889861bfe2d7ad1e9824b1547d
04_processed_trajectories_and_features/data/processed/bellevue_ne8th/method_comparison_variant_baseline_norm4/visualizations/hdbscan_clusters_overlay.png,2175177,b260500c83df3957918d332025be470dde11c21d4642b70f58970e2815642441
04_processed_trajectories_and_features/data/processed/bellevue_ne8th/method_comparison_variant_baseline_norm4/visualizations/kmeans_clusters_montage.png,3377436,40a0ddf8224a3813e3b83a1d57642141537ec22cfc91ef2d9999215224ea82f0
04_processed_trajectories_and_features/data/processed/bellevue_ne8th/method_comparison_variant_baseline_norm4/visualizations/kmeans_clusters_overlay.png,2175312,dfd73803ea9190f9d5f46a911b378b13c5395c9b77db25c2d186afdf3ab83eae
04_processed_trajectories_and_features/data/processed/bellevue_ne8th/method_comparison_variant_baseline_norm4/visualizations/optics_clusters_montage.png,3232334,149eec45f9592370bd0a5c722d0064e487e324b16bd1a63c7351bc9550bca13c
04_processed_trajectories_and_features/data/processed/bellevue_ne8th/method_comparison_variant_baseline_norm4/visualizations/optics_clusters_overlay.png,2163925,4a7d1e6ba4ef5bbd42bb0a62b4ad3390b6676153c6f7d7ac29639fcb50b32775
04_processed_trajectories_and_features/data/processed/bellevue_ne8th/method_comparison_variant_plus_frame_span/visualizations/birch_clusters_montage.png,3543925,6fc311cbf13a7cf2f69cb9598c8180523a39c7e2657cc4f3db1168e9cb40f7d1
04_processed_trajectories_and_features/data/processed/bellevue_ne8th/method_comparison_variant_plus_frame_span/visualizations/birch_clusters_overlay.png,2176019,440b2cc6a052c6d6de6d13709498aba9098e472e874dae1322dabb8943901856
04_processed_trajectories_and_features/data/processed/bellevue_ne8th/method_comparison_variant_plus_frame_span/visualizations/dbscan_clusters_montage.png,2795711,7e8e4cc1d0d1a217c2b089cfe84c26bf81df90f30cd2edd39fe4308c41aa3af0
04_processed_trajectories_and_features/data/processed/bellevue_ne8th/method_comparison_variant_plus_frame_span/visualizations/dbscan_clusters_overlay.png,2186102,4f02efe180bf3326c09d080f28f504445a008a7f9fcbac7f3d05a464f90ebc3a
04_processed_trajectories_and_features/data/processed/bellevue_ne8th/method_comparison_variant_plus_frame_span/visualizations/gmm_clusters_montage.png,3563641,1c653c522f24ea9a5e4bdf0e0d8c7666dacd05d75c1e6615c569686b1587080c
04_processed_trajectories_and_features/data/processed/bellevue_ne8th/method_comparison_variant_plus_frame_span/visualizations/gmm_clusters_overlay.png,2176199,5ea1e9d983f5fe34430645ff685e7c279c5a548eb3eb4a9ed01f27c25eb0e992
04_processed_trajectories_and_features/data/processed/bellevue_ne8th/method_comparison_variant_plus_frame_span/visualizations/hdbscan_clusters_montage.png,2723798,976b683825465f32629c9a461ce4b65cef92a5b2a17559e3b04faf7067e923cb
04_processed_trajectories_and_features/data/processed/bellevue_ne8th/method_comparison_variant_plus_frame_span/visualizations/hdbscan_clusters_overlay.png,2175965,530cb92644ff9da97128fbb856e65c24caf3a70b733ad00c42d5959513695239
04_processed_trajectories_and_features/data/processed/bellevue_ne8th/method_comparison_variant_plus_frame_span/visualizations/kmeans_clusters_montage.png,3660217,9b38c7a7c50bcbbc2a529dbd64649a1a20324180fa8e9f9e7c8aa2e9509f97d8
04_processed_trajectories_and_features/data/processed/bellevue_ne8th/method_comparison_variant_plus_frame_span/visualizations/kmeans_clusters_overlay.png,2184984,437a035736615a2521620ff5042d515b95913fd13a8239f52910abc7f6d4b568
04_processed_trajectories_and_features/data/processed/bellevue_ne8th/method_comparison_variant_plus_frame_span/visualizations/optics_clusters_montage.png,2204488,3a7ab5528f4c2f7ac17602205d0f2950942506145c5fb409694ed5c71ef5d526
04_processed_trajectories_and_features/data/processed/bellevue_ne8th/method_comparison_variant_plus_frame_span/visualizations/optics_clusters_overlay.png,2182660,32b3078f4195151a7e10ee1a8ece5d26bf338e80584eb9474d57c1cc20fed715
04_processed_trajectories_and_features/data/processed/bellevue_ne8th/method_comparison_variant_plus_frame_span_straightness/visualizations/birch_clusters_montage.png,2900555,22840631ec34262e9bfdaef0d224f3d37cf144c848f971dcc063486648617781
04_processed_trajectories_and_features/data/processed/bellevue_ne8th/method_comparison_variant_plus_frame_span_straightness/visualizations/birch_clusters_overlay.png,2183890,f7b170f3733884d6052c9ec9b9421824e2277e9ae009b12aea187e3afdbbd02a
04_processed_trajectories_and_features/data/processed/bellevue_ne8th/method_comparison_variant_plus_frame_span_straightness/visualizations/dbscan_clusters_montage.png,3440660,1f23ed37daf594f562020b871fa3718615eb4631188a7f862d6005e629de65f8
04_processed_trajectories_and_features/data/processed/bellevue_ne8th/method_comparison_variant_plus_frame_span_straightness/visualizations/dbscan_clusters_overlay.png,2185220,1bec88207551da5ecb8670e067db63bff694f763943308756a92c8bcf53b0040
04_processed_trajectories_and_features/data/processed/bellevue_ne8th/method_comparison_variant_plus_frame_span_straightness/visualizations/gmm_clusters_montage.png,3705996,efa739aa0a4ed9a0ab62431997e1f6c776e49af4f37a7c9de337f59dac8b76bf
04_processed_trajectories_and_features/data/processed/bellevue_ne8th/method_comparison_variant_plus_frame_span_straightness/visualizations/gmm_clusters_overlay.png,2181702,4b22dc8b1a9b64aae3027ae35123add94c575ca8268f089b7571ad7d2fecc954
04_processed_trajectories_and_features/data/processed/bellevue_ne8th/method_comparison_variant_plus_frame_span_straightness/visualizations/hdbscan_clusters_montage.png,2156180,75d39eca0a11ad1bf61b9a7fefad016cc7dfd4433ca1b09236995b5da26037b8
04_processed_trajectories_and_features/data/processed/bellevue_ne8th/method_comparison_variant_plus_frame_span_straightness/visualizations/hdbscan_clusters_overlay.png,2173933,18eeec0946bdd8ff412ec67e085ddff4517c405b0fc4bfa3ef9a239aef93ad00
04_processed_trajectories_and_features/data/processed/bellevue_ne8th/method_comparison_variant_plus_frame_span_straightness/visualizations/kmeans_clusters_montage.png,3725344,8718c5f086d667edc3a1e60a4532d36d084c1527188edc94829e3e67b48f85f5
04_processed_trajectories_and_features/data/processed/bellevue_ne8th/method_comparison_variant_plus_frame_span_straightness/visualizations/kmeans_clusters_overlay.png,2188135,cbd8eb7ef203f66d9aebaf55b02a5d44a633bb97009be034e78fa30d34f666c6
04_processed_trajectories_and_features/data/processed/bellevue_ne8th/method_comparison_variant_plus_frame_span_straightness/visualizations/optics_clusters_montage.png,2089081,a648e25697be9ecfb4c340eadea06f121ee2323a617f70b750e105c0adbde753
04_processed_trajectories_and_features/data/processed/bellevue_ne8th/method_comparison_variant_plus_frame_span_straightness/visualizations/optics_clusters_overlay.png,2163059,baefb48a28a788a838a66e64bf52cda94358e88544a07b27d23f5d7c574619f6
04_processed_trajectories_and_features/data/processed/bellevue_ne8th/method_comparison_variant_plus_frame_span_straightness_dir/visualizations/birch_clusters_montage.png,2293677,4146c006405c59a3a8c8f890762b2da1f639c9741ab3c561337ef0cc67556719
04_processed_trajectories_and_features/data/processed/bellevue_ne8th/method_comparison_variant_plus_frame_span_straightness_dir/visualizations/birch_clusters_overlay.png,2183697,5937cb12be8ee7e719ffa111fdcc7132c8134c46924cf11fd3bb2667c1b905a2
04_processed_trajectories_and_features/data/processed/bellevue_ne8th/method_comparison_variant_plus_frame_span_straightness_dir/visualizations/dbscan_clusters_montage.png,3437774,1ec49a01c8e095dd0d8c57b6179f4e73d24646e31a38767337bd83a9227248e9
04_processed_trajectories_and_features/data/processed/bellevue_ne8th/method_comparison_variant_plus_frame_span_straightness_dir/visualizations/dbscan_clusters_overlay.png,2185107,a2390040cf2fae541e8a18c65a11232b400326637b7303f843e6713f40615754
04_processed_trajectories_and_features/data/processed/bellevue_ne8th/method_comparison_variant_plus_frame_span_straightness_dir/visualizations/gmm_clusters_montage.png,3556773,053608340971c04dadd2093923a9396353fff1fa00bc473427ce96850a907b27
04_processed_trajectories_and_features/data/processed/bellevue_ne8th/method_comparison_variant_plus_frame_span_straightness_dir/visualizations/gmm_clusters_overlay.png,2182553,fdd5b82edee81c9419ba53118229c838b850943047e2f7f2d6e6c40c8c6079a7
04_processed_trajectories_and_features/data/processed/bellevue_ne8th/method_comparison_variant_plus_frame_span_straightness_dir/visualizations/hdbscan_clusters_montage.png,2134876,7642bc89c15e8b80ae7bf89ac8270cc39678eb6bfaa4253635f997f53ee00657
04_processed_trajectories_and_features/data/processed/bellevue_ne8th/method_comparison_variant_plus_frame_span_straightness_dir/visualizations/hdbscan_clusters_overlay.png,2174515,6977341832605b49fa27f6308b2c42c78ace9ec222e1231572312314920560bc
04_processed_trajectories_and_features/data/processed/bellevue_ne8th/method_comparison_variant_plus_frame_span_straightness_dir/visualizations/kmeans_clusters_montage.png,3675447,e3ed8770cdd5996076b5efd2872cbceea31dbf9ddb52573ce08723b03126bb36
04_processed_trajectories_and_features/data/processed/bellevue_ne8th/method_comparison_variant_plus_frame_span_straightness_dir/visualizations/kmeans_clusters_overlay.png,2185863,d8ea61c21f31f860f041bd7435812b002d192c1da38a83fbab846ba3e18fbb6e
04_processed_trajectories_and_features/data/processed/bellevue_ne8th/method_comparison_variant_plus_frame_span_straightness_dir/visualizations/optics_clusters_montage.png,2670472,dc3a7c73ab7e97bbc5dee3f6a25e19482fa4415c3927e0d8ebe9980079fa1baa
04_processed_trajectories_and_features/data/processed/bellevue_ne8th/method_comparison_variant_plus_frame_span_straightness_dir/visualizations/optics_clusters_overlay.png,2163462,5c46e3c6672db39f025e356e80ed1a67d2e0ac40d0203efaf4017efdd9ab7d9e
04_processed_trajectories_and_features/data/processed/bellevue_ne8th/method_comparison_variant_plus_straightness/methods_summary.csv,884,9ab8672145f29950d8cb51bdeb0e03f724411fa74e5ec313f7a514736a7ac9d8
04_processed_trajectories_and_features/data/processed/bellevue_ne8th/method_comparison_variant_plus_straightness/methods_summary.partial.csv,884,9ab8672145f29950d8cb51bdeb0e03f724411fa74e5ec313f7a514736a7ac9d8
04_processed_trajectories_and_features/data/processed/bellevue_ne8th/method_comparison_variant_plus_straightness/stats_hdbscan.json,501,7f6c6d8c1d56e810005d10b127d9889c1c50252026029520bac405145b48eb34
04_processed_trajectories_and_features/data/processed/bellevue_ne8th/method_comparison_variant_plus_straightness/stats_kmeans.json,513,4ac1f72972db323022f95d9c392e847407bed0da576a2b6e2b2c996be45d483d
04_processed_trajectories_and_features/data/processed/bellevue_ne8th/method_comparison_variant_plus_straightness/stats_optics.json,492,148e0504730c9bb51399a1a6208d4b6c3801382d856e4a7f4d8ba3ab8ff4c27f
04_processed_trajectories_and_features/data/processed/bellevue_ne8th/method_comparison_variant_plus_straightness/trials_hdbscan.csv,4675,2aa4fd2cfeaedd9353ab90f15e58a3a5dcea140793259e183ddacad8e89da875
04_processed_trajectories_and_features/data/processed/bellevue_ne8th/method_comparison_variant_plus_straightness/trials_hdbscan_coarse.csv,1970,bb37f218008fc6849e1d4c083bbf92a6a51c99d129889ae1c69d8d4f6ce21fff
04_processed_trajectories_and_features/data/processed/bellevue_ne8th/method_comparison_variant_plus_straightness/trials_hdbscan_fine.csv,2856,ff33e8985504f35a28705eb45fbd0cedca930931b4faff9f061ef480270ae1dc
04_processed_trajectories_and_features/data/processed/bellevue_ne8th/method_comparison_variant_plus_straightness/trials_kmeans.csv,8125,24e47c459e38f6677c03bd5f1dc9d3e13c27e5c3d234a0beb96d8c923d4d426b
04_processed_trajectories_and_features/data/processed/bellevue_ne8th/method_comparison_variant_plus_straightness/trials_kmeans_coarse.csv,3251,f4e5380c1fa64525aff1e068b8c2065effaebdd37ce3d2db6b5fb8b04523bb94
04_processed_trajectories_and_features/data/processed/bellevue_ne8th/method_comparison_variant_plus_straightness/trials_kmeans_fine.csv,5021,3582906ece20f4e7c4638914c2dbc654a018bb187046425750aa194db3eea85c
04_processed_trajectories_and_features/data/processed/bellevue_ne8th/method_comparison_variant_plus_straightness/trials_optics.csv,9709,da4a6a87d64f6604e4380345c4c43ac5d625e0f4e5d694ceeee2bb9c77c4bb82
04_processed_trajectories_and_features/data/processed/bellevue_ne8th/method_comparison_variant_plus_straightness/trials_optics_coarse.csv,3728,bd1075c6d76b5dbf67af860856cd9144de0e87f563ea404d9febff90b7384cb2
04_processed_trajectories_and_features/data/processed/bellevue_ne8th/method_comparison_variant_plus_straightness/trials_optics_fine.csv,6110,3597e56933ae6f776adaaffc63d56f6b57f1063d60628cbb036fb4f620e503ce
04_processed_trajectories_and_features/data/processed/bellevue_ne8th/method_comparison_variant_plus_straightness/visualizations/hdbscan_clusters_montage.png,2182036,dc879178bd0782b5cb07fb975fd08d2f18e90ea21f919d267ec35a984cea03d6
04_processed_trajectories_and_features/data/processed/bellevue_ne8th/method_comparison_variant_plus_straightness/visualizations/hdbscan_clusters_overlay.png,2190399,a43609fd52b77475b2793bb3d6f83eae22bea7d7826a0eee3c23b0789fc43542
04_processed_trajectories_and_features/data/processed/bellevue_ne8th/method_comparison_variant_plus_straightness/visualizations/kmeans_clusters_montage.png,2970594,b30d885042da7689c0bacafcff2ee9eb7def024fd7a8fd6795e94331c37013fe
04_processed_trajectories_and_features/data/processed/bellevue_ne8th/method_comparison_variant_plus_straightness/visualizations/kmeans_clusters_overlay.png,2201330,cdca04decb9a8c1e06633e45bf03393f4c22775a9eb973d2cea429aee8d4534a
04_processed_trajectories_and_features/data/processed/bellevue_ne8th/method_comparison_variant_plus_straightness/visualizations/optics_clusters_montage.png,2162394,aa9b8e5a14068695aee120de56162b64f251767602be9a4abe4db6a980ea2d52
04_processed_trajectories_and_features/data/processed/bellevue_ne8th/method_comparison_variant_plus_straightness/visualizations/optics_clusters_overlay.png,2198993,1ffb25940f04ef3393b83c1d2c731c749613fb4a6fae3033c4b1f1126885dd57
04_processed_trajectories_and_features/data/processed/experiments/flow_aware_short_term_prediction/flow_aware_kutatasi_terv_kivonat_v2.docx,40391,b82fd2095e015a4aefd79e5bfb32055dd25e4e67dae1f2367d3e7ec4153abe48
04_processed_trajectories_and_features/data/processed/experiments/flow_aware_short_term_prediction/flow_aware_kutatasi_terv_munkaterv_v2.xlsx,127153,ca5a87ceaccfa10a9c75ae4c656f18cd59126a3612b3440243c5c3072fe34692
04_processed_trajectories_and_features/data/processed/experiments/flow_aware_short_term_prediction/README.md,2125,9bae76bcad241d8779c855d8d6af692b8c62d89d997eded27381c83bb42e320d
04_processed_trajectories_and_features/data/processed/experiments/flow_aware_short_term_prediction/analysis/eastgate/.gitkeep,1,01ba4719c80b6fe911b091a7c05124b64eeece964e09c058ef8f9805daca546b
04_processed_trajectories_and_features/data/processed/experiments/flow_aware_short_term_prediction/configs/eastgate/.gitkeep,1,01ba4719c80b6fe911b091a7c05124b64eeece964e09c058ef8f9805daca546b
04_processed_trajectories_and_features/data/processed/experiments/flow_aware_short_term_prediction/configs/shared/.gitkeep,1,01ba4719c80b6fe911b091a7c05124b64eeece964e09c058ef8f9805daca546b
04_processed_trajectories_and_features/data/processed/experiments/flow_aware_short_term_prediction/docs/.gitkeep,1,01ba4719c80b6fe911b091a7c05124b64eeece964e09c058ef8f9805daca546b
04_processed_trajectories_and_features/data/processed/experiments/flow_aware_short_term_prediction/outputs/eastgate/figures/.gitkeep,1,01ba4719c80b6fe911b091a7c05124b64eeece964e09c058ef8f9805daca546b
04_processed_trajectories_and_features/data/processed/experiments/flow_aware_short_term_prediction/outputs/eastgate/intermediate/.gitkeep,1,01ba4719c80b6fe911b091a7c05124b64eeece964e09c058ef8f9805daca546b
04_processed_trajectories_and_features/data/processed/experiments/flow_aware_short_term_prediction/outputs/eastgate/models/.gitkeep,1,01ba4719c80b6fe911b091a7c05124b64eeece964e09c058ef8f9805daca546b
04_processed_trajectories_and_features/data/processed/experiments/flow_aware_short_term_prediction/outputs/eastgate/results/.gitkeep,1,01ba4719c80b6fe911b091a7c05124b64eeece964e09c058ef8f9805daca546b
04_processed_trajectories_and_features/data/processed/experiments/flow_aware_short_term_prediction/scripts/.gitkeep,1,01ba4719c80b6fe911b091a7c05124b64eeece964e09c058ef8f9805daca546b
04_processed_trajectories_and_features/data/processed/experiments/flow_aware_short_term_prediction/src/.gitkeep,1,01ba4719c80b6fe911b091a7c05124b64eeece964e09c058ef8f9805daca546b
04_processed_trajectories_and_features/publications/hg-msa-tc-future-transportation/annotations/preflight/previews/bellevue_116th_ne12th_pilot_trajectory.png,1117919,3ef6af4fc0d2a24722d0ae2e147799c032a9bbc9e426fa892daa78f7ff59bc6c
04_processed_trajectories_and_features/publications/hg-msa-tc-future-transportation/annotations/preflight/previews/bellevue_150th_eastgate_pilot_trajectory.png,1036146,105c3e0b50519d8e3c4dc0010c6e75044cf706f03dceb9e73f4ce4224abd122b
04_processed_trajectories_and_features/publications/hg-msa-tc-future-transportation/annotations/preflight/previews/bellevue_150th_newport_pilot_trajectory.png,1226447,802cd1edb7e8595cb77a7258755b954742d897c55de0f3bf3ca4a5ac037db4ed
04_processed_trajectories_and_features/publications/hg-msa-tc-future-transportation/annotations/preflight/previews/bellevue_150th_se38th_pilot_trajectory.png,746603,5e06f9d7dd7a4d4e6a6d29cee208aba319f56d22505bd65177ef142892a55af8
04_processed_trajectories_and_features/publications/hg-msa-tc-future-transportation/annotations/preflight/previews/bellevue_ne8th_pilot_trajectory.png,1190598,537492dca0bde50dd0b3dfeba2f5a59a56f75ac5536c7fc0cf28f1d5b7267bb9
04_processed_trajectories_and_features/TNVD2_UPLOAD_PACKAGE/04_trajectories_raw/data/processed/bellevue_116th_ne12th/trajectories.parquet,191459477,8ff8cfdc6ea176d14f7592109770f3ef875429d48269fb441640d8efa0ecb154
04_processed_trajectories_and_features/TNVD2_UPLOAD_PACKAGE/04_trajectories_raw/data/processed/bellevue_116th_ne12th/rebuild_v1/trajectories.parquet,191013740,ee1160c8b483c9ed3d7bf55bac6bc25d5afe88ba81ea665f71e5291f0f82e864
04_processed_trajectories_and_features/TNVD2_UPLOAD_PACKAGE/04_trajectories_raw/data/processed/bellevue_150th_eastgate/trajectories.parquet,1551062886,NOT_COMPUTED_LARGE_FILE_GT_268435456_BYTES
04_processed_trajectories_and_features/TNVD2_UPLOAD_PACKAGE/04_trajectories_raw/data/processed/bellevue_150th_eastgate/experiments/eastgate_edge_touch_trim_v1/trajectories.parquet,1544113500,NOT_COMPUTED_LARGE_FILE_GT_268435456_BYTES
04_processed_trajectories_and_features/TNVD2_UPLOAD_PACKAGE/04_trajectories_raw/data/processed/bellevue_150th_newport/trajectories.parquet,976055547,NOT_COMPUTED_LARGE_FILE_GT_268435456_BYTES
04_processed_trajectories_and_features/TNVD2_UPLOAD_PACKAGE/04_trajectories_raw/data/processed/bellevue_150th_se38th/trajectories.parquet,916716833,NOT_COMPUTED_LARGE_FILE_GT_268435456_BYTES
04_processed_trajectories_and_features/TNVD2_UPLOAD_PACKAGE/04_trajectories_raw/data/processed/bellevue_ne8th/trajectories.parquet,1784078265,NOT_COMPUTED_LARGE_FILE_GT_268435456_BYTES
04_processed_trajectories_and_features/TNVD2_UPLOAD_PACKAGE/05_trajectories_filtered_filled_smoothed/data/processed/bellevue_116th_ne12th/trajectories_filtered_filled.parquet,184976719,9639b543f195325dc50ecf38ba91e23dc2cc5c5a80623dd735327795930aa38d
04_processed_trajectories_and_features/TNVD2_UPLOAD_PACKAGE/05_trajectories_filtered_filled_smoothed/data/processed/bellevue_116th_ne12th/rebuild_v1/trajectories_filtered_filled.parquet,184976719,9639b543f195325dc50ecf38ba91e23dc2cc5c5a80623dd735327795930aa38d
04_processed_trajectories_and_features/TNVD2_UPLOAD_PACKAGE/05_trajectories_filtered_filled_smoothed/data/processed/bellevue_116th_ne12th/rebuild_v1/trajectories_filtered_filled_audit.json,745,06533e9e9ba8d42401fc448a799a845fe8e3d2fe5b3b03b920afaba4039d75c3
04_processed_trajectories_and_features/TNVD2_UPLOAD_PACKAGE/05_trajectories_filtered_filled_smoothed/data/processed/bellevue_150th_eastgate/trajectories_filtered_filled.parquet,1548025820,NOT_COMPUTED_LARGE_FILE_GT_268435456_BYTES
04_processed_trajectories_and_features/TNVD2_UPLOAD_PACKAGE/05_trajectories_filtered_filled_smoothed/data/processed/bellevue_150th_eastgate/experiments/eastgate_edge_touch_trim_v1/trajectories_filtered_filled.parquet,1536493832,NOT_COMPUTED_LARGE_FILE_GT_268435456_BYTES
04_processed_trajectories_and_features/TNVD2_UPLOAD_PACKAGE/05_trajectories_filtered_filled_smoothed/data/processed/bellevue_150th_eastgate/experiments/eastgate_edge_touch_trim_v1/trajectories_filtered_filled_audit.json,844,ce29747255bda75fe30baaaf8582153a9c099d2602a1a6ee09a70ebf8d95328c
04_processed_trajectories_and_features/TNVD2_UPLOAD_PACKAGE/05_trajectories_filtered_filled_smoothed/data/processed/bellevue_150th_eastgate/experiments/eastgate_edge_touch_trim_v1/camera_space_filter/trajectories_filtered_filled.parquet,930185023,NOT_COMPUTED_LARGE_FILE_GT_268435456_BYTES
04_processed_trajectories_and_features/TNVD2_UPLOAD_PACKAGE/05_trajectories_filtered_filled_smoothed/data/processed/bellevue_150th_newport/trajectories_filtered_filled.parquet,963740534,NOT_COMPUTED_LARGE_FILE_GT_268435456_BYTES
04_processed_trajectories_and_features/TNVD2_UPLOAD_PACKAGE/05_trajectories_filtered_filled_smoothed/data/processed/bellevue_150th_se38th/trajectories_filtered_filled.parquet,916465085,NOT_COMPUTED_LARGE_FILE_GT_268435456_BYTES
04_processed_trajectories_and_features/TNVD2_UPLOAD_PACKAGE/05_trajectories_filtered_filled_smoothed/data/processed/bellevue_ne8th/trajectories_filtered_filled.parquet,1782541612,NOT_COMPUTED_LARGE_FILE_GT_268435456_BYTES
04_processed_trajectories_and_features/TNVD2_UPLOAD_PACKAGE/06_homography_map_correction/data/processed/bellevue_150th_eastgate/calibration/topview_homography_v1/calibration_preview.png,3120478,90fb7419df824e58ec9081a8feac139cfc9b01aa0d7fa7526b99bec02c6deeb8
04_processed_trajectories_and_features/TNVD2_UPLOAD_PACKAGE/06_homography_map_correction/data/processed/bellevue_150th_eastgate/calibration/topview_homography_v1/camera_frame.png,1338900,2372972099490fc00db8f002c577be377c6e44b6a3f675d344f3088b5228f086
04_processed_trajectories_and_features/TNVD2_UPLOAD_PACKAGE/06_homography_map_correction/data/processed/bellevue_150th_eastgate/calibration/topview_homography_v1/topview_homography.json,4460,d1a97cffd189284a1858b25df165075221a3a5d8e5e52569c3752223cbecb9ae
04_processed_trajectories_and_features/TNVD2_UPLOAD_PACKAGE/06_homography_map_correction/data/processed/bellevue_150th_eastgate/calibration/topview_homography_v1/warped_camera.png,859924,4211afb0f4516c30bcfd7e1ee348d2b85799fffe3f9178494d3fefaa7864a7fa
04_processed_trajectories_and_features/TNVD2_UPLOAD_PACKAGE/06_homography_map_correction/data/processed/bellevue_150th_eastgate/experiments/eastgate_edge_touch_trim_v1/topview/trajectories_filtered_filled.parquet,942551471,NOT_COMPUTED_LARGE_FILE_GT_268435456_BYTES
04_processed_trajectories_and_features/TNVD2_UPLOAD_PACKAGE/06_homography_map_correction/data/processed/bellevue_150th_eastgate/experiments/eastgate_edge_touch_trim_v1/topview/calibration/topview_homography.json,4460,d1a97cffd189284a1858b25df165075221a3a5d8e5e52569c3752223cbecb9ae
04_processed_trajectories_and_features/TNVD2_UPLOAD_PACKAGE/06_homography_map_correction/data/processed/bellevue_150th_eastgate/experiments/eastgate_topview_homography_v1/trajectories_filtered_filled.parquet,1574157974,NOT_COMPUTED_LARGE_FILE_GT_268435456_BYTES
04_processed_trajectories_and_features/TNVD2_UPLOAD_PACKAGE/06_homography_map_correction/data/processed/bellevue_150th_eastgate/experiments/eastgate_topview_homography_v1/calibration/topview_homography.json,4460,d1a97cffd189284a1858b25df165075221a3a5d8e5e52569c3752223cbecb9ae
04_processed_trajectories_and_features/TNVD2_UPLOAD_PACKAGE/06_homography_map_correction/data/processed/bellevue_150th_eastgate/experiments/eastgate_topview_prewarp_displacement_v1/trajectories_filtered_filled.parquet,949512224,NOT_COMPUTED_LARGE_FILE_GT_268435456_BYTES
04_processed_trajectories_and_features/TNVD2_UPLOAD_PACKAGE/06_homography_map_correction/data/processed/bellevue_150th_eastgate/experiments/eastgate_topview_prewarp_displacement_v1/calibration/topview_homography.json,4460,d1a97cffd189284a1858b25df165075221a3a5d8e5e52569c3752223cbecb9ae
04_processed_trajectories_and_features/TNVD2_UPLOAD_PACKAGE/06_homography_map_correction/data/processed/bellevue_150th_eastgate/experiments/eastgate_topview_prewarp_displacement_v1/camera_space_filter/trajectories_filtered_filled.parquet,937591548,NOT_COMPUTED_LARGE_FILE_GT_268435456_BYTES
04_processed_trajectories_and_features/TNVD2_UPLOAD_PACKAGE/06_homography_map_correction/data/processed/bellevue_150th_newport/calibration/topview_homography_v1/calibration_preview.png,3423796,ce97b1635061bf01561328f52049f3c56d923bf1e2fa86b3ac0f62326cf9342f
04_processed_trajectories_and_features/TNVD2_UPLOAD_PACKAGE/06_homography_map_correction/data/processed/bellevue_150th_newport/calibration/topview_homography_v1/camera_frame.png,1675526,d362b09147e09c811558f38d76ea9af7ccd006c913d15f6a3db9c361c16c0431
04_processed_trajectories_and_features/TNVD2_UPLOAD_PACKAGE/06_homography_map_correction/data/processed/bellevue_150th_newport/calibration/topview_homography_v1/topview_homography.json,6067,235bd3a60044320d388ac5584d2fb98b3f8720a351f21a5c96f9743079d5d85e
04_processed_trajectories_and_features/TNVD2_UPLOAD_PACKAGE/06_homography_map_correction/data/processed/bellevue_150th_newport/calibration/topview_homography_v1/warped_camera.png,1109921,d79686a0b0f7c95a61c854881421aa50dba426d088d20abe8f6ec01ab66ebb70
04_processed_trajectories_and_features/TNVD2_UPLOAD_PACKAGE/06_homography_map_correction/data/processed/bellevue_150th_newport/experiments/newport_topview_prewarp_displacement_v1/trajectories_filtered_filled.parquet,371265856,NOT_COMPUTED_LARGE_FILE_GT_268435456_BYTES
04_processed_trajectories_and_features/TNVD2_UPLOAD_PACKAGE/06_homography_map_correction/data/processed/bellevue_150th_newport/experiments/newport_topview_prewarp_displacement_v1/calibration/topview_homography.json,6067,235bd3a60044320d388ac5584d2fb98b3f8720a351f21a5c96f9743079d5d85e
04_processed_trajectories_and_features/TNVD2_UPLOAD_PACKAGE/06_homography_map_correction/data/processed/bellevue_150th_newport/experiments/newport_topview_prewarp_displacement_v1/camera_space_filter/trajectories_filtered_filled.parquet,367676732,NOT_COMPUTED_LARGE_FILE_GT_268435456_BYTES
04_processed_trajectories_and_features/TNVD2_UPLOAD_PACKAGE/06_homography_map_correction/data/processed/bellevue_150th_se38th/calibration/topview_homography_v1/calibration_preview.png,3078341,8d28b641f3b65c34dc915d70cbcba9fa8a38e04bb56b361efa826b9a385a906f
04_processed_trajectories_and_features/TNVD2_UPLOAD_PACKAGE/06_homography_map_correction/data/processed/bellevue_150th_se38th/calibration/topview_homography_v1/camera_frame.png,1462209,174bdfb8f823cc8deb1ed3b4e5d4180d2ad6b2bf818c53f7dea6a38b557ee594
04_processed_trajectories_and_features/TNVD2_UPLOAD_PACKAGE/06_homography_map_correction/data/processed/bellevue_150th_se38th/calibration/topview_homography_v1/topview_homography.json,6994,001f5dd57634507209afda5fe2cbc7b7f2945a42279bba637ef1e31455c9b119
04_processed_trajectories_and_features/TNVD2_UPLOAD_PACKAGE/06_homography_map_correction/data/processed/bellevue_150th_se38th/calibration/topview_homography_v1/warped_camera.png,862096,9e27ea77f35ff4a838f68698bac6dd2da205764c867eba7ba7697ab12ec3bc65
04_processed_trajectories_and_features/TNVD2_UPLOAD_PACKAGE/06_homography_map_correction/data/processed/bellevue_150th_se38th/experiments/se38th_topview_prewarp_displacement_v1/trajectories_filtered_filled.parquet,586954791,NOT_COMPUTED_LARGE_FILE_GT_268435456_BYTES
04_processed_trajectories_and_features/TNVD2_UPLOAD_PACKAGE/06_homography_map_correction/data/processed/bellevue_150th_se38th/experiments/se38th_topview_prewarp_displacement_v1/calibration/topview_homography.json,6994,001f5dd57634507209afda5fe2cbc7b7f2945a42279bba637ef1e31455c9b119
04_processed_trajectories_and_features/TNVD2_UPLOAD_PACKAGE/06_homography_map_correction/data/processed/bellevue_150th_se38th/experiments/se38th_topview_prewarp_displacement_v1/camera_space_filter/trajectories_filtered_filled.parquet,579570548,NOT_COMPUTED_LARGE_FILE_GT_268435456_BYTES
05_MAP_BASED_GEOMETRIC_CORRECTION/.gitkeep,0,e3b0c44298fc1c149afbf4c8996fb92427ae41e4649b934ca495991b7852b855
05_MAP_BASED_GEOMETRIC_CORRECTION/Google_Maps_Pics/bellevue_116th_ne12th_google_maps.png,2742453,380c0653efacdb631364dadf4921f821cb3bbf973cdfc69133f7e64ea37f87ab
05_MAP_BASED_GEOMETRIC_CORRECTION/Google_Maps_Pics/bellevue_150th_eastgate_google_maps.png,3497689,6afeedfbcf6850e0bae5ee21707140d03bdc7e2d24d283a4edd603855c64a8db
05_MAP_BASED_GEOMETRIC_CORRECTION/Google_Maps_Pics/bellevue_150th_newport_google_maps.png,3611109,a676d8bdb957ef34c348ad5e03e9f468baae2afd17345ff4d3f57ae8e063423d
05_MAP_BASED_GEOMETRIC_CORRECTION/Google_Maps_Pics/bellevue_150th_se38th_google_maps.png,3121777,e6b5bd3727ff76867dbf6556198ac000e99ae961c22aede8e51c131d4467e25f
05_reference_labels_and_protocols/publications/hg-msa-tc-future-transportation/annotations/annotation_template.csv,5092478,071d6274bd0b7d47930190c52ff3187ab9d67e5879888873d0f39534fe0923d2
05_reference_labels_and_protocols/publications/hg-msa-tc-future-transportation/annotations/schema.md,3070,351439b7bf510e53502b85cc434af3b85a97dbdd0a118363b5dbb0fb7233554e
05_reference_labels_and_protocols/publications/hg-msa-tc-future-transportation/annotations/preflight/independent_test_renderability.csv,4313439,5d9f525c36cff8daacfcb46d783226b6c52846a217885486ead2def24508ae01
05_reference_labels_and_protocols/publications/hg-msa-tc-future-transportation/annotations/preflight/independent_test_renderability_summary.json,392,77a66c08f419afa8f9dd1962357f5470084ee0509301e887a6220470c4b3670a
05_reference_labels_and_protocols/publications/hg-msa-tc-future-transportation/annotations/protocol/annotation_guideline.md,4281,4985f5c9bbff537e71d23eb377f248d14bb6a1ec26c45d7d193f3055d0865bc2
05_reference_labels_and_protocols/publications/hg-msa-tc-future-transportation/annotations/protocol/annotation_protocol_draft.yaml,1630,570309d63d46d07a0c2ba6910c69f3694656d2e8f9327240ab234065c52b66c0
05_reference_labels_and_protocols/publications/hg-msa-tc-future-transportation/annotations/protocol/polygon_reference_protocol_freeze_report.md,701,fcc9748c631d37875a59c5fefa6486abfc7bd8474be09e60f3e9ea14337b81b5
05_reference_labels_and_protocols/publications/hg-msa-tc-future-transportation/annotations/protocol/polygon_reference_protocol_v1.sha256,101,ae7ec114c6284193d35df6a148550c7db002db6a329fc08a3d42a7147077d40d
05_reference_labels_and_protocols/publications/hg-msa-tc-future-transportation/annotations/protocol/polygon_reference_protocol_v1.yaml,45729,6609f29e6251d477089ad210d00ac2160ed0daea73d14c1a26e5fdfa401ede96
05_reference_labels_and_protocols/publications/hg-msa-tc-future-transportation/annotations/protocol/scene_guides/bellevue_116th_ne12th.yaml,7701,a91fd3d10723f176e04950fd0186fab2e2066600ed45281faa67292706528e3e
05_reference_labels_and_protocols/publications/hg-msa-tc-future-transportation/annotations/protocol/scene_guides/bellevue_116th_ne12th_guide.png,1382147,5314300b0ae1cb866a0b9d3d3667349bbcced353b85482dc80ec39a24eb2a8c0
05_reference_labels_and_protocols/publications/hg-msa-tc-future-transportation/annotations/protocol/scene_guides/bellevue_116th_ne12th_representative_frame.png,1354044,289ef22c711217fd0eb5085c8cbb3b42e52e234a3e73f22300b37e4391cc3da1
05_reference_labels_and_protocols/publications/hg-msa-tc-future-transportation/annotations/protocol/scene_guides/bellevue_150th_eastgate.yaml,8337,262447386cb457abdd44eec22266158eeeda59f408076b8a3b100f785a718467
05_reference_labels_and_protocols/publications/hg-msa-tc-future-transportation/annotations/protocol/scene_guides/bellevue_150th_eastgate_guide.png,1335392,9f22108acac9aa18253a2c7b4b475e68d2df9f1d86ba8a4789b686828e6400e8
05_reference_labels_and_protocols/publications/hg-msa-tc-future-transportation/annotations/protocol/scene_guides/bellevue_150th_eastgate_representative_frame.png,1278900,8b9beff3165e3af4361389849f3b02a965b7426e33b6a2def7e282404f471943
05_reference_labels_and_protocols/publications/hg-msa-tc-future-transportation/annotations/protocol/scene_guides/bellevue_150th_newport.yaml,10373,ba28f28b86c3d7c7cd2026e00f14f7b0babde203d8b98a1063fcd13b0ee8f8ab
05_reference_labels_and_protocols/publications/hg-msa-tc-future-transportation/annotations/protocol/scene_guides/bellevue_150th_newport_guide.png,1832245,2b1142242c4fe58fc0ae30b16b45e03a8981e316fb343ffde3c62c4abd12baf8
05_reference_labels_and_protocols/publications/hg-msa-tc-future-transportation/annotations/protocol/scene_guides/bellevue_150th_newport_representative_frame.png,1689257,ffaa62ba0d6a2228b11718d7e27dddda78c0cd496a4fda4d44c1d90ae9f9be22
05_reference_labels_and_protocols/publications/hg-msa-tc-future-transportation/annotations/protocol/scene_guides/bellevue_150th_se38th.yaml,10297,f8db5dfe3c61e77063943de09676b15f23f34ad8172ba6b776b949fae5eebf36
05_reference_labels_and_protocols/publications/hg-msa-tc-future-transportation/annotations/protocol/scene_guides/bellevue_150th_se38th_guide.png,1571653,7431d460838b4845d28fcca07da87dd10e525175a9fa1a0f6036c410d151ddfc
05_reference_labels_and_protocols/publications/hg-msa-tc-future-transportation/annotations/protocol/scene_guides/bellevue_150th_se38th_representative_frame.png,1445753,7a032de08d43bb278d375eaa885991882ae3f84d5b0d6f7fa4999905581734b9
05_reference_labels_and_protocols/publications/hg-msa-tc-future-transportation/annotations/protocol/scene_guides/bellevue_ne8th.yaml,9308,9e3a658850827fe4df5dfc2d7780c24371da385d25adfca5bb3137e52beaadbc
05_reference_labels_and_protocols/publications/hg-msa-tc-future-transportation/annotations/protocol/scene_guides/bellevue_ne8th_guide.png,1687249,292eab024455cd17868daed89c93ff19a07413239e8991ec4151447910039c47
05_reference_labels_and_protocols/publications/hg-msa-tc-future-transportation/annotations/protocol/scene_guides/bellevue_ne8th_representative_frame.png,1614240,1a92863a57533f514f4a7d2c8922c38a04aa2cb3da82ad186d55ee4536d33b64
05_reference_labels_and_protocols/publications/hg-msa-tc-future-transportation/annotations/provenance/annotation_data_access.jsonl,39072,749420d45b4e8c133bd09cf325397c7cac1c88baf11dffb3df69c9d983040d47
05_reference_labels_and_protocols/publications/hg-msa-tc-future-transportation/annotations/queues/independent_test_annotator_A.csv,13147859,d1c89e8f520c74cb4f55211530b5d263d56eaa6b69883e3a935455507c1ddfaa
05_reference_labels_and_protocols/publications/hg-msa-tc-future-transportation/annotations/queues/independent_test_annotator_B.csv,13147859,37d9651ab6807b766244c5345e0662f5e1d60e7968b51dc0c7d9e5b0629bea6e
05_reference_labels_and_protocols/publications/hg-msa-tc-future-transportation/annotations/queues/protocol_pilot_queue.csv,230673,1849156797ed17d0b6ff430f96a3f8b8f71e7095f21539df4aa248f84290eb71
05_reference_labels_and_protocols/publications/hg-msa-tc-future-transportation/annotations/reference_labels/coverage_summary.csv,2053,541b308ad36506cd3fc5698b9ec7c05dbe95ea390f6fd2db1494cfa854385a89
05_reference_labels_and_protocols/publications/hg-msa-tc-future-transportation/annotations/reference_labels/exclusion_reason_summary.csv,2512,e32cc4a184521e586f6fd27d38f40895b42b2d90cf1b128f1061f10d639ad4a2
05_reference_labels_and_protocols/publications/hg-msa-tc-future-transportation/annotations/reference_labels/independent_test_reference_labels.csv,25835801,127a52ff80af8906fdc3bb6a7436a222baedd42d8c542cfb2e234e67e43b4f5f
05_reference_labels_and_protocols/publications/hg-msa-tc-future-transportation/annotations/reference_labels/legal_movement_inventory.csv,6407,b26849b87da8900e5d8c7aa6db77998f31f82aee8f1ceb021f5d023e39021a5d
05_reference_labels_and_protocols/publications/hg-msa-tc-future-transportation/annotations/reference_labels/model_selection_reference_labels.csv,18541521,52ade6f257673392967fdc303daca72ca815a460ada37afc341f4b58414fe8da
05_reference_labels_and_protocols/publications/hg-msa-tc-future-transportation/annotations/reference_labels/movement_inventory_report.md,2315,4042fde61a6fb4ab43d9c981547682dc0a86861e9345e06b25287b726c4bf23a
05_reference_labels_and_protocols/publications/hg-msa-tc-future-transportation/annotations/reference_labels/observed_movement_inventory.csv,141612,7fb8a50ba5529336fcb89196b1a80273d0c6bd2ba7733f4a7c1637a0851f424c
05_reference_labels_and_protocols/publications/hg-msa-tc-future-transportation/annotations/reference_labels/polygon_assignment_sensitivity.csv,77435672,574de4693f38fd120adb0413c0f2a0d6a0d9fb5211c3f9067d5b6e03f4b62ea9
05_reference_labels_and_protocols/publications/hg-msa-tc-future-transportation/annotations/reference_labels/polygon_rule_reference_labels_all.csv,63201780,6630bc1f32f9a3ac5bfe78b6312432aafa7ac0327d43251ff01b05e2a9bfbd60
05_reference_labels_and_protocols/publications/hg-msa-tc-future-transportation/annotations/reference_labels/polygon_rule_reference_labels_all.parquet,9859228,63c88c91925560fc1a636b8cb165abd5d90d8ed2b63adfad293727edec32648c
05_reference_labels_and_protocols/publications/hg-msa-tc-future-transportation/annotations/reference_labels/qa_audit_queue.csv,1024736,7d130f2300e5af9f8b25fbcadd482d8e2b7acaf9933b8dc6904d66b4007da28f
05_reference_labels_and_protocols/publications/hg-msa-tc-future-transportation/annotations/reference_labels/qa_audit_queue_report.md,751,06e9177fa0296c1fb607140921638f2a53bb1975a6a03bc2ce9e82db5b4a007a
05_reference_labels_and_protocols/publications/hg-msa-tc-future-transportation/annotations/reference_labels/recording_coverage.csv,13084,3c78a9562273a6968e0a92657f92fc60e625b86ad917902ce4a6789da4613767
05_reference_labels_and_protocols/publications/hg-msa-tc-future-transportation/annotations/reference_labels/reference_output_manifest.json,2427,bf2bb33ae791b98b23101429aeab547e6d03d35fa856dfe5f045952656bc7097
05_reference_labels_and_protocols/publications/hg-msa-tc-future-transportation/annotations/reference_labels/target_estimation_reference_labels.csv,18826154,c2d9f048dbc80f5856ce076496cf1707d07eb5caf8e1ab52cbf36a85b93d8f87
05_reference_labels_and_protocols/publications/hg-msa-tc-future-transportation/annotations/reference_labels/figures/bellevue_116th_ne12th/01_representative_frame_with_polygons.png,1382147,5314300b0ae1cb866a0b9d3d3667349bbcced353b85482dc80ec39a24eb2a8c0
05_reference_labels_and_protocols/publications/hg-msa-tc-future-transportation/annotations/reference_labels/figures/bellevue_116th_ne12th/02_entry_endpoints_by_polygon.png,1451358,f92e3d7c7a27e263cab4af6579fc59af3fa2fcb6b0c0f8aa0c34d86ccdec5a06
05_reference_labels_and_protocols/publications/hg-msa-tc-future-transportation/annotations/reference_labels/figures/bellevue_116th_ne12th/03_exit_endpoints_by_polygon.png,1431501,a3ec8f08a371bb9723b475787a6f69cb76e01a670062bb8cd898af6d7ea7d14a
05_reference_labels_and_protocols/publications/hg-msa-tc-future-transportation/annotations/reference_labels/figures/bellevue_116th_ne12th/04_unassigned_ambiguous_endpoints.png,1423884,d3f799cba8517da112885772b83fe92c4a8bf6bbd4810b63b4e00764621d5f1f
05_reference_labels_and_protocols/publications/hg-msa-tc-future-transportation/annotations/reference_labels/figures/bellevue_116th_ne12th/05_endpoint_density_with_polygons.png,121388,9f37f7deb40a81bdeb9ccfee4c023644df7e6726d933e4b123012430867eee4d
05_reference_labels_and_protocols/publications/hg-msa-tc-future-transportation/annotations/reference_labels/figures/bellevue_116th_ne12th/06_movement_count_matrix.png,41321,1ad9445518b248aa84d2977abdf547964b582036e41bac2f99acb774bd1a4cff
05_reference_labels_and_protocols/publications/hg-msa-tc-future-transportation/annotations/reference_labels/figures/bellevue_150th_eastgate/01_representative_frame_with_polygons.png,1335392,9f22108acac9aa18253a2c7b4b475e68d2df9f1d86ba8a4789b686828e6400e8
05_reference_labels_and_protocols/publications/hg-msa-tc-future-transportation/annotations/reference_labels/figures/bellevue_150th_eastgate/02_entry_endpoints_by_polygon.png,1486898,13cc21738796c9df45263e2e7a5eac8d157afb98cf11f37de0483c5326895707
05_reference_labels_and_protocols/publications/hg-msa-tc-future-transportation/annotations/reference_labels/figures/bellevue_150th_eastgate/03_exit_endpoints_by_polygon.png,1419958,6381641c660a15221a642c50271c987bcb77b87b5e53f4cc056c32522b081605
05_reference_labels_and_protocols/publications/hg-msa-tc-future-transportation/annotations/reference_labels/figures/bellevue_150th_eastgate/04_unassigned_ambiguous_endpoints.png,1411743,c32bb3fd395c49240fe3649a135e75782b428350897f299f89424cdc0ae2f5c9
05_reference_labels_and_protocols/publications/hg-msa-tc-future-transportation/annotations/reference_labels/figures/bellevue_150th_eastgate/05_endpoint_density_with_polygons.png,111067,3fbb1b3fec5390b2a15c55c32c961e3109e8d22cdb9e115a65df6233717492c4
05_reference_labels_and_protocols/publications/hg-msa-tc-future-transportation/annotations/reference_labels/figures/bellevue_150th_eastgate/06_movement_count_matrix.png,49052,4a2d8435f6f48a17028f8db3f27c3d33a8aea22bdcfb98fdd749458fc0d10b0c
05_reference_labels_and_protocols/publications/hg-msa-tc-future-transportation/annotations/reference_labels/figures/bellevue_150th_newport/01_representative_frame_with_polygons.png,1832245,2b1142242c4fe58fc0ae30b16b45e03a8981e316fb343ffde3c62c4abd12baf8
05_reference_labels_and_protocols/publications/hg-msa-tc-future-transportation/annotations/reference_labels/figures/bellevue_150th_newport/02_entry_endpoints_by_polygon.png,1921198,513b5a7d1c4d79e1ff3bdf8e4bf6e4abe732c290c5ed759003fc1c87502a69db
05_reference_labels_and_protocols/publications/hg-msa-tc-future-transportation/annotations/reference_labels/figures/bellevue_150th_newport/03_exit_endpoints_by_polygon.png,1919143,847cbd9866ec5de83eb949721d420519bbe5f6f74e1f2743a8832fbcfb44209e
05_reference_labels_and_protocols/publications/hg-msa-tc-future-transportation/annotations/reference_labels/figures/bellevue_150th_newport/04_unassigned_ambiguous_endpoints.png,1901552,55e367016326f5bfbbf26db6d45a1c100c1f58f18b71c09c5784196b8d64cee2
05_reference_labels_and_protocols/publications/hg-msa-tc-future-transportation/annotations/reference_labels/figures/bellevue_150th_newport/05_endpoint_density_with_polygons.png,100379,1bf76aed799cfcddda98a5c8807d569ff852a6352765acdff120f9b09a2207bd
05_reference_labels_and_protocols/publications/hg-msa-tc-future-transportation/annotations/reference_labels/figures/bellevue_150th_newport/06_movement_count_matrix.png,46263,7a644d22070485ebeb448340c9f1fbb884ded7f303294a8c71f28523969449c5
05_reference_labels_and_protocols/publications/hg-msa-tc-future-transportation/annotations/reference_labels/figures/bellevue_150th_se38th/01_representative_frame_with_polygons.png,1571653,7431d460838b4845d28fcca07da87dd10e525175a9fa1a0f6036c410d151ddfc
05_reference_labels_and_protocols/publications/hg-msa-tc-future-transportation/annotations/reference_labels/figures/bellevue_150th_se38th/02_entry_endpoints_by_polygon.png,1692061,9ceac53fa887ed0329891aab5bd60272f89a977bd4048ca1e85c7de0df9e000f
05_reference_labels_and_protocols/publications/hg-msa-tc-future-transportation/annotations/reference_labels/figures/bellevue_150th_se38th/03_exit_endpoints_by_polygon.png,1695811,003cea3c8fa1a54f47ec04c24200c5a2164b0d7dad75eac291476029145f0094
05_reference_labels_and_protocols/publications/hg-msa-tc-future-transportation/annotations/reference_labels/figures/bellevue_150th_se38th/04_unassigned_ambiguous_endpoints.png,1674938,110f71485c53bb9e63baad8fed20090b74100e81385f1d1c7d804f4d9656fbdf
05_reference_labels_and_protocols/publications/hg-msa-tc-future-transportation/annotations/reference_labels/figures/bellevue_150th_se38th/05_endpoint_density_with_polygons.png,110045,33476cb2eed465a316f4eaf1f3c329c45885de33f7991c242b26aa800d9689fd
05_reference_labels_and_protocols/publications/hg-msa-tc-future-transportation/annotations/reference_labels/figures/bellevue_150th_se38th/06_movement_count_matrix.png,46621,68cb309a9fe6883d0c3a69c95e9017289f137773a8ec3c41152f0c34bb8fb332
05_reference_labels_and_protocols/publications/hg-msa-tc-future-transportation/annotations/reference_labels/figures/bellevue_ne8th/01_representative_frame_with_polygons.png,1687249,292eab024455cd17868daed89c93ff19a07413239e8991ec4151447910039c47
05_reference_labels_and_protocols/publications/hg-msa-tc-future-transportation/annotations/reference_labels/figures/bellevue_ne8th/02_entry_endpoints_by_polygon.png,1791301,b9eebe8d59b39fe61a794e23ef1a81c872418f627aad7a768b8819ad2404390d
05_reference_labels_and_protocols/publications/hg-msa-tc-future-transportation/annotations/reference_labels/figures/bellevue_ne8th/03_exit_endpoints_by_polygon.png,1764956,711bfe76dddb0b6e2b8c39e950ee79aae6f2919325c95d677d4b0ca10b31eac1
05_reference_labels_and_protocols/publications/hg-msa-tc-future-transportation/annotations/reference_labels/figures/bellevue_ne8th/04_unassigned_ambiguous_endpoints.png,1765674,930fb35b2c7aca910b019c4a738235078f63a74129b1aeaacb6a59b5b415c863
05_reference_labels_and_protocols/publications/hg-msa-tc-future-transportation/annotations/reference_labels/figures/bellevue_ne8th/05_endpoint_density_with_polygons.png,92835,17bb604e1cad85b530e0535efded84a7949f845460a75ecd1a75d4da65f45286
05_reference_labels_and_protocols/publications/hg-msa-tc-future-transportation/annotations/reference_labels/figures/bellevue_ne8th/06_movement_count_matrix.png,48016,9f713243547579c1a65b528d1846554a1fdaef5acaad72c90ff6ebab14c20665
05_reference_labels_and_protocols/publications/hg-msa-tc-future-transportation/code/reference_labels/cli.py,4377,e35cd5cd6070398117c310d1ac6b18bf108e704ffa60f84c1bd85c5fbfea10f4
05_reference_labels_and_protocols/publications/hg-msa-tc-future-transportation/code/reference_labels/generator.py,22465,48f3b6d909992948b181205269ab9f61d24c454614f41d54e6268aa4ddbd9ace
05_reference_labels_and_protocols/publications/hg-msa-tc-future-transportation/code/reference_labels/protocol.py,12077,b860906ff57786b62b009d227cae25427938a563077ae3373f8ce98e4e175ce8
05_reference_labels_and_protocols/publications/hg-msa-tc-future-transportation/code/reference_labels/reporting.py,25050,7c7d132f819b55abbe133b6d5d1abc9d87953e576b1ca765fc4178a9d11347f0
05_reference_labels_and_protocols/publications/hg-msa-tc-future-transportation/code/reference_labels/__init__.py,67,ddb3dfc482cc4a0e810697f20f27cbaaf9f5f6c6b5e02cdd70fd587ee362b488
05_reference_labels_and_protocols/publications/hg-msa-tc-future-transportation/docs/polygon_assignment_sensitivity_report.md,31933,039243407df086bb3dc21b55e61425f297b895bff4d35d49e5e39db1104a3138
05_reference_labels_and_protocols/publications/hg-msa-tc-future-transportation/docs/polygon_reference_generation_protocol.md,3427,06944903ad5dcbc155420ccdda6986d55f4137c7dac18c89d35474778f939b15
05_reference_labels_and_protocols/publications/hg-msa-tc-future-transportation/docs/polygon_reference_label_quality_report.md,50504,4c79275dfc598367458366fd433485a003e49f601f40048a2242480c549cec3d
05_reference_labels_and_protocols/publications/hg-msa-tc-future-transportation/docs/polygon_reference_scientific_positioning.md,1476,37a41284e186064af85d79c94789227d55851fc3522c139ccf6d1e96a55ce716
05_reference_labels_and_protocols/publications/hg-msa-tc-future-transportation/tests/test_polygon_reference_labels.py,6424,cdfa34542bcd6f2d76fece680992ec346628d0fe60e8ae49459f660a472d66cc
06_PERSPECTIVE_TRANSFORM_TOOL/.gitkeep,0,e3b0c44298fc1c149afbf4c8996fb92427ae41e4649b934ca495991b7852b855
06_publication_results_and_docs/publications/hg-msa-tc-future-transportation/docs/annotation_adjudication_guide.md,1044,c76c9e2e69fe07e06642517c00adb49616d581c25ebaa9d06d565b1274e3894b
06_publication_results_and_docs/publications/hg-msa-tc-future-transportation/docs/annotation_blinding_and_isolation.md,1467,0ddeecca1bfd44258b2c0357e27cd526bc165e81ec8880f71e2e1feec0071a86
06_publication_results_and_docs/publications/hg-msa-tc-future-transportation/docs/annotation_data_source_audit.md,4441,8d093921305f70e8a2d116aa6887aeb1ffe932994dd4b086b24c6236792a658b
06_publication_results_and_docs/publications/hg-msa-tc-future-transportation/docs/annotation_protocol.md,2594,cbd21f01b3a8b914acf203638faa0912b945d2c4280b46be433c0bd8bfb75c2e
06_publication_results_and_docs/publications/hg-msa-tc-future-transportation/docs/annotation_scene_guide_round_summary_v1.md,5637,bd3e2f335181df5e1ebe730823c67c4a6a2f6668c6e92b5ef64a34bc71bb681a
06_publication_results_and_docs/publications/hg-msa-tc-future-transportation/docs/annotation_time_and_progress_plan.md,1088,ef244e4426f9036f67b780aebc32b409bcfcc7a9c46ce78256251274defac504
06_publication_results_and_docs/publications/hg-msa-tc-future-transportation/docs/annotation_user_guide.md,7130,82e38ee43e04f68c285c4092cd79c09d9af5b8016826e887a7ac1916e3c04765
06_publication_results_and_docs/publications/hg-msa-tc-future-transportation/docs/baseline_feasibility_report.md,539,bf1e0775c2d1e9996086ea983d45d34149a5ffc28c4118d8ef50a2f7730d15f3
06_publication_results_and_docs/publications/hg-msa-tc-future-transportation/docs/baseline_independent_test_results.md,2566,c4cc2df1f0f65cca690e91d8622aa2d06637a71865b8dc076eea559be769374d
06_publication_results_and_docs/publications/hg-msa-tc-future-transportation/docs/baseline_method_definitions.md,716,4f8ef9599998e414a7e03fad5a8058b4ff3872dc56832a7d437e1c7b0209cc87
06_publication_results_and_docs/publications/hg-msa-tc-future-transportation/docs/baseline_preflight_report.md,246,60dcde8b1ac0fba22c340702647bb02fb0384c75d62bb4faf77b0ec1cad89fbe
06_publication_results_and_docs/publications/hg-msa-tc-future-transportation/docs/baseline_scientific_interpretation.md,13133,06542c745f839374df8a055bb130cf7399db776f5d90208d8b0e59bd3c6f032f
06_publication_results_and_docs/publications/hg-msa-tc-future-transportation/docs/data_audit.md,18116,9851fcd1612d57664e1d9054304493e1f315e87ed596d533ad55d22858898981
06_publication_results_and_docs/publications/hg-msa-tc-future-transportation/docs/data_availability_plan.md,4238,1ace5f2e45c91ab74eda30c5c6d5f72d00ea98d0c134505c7e3383640afaea52
06_publication_results_and_docs/publications/hg-msa-tc-future-transportation/docs/data_redaction_and_exclusion_policy.md,1339,904bf16abddef622834773bb51f51fec0589dc0665a2200d35e68254c840a582
06_publication_results_and_docs/publications/hg-msa-tc-future-transportation/docs/emas_hg_mathematical_definition.md,3080,3bdec94bbcbf8d14e71c6d7ccbefa64fe4a345a2d6c62f8d6e76f160754a3e57
06_publication_results_and_docs/publications/hg-msa-tc-future-transportation/docs/emas_implementation_audit.md,3422,ff8925bbaadceb303341c2c49082c8c3bb31fc1230eb1c4de7139e69b1be3c3a
06_publication_results_and_docs/publications/hg-msa-tc-future-transportation/docs/emas_reproduction_report.md,1075,f274f69a57e3d38b8ee68a4202c089948f9df0329ce563c11e1bed4a76832e37
06_publication_results_and_docs/publications/hg-msa-tc-future-transportation/docs/emas_result_manifest.md,1909,037530647740ef07a34c5c68fa23cb40c55a91a11cad26b41e36f36b91e8c8f3
06_publication_results_and_docs/publications/hg-msa-tc-future-transportation/docs/emas_role_in_selection.md,2855,9b800680b9bca069be1dfd6c18b9faf4bc8b25de200e60081f40a8c6ba124535
06_publication_results_and_docs/publications/hg-msa-tc-future-transportation/docs/emas_weight_sensitivity_protocol.md,1824,24e52899922eab8005351e940eeef800eb74b3b5a44803a90bb25257269ed7dd
06_publication_results_and_docs/publications/hg-msa-tc-future-transportation/docs/emas_weight_sensitivity_scientific_interpretation.md,3827,2f57808e2799a009d93823bb75fb5f5a8f2bb228d04d3788fe0aa3f0f31a0df3
06_publication_results_and_docs/publications/hg-msa-tc-future-transportation/docs/evaluation_split_report.md,6729,9645b21db3ebc0c288e20c0f83920a0da7177f47ec812a6269ff4c16ef14a4f4
06_publication_results_and_docs/publications/hg-msa-tc-future-transportation/docs/final_claim_audit.md,2579,9f53af0341c13ae9b132fc6855d917c4bd4e65b9b13a3ead849a7f328cc243b0
06_publication_results_and_docs/publications/hg-msa-tc-future-transportation/docs/final_data_licensing_statement.md,1108,dafa9bfb2dd8683b2b2d234428611d9f3e1fd5ad0db3c88cebbc6a6b35f2696d
06_publication_results_and_docs/publications/hg-msa-tc-future-transportation/docs/final_docx_formatting_guide.md,994,b01ac352e2362a6d5b8e1c99406dd00ffbb4b2f2b713871afea79b31ccee1b33
06_publication_results_and_docs/publications/hg-msa-tc-future-transportation/docs/final_placeholder_and_consistency_report.md,474,c1735f97d564ba15fb079a74c6ff051849be75dda1afd856779f74a0b15a6b48
06_publication_results_and_docs/publications/hg-msa-tc-future-transportation/docs/final_reference_check.md,1155,889eb1030fbe8d487582f6944f3e76f43bf64798e51aa3876df96dd41771758c
06_publication_results_and_docs/publications/hg-msa-tc-future-transportation/docs/final_scientific_interpretation.md,2741,c9132cc9543628983a12509a9937d166f29ee0a93610ca9faf53c3ac52673cd3
06_publication_results_and_docs/publications/hg-msa-tc-future-transportation/docs/final_statistical_analysis.md,7895,35175d6027cc14d670b826e47043e816c477077afdb2249a471c69a12ac089b6
06_publication_results_and_docs/publications/hg-msa-tc-future-transportation/docs/final_submission_checklist.md,1349,4b45d00a641f559ba9137dd26dfa37703f1ecb4eb66ce812c2e892092c150df1
06_publication_results_and_docs/publications/hg-msa-tc-future-transportation/docs/final_title_recommendation.md,737,58f3c4cc03e14475e3363115c2c577ddf0187351ae61a39c23430d1512950b9d
06_publication_results_and_docs/publications/hg-msa-tc-future-transportation/docs/frozen_cohort_limitation.md,1555,6e8c8ac9558618666312c95f1b14b5d28c78173e756225c26d9ba49659685c42
06_publication_results_and_docs/publications/hg-msa-tc-future-transportation/docs/frozen_protocol_report.md,1352,b1381ea12d33c544688ef5856e0808788a7db9a1aeedc2c4eaee315910728e55
06_publication_results_and_docs/publications/hg-msa-tc-future-transportation/docs/github_pages_integration_plan.md,1167,a6294c4cb6b5005b49a86c667a6f34b5b275484cc3b046d9a03705bf3ffffec7
06_publication_results_and_docs/publications/hg-msa-tc-future-transportation/docs/github_pages_integration_report.md,1265,88852812a75260b819e50258584fe747f4f88ebbf323ac450781ff356436d164
06_publication_results_and_docs/publications/hg-msa-tc-future-transportation/docs/hg_smg_ablation_interpretation.md,319,f8438635f0ca68d6de9c94d3215ed605efc793b010c1dbb7d41d1655afa931bd
06_publication_results_and_docs/publications/hg-msa-tc-future-transportation/docs/hg_smg_degeneracy_and_validity_report.md,709,ef40fba966c8bbcf87f1bde5f3bd412fbcea29dbb9dd36becbb6fdda5c2bb984
06_publication_results_and_docs/publications/hg-msa-tc-future-transportation/docs/hg_smg_determinism_report.md,385,533281348d59363c8770341781c85a7fc9f308c3cf00067b07b2721cca852375
06_publication_results_and_docs/publications/hg-msa-tc-future-transportation/docs/hg_smg_development_ablation_report.md,2224,aa1db0e3331d60f8080652686e0682f502f1770d4243013824ad601cc937d025
06_publication_results_and_docs/publications/hg-msa-tc-future-transportation/docs/hg_smg_development_freeze_report.md,1212,390f4755b53b883656e94803e6cc7f06c86ebebd7c95af6f3201b0d928e0bfcc
06_publication_results_and_docs/publications/hg-msa-tc-future-transportation/docs/hg_smg_development_preflight_report.md,1754,493431c644b43e7ac844afcc6fb331cc321366f8acc0420e6a7b1b34cbd82a68
06_publication_results_and_docs/publications/hg-msa-tc-future-transportation/docs/hg_smg_emd_reproduction_report.md,888,d7b178143c2c797f73a4a583cb180ce97389e38727eead79e261e9d1e7cbc012
06_publication_results_and_docs/publications/hg-msa-tc-future-transportation/docs/hg_smg_future_locked_test_protocol.md,354,23c956c7c1e7394aeb42c0e620e29ae0792227cfe0f3eb7fde980c9204e57d3f
06_publication_results_and_docs/publications/hg-msa-tc-future-transportation/docs/hg_smg_independent_test_execution_protocol.md,608,3234daee2aac162dbff0e6efe6e98e2f1149a75bac49c41585e031b4458c7200
06_publication_results_and_docs/publications/hg-msa-tc-future-transportation/docs/hg_smg_independent_test_scientific_interpretation.md,623,799219fab1d066e4b1c4deb0ed7bd47b9fe37f97707aa764d8dbc6239be92421
06_publication_results_and_docs/publications/hg-msa-tc-future-transportation/docs/hg_smg_locked_test_preflight_report.md,5529,190ed2f94d20cfca82fafa20f03839c19e62dc0f22c0a209b2bf17bd0ddc605b
06_publication_results_and_docs/publications/hg-msa-tc-future-transportation/docs/hg_smg_mathematical_specification.md,7805,0611cf5ddcbb5a0c16a042f8a3c799227b16d179424eaf01f819cbdf84140765
06_publication_results_and_docs/publications/hg-msa-tc-future-transportation/docs/hg_smg_novelty_matrix.md,2681,5becc8b6ef64e8d21ee2b5f7f6db6344d1167eb491dd9e2449526728bb0b25b0
06_publication_results_and_docs/publications/hg-msa-tc-future-transportation/docs/hg_smg_pcms_development_report.md,1907,4a3cc2f700c9164830804429fbaf6978204ac174e1a637b9b48f7044704520d5
06_publication_results_and_docs/publications/hg-msa-tc-future-transportation/docs/hg_smg_preregistered_hypotheses.md,3914,52840e45de1643d9cb2d228d3e7ffaaa08562a01fd183e720f3170575ced93cd
06_publication_results_and_docs/publications/hg-msa-tc-future-transportation/docs/hg_smg_protocol_freeze_report.md,3240,11ee77d28e3664b421a36330d285b6d8559bd7fb909d2038717f2c3197f18d3b
06_publication_results_and_docs/publications/hg-msa-tc-future-transportation/docs/hg_smg_sac_development_report.md,2119,76a870dce8d8868b10dabcdd3c69f31eefe4ea7027fd0305a13d76e16d4144ce
06_publication_results_and_docs/publications/hg-msa-tc-future-transportation/docs/hg_smg_se38th_result_interpretation.md,415,da93011b3e15dbb582a8141bfc0bdbec4235681ba818cf3151b92a60096c115a
06_publication_results_and_docs/publications/hg-msa-tc-future-transportation/docs/hg_smg_sensitivity_interpretation.md,323,930df73e21b460d6001bff53462fe45d899af58a0e3e4f4f3f55e20d91cf2b32
06_publication_results_and_docs/publications/hg-msa-tc-future-transportation/docs/hg_smg_smg_development_report.md,884,5fa43a34e4bd8743deb3270480bf94d15734bcc3e5b5526c2d4462b0bc4761e3
06_publication_results_and_docs/publications/hg-msa-tc-future-transportation/docs/hg_smg_uatp_development_report.md,1410,b8b9a5870c05c0c30d03dd2c83b1aeb0004d372a47a20ae6d8a03e07c473a913
06_publication_results_and_docs/publications/hg-msa-tc-future-transportation/docs/hg_target_estimator_failure_taxonomy.md,2697,b7c5c63856b15f2bf49e6819f61fa96c4a8c4c55b7291f46356f8e1e7cb1197f
06_publication_results_and_docs/publications/hg-msa-tc-future-transportation/docs/hg_target_estimator_implementation_audit.md,5930,e446ab298a68bc2c65f2047cfc34de2d8fc9ff19e3d729a20684ff091121b207
06_publication_results_and_docs/publications/hg-msa-tc-future-transportation/docs/hg_target_estimator_mathematical_definition.md,3079,e68df458fd8356539ec616b8ce845484c2f41652ec2f7977633d2fec1d321455
06_publication_results_and_docs/publications/hg-msa-tc-future-transportation/docs/hg_target_estimator_scientific_interpretation.md,4393,63f36c1f478630277201d631337802505fc0a6bdec4c32eb8ce55919be594dcf
06_publication_results_and_docs/publications/hg-msa-tc-future-transportation/docs/hg_target_reproduction_report.md,2250,aa3f37e1a957ba3e00b5ab1bbec09dadd6fadf6fa4c1036ed316b8c1d2008b9e
06_publication_results_and_docs/publications/hg-msa-tc-future-transportation/docs/homography_calibration_point_provenance.md,2026,a0abcf8fc11f837a8726caf6c449aa7406f3720e1fedfd9b887ccb7318ce301e
06_publication_results_and_docs/publications/hg-msa-tc-future-transportation/docs/homography_implementation_audit.md,2740,f5bfc8601269e22790bd920bb8283a19b8b93cf8d3135b659968fff3f76e59b0
06_publication_results_and_docs/publications/hg-msa-tc-future-transportation/docs/homography_mathematical_definition.md,1401,269b3c6dab92f7a18de3abb03b5e992349e705be14845ce8f3b587612edf25dd
06_publication_results_and_docs/publications/hg-msa-tc-future-transportation/docs/homography_quality_gate.md,2065,2cd4b358735d2443a2fe7677006160fe1ab72da307c84f5072e8d31e330be05e
06_publication_results_and_docs/publications/hg-msa-tc-future-transportation/docs/homography_reproduction_report.md,852,308939e88cc54ce2c76d8ed0e2a8fff2218fcc7cc3e87772ca2ee066796a109c
06_publication_results_and_docs/publications/hg-msa-tc-future-transportation/docs/homography_result_manifest.md,2846,a5cd741c03c24e77fcbfb22489a8f916fb0de03c863c5a80971cbd5ebcf5f491
06_publication_results_and_docs/publications/hg-msa-tc-future-transportation/docs/homography_scientific_interpretation.md,1944,8afb6fbab5f7377b4db99145cc16582cfa04bcfd1df687a41ff635f9889dc43a
06_publication_results_and_docs/publications/hg-msa-tc-future-transportation/docs/homography_to_target_sensitivity_report.md,4428,be24fdf707f223e1a148edcb81e29ed0ef75028be2ce02628f995cd215f570b9
06_publication_results_and_docs/publications/hg-msa-tc-future-transportation/docs/imagery_provenance_and_licensing_audit.md,1495,a154d912611abaf9de89adeb1cd21452e23c6a1ce51382a6eb194cc4278c8128
06_publication_results_and_docs/publications/hg-msa-tc-future-transportation/docs/independent_test_execution_protocol.md,3169,d505c71d8be5bcd8ea65c0abd4290dce4ae9a68a48fbc0b9c6b4b36e01fd1a96
06_publication_results_and_docs/publications/hg-msa-tc-future-transportation/docs/independent_test_preflight_manifest.json,12321,c2ddd20c0306b96ae8ad7bd5f27100bd3bb4d920400f7659e5967581158efd84
06_publication_results_and_docs/publications/hg-msa-tc-future-transportation/docs/independent_test_preflight_report.md,5758,bb0072723994b6f9b13a44aa9b8ef150b4392cfb3889e48ba8a3a49a13d74061
06_publication_results_and_docs/publications/hg-msa-tc-future-transportation/docs/independent_test_result_manifest.md,1210,d0255ae42b49822223a67c40610ef92343724ce9f26aadd89c7a871a521ec42e
06_publication_results_and_docs/publications/hg-msa-tc-future-transportation/docs/independent_test_scientific_interpretation.md,47617,bd68f9c290fd54db2f135eb4034a0d2ee465a895e2b33e91f45d86d2cc100892
06_publication_results_and_docs/publications/hg-msa-tc-future-transportation/docs/independent_test_statistical_analysis.md,31587,5379db21ddce36a802fb4491159eee56d667007cff0b914b04a0392980964a12
06_publication_results_and_docs/publications/hg-msa-tc-future-transportation/docs/literature_register_hg_smg.md,7997,9fc6e4170c59849fdd912f968b240fe16c271f547e710e37aa80561125bdf9cb
06_publication_results_and_docs/publications/hg-msa-tc-future-transportation/docs/local_release_artifact_inventory.csv,1300720,2de7bb26c5b22ff8aea8ad6ec603e085981fec30d7c4086e4cfa34f2ff350d7d
06_publication_results_and_docs/publications/hg-msa-tc-future-transportation/docs/major_revision_change_summary.md,2588,af3b890134802469a57783913ee8c6e52a5e183b6c99c6a8487567592e57f322
06_publication_results_and_docs/publications/hg-msa-tc-future-transportation/docs/manuscript_data_availability_onedrive_final.md,1508,8b9cbb0898a362aec237a2902a54645e4a3f0d5680434ca1f4c9733ab828e85c
06_publication_results_and_docs/publications/hg-msa-tc-future-transportation/docs/manuscript_figure_table_plan.md,3134,3814b02e9273f388db8cd00f2429236c76ffbd3f56ce58e671311dac9cc06db9
06_publication_results_and_docs/publications/hg-msa-tc-future-transportation/docs/manuscript_ready_emas_section.md,2930,96b57a394e4c99b3c86dae2563e1a61728850e81f7a2c055492b3d7df796106c
06_publication_results_and_docs/publications/hg-msa-tc-future-transportation/docs/manuscript_ready_homography_section.md,3325,b553df8dbd162bbfcf2450726db3e061cdc872a44536b29f388659159657759d
06_publication_results_and_docs/publications/hg-msa-tc-future-transportation/docs/manuscript_ready_target_estimation_section.md,4013,13c5ed3c3e69fb1cf20d8dd0896f44f1870caf48e0b8e6cc0ec3a201e7d38086
06_publication_results_and_docs/publications/hg-msa-tc-future-transportation/docs/manuscript_revised_abstract.md,1976,4abdf52275721308b4d6616040ddda92b7fcfc9a5823ee6f6cb98220cb828533
06_publication_results_and_docs/publications/hg-msa-tc-future-transportation/docs/manuscript_revised_conclusion.md,1461,b3b2b9ea1bbc3c03958258e4dabc954911d503e4f691169b4f1b0824df8a357a
06_publication_results_and_docs/publications/hg-msa-tc-future-transportation/docs/manuscript_revised_data_availability.md,1481,0e80626bb484d9d0f589a9bbaca9a659d5ac2cda39a24e62c728b39b94c4f2c2
06_publication_results_and_docs/publications/hg-msa-tc-future-transportation/docs/manuscript_revised_data_code_availability_final.md,1508,8b9cbb0898a362aec237a2902a54645e4a3f0d5680434ca1f4c9733ab828e85c
06_publication_results_and_docs/publications/hg-msa-tc-future-transportation/docs/manuscript_revised_discussion.md,2444,3e9926902ee0ca1ddacf9cd150d1db6485568d8c00c62a8a68f836483e886f95
06_publication_results_and_docs/publications/hg-msa-tc-future-transportation/docs/manuscript_revised_experiments.md,2204,b921834d6442f0cb1ebccc7d5946761a7dadde29d9ae467ccec14d89b8b6b9b6
06_publication_results_and_docs/publications/hg-msa-tc-future-transportation/docs/manuscript_revised_full.md,17525,62e42dc10f860f03d467d713626ccd898e6404d08c2eb9681b3966a451b5dcce
06_publication_results_and_docs/publications/hg-msa-tc-future-transportation/docs/manuscript_revised_introduction.md,3524,5ae183745b47ea5ea5e7679bda761b6a7d79b4967cf03ab361f4815d90ec81eb
06_publication_results_and_docs/publications/hg-msa-tc-future-transportation/docs/manuscript_revised_limitations.md,1972,ca25170032d89aa02d50a85d09b317ecac9922e526f87c7b3b5344dcd19333f6
06_publication_results_and_docs/publications/hg-msa-tc-future-transportation/docs/manuscript_revised_methods.md,4956,85b6c4878a14409cccec013d34bc3888a582f47083d69b1e7b276dbad3f6c9b0
06_publication_results_and_docs/publications/hg-msa-tc-future-transportation/docs/manuscript_revised_related_work.md,2927,362c5a8c425fb1a1ac21d2004314b920aa9814da0e22a01bd952dfd6781f519a
06_publication_results_and_docs/publications/hg-msa-tc-future-transportation/docs/manuscript_revised_results.md,4570,1a6ec26c527be16ce00b8d67cd68f098e1669c165fe219d60918bb9977fd700a
06_publication_results_and_docs/publications/hg-msa-tc-future-transportation/docs/manuscript_tables_final.md,9710,9c68b1651800ff207fd5895a5364979a17fa122d2a7c9369b22be1082795c1df
06_publication_results_and_docs/publications/hg-msa-tc-future-transportation/docs/new_publication_artifacts_to_upload.md,28110,5967afd3997d2606b7f4f6bdc9071c73f2a8918620d806d64df381f25bda4509
06_publication_results_and_docs/publications/hg-msa-tc-future-transportation/docs/onedrive_folder_structure_proposal.md,1575,53ea20459c4a8a7e2b7e0ef1b2d0e6cee2655bcad499a88486f326d7539faf17
06_publication_results_and_docs/publications/hg-msa-tc-future-transportation/docs/onedrive_upload_batches.md,1866,c37202842ecb411ed1362073005374f5ca860f7a74d8b1f98b2096d7bbafb770
06_publication_results_and_docs/publications/hg-msa-tc-future-transportation/docs/onedrive_upload_manifest.csv,1095618,7e09e9f987d280930e2cdd7c3f055a3a3a74fd0ff14175d1d945e6be7a468ebd
06_publication_results_and_docs/publications/hg-msa-tc-future-transportation/docs/onedrive_upload_manifest_prioritized.csv,1988963,62678fac47d7e39c4270d6df25ed669ee2b7a9421e6bab10a42b5324ba46d42f
06_publication_results_and_docs/publications/hg-msa-tc-future-transportation/docs/onedrive_upload_manual_instructions.md,2331,fc00e05345cb6be847135e7805b3e7b831360f7d8238810bb74baa188e9aa60f
06_publication_results_and_docs/publications/hg-msa-tc-future-transportation/docs/post_review_holdout_audit.md,2356,59ca8000e4f27c804ef7eb5d395ab05185b24c2ca445aafcd7ecedca1b5d7eca
06_publication_results_and_docs/publications/hg-msa-tc-future-transportation/docs/preview_image_quality_audit.md,1870,6f8c57270eb939f77bfc42d34dab20e36437db7a0b04a65c38917f16249ee883
06_publication_results_and_docs/publications/hg-msa-tc-future-transportation/docs/preview_image_upload_and_site_plan.md,1720,1a704dcff510817d3bacfd33e04185e213aed03919ae657f419ac330b9f4f0aa
06_publication_results_and_docs/publications/hg-msa-tc-future-transportation/docs/publication_website_content.md,1239,4505b5661a0459a8ae3b3bb34fecc6777944613de7ce364b8dbfc77ad0a930bd
06_publication_results_and_docs/publications/hg-msa-tc-future-transportation/docs/public_data_archive_plan.md,1506,deb6a4020549ff3de7e035feb53c32fa9e6a97ae2573891b04217e7060c65f97
06_publication_results_and_docs/publications/hg-msa-tc-future-transportation/docs/public_release_final_checklist.md,1421,af1083b17b8bff29a1967f012625ada619afa116c02719c021de6085d96e9d20
06_publication_results_and_docs/publications/hg-msa-tc-future-transportation/docs/public_release_plan.md,2309,c503409749e156c8cfc262c881e70f3f7c3ca247926d82ea4784204dd5af886c
06_publication_results_and_docs/publications/hg-msa-tc-future-transportation/docs/public_release_scope.md,1369,5b9b3e69cb230c6aa105f5a4cb3072d3a4ab571b20a76f5f6f4d7732f5e9f4e4
06_publication_results_and_docs/publications/hg-msa-tc-future-transportation/docs/reference_sensitivity_evaluation_report.md,4090,c578566981f8baef76eda92f4c0d18eb726d7561faea99522fb935b1c5c1a01f
06_publication_results_and_docs/publications/hg-msa-tc-future-transportation/docs/release_tagging_plan.md,1104,c02752845a725b9805225690520ca24b70611320a634f123d3852432ee4ca7a8
06_publication_results_and_docs/publications/hg-msa-tc-future-transportation/docs/remaining_author_actions_before_submission.md,1652,6ce95115cd3f7e7cb98b89b0631db3b64ab8adc06961fd5de71103c0153cc6db
06_publication_results_and_docs/publications/hg-msa-tc-future-transportation/docs/response_to_reviewers_full_draft.md,9280,f1e0770d0919f7997646f970c3f148933bf8d5601ba5003677e6cf61b47462be
06_publication_results_and_docs/publications/hg-msa-tc-future-transportation/docs/response_to_reviewers_matrix.csv,5472,c709f377e2999c2e239040086e50b17b07ff5ffc61763cb08f87bf85c54c2c48
06_publication_results_and_docs/publications/hg-msa-tc-future-transportation/docs/response_to_reviewer_emas_draft.md,2461,788140681d60a37b5afdd56d4a243f2b22c1acb9b40a141695f4b02232a4b86f
06_publication_results_and_docs/publications/hg-msa-tc-future-transportation/docs/response_to_reviewer_homography_draft.md,2425,be0624e1f9dbceeb89da6cc39073fe6a996be7f380cbfbc1c1c6d1a45991874f
06_publication_results_and_docs/publications/hg-msa-tc-future-transportation/docs/response_to_reviewer_target_estimation_draft.md,2462,dd3b98004c14916dd5c1e8778fb10b8f98a74a2a34d29a67cb36f93e06ee015c
06_publication_results_and_docs/publications/hg-msa-tc-future-transportation/docs/reviewer_evidence_map.md,4032,df1d4abd29f566f7a8fc3b28ceda5d17bcb3b17da85e510b46297713dd8f508f
06_publication_results_and_docs/publications/hg-msa-tc-future-transportation/docs/reviewer_response_line_number_workflow.md,729,3aae43b69da1e08f276ba3c561f251e4981874d2676c0aefc9e12e1b25fb5abe
06_publication_results_and_docs/publications/hg-msa-tc-future-transportation/docs/revised_title_options.md,1093,b1b15164ddbc9ed29b04d408d9c3f69de398a03972c1a4d7155673d5a1ed3eca
06_publication_results_and_docs/publications/hg-msa-tc-future-transportation/docs/root_readme_update_proposal.md,1030,b74f7c9428770f081990dce5f2e56d363ba3456e46c997254d6cf2da4286ed04
06_publication_results_and_docs/publications/hg-msa-tc-future-transportation/docs/sampling_policy.md,1578,431ebafc77fd12cbd625b02abfbf60871e9a10a5eb653cd2fa6d2c0927e8e1fd
06_publication_results_and_docs/publications/hg-msa-tc-future-transportation/docs/se38th_cluster_fragmentation_analysis.md,5596,26bf7ec56e0b9786c2d06e1b6b7147c7e251403df85a88c9d08cc0eda9827de4
06_publication_results_and_docs/publications/hg-msa-tc-future-transportation/docs/se38th_homography_diagnosis.md,1287,c90d82bb421bad73e0b6bf52fae6c93652a0b9fc649b86d0877c798a3b6d9eb5
06_publication_results_and_docs/publications/hg-msa-tc-future-transportation/docs/se38th_target_failure_analysis.md,11695,9c69f645b43f046b4a7ec5f550508ec2e86ded8ecee06aed6429e96cfb11f81c
06_publication_results_and_docs/publications/hg-msa-tc-future-transportation/docs/split_aware_runner_implementation_map.md,3724,b3805908fa4a0b3e7058bab5af4240bb900354c37b09cfbd2a8ba1972c61e7e6
06_publication_results_and_docs/publications/hg-msa-tc-future-transportation/docs/split_aware_runner_protocol.md,4530,b148b7d343653bd2e13f004020dc6adc0ff74b9116f707d0e99f14a8aa82ac48
06_publication_results_and_docs/publications/hg-msa-tc-future-transportation/docs/support_threshold_sensitivity_report.md,3638,7802884a02bea0b9bbbca4a4df9c718b3047530303fa57f466573d3cdebf88ef
06_publication_results_and_docs/publications/hg-msa-tc-future-transportation/docs/target_estimation_result_manifest.md,14658,3e97ce1aedd677eb9091f9f93bc47f8acac41b930dbe966a5c1c4d9569dacd0d
06_publication_results_and_docs/publications/hg-msa-tc-future-transportation/docs/task_02_execution_report.md,7129,9c1e84a0426b319740f9078193879e5d1c1f8cd85e9fe76ea77e506450271887
06_publication_results_and_docs/publications/hg-msa-tc-future-transportation/docs/task_03_execution_report.md,2831,8357078ffbba515adae450ef7a0a912c1693583ec92e92af3b40f4a0571648a4
06_publication_results_and_docs/publications/hg-msa-tc-future-transportation/docs/task_04_execution_report.md,5023,a8719f4aa04d101814456bfaf33a5ce06b43ba60d7aa6d2d493771170c5d9642
06_publication_results_and_docs/publications/hg-msa-tc-future-transportation/docs/task_05_execution_report.md,6517,acf80773243ebabb6061165ee3f9370a02ab167b7366f8cf17d6e035be20ab4b
06_publication_results_and_docs/publications/hg-msa-tc-future-transportation/docs/task_06_execution_report.md,4707,133c5aa9fccd1db704311dce3cb37409a58488026fb245858717da03105cdd1d
06_publication_results_and_docs/publications/hg-msa-tc-future-transportation/docs/task_07_execution_report.md,2009,214f0b61d6652057b458153f613e113748ce63267f1522febbf508391d445aca
06_publication_results_and_docs/publications/hg-msa-tc-future-transportation/docs/task_08_execution_report.md,1562,946c4f3cead05456e35ad7266de1f32ea163e11342236723c26167c92ef1a6ce
06_publication_results_and_docs/publications/hg-msa-tc-future-transportation/docs/task_09a_execution_report.md,2384,616c33e650d8792152896b38aaf664ffa5566151ccb567d8c5a0f390f32ddd4c
06_publication_results_and_docs/publications/hg-msa-tc-future-transportation/docs/task_09b_execution_report.md,4990,9f63cf967ff9afff6dafdf8568858d007d08bd01fcf1b4552c82408acd3ad1b2
06_publication_results_and_docs/publications/hg-msa-tc-future-transportation/docs/task_10_execution_report.md,444,30a4ff2d1af1d406c5dbea1802e301a5cabdc72f91505dae753aa0dbe0bdd792
06_publication_results_and_docs/publications/hg-msa-tc-future-transportation/docs/task_11_execution_report.md,453,7efb512fb2c060aaa24acb1d6e1c7a81f9ac57e2c1edcb49fbf22496ddc3be09
06_publication_results_and_docs/publications/hg-msa-tc-future-transportation/docs/task_12_execution_report.md,1157,629c858146d1a751408bb73457f37ba7e248c5bad97964661d2ba0d6ac87c552
06_publication_results_and_docs/publications/hg-msa-tc-future-transportation/docs/task_14_execution_report.md,2008,952cc2dc3533ed44a08e4a2febfb79995be9b5af6009cb535ba367385da2329c
06_publication_results_and_docs/publications/hg-msa-tc-future-transportation/docs/task_15_execution_report.md,4960,9864e457e7f222a4452e4b425a61e199882ee8649e11df409156f30dec1e3a73
06_publication_results_and_docs/publications/hg-msa-tc-future-transportation/docs/task_16_execution_report.md,2911,60a5f2017caf2ac14ed368e162ef492020b8c5e0de75d403f5c040750fdb7b64
06_publication_results_and_docs/publications/hg-msa-tc-future-transportation/docs/task_17_execution_report.md,1628,8610a21a4a26bce064eb0750d46706d071eb4c439e5dc9cd71c7997ce385d8cb
06_publication_results_and_docs/publications/hg-msa-tc-future-transportation/docs/validation_results.md,1844,d49b1e21fc59e197fcc01fcdf8e022d9d060f97112b18e45d9c6de3c9215dd82
06_publication_results_and_docs/publications/hg-msa-tc-future-transportation/results/baselines/independent_test/baseline_assignments.parquet,553711,d93d4dfd6e59272078c2d555c18aa1b38bafe0f5211275eb335a2c2a84ac8be1
06_publication_results_and_docs/publications/hg-msa-tc-future-transportation/results/baselines/independent_test/baseline_assignment_manifest.json,986,d158915d613ed4ae3c50f9efebc4ee5ae8db53a90ae20edae3c31927d53deaf2
06_publication_results_and_docs/publications/hg-msa-tc-future-transportation/results/baselines/independent_test/baseline_candidate_trials.csv,49034,ce66fb054bc26aad634d7888a987daa7e7f74d4d2a5fccf2304938d6c03d5bd8
06_publication_results_and_docs/publications/hg-msa-tc-future-transportation/results/baselines/independent_test/baseline_cluster_mapping.csv,59937,57cc1551239712ec445f9df46c23f43ac27098e57b9da36606d385829f306ee1
06_publication_results_and_docs/publications/hg-msa-tc-future-transportation/results/baselines/independent_test/baseline_comparison_to_hg_smg.csv,3228,ec01faa515ec252649e1d545c026d2b8514cd5a1d99a3be8b13395f022855f55
06_publication_results_and_docs/publications/hg-msa-tc-future-transportation/results/baselines/independent_test/baseline_evaluation_access_log.json,358,c77e17422fcb4d33fb83e0b4cb76f2f935945ba1c11a3fc14fc349e0b1652898
06_publication_results_and_docs/publications/hg-msa-tc-future-transportation/results/baselines/independent_test/baseline_evaluation_manifest.json,893,2866f39332fc37aed4655c67c27c8924f63c27e0e9b558db47a3c9466e61ecb7
06_publication_results_and_docs/publications/hg-msa-tc-future-transportation/results/baselines/independent_test/baseline_metrics.csv,25560,0f304965827a961dae8fd73c6d22c3f3db4c5995a76fd506cc5c0927f3003d30
06_publication_results_and_docs/publications/hg-msa-tc-future-transportation/results/baselines/independent_test/baseline_per_movement_metrics.csv,70179,d2a235b38b2fa9f94f2b3ace5957136436743a18790a20ad7d9e9a3c2a25abff
06_publication_results_and_docs/publications/hg-msa-tc-future-transportation/results/baselines/independent_test/baseline_runtime_summary.csv,4761,ee7acd895d95a2bf0e9889721c2c20f042753b65cc33db66d254b98572e9f527
06_publication_results_and_docs/publications/hg-msa-tc-future-transportation/results/baselines/independent_test/baseline_selected_configurations.csv,28805,0fe42e9e6e754b613a11898ebd596272fc38c1a8d37ea972a01a7b85fe628623
06_publication_results_and_docs/publications/hg-msa-tc-future-transportation/results/baselines/independent_test/data_access_log.jsonl,2555,4cb75ba840bd8294b404397949173d755a5687081c6215d48af8db9c29126d22
06_publication_results_and_docs/publications/hg-msa-tc-future-transportation/results/emas/emas_analysis_manifest.json,665,c715e8a87844f2e0bc1aaa8180cefee49badbb081f70799edf215cf85cdb2b77
06_publication_results_and_docs/publications/hg-msa-tc-future-transportation/results/emas/emas_candidate_score_sensitivity.csv,63525,548ced6ffd882d0d9a63885316520ca7e7049bb3692ed1e1acce1149dff1c917
06_publication_results_and_docs/publications/hg-msa-tc-future-transportation/results/emas/emas_component_analysis.csv,41994,01a6fb87b464ee30207cb460510fdc0661968252c11e6ec1e57949250135b74a
06_publication_results_and_docs/publications/hg-msa-tc-future-transportation/results/emas/emas_global_weight_sample.csv,118006,c9219e0394198a352379a94be62d0f43d17b04b74a420261a45dc91361b57c76
06_publication_results_and_docs/publications/hg-msa-tc-future-transportation/results/emas/emas_local_weight_grid.csv,28980,e46723e26a0e3fae68228841775bbd16e55115be65f2c2beae7488a1b2ef6224
06_publication_results_and_docs/publications/hg-msa-tc-future-transportation/results/emas/emas_margin_analysis.csv,90356,2480b4df1798b7169d1ac9e6fd8af3b3246d803f124ff93a0cca0f3d78fab709
06_publication_results_and_docs/publications/hg-msa-tc-future-transportation/results/emas/emas_named_scenario_results.csv,370538,542f929f5d3f2cdfe1ede85405945a120d32600f7fbb4067d9406a83ac9a9416
06_publication_results_and_docs/publications/hg-msa-tc-future-transportation/results/emas/emas_rank_stability.csv,6143,464e7bcf122d0f74431c8dc9276f5fe98861be2bbe6ff3c4cdeda1af1e0e60e2
06_publication_results_and_docs/publications/hg-msa-tc-future-transportation/results/emas/emas_reproduction_check.csv,94300,69f95d4a984c1345334e573bd99ff39742a3344e4b2c046f7ea7c90bbbd68b94
06_publication_results_and_docs/publications/hg-msa-tc-future-transportation/results/emas/emas_weight_grid_results.csv,6987010,75062597ed44813da68d7b8c8df0ea22b74158de4e99d92f76a5e48c56215ac7
06_publication_results_and_docs/publications/hg-msa-tc-future-transportation/results/emas/task_06_input_manifest.json,1957,36897b0c2ce0e4071b62a348e9e9d7f388001630557da6d258acc9ee948167bb
06_publication_results_and_docs/publications/hg-msa-tc-future-transportation/results/final_synthesis/final_figure_manifest.csv,1013,3b7a454037577d4c8b35aec999a4833b86699eba256dbe576dfb2cfcac5afe80
06_publication_results_and_docs/publications/hg-msa-tc-future-transportation/results/final_synthesis/final_method_comparison.csv,50906,5a3e5012ae282fef89360023bb5077e32a2ea597767b99f3d2f3539cec0bea39
06_publication_results_and_docs/publications/hg-msa-tc-future-transportation/results/final_synthesis/final_synthesis_manifest.json,1617,bc5a0f321799e46b69041e50453319fba771d8b8e57d9d0b09628c9ba767effd
06_publication_results_and_docs/publications/hg-msa-tc-future-transportation/results/final_synthesis/paired_scene_differences.csv,7884,a12b196e576e1d51fd3c606e6a9dd1c83c77313c111f3ace840107d37d0aa382
06_publication_results_and_docs/publications/hg-msa-tc-future-transportation/results/final_synthesis/paired_scene_difference_summary.csv,3034,04950a0fe3901fa12e10a332fd092a18e7728d4f34cbbc93efa5592f93b7ad28
06_publication_results_and_docs/publications/hg-msa-tc-future-transportation/results/hg_smg/preflight.json,3631,0a78e5f3847fefb97a1b2b27ef0079729403361504e9814d2bcc1f6aca5b7a0c
06_publication_results_and_docs/publications/hg-msa-tc-future-transportation/results/hg_smg/independent_test/ablation_comparison.csv,3790,590d69cb74c0f9c7311689cc5a4b28ad182e95eec09aec8041f6b5971f6518ca
06_publication_results_and_docs/publications/hg-msa-tc-future-transportation/results/hg_smg/independent_test/clustering_run_checksums.sha256,371,6065693354257a7b60ceacf2bc00bd77b0f62b939a57d48a86130fddd6967400
06_publication_results_and_docs/publications/hg-msa-tc-future-transportation/results/hg_smg/independent_test/clustering_run_manifest.json,108109,7c229d9269da53703496b82585fd340498842e5ec4f143385ee6ca87b7ac68cd
06_publication_results_and_docs/publications/hg-msa-tc-future-transportation/results/hg_smg/independent_test/cluster_assignments.csv,307070942,NOT_COMPUTED_LARGE_FILE_GT_268435456_BYTES
06_publication_results_and_docs/publications/hg-msa-tc-future-transportation/results/hg_smg/independent_test/cluster_assignments.parquet,757922,8a3bd7a3e422040edd0c992e47dcb9e8bc3cb8f06b65403c64e15ed7aa974b94
06_publication_results_and_docs/publications/hg-msa-tc-future-transportation/results/hg_smg/independent_test/cluster_movement_mapping.csv,231925,8226166a5798b5f7f7d2c5fc74a7fc633339acb641090870f999122318453c47
06_publication_results_and_docs/publications/hg-msa-tc-future-transportation/results/hg_smg/independent_test/data_access_log.jsonl,2972,1e50b4238fee86ff995144e9ccd61c6e31f352be1c3a31e27f0872e6602dfdb7
06_publication_results_and_docs/publications/hg-msa-tc-future-transportation/results/hg_smg/independent_test/evaluation_data_access_log.jsonl,337,6f211ee8bf2b9d6fb6cda4cfee572f6e8bac3f3b853d1635ed26f64946b295a6
06_publication_results_and_docs/publications/hg-msa-tc-future-transportation/results/hg_smg/independent_test/evaluation_run_manifest.json,1120,ebc1c401fbce7e039d669aaab0d645704c950c5dfd9d59bfb18556133708070a
06_publication_results_and_docs/publications/hg-msa-tc-future-transportation/results/hg_smg/independent_test/metrics.csv,75371,20fc987d4d246a93e7b40934c95e96cf35d3397dedc13b5334cf8daa0938bf29
06_publication_results_and_docs/publications/hg-msa-tc-future-transportation/results/hg_smg/independent_test/package_manifest.json,1054,f36a18eec007417682e519ab971b44c02de7784dc6648d4c33aa1f4c260740b7
06_publication_results_and_docs/publications/hg-msa-tc-future-transportation/results/hg_smg/independent_test/per_movement_metrics.csv,247702,273bd288f694d2cc56b1cc137dcb79dff22f2440b802a154d45d67ec5651d062
06_publication_results_and_docs/publications/hg-msa-tc-future-transportation/results/hg_smg/independent_test/se38th_fragmentation_analysis.csv,27959,8e8800352f595774dd4211fa4fd24410f8814a541f83caeefe5f4c27d75b5743
06_publication_results_and_docs/publications/hg-msa-tc-future-transportation/results/hg_smg/independent_test/sensitivity_evaluation.csv,8429,f92235ef2bfd50f121837dc8b086bce1cbe49022d5f077d962b8c92221a669d5
06_publication_results_and_docs/publications/hg-msa-tc-future-transportation/results/homography/calibration_correspondences.csv,58011,6aa21aa1a66c8aa4cd75fbe1471f8435a65f94a9e551a239cfbb415524557058
06_publication_results_and_docs/publications/hg-msa-tc-future-transportation/results/homography/calibration_point_errors.csv,4852,ed1aa598b2d31c49f7f3423deaa18edd9f4ff54853c8c50c6a791a50520f6090
06_publication_results_and_docs/publications/hg-msa-tc-future-transportation/results/homography/endpoint_assignment_stability.csv,5287,e2cbdd1ca9c2e8e6c5afefa7527c99b9988cbe32c23013f14f19d77aa2f6cf4c
06_publication_results_and_docs/publications/hg-msa-tc-future-transportation/results/homography/frozen_homography_matrices.csv,1293,ba2acf77d50536209f540858253bd5743aff5bf479586e8ac975a92e163bb7aa
06_publication_results_and_docs/publications/hg-msa-tc-future-transportation/results/homography/homography_analysis_summary.json,425,1fc7b250e48285f771c6dc435669f0de3c8d7936c20c39a4bad963cade523837
06_publication_results_and_docs/publications/hg-msa-tc-future-transportation/results/homography/homography_figure_manifest.csv,14597,5c5f702eed46a5712b08bec5cbd15767a4cf95c37432f9e18ed3ea339a2bba3c
06_publication_results_and_docs/publications/hg-msa-tc-future-transportation/results/homography/homography_jackknife_sensitivity.csv,25571,fff122196c638c108107bd77ca84f00056232d60c893d4972dee088824487469
06_publication_results_and_docs/publications/hg-msa-tc-future-transportation/results/homography/homography_perturbation_runs.parquet,56177,c47942d99e7627117bfcd49c361248eaa9cc122114a32111173a93367e25cfa5
06_publication_results_and_docs/publications/hg-msa-tc-future-transportation/results/homography/homography_perturbation_summary.csv,5078,a2dd2194b42797a85d6085f48109227e9305bfb10a6539c3b5dcb5e536b4b380
06_publication_results_and_docs/publications/hg-msa-tc-future-transportation/results/homography/homography_quality_metrics.csv,3785,db2156caab6ac8829c31636bf0e7416a8e1417f11904a395e8c4f5f11f84b146
06_publication_results_and_docs/publications/hg-msa-tc-future-transportation/results/homography/homography_quality_vs_target_error.csv,4158,2a008bded6ed30d203353dc2c6413d630213531bbcf9ea7c7bb84cd9f76ffba2
06_publication_results_and_docs/publications/hg-msa-tc-future-transportation/results/homography/homography_reproduction.csv,692,bc4cd53d3235692366a96bf60d07592c52614b3a1e9cd33059b8d53bdde7a857
06_publication_results_and_docs/publications/hg-msa-tc-future-transportation/results/homography/task_08_input_manifest.json,7312,42a9c6ce84e16ca1f253746c8ed4edd676f49c512fcba814c716f46ca0f4d489
06_publication_results_and_docs/publications/hg-msa-tc-future-transportation/results/homography/task_08_result_manifest.json,3747,4a14beac18e6467350d6392e71994721ea5eae492519a7b1e7b55704dc75d32d
06_publication_results_and_docs/publications/hg-msa-tc-future-transportation/results/homography/task_08_validation_results.json,447,fc27ee2a775b163b9037eb2f20ad72e190d1f7c9d279eb79c290910f8b416371
06_publication_results_and_docs/publications/hg-msa-tc-future-transportation/results/independent_test/clustering_run_checksums.sha256,367,9a0746f04883db4e2df7fe19ee0f06b108d3d21eaf30ca7e88b9e2f9482d5034
06_publication_results_and_docs/publications/hg-msa-tc-future-transportation/results/independent_test/clustering_run_manifest.json,29407,9624047b3d9459888423918295bc913ecd089633662184a8a902c770044b7e2b
06_publication_results_and_docs/publications/hg-msa-tc-future-transportation/results/independent_test/cluster_assignments.csv,59887739,81185f1f92f4411a9b8e575769e58d45bc386adb4b4e753f2c6824e86998f47d
06_publication_results_and_docs/publications/hg-msa-tc-future-transportation/results/independent_test/cluster_assignments.parquet,467055,137cd7e39f8886abbfbb49f4599d4f000626614f78342cf08f74f389b4963169
06_publication_results_and_docs/publications/hg-msa-tc-future-transportation/results/independent_test/cluster_movement_mapping.csv,45889,1060b6ac3a5af55c0e02b2ae4ad13e9246b13fb4d8fcce0a3e7e1c1af24f5727
06_publication_results_and_docs/publications/hg-msa-tc-future-transportation/results/independent_test/data_access_log.jsonl,2972,5819c3c74a2f44b7bf1546e4e3ce48d8b8bef57fe186635b98ee90a6e70ec69f
06_publication_results_and_docs/publications/hg-msa-tc-future-transportation/results/independent_test/evaluation_data_access_log.jsonl,588,9c00a2bb1c8d438eac36f9bd93c2eaaeb86787ca333bade00899b7654d76f7a7
06_publication_results_and_docs/publications/hg-msa-tc-future-transportation/results/independent_test/evaluation_run_manifest.json,1806,f5839c7d5112c011b47c59626c9b94f4664d8c64a372de5d419a0f74cd214d62
06_publication_results_and_docs/publications/hg-msa-tc-future-transportation/results/independent_test/independent_test_metrics.csv,16532,021ba0dcd806a50dd5a6533f12ff37710228b07649839286e38d7d532d572977
06_publication_results_and_docs/publications/hg-msa-tc-future-transportation/results/independent_test/paired_strategy_differences.csv,7321,3af40f7686ca98d02f5dda46c4b6cda940dd1608169b612f06bb5c3934003a54
06_publication_results_and_docs/publications/hg-msa-tc-future-transportation/results/independent_test/per_movement_metrics.csv,46601,ce419ea7ad74b610744ba96c3b29cb1a3baf7b6241a8e3ba7ee2967b824bd696
06_publication_results_and_docs/publications/hg-msa-tc-future-transportation/results/independent_test/reference_sensitivity_evaluation.csv,42958,b826ecda1e06967ac7e47da2374ea1d1d8edd5c9208ee9d968703178194d5f12
06_publication_results_and_docs/publications/hg-msa-tc-future-transportation/results/independent_test/scene_level_bootstrap_ci.csv,3107,f467dd38372ce8d4b2f1395ad826e9719cc0827888b6ef17fad81f20172d4ddf
06_publication_results_and_docs/publications/hg-msa-tc-future-transportation/results/independent_test/target_estimation_validation.csv,406,699d84be8b53d5ed2d2cd5f430bb7e9226cae7f2d4c6377dc348cceb83c0d840
06_publication_results_and_docs/publications/hg-msa-tc-future-transportation/results/target_estimation/automatic_od_to_manual_movement_mapping.csv,19587,557d4d1d94f5f284b8822c61cc1d1d6f6f6baad2cc183240b38d426451874d1f
06_publication_results_and_docs/publications/hg-msa-tc-future-transportation/results/target_estimation/automatic_region_to_manual_approach_mapping.csv,5428,30c72fee0c09b1569abdc5b197551b7282573718dff43fcd06bab66170f57aef
06_publication_results_and_docs/publications/hg-msa-tc-future-transportation/results/target_estimation/cross_scene_semantic_duplication.csv,1040,b0eaf556d1e97eb6ac8ad9710b6f94a80e0e426a0634f9c916f0cfa5607fec0b
06_publication_results_and_docs/publications/hg-msa-tc-future-transportation/results/target_estimation/frozen_scene_parameters.csv,2417,59502133baabd043b85c9161582a83e96e44451eb06550c2dc830f0b490b8170
06_publication_results_and_docs/publications/hg-msa-tc-future-transportation/results/target_estimation/region_count_sensitivity.csv,15861,d876258616aab858294791fa7b9c44bbdf862ef4e66109bb3f30ff8d8d3719e0
06_publication_results_and_docs/publications/hg-msa-tc-future-transportation/results/target_estimation/se38th_cluster_fragmentation.csv,8327,80f91c625f1c559930e6dd6a8c67236fc1a2d6051cd2f4ae3e9b9bf49ba6a346
06_publication_results_and_docs/publications/hg-msa-tc-future-transportation/results/target_estimation/se38th_fragmentation_figure_queue.csv,44213,79089dabb76a3d33dc1d962ad222ad32531c789b386330849b90dd740baf5936
06_publication_results_and_docs/publications/hg-msa-tc-future-transportation/results/target_estimation/se38th_od_collapse_table.csv,4444,eab73dc35cab9fedd4b77d96cafec0dc4f1ae6ced7b2f66f55304c9db6ddd5c5
06_publication_results_and_docs/publications/hg-msa-tc-future-transportation/results/target_estimation/support_threshold_sensitivity.csv,3950,bea264711ecf628b07cf30b3255eb76c7171c5164c1584b74bb2588c685e235d
06_publication_results_and_docs/publications/hg-msa-tc-future-transportation/results/target_estimation/target_endpoint_region_assignments.csv,6293905,a22d5b075f09b4844d12af3a6a918fb9611a010984fe0e045f38f9b5eca3dcaf
06_publication_results_and_docs/publications/hg-msa-tc-future-transportation/results/target_estimation/target_endpoint_region_assignments.parquet,1784745,9ee9c96428e85b740f3bd850d75d10566642485b28aadfcc2224b0bcbca4e130
06_publication_results_and_docs/publications/hg-msa-tc-future-transportation/results/target_estimation/target_estimation_analysis_summary.json,734,c0a219376286b9ccf527d9ebd1a6962db99de9dad0cda2f01c7b90f2e4a99ffc
06_publication_results_and_docs/publications/hg-msa-tc-future-transportation/results/target_estimation/target_estimation_data_access_log.jsonl,3224,9fc1894556c89312118516cdacbdc042429db35a85993118c15dc8179752c5de
06_publication_results_and_docs/publications/hg-msa-tc-future-transportation/results/target_estimation/target_estimation_figure_manifest.csv,7942,bae77c0c286e7dc7ee6844ea1c3539f7b79bba2a87ae06606f1ce9bb8ed88eb9
06_publication_results_and_docs/publications/hg-msa-tc-future-transportation/results/target_estimation/target_reproduction.csv,1372,61df4d2449fc990620adc7cda94aaaec1eeaf6935a1b563f9109506e54624ca2
06_publication_results_and_docs/publications/hg-msa-tc-future-transportation/results/target_estimation/target_reproduction_lock.json,253,4382956480d64eaf700625377827ed070a4798a41d5fdfb4911b2480cca4042b
06_publication_results_and_docs/publications/hg-msa-tc-future-transportation/results/target_estimation/task_07_input_manifest.json,4885,7e9ec77af0905373945c31ef4e47ad04518e6ad7f887b2558b59a275cac87a05
06_publication_results_and_docs/publications/hg-msa-tc-future-transportation/results/target_estimation/task_07_result_manifest.json,4788,890e3615b3b0492b400883ea3243069bee7261eb5f99cc8d552544bdc6c297ae
06_publication_results_and_docs/publications/hg-msa-tc-future-transportation/results/target_estimation/task_07_validation_results.json,359,ae4798b4279c99ab25acab031ef051941940657397b67c380207d8154f7764f2
06_publication_results_and_docs/TNVD2_UPLOAD_PACKAGE/07_perspective_transformation_tool/docs/perspective_transformation_tool.md,10511,7adad18d7458b28c8aab4af498341ef890f8729d0fed8ecdfefcb8208e25ee74
06_publication_results_and_docs/TNVD2_UPLOAD_PACKAGE/09_metadata_and_statistics/traffic_node_dataset_2_0_starter_pack/tnvd2_starter_pack/github_pages/docs/perspective_transformation_tool.md,10511,7adad18d7458b28c8aab4af498341ef890f8729d0fed8ecdfefcb8208e25ee74
06_publication_results_and_docs/TNVD2_UPLOAD_PACKAGE/09_metadata_and_statistics/Traffic_Node_Video_Dataset_2_0_2026/09_GITHUB_PAGES_EXPORT/docs/perspective_transformation_tool.md,10511,7adad18d7458b28c8aab4af498341ef890f8729d0fed8ecdfefcb8208e25ee74
06_publication_results_and_docs/traffic_node_dataset_2_0_starter_pack/tnvd2_starter_pack/github_pages/docs/.gitkeep,0,e3b0c44298fc1c149afbf4c8996fb92427ae41e4649b934ca495991b7852b855
06_publication_results_and_docs/traffic_node_dataset_2_0_starter_pack/tnvd2_starter_pack/github_pages/docs/perspective_transformation_tool.md,10511,7adad18d7458b28c8aab4af498341ef890f8729d0fed8ecdfefcb8208e25ee74
06_publication_results_and_docs/Traffic_Node_Video_Dataset_2_0_2026/09_GITHUB_PAGES_EXPORT/docs/.gitkeep,0,e3b0c44298fc1c149afbf4c8996fb92427ae41e4649b934ca495991b7852b855
06_publication_results_and_docs/Traffic_Node_Video_Dataset_2_0_2026/09_GITHUB_PAGES_EXPORT/docs/perspective_transformation_tool.md,10511,7adad18d7458b28c8aab4af498341ef890f8729d0fed8ecdfefcb8208e25ee74
07_figures_and_website_assets/publications/hg-msa-tc-future-transportation/figures/baselines/independent_test/baseline_agreement_metrics.png,70088,821747949d26c04ce34012c9cec4da74baabea9459bb88cc77c8e40eb9a4fba3
07_figures_and_website_assets/publications/hg-msa-tc-future-transportation/figures/baselines/independent_test/baseline_outlier_percentage.png,64937,a470bfded569233b26cce617b66084ff672fc89093b2918f30a072c5deef1f6e
07_figures_and_website_assets/publications/hg-msa-tc-future-transportation/figures/baselines/independent_test/baseline_se38th_comparison.png,68706,838636062c38be4c6e3dfa14c5215e30811be8123d912cfbda2ef5cbd1ade762
07_figures_and_website_assets/publications/hg-msa-tc-future-transportation/figures/baselines/independent_test/baseline_target_error.png,67611,cfa6041d8ac09da4b2f8481900a074898c2ca39a469d240956a5843e9e56f3da
07_figures_and_website_assets/publications/hg-msa-tc-future-transportation/figures/baselines/independent_test/baseline_tradeoff_target_error_nmi.png,68702,1308e6babc51ad3cc988aceb00c80b486f648618f05ebfb89ce2ca12bea5ee3c
07_figures_and_website_assets/publications/hg-msa-tc-future-transportation/figures/emas/01_named_scenario_top_rank_stability.pdf,17114,d023426b878d73a109d5a16075325edf04970612353c5c578e8c135979e30a27
07_figures_and_website_assets/publications/hg-msa-tc-future-transportation/figures/emas/01_named_scenario_top_rank_stability.png,121691,5ca7403d48f923488ad119cbdcaea6e6e8cae57b6fff609c26484b4fb95acb8a
07_figures_and_website_assets/publications/hg-msa-tc-future-transportation/figures/emas/02_local_target_outlier_stability_heatmap.pdf,24196,7e08681c4df45d879fed88eaf7bbb20bfe1e52172245a95e81741d209b60d205
07_figures_and_website_assets/publications/hg-msa-tc-future-transportation/figures/emas/02_local_target_outlier_stability_heatmap.png,162755,5c4a32acaab317f148957e5e8a149a84284a45584034f1fcb4c990d6ed635c2d
07_figures_and_website_assets/publications/hg-msa-tc-future-transportation/figures/emas/03_rank_correlation_distribution.pdf,29094,368c376eaa1d7ddd29964cae8ea7ebc746ab6687192dbb1d47d61078c37df050
07_figures_and_website_assets/publications/hg-msa-tc-future-transportation/figures/emas/03_rank_correlation_distribution.png,133653,6bfa259b6edc65a6faf9fd0c188fb2363f1122b4c80e0ca5575523e66ac9f906
07_figures_and_website_assets/publications/hg-msa-tc-future-transportation/figures/emas/04_component_correlation_matrix.pdf,17297,ffe00c6a7ab5fa8512b6551bd5fadb546d97c951cb79cec3b13c7c41fabfe97f
07_figures_and_website_assets/publications/hg-msa-tc-future-transportation/figures/emas/04_component_correlation_matrix.png,138403,a0627ac366da5021f17689a2696e66a130505cc80efc3a19cb2989794ca21341
07_figures_and_website_assets/publications/hg-msa-tc-future-transportation/figures/emas/05_original_top_candidate_margins.pdf,16266,03adf3ada85a452801658594ce9f218a3747d7b43cca0589d9e4d625788722a4
07_figures_and_website_assets/publications/hg-msa-tc-future-transportation/figures/emas/05_original_top_candidate_margins.png,205153,263a0c3450afefd5cd57b771f6eee2057222ba43c790e9067c433815cf9e0ccd
07_figures_and_website_assets/publications/hg-msa-tc-future-transportation/figures/final_synthesis/final_agreement_metrics.png,56018,917742fe0bdadae623eb00f41e4d2dd27fc4d0246004bd25302a1b18d1dfe8d0
07_figures_and_website_assets/publications/hg-msa-tc-future-transportation/figures/final_synthesis/final_baseline_comparison_summary.png,74565,9291fa814d5f17ff9406163b2058fbf20e2d5b4c54ffc77b8f35fcb1c8999000
07_figures_and_website_assets/publications/hg-msa-tc-future-transportation/figures/final_synthesis/final_emas_weight_sensitivity_summary.png,42955,0f94fad4220088c72f5d886fdb813f6fd76a98ff9e0fdfbdc6d75e1b542f451b
07_figures_and_website_assets/publications/hg-msa-tc-future-transportation/figures/final_synthesis/final_hg_smg_pipeline_schematic.png,52242,53c3d20e07aad608e0eed5bd948f401580bf89771c565609aa12eb4ee6280c9c
07_figures_and_website_assets/publications/hg-msa-tc-future-transportation/figures/final_synthesis/final_homography_quality_sensitivity.png,160787,da8fefac6bb51374ba313fb1bd64c0c4f693ceee06c41ca7d9acd6972ce8b1c4
07_figures_and_website_assets/publications/hg-msa-tc-future-transportation/figures/final_synthesis/final_outlier_percentage.png,55665,79334de6914441e3b31806526d642469751a175212c8913450fe405e082d2fde
07_figures_and_website_assets/publications/hg-msa-tc-future-transportation/figures/final_synthesis/final_se38th_fragmentation_story.png,126818,8a44e0ca5c1b30771ea92b2e59ce0937476f8b99600a92eefda9ab5909bf6333
07_figures_and_website_assets/publications/hg-msa-tc-future-transportation/figures/final_synthesis/final_target_count_error.png,60030,d19d49907032d90d287122d0e39155689cac52b91daee2204a25091e31c0fd37
07_figures_and_website_assets/publications/hg-msa-tc-future-transportation/figures/final_synthesis/final_target_estimation_vs_observed.png,160349,660659b84e8ff20c83a6b5765303ac9fe8c256aa808d555bc0ee561a0c4c4e4b
07_figures_and_website_assets/publications/hg-msa-tc-future-transportation/figures/hg_smg/independent_test/ablation_summary.png,36160,aa87b2c440ef26203be7b2513fe5c7d743c7e871d2bf06ebc81e2c8cd4dc6d59
07_figures_and_website_assets/publications/hg-msa-tc-future-transportation/figures/hg_smg/independent_test/ari_by_scene.png,68603,940939851d8ee1bb5d6eaf06a86076c51b0027930bfa6d03ac578797d820f4ec
07_figures_and_website_assets/publications/hg-msa-tc-future-transportation/figures/hg_smg/independent_test/macro_f1_by_scene.png,70231,9430846564202321765b338f7e37f16fb42c5dbac220f42022122108e418c82f
07_figures_and_website_assets/publications/hg-msa-tc-future-transportation/figures/hg_smg/independent_test/nmi_by_scene.png,68534,78361b25d5ed3672fdd2490fd05eb9002ce6702dfb2fb7c06add46381da983ff
07_figures_and_website_assets/publications/hg-msa-tc-future-transportation/figures/hg_smg/independent_test/outlier_percentage.png,71355,a7f73106ff2f9266e9e4951bdf8fc94a39aec7b10a22206102c76cc59dbe8400
07_figures_and_website_assets/publications/hg-msa-tc-future-transportation/figures/hg_smg/independent_test/purity_by_scene.png,69945,7fda968788ad7175140bdb9a5feee256a52eeee7aacbba2736f1d04bf5251a3c
07_figures_and_website_assets/publications/hg-msa-tc-future-transportation/figures/hg_smg/independent_test/se38th_fragmentation_before_after.png,75644,bcfabce8412006990557cd43fcf6e78aac218673d0f4100d7be0bf6db230bd8f
07_figures_and_website_assets/publications/hg-msa-tc-future-transportation/figures/hg_smg/independent_test/sensitivity_robustness.png,68033,deb4b14a92885a8f920b7f335eb82fd87f9493c0dfe351b92de0223d748e6ab0
07_figures_and_website_assets/publications/hg-msa-tc-future-transportation/figures/hg_smg/independent_test/target_count_error_by_scene.png,76723,ad96ae3449e56c506cbed75eb745b385b5337e2228b6f73cabbfac369681367b
07_figures_and_website_assets/publications/hg-msa-tc-future-transportation/figures/homography/homography_quality_summary.pdf,16883,dadb17fea2aa10fac38105b94af935d57f13eafb81cca720e6a0b719a14d68d5
07_figures_and_website_assets/publications/hg-msa-tc-future-transportation/figures/homography/homography_quality_summary.png,103377,fca41c35f0d053f3381ee9b1d3daa712db6cad194d09f4ab4fcd1c01442acf9d
07_figures_and_website_assets/publications/hg-msa-tc-future-transportation/figures/homography/jackknife_target_stability.pdf,14701,ce9949efdb6d625b0a82a6b9bccc960cf5014cb65393eb1d72929f498acf778a
07_figures_and_website_assets/publications/hg-msa-tc-future-transportation/figures/homography/jackknife_target_stability.png,87673,50bf17ea48cf85527d4136bdbe83e5e10d4bd97a54010bfa2a02ea6ee353a02e
07_figures_and_website_assets/publications/hg-msa-tc-future-transportation/figures/homography/quality_vs_target_error_descriptive.pdf,18621,cdbcc5db82fb4d3c7b505a04b5fe6acf704b3212e4afa944190c38232758a439
07_figures_and_website_assets/publications/hg-msa-tc-future-transportation/figures/homography/quality_vs_target_error_descriptive.png,83390,42bcf8ead0e0fc17b454a73f58882545311100d6c5780637bbb24faf4159e3d4
07_figures_and_website_assets/publications/hg-msa-tc-future-transportation/figures/homography/target_preservation_by_scale.pdf,17990,ae46909405595ad0e5e50aa9c06afe6cbde8eebb613f343bc6e14de1a310e28f
07_figures_and_website_assets/publications/hg-msa-tc-future-transportation/figures/homography/target_preservation_by_scale.png,122556,65c61ad2f505940fc0c6495e4dd4b6d49417e5b654ca2772934adf5146ea54e4
07_figures_and_website_assets/publications/hg-msa-tc-future-transportation/figures/homography/bellevue_116th_ne12th/calibration_source_points.pdf,626609,ec6d80cea58dc1c03965267359a30af9d3b2814f80b312b0ebb90276e4064bce
07_figures_and_website_assets/publications/hg-msa-tc-future-transportation/figures/homography/bellevue_116th_ne12th/calibration_source_points.png,2607738,7a755fb1d6978c1fe797ba4f89ccce8fdc1614dc059727be54e6ef8907eb9ed3
07_figures_and_website_assets/publications/hg-msa-tc-future-transportation/figures/homography/bellevue_116th_ne12th/destination_reprojection_vectors.pdf,20401,56aadcd62e6aa49842ed077caaaf6444b360c3d567664ac232d30a7e4df899be
07_figures_and_website_assets/publications/hg-msa-tc-future-transportation/figures/homography/bellevue_116th_ne12th/destination_reprojection_vectors.png,173271,304dd21e6c0dc1d686d9217617fcd2321ba2573d99e04489ba6eefd97328c9c1
07_figures_and_website_assets/publications/hg-msa-tc-future-transportation/figures/homography/bellevue_116th_ne12th/perturbation_target_distribution.pdf,19634,270f5d41831d2b74b25bd26227607acbe8bb04406705ba5bfe8e2d7b8c491c9d
07_figures_and_website_assets/publications/hg-msa-tc-future-transportation/figures/homography/bellevue_116th_ne12th/perturbation_target_distribution.png,62965,27ee3e1ea52f9c2e926fff9bd07accc1a1d32eab8d86f908bf316a0ecdb897b6
07_figures_and_website_assets/publications/hg-msa-tc-future-transportation/figures/homography/bellevue_116th_ne12th/source_coverage_and_extrapolation.pdf,649079,1823922defaa9bd9a6c49d0340d26c4eacedc466852d3f71009a5111dce56b81
07_figures_and_website_assets/publications/hg-msa-tc-future-transportation/figures/homography/bellevue_116th_ne12th/source_coverage_and_extrapolation.png,2665156,44ee19be7d8b26b0995c24267e7d6761ba3709ffcbd8e260bb96a06e44e47636
07_figures_and_website_assets/publications/hg-msa-tc-future-transportation/figures/homography/bellevue_116th_ne12th/sparse_residual_interpolation.pdf,549592,90e13f055c65d8dadf063fb0ee762f3bf3c2a0e63c7b41a12ef3fda29158f89a
07_figures_and_website_assets/publications/hg-msa-tc-future-transportation/figures/homography/bellevue_116th_ne12th/sparse_residual_interpolation.png,150576,7a803a951d3ffab7d3a603e35fa47dc681170423d33e835cce8e67949402797e
07_figures_and_website_assets/publications/hg-msa-tc-future-transportation/figures/homography/bellevue_150th_eastgate/calibration_source_points.pdf,537790,9ce245acc7038ef4e0797c808ffded1ee0eccfbace6a773b245889289ae2c09c
07_figures_and_website_assets/publications/hg-msa-tc-future-transportation/figures/homography/bellevue_150th_eastgate/calibration_source_points.png,2161721,90b4d4eb6d17d892991ee347228877c87c749dfdbd902f8e3e1fd5307f31a1d8
07_figures_and_website_assets/publications/hg-msa-tc-future-transportation/figures/homography/bellevue_150th_eastgate/destination_reprojection_vectors.pdf,18626,f867a1ccdc5e73ec5608cc9d8b3999f23d976f7f043679f5c56dc45fba3b7cb7
07_figures_and_website_assets/publications/hg-msa-tc-future-transportation/figures/homography/bellevue_150th_eastgate/destination_reprojection_vectors.png,135424,28d23640a3c6e0f838740e278d911c2c7880153e72afc95c6c5a7441f474dfa8
07_figures_and_website_assets/publications/hg-msa-tc-future-transportation/figures/homography/bellevue_150th_eastgate/perturbation_target_distribution.pdf,19090,e1e591d900227cd3ca05c6b2d952f848dbd7e1d833b2904bf8f5a37226cdeeae
07_figures_and_website_assets/publications/hg-msa-tc-future-transportation/figures/homography/bellevue_150th_eastgate/perturbation_target_distribution.png,69652,0ba0c3f4053c53e32a7370550c177fbd6594596e5599fa5cc303293d68096ec9
07_figures_and_website_assets/publications/hg-msa-tc-future-transportation/figures/homography/bellevue_150th_eastgate/source_coverage_and_extrapolation.pdf,600465,cb66549ba240d67511ffecb905cb5779809b1f5176b0f4d586b177c679fcc255
07_figures_and_website_assets/publications/hg-msa-tc-future-transportation/figures/homography/bellevue_150th_eastgate/source_coverage_and_extrapolation.png,2283357,edf1de5db96f75ad77b95eb6dae225ba3f2442331a3f5770d5af4a8c0a85abd2
07_figures_and_website_assets/publications/hg-msa-tc-future-transportation/figures/homography/bellevue_150th_eastgate/sparse_residual_interpolation.pdf,607341,496caa8c225595627f65eadca5b04c0d38dc523e335c14e02b3b42af5bc45296
07_figures_and_website_assets/publications/hg-msa-tc-future-transportation/figures/homography/bellevue_150th_eastgate/sparse_residual_interpolation.png,135509,d4ef2e7916b401d795072e73447a5c8af60ca6aeb80922a3bcdf96fe4574ecfd
07_figures_and_website_assets/publications/hg-msa-tc-future-transportation/figures/homography/bellevue_150th_newport/calibration_source_points.pdf,652418,47f2f26e8e3aed5ee5f00c67bfc78f70a2549a713b89104316c82513ed7e3386
07_figures_and_website_assets/publications/hg-msa-tc-future-transportation/figures/homography/bellevue_150th_newport/calibration_source_points.png,2805220,f52332a1ad0b55aaf41902afaef858fa911278ebaa575a2692306f3ae3c5b168
07_figures_and_website_assets/publications/hg-msa-tc-future-transportation/figures/homography/bellevue_150th_newport/destination_reprojection_vectors.pdf,19266,767ab56631e42af78dd4157679f6103aa2e6376ae47eba88afec8cd7f3deb345
07_figures_and_website_assets/publications/hg-msa-tc-future-transportation/figures/homography/bellevue_150th_newport/destination_reprojection_vectors.png,151426,0f55daad501da17fe4b35aafd8cfbf3a63afec425994f15814cccc90057bd273
07_figures_and_website_assets/publications/hg-msa-tc-future-transportation/figures/homography/bellevue_150th_newport/perturbation_target_distribution.pdf,19149,6473eab949aa072aaee7616d66b76df51c11f39c9a3306c75dddce2510c9cbd7
07_figures_and_website_assets/publications/hg-msa-tc-future-transportation/figures/homography/bellevue_150th_newport/perturbation_target_distribution.png,68011,c2b59a8753036cc76fd59bb17a043588f8539be01233656c3f65196cfb1d388d
07_figures_and_website_assets/publications/hg-msa-tc-future-transportation/figures/homography/bellevue_150th_newport/source_coverage_and_extrapolation.pdf,715040,d2b2034f3ed1a37e763f5c48c593a6004bdd1f5420b5ca5f1da5256f82a964ef
07_figures_and_website_assets/publications/hg-msa-tc-future-transportation/figures/homography/bellevue_150th_newport/source_coverage_and_extrapolation.png,2841799,35ce96ccddbe70cef53e572bb7bd9fe093ecc7c4bffb916620dd426cd6a8c95b
07_figures_and_website_assets/publications/hg-msa-tc-future-transportation/figures/homography/bellevue_150th_newport/sparse_residual_interpolation.pdf,569105,c8a65a847004ae872cfc7ec720cd2127a0a4b18d0a4a4826c9fd0b65230281a2
07_figures_and_website_assets/publications/hg-msa-tc-future-transportation/figures/homography/bellevue_150th_newport/sparse_residual_interpolation.png,136791,2655473bbcc1df6d63f6984339dc1ef00c5e88c6ded4d8c62542c5d48d5282df
07_figures_and_website_assets/publications/hg-msa-tc-future-transportation/figures/homography/bellevue_150th_se38th/calibration_source_points.pdf,597139,8ea6104d70120959bfb4b41383c4c52a3670ff203a3d8dce06e284bac0ed64f6
07_figures_and_website_assets/publications/hg-msa-tc-future-transportation/figures/homography/bellevue_150th_se38th/calibration_source_points.png,2485720,8ac7d9fe4e2cd86b2cc51d9afeb0ab955e3a6462d3cb384053a9f1a28013935f
07_figures_and_website_assets/publications/hg-msa-tc-future-transportation/figures/homography/bellevue_150th_se38th/destination_reprojection_vectors.pdf,20304,50403bb2d58b2b701c0bf8a6d76a52c2897deed056ac5b89d55cceceea11a68d
07_figures_and_website_assets/publications/hg-msa-tc-future-transportation/figures/homography/bellevue_150th_se38th/destination_reprojection_vectors.png,164149,070350379a9c32f3df5bb4d58edadb9d9f7ce2097db81f83adbc1e0cd9b5d736
07_figures_and_website_assets/publications/hg-msa-tc-future-transportation/figures/homography/bellevue_150th_se38th/perturbation_target_distribution.pdf,18697,3fd051784c5dfc4a6c0b5db641f601ed25d8417bfa0d9758fa7a201179084ec5
07_figures_and_website_assets/publications/hg-msa-tc-future-transportation/figures/homography/bellevue_150th_se38th/perturbation_target_distribution.png,67553,9b8eb81d66e9e203aed9b9d661e24dfa04ff90c44347e6df927d7cafdb6697a0
07_figures_and_website_assets/publications/hg-msa-tc-future-transportation/figures/homography/bellevue_150th_se38th/source_coverage_and_extrapolation.pdf,660434,5e8af35ba5922c0810866848725b594711873c13914655c011b88385f0301fee
07_figures_and_website_assets/publications/hg-msa-tc-future-transportation/figures/homography/bellevue_150th_se38th/source_coverage_and_extrapolation.png,2518749,528a126ff790549e2b5c9d7ff55eee84d94d04c998fb1c26c647ac9aea44a3a0
07_figures_and_website_assets/publications/hg-msa-tc-future-transportation/figures/homography/bellevue_150th_se38th/sparse_residual_interpolation.pdf,623111,26def724ec79f5315b1fbfe8580e2a13f125d4da0d7c5946e402ead6296c78c4
07_figures_and_website_assets/publications/hg-msa-tc-future-transportation/figures/homography/bellevue_150th_se38th/sparse_residual_interpolation.png,146002,3586b3bf96020e4a6ded189fc52d8743b73a50b1fef99e48111a5d4e18b5c907
07_figures_and_website_assets/publications/hg-msa-tc-future-transportation/figures/homography/bellevue_ne8th/calibration_source_points.pdf,598823,7445b7b7379acec871f1abecee94f649e0eda7f117642aa03fe0e6c9843eccb3
07_figures_and_website_assets/publications/hg-msa-tc-future-transportation/figures/homography/bellevue_ne8th/calibration_source_points.png,2518303,e18699b34b5e219050aab20910354b5436f8a9c78c99b7535ddfbcdee1d56104
07_figures_and_website_assets/publications/hg-msa-tc-future-transportation/figures/homography/bellevue_ne8th/destination_reprojection_vectors.pdf,19085,3946af65a0102b064dfa730fc395ed4e4e2899d5d5cbcdf107fdec0f869d1942
07_figures_and_website_assets/publications/hg-msa-tc-future-transportation/figures/homography/bellevue_ne8th/destination_reprojection_vectors.png,147993,a5c5a63d1cd45a7b760230e9e4d22f6639cce60bebe480cd0f87d507ef63e69a
07_figures_and_website_assets/publications/hg-msa-tc-future-transportation/figures/homography/bellevue_ne8th/perturbation_target_distribution.pdf,19685,47bd6b049fa62d3ef8b8292d2ca1647aba9163043ebd860940678abdea6e0b76
07_figures_and_website_assets/publications/hg-msa-tc-future-transportation/figures/homography/bellevue_ne8th/perturbation_target_distribution.png,66475,b4d8167c3250449de0d5e93f0b926bc1b86b1a7536ce3bc15af4bbab71aa7be2
07_figures_and_website_assets/publications/hg-msa-tc-future-transportation/figures/homography/bellevue_ne8th/source_coverage_and_extrapolation.pdf,661907,d8015795a3d79c5dda3b67c1306791afd44e053aafe5781b3809375710d89e97
07_figures_and_website_assets/publications/hg-msa-tc-future-transportation/figures/homography/bellevue_ne8th/source_coverage_and_extrapolation.png,2584726,fad9b329f73d177d594f155d125f7150ba6a85948d3d09b4be26b66890620bf0
07_figures_and_website_assets/publications/hg-msa-tc-future-transportation/figures/homography/bellevue_ne8th/sparse_residual_interpolation.pdf,602379,5eccd61c1fb9a2ea20bd052c06e2329ad3f9efa24f47d5681c0b54d90c206227
07_figures_and_website_assets/publications/hg-msa-tc-future-transportation/figures/homography/bellevue_ne8th/sparse_residual_interpolation.png,134238,500dacc981963a5f8bace57c23f5f28a9d92816be257f88196eae1f477a520ef
07_figures_and_website_assets/publications/hg-msa-tc-future-transportation/figures/independent_test/01_observed_target_error_by_scene.pdf,17783,668421e7be3078f77a105ea901cb627dbfd7b3288921555db853aa0a7ca813f6
07_figures_and_website_assets/publications/hg-msa-tc-future-transportation/figures/independent_test/01_observed_target_error_by_scene.png,131224,f37036e67608dc743bad005281302582e25a318d582831f33dfa7bf68bb88dce
07_figures_and_website_assets/publications/hg-msa-tc-future-transportation/figures/independent_test/02_independent_agreement_metrics.pdf,26059,55db2e7c8d639260faf5955ab13c38018c532cb5ac723226a87c3342cf31cd08
07_figures_and_website_assets/publications/hg-msa-tc-future-transportation/figures/independent_test/02_independent_agreement_metrics.png,286591,6dc891ef1b0e9ff7e3e2a4ba05f703cc97fca90d4b1fa11131c5eeafa018b92b
07_figures_and_website_assets/publications/hg-msa-tc-future-transportation/figures/independent_test/03_outlier_percentage_by_scene_method.pdf,17998,88ad097a2a7b7be8ec7160323e906760e982a13a0f62c067932b5ee03900dfe8
07_figures_and_website_assets/publications/hg-msa-tc-future-transportation/figures/independent_test/03_outlier_percentage_by_scene_method.png,113145,a6bb4734b40ca82a45e0da60771cebaef6328931b9a9501f27ef8c4e4eb25b80
07_figures_and_website_assets/publications/hg-msa-tc-future-transportation/figures/independent_test/04_target_estimation_comparison.pdf,16088,54a79c6a948211575a17ea3d2362657f094d062e1d907af2497d5730ca731287
07_figures_and_website_assets/publications/hg-msa-tc-future-transportation/figures/independent_test/04_target_estimation_comparison.png,158024,c3757aac568cae8d0c867579ae6e2b5cc31310e22c556e18fdb8259fc0582f38
07_figures_and_website_assets/publications/hg-msa-tc-future-transportation/figures/independent_test/05_target_alignment_vs_macro_f1.pdf,17562,68bcdda0568e0ac4ee65219f2f31a26051e9e122dfb2868a4f8df48b8e715256
07_figures_and_website_assets/publications/hg-msa-tc-future-transportation/figures/independent_test/05_target_alignment_vs_macro_f1.png,139575,6560dbad4a6f28c0b337e11791b9de15e697380f3568f455a289e7274d2b53b2
07_figures_and_website_assets/publications/hg-msa-tc-future-transportation/figures/target_estimation/region_count_sensitivity.pdf,31340,3551ecadea0f76b2f54e24bfed40c04647a896712f63859515bf4e62ac1b272b
07_figures_and_website_assets/publications/hg-msa-tc-future-transportation/figures/target_estimation/region_count_sensitivity.png,270197,2630d4c527138fd2338bdcfb0d7144e38b23645b1fe54a5ebc346af1f40af751
07_figures_and_website_assets/publications/hg-msa-tc-future-transportation/figures/target_estimation/se38th_hg_kmeans_fragmentation.pdf,658294,9168da3f59d7c3002a131b3f826d691514e6b97500c72391386ba46921f52211
07_figures_and_website_assets/publications/hg-msa-tc-future-transportation/figures/target_estimation/se38th_hg_kmeans_fragmentation.png,2873134,9f241eaf66bb84ff540fdf2888990faddd27f194916ab4081286bd94c82b2897
07_figures_and_website_assets/publications/hg-msa-tc-future-transportation/figures/target_estimation/support_threshold_sensitivity.pdf,23241,851e3dcc4657c1c7e88072802f4acd392eae3398d54179eb22ee1144522f8a18
07_figures_and_website_assets/publications/hg-msa-tc-future-transportation/figures/target_estimation/support_threshold_sensitivity.png,239493,55fe0ac794762c8ed222cd6a8ea8349abec10aeeb07f48665b3d12e8de618225
07_figures_and_website_assets/publications/hg-msa-tc-future-transportation/figures/target_estimation/bellevue_116th_ne12th/angular_histogram.pdf,18772,fd09cb6838b216e82727527eceaf3143c878d5cf32336c34591f3a08873b7bff
07_figures_and_website_assets/publications/hg-msa-tc-future-transportation/figures/target_estimation/bellevue_116th_ne12th/angular_histogram.png,92049,24b63ab6ab629a548a19639576f387f1c2fabd69cbf5c456077673ece7aa001b
07_figures_and_website_assets/publications/hg-msa-tc-future-transportation/figures/target_estimation/bellevue_116th_ne12th/entry_region_map.pdf,633112,e585b5c497ecc952a4d998a9cb616f1befe6bcaf48e3701ce2061243ebe09800
07_figures_and_website_assets/publications/hg-msa-tc-future-transportation/figures/target_estimation/bellevue_116th_ne12th/entry_region_map.png,3312277,eea4a0e2b9af0629f5f1b77c5078ef8044a0fec49b3cd05d0915d6c9cae4b9bd
07_figures_and_website_assets/publications/hg-msa-tc-future-transportation/figures/target_estimation/bellevue_116th_ne12th/exit_region_map.pdf,632689,8a99f1c15610b8a718eb7eebabd903bed83f35b9b441fead679326a780bf08c5
07_figures_and_website_assets/publications/hg-msa-tc-future-transportation/figures/target_estimation/bellevue_116th_ne12th/exit_region_map.png,3311887,f214aed3f777a9b4f6dcf3002b48e5bb05c6f5c892a8275fe712013533d64482
07_figures_and_website_assets/publications/hg-msa-tc-future-transportation/figures/target_estimation/bellevue_116th_ne12th/od_support_matrix.pdf,19306,992625ecbebde3b5b1db190ae1731cfd96112d8b1cdf8ba0e1d93fa89c252e11
07_figures_and_website_assets/publications/hg-msa-tc-future-transportation/figures/target_estimation/bellevue_116th_ne12th/od_support_matrix.png,109112,232933edf140f583510b00fc2350b30958e25f3b172bfc711dd52943ae6480f4
07_figures_and_website_assets/publications/hg-msa-tc-future-transportation/figures/target_estimation/bellevue_116th_ne12th/od_support_matrix_thresholded.pdf,19133,325988b7b87e3c5047f7df6507ef7ef6b7d92731396be213c1ac6f8e2e10e6a6
07_figures_and_website_assets/publications/hg-msa-tc-future-transportation/figures/target_estimation/bellevue_116th_ne12th/od_support_matrix_thresholded.png,86390,ba571efba29b13012ff692dd3ae2b969fe7b28a5b777c6d502a74421634809a8
07_figures_and_website_assets/publications/hg-msa-tc-future-transportation/figures/target_estimation/bellevue_150th_eastgate/angular_histogram.pdf,18600,870eadacbe167cae5edd1a9933c517189847d0242297a83aca3420a62d785113
07_figures_and_website_assets/publications/hg-msa-tc-future-transportation/figures/target_estimation/bellevue_150th_eastgate/angular_histogram.png,91869,df3f59cab226b16342e6f1f5e3ab6966656fd06c555947ec4364c63e42874013
07_figures_and_website_assets/publications/hg-msa-tc-future-transportation/figures/target_estimation/bellevue_150th_eastgate/entry_region_map.pdf,787867,6151ead695bf4d856a681e2f6e7071d90dcb5176bba7b9d6bd95096744717d5e
07_figures_and_website_assets/publications/hg-msa-tc-future-transportation/figures/target_estimation/bellevue_150th_eastgate/entry_region_map.png,3717479,4a6278cec219a8632735333757569842563628a5b9e1da9a37ddfec0465c76a9
07_figures_and_website_assets/publications/hg-msa-tc-future-transportation/figures/target_estimation/bellevue_150th_eastgate/exit_region_map.pdf,784952,fc00f790afc3f27ba262d8a4eb9ebf9e98b51d7b243eedc3356e6fe2148006b9
07_figures_and_website_assets/publications/hg-msa-tc-future-transportation/figures/target_estimation/bellevue_150th_eastgate/exit_region_map.png,3732878,0fb7661e35b5418b96f52bdc3778c9211f5e468d39fa66221328a9ff8fc2f159
07_figures_and_website_assets/publications/hg-msa-tc-future-transportation/figures/target_estimation/bellevue_150th_eastgate/od_support_matrix.pdf,18620,233ea6db7e8083721f99fad5f19c1bd7aa7e3a477070801ca35bfc6d6b6e8432
07_figures_and_website_assets/publications/hg-msa-tc-future-transportation/figures/target_estimation/bellevue_150th_eastgate/od_support_matrix.png,103126,d7383b6c03ca4c441abbd0ace635324d4f9bb09b883c7cf17206074f43a8e321
07_figures_and_website_assets/publications/hg-msa-tc-future-transportation/figures/target_estimation/bellevue_150th_eastgate/od_support_matrix_thresholded.pdf,19525,dd79d0e2c9bfdc107b4e31bf48aa061a070edcc8e48355f150615046f8a7b12d
07_figures_and_website_assets/publications/hg-msa-tc-future-transportation/figures/target_estimation/bellevue_150th_eastgate/od_support_matrix_thresholded.png,96155,bd6d439aa79f57de2c04c74be7d6c578a6ad745065a8e4edbc9341af29ba8eec
07_figures_and_website_assets/publications/hg-msa-tc-future-transportation/figures/target_estimation/bellevue_150th_newport/angular_histogram.pdf,18517,b4fd104b901e27586b762008dad5a75c176e1171797d1bf23f55f9223987eff5
07_figures_and_website_assets/publications/hg-msa-tc-future-transportation/figures/target_estimation/bellevue_150th_newport/angular_histogram.png,90893,05c5030038f3318fa415ddd7fb75584a439fee066a6034718a8b455d09c91196
07_figures_and_website_assets/publications/hg-msa-tc-future-transportation/figures/target_estimation/bellevue_150th_newport/entry_region_map.pdf,713281,a85bf67af5a97f7b8f6f9e49baa724c12416c5ddb60047b001b704dde682a07d
07_figures_and_website_assets/publications/hg-msa-tc-future-transportation/figures/target_estimation/bellevue_150th_newport/entry_region_map.png,3862330,65d556659b9b6cd513e161bf92865851d12950f74e34d9a49e64c46210f7b31c
07_figures_and_website_assets/publications/hg-msa-tc-future-transportation/figures/target_estimation/bellevue_150th_newport/exit_region_map.pdf,712691,0616631a77d066de95a6eb50c59acd7d641f1e3166402e9bc4be8c5c4bc8ddc7
07_figures_and_website_assets/publications/hg-msa-tc-future-transportation/figures/target_estimation/bellevue_150th_newport/exit_region_map.png,3865142,0dbd1515088898dabeeabbc0808f89b06995a032ed57d6d96d6ece71e106798a
07_figures_and_website_assets/publications/hg-msa-tc-future-transportation/figures/target_estimation/bellevue_150th_newport/od_support_matrix.pdf,19305,a96796dd554de75923e767f1c4c3355299e2c55ae54b6a4aa344969fa3d58b94
07_figures_and_website_assets/publications/hg-msa-tc-future-transportation/figures/target_estimation/bellevue_150th_newport/od_support_matrix.png,105144,d772fde985822ece2cedf8307134658d306ee72bf0e0eda5a856a89b51b99f0b
07_figures_and_website_assets/publications/hg-msa-tc-future-transportation/figures/target_estimation/bellevue_150th_newport/od_support_matrix_thresholded.pdf,19635,185ab77be9798945ecc4a6c81e259b5a56c057a97c7082dd4967daf10e1a95a1
07_figures_and_website_assets/publications/hg-msa-tc-future-transportation/figures/target_estimation/bellevue_150th_newport/od_support_matrix_thresholded.png,87703,023cb5ecb9ea00ccffd431ac5a7593ad1fd13696d9d95b06d329bb57fa21720b
07_figures_and_website_assets/publications/hg-msa-tc-future-transportation/figures/target_estimation/bellevue_150th_se38th/angular_histogram.pdf,19452,318d0899b896fdb7b895eed044d19f4a5b4febd970928c97236c9c1b30ba64ea
07_figures_and_website_assets/publications/hg-msa-tc-future-transportation/figures/target_estimation/bellevue_150th_se38th/angular_histogram.png,100616,dd4ce10d712a5553f5949a49813f16eb5db91744146a2288126441b5d71ae382
07_figures_and_website_assets/publications/hg-msa-tc-future-transportation/figures/target_estimation/bellevue_150th_se38th/entry_region_map.pdf,659018,0977db9146df4feca78e962f02cbd2d73331addd4b76da6dbd843ad1de225265
07_figures_and_website_assets/publications/hg-msa-tc-future-transportation/figures/target_estimation/bellevue_150th_se38th/entry_region_map.png,3382651,439efb08c130fae3f27e3f80af148c3a2ef34cf651afd0b64c9086b2f6472ac1
07_figures_and_website_assets/publications/hg-msa-tc-future-transportation/figures/target_estimation/bellevue_150th_se38th/exit_region_map.pdf,658032,cf8b8a823f8531099bad77d826e1cabadef051dcdd39d9b6cb9061b1afd64317
07_figures_and_website_assets/publications/hg-msa-tc-future-transportation/figures/target_estimation/bellevue_150th_se38th/exit_region_map.png,3409392,f212975db5946e3372850bdf48a4de1ee5a148715d1fd18133988fe3ea5812fc
07_figures_and_website_assets/publications/hg-msa-tc-future-transportation/figures/target_estimation/bellevue_150th_se38th/od_support_matrix.pdf,20657,edef48eba462a5fbfecbadb32152a2612f84bcd1e550e83393692bc83fdee273
07_figures_and_website_assets/publications/hg-msa-tc-future-transportation/figures/target_estimation/bellevue_150th_se38th/od_support_matrix.png,121587,62329449cf3f327e46ee4b1995bbd04c74e9d7764562a61f5b263f643b527610
07_figures_and_website_assets/publications/hg-msa-tc-future-transportation/figures/target_estimation/bellevue_150th_se38th/od_support_matrix_thresholded.pdf,20683,25c4aad9a322b4a4a54184e53cd45a71f92a32b264ba7ca4d963cecf6a52a354
07_figures_and_website_assets/publications/hg-msa-tc-future-transportation/figures/target_estimation/bellevue_150th_se38th/od_support_matrix_thresholded.png,98094,9ca18db7270484559b99215612b84d368ff7d6f9795037ef1a29b22722d748c9
07_figures_and_website_assets/publications/hg-msa-tc-future-transportation/figures/target_estimation/bellevue_ne8th/angular_histogram.pdf,18678,46a4cf7d78c2f4189fb6ff7a5efd843f0dc79bdaf1ebc2ae2494e37c2ff805c2
07_figures_and_website_assets/publications/hg-msa-tc-future-transportation/figures/target_estimation/bellevue_ne8th/angular_histogram.png,91940,77b61342625a6492d552d784fa248239724a82f7fbdd626007a6fd35c258680a
07_figures_and_website_assets/publications/hg-msa-tc-future-transportation/figures/target_estimation/bellevue_ne8th/entry_region_map.pdf,720380,6d49af4471483a8328ead3040a09490c72e80e354f5629a28bce319694b76a4a
07_figures_and_website_assets/publications/hg-msa-tc-future-transportation/figures/target_estimation/bellevue_ne8th/entry_region_map.png,3873319,f382b99ca448f99b5846e62c25dc1a80d779dc0bb32f702e00648be946fd7ab6
07_figures_and_website_assets/publications/hg-msa-tc-future-transportation/figures/target_estimation/bellevue_ne8th/exit_region_map.pdf,719744,5483d7e0fce618b2841a6b53ec2f2d5c6f7b677137c66fd59cfce30866ae1aec
07_figures_and_website_assets/publications/hg-msa-tc-future-transportation/figures/target_estimation/bellevue_ne8th/exit_region_map.png,3872537,5c4e36a9094219363e64eb5ccbf8ea27e7c1659986c81274a4c7699b30a3fd46
07_figures_and_website_assets/publications/hg-msa-tc-future-transportation/figures/target_estimation/bellevue_ne8th/od_support_matrix.pdf,19108,6e484413bef1fb71953911cf055b1e839e61b397c6d16a68b7979928c3b35d56
07_figures_and_website_assets/publications/hg-msa-tc-future-transportation/figures/target_estimation/bellevue_ne8th/od_support_matrix.png,105862,bb878435bc8547200e4693fceb14d5957ea1ee9856925e24276ee76b0712d3c3
07_figures_and_website_assets/publications/hg-msa-tc-future-transportation/figures/target_estimation/bellevue_ne8th/od_support_matrix_thresholded.pdf,19519,9b612b02614d9e0013c0c33bc63e11177d44ac9baa3257ca464d532a1f56aae6
07_figures_and_website_assets/publications/hg-msa-tc-future-transportation/figures/target_estimation/bellevue_ne8th/od_support_matrix_thresholded.png,92552,d1583d8c65f886f07d381338be2f1449dda388ebcefffb8d132f02b10ec80b8d
07_figures_and_website_assets/publications/hg-msa-tc-future-transportation/site/assets/images/final_agreement_metrics_preview.png,35285,3538e09ec6488d07cac9432c4fd4bece03ea172f1e148f2cc77b682c4fae2309
07_figures_and_website_assets/publications/hg-msa-tc-future-transportation/site/assets/images/final_baseline_comparison_summary_preview.png,61040,60a30994186ebfab42e79f2d21c9ff808ba28a336ecdbfce8c9060951efd57c7
07_figures_and_website_assets/publications/hg-msa-tc-future-transportation/site/assets/images/final_hg_smg_pipeline_schematic_preview.png,37366,e9caaaa306bc4fd1a8068cfbe0380bb6f98a648bdc68e931c3faa4fdee6d7463
07_figures_and_website_assets/publications/hg-msa-tc-future-transportation/site/assets/images/final_se38th_fragmentation_story_preview.png,69504,1d34abd0e8ef142ec35b150e86d263f9f110a96b1727923fb8f91e73c51dccc5
07_figures_and_website_assets/publications/hg-msa-tc-future-transportation/site/assets/images/final_target_count_error_preview.png,40275,43cff25106fe40d41aa8d55c7119e3a9fb4bed511c7fd7657fbc8f48ff24460e
07_figures_and_website_assets/TNVD2_UPLOAD_PACKAGE/07_perspective_transformation_tool/docs/assets/perspective_transformation_tool/input_frame.png,1338900,2372972099490fc00db8f002c577be377c6e44b6a3f675d344f3088b5228f086
07_figures_and_website_assets/TNVD2_UPLOAD_PACKAGE/07_perspective_transformation_tool/docs/assets/perspective_transformation_tool/selected_point_pairs_camera.png,2113777,f5b1c0dd4123d1b942c10ff66dcd07c281d5d140ae01f0fc87241ba3dc59ed2d
07_figures_and_website_assets/TNVD2_UPLOAD_PACKAGE/07_perspective_transformation_tool/docs/assets/perspective_transformation_tool/selected_point_pairs_topview.png,3344504,717ee86bc545cab41a29416a572a3176d9769f439d9904617a19c1ea18664b7d
07_figures_and_website_assets/TNVD2_UPLOAD_PACKAGE/07_perspective_transformation_tool/docs/assets/perspective_transformation_tool/transformed_topview_output.png,859924,4211afb0f4516c30bcfd7e1ee348d2b85799fffe3f9178494d3fefaa7864a7fa
07_figures_and_website_assets/TNVD2_UPLOAD_PACKAGE/07_perspective_transformation_tool/docs/assets/perspective_transformation_tool/transformed_trajectories.png,3388655,af78ec71ea81f238b858e8d04e6040ef9b65cbf854a2567052ccf7dab198b20d
07_figures_and_website_assets/TNVD2_UPLOAD_PACKAGE/09_metadata_and_statistics/traffic_node_dataset_2_0_starter_pack/tnvd2_starter_pack/github_pages/docs/assets/perspective_transformation_tool/input_frame.png,1338900,2372972099490fc00db8f002c577be377c6e44b6a3f675d344f3088b5228f086
07_figures_and_website_assets/TNVD2_UPLOAD_PACKAGE/09_metadata_and_statistics/traffic_node_dataset_2_0_starter_pack/tnvd2_starter_pack/github_pages/docs/assets/perspective_transformation_tool/selected_point_pairs_camera.png,2113777,f5b1c0dd4123d1b942c10ff66dcd07c281d5d140ae01f0fc87241ba3dc59ed2d
07_figures_and_website_assets/TNVD2_UPLOAD_PACKAGE/09_metadata_and_statistics/traffic_node_dataset_2_0_starter_pack/tnvd2_starter_pack/github_pages/docs/assets/perspective_transformation_tool/selected_point_pairs_topview.png,3344504,717ee86bc545cab41a29416a572a3176d9769f439d9904617a19c1ea18664b7d
07_figures_and_website_assets/TNVD2_UPLOAD_PACKAGE/09_metadata_and_statistics/traffic_node_dataset_2_0_starter_pack/tnvd2_starter_pack/github_pages/docs/assets/perspective_transformation_tool/transformed_topview_output.png,859924,4211afb0f4516c30bcfd7e1ee348d2b85799fffe3f9178494d3fefaa7864a7fa
07_figures_and_website_assets/TNVD2_UPLOAD_PACKAGE/09_metadata_and_statistics/traffic_node_dataset_2_0_starter_pack/tnvd2_starter_pack/github_pages/docs/assets/perspective_transformation_tool/transformed_trajectories.png,3388655,af78ec71ea81f238b858e8d04e6040ef9b65cbf854a2567052ccf7dab198b20d
07_figures_and_website_assets/TNVD2_UPLOAD_PACKAGE/09_metadata_and_statistics/Traffic_Node_Video_Dataset_2_0_2026/09_GITHUB_PAGES_EXPORT/docs/assets/perspective_transformation_tool/input_frame.png,1338900,2372972099490fc00db8f002c577be377c6e44b6a3f675d344f3088b5228f086
07_figures_and_website_assets/TNVD2_UPLOAD_PACKAGE/09_metadata_and_statistics/Traffic_Node_Video_Dataset_2_0_2026/09_GITHUB_PAGES_EXPORT/docs/assets/perspective_transformation_tool/selected_point_pairs_camera.png,2113777,f5b1c0dd4123d1b942c10ff66dcd07c281d5d140ae01f0fc87241ba3dc59ed2d
07_figures_and_website_assets/TNVD2_UPLOAD_PACKAGE/09_metadata_and_statistics/Traffic_Node_Video_Dataset_2_0_2026/09_GITHUB_PAGES_EXPORT/docs/assets/perspective_transformation_tool/selected_point_pairs_topview.png,3344504,717ee86bc545cab41a29416a572a3176d9769f439d9904617a19c1ea18664b7d
07_figures_and_website_assets/TNVD2_UPLOAD_PACKAGE/09_metadata_and_statistics/Traffic_Node_Video_Dataset_2_0_2026/09_GITHUB_PAGES_EXPORT/docs/assets/perspective_transformation_tool/transformed_topview_output.png,859924,4211afb0f4516c30bcfd7e1ee348d2b85799fffe3f9178494d3fefaa7864a7fa
07_figures_and_website_assets/TNVD2_UPLOAD_PACKAGE/09_metadata_and_statistics/Traffic_Node_Video_Dataset_2_0_2026/09_GITHUB_PAGES_EXPORT/docs/assets/perspective_transformation_tool/transformed_trajectories.png,3388655,af78ec71ea81f238b858e8d04e6040ef9b65cbf854a2567052ccf7dab198b20d
07_figures_and_website_assets/traffic_node_dataset_2_0_starter_pack/tnvd2_starter_pack/github_pages/docs/assets/perspective_transformation_tool/input_frame.png,1338900,2372972099490fc00db8f002c577be377c6e44b6a3f675d344f3088b5228f086
07_figures_and_website_assets/traffic_node_dataset_2_0_starter_pack/tnvd2_starter_pack/github_pages/docs/assets/perspective_transformation_tool/selected_point_pairs_camera.png,2113777,f5b1c0dd4123d1b942c10ff66dcd07c281d5d140ae01f0fc87241ba3dc59ed2d
07_figures_and_website_assets/traffic_node_dataset_2_0_starter_pack/tnvd2_starter_pack/github_pages/docs/assets/perspective_transformation_tool/selected_point_pairs_topview.png,3344504,717ee86bc545cab41a29416a572a3176d9769f439d9904617a19c1ea18664b7d
07_figures_and_website_assets/traffic_node_dataset_2_0_starter_pack/tnvd2_starter_pack/github_pages/docs/assets/perspective_transformation_tool/transformed_topview_output.png,859924,4211afb0f4516c30bcfd7e1ee348d2b85799fffe3f9178494d3fefaa7864a7fa
07_figures_and_website_assets/traffic_node_dataset_2_0_starter_pack/tnvd2_starter_pack/github_pages/docs/assets/perspective_transformation_tool/transformed_trajectories.png,3388655,af78ec71ea81f238b858e8d04e6040ef9b65cbf854a2567052ccf7dab198b20d
07_figures_and_website_assets/Traffic_Node_Video_Dataset_2_0_2026/08_FIGURES_FOR_PAPER_AND_PRESENTATION/dataset_file_coverage.png,58593,a053ef46d334dbd2232f565be045c2b0d0bbf565f706c1cc56230890b5c68aae
07_figures_and_website_assets/Traffic_Node_Video_Dataset_2_0_2026/09_GITHUB_PAGES_EXPORT/docs/assets/perspective_transformation_tool/input_frame.png,1338900,2372972099490fc00db8f002c577be377c6e44b6a3f675d344f3088b5228f086
07_figures_and_website_assets/Traffic_Node_Video_Dataset_2_0_2026/09_GITHUB_PAGES_EXPORT/docs/assets/perspective_transformation_tool/selected_point_pairs_camera.png,2113777,f5b1c0dd4123d1b942c10ff66dcd07c281d5d140ae01f0fc87241ba3dc59ed2d
07_figures_and_website_assets/Traffic_Node_Video_Dataset_2_0_2026/09_GITHUB_PAGES_EXPORT/docs/assets/perspective_transformation_tool/selected_point_pairs_topview.png,3344504,717ee86bc545cab41a29416a572a3176d9769f439d9904617a19c1ea18664b7d
07_figures_and_website_assets/Traffic_Node_Video_Dataset_2_0_2026/09_GITHUB_PAGES_EXPORT/docs/assets/perspective_transformation_tool/transformed_topview_output.png,859924,4211afb0f4516c30bcfd7e1ee348d2b85799fffe3f9178494d3fefaa7864a7fa
07_figures_and_website_assets/Traffic_Node_Video_Dataset_2_0_2026/09_GITHUB_PAGES_EXPORT/docs/assets/perspective_transformation_tool/transformed_trajectories.png,3388655,af78ec71ea81f238b858e8d04e6040ef9b65cbf854a2567052ccf7dab198b20d
07_RESULTS_AND_STATISTICS/.gitkeep,0,e3b0c44298fc1c149afbf4c8996fb92427ae41e4649b934ca495991b7852b855
07_RESULTS_AND_STATISTICS/dataset_summary.csv,186,d6d4294bbb0777a4f16422671ee6325c9cb8366431285ed3fd3832eb05159062
07_RESULTS_AND_STATISTICS/geometric_correction_statistics.csv,147,ada4194b45439efea5d346e2108b17826ebbd0b8659c83153354e7e95b63daac
07_RESULTS_AND_STATISTICS/old_vs_new_comparison.csv,173,b957d75d853b0aab23d61ce2a8613bb69e9b380c8113fcc386da000f09c6b5e1
07_RESULTS_AND_STATISTICS/scene_level_statistics.csv,235,53dce17b4973780fa779ab014fce23da3e4b1977aa5da37404ddebf6d51e8d26
08_FIGURES_FOR_PAPER_AND_PRESENTATION/.gitkeep,0,e3b0c44298fc1c149afbf4c8996fb92427ae41e4649b934ca495991b7852b855
08_FIGURES_FOR_PAPER_AND_PRESENTATION/Bellevue_116th_NE12th.jpg,788001,4fe68d1c0b6f3598eb3b6c1916daf2125f7b9e66c1e5dccd9bca872d1e96dbbf
08_FIGURES_FOR_PAPER_AND_PRESENTATION/Bellevue_150th_Eastgate.jpg,699826,e9aed46214afc438f4a6beaff7ea8de8d48abe6573099d000de323d77f7b0d02
08_FIGURES_FOR_PAPER_AND_PRESENTATION/Bellevue_150th_Newport.jpg,824930,5c0491f5c5fcb38c2b812b1da3bdffbcfad85a04362d372f4e8168ada5c6a10f
08_FIGURES_FOR_PAPER_AND_PRESENTATION/Bellevue_150th_SE38th.jpg,687961,abf90abd649c42df478d8b1e2b180a26464d656b1a45f9b01be8a5a836d2c24b
08_FIGURES_FOR_PAPER_AND_PRESENTATION/Bellevue_Bellevue_NE8th.jpg,827748,9679c632d2d08f4afd64f46496f881e917045db1937da93cb3096b997eac6d08
08_FIGURES_FOR_PAPER_AND_PRESENTATION/City_of_Orange_Plaza.png,5170075,2ec9c701d01bc21aff65a373835d08d44383092cfba792467708befb02f388f4
08_FIGURES_FOR_PAPER_AND_PRESENTATION/History_Jonesborough_Tenessee.png,3736202,b6e9fd99c2d74c2e40c84d3a6edab65dc4c5c36ee146c3d66308fa3d23aa2e0a
08_FIGURES_FOR_PAPER_AND_PRESENTATION/Polanow_Live.png,5344711,a4493079db203c8814c99f6e15c7107c68a9c1b735e364ef25e96cec452993dd
08_reproducibility_configs_and_manifests/publications/hg-msa-tc-future-transportation/RELEASE_MANIFEST.md,1327,d1ec9c9aec7ef9713f4b003f7ed62e84755e1fd77ca59fbcbc6c6363e3705525
08_reproducibility_configs_and_manifests/publications/hg-msa-tc-future-transportation/code/annotation_app/protocol.py,15501,3a49a82669da90dda522374835e4fa7d484e54f6ded458d7a07a96a243e2514e
08_reproducibility_configs_and_manifests/publications/hg-msa-tc-future-transportation/code/independent_test/protocol.py,13690,bc54fdff0bb0102a517f4098f89d06bfe9ace3ba6e27388ba0e91fd9d835f3f6
08_reproducibility_configs_and_manifests/publications/hg-msa-tc-future-transportation/configs/emas_weight_scenarios.yaml,967,3d452a93e7c1851f5f5b6efc5b18106573b437647fb224586457a53e91035ace
08_reproducibility_configs_and_manifests/publications/hg-msa-tc-future-transportation/configs/evaluation_split.yaml,13276,0f5c09fbe9b28dcea5d613020d947b801d0f1cf6bd7ca71598ac959e658d8e7d
08_reproducibility_configs_and_manifests/publications/hg-msa-tc-future-transportation/configs/frozen_evaluation_protocol.yaml,42775,865513b8be4d59365bd430e5909fbd72b6a9d37f3e8b805917af3a80e66a1337
08_reproducibility_configs_and_manifests/publications/hg-msa-tc-future-transportation/configs/hg_smg_ablation_protocol.yaml,3051,e02cb6a22355fa66cd66c392e3199ccbb7508413e2db3b0f3977fc1796f0ccd6
08_reproducibility_configs_and_manifests/publications/hg-msa-tc-future-transportation/configs/HG_SMG_LOCKED_TEST_AUTHORIZATION.json,1069,d2d59b5645588239b1f3cefac491107642c81a71c28e5285e5ff5f8d474be6f0
08_reproducibility_configs_and_manifests/publications/hg-msa-tc-future-transportation/configs/hg_smg_protocol_v1.sha256,98,a746646cc93a9d0839249f4d0dba494f04c93cd69bffdbe42a0b3992c46cbb5d
08_reproducibility_configs_and_manifests/publications/hg-msa-tc-future-transportation/configs/hg_smg_protocol_v1.yaml,12339,2e892f25b1c1770a55fa29e36206b634f424f9ff2508bf045c92d388e69b4be6
08_reproducibility_configs_and_manifests/publications/hg-msa-tc-future-transportation/configs/INDEPENDENT_TEST_UNLOCK.json,1167,48d216ff87ba6769e7f59da62589a04f3f56b117108ef8d1d1a7cbfed9513654
08_reproducibility_configs_and_manifests/publications/hg-msa-tc-future-transportation/configs/split_aware_runner.yaml,3455,982699aa24f3c2f33b2e9a8e670fc3b6aeef8992d697d71cfd66f4c7449943f9
08_reproducibility_configs_and_manifests/publications/hg-msa-tc-future-transportation/reproducibility/artifact_manifest.csv,32065,94d9097c530c004321058bc1bcb6d7c76dfba306085b200692ca96c78b135719
08_reproducibility_configs_and_manifests/publications/hg-msa-tc-future-transportation/tests/test_evaluation_protocol.py,5865,e7c5e2a3e16de4f4d4274188c3eb8b04bb1a7c55227b7481382aa91ea42459f4
08_reproducibility_configs_and_manifests/TNVD2_UPLOAD_PACKAGE/09_metadata_and_statistics/dataset_manifest.csv,216,4eca44ac1db88fe2c252f8148ee844314e3e8d0cf81db2ee547ece8cbd45451c
08_reproducibility_configs_and_manifests/TNVD2_UPLOAD_PACKAGE/09_metadata_and_statistics/Traffic_Node_Video_Dataset_2_0_2026/00_README_METADATA/dataset_manifest.csv,216,4eca44ac1db88fe2c252f8148ee844314e3e8d0cf81db2ee547ece8cbd45451c
08_reproducibility_configs_and_manifests/TNVD2_UPLOAD_PACKAGE/09_metadata_and_statistics/Traffic_Node_Video_Dataset_2_0_2026/07_RESULTS_AND_STATISTICS/dataset_manifest.csv,216,4eca44ac1db88fe2c252f8148ee844314e3e8d0cf81db2ee547ece8cbd45451c
08_reproducibility_configs_and_manifests/traffic_node_dataset_2_0_starter_pack/tnvd2_starter_pack/scripts/build_github_pages_from_manifest.py,4226,5c476142a819bc71497186728f96a6e25548db133b447c04a1f467bd080ddc3c
08_reproducibility_configs_and_manifests/Traffic_Node_Video_Dataset_2_0_2026/00_README_METADATA/dataset_manifest.csv,216,4eca44ac1db88fe2c252f8148ee844314e3e8d0cf81db2ee547ece8cbd45451c
08_reproducibility_configs_and_manifests/Traffic_Node_Video_Dataset_2_0_2026/07_RESULTS_AND_STATISTICS/dataset_manifest.csv,216,4eca44ac1db88fe2c252f8148ee844314e3e8d0cf81db2ee547ece8cbd45451c
09_GITHUB_PAGES_EXPORT/.gitkeep,0,e3b0c44298fc1c149afbf4c8996fb92427ae41e4649b934ca495991b7852b855
10_SOFTWARE_TOOLS/.gitkeep,0,e3b0c44298fc1c149afbf4c8996fb92427ae41e4649b934ca495991b7852b855
99_misc_review/publications/hg-msa-tc-future-transportation/requirements-reference-labels.txt,79,414ea0b9aa90a283ccbba501bbbde26f851591837a2aed31a6bb3c6704ca10ef
99_misc_review/publications/hg-msa-tc-future-transportation/code/homography/calibration.py,11798,aec0fe60084c567c6f07cd02b53dd99fe2044cf6897f372b4a9dff449797134f
99_misc_review/publications/hg-msa-tc-future-transportation/scripts/generate_task15_onedrive_release_docs.py,38938,fab5cd9970257d81d2f3409279f54ca22c8068b42f72f9a3eb66ab8d40468419
99_misc_review/publications/hg-msa-tc-future-transportation/scripts/generate_task16_onedrive_staging_docs.py,41729,75321ba37907195e316c54b15fe33d471a5741d6320fcfd797a4ce794a90f394
99_misc_review/publications/hg-msa-tc-future-transportation/scripts/generate_task17_final_staging_docs.py,46739,2fe45ca4662ac8ecb0d4e1ca31aa5e1a96eeabf20c1a8bae73faf25ab9d009d9
99_misc_review/publications/hg-msa-tc-future-transportation/scripts/integrate_task16_github_pages.py,9190,842cbebd0b9f335dfd78e31b28ae5f2c286a31ba867aa6d4f19d5a287a74d055
99_misc_review/publications/hg-msa-tc-future-transportation/scripts/reproduce_core_results.ps1,708,0b734f4adb3cc715cf78f1d6fe8704016d6dd0e39a59e78cd7536ea3a0cd1785
99_misc_review/publications/hg-msa-tc-future-transportation/scripts/reproduce_core_results.sh,606,5c85457a78bca67e1cd7f907d7bd0f52b0329f027ccf19161a8104ca9ddcb7e3
99_misc_review/publications/hg-msa-tc-future-transportation/scripts/stage_onedrive_release.ps1,6606,dc7eece1f7b081b128b02749615e8de660884b3cb5e3dd01c67d3b992aefd543
99_misc_review/publications/hg-msa-tc-future-transportation/scripts/stage_onedrive_release.sh,1647,87fb103954e2d370704cf11d5d238c6d1090d265dd2905b8522c89e7a2811c17
99_misc_review/publications/hg-msa-tc-future-transportation/site/publications/hg-smg-tc/index.md,3606,680800cc463026ae60895d87f0efd73024643804215b812ef58380219cd9c3b9
99_misc_review/publications/hg-msa-tc-future-transportation/tests/test_homography_quality.py,6724,6d8789bcfd41169c8cf165c650c48e0837122f6d9a20b643adbb26c19f06ce72
