repository_relative_path,size_bytes,size_mb,file_kind,scene_id_inferred,onedrive_folder,upload_priority,sha256
TNVD2_UPLOAD_PACKAGE/06_homography_map_correction/data/processed/bellevue_150th_eastgate/experiments/eastgate_topview_homography_v1/audit/normalization_isotropic/labels_hdbscan.parquet,115815,0.11045,related_file,bellevue_150th_eastgate,08_reproducibility_configs_and_manifests/,P2,dda03e9aa0f06a740e24c717e8b2055e12817790aaf4d4ae76c67da914669b8c
TNVD2_UPLOAD_PACKAGE/06_homography_map_correction/data/processed/bellevue_150th_eastgate/experiments/eastgate_topview_homography_v1/audit/normalization_isotropic/labels_kmeans.parquet,116869,0.111455,related_file,bellevue_150th_eastgate,08_reproducibility_configs_and_manifests/,P2,48558e57b2eba466ebf891eac27e5d48195d5df01ef8916ffa4a12e948c76168
TNVD2_UPLOAD_PACKAGE/06_homography_map_correction/data/processed/bellevue_150th_eastgate/experiments/eastgate_topview_homography_v1/audit/normalization_isotropic/labels_optics.parquet,115347,0.110003,related_file,bellevue_150th_eastgate,08_reproducibility_configs_and_manifests/,P2,6b55ad272842b2ac853fb59a3230cb4a929fe04966a4c5a7a92ef09ae97dbf84
TNVD2_UPLOAD_PACKAGE/06_homography_map_correction/data/processed/bellevue_150th_eastgate/experiments/eastgate_topview_homography_v1/audit/normalization_none/labels_hdbscan.parquet,115815,0.11045,related_file,bellevue_150th_eastgate,08_reproducibility_configs_and_manifests/,P2,dda03e9aa0f06a740e24c717e8b2055e12817790aaf4d4ae76c67da914669b8c
TNVD2_UPLOAD_PACKAGE/06_homography_map_correction/data/processed/bellevue_150th_eastgate/experiments/eastgate_topview_homography_v1/audit/normalization_none/labels_kmeans.parquet,116869,0.111455,related_file,bellevue_150th_eastgate,08_reproducibility_configs_and_manifests/,P2,48558e57b2eba466ebf891eac27e5d48195d5df01ef8916ffa4a12e948c76168
TNVD2_UPLOAD_PACKAGE/06_homography_map_correction/data/processed/bellevue_150th_eastgate/experiments/eastgate_topview_homography_v1/audit/normalization_none/labels_optics.parquet,115347,0.110003,related_file,bellevue_150th_eastgate,08_reproducibility_configs_and_manifests/,P2,6b55ad272842b2ac853fb59a3230cb4a929fe04966a4c5a7a92ef09ae97dbf84
TNVD2_UPLOAD_PACKAGE/06_homography_map_correction/data/processed/bellevue_150th_eastgate/experiments/eastgate_topview_homography_v1/audit/normalization_standard/labels_hdbscan.parquet,116894,0.111479,related_file,bellevue_150th_eastgate,08_reproducibility_configs_and_manifests/,P2,6d8a828cfabf96c41d3a52b25cdddc70f80169067bfafa537dfb0e4693b4cc40
TNVD2_UPLOAD_PACKAGE/06_homography_map_correction/data/processed/bellevue_150th_eastgate/experiments/eastgate_topview_homography_v1/audit/normalization_standard/labels_kmeans.parquet,116873,0.111459,related_file,bellevue_150th_eastgate,08_reproducibility_configs_and_manifests/,P2,2c1cec00ddbc1cc61e7e1a5698006ab033588f1ba2dd68b80a0e2783f3bc1af5
TNVD2_UPLOAD_PACKAGE/06_homography_map_correction/data/processed/bellevue_150th_eastgate/experiments/eastgate_topview_homography_v1/audit/normalization_standard/labels_optics.parquet,115661,0.110303,related_file,bellevue_150th_eastgate,08_reproducibility_configs_and_manifests/,P2,2036729a6e58a54db65ba61770828a0c059dd145d16d81dbb5eec6e7e6847f22
TNVD2_UPLOAD_PACKAGE/09_metadata_and_statistics/Traffic_Node_Video_Dataset_2_0_2026/07_RESULTS_AND_STATISTICS/detection_statistics_yolov11x.csv,84,8e-05,detection_summary_or_candidate,,02_yolov11x_detections/,P2,3afd97e12e7a28dbcc93ed9997041cb7586c2b4605479356cb1dc847adc02c8d
TNVD2_UPLOAD_PACKAGE/09_metadata_and_statistics/traffic_node_dataset_2_0_starter_pack/tnvd2_starter_pack/schemas/detection_schema.csv,119,0.000113,detection_summary_or_candidate,,02_yolov11x_detections/,P2,5139114c5701972fec84567f0a649c4ce3897a2fd839973fd432cad2d009f63f
Traffic_Node_Video_Dataset_2_0_2026/07_RESULTS_AND_STATISTICS/detection_statistics_yolov11x.csv,84,8e-05,detection_summary_or_candidate,,02_yolov11x_detections/,P2,3afd97e12e7a28dbcc93ed9997041cb7586c2b4605479356cb1dc847adc02c8d
configs/detect/yolo11n.yaml,65,6.2e-05,configuration_or_code_reference,,08_reproducibility_configs_and_manifests/,P2,a1d1c1b956c502d285904751698fb5c438428b22b0eeece8a0b609b64a54278c
configs/detect/yolo11x.yaml,77,7.3e-05,configuration_or_code_reference,,08_reproducibility_configs_and_manifests/,P2,8e577f6f82c4041a1a62c61407e840c2a559aaaa547c73f73a79a3d4648c623a
data/processed/bellevue_116th_ne12th/method_comparison/labels_birch.parquet,16707,0.015933,related_file,bellevue_116th_ne12th,08_reproducibility_configs_and_manifests/,P2,86269621fcc2749f62cfbff9a146a73bf050a0a82ee5e312d7c7c8ddcc09f057
data/processed/bellevue_116th_ne12th/method_comparison/labels_dbscan.parquet,16711,0.015937,related_file,bellevue_116th_ne12th,08_reproducibility_configs_and_manifests/,P2,74025d50678378c84fb6d4facaa7ae13486950ab2b78ced524f86362751a0a4a
data/processed/bellevue_116th_ne12th/method_comparison/labels_gmm.parquet,17037,0.016248,related_file,bellevue_116th_ne12th,08_reproducibility_configs_and_manifests/,P2,d9f6ffac50e4bfda2edd7daca86f4fe139ca73d7a339d44d07ac7d97045ebc02
data/processed/bellevue_116th_ne12th/method_comparison/labels_hdbscan.parquet,16406,0.015646,related_file,bellevue_116th_ne12th,08_reproducibility_configs_and_manifests/,P2,13195157acb6313351aa591bac3ca7f3d532c82f3787bd7b1e3d85d67a0f52c3
data/processed/bellevue_116th_ne12th/method_comparison/labels_kmeans.parquet,16672,0.0159,related_file,bellevue_116th_ne12th,08_reproducibility_configs_and_manifests/,P2,36effe78ded85805ce89f94d794dd5eb15565723005ed71aec5ccfbe3b6be92f
data/processed/bellevue_116th_ne12th/method_comparison/labels_optics.parquet,17013,0.016225,related_file,bellevue_116th_ne12th,08_reproducibility_configs_and_manifests/,P2,a009a7213a1a85414ebd061a7f7cf527b7f2369ff864fa31234307e5f6c9bb05
data/processed/bellevue_116th_ne12th/method_comparison_variant_all_norm/labels_birch.parquet,16738,0.015963,related_file,bellevue_116th_ne12th,08_reproducibility_configs_and_manifests/,P2,d0f7c0fbba3d0636e1dca030eaa44ca67029003ac4696d0bc8ef81dfef80b6b2
data/processed/bellevue_116th_ne12th/method_comparison_variant_all_norm/labels_dbscan.parquet,16719,0.015944,related_file,bellevue_116th_ne12th,08_reproducibility_configs_and_manifests/,P2,5f632ffa60eac3538cf47786d5f6bee31762ecd0eb4f9e99aa671ebe0c50e615
data/processed/bellevue_116th_ne12th/method_comparison_variant_all_norm/labels_gmm.parquet,17037,0.016248,related_file,bellevue_116th_ne12th,08_reproducibility_configs_and_manifests/,P2,805841ffde8cb41b9867a7e565f199ec1a5bdbda90728ab35cd104c88c5aaae9
data/processed/bellevue_116th_ne12th/method_comparison_variant_all_norm/labels_hdbscan.parquet,16398,0.015638,related_file,bellevue_116th_ne12th,08_reproducibility_configs_and_manifests/,P2,2d56e519aca7f1de67b874d6e93c18b3c38c522a93494ac5a853628403694960
data/processed/bellevue_116th_ne12th/method_comparison_variant_all_norm/labels_kmeans.parquet,16989,0.016202,related_file,bellevue_116th_ne12th,08_reproducibility_configs_and_manifests/,P2,11a04a2d8e3df427411cac9802e2955abc9208f21d5c96af9553b25db699203c
data/processed/bellevue_116th_ne12th/method_comparison_variant_all_norm/labels_optics.parquet,16865,0.016084,related_file,bellevue_116th_ne12th,08_reproducibility_configs_and_manifests/,P2,b6c225e7feb22f19a55b52d0fd9b8b47958b56c505a60178030363d695572e22
data/processed/bellevue_116th_ne12th/method_comparison_variant_baseline_norm4/labels_birch.parquet,16723,0.015948,related_file,bellevue_116th_ne12th,08_reproducibility_configs_and_manifests/,P2,411dd4e82c10c1b2b1d1f6ba5856ad08da1ef3881b3c90dae4e831e39f242ed9
data/processed/bellevue_116th_ne12th/method_comparison_variant_baseline_norm4/labels_dbscan.parquet,16715,0.015941,related_file,bellevue_116th_ne12th,08_reproducibility_configs_and_manifests/,P2,0cd1e242806ea9c6d5f557cae35b2a0b357f8c7dd396f4999c3406d805e02cb1
data/processed/bellevue_116th_ne12th/method_comparison_variant_baseline_norm4/labels_gmm.parquet,16739,0.015964,related_file,bellevue_116th_ne12th,08_reproducibility_configs_and_manifests/,P2,02b6eb29a2761b0412c6c4a4009e1d6bd9266e7c80775b43d419f6b2f2ac8eb9
data/processed/bellevue_116th_ne12th/method_comparison_variant_baseline_norm4/labels_hdbscan.parquet,16715,0.015941,related_file,bellevue_116th_ne12th,08_reproducibility_configs_and_manifests/,P2,1e31bb4d2d5c355cda326ffd16edafa4de8219b1e3fd60aeb719c6a47f0af1bc
data/processed/bellevue_116th_ne12th/method_comparison_variant_baseline_norm4/labels_kmeans.parquet,16680,0.015907,related_file,bellevue_116th_ne12th,08_reproducibility_configs_and_manifests/,P2,342fbad8c490381f9c45c2c482a5e020f6ed7dadd11392485df2c3ec2d3804f8
data/processed/bellevue_116th_ne12th/method_comparison_variant_baseline_norm4/labels_optics.parquet,16739,0.015964,related_file,bellevue_116th_ne12th,08_reproducibility_configs_and_manifests/,P2,318a42f1b66e7b20197032732591229f552221e949c1c23f75eec302c8db6c18
data/processed/bellevue_116th_ne12th/method_comparison_variant_plus_frame_span/labels_birch.parquet,16720,0.015945,related_file,bellevue_116th_ne12th,08_reproducibility_configs_and_manifests/,P2,16c4716f11775b9de95bfcf60ad85fd28fe0c4fa17f268d70e88a0e77c309be9
data/processed/bellevue_116th_ne12th/method_comparison_variant_plus_frame_span/labels_dbscan.parquet,16724,0.015949,related_file,bellevue_116th_ne12th,08_reproducibility_configs_and_manifests/,P2,d3b3577d0162f7c56eb483bebf954d800f5b2841b34e9f7d5cfb745a81bfb3d4
data/processed/bellevue_116th_ne12th/method_comparison_variant_plus_frame_span/labels_gmm.parquet,16737,0.015962,related_file,bellevue_116th_ne12th,08_reproducibility_configs_and_manifests/,P2,51aec02b3a199b01c669624b2e9947b2c4c987a6e32daf1bfeee5ce31334cd05
data/processed/bellevue_116th_ne12th/method_comparison_variant_plus_frame_span/labels_hdbscan.parquet,16398,0.015638,related_file,bellevue_116th_ne12th,08_reproducibility_configs_and_manifests/,P2,cd4da7d17dc3d8cc59a5210d85d45e498c7fd741091969f50404ce1d4c6ca15c
data/processed/bellevue_116th_ne12th/method_comparison_variant_plus_frame_span/labels_kmeans.parquet,16998,0.016211,related_file,bellevue_116th_ne12th,08_reproducibility_configs_and_manifests/,P2,9dbbfc1f7e597f35d229bc981d4140c1559b2d836f92f432a24bc4c534276ca3
data/processed/bellevue_116th_ne12th/method_comparison_variant_plus_frame_span/labels_optics.parquet,16703,0.015929,related_file,bellevue_116th_ne12th,08_reproducibility_configs_and_manifests/,P2,b4a17ebc2a15a45433c8715ddeb55536545319ceb3bc6aecbcb1b7f7cf2a380a
data/processed/bellevue_116th_ne12th/method_comparison_variant_plus_frame_span_straightness/labels_birch.parquet,17038,0.016249,related_file,bellevue_116th_ne12th,08_reproducibility_configs_and_manifests/,P2,62f7fe35b46b308309c20e2697bc76531ea2f13f8ff385b84adb588b96ccd783
data/processed/bellevue_116th_ne12th/method_comparison_variant_plus_frame_span_straightness/labels_dbscan.parquet,16723,0.015948,related_file,bellevue_116th_ne12th,08_reproducibility_configs_and_manifests/,P2,83373458e4000fdfb68010b23315e96379d7a0fe582d0cb74d57aa828eb9cbf6
data/processed/bellevue_116th_ne12th/method_comparison_variant_plus_frame_span_straightness/labels_gmm.parquet,17037,0.016248,related_file,bellevue_116th_ne12th,08_reproducibility_configs_and_manifests/,P2,984b5d4e7fd7ef41a1083de6f90bdd18ed119969284955ab1710e65ad458f403
data/processed/bellevue_116th_ne12th/method_comparison_variant_plus_frame_span_straightness/labels_hdbscan.parquet,16406,0.015646,related_file,bellevue_116th_ne12th,08_reproducibility_configs_and_manifests/,P2,80519dec74424248ffd641045ff91d989c21244910d2a95e9cafe4858fb26a3d
data/processed/bellevue_116th_ne12th/method_comparison_variant_plus_frame_span_straightness/labels_kmeans.parquet,16998,0.016211,related_file,bellevue_116th_ne12th,08_reproducibility_configs_and_manifests/,P2,7e091adcc85f8e8fd2a752a89595371370869275b27f08865b26b1b6adfe1b6d
data/processed/bellevue_116th_ne12th/method_comparison_variant_plus_frame_span_straightness/labels_optics.parquet,16929,0.016145,related_file,bellevue_116th_ne12th,08_reproducibility_configs_and_manifests/,P2,4a24c1228fe911b72c0ee4bc466a90bdabd3f9b6790dbda58b6844ee482b3582
data/processed/bellevue_116th_ne12th/method_comparison_variant_plus_frame_span_straightness_dir/labels_birch.parquet,17024,0.016235,related_file,bellevue_116th_ne12th,08_reproducibility_configs_and_manifests/,P2,beb5cece19327952cb0a14fd1430149156609e13a1bb317ece30d4b52247d306
data/processed/bellevue_116th_ne12th/method_comparison_variant_plus_frame_span_straightness_dir/labels_dbscan.parquet,16715,0.015941,related_file,bellevue_116th_ne12th,08_reproducibility_configs_and_manifests/,P2,118a6da183cab90421e38a09102ee6e84ee5f01e8bb9ff0946fa8cce8c4ce87b
data/processed/bellevue_116th_ne12th/method_comparison_variant_plus_frame_span_straightness_dir/labels_gmm.parquet,17037,0.016248,related_file,bellevue_116th_ne12th,08_reproducibility_configs_and_manifests/,P2,3f9f2618889078fd9f4021101d6065362f92760e1cd6e8a04db64600ab8ce14c
data/processed/bellevue_116th_ne12th/method_comparison_variant_plus_frame_span_straightness_dir/labels_hdbscan.parquet,16406,0.015646,related_file,bellevue_116th_ne12th,08_reproducibility_configs_and_manifests/,P2,87ab98d887f12cfba7afd60fc68b569b1b6f38c481fad7c4f27e8fa75665bbad
data/processed/bellevue_116th_ne12th/method_comparison_variant_plus_frame_span_straightness_dir/labels_kmeans.parquet,16988,0.016201,related_file,bellevue_116th_ne12th,08_reproducibility_configs_and_manifests/,P2,ce77cdf71a3de16c7349809c7f7e11e90f544a350fd91059a70a97393868e711
data/processed/bellevue_116th_ne12th/method_comparison_variant_plus_frame_span_straightness_dir/labels_optics.parquet,16679,0.015906,related_file,bellevue_116th_ne12th,08_reproducibility_configs_and_manifests/,P2,9f0d8b35dc7a26cc25b74475bc33cb1b3e7ceb187de5460ae0293d193ee7b790
data/processed/bellevue_116th_ne12th/method_comparison_variant_plus_straightness/labels_hdbscan.parquet,16713,0.015939,related_file,bellevue_116th_ne12th,08_reproducibility_configs_and_manifests/,P2,2216928ebd95d2f7834b26f7d0952961c07a7faabbb250b7ce23606301dea884
data/processed/bellevue_116th_ne12th/method_comparison_variant_plus_straightness/labels_kmeans.parquet,16678,0.015905,related_file,bellevue_116th_ne12th,08_reproducibility_configs_and_manifests/,P2,979851a5b0af2ebbde1203c6ef1e138a938e33677904c38a41f84f5649b7e23f
data/processed/bellevue_116th_ne12th/method_comparison_variant_plus_straightness/labels_optics.parquet,16734,0.015959,related_file,bellevue_116th_ne12th,08_reproducibility_configs_and_manifests/,P2,b9b3927b5a17d956176fe1e956872f676114927f906c59e8a93e211446a8c7c2
data/processed/bellevue_150th_eastgate/experiments/eastgate_audit_v1/normalization_isotropic/labels_hdbscan.parquet,241874,0.230669,related_file,bellevue_150th_eastgate,08_reproducibility_configs_and_manifests/,P2,bb9016e1ff311df18e732e1d76e1548afd5829c93e63fcfd622ccabfc5819339
data/processed/bellevue_150th_eastgate/experiments/eastgate_audit_v1/normalization_isotropic/labels_kmeans.parquet,237390,0.226393,related_file,bellevue_150th_eastgate,08_reproducibility_configs_and_manifests/,P2,033ecbb7ff0946c75e624b75b357e869df1cfa224f4e696e62afcba4ce209641
data/processed/bellevue_150th_eastgate/experiments/eastgate_audit_v1/normalization_isotropic/labels_optics.parquet,237368,0.226372,related_file,bellevue_150th_eastgate,08_reproducibility_configs_and_manifests/,P2,ea8a304eedb15de94a7bc32a594e56e37278cb87d2cb8640fe71fc01cc94b635
data/processed/bellevue_150th_eastgate/experiments/eastgate_audit_v1/normalization_none/labels_hdbscan.parquet,241874,0.230669,related_file,bellevue_150th_eastgate,08_reproducibility_configs_and_manifests/,P2,bb9016e1ff311df18e732e1d76e1548afd5829c93e63fcfd622ccabfc5819339
data/processed/bellevue_150th_eastgate/experiments/eastgate_audit_v1/normalization_none/labels_kmeans.parquet,237390,0.226393,related_file,bellevue_150th_eastgate,08_reproducibility_configs_and_manifests/,P2,033ecbb7ff0946c75e624b75b357e869df1cfa224f4e696e62afcba4ce209641
data/processed/bellevue_150th_eastgate/experiments/eastgate_audit_v1/normalization_none/labels_optics.parquet,237368,0.226372,related_file,bellevue_150th_eastgate,08_reproducibility_configs_and_manifests/,P2,ea8a304eedb15de94a7bc32a594e56e37278cb87d2cb8640fe71fc01cc94b635
data/processed/bellevue_150th_eastgate/experiments/eastgate_audit_v1/normalization_standard/labels_hdbscan.parquet,241874,0.230669,related_file,bellevue_150th_eastgate,08_reproducibility_configs_and_manifests/,P2,e5622457094ffa6f1c4f78f227617bb2b5b3f9c3f250d80331812499ee249315
data/processed/bellevue_150th_eastgate/experiments/eastgate_audit_v1/normalization_standard/labels_kmeans.parquet,237391,0.226394,related_file,bellevue_150th_eastgate,08_reproducibility_configs_and_manifests/,P2,812402128aecb3e7fa69c8243df85d9c6acf2138701721d8fc7dc9b8b5e04083
data/processed/bellevue_150th_eastgate/experiments/eastgate_audit_v1/normalization_standard/labels_optics.parquet,237289,0.226296,related_file,bellevue_150th_eastgate,08_reproducibility_configs_and_manifests/,P2,a407dc0bdc00ec343061b52e3d79b910f76af0c596546ebf11a107a8bc67007f
data/processed/bellevue_150th_eastgate/experiments/eastgate_edge_touch_trim_v1/topview/audit/normalization_isotropic/labels_hdbscan.parquet,236897,0.225923,related_file,bellevue_150th_eastgate,08_reproducibility_configs_and_manifests/,P2,74275aecf5963f467a43618f8229795a66bbee38a6dd4ea36424af788e6d8c92
data/processed/bellevue_150th_eastgate/experiments/eastgate_edge_touch_trim_v1/topview/audit/normalization_isotropic/labels_kmeans.parquet,236862,0.225889,related_file,bellevue_150th_eastgate,08_reproducibility_configs_and_manifests/,P2,c8471607ed96fea04f5c9babfc37a344407f1c05ac2646edc2e5af9fb60460de
data/processed/bellevue_150th_eastgate/experiments/eastgate_edge_touch_trim_v1/topview/audit/normalization_isotropic/labels_optics.parquet,230249,0.219583,related_file,bellevue_150th_eastgate,08_reproducibility_configs_and_manifests/,P2,f5351022dc24019be89a9ee66beb0c4b88b623e3e62fdf1b34ef936e08320012
data/processed/bellevue_150th_eastgate/experiments/eastgate_edge_touch_trim_v1/topview/audit/normalization_none/labels_hdbscan.parquet,236897,0.225923,related_file,bellevue_150th_eastgate,08_reproducibility_configs_and_manifests/,P2,74275aecf5963f467a43618f8229795a66bbee38a6dd4ea36424af788e6d8c92
data/processed/bellevue_150th_eastgate/experiments/eastgate_edge_touch_trim_v1/topview/audit/normalization_none/labels_kmeans.parquet,236862,0.225889,related_file,bellevue_150th_eastgate,08_reproducibility_configs_and_manifests/,P2,c8471607ed96fea04f5c9babfc37a344407f1c05ac2646edc2e5af9fb60460de
data/processed/bellevue_150th_eastgate/experiments/eastgate_edge_touch_trim_v1/topview/audit/normalization_none/labels_optics.parquet,230249,0.219583,related_file,bellevue_150th_eastgate,08_reproducibility_configs_and_manifests/,P2,f5351022dc24019be89a9ee66beb0c4b88b623e3e62fdf1b34ef936e08320012
data/processed/bellevue_150th_eastgate/experiments/eastgate_edge_touch_trim_v1/topview/audit/normalization_standard/labels_hdbscan.parquet,236851,0.225879,related_file,bellevue_150th_eastgate,08_reproducibility_configs_and_manifests/,P2,1d3bae89f1ae415fea43e0d2c1d6d646484834c2c9ccae0f1ee7cb0c97361923
data/processed/bellevue_150th_eastgate/experiments/eastgate_edge_touch_trim_v1/topview/audit/normalization_standard/labels_kmeans.parquet,236862,0.225889,related_file,bellevue_150th_eastgate,08_reproducibility_configs_and_manifests/,P2,c55095f48c1b78d26d12b118eae09b8107c330de33ea6cce126789f61380e2e5
data/processed/bellevue_150th_eastgate/experiments/eastgate_edge_touch_trim_v1/topview/audit/normalization_standard/labels_optics.parquet,229229,0.21861,related_file,bellevue_150th_eastgate,08_reproducibility_configs_and_manifests/,P2,757be9566f82d55f0bdf92f537ce7a6a97b61de5012b8e428a7a05f73d43628f
data/processed/bellevue_150th_eastgate/experiments/eastgate_expected13_iso_scaler/method_comparison_variant_coords_only/labels_birch.parquet,133952,0.127747,related_file,bellevue_150th_eastgate,08_reproducibility_configs_and_manifests/,P2,93f453486177384b0bbf111ae1d4c6af3610979685fe90f2d3517283e80b7d98
data/processed/bellevue_150th_eastgate/experiments/eastgate_expected13_iso_scaler/method_comparison_variant_coords_only/labels_dbscan.parquet,129431,0.123435,related_file,bellevue_150th_eastgate,08_reproducibility_configs_and_manifests/,P2,60824cfca7713a82e405af52d27292bfeafdb0168ff97c0985af44b66f10f9f5
data/processed/bellevue_150th_eastgate/experiments/eastgate_expected13_iso_scaler/method_comparison_variant_coords_only/labels_gmm.parquet,133969,0.127763,related_file,bellevue_150th_eastgate,08_reproducibility_configs_and_manifests/,P2,1dc83490bfd093f5581759ffa9772ea2ab8b56c028af032387e606b65fee8216
data/processed/bellevue_150th_eastgate/experiments/eastgate_expected13_iso_scaler/method_comparison_variant_coords_only/labels_hdbscan.parquet,133973,0.127767,related_file,bellevue_150th_eastgate,08_reproducibility_configs_and_manifests/,P2,1b676dd486f93591aa1108e11adb7daf57379acfa51f64190b915710fac02735
data/processed/bellevue_150th_eastgate/experiments/eastgate_expected13_iso_scaler/method_comparison_variant_coords_only/labels_kmeans.parquet,133925,0.127721,related_file,bellevue_150th_eastgate,08_reproducibility_configs_and_manifests/,P2,0c2fb55be852f2a5de0459b69a3c88f5b4f645e4886f128becdb595dbad865c1
data/processed/bellevue_150th_eastgate/experiments/eastgate_expected13_iso_scaler/method_comparison_variant_coords_only/labels_optics.parquet,133971,0.127765,related_file,bellevue_150th_eastgate,08_reproducibility_configs_and_manifests/,P2,5d203bad38b652b402bd60a7a32c8d9b48834a2d58eee69a39a840d61985a094
data/processed/bellevue_150th_eastgate/experiments/eastgate_expected13_iso_scaler/method_comparison_variant_plus_direction/labels_birch.parquet,133950,0.127745,related_file,bellevue_150th_eastgate,08_reproducibility_configs_and_manifests/,P2,e82bab2156421027efe2d1edfdd1cc4551a13ca005880162adfb345af6a9bb39
data/processed/bellevue_150th_eastgate/experiments/eastgate_expected13_iso_scaler/method_comparison_variant_plus_direction/labels_dbscan.parquet,129431,0.123435,related_file,bellevue_150th_eastgate,08_reproducibility_configs_and_manifests/,P2,60824cfca7713a82e405af52d27292bfeafdb0168ff97c0985af44b66f10f9f5
data/processed/bellevue_150th_eastgate/experiments/eastgate_expected13_iso_scaler/method_comparison_variant_plus_direction/labels_gmm.parquet,133966,0.12776,related_file,bellevue_150th_eastgate,08_reproducibility_configs_and_manifests/,P2,be6dede88180f5cfc8912f5ab3beb95d37e70225f8392313a2e1048bee7aee16
data/processed/bellevue_150th_eastgate/experiments/eastgate_expected13_iso_scaler/method_comparison_variant_plus_direction/labels_hdbscan.parquet,133971,0.127765,related_file,bellevue_150th_eastgate,08_reproducibility_configs_and_manifests/,P2,3687c622cc6505389b22690867b78e579354f5eb5cc00cb47752027c8f42bcad
data/processed/bellevue_150th_eastgate/experiments/eastgate_expected13_iso_scaler/method_comparison_variant_plus_direction/labels_kmeans.parquet,133922,0.127718,related_file,bellevue_150th_eastgate,08_reproducibility_configs_and_manifests/,P2,447c50f320169917f988ba81b1f1bca7f54ab3298f4f6e1c27a7e24d3cc82427
data/processed/bellevue_150th_eastgate/experiments/eastgate_expected13_iso_scaler/method_comparison_variant_plus_direction/labels_optics.parquet,133975,0.127769,related_file,bellevue_150th_eastgate,08_reproducibility_configs_and_manifests/,P2,ddf2872c2cbf240f8c532b397f13e1ff77ec697c10cd3bd186bd05028c652a27
data/processed/bellevue_150th_eastgate/experiments/eastgate_expected13_iso_scaler/method_comparison_variant_plus_frame_span/labels_birch.parquet,133966,0.12776,related_file,bellevue_150th_eastgate,08_reproducibility_configs_and_manifests/,P2,95b00e6aea29e239a232e740ea1a9d6395626a08d0c1a0e3ffe59b65e49441e1
data/processed/bellevue_150th_eastgate/experiments/eastgate_expected13_iso_scaler/method_comparison_variant_plus_frame_span/labels_dbscan.parquet,129431,0.123435,related_file,bellevue_150th_eastgate,08_reproducibility_configs_and_manifests/,P2,60824cfca7713a82e405af52d27292bfeafdb0168ff97c0985af44b66f10f9f5
data/processed/bellevue_150th_eastgate/experiments/eastgate_expected13_iso_scaler/method_comparison_variant_plus_frame_span/labels_gmm.parquet,133969,0.127763,related_file,bellevue_150th_eastgate,08_reproducibility_configs_and_manifests/,P2,c4ac68e52aef3f827eca672279881120f2168374b605fa4f7ab0dd9e2943e861
data/processed/bellevue_150th_eastgate/experiments/eastgate_expected13_iso_scaler/method_comparison_variant_plus_frame_span/labels_hdbscan.parquet,133971,0.127765,related_file,bellevue_150th_eastgate,08_reproducibility_configs_and_manifests/,P2,461ec6bb2eac316d40f5e97e74f420f4b55344bd7eaf4193d80687d8ad2c3e72
data/processed/bellevue_150th_eastgate/experiments/eastgate_expected13_iso_scaler/method_comparison_variant_plus_frame_span/labels_kmeans.parquet,133922,0.127718,related_file,bellevue_150th_eastgate,08_reproducibility_configs_and_manifests/,P2,fa92904967e062ab4b3219dff6659c59cf39d3d45361121e90baf14462b14dbb
data/processed/bellevue_150th_eastgate/experiments/eastgate_expected13_iso_scaler/method_comparison_variant_plus_frame_span/labels_optics.parquet,133971,0.127765,related_file,bellevue_150th_eastgate,08_reproducibility_configs_and_manifests/,P2,72fd38fdc6da61312e200ac74ec35eddfee53747d1293fcb9d665da71be91b85
data/processed/bellevue_150th_eastgate/experiments/eastgate_expected13_iso_scaler/method_comparison_variant_plus_straightness/labels_birch.parquet,133954,0.127748,related_file,bellevue_150th_eastgate,08_reproducibility_configs_and_manifests/,P2,643d3089248a14b8532420b292d891b52f42a233a53a9a338ed18e57824be096
data/processed/bellevue_150th_eastgate/experiments/eastgate_expected13_iso_scaler/method_comparison_variant_plus_straightness/labels_dbscan.parquet,129431,0.123435,related_file,bellevue_150th_eastgate,08_reproducibility_configs_and_manifests/,P2,60824cfca7713a82e405af52d27292bfeafdb0168ff97c0985af44b66f10f9f5
data/processed/bellevue_150th_eastgate/experiments/eastgate_expected13_iso_scaler/method_comparison_variant_plus_straightness/labels_gmm.parquet,133966,0.12776,related_file,bellevue_150th_eastgate,08_reproducibility_configs_and_manifests/,P2,da539a836dab8f5a3e090addccc6641fcd92d8c0552ca6706150ea009ab4dce2
data/processed/bellevue_150th_eastgate/experiments/eastgate_expected13_iso_scaler/method_comparison_variant_plus_straightness/labels_hdbscan.parquet,133973,0.127767,related_file,bellevue_150th_eastgate,08_reproducibility_configs_and_manifests/,P2,70d4365cb0937bac90fa1684538e5ab5186bdd9faabb6c9c4679b65b856a3a4b
data/processed/bellevue_150th_eastgate/experiments/eastgate_expected13_iso_scaler/method_comparison_variant_plus_straightness/labels_kmeans.parquet,133922,0.127718,related_file,bellevue_150th_eastgate,08_reproducibility_configs_and_manifests/,P2,dcff398894731626a12c04a56dc9c42bba0cfa9cdbf7c10c1521fa71622dbf01
data/processed/bellevue_150th_eastgate/experiments/eastgate_expected13_iso_scaler/method_comparison_variant_plus_straightness/labels_optics.parquet,133962,0.127756,related_file,bellevue_150th_eastgate,08_reproducibility_configs_and_manifests/,P2,d86898ea6a6d0785458c1ea15111bc8845bd3a7620fc2bf5184b8a4136047bcd
data/processed/bellevue_150th_eastgate/experiments/eastgate_topview_homography_v1/audit/normalization_isotropic/labels_hdbscan.parquet,115815,0.11045,related_file,bellevue_150th_eastgate,08_reproducibility_configs_and_manifests/,P2,dda03e9aa0f06a740e24c717e8b2055e12817790aaf4d4ae76c67da914669b8c
data/processed/bellevue_150th_eastgate/experiments/eastgate_topview_homography_v1/audit/normalization_isotropic/labels_kmeans.parquet,116869,0.111455,related_file,bellevue_150th_eastgate,08_reproducibility_configs_and_manifests/,P2,48558e57b2eba466ebf891eac27e5d48195d5df01ef8916ffa4a12e948c76168
data/processed/bellevue_150th_eastgate/experiments/eastgate_topview_homography_v1/audit/normalization_isotropic/labels_optics.parquet,115347,0.110003,related_file,bellevue_150th_eastgate,08_reproducibility_configs_and_manifests/,P2,6b55ad272842b2ac853fb59a3230cb4a929fe04966a4c5a7a92ef09ae97dbf84
data/processed/bellevue_150th_eastgate/experiments/eastgate_topview_homography_v1/audit/normalization_none/labels_hdbscan.parquet,115815,0.11045,related_file,bellevue_150th_eastgate,08_reproducibility_configs_and_manifests/,P2,dda03e9aa0f06a740e24c717e8b2055e12817790aaf4d4ae76c67da914669b8c
data/processed/bellevue_150th_eastgate/experiments/eastgate_topview_homography_v1/audit/normalization_none/labels_kmeans.parquet,116869,0.111455,related_file,bellevue_150th_eastgate,08_reproducibility_configs_and_manifests/,P2,48558e57b2eba466ebf891eac27e5d48195d5df01ef8916ffa4a12e948c76168
data/processed/bellevue_150th_eastgate/experiments/eastgate_topview_homography_v1/audit/normalization_none/labels_optics.parquet,115347,0.110003,related_file,bellevue_150th_eastgate,08_reproducibility_configs_and_manifests/,P2,6b55ad272842b2ac853fb59a3230cb4a929fe04966a4c5a7a92ef09ae97dbf84
data/processed/bellevue_150th_eastgate/experiments/eastgate_topview_homography_v1/audit/normalization_standard/labels_hdbscan.parquet,116894,0.111479,related_file,bellevue_150th_eastgate,08_reproducibility_configs_and_manifests/,P2,6d8a828cfabf96c41d3a52b25cdddc70f80169067bfafa537dfb0e4693b4cc40
data/processed/bellevue_150th_eastgate/experiments/eastgate_topview_homography_v1/audit/normalization_standard/labels_kmeans.parquet,116873,0.111459,related_file,bellevue_150th_eastgate,08_reproducibility_configs_and_manifests/,P2,2c1cec00ddbc1cc61e7e1a5698006ab033588f1ba2dd68b80a0e2783f3bc1af5
data/processed/bellevue_150th_eastgate/experiments/eastgate_topview_homography_v1/audit/normalization_standard/labels_optics.parquet,115661,0.110303,related_file,bellevue_150th_eastgate,08_reproducibility_configs_and_manifests/,P2,2036729a6e58a54db65ba61770828a0c059dd145d16d81dbb5eec6e7e6847f22
data/processed/bellevue_150th_eastgate/experiments/eastgate_topview_prewarp_displacement_v1/audit/normalization_isotropic/labels_hdbscan.parquet,237446,0.226446,related_file,bellevue_150th_eastgate,08_reproducibility_configs_and_manifests/,P2,1417a52fd712286bc6125d5653e480ecd47b538f00dbfdba47670289d0af6416
data/processed/bellevue_150th_eastgate/experiments/eastgate_topview_prewarp_displacement_v1/audit/normalization_isotropic/labels_kmeans.parquet,237403,0.226405,related_file,bellevue_150th_eastgate,08_reproducibility_configs_and_manifests/,P2,c044f83f79605d59874d8ff6c0473dcfe8c298a9049803fc640a978aaa79771a
data/processed/bellevue_150th_eastgate/experiments/eastgate_topview_prewarp_displacement_v1/audit/normalization_isotropic/labels_optics.parquet,235775,0.224853,related_file,bellevue_150th_eastgate,08_reproducibility_configs_and_manifests/,P2,c98fc55157796cd0a63961e852a84bd91e5b9e0838782faeeab541cfa2a8de29
data/processed/bellevue_150th_eastgate/experiments/eastgate_topview_prewarp_displacement_v1/audit/normalization_none/labels_hdbscan.parquet,237446,0.226446,related_file,bellevue_150th_eastgate,08_reproducibility_configs_and_manifests/,P2,1417a52fd712286bc6125d5653e480ecd47b538f00dbfdba47670289d0af6416
data/processed/bellevue_150th_eastgate/experiments/eastgate_topview_prewarp_displacement_v1/audit/normalization_none/labels_kmeans.parquet,237403,0.226405,related_file,bellevue_150th_eastgate,08_reproducibility_configs_and_manifests/,P2,c044f83f79605d59874d8ff6c0473dcfe8c298a9049803fc640a978aaa79771a
data/processed/bellevue_150th_eastgate/experiments/eastgate_topview_prewarp_displacement_v1/audit/normalization_none/labels_optics.parquet,235775,0.224853,related_file,bellevue_150th_eastgate,08_reproducibility_configs_and_manifests/,P2,c98fc55157796cd0a63961e852a84bd91e5b9e0838782faeeab541cfa2a8de29
data/processed/bellevue_150th_eastgate/experiments/eastgate_topview_prewarp_displacement_v1/audit/normalization_standard/labels_hdbscan.parquet,237384,0.226387,related_file,bellevue_150th_eastgate,08_reproducibility_configs_and_manifests/,P2,0eb471af8e7deeb47795b788e9e030a3c2a9e3fd0d7d473f318bcab7eaa1a008
data/processed/bellevue_150th_eastgate/experiments/eastgate_topview_prewarp_displacement_v1/audit/normalization_standard/labels_kmeans.parquet,237403,0.226405,related_file,bellevue_150th_eastgate,08_reproducibility_configs_and_manifests/,P2,102f7e89eaa2a607d6d913f3ae0600dcddbd467646e92489824af597e76fa45b
data/processed/bellevue_150th_eastgate/experiments/eastgate_topview_prewarp_displacement_v1/audit/normalization_standard/labels_optics.parquet,232141,0.221387,related_file,bellevue_150th_eastgate,08_reproducibility_configs_and_manifests/,P2,1f7729ae6acba2279975eb9e93b9fbf29f3a04700f15bc42862c22ecee3977cf
data/processed/bellevue_150th_eastgate/experiments/midpoint_iso_control_v1/method_comparison_variant_coords_only/labels_hdbscan.parquet,133973,0.127767,related_file,bellevue_150th_eastgate,08_reproducibility_configs_and_manifests/,P2,1b676dd486f93591aa1108e11adb7daf57379acfa51f64190b915710fac02735
data/processed/bellevue_150th_eastgate/experiments/midpoint_iso_control_v1/method_comparison_variant_coords_only/labels_kmeans.parquet,133925,0.127721,related_file,bellevue_150th_eastgate,08_reproducibility_configs_and_manifests/,P2,0c2fb55be852f2a5de0459b69a3c88f5b4f645e4886f128becdb595dbad865c1
data/processed/bellevue_150th_eastgate/experiments/midpoint_iso_control_v1/method_comparison_variant_coords_only/labels_optics.parquet,133971,0.127765,related_file,bellevue_150th_eastgate,08_reproducibility_configs_and_manifests/,P2,5d203bad38b652b402bd60a7a32c8d9b48834a2d58eee69a39a840d61985a094
data/processed/bellevue_150th_eastgate/experiments/midpoint_iso_control_v1/method_comparison_variant_coords_plus_midpoint/labels_hdbscan.parquet,133971,0.127765,related_file,bellevue_150th_eastgate,08_reproducibility_configs_and_manifests/,P2,ae123d7c7d2208aaa7239252e21ff9bad29769075d8210cdc6a7b238bdd5d6ca
data/processed/bellevue_150th_eastgate/experiments/midpoint_iso_control_v1/method_comparison_variant_coords_plus_midpoint/labels_kmeans.parquet,133922,0.127718,related_file,bellevue_150th_eastgate,08_reproducibility_configs_and_manifests/,P2,e9fc1130e2248c63ae5dee52a06662287c082007687d2e514bea7f6fd2b91561
data/processed/bellevue_150th_eastgate/experiments/midpoint_iso_control_v1/method_comparison_variant_coords_plus_midpoint/labels_optics.parquet,133968,0.127762,related_file,bellevue_150th_eastgate,08_reproducibility_configs_and_manifests/,P2,3adae357f5d57a1b88f58b7e7161a538a8209919af74d6e9d5fea0c79514e6da
data/processed/bellevue_150th_eastgate/experiments/straightness_iso_control_v1/method_comparison_variant_coords_only/labels_hdbscan.parquet,133973,0.127767,related_file,bellevue_150th_eastgate,08_reproducibility_configs_and_manifests/,P2,1b676dd486f93591aa1108e11adb7daf57379acfa51f64190b915710fac02735
data/processed/bellevue_150th_eastgate/experiments/straightness_iso_control_v1/method_comparison_variant_coords_only/labels_kmeans.parquet,133925,0.127721,related_file,bellevue_150th_eastgate,08_reproducibility_configs_and_manifests/,P2,0c2fb55be852f2a5de0459b69a3c88f5b4f645e4886f128becdb595dbad865c1
data/processed/bellevue_150th_eastgate/experiments/straightness_iso_control_v1/method_comparison_variant_coords_only/labels_optics.parquet,133971,0.127765,related_file,bellevue_150th_eastgate,08_reproducibility_configs_and_manifests/,P2,5d203bad38b652b402bd60a7a32c8d9b48834a2d58eee69a39a840d61985a094
data/processed/bellevue_150th_eastgate/experiments/straightness_iso_control_v1/method_comparison_variant_plus_straightness/labels_hdbscan.parquet,133973,0.127767,related_file,bellevue_150th_eastgate,08_reproducibility_configs_and_manifests/,P2,70d4365cb0937bac90fa1684538e5ab5186bdd9faabb6c9c4679b65b856a3a4b
data/processed/bellevue_150th_eastgate/experiments/straightness_iso_control_v1/method_comparison_variant_plus_straightness/labels_kmeans.parquet,133922,0.127718,related_file,bellevue_150th_eastgate,08_reproducibility_configs_and_manifests/,P2,dcff398894731626a12c04a56dc9c42bba0cfa9cdbf7c10c1521fa71622dbf01
data/processed/bellevue_150th_eastgate/experiments/straightness_iso_control_v1/method_comparison_variant_plus_straightness/labels_optics.parquet,133966,0.12776,related_file,bellevue_150th_eastgate,08_reproducibility_configs_and_manifests/,P2,65b39bb1e7ac7bc5864a202a2cc861fa7a1635950e4f7aa554f2094250cddac1
data/processed/bellevue_150th_eastgate/method_comparison/labels_birch.parquet,185294,0.17671,related_file,bellevue_150th_eastgate,08_reproducibility_configs_and_manifests/,P2,1008db96e02796b861f060e184bb89b46ac5487d41e9097f86bcc79ae6187a5d
data/processed/bellevue_150th_eastgate/method_comparison/labels_dbscan.parquet,188434,0.179705,related_file,bellevue_150th_eastgate,08_reproducibility_configs_and_manifests/,P2,a05f639d56bd82afbf858a5901a055a620e9bb351f31ac186e4df7c93e94272e
data/processed/bellevue_150th_eastgate/method_comparison/labels_gmm.parquet,185296,0.176712,related_file,bellevue_150th_eastgate,08_reproducibility_configs_and_manifests/,P2,a823499f24c4099a7fdc7833e8429035bc93ae3e69180c45d9c42355fe65845c
data/processed/bellevue_150th_eastgate/method_comparison/labels_hdbscan.parquet,185297,0.176713,related_file,bellevue_150th_eastgate,08_reproducibility_configs_and_manifests/,P2,925e65f0950fd33aeacb4e842eb08afb14a2a8e4d52f7defc063e182fb275239
data/processed/bellevue_150th_eastgate/method_comparison/labels_kmeans.parquet,188395,0.179667,related_file,bellevue_150th_eastgate,08_reproducibility_configs_and_manifests/,P2,27f5cec16911448970ff01adef7a33d2ff96d8ac17ea6ca56c7d5631f79f9185
data/processed/bellevue_150th_eastgate/method_comparison/labels_optics.parquet,185287,0.176703,related_file,bellevue_150th_eastgate,08_reproducibility_configs_and_manifests/,P2,8c0eefe2ec55e77186f361528c49cca5e0fc886c8c91d2aa22bb524b4bf6e27e
data/processed/bellevue_150th_eastgate/method_comparison_variant_all_norm/labels_birch.parquet,89935,0.085769,related_file,bellevue_150th_eastgate,08_reproducibility_configs_and_manifests/,P2,b1925cc6d9c3ddfa69083af6170b11d0f25cf8ed5a4ee8359fd2709a38dcf689
data/processed/bellevue_150th_eastgate/method_comparison_variant_all_norm/labels_dbscan.parquet,88418,0.084322,related_file,bellevue_150th_eastgate,08_reproducibility_configs_and_manifests/,P2,095064b7de5ad66cfa14af20615b8be176e6189c2e31da185414eaae3487c8ef
data/processed/bellevue_150th_eastgate/method_comparison_variant_all_norm/labels_gmm.parquet,89935,0.085769,related_file,bellevue_150th_eastgate,08_reproducibility_configs_and_manifests/,P2,9460d1747907364396f80a5545f4cde5ec9d830482f861666f3aea1079dc68dc
data/processed/bellevue_150th_eastgate/method_comparison_variant_all_norm/labels_hdbscan.parquet,88418,0.084322,related_file,bellevue_150th_eastgate,08_reproducibility_configs_and_manifests/,P2,dfdd9998e118ebb1f55ec9e47b17911fb060ab9f5f14a14a47e930ee42e640e7
data/processed/bellevue_150th_eastgate/method_comparison_variant_all_norm/labels_kmeans.parquet,89895,0.085731,related_file,bellevue_150th_eastgate,08_reproducibility_configs_and_manifests/,P2,3d28cb3b616632f5619f99babc359c5139398cb77bda59417f851f63691b42b0
data/processed/bellevue_150th_eastgate/method_comparison_variant_all_norm/labels_optics.parquet,88409,0.084313,related_file,bellevue_150th_eastgate,08_reproducibility_configs_and_manifests/,P2,c559badb634b6f65feb1db8819074f51d027e1b4d70da8c47f69bea4e504c1d1
data/processed/bellevue_150th_eastgate/method_comparison_variant_baseline_norm4/labels_birch.parquet,89935,0.085769,related_file,bellevue_150th_eastgate,08_reproducibility_configs_and_manifests/,P2,030d3c28f2578e1fee83e2bd025f03052d77f4fbbbabec324d1a8feb47cc5f2d
data/processed/bellevue_150th_eastgate/method_comparison_variant_baseline_norm4/labels_dbscan.parquet,88405,0.08431,related_file,bellevue_150th_eastgate,08_reproducibility_configs_and_manifests/,P2,cfec1db7a15cf02f62874071f780f8fc925c796d6ddaa980f777c0f84b3293fb
data/processed/bellevue_150th_eastgate/method_comparison_variant_baseline_norm4/labels_gmm.parquet,89937,0.085771,related_file,bellevue_150th_eastgate,08_reproducibility_configs_and_manifests/,P2,d181c718adeef09d66086d0ee70fb831c67455ff78e13e96cadeff7153314f64
data/processed/bellevue_150th_eastgate/method_comparison_variant_baseline_norm4/labels_hdbscan.parquet,88413,0.084317,related_file,bellevue_150th_eastgate,08_reproducibility_configs_and_manifests/,P2,faf108a8bac5b35151af82138dddfc41e5c959eabc2b9d2ac7a570d9ea68f424
data/processed/bellevue_150th_eastgate/method_comparison_variant_baseline_norm4/labels_kmeans.parquet,89891,0.085727,related_file,bellevue_150th_eastgate,08_reproducibility_configs_and_manifests/,P2,40e04647644326b3dfd985d6b84fd0cc8749188cd5add843d75eeb7e4830cc28
data/processed/bellevue_150th_eastgate/method_comparison_variant_baseline_norm4/labels_optics.parquet,88427,0.084331,related_file,bellevue_150th_eastgate,08_reproducibility_configs_and_manifests/,P2,151fda488810c73f92137d7e98d90892d49f5e09df34b507f47611c141aa9166
data/processed/bellevue_150th_eastgate/method_comparison_variant_plus_frame_span/labels_birch.parquet,89935,0.085769,related_file,bellevue_150th_eastgate,08_reproducibility_configs_and_manifests/,P2,817273eaec591767b2740759daadb2f02cc9ff56ab5d47163ac0cf8797fabcf9
data/processed/bellevue_150th_eastgate/method_comparison_variant_plus_frame_span/labels_dbscan.parquet,88413,0.084317,related_file,bellevue_150th_eastgate,08_reproducibility_configs_and_manifests/,P2,c45876704e7ea03456557cd671a976709929618994e2f7234e72e4bdc78c6f7d
data/processed/bellevue_150th_eastgate/method_comparison_variant_plus_frame_span/labels_gmm.parquet,89935,0.085769,related_file,bellevue_150th_eastgate,08_reproducibility_configs_and_manifests/,P2,8922a58e9e75bac313aa814dac7b1d7fbe01d71e17bbdfaead5f237a3d6726dc
data/processed/bellevue_150th_eastgate/method_comparison_variant_plus_frame_span/labels_hdbscan.parquet,88418,0.084322,related_file,bellevue_150th_eastgate,08_reproducibility_configs_and_manifests/,P2,50542de3666041f454d95d6e6117422de34b5af516bea49680c09d40d817f733
data/processed/bellevue_150th_eastgate/method_comparison_variant_plus_frame_span/labels_kmeans.parquet,88382,0.084288,related_file,bellevue_150th_eastgate,08_reproducibility_configs_and_manifests/,P2,16b96ba13bc195569f2b99817e8ebafe20ae835ae9cf72f8a813f736e56f659f
data/processed/bellevue_150th_eastgate/method_comparison_variant_plus_frame_span/labels_optics.parquet,88418,0.084322,related_file,bellevue_150th_eastgate,08_reproducibility_configs_and_manifests/,P2,ff088528534765253135067895851b79f294e6728be3fd7f21b91eda79bdb9ec
data/processed/bellevue_150th_eastgate/method_comparison_variant_plus_frame_span_straightness/labels_birch.parquet,88418,0.084322,related_file,bellevue_150th_eastgate,08_reproducibility_configs_and_manifests/,P2,bd0e2c8075ed2d51515609e83039ae6852c76ec6adeff1708651b718c4f04367
data/processed/bellevue_150th_eastgate/method_comparison_variant_plus_frame_span_straightness/labels_dbscan.parquet,88418,0.084322,related_file,bellevue_150th_eastgate,08_reproducibility_configs_and_manifests/,P2,f1953e724b7f70e468081571d9dcd0450c47d23fdb7726e0cf21bf340353563a
data/processed/bellevue_150th_eastgate/method_comparison_variant_plus_frame_span_straightness/labels_gmm.parquet,89935,0.085769,related_file,bellevue_150th_eastgate,08_reproducibility_configs_and_manifests/,P2,4888b918dde9e82bd770e1eb4ea8e5c942a3db942fbe02af93312c55f75c8106
data/processed/bellevue_150th_eastgate/method_comparison_variant_plus_frame_span_straightness/labels_hdbscan.parquet,88413,0.084317,related_file,bellevue_150th_eastgate,08_reproducibility_configs_and_manifests/,P2,4ad3bf5768c58db8bcb73f8afa3bbdc66fee3d528c803fae6daad7077cd4a422
data/processed/bellevue_150th_eastgate/method_comparison_variant_plus_frame_span_straightness/labels_kmeans.parquet,89891,0.085727,related_file,bellevue_150th_eastgate,08_reproducibility_configs_and_manifests/,P2,5fb9052ce671b596feb8d26963e1b476d46a95d9c125d1b9dd0653ba78ae3def
data/processed/bellevue_150th_eastgate/method_comparison_variant_plus_frame_span_straightness/labels_optics.parquet,88413,0.084317,related_file,bellevue_150th_eastgate,08_reproducibility_configs_and_manifests/,P2,53f4a460a7d1ae2f2aa4941f59d8be80e233ac957eab746dce3dd4aebfc66d4a
data/processed/bellevue_150th_eastgate/method_comparison_variant_plus_frame_span_straightness_dir/labels_birch.parquet,88427,0.084331,related_file,bellevue_150th_eastgate,08_reproducibility_configs_and_manifests/,P2,7e242398b14c7345146514d19d45bf9b29257d3e8f5ed62fab70473b324b6c5e
data/processed/bellevue_150th_eastgate/method_comparison_variant_plus_frame_span_straightness_dir/labels_dbscan.parquet,88418,0.084322,related_file,bellevue_150th_eastgate,08_reproducibility_configs_and_manifests/,P2,b40779c1563d340de23b3a40203405377ccf82f3b8797417f065fde18954b4d8
data/processed/bellevue_150th_eastgate/method_comparison_variant_plus_frame_span_straightness_dir/labels_gmm.parquet,89935,0.085769,related_file,bellevue_150th_eastgate,08_reproducibility_configs_and_manifests/,P2,d20158851587264cb9589f41d230898660913b34fba9d7f8cf34cf71c5d38f18
data/processed/bellevue_150th_eastgate/method_comparison_variant_plus_frame_span_straightness_dir/labels_hdbscan.parquet,88409,0.084313,related_file,bellevue_150th_eastgate,08_reproducibility_configs_and_manifests/,P2,1ee784f5f9d0136735d118207aeae9c2fdbf353ae485561eb36025b0ba72032c
data/processed/bellevue_150th_eastgate/method_comparison_variant_plus_frame_span_straightness_dir/labels_kmeans.parquet,89891,0.085727,related_file,bellevue_150th_eastgate,08_reproducibility_configs_and_manifests/,P2,1c847015149eadab9de4b9f17a3484feacd0a9cde59ba7bc9ad50973ad7218ca
data/processed/bellevue_150th_eastgate/method_comparison_variant_plus_frame_span_straightness_dir/labels_optics.parquet,88409,0.084313,related_file,bellevue_150th_eastgate,08_reproducibility_configs_and_manifests/,P2,34b9bf0724f6d143548a8ac29fe03259ebb3d0d9928a24490fb84e44617be90e
data/processed/bellevue_150th_eastgate/method_comparison_variant_plus_straightness/labels_hdbscan.parquet,174629,0.166539,related_file,bellevue_150th_eastgate,08_reproducibility_configs_and_manifests/,P2,33385733843eea4992289c39c977e2c046a13062cbe7292a006c7795713b5cc5
data/processed/bellevue_150th_eastgate/method_comparison_variant_plus_straightness/labels_kmeans.parquet,174603,0.166514,related_file,bellevue_150th_eastgate,08_reproducibility_configs_and_manifests/,P2,705296b871bf2da4c57dc4bbe6c5d0ef1faa253f4780838b6ab9b4d7bf6245d9
data/processed/bellevue_150th_eastgate/method_comparison_variant_plus_straightness/labels_optics.parquet,174612,0.166523,related_file,bellevue_150th_eastgate,08_reproducibility_configs_and_manifests/,P2,6f2c1a8c3d6ff85df6a6258979ccbb6f8b621cf58631c186deac55a84bf03926
data/processed/bellevue_150th_newport/experiments/midpoint_iso_control_v1/method_comparison_variant_coords_only/labels_hdbscan.parquet,63034,0.060114,related_file,bellevue_150th_newport,08_reproducibility_configs_and_manifests/,P2,ccbc4c10e4ef238f988f49231d34064961331b2ca4b3008c3052619a89a4d9db
data/processed/bellevue_150th_newport/experiments/midpoint_iso_control_v1/method_comparison_variant_coords_only/labels_kmeans.parquet,64206,0.061232,related_file,bellevue_150th_newport,08_reproducibility_configs_and_manifests/,P2,d29427c697aac83cee05c7f95a860fdc32f6b4cd458f94daeaa698555444a950
data/processed/bellevue_150th_newport/experiments/midpoint_iso_control_v1/method_comparison_variant_coords_only/labels_optics.parquet,64000,0.061035,related_file,bellevue_150th_newport,08_reproducibility_configs_and_manifests/,P2,4b11d46b492e0d62b182a51c73d36680c8e188f4bb6a48681d0bad74f0d1fe17
data/processed/bellevue_150th_newport/experiments/midpoint_iso_control_v1/method_comparison_variant_coords_plus_midpoint/labels_hdbscan.parquet,63036,0.060116,related_file,bellevue_150th_newport,08_reproducibility_configs_and_manifests/,P2,ce83a5c69bec3d223bde022a7641e09948930dcb33e03615a03615865f9d6447
data/processed/bellevue_150th_newport/experiments/midpoint_iso_control_v1/method_comparison_variant_coords_plus_midpoint/labels_kmeans.parquet,64206,0.061232,related_file,bellevue_150th_newport,08_reproducibility_configs_and_manifests/,P2,551078d6caf93c8bdb4aa0ba2408fa0428f76eca3d13edcfccc2370851d30cd1
data/processed/bellevue_150th_newport/experiments/midpoint_iso_control_v1/method_comparison_variant_coords_plus_midpoint/labels_optics.parquet,63961,0.060998,related_file,bellevue_150th_newport,08_reproducibility_configs_and_manifests/,P2,4d0f060b32d02c73f2642eb838106bd688484d44a67b0cf67146d5a76fc4a581
data/processed/bellevue_150th_newport/experiments/newport_audit_v1/normalization_isotropic/labels_hdbscan.parquet,111928,0.106743,related_file,bellevue_150th_newport,08_reproducibility_configs_and_manifests/,P2,44f7e661e2149809c673742ce570bf94158a2ea98280aaf933cb4aee0b692b9c
data/processed/bellevue_150th_newport/experiments/newport_audit_v1/normalization_isotropic/labels_kmeans.parquet,111927,0.106742,related_file,bellevue_150th_newport,08_reproducibility_configs_and_manifests/,P2,5cccabac42f47c4383508403d3b2b3c4ef9dee2f241087b329bbb696bd5e0624
data/processed/bellevue_150th_newport/experiments/newport_audit_v1/normalization_isotropic/labels_optics.parquet,111921,0.106736,related_file,bellevue_150th_newport,08_reproducibility_configs_and_manifests/,P2,aeb1fcfcb95ef18e1763a2db2458c38eb8804b81a1e5f5e9b6caf04850e40803
data/processed/bellevue_150th_newport/experiments/newport_audit_v1/normalization_none/labels_hdbscan.parquet,111928,0.106743,related_file,bellevue_150th_newport,08_reproducibility_configs_and_manifests/,P2,44f7e661e2149809c673742ce570bf94158a2ea98280aaf933cb4aee0b692b9c
data/processed/bellevue_150th_newport/experiments/newport_audit_v1/normalization_none/labels_kmeans.parquet,111927,0.106742,related_file,bellevue_150th_newport,08_reproducibility_configs_and_manifests/,P2,5cccabac42f47c4383508403d3b2b3c4ef9dee2f241087b329bbb696bd5e0624
data/processed/bellevue_150th_newport/experiments/newport_audit_v1/normalization_none/labels_optics.parquet,111921,0.106736,related_file,bellevue_150th_newport,08_reproducibility_configs_and_manifests/,P2,aeb1fcfcb95ef18e1763a2db2458c38eb8804b81a1e5f5e9b6caf04850e40803
data/processed/bellevue_150th_newport/experiments/newport_audit_v1/normalization_standard/labels_hdbscan.parquet,111928,0.106743,related_file,bellevue_150th_newport,08_reproducibility_configs_and_manifests/,P2,c3af762d73267eb9a53181b724f450ad49005f2c6a803f832192a283b88fbcda
data/processed/bellevue_150th_newport/experiments/newport_audit_v1/normalization_standard/labels_kmeans.parquet,111925,0.10674,related_file,bellevue_150th_newport,08_reproducibility_configs_and_manifests/,P2,af7b4deeefe782cb08b7f7739f10c00b80dfb6336deeb87369b964e15533cc93
data/processed/bellevue_150th_newport/experiments/newport_audit_v1/normalization_standard/labels_optics.parquet,111931,0.106746,related_file,bellevue_150th_newport,08_reproducibility_configs_and_manifests/,P2,60dcdf633b327041a0a4025d2f890c81fe651da6dafde68b84f9920c23bf42b1
data/processed/bellevue_150th_newport/experiments/newport_topview_prewarp_displacement_v1/audit/normalization_isotropic/labels_hdbscan.parquet,111929,0.106744,related_file,bellevue_150th_newport,08_reproducibility_configs_and_manifests/,P2,8332b19ad2f1dc456d108015b6bbbf8ef7820e935235f2341970c9f350c5c59b
data/processed/bellevue_150th_newport/experiments/newport_topview_prewarp_displacement_v1/audit/normalization_isotropic/labels_kmeans.parquet,111917,0.106732,related_file,bellevue_150th_newport,08_reproducibility_configs_and_manifests/,P2,aed964e55cf0e573319c8b65d77287b06f317acb43c7c12c53f0da41247681c0
data/processed/bellevue_150th_newport/experiments/newport_topview_prewarp_displacement_v1/audit/normalization_isotropic/labels_optics.parquet,111686,0.106512,related_file,bellevue_150th_newport,08_reproducibility_configs_and_manifests/,P2,385a61da31d62badcb546352091d5252fd134b27b2c948274e059635acef0f60
data/processed/bellevue_150th_newport/experiments/newport_topview_prewarp_displacement_v1/audit/normalization_none/labels_hdbscan.parquet,111929,0.106744,related_file,bellevue_150th_newport,08_reproducibility_configs_and_manifests/,P2,8332b19ad2f1dc456d108015b6bbbf8ef7820e935235f2341970c9f350c5c59b
data/processed/bellevue_150th_newport/experiments/newport_topview_prewarp_displacement_v1/audit/normalization_none/labels_kmeans.parquet,111917,0.106732,related_file,bellevue_150th_newport,08_reproducibility_configs_and_manifests/,P2,aed964e55cf0e573319c8b65d77287b06f317acb43c7c12c53f0da41247681c0
data/processed/bellevue_150th_newport/experiments/newport_topview_prewarp_displacement_v1/audit/normalization_none/labels_optics.parquet,111686,0.106512,related_file,bellevue_150th_newport,08_reproducibility_configs_and_manifests/,P2,385a61da31d62badcb546352091d5252fd134b27b2c948274e059635acef0f60
data/processed/bellevue_150th_newport/experiments/newport_topview_prewarp_displacement_v1/audit/normalization_standard/labels_hdbscan.parquet,111925,0.10674,related_file,bellevue_150th_newport,08_reproducibility_configs_and_manifests/,P2,d1c6b8066d06012846abceb904e89c1b9082bfb89af44bca232fed01e3033745
data/processed/bellevue_150th_newport/experiments/newport_topview_prewarp_displacement_v1/audit/normalization_standard/labels_kmeans.parquet,111927,0.106742,related_file,bellevue_150th_newport,08_reproducibility_configs_and_manifests/,P2,08ea53e73e824cece202eb668b55790bd30a361965bbddbc0aefa403839ceecb
data/processed/bellevue_150th_newport/experiments/newport_topview_prewarp_displacement_v1/audit/normalization_standard/labels_optics.parquet,111896,0.106712,related_file,bellevue_150th_newport,08_reproducibility_configs_and_manifests/,P2,6fab001340fca4898e0bad18f4498b381dd4c0e024ae03f84c1bde55856cdf7b
data/processed/bellevue_150th_newport/experiments/straightness_iso_control_v1/method_comparison_variant_coords_only/labels_hdbscan.parquet,63034,0.060114,related_file,bellevue_150th_newport,08_reproducibility_configs_and_manifests/,P2,ccbc4c10e4ef238f988f49231d34064961331b2ca4b3008c3052619a89a4d9db
data/processed/bellevue_150th_newport/experiments/straightness_iso_control_v1/method_comparison_variant_coords_only/labels_kmeans.parquet,64206,0.061232,related_file,bellevue_150th_newport,08_reproducibility_configs_and_manifests/,P2,d29427c697aac83cee05c7f95a860fdc32f6b4cd458f94daeaa698555444a950
data/processed/bellevue_150th_newport/experiments/straightness_iso_control_v1/method_comparison_variant_coords_only/labels_optics.parquet,64000,0.061035,related_file,bellevue_150th_newport,08_reproducibility_configs_and_manifests/,P2,4b11d46b492e0d62b182a51c73d36680c8e188f4bb6a48681d0bad74f0d1fe17
data/processed/bellevue_150th_newport/experiments/straightness_iso_control_v1/method_comparison_variant_plus_straightness/labels_hdbscan.parquet,63031,0.060111,related_file,bellevue_150th_newport,08_reproducibility_configs_and_manifests/,P2,cb555d675d57ab3a7858e61be2c516f38e766026ff249f47ebd02f6a97952cbd
data/processed/bellevue_150th_newport/experiments/straightness_iso_control_v1/method_comparison_variant_plus_straightness/labels_kmeans.parquet,64194,0.06122,related_file,bellevue_150th_newport,08_reproducibility_configs_and_manifests/,P2,f2ecf4cafdc5bf4c12fd80b3818f77d6cded6e7104eb7951aeee83dd4a10e9fc
data/processed/bellevue_150th_newport/experiments/straightness_iso_control_v1/method_comparison_variant_plus_straightness/labels_optics.parquet,63918,0.060957,related_file,bellevue_150th_newport,08_reproducibility_configs_and_manifests/,P2,6bd0079ffc6fb2c8c0d13416325813a534d1f48fa02ec0f1d06d842b5cf1651e
data/processed/bellevue_150th_newport/method_comparison/labels_birch.parquet,64237,0.061261,related_file,bellevue_150th_newport,08_reproducibility_configs_and_manifests/,P2,ecdc1758b75c7bad3f284b3a516a2c31fb87e485ec15d9e95c690c49f88b2f82
data/processed/bellevue_150th_newport/method_comparison/labels_dbscan.parquet,64251,0.061275,related_file,bellevue_150th_newport,08_reproducibility_configs_and_manifests/,P2,5c7013151dddf326eb5b42cd868acbaf066370abcbe1b0b67728bb7a1a30fc8e
data/processed/bellevue_150th_newport/method_comparison/labels_gmm.parquet,65452,0.06242,related_file,bellevue_150th_newport,08_reproducibility_configs_and_manifests/,P2,613c6c16ce8170ab86cd910b09885718d4a553d96250f5ebc311df57099e4b89
data/processed/bellevue_150th_newport/method_comparison/labels_hdbscan.parquet,64094,0.061125,related_file,bellevue_150th_newport,08_reproducibility_configs_and_manifests/,P2,8aaa636e8655e343cc9545b32c6f86cce4494a09ba62219a8e14adb6d7078dc9
data/processed/bellevue_150th_newport/method_comparison/labels_kmeans.parquet,65405,0.062375,related_file,bellevue_150th_newport,08_reproducibility_configs_and_manifests/,P2,66b78948973040ced14df54230ae96a5775548c441b487dbe2906b32d71567b4
data/processed/bellevue_150th_newport/method_comparison/labels_optics.parquet,63564,0.060619,related_file,bellevue_150th_newport,08_reproducibility_configs_and_manifests/,P2,a66d10bfc88135260fe4ac8be48bf92d536802c26edad3532f0079290317295b
data/processed/bellevue_150th_newport/method_comparison_variant_all_norm/labels_birch.parquet,64267,0.06129,related_file,bellevue_150th_newport,08_reproducibility_configs_and_manifests/,P2,512071c6c43f71c8388e0c2d4ffabf69f5fa86b7460d4378b27325d58b3027b2
data/processed/bellevue_150th_newport/method_comparison_variant_all_norm/labels_dbscan.parquet,64104,0.061134,related_file,bellevue_150th_newport,08_reproducibility_configs_and_manifests/,P2,1300ddd68eb3da4cc2d7d6679fc677efa60f7fd2569d82a034a4eb7e1392bd2e
data/processed/bellevue_150th_newport/method_comparison_variant_all_norm/labels_gmm.parquet,65463,0.06243,related_file,bellevue_150th_newport,08_reproducibility_configs_and_manifests/,P2,41e7d3ae2ad4339097fc6f9c5016561d6fd2d4c400ab312afbac32125b8e67da
data/processed/bellevue_150th_newport/method_comparison_variant_all_norm/labels_hdbscan.parquet,64037,0.06107,related_file,bellevue_150th_newport,08_reproducibility_configs_and_manifests/,P2,3e262ba3a6b7cb1c9e5d227315e6eb41e6ea091c4741a41119ea0196ba031b44
data/processed/bellevue_150th_newport/method_comparison_variant_all_norm/labels_kmeans.parquet,65420,0.062389,related_file,bellevue_150th_newport,08_reproducibility_configs_and_manifests/,P2,9492b745dd22af0f6bfbc82b6d8d2c13dadc47bbf984697a18b41c5e06a44374
data/processed/bellevue_150th_newport/method_comparison_variant_all_norm/labels_optics.parquet,63382,0.060446,related_file,bellevue_150th_newport,08_reproducibility_configs_and_manifests/,P2,326be106b96c58a79caf2ef795b100af159ae107429a3a94598eefea425a3396
data/processed/bellevue_150th_newport/method_comparison_variant_baseline_norm4/labels_birch.parquet,65191,0.062171,related_file,bellevue_150th_newport,08_reproducibility_configs_and_manifests/,P2,1cc30f648a2f8d4c14dab2e9dc07c11e556c7e375a9b72ebba7b58f77af32b0a
data/processed/bellevue_150th_newport/method_comparison_variant_baseline_norm4/labels_dbscan.parquet,63943,0.060981,related_file,bellevue_150th_newport,08_reproducibility_configs_and_manifests/,P2,b79da80c42f28235a4ad4d60c084f16703ee4b83d47bbf2c8feca5a81a9960a0
data/processed/bellevue_150th_newport/method_comparison_variant_baseline_norm4/labels_gmm.parquet,65458,0.062426,related_file,bellevue_150th_newport,08_reproducibility_configs_and_manifests/,P2,437abcb59c569a3eb6cc705655005d32ca9fc01c234f543d1913a9afb36b2a53
data/processed/bellevue_150th_newport/method_comparison_variant_baseline_norm4/labels_hdbscan.parquet,64022,0.061056,related_file,bellevue_150th_newport,08_reproducibility_configs_and_manifests/,P2,4800c84c0e74fc9131efab1638a6fb3b73a89d15479f4accafeb36f759fe00d1
data/processed/bellevue_150th_newport/method_comparison_variant_baseline_norm4/labels_kmeans.parquet,64223,0.061248,related_file,bellevue_150th_newport,08_reproducibility_configs_and_manifests/,P2,604180bdd6a1a8107d354c42292d07af22e4cee6ee028c4226ca14b029859052
data/processed/bellevue_150th_newport/method_comparison_variant_baseline_norm4/labels_optics.parquet,63952,0.060989,related_file,bellevue_150th_newport,08_reproducibility_configs_and_manifests/,P2,34b8581095280f64faccf160ea910d9407694a6934fcf6da68ddea8d7ec8fe0c
data/processed/bellevue_150th_newport/method_comparison_variant_plus_frame_span/labels_birch.parquet,64242,0.061266,related_file,bellevue_150th_newport,08_reproducibility_configs_and_manifests/,P2,c87ccf40b89fc643b75f0c161ec84131470565980d5484f6cf761ed376841f31
data/processed/bellevue_150th_newport/method_comparison_variant_plus_frame_span/labels_dbscan.parquet,64927,0.061919,related_file,bellevue_150th_newport,08_reproducibility_configs_and_manifests/,P2,5393cb3ea218e3d77c64e07a02a65731a2dab24d17a2794044e180a808d5219e
data/processed/bellevue_150th_newport/method_comparison_variant_plus_frame_span/labels_gmm.parquet,64255,0.061278,related_file,bellevue_150th_newport,08_reproducibility_configs_and_manifests/,P2,07c25c9f06416023251e7ddc615378d29e3158c99486e60c8dc769a01bad7976
data/processed/bellevue_150th_newport/method_comparison_variant_plus_frame_span/labels_hdbscan.parquet,64037,0.06107,related_file,bellevue_150th_newport,08_reproducibility_configs_and_manifests/,P2,763646d112f19bb0fd5bd5c250a3b652536386c84e6002b0180ac1951ca61d5d
data/processed/bellevue_150th_newport/method_comparison_variant_plus_frame_span/labels_kmeans.parquet,64203,0.061229,related_file,bellevue_150th_newport,08_reproducibility_configs_and_manifests/,P2,3c9686fe9f1c81c6167f2cbb9a1161136eb48439a6e8373c26180898ed6d062c
data/processed/bellevue_150th_newport/method_comparison_variant_plus_frame_span/labels_optics.parquet,63941,0.060979,related_file,bellevue_150th_newport,08_reproducibility_configs_and_manifests/,P2,ed32d10f4f9148978d5e7f7b91fb9c9f59be45ce86511ab2c5647fcabe64140d
data/processed/bellevue_150th_newport/method_comparison_variant_plus_frame_span_straightness/labels_birch.parquet,64265,0.061288,related_file,bellevue_150th_newport,08_reproducibility_configs_and_manifests/,P2,6d7aca831090c1caee2548044db4e58fc7d701d15e679092d69fc9f84b4b95fb
data/processed/bellevue_150th_newport/method_comparison_variant_plus_frame_span_straightness/labels_dbscan.parquet,64028,0.061062,related_file,bellevue_150th_newport,08_reproducibility_configs_and_manifests/,P2,01116df88eeddb38102f518a0f38f3b3073f124846189b0f3a982590a21506e1
data/processed/bellevue_150th_newport/method_comparison_variant_plus_frame_span_straightness/labels_gmm.parquet,64275,0.061297,related_file,bellevue_150th_newport,08_reproducibility_configs_and_manifests/,P2,93d92a7c136d53694442cddfb9f7708f27dde6a29005f6ec830e5ced70ab45c1
data/processed/bellevue_150th_newport/method_comparison_variant_plus_frame_span_straightness/labels_hdbscan.parquet,64201,0.061227,related_file,bellevue_150th_newport,08_reproducibility_configs_and_manifests/,P2,1d457768f4aed9dafbeb0091d8a7ce1e79fa210e64d71d3c62af0c5364d3da5b
data/processed/bellevue_150th_newport/method_comparison_variant_plus_frame_span_straightness/labels_kmeans.parquet,64213,0.061238,related_file,bellevue_150th_newport,08_reproducibility_configs_and_manifests/,P2,3908a87063b2bd210d208a00399943d1a6edb6cfb42a35b070a281083dabb356
data/processed/bellevue_150th_newport/method_comparison_variant_plus_frame_span_straightness/labels_optics.parquet,63842,0.060884,related_file,bellevue_150th_newport,08_reproducibility_configs_and_manifests/,P2,e32018af7ee33b0fa5cf1623c9852858d7f27a1c1d6ec49c82f37e584d8d90ab
data/processed/bellevue_150th_newport/method_comparison_variant_plus_frame_span_straightness_dir/labels_birch.parquet,64260,0.061283,related_file,bellevue_150th_newport,08_reproducibility_configs_and_manifests/,P2,96c33049442acd0e2733dd7ac49f6ddabb8dd79e6fe7eaf2927a82d917f984ad
data/processed/bellevue_150th_newport/method_comparison_variant_plus_frame_span_straightness_dir/labels_dbscan.parquet,64053,0.061086,related_file,bellevue_150th_newport,08_reproducibility_configs_and_manifests/,P2,ecb81132db737592a46b9d46e8b012c12ad022843dea3fc584ec2c9689bdb980
data/processed/bellevue_150th_newport/method_comparison_variant_plus_frame_span_straightness_dir/labels_gmm.parquet,65463,0.06243,related_file,bellevue_150th_newport,08_reproducibility_configs_and_manifests/,P2,c6902196bc1e1b4dc06da6c04e50a8b0bd732c4b3f702032e34b37771e5984b0
data/processed/bellevue_150th_newport/method_comparison_variant_plus_frame_span_straightness_dir/labels_hdbscan.parquet,64201,0.061227,related_file,bellevue_150th_newport,08_reproducibility_configs_and_manifests/,P2,ea7a35461247a66c024ae5bf601a4ac7699686367b81b661e850d7221388de9e
data/processed/bellevue_150th_newport/method_comparison_variant_plus_frame_span_straightness_dir/labels_kmeans.parquet,64205,0.061231,related_file,bellevue_150th_newport,08_reproducibility_configs_and_manifests/,P2,633735141fd1c1de0fa9bcbbd9747faf75c96763e278dab3b9d293e424ff582b
data/processed/bellevue_150th_newport/method_comparison_variant_plus_frame_span_straightness_dir/labels_optics.parquet,62253,0.059369,related_file,bellevue_150th_newport,08_reproducibility_configs_and_manifests/,P2,4447335679568404d19f50b16ba67f6ef9a13cf84a40b71069d2161fb721e66e
data/processed/bellevue_150th_newport/method_comparison_variant_plus_straightness/labels_hdbscan.parquet,64012,0.061047,related_file,bellevue_150th_newport,08_reproducibility_configs_and_manifests/,P2,4850ac7ef154e02871f4b1498b4e1e013a7bcbeaa14d8db9a285f479b1b1f3d2
data/processed/bellevue_150th_newport/method_comparison_variant_plus_straightness/labels_kmeans.parquet,64110,0.06114,related_file,bellevue_150th_newport,08_reproducibility_configs_and_manifests/,P2,4b1443801117ea711d59b34fecda4aa663fade734d0b4e953671877c28c89e44
data/processed/bellevue_150th_newport/method_comparison_variant_plus_straightness/labels_optics.parquet,64058,0.06109,related_file,bellevue_150th_newport,08_reproducibility_configs_and_manifests/,P2,18523e396e586c7a5636b018aca883550f98a1152e5aa8e97d85cda96243ebe0
data/processed/bellevue_150th_se38th/experiments/se38th_audit_v1/normalization_isotropic/labels_hdbscan.parquet,135196,0.128933,related_file,bellevue_150th_se38th,08_reproducibility_configs_and_manifests/,P2,f63cabf28c2a5c029febfbc2490b8239802ef48af5391cacb570ce6f8b3f473b
data/processed/bellevue_150th_se38th/experiments/se38th_audit_v1/normalization_isotropic/labels_kmeans.parquet,135186,0.128923,related_file,bellevue_150th_se38th,08_reproducibility_configs_and_manifests/,P2,2c55fdb6852ebe7f221c55130fae12a6494680e6eebdbcca41e98003fca8c05b
data/processed/bellevue_150th_se38th/experiments/se38th_audit_v1/normalization_isotropic/labels_optics.parquet,135184,0.128922,related_file,bellevue_150th_se38th,08_reproducibility_configs_and_manifests/,P2,64cd87dce9e9ea3cd0b47bc278262836658d7c197d1149524e6f250f33626454
data/processed/bellevue_150th_se38th/experiments/se38th_audit_v1/normalization_none/labels_hdbscan.parquet,135196,0.128933,related_file,bellevue_150th_se38th,08_reproducibility_configs_and_manifests/,P2,f63cabf28c2a5c029febfbc2490b8239802ef48af5391cacb570ce6f8b3f473b
data/processed/bellevue_150th_se38th/experiments/se38th_audit_v1/normalization_none/labels_kmeans.parquet,135186,0.128923,related_file,bellevue_150th_se38th,08_reproducibility_configs_and_manifests/,P2,2c55fdb6852ebe7f221c55130fae12a6494680e6eebdbcca41e98003fca8c05b
data/processed/bellevue_150th_se38th/experiments/se38th_audit_v1/normalization_none/labels_optics.parquet,135184,0.128922,related_file,bellevue_150th_se38th,08_reproducibility_configs_and_manifests/,P2,64cd87dce9e9ea3cd0b47bc278262836658d7c197d1149524e6f250f33626454
data/processed/bellevue_150th_se38th/experiments/se38th_audit_v1/normalization_standard/labels_hdbscan.parquet,135209,0.128945,related_file,bellevue_150th_se38th,08_reproducibility_configs_and_manifests/,P2,bb9ea009346a926d8fe664f3a8918bf3a30c8bea8ab5702eb22c17cf347a2bff
data/processed/bellevue_150th_se38th/experiments/se38th_audit_v1/normalization_standard/labels_kmeans.parquet,135185,0.128922,related_file,bellevue_150th_se38th,08_reproducibility_configs_and_manifests/,P2,d602613c32f31db465864d93df1561bf4a6732fc46a1854b95bc637b4bf63f87
data/processed/bellevue_150th_se38th/experiments/se38th_audit_v1/normalization_standard/labels_optics.parquet,135199,0.128936,related_file,bellevue_150th_se38th,08_reproducibility_configs_and_manifests/,P2,a5b04f2318f21a0872fb826c7772d6d03e9adc8ceb4d53d10652d3e859da992c
data/processed/bellevue_150th_se38th/experiments/se38th_topview_prewarp_displacement_v1/audit/normalization_isotropic/labels_hdbscan.parquet,135183,0.128921,related_file,bellevue_150th_se38th,08_reproducibility_configs_and_manifests/,P2,d84f8718d269cf0ebf9e94468569b1488d2f212bf9deeef2e35d71bc843ee133
data/processed/bellevue_150th_se38th/experiments/se38th_topview_prewarp_displacement_v1/audit/normalization_isotropic/labels_kmeans.parquet,135182,0.12892,related_file,bellevue_150th_se38th,08_reproducibility_configs_and_manifests/,P2,1b04170fa95d11411c01e8fa97006b2d806d64440e8f1d082bd6d3fe24698e9b
data/processed/bellevue_150th_se38th/experiments/se38th_topview_prewarp_displacement_v1/audit/normalization_isotropic/labels_optics.parquet,134930,0.128679,related_file,bellevue_150th_se38th,08_reproducibility_configs_and_manifests/,P2,8d04b1956b0136ba207f040369c7c0c99912f9643da99303da3bf6d1590a1f1b
data/processed/bellevue_150th_se38th/experiments/se38th_topview_prewarp_displacement_v1/audit/normalization_none/labels_hdbscan.parquet,135183,0.128921,related_file,bellevue_150th_se38th,08_reproducibility_configs_and_manifests/,P2,d84f8718d269cf0ebf9e94468569b1488d2f212bf9deeef2e35d71bc843ee133
data/processed/bellevue_150th_se38th/experiments/se38th_topview_prewarp_displacement_v1/audit/normalization_none/labels_kmeans.parquet,135182,0.12892,related_file,bellevue_150th_se38th,08_reproducibility_configs_and_manifests/,P2,1b04170fa95d11411c01e8fa97006b2d806d64440e8f1d082bd6d3fe24698e9b
data/processed/bellevue_150th_se38th/experiments/se38th_topview_prewarp_displacement_v1/audit/normalization_none/labels_optics.parquet,134930,0.128679,related_file,bellevue_150th_se38th,08_reproducibility_configs_and_manifests/,P2,8d04b1956b0136ba207f040369c7c0c99912f9643da99303da3bf6d1590a1f1b
data/processed/bellevue_150th_se38th/experiments/se38th_topview_prewarp_displacement_v1/audit/normalization_standard/labels_hdbscan.parquet,135181,0.128919,related_file,bellevue_150th_se38th,08_reproducibility_configs_and_manifests/,P2,90f720e6611b03dc5ce89602c0a52ce45a27ef5174b47f4f1d5406f0e1c5b20e
data/processed/bellevue_150th_se38th/experiments/se38th_topview_prewarp_displacement_v1/audit/normalization_standard/labels_kmeans.parquet,135181,0.128919,related_file,bellevue_150th_se38th,08_reproducibility_configs_and_manifests/,P2,17ce171ed4a52546da7aad57614e401c32bca3eda5c8e3828eb777b1da40f10a
data/processed/bellevue_150th_se38th/experiments/se38th_topview_prewarp_displacement_v1/audit/normalization_standard/labels_optics.parquet,135059,0.128802,related_file,bellevue_150th_se38th,08_reproducibility_configs_and_manifests/,P2,29dc60b08f54e2dfd51ead93aeafbfc788304b2339dabc188f66a734b74c9dc5
data/processed/bellevue_150th_se38th/method_comparison/labels_birch.parquet,62176,0.059296,related_file,bellevue_150th_se38th,08_reproducibility_configs_and_manifests/,P2,f0f9797726f45c2d864f2e844a5ce419a3c3e03cb8f9332a700291c412c56e62
data/processed/bellevue_150th_se38th/method_comparison/labels_dbscan.parquet,61271,0.058433,related_file,bellevue_150th_se38th,08_reproducibility_configs_and_manifests/,P2,88e1c90d20b070a6d962bd282e9ee34a4ed17b0641c7c511ce29d53c6038942b
data/processed/bellevue_150th_se38th/method_comparison/labels_gmm.parquet,62524,0.059628,related_file,bellevue_150th_se38th,08_reproducibility_configs_and_manifests/,P2,968d094ae3213128a1225de7a132477178f72772a4d9736b272223bdc946be33
data/processed/bellevue_150th_se38th/method_comparison/labels_hdbscan.parquet,61272,0.058434,related_file,bellevue_150th_se38th,08_reproducibility_configs_and_manifests/,P2,946df01cebb1a50c2bded56eaf1682458b24d677eea35e111428e11438cd510a
data/processed/bellevue_150th_se38th/method_comparison/labels_kmeans.parquet,61323,0.058482,related_file,bellevue_150th_se38th,08_reproducibility_configs_and_manifests/,P2,88a193d43eba2cb4964391655878fe8d407affd7db67e8a6c67bd39b8955a53e
data/processed/bellevue_150th_se38th/method_comparison/labels_optics.parquet,61299,0.058459,related_file,bellevue_150th_se38th,08_reproducibility_configs_and_manifests/,P2,e8a08f39d5c73a1ccedf97626bc6f38e0ba5da0a66d5ad6870b5b29cb19e79a6
data/processed/bellevue_150th_se38th/method_comparison_variant_all_norm/labels_birch.parquet,62462,0.059568,related_file,bellevue_150th_se38th,08_reproducibility_configs_and_manifests/,P2,42b69445a5545b3c366805b7c799319c895164315f35135e43e5f74d333d98eb
data/processed/bellevue_150th_se38th/method_comparison_variant_all_norm/labels_dbscan.parquet,62396,0.059505,related_file,bellevue_150th_se38th,08_reproducibility_configs_and_manifests/,P2,d1c827a90974e85b0c71fa5a7b2c7f9e4da16b3000a7a00a2877c0c830a6de88
data/processed/bellevue_150th_se38th/method_comparison_variant_all_norm/labels_gmm.parquet,62524,0.059628,related_file,bellevue_150th_se38th,08_reproducibility_configs_and_manifests/,P2,c8641c475706d11319440cd8d85591f30951eddf1efb7f273592af58da7f5aaf
data/processed/bellevue_150th_se38th/method_comparison_variant_all_norm/labels_hdbscan.parquet,61200,0.058365,related_file,bellevue_150th_se38th,08_reproducibility_configs_and_manifests/,P2,d3ce23aa2a90457747bcafbda5ef235ed84496433769a607ecc6641a32783c21
data/processed/bellevue_150th_se38th/method_comparison_variant_all_norm/labels_kmeans.parquet,61330,0.058489,related_file,bellevue_150th_se38th,08_reproducibility_configs_and_manifests/,P2,c822f5c69d5f58f961a6038eff366807693c5826fb1d849aebf0543cd2c40e79
data/processed/bellevue_150th_se38th/method_comparison_variant_all_norm/labels_optics.parquet,61265,0.058427,related_file,bellevue_150th_se38th,08_reproducibility_configs_and_manifests/,P2,ee50e2071824fc5fb883f83a1e3c42e86f21d63a910b7dbce1e261c59f3e7817
data/processed/bellevue_150th_se38th/method_comparison_variant_baseline_norm4/labels_birch.parquet,62424,0.059532,related_file,bellevue_150th_se38th,08_reproducibility_configs_and_manifests/,P2,8986e22bdfb614efc0cbcc34cfed8ea20d614c07a0f5afc51700fb2725f2214b
data/processed/bellevue_150th_se38th/method_comparison_variant_baseline_norm4/labels_dbscan.parquet,61280,0.058441,related_file,bellevue_150th_se38th,08_reproducibility_configs_and_manifests/,P2,5630ea28316d5a8d029e643830c791a250f0b739c868746a2214a0bf66f4043f
data/processed/bellevue_150th_se38th/method_comparison_variant_baseline_norm4/labels_gmm.parquet,61375,0.058532,related_file,bellevue_150th_se38th,08_reproducibility_configs_and_manifests/,P2,8436edfd0529c509594a225e9957aad39b668e6228a6abc9795720fd92e236ab
data/processed/bellevue_150th_se38th/method_comparison_variant_baseline_norm4/labels_hdbscan.parquet,61378,0.058535,related_file,bellevue_150th_se38th,08_reproducibility_configs_and_manifests/,P2,18c0c03254254f632a6be2e36c9b0fe7e990c9279a18c68963383eca7a382563
data/processed/bellevue_150th_se38th/method_comparison_variant_baseline_norm4/labels_kmeans.parquet,62480,0.059586,related_file,bellevue_150th_se38th,08_reproducibility_configs_and_manifests/,P2,d3a9a6e58323a3781e263093afcda4dab2e90f83f67ec741f1c59bb62382ae2a
data/processed/bellevue_150th_se38th/method_comparison_variant_baseline_norm4/labels_optics.parquet,61306,0.058466,related_file,bellevue_150th_se38th,08_reproducibility_configs_and_manifests/,P2,d367bbc7df8c4c2f0da01157f19eb688ffff34d827f0096f59b0944f3a7a83b1
data/processed/bellevue_150th_se38th/method_comparison_variant_plus_frame_span/labels_birch.parquet,62476,0.059582,related_file,bellevue_150th_se38th,08_reproducibility_configs_and_manifests/,P2,ba6681986ad54c4910f1994e396abfdef90ae0c6fd9f14055c33d43d27943062
data/processed/bellevue_150th_se38th/method_comparison_variant_plus_frame_span/labels_dbscan.parquet,60860,0.058041,related_file,bellevue_150th_se38th,08_reproducibility_configs_and_manifests/,P2,bf75c7a9220eb8b3c0b5ed449c18716e3d0d8972e377646e8a5093e39078b089
data/processed/bellevue_150th_se38th/method_comparison_variant_plus_frame_span/labels_gmm.parquet,62522,0.059626,related_file,bellevue_150th_se38th,08_reproducibility_configs_and_manifests/,P2,cd8a6abea0f3067db5d3883e27a485a007ad8167c8ef2f91bd02cc743753105b
data/processed/bellevue_150th_se38th/method_comparison_variant_plus_frame_span/labels_hdbscan.parquet,61279,0.05844,related_file,bellevue_150th_se38th,08_reproducibility_configs_and_manifests/,P2,4b216eb2464f02e6228c75b283ef95b1ef9f8b5476b8a15d8f16b51eb12f4c41
data/processed/bellevue_150th_se38th/method_comparison_variant_plus_frame_span/labels_kmeans.parquet,61306,0.058466,related_file,bellevue_150th_se38th,08_reproducibility_configs_and_manifests/,P2,5bdd44a1ad38f28c161d63ad3a8fc056b86d0cc6c5b3ccafcbfc30525d978e3e
data/processed/bellevue_150th_se38th/method_comparison_variant_plus_frame_span/labels_optics.parquet,61294,0.058455,related_file,bellevue_150th_se38th,08_reproducibility_configs_and_manifests/,P2,40cc5505205f0cb74fd37c82097a3789d8cfbc2f69441beef908350a2b37b5e5
data/processed/bellevue_150th_se38th/method_comparison_variant_plus_frame_span_straightness/labels_birch.parquet,61296,0.058456,related_file,bellevue_150th_se38th,08_reproducibility_configs_and_manifests/,P2,5f2de138083f676531ef532e9f4b424e6c3e8731a8a75702399a4e4dd21ef946
data/processed/bellevue_150th_se38th/method_comparison_variant_plus_frame_span_straightness/labels_dbscan.parquet,60848,0.058029,related_file,bellevue_150th_se38th,08_reproducibility_configs_and_manifests/,P2,6c2b0b564a5c79edeca551e6212fa41c76460f7376bbb150bf2c5199fa2f4670
data/processed/bellevue_150th_se38th/method_comparison_variant_plus_frame_span_straightness/labels_gmm.parquet,61377,0.058534,related_file,bellevue_150th_se38th,08_reproducibility_configs_and_manifests/,P2,5796d3bba804be804aaece2c54f7ad8036011c277e480888df2e85ed1a8c837f
data/processed/bellevue_150th_se38th/method_comparison_variant_plus_frame_span_straightness/labels_hdbscan.parquet,61243,0.058406,related_file,bellevue_150th_se38th,08_reproducibility_configs_and_manifests/,P2,d61b0e3adafe939f5291c945b0770f70e6a1d8a26d32ac473d5428aee66762f1
data/processed/bellevue_150th_se38th/method_comparison_variant_plus_frame_span_straightness/labels_kmeans.parquet,61315,0.058475,related_file,bellevue_150th_se38th,08_reproducibility_configs_and_manifests/,P2,c462cc02e3b0675d81e3fbdfd989c2c66888c3bd5ac6d86a5f9be66eab381692
data/processed/bellevue_150th_se38th/method_comparison_variant_plus_frame_span_straightness/labels_optics.parquet,61238,0.058401,related_file,bellevue_150th_se38th,08_reproducibility_configs_and_manifests/,P2,5f9331ec08b917ae89bb510cc1acaf33934ea4a25cdae59495e73382f255055d
data/processed/bellevue_150th_se38th/method_comparison_variant_plus_frame_span_straightness_dir/labels_birch.parquet,61311,0.058471,related_file,bellevue_150th_se38th,08_reproducibility_configs_and_manifests/,P2,594e85328db74d7c6ebfb3d4b3e0936d3edd5ddf5e4dd4c1d6d35eeedea75068
data/processed/bellevue_150th_se38th/method_comparison_variant_plus_frame_span_straightness_dir/labels_dbscan.parquet,60849,0.05803,related_file,bellevue_150th_se38th,08_reproducibility_configs_and_manifests/,P2,0d98999d9a06b9db6ba5cbeb3c73769bfd40b1c2bffc21e9c9c33cecd9257112
data/processed/bellevue_150th_se38th/method_comparison_variant_plus_frame_span_straightness_dir/labels_gmm.parquet,62513,0.059617,related_file,bellevue_150th_se38th,08_reproducibility_configs_and_manifests/,P2,1b13fe74cbd9375c5a1f4b49d39170fe1115056ab1ff9db58bac5c64747d5c4a
data/processed/bellevue_150th_se38th/method_comparison_variant_plus_frame_span_straightness_dir/labels_hdbscan.parquet,61244,0.058407,related_file,bellevue_150th_se38th,08_reproducibility_configs_and_manifests/,P2,d7ec8c7d52ec1733b1a915d3f0fff3d5b73896628d10753a687868701591b5b7
data/processed/bellevue_150th_se38th/method_comparison_variant_plus_frame_span_straightness_dir/labels_kmeans.parquet,62472,0.059578,related_file,bellevue_150th_se38th,08_reproducibility_configs_and_manifests/,P2,9a8ae75a34c49cddaccdebf9d6d8989297bce52b81a401489e2ce72449add397
data/processed/bellevue_150th_se38th/method_comparison_variant_plus_frame_span_straightness_dir/labels_optics.parquet,61214,0.058378,related_file,bellevue_150th_se38th,08_reproducibility_configs_and_manifests/,P2,fd771664ea403d04eeece778d49508a20fe89012bcccb6eb079490d229a8283a
data/processed/bellevue_150th_se38th/method_comparison_variant_plus_straightness/labels_hdbscan.parquet,61378,0.058535,related_file,bellevue_150th_se38th,08_reproducibility_configs_and_manifests/,P2,6d4851fd7e1950a60f8cf35e813efe15673f6ea0bb651b81536e461c4cd533c2
data/processed/bellevue_150th_se38th/method_comparison_variant_plus_straightness/labels_kmeans.parquet,61323,0.058482,related_file,bellevue_150th_se38th,08_reproducibility_configs_and_manifests/,P2,653697987d1ce1a1dd7188ae94a2035bb4d3cad703eaf420fcbf338192090059
data/processed/bellevue_150th_se38th/method_comparison_variant_plus_straightness/labels_optics.parquet,60854,0.058035,related_file,bellevue_150th_se38th,08_reproducibility_configs_and_manifests/,P2,23899372b389ef3d64ab24a456dc852dafb061560c262401aeb13b99d813de8b
data/processed/bellevue_ne8th/experiments/midpoint_iso_control_v1/method_comparison_variant_coords_only/labels_hdbscan.parquet,133707,0.127513,related_file,bellevue_ne8th,08_reproducibility_configs_and_manifests/,P2,c4af7ea0c43d4f3e6f9550d96173b24d83c845461c2a5364def25cd34a570436
data/processed/bellevue_ne8th/experiments/midpoint_iso_control_v1/method_comparison_variant_coords_only/labels_kmeans.parquet,133659,0.127467,related_file,bellevue_ne8th,08_reproducibility_configs_and_manifests/,P2,485657f751b7759173d4d423adacd670fa6cfeffa5301f342ae1c5a9e5b67bbd
data/processed/bellevue_ne8th/experiments/midpoint_iso_control_v1/method_comparison_variant_coords_only/labels_optics.parquet,133703,0.127509,related_file,bellevue_ne8th,08_reproducibility_configs_and_manifests/,P2,e6bb719556aad4a9811bebbd042a6d5bbb0d93b0058a88704715625844efb4b5
data/processed/bellevue_ne8th/experiments/midpoint_iso_control_v1/method_comparison_variant_coords_plus_midpoint/labels_hdbscan.parquet,133707,0.127513,related_file,bellevue_ne8th,08_reproducibility_configs_and_manifests/,P2,59cec148429615b7576eb3c41e54e3d87f4ebfd101fe11af689ec3ada4f35daf
data/processed/bellevue_ne8th/experiments/midpoint_iso_control_v1/method_comparison_variant_coords_plus_midpoint/labels_kmeans.parquet,133659,0.127467,related_file,bellevue_ne8th,08_reproducibility_configs_and_manifests/,P2,686d953186d7075997ec8ee117b8a71da0eb44f6598a5fb3a76225346da74c0d
data/processed/bellevue_ne8th/experiments/midpoint_iso_control_v1/method_comparison_variant_coords_plus_midpoint/labels_optics.parquet,133707,0.127513,related_file,bellevue_ne8th,08_reproducibility_configs_and_manifests/,P2,a6ef60570ee6ea22531047b1c0abe4c7d2032ffb374ea8d493371ba87a1798d7
data/processed/bellevue_ne8th/experiments/straightness_iso_control_v1/method_comparison_variant_coords_only/labels_hdbscan.parquet,133707,0.127513,related_file,bellevue_ne8th,08_reproducibility_configs_and_manifests/,P2,c4af7ea0c43d4f3e6f9550d96173b24d83c845461c2a5364def25cd34a570436
data/processed/bellevue_ne8th/experiments/straightness_iso_control_v1/method_comparison_variant_coords_only/labels_kmeans.parquet,133659,0.127467,related_file,bellevue_ne8th,08_reproducibility_configs_and_manifests/,P2,485657f751b7759173d4d423adacd670fa6cfeffa5301f342ae1c5a9e5b67bbd
data/processed/bellevue_ne8th/experiments/straightness_iso_control_v1/method_comparison_variant_coords_only/labels_optics.parquet,133703,0.127509,related_file,bellevue_ne8th,08_reproducibility_configs_and_manifests/,P2,e6bb719556aad4a9811bebbd042a6d5bbb0d93b0058a88704715625844efb4b5
data/processed/bellevue_ne8th/experiments/straightness_iso_control_v1/method_comparison_variant_plus_straightness/labels_hdbscan.parquet,133707,0.127513,related_file,bellevue_ne8th,08_reproducibility_configs_and_manifests/,P2,3d2bb97c120cb74fe3618e6e48b1010bbd2bd5269a4d74bd7a9b098802ccd6b1
data/processed/bellevue_ne8th/experiments/straightness_iso_control_v1/method_comparison_variant_plus_straightness/labels_kmeans.parquet,133659,0.127467,related_file,bellevue_ne8th,08_reproducibility_configs_and_manifests/,P2,8d50f298965bc638a4d29a633464fca3559e70b065bf70e36d8a92b935cc0924
data/processed/bellevue_ne8th/experiments/straightness_iso_control_v1/method_comparison_variant_plus_straightness/labels_optics.parquet,133702,0.127508,related_file,bellevue_ne8th,08_reproducibility_configs_and_manifests/,P2,72f79021586b4a22ac21b89f66c7e4c184bd016cd3d7f0716ad511848ba17345
data/processed/bellevue_ne8th/method_comparison/labels_birch.parquet,135595,0.129313,related_file,bellevue_ne8th,08_reproducibility_configs_and_manifests/,P2,de1a8bdfa9292bd0054d2257a552760f25b56df7d123331713f88eee202787f0
data/processed/bellevue_ne8th/method_comparison/labels_dbscan.parquet,132609,0.126466,related_file,bellevue_ne8th,08_reproducibility_configs_and_manifests/,P2,e0ed4bcf1c626ddb594b75b26de172201ef1a2eccb6884c4c8ff36ce311a5759
data/processed/bellevue_ne8th/method_comparison/labels_gmm.parquet,136365,0.130048,related_file,bellevue_ne8th,08_reproducibility_configs_and_manifests/,P2,1e83e261dac27c4ebc5589e6b664fb90a995dcf2535f5a0923f3a38d01a4b100
data/processed/bellevue_ne8th/method_comparison/labels_hdbscan.parquet,133135,0.126967,related_file,bellevue_ne8th,08_reproducibility_configs_and_manifests/,P2,75052bda53a61034ec8f45ef7a5f878c01be3622833d89dd931daf86666544e3
data/processed/bellevue_ne8th/method_comparison/labels_kmeans.parquet,136137,0.12983,related_file,bellevue_ne8th,08_reproducibility_configs_and_manifests/,P2,e9feba37094f9914ac05723c1d6be7bd10dc5ed2634821620d1d5815e958efda
data/processed/bellevue_ne8th/method_comparison/labels_optics.parquet,132692,0.126545,related_file,bellevue_ne8th,08_reproducibility_configs_and_manifests/,P2,98b6621d5f4562748b2e53cbfea28674ef38689eed67bdad32ffe7da79ee699f
data/processed/bellevue_ne8th/method_comparison_variant_all_norm/labels_birch.parquet,88302,0.084211,related_file,bellevue_ne8th,08_reproducibility_configs_and_manifests/,P2,f3918c8099ccff11f0dedd9845d671f52a6290954f2865f7e8e0763efd0b2704
data/processed/bellevue_ne8th/method_comparison_variant_all_norm/labels_dbscan.parquet,88302,0.084211,related_file,bellevue_ne8th,08_reproducibility_configs_and_manifests/,P2,287d5636d0a3fe0119ebd5a1b34f67205f4833adff237f962a2629524b66dd37
data/processed/bellevue_ne8th/method_comparison_variant_all_norm/labels_gmm.parquet,89810,0.085649,related_file,bellevue_ne8th,08_reproducibility_configs_and_manifests/,P2,04de930a5576492c2738289275e15ce0e3937bfbbed0c2ea98b796300c7d356e
data/processed/bellevue_ne8th/method_comparison_variant_all_norm/labels_hdbscan.parquet,88288,0.084198,related_file,bellevue_ne8th,08_reproducibility_configs_and_manifests/,P2,1f538af47e688ff27692cdf6453e0a05e397e4d1082c8121fea5fd2703299691
data/processed/bellevue_ne8th/method_comparison_variant_all_norm/labels_kmeans.parquet,89770,0.085611,related_file,bellevue_ne8th,08_reproducibility_configs_and_manifests/,P2,465d2a4daf60f2d4272ad6a346dc112efa57a19d9764431c7112acd6ebd789db
data/processed/bellevue_ne8th/method_comparison_variant_all_norm/labels_optics.parquet,88280,0.08419,related_file,bellevue_ne8th,08_reproducibility_configs_and_manifests/,P2,5e0b81bcfdaf130d81816eaaa8b0c53bc49c363a6dd0e6cb1788f2ee4d1fe770
data/processed/bellevue_ne8th/method_comparison_variant_baseline_norm4/labels_birch.parquet,89808,0.085648,related_file,bellevue_ne8th,08_reproducibility_configs_and_manifests/,P2,a1bb776e133bc713e785a2ba23cff8901f44ed5c1fe67dbab208bb641deba150
data/processed/bellevue_ne8th/method_comparison_variant_baseline_norm4/labels_dbscan.parquet,88284,0.084194,related_file,bellevue_ne8th,08_reproducibility_configs_and_manifests/,P2,e5434186a10d17c8a9a227ee83fe78cbc80e5fadd35c92abb8897fbb9f0333f9
data/processed/bellevue_ne8th/method_comparison_variant_baseline_norm4/labels_gmm.parquet,89806,0.085646,related_file,bellevue_ne8th,08_reproducibility_configs_and_manifests/,P2,c6c3a73a2bd54361e697977cbc239e759b0796b4e50b5a44e23e8bca25d5b4eb
data/processed/bellevue_ne8th/method_comparison_variant_baseline_norm4/labels_hdbscan.parquet,88288,0.084198,related_file,bellevue_ne8th,08_reproducibility_configs_and_manifests/,P2,aca84996080f0bf7f7a4d7477a81d3ee8c82495e9b41d4d48f38a0b874c8a12d
data/processed/bellevue_ne8th/method_comparison_variant_baseline_norm4/labels_kmeans.parquet,89767,0.085608,related_file,bellevue_ne8th,08_reproducibility_configs_and_manifests/,P2,ad5e2e43c9f4877837fca11278be5c98694941bd0ac9ad05093df6cb3c305898
data/processed/bellevue_ne8th/method_comparison_variant_baseline_norm4/labels_optics.parquet,89810,0.085649,related_file,bellevue_ne8th,08_reproducibility_configs_and_manifests/,P2,dbc59e5f502170ce07f16555832e2ffde29b03813582cef7aa0fd9289e4315f7
data/processed/bellevue_ne8th/method_comparison_variant_plus_frame_span/labels_birch.parquet,89810,0.085649,related_file,bellevue_ne8th,08_reproducibility_configs_and_manifests/,P2,5abc0eb6565e698676fce884815acf6fe58f1fac0ddb80995568ab469f1f8483
data/processed/bellevue_ne8th/method_comparison_variant_plus_frame_span/labels_dbscan.parquet,88288,0.084198,related_file,bellevue_ne8th,08_reproducibility_configs_and_manifests/,P2,a7336b267350fc331d5fedaa111837fbb0961daeee8daa7d1459716f5278b781
data/processed/bellevue_ne8th/method_comparison_variant_plus_frame_span/labels_gmm.parquet,89810,0.085649,related_file,bellevue_ne8th,08_reproducibility_configs_and_manifests/,P2,694374db65c531864afb47cc636a646af3589d1c893ad298d08c476faa8135ee
data/processed/bellevue_ne8th/method_comparison_variant_plus_frame_span/labels_hdbscan.parquet,88302,0.084211,related_file,bellevue_ne8th,08_reproducibility_configs_and_manifests/,P2,a01f9ad0e2a76fb9ed0b5dd59d2f42b357fccfde57d695f1716afc3d219c8952
data/processed/bellevue_ne8th/method_comparison_variant_plus_frame_span/labels_kmeans.parquet,89766,0.085608,related_file,bellevue_ne8th,08_reproducibility_configs_and_manifests/,P2,d3a0ca01a21be36c4fd893d8528a624897d304ada838f4140ae3c4bdf76a4c1a
data/processed/bellevue_ne8th/method_comparison_variant_plus_frame_span/labels_optics.parquet,88276,0.084187,related_file,bellevue_ne8th,08_reproducibility_configs_and_manifests/,P2,9db03b757f1d03b691b916317c95c3c81d5402ef8abb20e915758ac35a08ee7a
data/processed/bellevue_ne8th/method_comparison_variant_plus_frame_span_straightness/labels_birch.parquet,88293,0.084203,related_file,bellevue_ne8th,08_reproducibility_configs_and_manifests/,P2,6a31700a1797509a11b9bc2146d466b4a96224abd46b71cc9dbc4e4841823d0c
data/processed/bellevue_ne8th/method_comparison_variant_plus_frame_span_straightness/labels_dbscan.parquet,89806,0.085646,related_file,bellevue_ne8th,08_reproducibility_configs_and_manifests/,P2,1144ca13ddf8f19c887d0b270767ad9e744742ed27608306539f14a765303572
data/processed/bellevue_ne8th/method_comparison_variant_plus_frame_span_straightness/labels_gmm.parquet,89810,0.085649,related_file,bellevue_ne8th,08_reproducibility_configs_and_manifests/,P2,300f7f0c82f149d6b3cee44704b05ff5b2f6883edb9badf1e6060daa0c673ad1
data/processed/bellevue_ne8th/method_comparison_variant_plus_frame_span_straightness/labels_hdbscan.parquet,88283,0.084193,related_file,bellevue_ne8th,08_reproducibility_configs_and_manifests/,P2,04e6235715e63eec0b571fbe0f778113c27b0efb07b8200d9e6ffa663549b47e
data/processed/bellevue_ne8th/method_comparison_variant_plus_frame_span_straightness/labels_kmeans.parquet,89767,0.085608,related_file,bellevue_ne8th,08_reproducibility_configs_and_manifests/,P2,77525cab206c8bf8e00597cff7c16281f2ce2e6d5271318b200c5b81fd28b1df
data/processed/bellevue_ne8th/method_comparison_variant_plus_frame_span_straightness/labels_optics.parquet,88284,0.084194,related_file,bellevue_ne8th,08_reproducibility_configs_and_manifests/,P2,000cf96bb76c8b818744b5c1d2f3b07d387b5340126980e6db124e1d6b3946a4
data/processed/bellevue_ne8th/method_comparison_variant_plus_frame_span_straightness_dir/labels_birch.parquet,88284,0.084194,related_file,bellevue_ne8th,08_reproducibility_configs_and_manifests/,P2,07d25d28263ed2499f1897a66f5b31acfbb47b8726094118345b6a59e529c6b1
data/processed/bellevue_ne8th/method_comparison_variant_plus_frame_span_straightness_dir/labels_dbscan.parquet,89806,0.085646,related_file,bellevue_ne8th,08_reproducibility_configs_and_manifests/,P2,3a3a46c081d6aa72c260a63840a0ea22bfaf9ece3ea1652886e0123c106a0828
data/processed/bellevue_ne8th/method_comparison_variant_plus_frame_span_straightness_dir/labels_gmm.parquet,89810,0.085649,related_file,bellevue_ne8th,08_reproducibility_configs_and_manifests/,P2,f9f63bd2ae7338e3cd9038cf1cd4384b137e367a8f3e7e744cfbdda68a50233a
data/processed/bellevue_ne8th/method_comparison_variant_plus_frame_span_straightness_dir/labels_hdbscan.parquet,88284,0.084194,related_file,bellevue_ne8th,08_reproducibility_configs_and_manifests/,P2,3033f126d4ce07d1c877e81bc6eb671dfaf1fc018e41f721f75495a3617415fa
data/processed/bellevue_ne8th/method_comparison_variant_plus_frame_span_straightness_dir/labels_kmeans.parquet,89767,0.085608,related_file,bellevue_ne8th,08_reproducibility_configs_and_manifests/,P2,d9e4567337791b83307c399e20d5567f795e116648704353e02f01da04b18caf
data/processed/bellevue_ne8th/method_comparison_variant_plus_frame_span_straightness_dir/labels_optics.parquet,88288,0.084198,related_file,bellevue_ne8th,08_reproducibility_configs_and_manifests/,P2,31418f896ee52f8358aaf308b84d7b21da5af0f39e4921e8aef5b4fdf68e3cd1
data/processed/bellevue_ne8th/method_comparison_variant_plus_straightness/labels_hdbscan.parquet,133456,0.127274,related_file,bellevue_ne8th,08_reproducibility_configs_and_manifests/,P2,9c3354d6df1496a4cff08071252bd007f30cf9aacff27acf528c0bbfba75f69e
data/processed/bellevue_ne8th/method_comparison_variant_plus_straightness/labels_kmeans.parquet,133659,0.127467,related_file,bellevue_ne8th,08_reproducibility_configs_and_manifests/,P2,6efa244f4e31fb2aa4bccbccc10be39a3c5cc0d680880a2a2f7eef635e622ade
data/processed/bellevue_ne8th/method_comparison_variant_plus_straightness/labels_optics.parquet,132675,0.126529,related_file,bellevue_ne8th,08_reproducibility_configs_and_manifests/,P2,3a348707c6ad352f09ad52af6bc88fe7d54b6e1d065821dc1220ca71bbe22ad5
futuretransp_revision_04_polygon_reference_labels.zip,77942779,74.332026,related_file,,08_reproducibility_configs_and_manifests/,P2,3d824e6b8a1be7323ff49f024b5624d5e48fe4037043c00b37ea3b301fc7a68c
futuretransp_revision_04_polygon_reference_labels.zip.sha256,121,0.000115,related_file,,08_reproducibility_configs_and_manifests/,P2,21f25a784e191536e45cca4fd9cd361dd72e372e11bf408202ba747ea70efbcf
old_data/processed/bellevue_116th_ne12th/method_comparison/labels_birch.parquet,13920,0.013275,related_file,bellevue_116th_ne12th,08_reproducibility_configs_and_manifests/,P2,8f9c0e3b71f8d441b35e614490dd866b9a22e2e9468a833c0b9b6ae032d5c8e2
old_data/processed/bellevue_116th_ne12th/method_comparison/labels_dbscan.parquet,13650,0.013018,related_file,bellevue_116th_ne12th,08_reproducibility_configs_and_manifests/,P2,dbf42eac558c03d8fd93312d18a44a9254b003a1196cfc946f8152e6ff657742
old_data/processed/bellevue_116th_ne12th/method_comparison/labels_gmm.parquet,13932,0.013287,related_file,bellevue_116th_ne12th,08_reproducibility_configs_and_manifests/,P2,07565957afa84601fb96b0765fa83df1246e18c3c07ee377e4615cd69aef6d40
old_data/processed/bellevue_116th_ne12th/method_comparison/labels_hdbscan.parquet,13394,0.012774,related_file,bellevue_116th_ne12th,08_reproducibility_configs_and_manifests/,P2,a887e65925290805a20c16a6da35fe885ec42e8b9a110126bb96021fc5f8c077
old_data/processed/bellevue_116th_ne12th/method_comparison/labels_kmeans.parquet,13626,0.012995,related_file,bellevue_116th_ne12th,08_reproducibility_configs_and_manifests/,P2,b332953baebe0adba8d59d8b86310b048d9604e3c43bac9082ffcc6d70a682a3
old_data/processed/bellevue_116th_ne12th/method_comparison/labels_optics.parquet,13630,0.012999,related_file,bellevue_116th_ne12th,08_reproducibility_configs_and_manifests/,P2,551802b788cd33ff98270c73241c6daab18b2c6c07c1bb1967b1cc185e194d37
old_data/processed/bellevue_150th_eastgate/method_comparison/labels_birch.parquet,142986,0.136362,related_file,bellevue_150th_eastgate,08_reproducibility_configs_and_manifests/,P2,e3568889b4faf9c8fb78235dc310634c2abf415676d4e17908f08738fbda299d
old_data/processed/bellevue_150th_eastgate/method_comparison/labels_dbscan.parquet,140615,0.134101,related_file,bellevue_150th_eastgate,08_reproducibility_configs_and_manifests/,P2,23fd0d197a70f8f8d256dfb76c9cea12c4fa06b7e327d93143dbde504f3cab8a
old_data/processed/bellevue_150th_eastgate/method_comparison/labels_gmm.parquet,144993,0.138276,related_file,bellevue_150th_eastgate,08_reproducibility_configs_and_manifests/,P2,39a12e63afa22407edbd0a91e9f140320819ba61013ba2bb816b89ac2c1aee7f
old_data/processed/bellevue_150th_eastgate/method_comparison/labels_hdbscan.parquet,142036,0.135456,related_file,bellevue_150th_eastgate,08_reproducibility_configs_and_manifests/,P2,8e07375996912a2981838c79bdd4c8701db7b08636024217c65f4338f3f4ade1
old_data/processed/bellevue_150th_eastgate/method_comparison/labels_kmeans.parquet,144948,0.138233,related_file,bellevue_150th_eastgate,08_reproducibility_configs_and_manifests/,P2,317c4753645be9468cf6fb108769b1200134d73c3c7b1fcbbf67198f7b2de6f0
old_data/processed/bellevue_150th_eastgate/method_comparison/labels_optics.parquet,142072,0.13549,related_file,bellevue_150th_eastgate,08_reproducibility_configs_and_manifests/,P2,6461b103067e9ba84bbf4cc7a9242c303dada15b56c81f3e2054fa974111415f
old_data/processed/bellevue_150th_newport/method_comparison/labels_birch.parquet,51720,0.049324,related_file,bellevue_150th_newport,08_reproducibility_configs_and_manifests/,P2,ea639cb57fe03e0efbdb9af48e887e24cf8c897ff26d39fcd2306f7b487fbdd3
old_data/processed/bellevue_150th_newport/method_comparison/labels_dbscan.parquet,50759,0.048408,related_file,bellevue_150th_newport,08_reproducibility_configs_and_manifests/,P2,75376d41ea1c2673030e2a730df42c2f92ae3b9eb6bbad740f4fdd7a8ad03500
old_data/processed/bellevue_150th_newport/method_comparison/labels_gmm.parquet,51818,0.049417,related_file,bellevue_150th_newport,08_reproducibility_configs_and_manifests/,P2,fcafaba35c35fc8777fb089b79a93cd660972624a1164c48b7cbb555b670bff0
old_data/processed/bellevue_150th_newport/method_comparison/labels_hdbscan.parquet,49733,0.047429,related_file,bellevue_150th_newport,08_reproducibility_configs_and_manifests/,P2,fc1c536a40d05690b357a5d881a3027d84db427ac2e4f7575baf8a35e84e450a
old_data/processed/bellevue_150th_newport/method_comparison/labels_kmeans.parquet,51767,0.049369,related_file,bellevue_150th_newport,08_reproducibility_configs_and_manifests/,P2,1c25aefe8a29150735b220c3556642f6d0b21b738b0104c503b12f5542b6a97b
old_data/processed/bellevue_150th_newport/method_comparison/labels_optics.parquet,50360,0.048027,related_file,bellevue_150th_newport,08_reproducibility_configs_and_manifests/,P2,df368563506f5e7d8ab6d3799f50bd92201b94f8b4413f34278d7ef15b68988c
old_data/processed/bellevue_150th_se38th/method_comparison/labels_birch.parquet,39363,0.037539,related_file,bellevue_150th_se38th,08_reproducibility_configs_and_manifests/,P2,2d7d28588a877ace9f5c4b192cf9df3defe340e6f8df10015515ed163b40dcf5
old_data/processed/bellevue_150th_se38th/method_comparison/labels_dbscan.parquet,38694,0.036901,related_file,bellevue_150th_se38th,08_reproducibility_configs_and_manifests/,P2,9737c9beacdb8a333d290d5fed2ed0f10c007a056b337adc0baddb20ff4de9ac
old_data/processed/bellevue_150th_se38th/method_comparison/labels_gmm.parquet,39489,0.03766,related_file,bellevue_150th_se38th,08_reproducibility_configs_and_manifests/,P2,86b218e8b15eeb5bcd3fc36b0496d124735f1c2af86b31bcef111b67322f43f6
old_data/processed/bellevue_150th_se38th/method_comparison/labels_hdbscan.parquet,38544,0.036758,related_file,bellevue_150th_se38th,08_reproducibility_configs_and_manifests/,P2,e5cae9204af3f1f67514d54207c49247c90bd5ab02f7471f7618d9f0900fcb9f
old_data/processed/bellevue_150th_se38th/method_comparison/labels_kmeans.parquet,38677,0.036885,related_file,bellevue_150th_se38th,08_reproducibility_configs_and_manifests/,P2,ec6e2c10a2529ddb8f9ed8a89715c3c64046f8931e25affa9f3f403bac577bd5
old_data/processed/bellevue_150th_se38th/method_comparison/labels_optics.parquet,37534,0.035795,related_file,bellevue_150th_se38th,08_reproducibility_configs_and_manifests/,P2,e69a41daefe6ffc73aae67ef45334544c11e5e300ca66dc9c5d18657e81844af
old_data/processed/bellevue_ne8th/method_comparison/labels_birch.parquet,117006,0.111586,related_file,bellevue_ne8th,08_reproducibility_configs_and_manifests/,P2,667c4ca3e1706fd1d48b5ce4588504e590f4f20e79092de86ba5676a71d6783a
old_data/processed/bellevue_ne8th/method_comparison/labels_dbscan.parquet,113621,0.108357,related_file,bellevue_ne8th,08_reproducibility_configs_and_manifests/,P2,4db82fc8702ef2713849a50ff4351a3656a3a71037f06a87ed60880a36895f76
old_data/processed/bellevue_ne8th/method_comparison/labels_gmm.parquet,117504,0.112061,related_file,bellevue_ne8th,08_reproducibility_configs_and_manifests/,P2,e0ce75d97000541a21fcb080f0eb00c157bc1fa2fa88c9b90658a16383f4ebe1
old_data/processed/bellevue_ne8th/method_comparison/labels_hdbscan.parquet,113851,0.108577,related_file,bellevue_ne8th,08_reproducibility_configs_and_manifests/,P2,14a290888ee59c210bc6b98aa0da56336fb6d58768b4dcbda2341871d8f59fd1
old_data/processed/bellevue_ne8th/method_comparison/labels_kmeans.parquet,117438,0.111998,related_file,bellevue_ne8th,08_reproducibility_configs_and_manifests/,P2,2e5e926fd4541ab9505215dbb6a17acb5f72425edf612de3e1e4286be087a570
old_data/processed/bellevue_ne8th/method_comparison/labels_optics.parquet,113766,0.108496,related_file,bellevue_ne8th,08_reproducibility_configs_and_manifests/,P2,584823f4cc3935b7d321cbabb2fdc5051fbabc13c2f3e7253871a908c3b4fab1
publications/hg-msa-tc-future-transportation/annotations/reference_labels/coverage_summary.csv,2053,0.001958,related_file,,08_reproducibility_configs_and_manifests/,P2,541b308ad36506cd3fc5698b9ec7c05dbe95ea390f6fd2db1494cfa854385a89
publications/hg-msa-tc-future-transportation/annotations/reference_labels/exclusion_reason_summary.csv,2512,0.002396,related_file,,08_reproducibility_configs_and_manifests/,P2,e32cc4a184521e586f6fd27d38f40895b42b2d90cf1b128f1061f10d639ad4a2
publications/hg-msa-tc-future-transportation/annotations/reference_labels/figures/bellevue_116th_ne12th/01_representative_frame_with_polygons.png,1382147,1.318118,related_file,bellevue_116th_ne12th,08_reproducibility_configs_and_manifests/,P2,5314300b0ae1cb866a0b9d3d3667349bbcced353b85482dc80ec39a24eb2a8c0
publications/hg-msa-tc-future-transportation/annotations/reference_labels/figures/bellevue_116th_ne12th/02_entry_endpoints_by_polygon.png,1451358,1.384123,related_file,bellevue_116th_ne12th,08_reproducibility_configs_and_manifests/,P2,f92e3d7c7a27e263cab4af6579fc59af3fa2fcb6b0c0f8aa0c34d86ccdec5a06
publications/hg-msa-tc-future-transportation/annotations/reference_labels/figures/bellevue_116th_ne12th/03_exit_endpoints_by_polygon.png,1431501,1.365186,related_file,bellevue_116th_ne12th,08_reproducibility_configs_and_manifests/,P2,a3ec8f08a371bb9723b475787a6f69cb76e01a670062bb8cd898af6d7ea7d14a
publications/hg-msa-tc-future-transportation/annotations/reference_labels/figures/bellevue_116th_ne12th/04_unassigned_ambiguous_endpoints.png,1423884,1.357922,related_file,bellevue_116th_ne12th,08_reproducibility_configs_and_manifests/,P2,d3f799cba8517da112885772b83fe92c4a8bf6bbd4810b63b4e00764621d5f1f
publications/hg-msa-tc-future-transportation/annotations/reference_labels/figures/bellevue_116th_ne12th/05_endpoint_density_with_polygons.png,121388,0.115765,related_file,bellevue_116th_ne12th,08_reproducibility_configs_and_manifests/,P2,9f37f7deb40a81bdeb9ccfee4c023644df7e6726d933e4b123012430867eee4d
publications/hg-msa-tc-future-transportation/annotations/reference_labels/figures/bellevue_116th_ne12th/06_movement_count_matrix.png,41321,0.039407,related_file,bellevue_116th_ne12th,08_reproducibility_configs_and_manifests/,P2,1ad9445518b248aa84d2977abdf547964b582036e41bac2f99acb774bd1a4cff
publications/hg-msa-tc-future-transportation/annotations/reference_labels/figures/bellevue_150th_eastgate/01_representative_frame_with_polygons.png,1335392,1.273529,related_file,bellevue_150th_eastgate,08_reproducibility_configs_and_manifests/,P2,9f22108acac9aa18253a2c7b4b475e68d2df9f1d86ba8a4789b686828e6400e8
publications/hg-msa-tc-future-transportation/annotations/reference_labels/figures/bellevue_150th_eastgate/02_entry_endpoints_by_polygon.png,1486898,1.418016,related_file,bellevue_150th_eastgate,08_reproducibility_configs_and_manifests/,P2,13cc21738796c9df45263e2e7a5eac8d157afb98cf11f37de0483c5326895707
publications/hg-msa-tc-future-transportation/annotations/reference_labels/figures/bellevue_150th_eastgate/03_exit_endpoints_by_polygon.png,1419958,1.354177,related_file,bellevue_150th_eastgate,08_reproducibility_configs_and_manifests/,P2,6381641c660a15221a642c50271c987bcb77b87b5e53f4cc056c32522b081605
publications/hg-msa-tc-future-transportation/annotations/reference_labels/figures/bellevue_150th_eastgate/04_unassigned_ambiguous_endpoints.png,1411743,1.346343,related_file,bellevue_150th_eastgate,08_reproducibility_configs_and_manifests/,P2,c32bb3fd395c49240fe3649a135e75782b428350897f299f89424cdc0ae2f5c9
publications/hg-msa-tc-future-transportation/annotations/reference_labels/figures/bellevue_150th_eastgate/05_endpoint_density_with_polygons.png,111067,0.105922,related_file,bellevue_150th_eastgate,08_reproducibility_configs_and_manifests/,P2,3fbb1b3fec5390b2a15c55c32c961e3109e8d22cdb9e115a65df6233717492c4
publications/hg-msa-tc-future-transportation/annotations/reference_labels/figures/bellevue_150th_eastgate/06_movement_count_matrix.png,49052,0.04678,related_file,bellevue_150th_eastgate,08_reproducibility_configs_and_manifests/,P2,4a2d8435f6f48a17028f8db3f27c3d33a8aea22bdcfb98fdd749458fc0d10b0c
publications/hg-msa-tc-future-transportation/annotations/reference_labels/figures/bellevue_150th_newport/01_representative_frame_with_polygons.png,1832245,1.747365,related_file,bellevue_150th_newport,08_reproducibility_configs_and_manifests/,P2,2b1142242c4fe58fc0ae30b16b45e03a8981e316fb343ffde3c62c4abd12baf8
publications/hg-msa-tc-future-transportation/annotations/reference_labels/figures/bellevue_150th_newport/02_entry_endpoints_by_polygon.png,1921198,1.832197,related_file,bellevue_150th_newport,08_reproducibility_configs_and_manifests/,P2,513b5a7d1c4d79e1ff3bdf8e4bf6e4abe732c290c5ed759003fc1c87502a69db
publications/hg-msa-tc-future-transportation/annotations/reference_labels/figures/bellevue_150th_newport/03_exit_endpoints_by_polygon.png,1919143,1.830237,related_file,bellevue_150th_newport,08_reproducibility_configs_and_manifests/,P2,847cbd9866ec5de83eb949721d420519bbe5f6f74e1f2743a8832fbcfb44209e
publications/hg-msa-tc-future-transportation/annotations/reference_labels/figures/bellevue_150th_newport/04_unassigned_ambiguous_endpoints.png,1901552,1.813461,related_file,bellevue_150th_newport,08_reproducibility_configs_and_manifests/,P2,55e367016326f5bfbbf26db6d45a1c100c1f58f18b71c09c5784196b8d64cee2
publications/hg-msa-tc-future-transportation/annotations/reference_labels/figures/bellevue_150th_newport/05_endpoint_density_with_polygons.png,100379,0.095729,related_file,bellevue_150th_newport,08_reproducibility_configs_and_manifests/,P2,1bf76aed799cfcddda98a5c8807d569ff852a6352765acdff120f9b09a2207bd
publications/hg-msa-tc-future-transportation/annotations/reference_labels/figures/bellevue_150th_newport/06_movement_count_matrix.png,46263,0.04412,related_file,bellevue_150th_newport,08_reproducibility_configs_and_manifests/,P2,7a644d22070485ebeb448340c9f1fbb884ded7f303294a8c71f28523969449c5
publications/hg-msa-tc-future-transportation/annotations/reference_labels/figures/bellevue_150th_se38th/01_representative_frame_with_polygons.png,1571653,1.498845,related_file,bellevue_150th_se38th,08_reproducibility_configs_and_manifests/,P2,7431d460838b4845d28fcca07da87dd10e525175a9fa1a0f6036c410d151ddfc
publications/hg-msa-tc-future-transportation/annotations/reference_labels/figures/bellevue_150th_se38th/02_entry_endpoints_by_polygon.png,1692061,1.613675,related_file,bellevue_150th_se38th,08_reproducibility_configs_and_manifests/,P2,9ceac53fa887ed0329891aab5bd60272f89a977bd4048ca1e85c7de0df9e000f
publications/hg-msa-tc-future-transportation/annotations/reference_labels/figures/bellevue_150th_se38th/03_exit_endpoints_by_polygon.png,1695811,1.617251,related_file,bellevue_150th_se38th,08_reproducibility_configs_and_manifests/,P2,003cea3c8fa1a54f47ec04c24200c5a2164b0d7dad75eac291476029145f0094
publications/hg-msa-tc-future-transportation/annotations/reference_labels/figures/bellevue_150th_se38th/04_unassigned_ambiguous_endpoints.png,1674938,1.597345,related_file,bellevue_150th_se38th,08_reproducibility_configs_and_manifests/,P2,110f71485c53bb9e63baad8fed20090b74100e81385f1d1c7d804f4d9656fbdf
publications/hg-msa-tc-future-transportation/annotations/reference_labels/figures/bellevue_150th_se38th/05_endpoint_density_with_polygons.png,110045,0.104947,related_file,bellevue_150th_se38th,08_reproducibility_configs_and_manifests/,P2,33476cb2eed465a316f4eaf1f3c329c45885de33f7991c242b26aa800d9689fd
publications/hg-msa-tc-future-transportation/annotations/reference_labels/figures/bellevue_150th_se38th/06_movement_count_matrix.png,46621,0.044461,related_file,bellevue_150th_se38th,08_reproducibility_configs_and_manifests/,P2,68cb309a9fe6883d0c3a69c95e9017289f137773a8ec3c41152f0c34bb8fb332
publications/hg-msa-tc-future-transportation/annotations/reference_labels/figures/bellevue_ne8th/01_representative_frame_with_polygons.png,1687249,1.609086,related_file,bellevue_ne8th,08_reproducibility_configs_and_manifests/,P2,292eab024455cd17868daed89c93ff19a07413239e8991ec4151447910039c47
publications/hg-msa-tc-future-transportation/annotations/reference_labels/figures/bellevue_ne8th/02_entry_endpoints_by_polygon.png,1791301,1.708318,related_file,bellevue_ne8th,08_reproducibility_configs_and_manifests/,P2,b9eebe8d59b39fe61a794e23ef1a81c872418f627aad7a768b8819ad2404390d
publications/hg-msa-tc-future-transportation/annotations/reference_labels/figures/bellevue_ne8th/03_exit_endpoints_by_polygon.png,1764956,1.683193,related_file,bellevue_ne8th,08_reproducibility_configs_and_manifests/,P2,711bfe76dddb0b6e2b8c39e950ee79aae6f2919325c95d677d4b0ca10b31eac1
publications/hg-msa-tc-future-transportation/annotations/reference_labels/figures/bellevue_ne8th/04_unassigned_ambiguous_endpoints.png,1765674,1.683878,related_file,bellevue_ne8th,08_reproducibility_configs_and_manifests/,P2,930fb35b2c7aca910b019c4a738235078f63a74129b1aeaacb6a59b5b415c863
publications/hg-msa-tc-future-transportation/annotations/reference_labels/figures/bellevue_ne8th/05_endpoint_density_with_polygons.png,92835,0.088534,related_file,bellevue_ne8th,08_reproducibility_configs_and_manifests/,P2,17bb604e1cad85b530e0535efded84a7949f845460a75ecd1a75d4da65f45286
publications/hg-msa-tc-future-transportation/annotations/reference_labels/figures/bellevue_ne8th/06_movement_count_matrix.png,48016,0.045792,related_file,bellevue_ne8th,08_reproducibility_configs_and_manifests/,P2,9f713243547579c1a65b528d1846554a1fdaef5acaad72c90ff6ebab14c20665
publications/hg-msa-tc-future-transportation/annotations/reference_labels/independent_test_reference_labels.csv,25835801,24.63894,related_file,,08_reproducibility_configs_and_manifests/,P2,127a52ff80af8906fdc3bb6a7436a222baedd42d8c542cfb2e234e67e43b4f5f
publications/hg-msa-tc-future-transportation/annotations/reference_labels/legal_movement_inventory.csv,6407,0.00611,related_file,,08_reproducibility_configs_and_manifests/,P2,b26849b87da8900e5d8c7aa6db77998f31f82aee8f1ceb021f5d023e39021a5d
publications/hg-msa-tc-future-transportation/annotations/reference_labels/model_selection_reference_labels.csv,18541521,17.682572,related_file,,08_reproducibility_configs_and_manifests/,P2,52ade6f257673392967fdc303daca72ca815a460ada37afc341f4b58414fe8da
publications/hg-msa-tc-future-transportation/annotations/reference_labels/movement_inventory_report.md,2315,0.002208,related_file,,08_reproducibility_configs_and_manifests/,P2,4042fde61a6fb4ab43d9c981547682dc0a86861e9345e06b25287b726c4bf23a
publications/hg-msa-tc-future-transportation/annotations/reference_labels/observed_movement_inventory.csv,141612,0.135052,related_file,,08_reproducibility_configs_and_manifests/,P2,7fb8a50ba5529336fcb89196b1a80273d0c6bd2ba7733f4a7c1637a0851f424c
publications/hg-msa-tc-future-transportation/annotations/reference_labels/polygon_assignment_sensitivity.csv,77435672,73.848412,related_file,,08_reproducibility_configs_and_manifests/,P2,574de4693f38fd120adb0413c0f2a0d6a0d9fb5211c3f9067d5b6e03f4b62ea9
publications/hg-msa-tc-future-transportation/annotations/reference_labels/polygon_rule_reference_labels_all.csv,63201780,60.273914,related_file,,08_reproducibility_configs_and_manifests/,P2,6630bc1f32f9a3ac5bfe78b6312432aafa7ac0327d43251ff01b05e2a9bfbd60
publications/hg-msa-tc-future-transportation/annotations/reference_labels/polygon_rule_reference_labels_all.parquet,9859228,9.402493,related_file,,08_reproducibility_configs_and_manifests/,P2,63c88c91925560fc1a636b8cb165abd5d90d8ed2b63adfad293727edec32648c
publications/hg-msa-tc-future-transportation/annotations/reference_labels/qa_audit_queue.csv,1024736,0.977264,related_file,,08_reproducibility_configs_and_manifests/,P2,7d130f2300e5af9f8b25fbcadd482d8e2b7acaf9933b8dc6904d66b4007da28f
publications/hg-msa-tc-future-transportation/annotations/reference_labels/qa_audit_queue_report.md,751,0.000716,related_file,,08_reproducibility_configs_and_manifests/,P2,06e9177fa0296c1fb607140921638f2a53bb1975a6a03bc2ce9e82db5b4a007a
publications/hg-msa-tc-future-transportation/annotations/reference_labels/recording_coverage.csv,13084,0.012478,related_file,,08_reproducibility_configs_and_manifests/,P2,3c78a9562273a6968e0a92657f92fc60e625b86ad917902ce4a6789da4613767
publications/hg-msa-tc-future-transportation/annotations/reference_labels/reference_output_manifest.json,2427,0.002315,related_file,,08_reproducibility_configs_and_manifests/,P2,bf2bb33ae791b98b23101429aeab547e6d03d35fa856dfe5f045952656bc7097
publications/hg-msa-tc-future-transportation/annotations/reference_labels/target_estimation_reference_labels.csv,18826154,17.95402,related_file,,08_reproducibility_configs_and_manifests/,P2,c2d9f048dbc80f5856ce076496cf1707d07eb5caf8e1ab52cbf36a85b93d8f87
publications/hg-msa-tc-future-transportation/code/reference_labels/__init__.py,67,6.4e-05,related_file,,08_reproducibility_configs_and_manifests/,P2,ddb3dfc482cc4a0e810697f20f27cbaaf9f5f6c6b5e02cdd70fd587ee362b488
publications/hg-msa-tc-future-transportation/code/reference_labels/cli.py,4377,0.004174,related_file,,08_reproducibility_configs_and_manifests/,P2,e35cd5cd6070398117c310d1ac6b18bf108e704ffa60f84c1bd85c5fbfea10f4
publications/hg-msa-tc-future-transportation/code/reference_labels/generator.py,22465,0.021424,related_file,,08_reproducibility_configs_and_manifests/,P2,48f3b6d909992948b181205269ab9f61d24c454614f41d54e6268aa4ddbd9ace
publications/hg-msa-tc-future-transportation/code/reference_labels/protocol.py,12077,0.011518,related_file,,08_reproducibility_configs_and_manifests/,P2,b860906ff57786b62b009d227cae25427938a563077ae3373f8ce98e4e175ce8
publications/hg-msa-tc-future-transportation/code/reference_labels/reporting.py,25050,0.02389,related_file,,08_reproducibility_configs_and_manifests/,P2,7c7d132f819b55abbe133b6d5d1abc9d87953e576b1ca765fc4178a9d11347f0
publications/hg-msa-tc-future-transportation/docs/yolov11_raw_detection_file_locations.md,19553,0.018647,configuration_or_code_reference,,08_reproducibility_configs_and_manifests/,P2,878e5faa5cb745709ffabace5d1548720ea529eab22e7c33b6bc294bd563560e
publications/hg-msa-tc-future-transportation/requirements-reference-labels.txt,79,7.5e-05,related_file,,08_reproducibility_configs_and_manifests/,P2,414ea0b9aa90a283ccbba501bbbde26f851591837a2aed31a6bb3c6704ca10ef
publications/hg-msa-tc-future-transportation/tests/test_polygon_reference_labels.py,6424,0.006126,related_file,,08_reproducibility_configs_and_manifests/,P2,cdfa34542bcd6f2d76fece680992ec346628d0fe60e8ae49459f660a472d66cc
repo_sample/src/traffic/detect/ultralytics_runner.py,523,0.000499,configuration_or_code_reference,,08_reproducibility_configs_and_manifests/,P2,a6c444f0307b28389c05af02e802a71a1fba574e44d8e7eef6fee70ff660d3d1
repo_sample/tests/test_ultralytics_wrapper.py,48,4.6e-05,configuration_or_code_reference,,08_reproducibility_configs_and_manifests/,P2,750e9549575f5d86a3232e3be32a0a13b26c16038f964f8a3f9a77959c322b75
reports/publication_results/fig_01_detections_per_scene.png,135162,0.128901,related_file,,08_reproducibility_configs_and_manifests/,P2,f761cf35c9efb8fec4d8bdadb74f1fa8c18117d3509b5c7036b07f138d177fa4
research_experiments/fov2026_trajectory_clustering/homography_extension/outputs/coordinate_space_ablation_v1/bellevue_150th_eastgate/labels/camera_isotropic_shared_scale_hdbscan_labels.parquet,42052,0.040104,related_file,bellevue_150th_eastgate,08_reproducibility_configs_and_manifests/,P2,7384e5f94782dc0c777672c2b7b3ba06d85f9478ab232cd386ba1be04f57f4a7
research_experiments/fov2026_trajectory_clustering/homography_extension/outputs/coordinate_space_ablation_v1/bellevue_150th_eastgate/labels/camera_isotropic_shared_scale_kmeans_labels.parquet,42055,0.040107,related_file,bellevue_150th_eastgate,08_reproducibility_configs_and_manifests/,P2,b240f6037fb7114d6f0730f0b67950406eb552f7567f4565bbfd1219a2e20eef
research_experiments/fov2026_trajectory_clustering/homography_extension/outputs/coordinate_space_ablation_v1/bellevue_150th_eastgate/labels/camera_isotropic_shared_scale_optics_labels.parquet,42061,0.040112,related_file,bellevue_150th_eastgate,08_reproducibility_configs_and_manifests/,P2,1ed28f2487ae75598e82f8f9d05a589881a0c0b70d16aa418815624debafb606
research_experiments/fov2026_trajectory_clustering/homography_extension/outputs/coordinate_space_ablation_v1/bellevue_150th_eastgate/labels/camera_per_axis_minmax_hdbscan_labels.parquet,42061,0.040112,related_file,bellevue_150th_eastgate,08_reproducibility_configs_and_manifests/,P2,f5c0f34033959995703dc5e66a275f140e78e9584be0d2334eecf95e2cf34b9f
research_experiments/fov2026_trajectory_clustering/homography_extension/outputs/coordinate_space_ablation_v1/bellevue_150th_eastgate/labels/camera_per_axis_minmax_kmeans_labels.parquet,42057,0.040109,related_file,bellevue_150th_eastgate,08_reproducibility_configs_and_manifests/,P2,8d76e41b0cd8d6815e705411a18bab2a430652e4faf4674c2e54804b0c6f1353
research_experiments/fov2026_trajectory_clustering/homography_extension/outputs/coordinate_space_ablation_v1/bellevue_150th_eastgate/labels/camera_per_axis_minmax_optics_labels.parquet,42057,0.040109,related_file,bellevue_150th_eastgate,08_reproducibility_configs_and_manifests/,P2,5ae27058a3bcb065bf63a71d7552026569a98fe4bb9a41424a435ae3906b7bc2
research_experiments/fov2026_trajectory_clustering/homography_extension/outputs/coordinate_space_ablation_v1/bellevue_150th_eastgate/labels/homography_topview_hdbscan_labels.parquet,42055,0.040107,related_file,bellevue_150th_eastgate,08_reproducibility_configs_and_manifests/,P2,7d71b294c6b5ee0c57721d314ebf13460c757980885ff9d93a1d50afe5e14817
research_experiments/fov2026_trajectory_clustering/homography_extension/outputs/coordinate_space_ablation_v1/bellevue_150th_eastgate/labels/homography_topview_isotropic_hdbscan_labels.parquet,42055,0.040107,related_file,bellevue_150th_eastgate,08_reproducibility_configs_and_manifests/,P2,65ff997d77ca02f45d05de9e0ec1674d32c211b35af883823e49532cae566cbb
research_experiments/fov2026_trajectory_clustering/homography_extension/outputs/coordinate_space_ablation_v1/bellevue_150th_eastgate/labels/homography_topview_isotropic_kmeans_labels.parquet,42057,0.040109,related_file,bellevue_150th_eastgate,08_reproducibility_configs_and_manifests/,P2,bb471ed8bda4262bbb2ffeb43dae61d880a5cb6f5d94fae3433f5787c480370e
research_experiments/fov2026_trajectory_clustering/homography_extension/outputs/coordinate_space_ablation_v1/bellevue_150th_eastgate/labels/homography_topview_isotropic_optics_labels.parquet,41449,0.039529,related_file,bellevue_150th_eastgate,08_reproducibility_configs_and_manifests/,P2,8ee65b6bae691a6f2a6837532bfd1dba12e8b51fa4268ef3660c52ead3a02d40
research_experiments/fov2026_trajectory_clustering/homography_extension/outputs/coordinate_space_ablation_v1/bellevue_150th_eastgate/labels/homography_topview_kmeans_labels.parquet,42054,0.040106,related_file,bellevue_150th_eastgate,08_reproducibility_configs_and_manifests/,P2,059562fcb19dc6f7990606f7b92ffcc6fff8d0b2abe33ebfb64a81bfee4132fe
research_experiments/fov2026_trajectory_clustering/homography_extension/outputs/coordinate_space_ablation_v1/bellevue_150th_eastgate/labels/homography_topview_optics_labels.parquet,41849,0.03991,related_file,bellevue_150th_eastgate,08_reproducibility_configs_and_manifests/,P2,560c60b54fa0c00e80154db317e96f1c0fd162dfee4b5f71bab990a727b5fdf3
research_experiments/fov2026_trajectory_clustering/homography_extension/outputs/homography_case_study_v1/bellevue_150th_eastgate/labels/camera_isotropic_shared_scale_hdbscan_labels.parquet,42052,0.040104,related_file,bellevue_150th_eastgate,08_reproducibility_configs_and_manifests/,P2,7384e5f94782dc0c777672c2b7b3ba06d85f9478ab232cd386ba1be04f57f4a7
research_experiments/fov2026_trajectory_clustering/homography_extension/outputs/homography_case_study_v1/bellevue_150th_eastgate/labels/camera_isotropic_shared_scale_kmeans_labels.parquet,42055,0.040107,related_file,bellevue_150th_eastgate,08_reproducibility_configs_and_manifests/,P2,b240f6037fb7114d6f0730f0b67950406eb552f7567f4565bbfd1219a2e20eef
research_experiments/fov2026_trajectory_clustering/homography_extension/outputs/homography_case_study_v1/bellevue_150th_eastgate/labels/camera_isotropic_shared_scale_optics_labels.parquet,42061,0.040112,related_file,bellevue_150th_eastgate,08_reproducibility_configs_and_manifests/,P2,1ed28f2487ae75598e82f8f9d05a589881a0c0b70d16aa418815624debafb606
research_experiments/fov2026_trajectory_clustering/homography_extension/outputs/homography_case_study_v1/bellevue_150th_eastgate/labels/camera_per_axis_minmax_hdbscan_labels.parquet,42061,0.040112,related_file,bellevue_150th_eastgate,08_reproducibility_configs_and_manifests/,P2,f5c0f34033959995703dc5e66a275f140e78e9584be0d2334eecf95e2cf34b9f
research_experiments/fov2026_trajectory_clustering/homography_extension/outputs/homography_case_study_v1/bellevue_150th_eastgate/labels/camera_per_axis_minmax_kmeans_labels.parquet,42057,0.040109,related_file,bellevue_150th_eastgate,08_reproducibility_configs_and_manifests/,P2,8d76e41b0cd8d6815e705411a18bab2a430652e4faf4674c2e54804b0c6f1353
research_experiments/fov2026_trajectory_clustering/homography_extension/outputs/homography_case_study_v1/bellevue_150th_eastgate/labels/camera_per_axis_minmax_optics_labels.parquet,42057,0.040109,related_file,bellevue_150th_eastgate,08_reproducibility_configs_and_manifests/,P2,5ae27058a3bcb065bf63a71d7552026569a98fe4bb9a41424a435ae3906b7bc2
research_experiments/fov2026_trajectory_clustering/homography_extension/outputs/homography_case_study_v1/bellevue_150th_eastgate/labels/homography_topview_hdbscan_labels.parquet,42055,0.040107,related_file,bellevue_150th_eastgate,08_reproducibility_configs_and_manifests/,P2,65ff997d77ca02f45d05de9e0ec1674d32c211b35af883823e49532cae566cbb
research_experiments/fov2026_trajectory_clustering/homography_extension/outputs/homography_case_study_v1/bellevue_150th_eastgate/labels/homography_topview_kmeans_labels.parquet,42057,0.040109,related_file,bellevue_150th_eastgate,08_reproducibility_configs_and_manifests/,P2,bb471ed8bda4262bbb2ffeb43dae61d880a5cb6f5d94fae3433f5787c480370e
research_experiments/fov2026_trajectory_clustering/homography_extension/outputs/homography_case_study_v1/bellevue_150th_eastgate/labels/homography_topview_optics_labels.parquet,41449,0.039529,related_file,bellevue_150th_eastgate,08_reproducibility_configs_and_manifests/,P2,8ee65b6bae691a6f2a6837532bfd1dba12e8b51fa4268ef3660c52ead3a02d40
research_experiments/fov2026_trajectory_clustering/homography_extension/outputs/homography_coordinate_space_ablation_v2_five_scenes/bellevue_150th_eastgate/labels/camera_isotropic_shared_scale_hdbscan_labels.parquet,42052,0.040104,related_file,bellevue_150th_eastgate,08_reproducibility_configs_and_manifests/,P2,7384e5f94782dc0c777672c2b7b3ba06d85f9478ab232cd386ba1be04f57f4a7
research_experiments/fov2026_trajectory_clustering/homography_extension/outputs/homography_coordinate_space_ablation_v2_five_scenes/bellevue_150th_eastgate/labels/camera_isotropic_shared_scale_kmeans_labels.parquet,42055,0.040107,related_file,bellevue_150th_eastgate,08_reproducibility_configs_and_manifests/,P2,b240f6037fb7114d6f0730f0b67950406eb552f7567f4565bbfd1219a2e20eef
research_experiments/fov2026_trajectory_clustering/homography_extension/outputs/homography_coordinate_space_ablation_v2_five_scenes/bellevue_150th_eastgate/labels/camera_isotropic_shared_scale_optics_labels.parquet,42061,0.040112,related_file,bellevue_150th_eastgate,08_reproducibility_configs_and_manifests/,P2,1ed28f2487ae75598e82f8f9d05a589881a0c0b70d16aa418815624debafb606
research_experiments/fov2026_trajectory_clustering/homography_extension/outputs/homography_coordinate_space_ablation_v2_five_scenes/bellevue_150th_eastgate/labels/camera_per_axis_minmax_hdbscan_labels.parquet,42061,0.040112,related_file,bellevue_150th_eastgate,08_reproducibility_configs_and_manifests/,P2,f5c0f34033959995703dc5e66a275f140e78e9584be0d2334eecf95e2cf34b9f
research_experiments/fov2026_trajectory_clustering/homography_extension/outputs/homography_coordinate_space_ablation_v2_five_scenes/bellevue_150th_eastgate/labels/camera_per_axis_minmax_kmeans_labels.parquet,42057,0.040109,related_file,bellevue_150th_eastgate,08_reproducibility_configs_and_manifests/,P2,8d76e41b0cd8d6815e705411a18bab2a430652e4faf4674c2e54804b0c6f1353
research_experiments/fov2026_trajectory_clustering/homography_extension/outputs/homography_coordinate_space_ablation_v2_five_scenes/bellevue_150th_eastgate/labels/camera_per_axis_minmax_optics_labels.parquet,42057,0.040109,related_file,bellevue_150th_eastgate,08_reproducibility_configs_and_manifests/,P2,5ae27058a3bcb065bf63a71d7552026569a98fe4bb9a41424a435ae3906b7bc2
research_experiments/fov2026_trajectory_clustering/homography_extension/outputs/homography_coordinate_space_ablation_v2_five_scenes/bellevue_150th_eastgate/labels/homography_topview_hdbscan_labels.parquet,42055,0.040107,related_file,bellevue_150th_eastgate,08_reproducibility_configs_and_manifests/,P2,65ff997d77ca02f45d05de9e0ec1674d32c211b35af883823e49532cae566cbb
research_experiments/fov2026_trajectory_clustering/homography_extension/outputs/homography_coordinate_space_ablation_v2_five_scenes/bellevue_150th_eastgate/labels/homography_topview_isotropic_hdbscan_labels.parquet,42055,0.040107,related_file,bellevue_150th_eastgate,08_reproducibility_configs_and_manifests/,P2,65ff997d77ca02f45d05de9e0ec1674d32c211b35af883823e49532cae566cbb
research_experiments/fov2026_trajectory_clustering/homography_extension/outputs/homography_coordinate_space_ablation_v2_five_scenes/bellevue_150th_eastgate/labels/homography_topview_isotropic_kmeans_labels.parquet,42057,0.040109,related_file,bellevue_150th_eastgate,08_reproducibility_configs_and_manifests/,P2,bb471ed8bda4262bbb2ffeb43dae61d880a5cb6f5d94fae3433f5787c480370e
research_experiments/fov2026_trajectory_clustering/homography_extension/outputs/homography_coordinate_space_ablation_v2_five_scenes/bellevue_150th_eastgate/labels/homography_topview_isotropic_optics_labels.parquet,41449,0.039529,related_file,bellevue_150th_eastgate,08_reproducibility_configs_and_manifests/,P2,8ee65b6bae691a6f2a6837532bfd1dba12e8b51fa4268ef3660c52ead3a02d40
research_experiments/fov2026_trajectory_clustering/homography_extension/outputs/homography_coordinate_space_ablation_v2_five_scenes/bellevue_150th_eastgate/labels/homography_topview_kmeans_labels.parquet,42057,0.040109,related_file,bellevue_150th_eastgate,08_reproducibility_configs_and_manifests/,P2,bb471ed8bda4262bbb2ffeb43dae61d880a5cb6f5d94fae3433f5787c480370e
research_experiments/fov2026_trajectory_clustering/homography_extension/outputs/homography_coordinate_space_ablation_v2_five_scenes/bellevue_150th_eastgate/labels/homography_topview_optics_labels.parquet,41449,0.039529,related_file,bellevue_150th_eastgate,08_reproducibility_configs_and_manifests/,P2,8ee65b6bae691a6f2a6837532bfd1dba12e8b51fa4268ef3660c52ead3a02d40
research_experiments/fov2026_trajectory_clustering/homography_extension/outputs/homography_coordinate_space_ablation_v2_five_scenes/bellevue_150th_newport/labels/camera_isotropic_shared_scale_hdbscan_labels.parquet,40705,0.038819,related_file,bellevue_150th_newport,08_reproducibility_configs_and_manifests/,P2,2161c66b1f2b1e8f93564cfc17d54f57fef62895bc0e765ca6a0265899444938
research_experiments/fov2026_trajectory_clustering/homography_extension/outputs/homography_coordinate_space_ablation_v2_five_scenes/bellevue_150th_newport/labels/camera_isotropic_shared_scale_kmeans_labels.parquet,41472,0.039551,related_file,bellevue_150th_newport,08_reproducibility_configs_and_manifests/,P2,ce9863bd0ee02a1f0cc1b168feed30c02510694c93d5d5625820f2be59804b49
research_experiments/fov2026_trajectory_clustering/homography_extension/outputs/homography_coordinate_space_ablation_v2_five_scenes/bellevue_150th_newport/labels/camera_isotropic_shared_scale_optics_labels.parquet,41454,0.039534,related_file,bellevue_150th_newport,08_reproducibility_configs_and_manifests/,P2,716b1a726796582c810a4438cad5b781eda83911396135074c8d0dcb013667e0
research_experiments/fov2026_trajectory_clustering/homography_extension/outputs/homography_coordinate_space_ablation_v2_five_scenes/bellevue_150th_newport/labels/camera_per_axis_minmax_hdbscan_labels.parquet,40705,0.038819,related_file,bellevue_150th_newport,08_reproducibility_configs_and_manifests/,P2,658f16cfbd682e1dad76fd80983ab557c35d970e707f97cf609d946868007546
research_experiments/fov2026_trajectory_clustering/homography_extension/outputs/homography_coordinate_space_ablation_v2_five_scenes/bellevue_150th_newport/labels/camera_per_axis_minmax_kmeans_labels.parquet,41472,0.039551,related_file,bellevue_150th_newport,08_reproducibility_configs_and_manifests/,P2,44c572772bb9028cad081cb278103b0f3745083434fef238f743e901cb18df5d
research_experiments/fov2026_trajectory_clustering/homography_extension/outputs/homography_coordinate_space_ablation_v2_five_scenes/bellevue_150th_newport/labels/camera_per_axis_minmax_optics_labels.parquet,41453,0.039533,related_file,bellevue_150th_newport,08_reproducibility_configs_and_manifests/,P2,22c472cde2ed73613f5827dc04461c372cd09e71fb7e4c308cfe436855d1881b
research_experiments/fov2026_trajectory_clustering/homography_extension/outputs/homography_coordinate_space_ablation_v2_five_scenes/bellevue_150th_newport/labels/homography_topview_hdbscan_labels.parquet,40695,0.03881,related_file,bellevue_150th_newport,08_reproducibility_configs_and_manifests/,P2,cadd9fb966a0f99174ab563bd059fdb4e48155c92bdb2b8395df022c85909e99
research_experiments/fov2026_trajectory_clustering/homography_extension/outputs/homography_coordinate_space_ablation_v2_five_scenes/bellevue_150th_newport/labels/homography_topview_isotropic_hdbscan_labels.parquet,40695,0.03881,related_file,bellevue_150th_newport,08_reproducibility_configs_and_manifests/,P2,cadd9fb966a0f99174ab563bd059fdb4e48155c92bdb2b8395df022c85909e99
research_experiments/fov2026_trajectory_clustering/homography_extension/outputs/homography_coordinate_space_ablation_v2_five_scenes/bellevue_150th_newport/labels/homography_topview_isotropic_kmeans_labels.parquet,41473,0.039552,related_file,bellevue_150th_newport,08_reproducibility_configs_and_manifests/,P2,97cafa06dbfbfa13102a13bb275519ae342cd5ccd0d8b4cff430616dde20044f
research_experiments/fov2026_trajectory_clustering/homography_extension/outputs/homography_coordinate_space_ablation_v2_five_scenes/bellevue_150th_newport/labels/homography_topview_isotropic_optics_labels.parquet,40802,0.038912,related_file,bellevue_150th_newport,08_reproducibility_configs_and_manifests/,P2,938f561a8881e277f813ee9d7a199f551a4f1a46f6022913ce40a440dac011f7
research_experiments/fov2026_trajectory_clustering/homography_extension/outputs/homography_coordinate_space_ablation_v2_five_scenes/bellevue_150th_newport/labels/homography_topview_kmeans_labels.parquet,41473,0.039552,related_file,bellevue_150th_newport,08_reproducibility_configs_and_manifests/,P2,97cafa06dbfbfa13102a13bb275519ae342cd5ccd0d8b4cff430616dde20044f
research_experiments/fov2026_trajectory_clustering/homography_extension/outputs/homography_coordinate_space_ablation_v2_five_scenes/bellevue_150th_newport/labels/homography_topview_optics_labels.parquet,40802,0.038912,related_file,bellevue_150th_newport,08_reproducibility_configs_and_manifests/,P2,938f561a8881e277f813ee9d7a199f551a4f1a46f6022913ce40a440dac011f7
research_experiments/fov2026_trajectory_clustering/homography_extension/outputs/homography_coordinate_space_ablation_v2_five_scenes/bellevue_150th_se38th/labels/camera_isotropic_shared_scale_hdbscan_labels.parquet,41084,0.039181,related_file,bellevue_150th_se38th,08_reproducibility_configs_and_manifests/,P2,3c7edc5891be0a121f79c238455c97b7bef81724d2ce9a7aa3fc13566518ebd6
research_experiments/fov2026_trajectory_clustering/homography_extension/outputs/homography_coordinate_space_ablation_v2_five_scenes/bellevue_150th_se38th/labels/camera_isotropic_shared_scale_kmeans_labels.parquet,41117,0.039212,related_file,bellevue_150th_se38th,08_reproducibility_configs_and_manifests/,P2,3f2bb8f3d695cad70269db63bba38a6ee99f0a7364003bd970ac8e8bb3dfc9cc
research_experiments/fov2026_trajectory_clustering/homography_extension/outputs/homography_coordinate_space_ablation_v2_five_scenes/bellevue_150th_se38th/labels/camera_isotropic_shared_scale_optics_labels.parquet,41099,0.039195,related_file,bellevue_150th_se38th,08_reproducibility_configs_and_manifests/,P2,81cc61ac90bee3b398d260a22f662674c1e0fe218f3c6758922aed2c88e37451
research_experiments/fov2026_trajectory_clustering/homography_extension/outputs/homography_coordinate_space_ablation_v2_five_scenes/bellevue_150th_se38th/labels/camera_per_axis_minmax_hdbscan_labels.parquet,41124,0.039219,related_file,bellevue_150th_se38th,08_reproducibility_configs_and_manifests/,P2,6a921b9273753b59ffb0bf4e6967a3030334ee72bce68990a8fa4442689668c9
research_experiments/fov2026_trajectory_clustering/homography_extension/outputs/homography_coordinate_space_ablation_v2_five_scenes/bellevue_150th_se38th/labels/camera_per_axis_minmax_kmeans_labels.parquet,41089,0.039186,related_file,bellevue_150th_se38th,08_reproducibility_configs_and_manifests/,P2,428ae7d7c01fc7d110fdffb8ee0b5517e6098ff6aef9976bc8a4e5a11162d7aa
research_experiments/fov2026_trajectory_clustering/homography_extension/outputs/homography_coordinate_space_ablation_v2_five_scenes/bellevue_150th_se38th/labels/camera_per_axis_minmax_optics_labels.parquet,41096,0.039192,related_file,bellevue_150th_se38th,08_reproducibility_configs_and_manifests/,P2,d5b5016405e9f4976b02d9848c5ffc96c03b04f849c30768bc95a66227266f49
research_experiments/fov2026_trajectory_clustering/homography_extension/outputs/homography_coordinate_space_ablation_v2_five_scenes/bellevue_150th_se38th/labels/homography_topview_hdbscan_labels.parquet,41076,0.039173,related_file,bellevue_150th_se38th,08_reproducibility_configs_and_manifests/,P2,396428ffd6caebd7680853edb42dfbe221e7c559f6e7199c2e32f87ff155137d
research_experiments/fov2026_trajectory_clustering/homography_extension/outputs/homography_coordinate_space_ablation_v2_five_scenes/bellevue_150th_se38th/labels/homography_topview_isotropic_hdbscan_labels.parquet,41076,0.039173,related_file,bellevue_150th_se38th,08_reproducibility_configs_and_manifests/,P2,396428ffd6caebd7680853edb42dfbe221e7c559f6e7199c2e32f87ff155137d
research_experiments/fov2026_trajectory_clustering/homography_extension/outputs/homography_coordinate_space_ablation_v2_five_scenes/bellevue_150th_se38th/labels/homography_topview_isotropic_kmeans_labels.parquet,41112,0.039207,related_file,bellevue_150th_se38th,08_reproducibility_configs_and_manifests/,P2,f9bff3041ff9592e6e1cd67bf85716cb28a90766690b6c304e4b0b10c6744b44
research_experiments/fov2026_trajectory_clustering/homography_extension/outputs/homography_coordinate_space_ablation_v2_five_scenes/bellevue_150th_se38th/labels/homography_topview_isotropic_optics_labels.parquet,41094,0.03919,related_file,bellevue_150th_se38th,08_reproducibility_configs_and_manifests/,P2,380b0c0f1e9da5bed4f995c4972fbfa81c615daeab6a4be00d091a90591229e2
research_experiments/fov2026_trajectory_clustering/homography_extension/outputs/homography_coordinate_space_ablation_v2_five_scenes/bellevue_150th_se38th/labels/homography_topview_kmeans_labels.parquet,41112,0.039207,related_file,bellevue_150th_se38th,08_reproducibility_configs_and_manifests/,P2,f9bff3041ff9592e6e1cd67bf85716cb28a90766690b6c304e4b0b10c6744b44
research_experiments/fov2026_trajectory_clustering/homography_extension/outputs/homography_coordinate_space_ablation_v2_five_scenes/bellevue_150th_se38th/labels/homography_topview_optics_labels.parquet,41094,0.03919,related_file,bellevue_150th_se38th,08_reproducibility_configs_and_manifests/,P2,380b0c0f1e9da5bed4f995c4972fbfa81c615daeab6a4be00d091a90591229e2
research_experiments/fov2026_trajectory_clustering/outputs/compact_feature_ablation_v1/bellevue_150th_eastgate/labels/coords_only_hdbscan_labels.parquet,42062,0.040113,related_file,bellevue_150th_eastgate,08_reproducibility_configs_and_manifests/,P2,f0cdb7c3422e98a6ac16008935bdb0ab38709cc901de9b0d350dc58e53dc6fbe
research_experiments/fov2026_trajectory_clustering/outputs/compact_feature_ablation_v1/bellevue_150th_eastgate/labels/coords_only_kmeans_labels.parquet,42055,0.040107,related_file,bellevue_150th_eastgate,08_reproducibility_configs_and_manifests/,P2,2954b7ffef6a53878d7b43f4ed1e4ab9bdecf2473f5e051139c785c76113643b
research_experiments/fov2026_trajectory_clustering/outputs/compact_feature_ablation_v1/bellevue_150th_eastgate/labels/coords_only_optics_labels.parquet,42060,0.040112,related_file,bellevue_150th_eastgate,08_reproducibility_configs_and_manifests/,P2,c641466813747665ab944a704869b7a27c075e75043dfd20aa9ba856a2706962
research_experiments/fov2026_trajectory_clustering/outputs/compact_feature_ablation_v1/bellevue_150th_eastgate/labels/coords_plus_direction_hdbscan_labels.parquet,42049,0.040101,related_file,bellevue_150th_eastgate,08_reproducibility_configs_and_manifests/,P2,2c72a34f692e6758c0fc5a3abb28aa2842c76ea4ec1da77fc241b70840139712
research_experiments/fov2026_trajectory_clustering/outputs/compact_feature_ablation_v1/bellevue_150th_eastgate/labels/coords_plus_direction_kmeans_labels.parquet,42054,0.040106,related_file,bellevue_150th_eastgate,08_reproducibility_configs_and_manifests/,P2,279135c137e7bd81f328d3f0177e3b9fbcda3c6b9d295ac5fe69e583403a7748
research_experiments/fov2026_trajectory_clustering/outputs/compact_feature_ablation_v1/bellevue_150th_eastgate/labels/coords_plus_direction_optics_labels.parquet,42054,0.040106,related_file,bellevue_150th_eastgate,08_reproducibility_configs_and_manifests/,P2,998fbfabb325ac96a3c269cea1da90cafe465f40ca01c7c9efe66d90ead47a85
research_experiments/fov2026_trajectory_clustering/outputs/compact_feature_ablation_v1/bellevue_150th_eastgate/labels/coords_plus_midpoint_hdbscan_labels.parquet,42060,0.040112,related_file,bellevue_150th_eastgate,08_reproducibility_configs_and_manifests/,P2,98d9cc6e9d1822b2f6c9cecc0083c2b2b11523dbc959ffc4d7a7ffaaeeb73a1c
research_experiments/fov2026_trajectory_clustering/outputs/compact_feature_ablation_v1/bellevue_150th_eastgate/labels/coords_plus_midpoint_kmeans_labels.parquet,42055,0.040107,related_file,bellevue_150th_eastgate,08_reproducibility_configs_and_manifests/,P2,4dffee7cc2bf4a64649be12ef0f21b706e1920e6d8ed588d9991a48e1bb6bb43
research_experiments/fov2026_trajectory_clustering/outputs/compact_feature_ablation_v1/bellevue_150th_eastgate/labels/coords_plus_midpoint_optics_labels.parquet,42060,0.040112,related_file,bellevue_150th_eastgate,08_reproducibility_configs_and_manifests/,P2,076f3fbdb39850f0641c4fc776d9608b76152d2dd60f5994811ad907cca8102e
research_experiments/fov2026_trajectory_clustering/outputs/compact_feature_ablation_v1/bellevue_150th_eastgate/labels/coords_plus_straightness_hdbscan_labels.parquet,42060,0.040112,related_file,bellevue_150th_eastgate,08_reproducibility_configs_and_manifests/,P2,4a10000d70648782aab9cf73062fb6e9b1fc6e1739150413f66bfe10cf1217bc
research_experiments/fov2026_trajectory_clustering/outputs/compact_feature_ablation_v1/bellevue_150th_eastgate/labels/coords_plus_straightness_kmeans_labels.parquet,42049,0.040101,related_file,bellevue_150th_eastgate,08_reproducibility_configs_and_manifests/,P2,1d1ff214a3c794bacb43145980a662740660ae30c1fcd5709dcf42a78a90d0bf
research_experiments/fov2026_trajectory_clustering/outputs/compact_feature_ablation_v1/bellevue_150th_eastgate/labels/coords_plus_straightness_optics_labels.parquet,42049,0.040101,related_file,bellevue_150th_eastgate,08_reproducibility_configs_and_manifests/,P2,1fc9c8120da806331baba23857c91193a3f54c492e15f7f498acb12e602e08cf
research_experiments/fov2026_trajectory_clustering/outputs/compact_feature_ablation_v1/bellevue_150th_newport/labels/coords_only_hdbscan_labels.parquet,40728,0.038841,related_file,bellevue_150th_newport,08_reproducibility_configs_and_manifests/,P2,4caf2b0a996c8c171fd645d83e45ec7a5a04709f914b34b6688ae21c625cbd47
research_experiments/fov2026_trajectory_clustering/outputs/compact_feature_ablation_v1/bellevue_150th_newport/labels/coords_only_kmeans_labels.parquet,41498,0.039576,related_file,bellevue_150th_newport,08_reproducibility_configs_and_manifests/,P2,b3da907229cfcd0aec83c7f4ac8e4b69623daae12dd62757437f43589ed396db
research_experiments/fov2026_trajectory_clustering/outputs/compact_feature_ablation_v1/bellevue_150th_newport/labels/coords_only_optics_labels.parquet,41480,0.039558,related_file,bellevue_150th_newport,08_reproducibility_configs_and_manifests/,P2,2953c8d9cd3035e1dd8515f281154e9eac5fb00269f76ace27fbd243e0faa172
research_experiments/fov2026_trajectory_clustering/outputs/compact_feature_ablation_v1/bellevue_150th_newport/labels/coords_plus_direction_hdbscan_labels.parquet,40731,0.038844,related_file,bellevue_150th_newport,08_reproducibility_configs_and_manifests/,P2,755b313d05a67649a4d595ebd97fba6847f8c8061f6ec770409a651cf1cabe48
research_experiments/fov2026_trajectory_clustering/outputs/compact_feature_ablation_v1/bellevue_150th_newport/labels/coords_plus_direction_kmeans_labels.parquet,41496,0.039574,related_file,bellevue_150th_newport,08_reproducibility_configs_and_manifests/,P2,f4c028f8905b04846712706b44b59dff351a0231d021c080be802f98fe2c0f36
research_experiments/fov2026_trajectory_clustering/outputs/compact_feature_ablation_v1/bellevue_150th_newport/labels/coords_plus_direction_optics_labels.parquet,41481,0.039559,related_file,bellevue_150th_newport,08_reproducibility_configs_and_manifests/,P2,730def73645c3c2a8bb0f9168fd1ceb45c5aa7ddaade96f19c1ca6246a89da48
research_experiments/fov2026_trajectory_clustering/outputs/compact_feature_ablation_v1/bellevue_150th_newport/labels/coords_plus_midpoint_hdbscan_labels.parquet,40728,0.038841,related_file,bellevue_150th_newport,08_reproducibility_configs_and_manifests/,P2,d8b45ae40e53b05da19693df7349ed592e64d275dd97a0167c91cd390e2750b6
research_experiments/fov2026_trajectory_clustering/outputs/compact_feature_ablation_v1/bellevue_150th_newport/labels/coords_plus_midpoint_kmeans_labels.parquet,41498,0.039576,related_file,bellevue_150th_newport,08_reproducibility_configs_and_manifests/,P2,fbb702d8283fd6710f551e9e49b3fb5fd01c8bce683ebfb116734ece991eb98b
research_experiments/fov2026_trajectory_clustering/outputs/compact_feature_ablation_v1/bellevue_150th_newport/labels/coords_plus_midpoint_optics_labels.parquet,41480,0.039558,related_file,bellevue_150th_newport,08_reproducibility_configs_and_manifests/,P2,72e2e0bcd3636717e0217d7aec4966e9fd3c247870035f655fb4f2da2e8b2823
research_experiments/fov2026_trajectory_clustering/outputs/compact_feature_ablation_v1/bellevue_150th_newport/labels/coords_plus_straightness_hdbscan_labels.parquet,40728,0.038841,related_file,bellevue_150th_newport,08_reproducibility_configs_and_manifests/,P2,bbbc637b2160f9110bde06289e1844b90d99c85e95e00d6691f8e0b0ab960e73
research_experiments/fov2026_trajectory_clustering/outputs/compact_feature_ablation_v1/bellevue_150th_newport/labels/coords_plus_straightness_kmeans_labels.parquet,41498,0.039576,related_file,bellevue_150th_newport,08_reproducibility_configs_and_manifests/,P2,7ad4ad0e260bf074c95f1eb855c4fbb6772becd4b89c6c4a41ac6d2b73f250d7
research_experiments/fov2026_trajectory_clustering/outputs/compact_feature_ablation_v1/bellevue_150th_newport/labels/coords_plus_straightness_optics_labels.parquet,41480,0.039558,related_file,bellevue_150th_newport,08_reproducibility_configs_and_manifests/,P2,20284711cc2115fd3faff485d084029d85203ae82e8db21d8558b9f667508a4a
research_experiments/fov2026_trajectory_clustering/outputs/compact_feature_ablation_v1/bellevue_ne8th/labels/coords_only_hdbscan_labels.parquet,41845,0.039907,related_file,bellevue_ne8th,08_reproducibility_configs_and_manifests/,P2,3f66057480b5d8cc80b4e97c927393a96bb4c86e7fd82a817bb7588b791ce72e
research_experiments/fov2026_trajectory_clustering/outputs/compact_feature_ablation_v1/bellevue_ne8th/labels/coords_only_kmeans_labels.parquet,41845,0.039907,related_file,bellevue_ne8th,08_reproducibility_configs_and_manifests/,P2,074203de431403c4e608c43c036a130aa0cc146408cb1ad3ff8ce50fdf19e039
research_experiments/fov2026_trajectory_clustering/outputs/compact_feature_ablation_v1/bellevue_ne8th/labels/coords_only_optics_labels.parquet,41849,0.03991,related_file,bellevue_ne8th,08_reproducibility_configs_and_manifests/,P2,307397bbe2a5766f1e2f58f73e342f20d4159e2b0bf0bbc4fcde539ae38c8454
research_experiments/fov2026_trajectory_clustering/outputs/compact_feature_ablation_v1/bellevue_ne8th/labels/coords_plus_direction_hdbscan_labels.parquet,41849,0.03991,related_file,bellevue_ne8th,08_reproducibility_configs_and_manifests/,P2,d0644dcb7e386b449df85f3e3a2e78bb55d881126a901753a5fb5984dfad79ea
research_experiments/fov2026_trajectory_clustering/outputs/compact_feature_ablation_v1/bellevue_ne8th/labels/coords_plus_direction_kmeans_labels.parquet,41846,0.039907,related_file,bellevue_ne8th,08_reproducibility_configs_and_manifests/,P2,6e7158ea9ef601818ac9d1746327dd0e3313b94dc63722870edc75cf7479ce1f
research_experiments/fov2026_trajectory_clustering/outputs/compact_feature_ablation_v1/bellevue_ne8th/labels/coords_plus_direction_optics_labels.parquet,41848,0.039909,related_file,bellevue_ne8th,08_reproducibility_configs_and_manifests/,P2,a62fbfb665a28721304797238958e25e8ad694338659e5ecf0d298c6e4a70caa
research_experiments/fov2026_trajectory_clustering/outputs/compact_feature_ablation_v1/bellevue_ne8th/labels/coords_plus_midpoint_hdbscan_labels.parquet,41845,0.039907,related_file,bellevue_ne8th,08_reproducibility_configs_and_manifests/,P2,e078a48a6be9b2ba9e3df406251238eef7689786c1d61af1d324701795a5cd32
research_experiments/fov2026_trajectory_clustering/outputs/compact_feature_ablation_v1/bellevue_ne8th/labels/coords_plus_midpoint_kmeans_labels.parquet,41846,0.039907,related_file,bellevue_ne8th,08_reproducibility_configs_and_manifests/,P2,7ccdadd1d3afb22e0fb53921cb444ce2b02616d4e9b306fc5d5963e06a2f20b7
research_experiments/fov2026_trajectory_clustering/outputs/compact_feature_ablation_v1/bellevue_ne8th/labels/coords_plus_midpoint_optics_labels.parquet,41850,0.039911,related_file,bellevue_ne8th,08_reproducibility_configs_and_manifests/,P2,62ead6ea20055625b6c1e2fedd487cc104fbef1bf0cd76f615fb8e50c7de2a7a
research_experiments/fov2026_trajectory_clustering/outputs/compact_feature_ablation_v1/bellevue_ne8th/labels/coords_plus_straightness_hdbscan_labels.parquet,41845,0.039907,related_file,bellevue_ne8th,08_reproducibility_configs_and_manifests/,P2,c72f13dba958f0c76005418a70cae3bfb176503ce50ff733705f4cfa524b9850
research_experiments/fov2026_trajectory_clustering/outputs/compact_feature_ablation_v1/bellevue_ne8th/labels/coords_plus_straightness_kmeans_labels.parquet,41846,0.039907,related_file,bellevue_ne8th,08_reproducibility_configs_and_manifests/,P2,d580b0b7033be3f6a7cc2d17b8e4d430b7f4f418bd1281d8f7aa73511f656762
research_experiments/fov2026_trajectory_clustering/outputs/compact_feature_ablation_v1/bellevue_ne8th/labels/coords_plus_straightness_optics_labels.parquet,41850,0.039911,related_file,bellevue_ne8th,08_reproducibility_configs_and_manifests/,P2,f5274e12a0694dbc7d643643ce8cce01bdf57baa22a8ddfea97454c9aeb6c15d
research_experiments/fov2026_trajectory_clustering/outputs/compact_feature_ablation_v2_five_scenes/bellevue_116th_ne12th/labels/coords_only_hdbscan_labels.parquet,16704,0.01593,related_file,bellevue_116th_ne12th,08_reproducibility_configs_and_manifests/,P2,6df188d49d2de9b0927222fb2c3514374fac23ba1696585e2cc3727c5e1ae5b4
research_experiments/fov2026_trajectory_clustering/outputs/compact_feature_ablation_v2_five_scenes/bellevue_116th_ne12th/labels/coords_only_kmeans_labels.parquet,16715,0.015941,related_file,bellevue_116th_ne12th,08_reproducibility_configs_and_manifests/,P2,f4f16424cea7f77ceb02c7af293902491b61ffe4bc91f9141fb1f0121530b42e
research_experiments/fov2026_trajectory_clustering/outputs/compact_feature_ablation_v2_five_scenes/bellevue_116th_ne12th/labels/coords_only_optics_labels.parquet,16701,0.015927,related_file,bellevue_116th_ne12th,08_reproducibility_configs_and_manifests/,P2,17c7966a3af1f8e20645dc1dce37cdc8b083e2d2e42a1a830c08215da1e28a20
research_experiments/fov2026_trajectory_clustering/outputs/compact_feature_ablation_v2_five_scenes/bellevue_116th_ne12th/labels/coords_plus_direction_hdbscan_labels.parquet,16411,0.015651,related_file,bellevue_116th_ne12th,08_reproducibility_configs_and_manifests/,P2,5d36a74636b18320924dac4d3b978a6b560df30bf63f17668157e50594c1b2a9
research_experiments/fov2026_trajectory_clustering/outputs/compact_feature_ablation_v2_five_scenes/bellevue_116th_ne12th/labels/coords_plus_direction_kmeans_labels.parquet,16715,0.015941,related_file,bellevue_116th_ne12th,08_reproducibility_configs_and_manifests/,P2,6c80bc40a651af75b32b1ee27954de59ee67463b58f3de397c05ffb1a5b473e0
research_experiments/fov2026_trajectory_clustering/outputs/compact_feature_ablation_v2_five_scenes/bellevue_116th_ne12th/labels/coords_plus_direction_optics_labels.parquet,16713,0.015939,related_file,bellevue_116th_ne12th,08_reproducibility_configs_and_manifests/,P2,f6693e3cafac364d35c454fcc26ed0c85fcf17f19aff911f7dedd7d72f527db9
research_experiments/fov2026_trajectory_clustering/outputs/compact_feature_ablation_v2_five_scenes/bellevue_116th_ne12th/labels/coords_plus_midpoint_hdbscan_labels.parquet,16711,0.015937,related_file,bellevue_116th_ne12th,08_reproducibility_configs_and_manifests/,P2,ff2a6bf698d86c1cd9746b2e7369c1dfce6ee1ae51e91fa7d329d1d70400583b
research_experiments/fov2026_trajectory_clustering/outputs/compact_feature_ablation_v2_five_scenes/bellevue_116th_ne12th/labels/coords_plus_midpoint_kmeans_labels.parquet,16715,0.015941,related_file,bellevue_116th_ne12th,08_reproducibility_configs_and_manifests/,P2,d891c73e2dde6d7c8b7bf9519877ad4ef51799022401db866cadf7fda4785812
research_experiments/fov2026_trajectory_clustering/outputs/compact_feature_ablation_v2_five_scenes/bellevue_116th_ne12th/labels/coords_plus_midpoint_optics_labels.parquet,16710,0.015936,related_file,bellevue_116th_ne12th,08_reproducibility_configs_and_manifests/,P2,36a986602d1c5ea136f757933b4a9e589313fa27fcdb186d888d898f159a9951
research_experiments/fov2026_trajectory_clustering/outputs/compact_feature_ablation_v2_five_scenes/bellevue_116th_ne12th/labels/coords_plus_straightness_hdbscan_labels.parquet,16404,0.015644,related_file,bellevue_116th_ne12th,08_reproducibility_configs_and_manifests/,P2,2169eca70c71528e6fc56c91c152dfc8b43dd28c0aaafbd965d7d2daf05ddcf5
research_experiments/fov2026_trajectory_clustering/outputs/compact_feature_ablation_v2_five_scenes/bellevue_116th_ne12th/labels/coords_plus_straightness_kmeans_labels.parquet,16714,0.01594,related_file,bellevue_116th_ne12th,08_reproducibility_configs_and_manifests/,P2,7251ef3cd6a4d4530d8b5126469eaf4402846d179c824406311f7df96ec3b1d5
research_experiments/fov2026_trajectory_clustering/outputs/compact_feature_ablation_v2_five_scenes/bellevue_116th_ne12th/labels/coords_plus_straightness_optics_labels.parquet,16693,0.01592,related_file,bellevue_116th_ne12th,08_reproducibility_configs_and_manifests/,P2,79908d3d4099823f37024ddb30350992cd274d23c4eb355b747525a5f8e2a861
research_experiments/fov2026_trajectory_clustering/outputs/compact_feature_ablation_v2_five_scenes/bellevue_150th_eastgate/labels/coords_only_hdbscan_labels.parquet,42062,0.040113,related_file,bellevue_150th_eastgate,08_reproducibility_configs_and_manifests/,P2,f0cdb7c3422e98a6ac16008935bdb0ab38709cc901de9b0d350dc58e53dc6fbe
research_experiments/fov2026_trajectory_clustering/outputs/compact_feature_ablation_v2_five_scenes/bellevue_150th_eastgate/labels/coords_only_kmeans_labels.parquet,42055,0.040107,related_file,bellevue_150th_eastgate,08_reproducibility_configs_and_manifests/,P2,2954b7ffef6a53878d7b43f4ed1e4ab9bdecf2473f5e051139c785c76113643b
research_experiments/fov2026_trajectory_clustering/outputs/compact_feature_ablation_v2_five_scenes/bellevue_150th_eastgate/labels/coords_only_optics_labels.parquet,42060,0.040112,related_file,bellevue_150th_eastgate,08_reproducibility_configs_and_manifests/,P2,c641466813747665ab944a704869b7a27c075e75043dfd20aa9ba856a2706962
research_experiments/fov2026_trajectory_clustering/outputs/compact_feature_ablation_v2_five_scenes/bellevue_150th_eastgate/labels/coords_plus_direction_hdbscan_labels.parquet,42049,0.040101,related_file,bellevue_150th_eastgate,08_reproducibility_configs_and_manifests/,P2,2c72a34f692e6758c0fc5a3abb28aa2842c76ea4ec1da77fc241b70840139712
research_experiments/fov2026_trajectory_clustering/outputs/compact_feature_ablation_v2_five_scenes/bellevue_150th_eastgate/labels/coords_plus_direction_kmeans_labels.parquet,42054,0.040106,related_file,bellevue_150th_eastgate,08_reproducibility_configs_and_manifests/,P2,279135c137e7bd81f328d3f0177e3b9fbcda3c6b9d295ac5fe69e583403a7748
research_experiments/fov2026_trajectory_clustering/outputs/compact_feature_ablation_v2_five_scenes/bellevue_150th_eastgate/labels/coords_plus_direction_optics_labels.parquet,42054,0.040106,related_file,bellevue_150th_eastgate,08_reproducibility_configs_and_manifests/,P2,998fbfabb325ac96a3c269cea1da90cafe465f40ca01c7c9efe66d90ead47a85
research_experiments/fov2026_trajectory_clustering/outputs/compact_feature_ablation_v2_five_scenes/bellevue_150th_eastgate/labels/coords_plus_midpoint_hdbscan_labels.parquet,42060,0.040112,related_file,bellevue_150th_eastgate,08_reproducibility_configs_and_manifests/,P2,98d9cc6e9d1822b2f6c9cecc0083c2b2b11523dbc959ffc4d7a7ffaaeeb73a1c
research_experiments/fov2026_trajectory_clustering/outputs/compact_feature_ablation_v2_five_scenes/bellevue_150th_eastgate/labels/coords_plus_midpoint_kmeans_labels.parquet,42055,0.040107,related_file,bellevue_150th_eastgate,08_reproducibility_configs_and_manifests/,P2,4dffee7cc2bf4a64649be12ef0f21b706e1920e6d8ed588d9991a48e1bb6bb43
research_experiments/fov2026_trajectory_clustering/outputs/compact_feature_ablation_v2_five_scenes/bellevue_150th_eastgate/labels/coords_plus_midpoint_optics_labels.parquet,42060,0.040112,related_file,bellevue_150th_eastgate,08_reproducibility_configs_and_manifests/,P2,076f3fbdb39850f0641c4fc776d9608b76152d2dd60f5994811ad907cca8102e
research_experiments/fov2026_trajectory_clustering/outputs/compact_feature_ablation_v2_five_scenes/bellevue_150th_eastgate/labels/coords_plus_straightness_hdbscan_labels.parquet,42060,0.040112,related_file,bellevue_150th_eastgate,08_reproducibility_configs_and_manifests/,P2,4a10000d70648782aab9cf73062fb6e9b1fc6e1739150413f66bfe10cf1217bc
research_experiments/fov2026_trajectory_clustering/outputs/compact_feature_ablation_v2_five_scenes/bellevue_150th_eastgate/labels/coords_plus_straightness_kmeans_labels.parquet,42049,0.040101,related_file,bellevue_150th_eastgate,08_reproducibility_configs_and_manifests/,P2,1d1ff214a3c794bacb43145980a662740660ae30c1fcd5709dcf42a78a90d0bf
research_experiments/fov2026_trajectory_clustering/outputs/compact_feature_ablation_v2_five_scenes/bellevue_150th_eastgate/labels/coords_plus_straightness_optics_labels.parquet,42049,0.040101,related_file,bellevue_150th_eastgate,08_reproducibility_configs_and_manifests/,P2,1fc9c8120da806331baba23857c91193a3f54c492e15f7f498acb12e602e08cf
research_experiments/fov2026_trajectory_clustering/outputs/compact_feature_ablation_v2_five_scenes/bellevue_150th_newport/labels/coords_only_hdbscan_labels.parquet,40728,0.038841,related_file,bellevue_150th_newport,08_reproducibility_configs_and_manifests/,P2,4caf2b0a996c8c171fd645d83e45ec7a5a04709f914b34b6688ae21c625cbd47
research_experiments/fov2026_trajectory_clustering/outputs/compact_feature_ablation_v2_five_scenes/bellevue_150th_newport/labels/coords_only_kmeans_labels.parquet,41498,0.039576,related_file,bellevue_150th_newport,08_reproducibility_configs_and_manifests/,P2,b3da907229cfcd0aec83c7f4ac8e4b69623daae12dd62757437f43589ed396db
research_experiments/fov2026_trajectory_clustering/outputs/compact_feature_ablation_v2_five_scenes/bellevue_150th_newport/labels/coords_only_optics_labels.parquet,41480,0.039558,related_file,bellevue_150th_newport,08_reproducibility_configs_and_manifests/,P2,2953c8d9cd3035e1dd8515f281154e9eac5fb00269f76ace27fbd243e0faa172
research_experiments/fov2026_trajectory_clustering/outputs/compact_feature_ablation_v2_five_scenes/bellevue_150th_newport/labels/coords_plus_direction_hdbscan_labels.parquet,40731,0.038844,related_file,bellevue_150th_newport,08_reproducibility_configs_and_manifests/,P2,755b313d05a67649a4d595ebd97fba6847f8c8061f6ec770409a651cf1cabe48
research_experiments/fov2026_trajectory_clustering/outputs/compact_feature_ablation_v2_five_scenes/bellevue_150th_newport/labels/coords_plus_direction_kmeans_labels.parquet,41496,0.039574,related_file,bellevue_150th_newport,08_reproducibility_configs_and_manifests/,P2,f4c028f8905b04846712706b44b59dff351a0231d021c080be802f98fe2c0f36
research_experiments/fov2026_trajectory_clustering/outputs/compact_feature_ablation_v2_five_scenes/bellevue_150th_newport/labels/coords_plus_direction_optics_labels.parquet,41481,0.039559,related_file,bellevue_150th_newport,08_reproducibility_configs_and_manifests/,P2,730def73645c3c2a8bb0f9168fd1ceb45c5aa7ddaade96f19c1ca6246a89da48
research_experiments/fov2026_trajectory_clustering/outputs/compact_feature_ablation_v2_five_scenes/bellevue_150th_newport/labels/coords_plus_midpoint_hdbscan_labels.parquet,40728,0.038841,related_file,bellevue_150th_newport,08_reproducibility_configs_and_manifests/,P2,d8b45ae40e53b05da19693df7349ed592e64d275dd97a0167c91cd390e2750b6
research_experiments/fov2026_trajectory_clustering/outputs/compact_feature_ablation_v2_five_scenes/bellevue_150th_newport/labels/coords_plus_midpoint_kmeans_labels.parquet,41498,0.039576,related_file,bellevue_150th_newport,08_reproducibility_configs_and_manifests/,P2,fbb702d8283fd6710f551e9e49b3fb5fd01c8bce683ebfb116734ece991eb98b
research_experiments/fov2026_trajectory_clustering/outputs/compact_feature_ablation_v2_five_scenes/bellevue_150th_newport/labels/coords_plus_midpoint_optics_labels.parquet,41480,0.039558,related_file,bellevue_150th_newport,08_reproducibility_configs_and_manifests/,P2,72e2e0bcd3636717e0217d7aec4966e9fd3c247870035f655fb4f2da2e8b2823
research_experiments/fov2026_trajectory_clustering/outputs/compact_feature_ablation_v2_five_scenes/bellevue_150th_newport/labels/coords_plus_straightness_hdbscan_labels.parquet,40728,0.038841,related_file,bellevue_150th_newport,08_reproducibility_configs_and_manifests/,P2,bbbc637b2160f9110bde06289e1844b90d99c85e95e00d6691f8e0b0ab960e73
research_experiments/fov2026_trajectory_clustering/outputs/compact_feature_ablation_v2_five_scenes/bellevue_150th_newport/labels/coords_plus_straightness_kmeans_labels.parquet,41498,0.039576,related_file,bellevue_150th_newport,08_reproducibility_configs_and_manifests/,P2,7ad4ad0e260bf074c95f1eb855c4fbb6772becd4b89c6c4a41ac6d2b73f250d7
research_experiments/fov2026_trajectory_clustering/outputs/compact_feature_ablation_v2_five_scenes/bellevue_150th_newport/labels/coords_plus_straightness_optics_labels.parquet,41480,0.039558,related_file,bellevue_150th_newport,08_reproducibility_configs_and_manifests/,P2,20284711cc2115fd3faff485d084029d85203ae82e8db21d8558b9f667508a4a
research_experiments/fov2026_trajectory_clustering/outputs/compact_feature_ablation_v2_five_scenes/bellevue_150th_se38th/labels/coords_only_hdbscan_labels.parquet,41014,0.039114,related_file,bellevue_150th_se38th,08_reproducibility_configs_and_manifests/,P2,214f98b7e3da63abb2543efd197e4513d8116470ccc3a656de866819c41b4ba1
research_experiments/fov2026_trajectory_clustering/outputs/compact_feature_ablation_v2_five_scenes/bellevue_150th_se38th/labels/coords_only_kmeans_labels.parquet,41032,0.039131,related_file,bellevue_150th_se38th,08_reproducibility_configs_and_manifests/,P2,4c6d0de6e4e488cec651d75e59ae99a7acac76fa2ceb86a60bb13b43de76b98a
research_experiments/fov2026_trajectory_clustering/outputs/compact_feature_ablation_v2_five_scenes/bellevue_150th_se38th/labels/coords_only_optics_labels.parquet,41037,0.039136,related_file,bellevue_150th_se38th,08_reproducibility_configs_and_manifests/,P2,c1494428250b4bb965291d920e92639de6bb865ff643cac508d1e82cc5545f43
research_experiments/fov2026_trajectory_clustering/outputs/compact_feature_ablation_v2_five_scenes/bellevue_150th_se38th/labels/coords_plus_direction_hdbscan_labels.parquet,41015,0.039115,related_file,bellevue_150th_se38th,08_reproducibility_configs_and_manifests/,P2,a9629bf51e2b8a857c911137ac97e2b8c74fc437e4fc4f69a281465cb1321bf2
research_experiments/fov2026_trajectory_clustering/outputs/compact_feature_ablation_v2_five_scenes/bellevue_150th_se38th/labels/coords_plus_direction_kmeans_labels.parquet,41019,0.039119,related_file,bellevue_150th_se38th,08_reproducibility_configs_and_manifests/,P2,abf194dce5cda616b1dae2044feb5464fce318cd9dc61a239273f5c890f6562f
research_experiments/fov2026_trajectory_clustering/outputs/compact_feature_ablation_v2_five_scenes/bellevue_150th_se38th/labels/coords_plus_direction_optics_labels.parquet,41064,0.039162,related_file,bellevue_150th_se38th,08_reproducibility_configs_and_manifests/,P2,e4a1da49d83c9e0bc649a71ea64b5e1981516e19c610fc75d9e3b392f7dbc6ed
research_experiments/fov2026_trajectory_clustering/outputs/compact_feature_ablation_v2_five_scenes/bellevue_150th_se38th/labels/coords_plus_midpoint_hdbscan_labels.parquet,41083,0.03918,related_file,bellevue_150th_se38th,08_reproducibility_configs_and_manifests/,P2,a587c58d172e5b6a48e11d0219d832281cffad7fcedb1221b5b16afc90f9ed1d
research_experiments/fov2026_trajectory_clustering/outputs/compact_feature_ablation_v2_five_scenes/bellevue_150th_se38th/labels/coords_plus_midpoint_kmeans_labels.parquet,41032,0.039131,related_file,bellevue_150th_se38th,08_reproducibility_configs_and_manifests/,P2,f13140bf55cca421e434b26b9ec2f528d16e1d3200b46d082223ad9b5d0c0c49
research_experiments/fov2026_trajectory_clustering/outputs/compact_feature_ablation_v2_five_scenes/bellevue_150th_se38th/labels/coords_plus_midpoint_optics_labels.parquet,41033,0.039132,related_file,bellevue_150th_se38th,08_reproducibility_configs_and_manifests/,P2,8178119ed6941c048c5916d37348520bb989c0e987713d3b6c6094ff1b772e5b
research_experiments/fov2026_trajectory_clustering/outputs/compact_feature_ablation_v2_five_scenes/bellevue_150th_se38th/labels/coords_plus_straightness_hdbscan_labels.parquet,41019,0.039119,related_file,bellevue_150th_se38th,08_reproducibility_configs_and_manifests/,P2,96b845d225c28719b0568006133f64ca10ef5319f06a529200e17e0d4d3ea6e6
research_experiments/fov2026_trajectory_clustering/outputs/compact_feature_ablation_v2_five_scenes/bellevue_150th_se38th/labels/coords_plus_straightness_kmeans_labels.parquet,41030,0.039129,related_file,bellevue_150th_se38th,08_reproducibility_configs_and_manifests/,P2,9d325c237e2d30a4325c136add4b6edb7420d1ab1329b26e87fd0098577e6a70
research_experiments/fov2026_trajectory_clustering/outputs/compact_feature_ablation_v2_five_scenes/bellevue_150th_se38th/labels/coords_plus_straightness_optics_labels.parquet,41024,0.039124,related_file,bellevue_150th_se38th,08_reproducibility_configs_and_manifests/,P2,6e72656cdb5d676517b221ced369b2336931e74344ffc580dcb7a99e0582c18c
research_experiments/fov2026_trajectory_clustering/outputs/compact_feature_ablation_v2_five_scenes/bellevue_ne8th/labels/coords_only_hdbscan_labels.parquet,41845,0.039907,related_file,bellevue_ne8th,08_reproducibility_configs_and_manifests/,P2,3f66057480b5d8cc80b4e97c927393a96bb4c86e7fd82a817bb7588b791ce72e
research_experiments/fov2026_trajectory_clustering/outputs/compact_feature_ablation_v2_five_scenes/bellevue_ne8th/labels/coords_only_kmeans_labels.parquet,41845,0.039907,related_file,bellevue_ne8th,08_reproducibility_configs_and_manifests/,P2,074203de431403c4e608c43c036a130aa0cc146408cb1ad3ff8ce50fdf19e039
research_experiments/fov2026_trajectory_clustering/outputs/compact_feature_ablation_v2_five_scenes/bellevue_ne8th/labels/coords_only_optics_labels.parquet,41849,0.03991,related_file,bellevue_ne8th,08_reproducibility_configs_and_manifests/,P2,307397bbe2a5766f1e2f58f73e342f20d4159e2b0bf0bbc4fcde539ae38c8454
research_experiments/fov2026_trajectory_clustering/outputs/compact_feature_ablation_v2_five_scenes/bellevue_ne8th/labels/coords_plus_direction_hdbscan_labels.parquet,41849,0.03991,related_file,bellevue_ne8th,08_reproducibility_configs_and_manifests/,P2,d0644dcb7e386b449df85f3e3a2e78bb55d881126a901753a5fb5984dfad79ea
research_experiments/fov2026_trajectory_clustering/outputs/compact_feature_ablation_v2_five_scenes/bellevue_ne8th/labels/coords_plus_direction_kmeans_labels.parquet,41846,0.039907,related_file,bellevue_ne8th,08_reproducibility_configs_and_manifests/,P2,6e7158ea9ef601818ac9d1746327dd0e3313b94dc63722870edc75cf7479ce1f
research_experiments/fov2026_trajectory_clustering/outputs/compact_feature_ablation_v2_five_scenes/bellevue_ne8th/labels/coords_plus_direction_optics_labels.parquet,41848,0.039909,related_file,bellevue_ne8th,08_reproducibility_configs_and_manifests/,P2,a62fbfb665a28721304797238958e25e8ad694338659e5ecf0d298c6e4a70caa
research_experiments/fov2026_trajectory_clustering/outputs/compact_feature_ablation_v2_five_scenes/bellevue_ne8th/labels/coords_plus_midpoint_hdbscan_labels.parquet,41845,0.039907,related_file,bellevue_ne8th,08_reproducibility_configs_and_manifests/,P2,e078a48a6be9b2ba9e3df406251238eef7689786c1d61af1d324701795a5cd32
research_experiments/fov2026_trajectory_clustering/outputs/compact_feature_ablation_v2_five_scenes/bellevue_ne8th/labels/coords_plus_midpoint_kmeans_labels.parquet,41846,0.039907,related_file,bellevue_ne8th,08_reproducibility_configs_and_manifests/,P2,7ccdadd1d3afb22e0fb53921cb444ce2b02616d4e9b306fc5d5963e06a2f20b7
research_experiments/fov2026_trajectory_clustering/outputs/compact_feature_ablation_v2_five_scenes/bellevue_ne8th/labels/coords_plus_midpoint_optics_labels.parquet,41850,0.039911,related_file,bellevue_ne8th,08_reproducibility_configs_and_manifests/,P2,62ead6ea20055625b6c1e2fedd487cc104fbef1bf0cd76f615fb8e50c7de2a7a
research_experiments/fov2026_trajectory_clustering/outputs/compact_feature_ablation_v2_five_scenes/bellevue_ne8th/labels/coords_plus_straightness_hdbscan_labels.parquet,41845,0.039907,related_file,bellevue_ne8th,08_reproducibility_configs_and_manifests/,P2,c72f13dba958f0c76005418a70cae3bfb176503ce50ff733705f4cfa524b9850
research_experiments/fov2026_trajectory_clustering/outputs/compact_feature_ablation_v2_five_scenes/bellevue_ne8th/labels/coords_plus_straightness_kmeans_labels.parquet,41846,0.039907,related_file,bellevue_ne8th,08_reproducibility_configs_and_manifests/,P2,d580b0b7033be3f6a7cc2d17b8e4d430b7f4f418bd1281d8f7aa73511f656762
research_experiments/fov2026_trajectory_clustering/outputs/compact_feature_ablation_v2_five_scenes/bellevue_ne8th/labels/coords_plus_straightness_optics_labels.parquet,41850,0.039911,related_file,bellevue_ne8th,08_reproducibility_configs_and_manifests/,P2,f5274e12a0694dbc7d643643ce8cce01bdf57baa22a8ddfea97454c9aeb6c15d
research_experiments/fov2026_trajectory_clustering/outputs/expected_search_ablation_v1/bellevue_150th_eastgate/labels/expected_cluster_aware_selection_hdbscan_labels.parquet,42062,0.040113,related_file,bellevue_150th_eastgate,08_reproducibility_configs_and_manifests/,P2,f0cdb7c3422e98a6ac16008935bdb0ab38709cc901de9b0d350dc58e53dc6fbe
research_experiments/fov2026_trajectory_clustering/outputs/expected_search_ablation_v1/bellevue_150th_eastgate/labels/expected_cluster_aware_selection_kmeans_labels.parquet,42055,0.040107,related_file,bellevue_150th_eastgate,08_reproducibility_configs_and_manifests/,P2,2954b7ffef6a53878d7b43f4ed1e4ab9bdecf2473f5e051139c785c76113643b
research_experiments/fov2026_trajectory_clustering/outputs/expected_search_ablation_v1/bellevue_150th_eastgate/labels/expected_cluster_aware_selection_optics_labels.parquet,42060,0.040112,related_file,bellevue_150th_eastgate,08_reproducibility_configs_and_manifests/,P2,c641466813747665ab944a704869b7a27c075e75043dfd20aa9ba856a2706962
research_experiments/fov2026_trajectory_clustering/outputs/expected_search_ablation_v1/bellevue_150th_eastgate/labels/untargeted_selection_hdbscan_labels.parquet,42038,0.040091,related_file,bellevue_150th_eastgate,08_reproducibility_configs_and_manifests/,P2,2dae04f0c7d9a46c580fdc4205620720cb291498daf8cc3e31dd2e95454be980
research_experiments/fov2026_trajectory_clustering/outputs/expected_search_ablation_v1/bellevue_150th_eastgate/labels/untargeted_selection_kmeans_labels.parquet,42043,0.040095,related_file,bellevue_150th_eastgate,08_reproducibility_configs_and_manifests/,P2,b7f89dd749a29400eb0293f631ec35ea7fae322be17f51b4ebd8d71589e2d65f
research_experiments/fov2026_trajectory_clustering/outputs/expected_search_ablation_v1/bellevue_150th_eastgate/labels/untargeted_selection_optics_labels.parquet,42063,0.040114,related_file,bellevue_150th_eastgate,08_reproducibility_configs_and_manifests/,P2,9154fa6f1811aa8e3727a68891d08fd1b47ca36833266e9b57e2d0a2c4a35775
research_experiments/fov2026_trajectory_clustering/outputs/expected_search_ablation_v1/bellevue_150th_newport/labels/expected_cluster_aware_selection_hdbscan_labels.parquet,40728,0.038841,related_file,bellevue_150th_newport,08_reproducibility_configs_and_manifests/,P2,4caf2b0a996c8c171fd645d83e45ec7a5a04709f914b34b6688ae21c625cbd47
research_experiments/fov2026_trajectory_clustering/outputs/expected_search_ablation_v1/bellevue_150th_newport/labels/expected_cluster_aware_selection_kmeans_labels.parquet,41498,0.039576,related_file,bellevue_150th_newport,08_reproducibility_configs_and_manifests/,P2,b3da907229cfcd0aec83c7f4ac8e4b69623daae12dd62757437f43589ed396db
research_experiments/fov2026_trajectory_clustering/outputs/expected_search_ablation_v1/bellevue_150th_newport/labels/expected_cluster_aware_selection_optics_labels.parquet,41480,0.039558,related_file,bellevue_150th_newport,08_reproducibility_configs_and_manifests/,P2,2953c8d9cd3035e1dd8515f281154e9eac5fb00269f76ace27fbd243e0faa172
research_experiments/fov2026_trajectory_clustering/outputs/expected_search_ablation_v1/bellevue_150th_newport/labels/untargeted_selection_hdbscan_labels.parquet,40728,0.038841,related_file,bellevue_150th_newport,08_reproducibility_configs_and_manifests/,P2,ca49552ebc4bd95f14479b1d1986e85ce85ddbea8d54bb38e6f1207ebda069f3
research_experiments/fov2026_trajectory_clustering/outputs/expected_search_ablation_v1/bellevue_150th_newport/labels/untargeted_selection_kmeans_labels.parquet,41492,0.03957,related_file,bellevue_150th_newport,08_reproducibility_configs_and_manifests/,P2,60c6c7c41f902693ff63c5b7333211df6c808d6265a7a99750e63789ebeec57e
research_experiments/fov2026_trajectory_clustering/outputs/expected_search_ablation_v1/bellevue_150th_newport/labels/untargeted_selection_optics_labels.parquet,39917,0.038068,related_file,bellevue_150th_newport,08_reproducibility_configs_and_manifests/,P2,de0df64d8024b2e88ffbcd5acec357f581e01427f87fb22936fa9c2e00c1eae4
research_experiments/fov2026_trajectory_clustering/outputs/expected_search_ablation_v1/bellevue_ne8th/labels/expected_cluster_aware_selection_hdbscan_labels.parquet,41845,0.039907,related_file,bellevue_ne8th,08_reproducibility_configs_and_manifests/,P2,3f66057480b5d8cc80b4e97c927393a96bb4c86e7fd82a817bb7588b791ce72e
research_experiments/fov2026_trajectory_clustering/outputs/expected_search_ablation_v1/bellevue_ne8th/labels/expected_cluster_aware_selection_kmeans_labels.parquet,41845,0.039907,related_file,bellevue_ne8th,08_reproducibility_configs_and_manifests/,P2,074203de431403c4e608c43c036a130aa0cc146408cb1ad3ff8ce50fdf19e039
research_experiments/fov2026_trajectory_clustering/outputs/expected_search_ablation_v1/bellevue_ne8th/labels/expected_cluster_aware_selection_optics_labels.parquet,41849,0.03991,related_file,bellevue_ne8th,08_reproducibility_configs_and_manifests/,P2,307397bbe2a5766f1e2f58f73e342f20d4159e2b0bf0bbc4fcde539ae38c8454
research_experiments/fov2026_trajectory_clustering/outputs/expected_search_ablation_v1/bellevue_ne8th/labels/untargeted_selection_hdbscan_labels.parquet,41845,0.039907,related_file,bellevue_ne8th,08_reproducibility_configs_and_manifests/,P2,3f66057480b5d8cc80b4e97c927393a96bb4c86e7fd82a817bb7588b791ce72e
research_experiments/fov2026_trajectory_clustering/outputs/expected_search_ablation_v1/bellevue_ne8th/labels/untargeted_selection_kmeans_labels.parquet,41841,0.039903,related_file,bellevue_ne8th,08_reproducibility_configs_and_manifests/,P2,79e837153623bb1f536af2279a59e0b071311c5b0946210dad0bfbeb2be6277e
research_experiments/fov2026_trajectory_clustering/outputs/expected_search_ablation_v1/bellevue_ne8th/labels/untargeted_selection_optics_labels.parquet,41837,0.039899,related_file,bellevue_ne8th,08_reproducibility_configs_and_manifests/,P2,404f99e61e7860983e6f9973aa7453adb255a35cb0426e203ad4a3e3437aba4f
research_experiments/fov2026_trajectory_clustering/outputs/expected_search_ablation_v2_five_scenes/bellevue_116th_ne12th/labels/expected_cluster_aware_selection_hdbscan_labels.parquet,16704,0.01593,related_file,bellevue_116th_ne12th,08_reproducibility_configs_and_manifests/,P2,6df188d49d2de9b0927222fb2c3514374fac23ba1696585e2cc3727c5e1ae5b4
research_experiments/fov2026_trajectory_clustering/outputs/expected_search_ablation_v2_five_scenes/bellevue_116th_ne12th/labels/expected_cluster_aware_selection_kmeans_labels.parquet,16715,0.015941,related_file,bellevue_116th_ne12th,08_reproducibility_configs_and_manifests/,P2,f4f16424cea7f77ceb02c7af293902491b61ffe4bc91f9141fb1f0121530b42e
research_experiments/fov2026_trajectory_clustering/outputs/expected_search_ablation_v2_five_scenes/bellevue_116th_ne12th/labels/expected_cluster_aware_selection_optics_labels.parquet,16701,0.015927,related_file,bellevue_116th_ne12th,08_reproducibility_configs_and_manifests/,P2,17c7966a3af1f8e20645dc1dce37cdc8b083e2d2e42a1a830c08215da1e28a20
research_experiments/fov2026_trajectory_clustering/outputs/expected_search_ablation_v2_five_scenes/bellevue_116th_ne12th/labels/untargeted_selection_hdbscan_labels.parquet,16103,0.015357,related_file,bellevue_116th_ne12th,08_reproducibility_configs_and_manifests/,P2,3f2cf0d3dbddc153a28ad314e80611ddc4f4d485e60db90f6a94890e402c182c
research_experiments/fov2026_trajectory_clustering/outputs/expected_search_ablation_v2_five_scenes/bellevue_116th_ne12th/labels/untargeted_selection_kmeans_labels.parquet,16709,0.015935,related_file,bellevue_116th_ne12th,08_reproducibility_configs_and_manifests/,P2,4b21b40b68bd6b0b76187e525fecda0494cf896457383abed6ce18bbc815dbe7
research_experiments/fov2026_trajectory_clustering/outputs/expected_search_ablation_v2_five_scenes/bellevue_116th_ne12th/labels/untargeted_selection_optics_labels.parquet,16359,0.015601,related_file,bellevue_116th_ne12th,08_reproducibility_configs_and_manifests/,P2,3356c098652654226116d658431d75b4d2cefe2dff52c66e07b10c38594086b4
research_experiments/fov2026_trajectory_clustering/outputs/expected_search_ablation_v2_five_scenes/bellevue_150th_eastgate/labels/expected_cluster_aware_selection_hdbscan_labels.parquet,42062,0.040113,related_file,bellevue_150th_eastgate,08_reproducibility_configs_and_manifests/,P2,f0cdb7c3422e98a6ac16008935bdb0ab38709cc901de9b0d350dc58e53dc6fbe
research_experiments/fov2026_trajectory_clustering/outputs/expected_search_ablation_v2_five_scenes/bellevue_150th_eastgate/labels/expected_cluster_aware_selection_kmeans_labels.parquet,42055,0.040107,related_file,bellevue_150th_eastgate,08_reproducibility_configs_and_manifests/,P2,2954b7ffef6a53878d7b43f4ed1e4ab9bdecf2473f5e051139c785c76113643b
research_experiments/fov2026_trajectory_clustering/outputs/expected_search_ablation_v2_five_scenes/bellevue_150th_eastgate/labels/expected_cluster_aware_selection_optics_labels.parquet,42060,0.040112,related_file,bellevue_150th_eastgate,08_reproducibility_configs_and_manifests/,P2,c641466813747665ab944a704869b7a27c075e75043dfd20aa9ba856a2706962
research_experiments/fov2026_trajectory_clustering/outputs/expected_search_ablation_v2_five_scenes/bellevue_150th_eastgate/labels/untargeted_selection_hdbscan_labels.parquet,42038,0.040091,related_file,bellevue_150th_eastgate,08_reproducibility_configs_and_manifests/,P2,2dae04f0c7d9a46c580fdc4205620720cb291498daf8cc3e31dd2e95454be980
research_experiments/fov2026_trajectory_clustering/outputs/expected_search_ablation_v2_five_scenes/bellevue_150th_eastgate/labels/untargeted_selection_kmeans_labels.parquet,42043,0.040095,related_file,bellevue_150th_eastgate,08_reproducibility_configs_and_manifests/,P2,b7f89dd749a29400eb0293f631ec35ea7fae322be17f51b4ebd8d71589e2d65f
research_experiments/fov2026_trajectory_clustering/outputs/expected_search_ablation_v2_five_scenes/bellevue_150th_eastgate/labels/untargeted_selection_optics_labels.parquet,42063,0.040114,related_file,bellevue_150th_eastgate,08_reproducibility_configs_and_manifests/,P2,9154fa6f1811aa8e3727a68891d08fd1b47ca36833266e9b57e2d0a2c4a35775
research_experiments/fov2026_trajectory_clustering/outputs/expected_search_ablation_v2_five_scenes/bellevue_150th_newport/labels/expected_cluster_aware_selection_hdbscan_labels.parquet,40728,0.038841,related_file,bellevue_150th_newport,08_reproducibility_configs_and_manifests/,P2,4caf2b0a996c8c171fd645d83e45ec7a5a04709f914b34b6688ae21c625cbd47
research_experiments/fov2026_trajectory_clustering/outputs/expected_search_ablation_v2_five_scenes/bellevue_150th_newport/labels/expected_cluster_aware_selection_kmeans_labels.parquet,41498,0.039576,related_file,bellevue_150th_newport,08_reproducibility_configs_and_manifests/,P2,b3da907229cfcd0aec83c7f4ac8e4b69623daae12dd62757437f43589ed396db
research_experiments/fov2026_trajectory_clustering/outputs/expected_search_ablation_v2_five_scenes/bellevue_150th_newport/labels/expected_cluster_aware_selection_optics_labels.parquet,41480,0.039558,related_file,bellevue_150th_newport,08_reproducibility_configs_and_manifests/,P2,2953c8d9cd3035e1dd8515f281154e9eac5fb00269f76ace27fbd243e0faa172
research_experiments/fov2026_trajectory_clustering/outputs/expected_search_ablation_v2_five_scenes/bellevue_150th_newport/labels/untargeted_selection_hdbscan_labels.parquet,40728,0.038841,related_file,bellevue_150th_newport,08_reproducibility_configs_and_manifests/,P2,ca49552ebc4bd95f14479b1d1986e85ce85ddbea8d54bb38e6f1207ebda069f3
research_experiments/fov2026_trajectory_clustering/outputs/expected_search_ablation_v2_five_scenes/bellevue_150th_newport/labels/untargeted_selection_kmeans_labels.parquet,41492,0.03957,related_file,bellevue_150th_newport,08_reproducibility_configs_and_manifests/,P2,60c6c7c41f902693ff63c5b7333211df6c808d6265a7a99750e63789ebeec57e
research_experiments/fov2026_trajectory_clustering/outputs/expected_search_ablation_v2_five_scenes/bellevue_150th_newport/labels/untargeted_selection_optics_labels.parquet,39917,0.038068,related_file,bellevue_150th_newport,08_reproducibility_configs_and_manifests/,P2,de0df64d8024b2e88ffbcd5acec357f581e01427f87fb22936fa9c2e00c1eae4
research_experiments/fov2026_trajectory_clustering/outputs/expected_search_ablation_v2_five_scenes/bellevue_150th_se38th/labels/expected_cluster_aware_selection_hdbscan_labels.parquet,41014,0.039114,related_file,bellevue_150th_se38th,08_reproducibility_configs_and_manifests/,P2,214f98b7e3da63abb2543efd197e4513d8116470ccc3a656de866819c41b4ba1
research_experiments/fov2026_trajectory_clustering/outputs/expected_search_ablation_v2_five_scenes/bellevue_150th_se38th/labels/expected_cluster_aware_selection_kmeans_labels.parquet,41032,0.039131,related_file,bellevue_150th_se38th,08_reproducibility_configs_and_manifests/,P2,4c6d0de6e4e488cec651d75e59ae99a7acac76fa2ceb86a60bb13b43de76b98a
research_experiments/fov2026_trajectory_clustering/outputs/expected_search_ablation_v2_five_scenes/bellevue_150th_se38th/labels/expected_cluster_aware_selection_optics_labels.parquet,41037,0.039136,related_file,bellevue_150th_se38th,08_reproducibility_configs_and_manifests/,P2,c1494428250b4bb965291d920e92639de6bb865ff643cac508d1e82cc5545f43
research_experiments/fov2026_trajectory_clustering/outputs/expected_search_ablation_v2_five_scenes/bellevue_150th_se38th/labels/untargeted_selection_hdbscan_labels.parquet,41015,0.039115,related_file,bellevue_150th_se38th,08_reproducibility_configs_and_manifests/,P2,085b03d18e944dd30b34ef90bd04b5500e42e58d074eac7853a4fa862e25bd74
research_experiments/fov2026_trajectory_clustering/outputs/expected_search_ablation_v2_five_scenes/bellevue_150th_se38th/labels/untargeted_selection_kmeans_labels.parquet,41032,0.039131,related_file,bellevue_150th_se38th,08_reproducibility_configs_and_manifests/,P2,4c6d0de6e4e488cec651d75e59ae99a7acac76fa2ceb86a60bb13b43de76b98a
research_experiments/fov2026_trajectory_clustering/outputs/expected_search_ablation_v2_five_scenes/bellevue_150th_se38th/labels/untargeted_selection_optics_labels.parquet,40258,0.038393,related_file,bellevue_150th_se38th,08_reproducibility_configs_and_manifests/,P2,82a7de8cfd17cf52a27a3679076a603a7ea595cf6487ee33143a76c24657a2b6
research_experiments/fov2026_trajectory_clustering/outputs/expected_search_ablation_v2_five_scenes/bellevue_ne8th/labels/expected_cluster_aware_selection_hdbscan_labels.parquet,41845,0.039907,related_file,bellevue_ne8th,08_reproducibility_configs_and_manifests/,P2,3f66057480b5d8cc80b4e97c927393a96bb4c86e7fd82a817bb7588b791ce72e
research_experiments/fov2026_trajectory_clustering/outputs/expected_search_ablation_v2_five_scenes/bellevue_ne8th/labels/expected_cluster_aware_selection_kmeans_labels.parquet,41845,0.039907,related_file,bellevue_ne8th,08_reproducibility_configs_and_manifests/,P2,074203de431403c4e608c43c036a130aa0cc146408cb1ad3ff8ce50fdf19e039
research_experiments/fov2026_trajectory_clustering/outputs/expected_search_ablation_v2_five_scenes/bellevue_ne8th/labels/expected_cluster_aware_selection_optics_labels.parquet,41849,0.03991,related_file,bellevue_ne8th,08_reproducibility_configs_and_manifests/,P2,307397bbe2a5766f1e2f58f73e342f20d4159e2b0bf0bbc4fcde539ae38c8454
research_experiments/fov2026_trajectory_clustering/outputs/expected_search_ablation_v2_five_scenes/bellevue_ne8th/labels/untargeted_selection_hdbscan_labels.parquet,41845,0.039907,related_file,bellevue_ne8th,08_reproducibility_configs_and_manifests/,P2,3f66057480b5d8cc80b4e97c927393a96bb4c86e7fd82a817bb7588b791ce72e
research_experiments/fov2026_trajectory_clustering/outputs/expected_search_ablation_v2_five_scenes/bellevue_ne8th/labels/untargeted_selection_kmeans_labels.parquet,41841,0.039903,related_file,bellevue_ne8th,08_reproducibility_configs_and_manifests/,P2,79e837153623bb1f536af2279a59e0b071311c5b0946210dad0bfbeb2be6277e
research_experiments/fov2026_trajectory_clustering/outputs/expected_search_ablation_v2_five_scenes/bellevue_ne8th/labels/untargeted_selection_optics_labels.parquet,41837,0.039899,related_file,bellevue_ne8th,08_reproducibility_configs_and_manifests/,P2,404f99e61e7860983e6f9973aa7453adb255a35cb0426e203ad4a3e3437aba4f
research_experiments/fov2026_trajectory_clustering/outputs/hg_msa_tc_five_scene/hg_automatic_target_estimation/bellevue_116th_ne12th_od_pseudo_labels.csv,55102,0.052549,related_file,bellevue_116th_ne12th,08_reproducibility_configs_and_manifests/,P2,1c8020cd396d35d5ecdcdeb75e3c3c2c047f0018eb5418e2baedf57df0c61ef7
research_experiments/fov2026_trajectory_clustering/outputs/hg_msa_tc_five_scene/hg_automatic_target_estimation/bellevue_150th_eastgate_od_pseudo_labels.csv,147096,0.140282,related_file,bellevue_150th_eastgate,08_reproducibility_configs_and_manifests/,P2,1659dacd676805fedb501a75ee3c98ea3ed1a82269db75fd55bc2b4cdf846a54
research_experiments/fov2026_trajectory_clustering/outputs/hg_msa_tc_five_scene/hg_automatic_target_estimation/bellevue_150th_newport_od_pseudo_labels.csv,143874,0.137209,related_file,bellevue_150th_newport,08_reproducibility_configs_and_manifests/,P2,aa4c5e2124f7bdd611660ba4d66246dc965a08bdac31f0aa3892158b5d8180d9
research_experiments/fov2026_trajectory_clustering/outputs/hg_msa_tc_five_scene/hg_automatic_target_estimation/bellevue_150th_se38th_od_pseudo_labels.csv,143460,0.136814,related_file,bellevue_150th_se38th,08_reproducibility_configs_and_manifests/,P2,fc63faa5a4ef7afdf620f50043899341c2854f84bea72a51b4af88b2a71e530e
research_experiments/fov2026_trajectory_clustering/outputs/hg_msa_tc_five_scene/hg_automatic_target_estimation/bellevue_ne8th_od_pseudo_labels.csv,146573,0.139783,related_file,bellevue_ne8th,08_reproducibility_configs_and_manifests/,P2,890f0be68b4450951ef28e0c21e2f6442e5de315dfd5851acef1afc091fd9932
research_experiments/fov2026_trajectory_clustering/outputs/hg_msa_tc_five_scene/hg_msa_tc_selection/bellevue_116th_ne12th/labels/hg_expected_aware_selection_hdbscan_labels.parquet,16704,0.01593,related_file,bellevue_116th_ne12th,08_reproducibility_configs_and_manifests/,P2,6df188d49d2de9b0927222fb2c3514374fac23ba1696585e2cc3727c5e1ae5b4
research_experiments/fov2026_trajectory_clustering/outputs/hg_msa_tc_five_scene/hg_msa_tc_selection/bellevue_116th_ne12th/labels/hg_expected_aware_selection_kmeans_labels.parquet,16705,0.015931,related_file,bellevue_116th_ne12th,08_reproducibility_configs_and_manifests/,P2,ce88d8b1476bab65be97ca39c029bc1d36af86faade23132c9845a90132e74da
research_experiments/fov2026_trajectory_clustering/outputs/hg_msa_tc_five_scene/hg_msa_tc_selection/bellevue_116th_ne12th/labels/hg_expected_aware_selection_optics_labels.parquet,16705,0.015931,related_file,bellevue_116th_ne12th,08_reproducibility_configs_and_manifests/,P2,14abea503f7f2eb6bc357583ff5e9c5f8afa427aebaf7e204648b9450a956274
research_experiments/fov2026_trajectory_clustering/outputs/hg_msa_tc_five_scene/hg_msa_tc_selection/bellevue_116th_ne12th/labels/untargeted_selection_hdbscan_labels.parquet,16103,0.015357,related_file,bellevue_116th_ne12th,08_reproducibility_configs_and_manifests/,P2,3f2cf0d3dbddc153a28ad314e80611ddc4f4d485e60db90f6a94890e402c182c
research_experiments/fov2026_trajectory_clustering/outputs/hg_msa_tc_five_scene/hg_msa_tc_selection/bellevue_116th_ne12th/labels/untargeted_selection_kmeans_labels.parquet,16699,0.015925,related_file,bellevue_116th_ne12th,08_reproducibility_configs_and_manifests/,P2,0be28b8033e185fdd22ad1a6f273d5429cac8438907fcc1845d705d44eedf719
research_experiments/fov2026_trajectory_clustering/outputs/hg_msa_tc_five_scene/hg_msa_tc_selection/bellevue_116th_ne12th/labels/untargeted_selection_optics_labels.parquet,16359,0.015601,related_file,bellevue_116th_ne12th,08_reproducibility_configs_and_manifests/,P2,3356c098652654226116d658431d75b4d2cefe2dff52c66e07b10c38594086b4
research_experiments/fov2026_trajectory_clustering/outputs/hg_msa_tc_five_scene/hg_msa_tc_selection/bellevue_150th_eastgate/labels/hg_expected_aware_selection_hdbscan_labels.parquet,41973,0.040029,related_file,bellevue_150th_eastgate,08_reproducibility_configs_and_manifests/,P2,11962bd5114d5c7d9ad92357632190865a28fffd32fa48ca6bfb787fe52e749c
research_experiments/fov2026_trajectory_clustering/outputs/hg_msa_tc_five_scene/hg_msa_tc_selection/bellevue_150th_eastgate/labels/hg_expected_aware_selection_kmeans_labels.parquet,41979,0.040034,related_file,bellevue_150th_eastgate,08_reproducibility_configs_and_manifests/,P2,73518e82ba01c5307a8a4aa3578f9a14d1b1474ce41571b3fb4a44f971bd4c4e
research_experiments/fov2026_trajectory_clustering/outputs/hg_msa_tc_five_scene/hg_msa_tc_selection/bellevue_150th_eastgate/labels/hg_expected_aware_selection_optics_labels.parquet,41987,0.040042,related_file,bellevue_150th_eastgate,08_reproducibility_configs_and_manifests/,P2,f347c8482559066378d41c66d5fa467543b31752c37459d43b802d35219c108d
research_experiments/fov2026_trajectory_clustering/outputs/hg_msa_tc_five_scene/hg_msa_tc_selection/bellevue_150th_eastgate/labels/untargeted_selection_hdbscan_labels.parquet,41985,0.04004,related_file,bellevue_150th_eastgate,08_reproducibility_configs_and_manifests/,P2,06470efebe15d2b1f8c11d07b499ca80e2ffe9c3e8299ffca823d34dc03afbf3
research_experiments/fov2026_trajectory_clustering/outputs/hg_msa_tc_five_scene/hg_msa_tc_selection/bellevue_150th_eastgate/labels/untargeted_selection_kmeans_labels.parquet,41983,0.040038,related_file,bellevue_150th_eastgate,08_reproducibility_configs_and_manifests/,P2,7f641a90b5bde4d5bb246ae9caf63372feb658c0a45b94f0868b496266670ba5
research_experiments/fov2026_trajectory_clustering/outputs/hg_msa_tc_five_scene/hg_msa_tc_selection/bellevue_150th_eastgate/labels/untargeted_selection_optics_labels.parquet,41987,0.040042,related_file,bellevue_150th_eastgate,08_reproducibility_configs_and_manifests/,P2,f347c8482559066378d41c66d5fa467543b31752c37459d43b802d35219c108d
research_experiments/fov2026_trajectory_clustering/outputs/hg_msa_tc_five_scene/hg_msa_tc_selection/bellevue_150th_newport/labels/hg_expected_aware_selection_hdbscan_labels.parquet,40695,0.03881,related_file,bellevue_150th_newport,08_reproducibility_configs_and_manifests/,P2,22e1b3c7856a92823de3cf9101b8d13b67a0018829de6c07d1af9176c6e779cf
research_experiments/fov2026_trajectory_clustering/outputs/hg_msa_tc_five_scene/hg_msa_tc_selection/bellevue_150th_newport/labels/hg_expected_aware_selection_kmeans_labels.parquet,41461,0.03954,related_file,bellevue_150th_newport,08_reproducibility_configs_and_manifests/,P2,d129850e876674469d25c79792aaa26ce06a703174d5ab577b9a2dc82c853e3c
research_experiments/fov2026_trajectory_clustering/outputs/hg_msa_tc_five_scene/hg_msa_tc_selection/bellevue_150th_newport/labels/hg_expected_aware_selection_optics_labels.parquet,41439,0.039519,related_file,bellevue_150th_newport,08_reproducibility_configs_and_manifests/,P2,ddd20aa90829416ccee08dc962eafc0a8ad8f3adc6957ab925d79075e9141d61
research_experiments/fov2026_trajectory_clustering/outputs/hg_msa_tc_five_scene/hg_msa_tc_selection/bellevue_150th_newport/labels/untargeted_selection_hdbscan_labels.parquet,40689,0.038804,related_file,bellevue_150th_newport,08_reproducibility_configs_and_manifests/,P2,2cdafa73a8caec7cf79ffeec026a42b0131dc0fa7063402ed58f1dcc122cf22c
research_experiments/fov2026_trajectory_clustering/outputs/hg_msa_tc_five_scene/hg_msa_tc_selection/bellevue_150th_newport/labels/untargeted_selection_kmeans_labels.parquet,40691,0.038806,related_file,bellevue_150th_newport,08_reproducibility_configs_and_manifests/,P2,6ef34980901059b52525de4fbae99a7f3adb55954747d268763a49ec904974a9
research_experiments/fov2026_trajectory_clustering/outputs/hg_msa_tc_five_scene/hg_msa_tc_selection/bellevue_150th_newport/labels/untargeted_selection_optics_labels.parquet,40519,0.038642,related_file,bellevue_150th_newport,08_reproducibility_configs_and_manifests/,P2,4f4af649c075b7a5247eed7ab7a3b94063d808d8736926550126b2c3c30adc2c
research_experiments/fov2026_trajectory_clustering/outputs/hg_msa_tc_five_scene/hg_msa_tc_selection/bellevue_150th_se38th/labels/hg_expected_aware_selection_hdbscan_labels.parquet,41017,0.039117,related_file,bellevue_150th_se38th,08_reproducibility_configs_and_manifests/,P2,d08cc394c3d119ac06b38ff57e5a4790ea04a16c7ed708f23bf2b23baea8d881
research_experiments/fov2026_trajectory_clustering/outputs/hg_msa_tc_five_scene/hg_msa_tc_selection/bellevue_150th_se38th/labels/hg_expected_aware_selection_kmeans_labels.parquet,41032,0.039131,related_file,bellevue_150th_se38th,08_reproducibility_configs_and_manifests/,P2,085c3d4770f631988b418d305e95313fe304c9a15c6be9663e5290957f1c1707
research_experiments/fov2026_trajectory_clustering/outputs/hg_msa_tc_five_scene/hg_msa_tc_selection/bellevue_150th_se38th/labels/hg_expected_aware_selection_optics_labels.parquet,41042,0.039141,related_file,bellevue_150th_se38th,08_reproducibility_configs_and_manifests/,P2,bc1bb79e9e5b8f97714708c9a806700789ecb6118e48f2bb1218e36d47ab0340
research_experiments/fov2026_trajectory_clustering/outputs/hg_msa_tc_five_scene/hg_msa_tc_selection/bellevue_150th_se38th/labels/untargeted_selection_hdbscan_labels.parquet,41017,0.039117,related_file,bellevue_150th_se38th,08_reproducibility_configs_and_manifests/,P2,cb63011d6ead8b30d06db487cc392eb2554a0ac733da53df200e38e9453ac361
research_experiments/fov2026_trajectory_clustering/outputs/hg_msa_tc_five_scene/hg_msa_tc_selection/bellevue_150th_se38th/labels/untargeted_selection_kmeans_labels.parquet,41032,0.039131,related_file,bellevue_150th_se38th,08_reproducibility_configs_and_manifests/,P2,085c3d4770f631988b418d305e95313fe304c9a15c6be9663e5290957f1c1707
research_experiments/fov2026_trajectory_clustering/outputs/hg_msa_tc_five_scene/hg_msa_tc_selection/bellevue_150th_se38th/labels/untargeted_selection_optics_labels.parquet,40282,0.038416,related_file,bellevue_150th_se38th,08_reproducibility_configs_and_manifests/,P2,00ec5f2178b2ef50d18a840a4b6ea42cbe81ad3b854deb5d6b086d12585145b1
research_experiments/fov2026_trajectory_clustering/outputs/hg_msa_tc_five_scene/hg_msa_tc_selection/bellevue_ne8th/labels/hg_expected_aware_selection_hdbscan_labels.parquet,41857,0.039918,related_file,bellevue_ne8th,08_reproducibility_configs_and_manifests/,P2,bd2aa90210d6493689dea517118ddc869c74cfa60a88622e29689f9a3d482b2f
research_experiments/fov2026_trajectory_clustering/outputs/hg_msa_tc_five_scene/hg_msa_tc_selection/bellevue_ne8th/labels/hg_expected_aware_selection_kmeans_labels.parquet,41850,0.039911,related_file,bellevue_ne8th,08_reproducibility_configs_and_manifests/,P2,bcd22e83b6001ce774bd731f18bd2a0cb7a12f437b6fad80a38f2bc28b32ef70
research_experiments/fov2026_trajectory_clustering/outputs/hg_msa_tc_five_scene/hg_msa_tc_selection/bellevue_ne8th/labels/hg_expected_aware_selection_optics_labels.parquet,41570,0.039644,related_file,bellevue_ne8th,08_reproducibility_configs_and_manifests/,P2,1e9812695513970b169266ae8ffd11159cd2566392d70a76e2fd6ef35c254583
research_experiments/fov2026_trajectory_clustering/outputs/hg_msa_tc_five_scene/hg_msa_tc_selection/bellevue_ne8th/labels/untargeted_selection_hdbscan_labels.parquet,41088,0.039185,related_file,bellevue_ne8th,08_reproducibility_configs_and_manifests/,P2,fbd4c6302ebe8f06f7f51a07f140dab142d7d61ba7a225429414406dda64739f
research_experiments/fov2026_trajectory_clustering/outputs/hg_msa_tc_five_scene/hg_msa_tc_selection/bellevue_ne8th/labels/untargeted_selection_kmeans_labels.parquet,41846,0.039907,related_file,bellevue_ne8th,08_reproducibility_configs_and_manifests/,P2,e39b5d237deafe3cd07d2ffc61a652f8017ac63b40d136077cb197fc3c0faf58
research_experiments/fov2026_trajectory_clustering/outputs/hg_msa_tc_five_scene/hg_msa_tc_selection/bellevue_ne8th/labels/untargeted_selection_optics_labels.parquet,41767,0.039832,related_file,bellevue_ne8th,08_reproducibility_configs_and_manifests/,P2,ebdad4dd1e45650f75306ea6bdec9926627c75c297f26b8d4877f5cb12b600e8
research_experiments/fov2026_trajectory_clustering/outputs/normalization_ablation_v1/bellevue_150th_eastgate/labels/isotropic_shared_scale_hdbscan_labels.parquet,42062,0.040113,related_file,bellevue_150th_eastgate,08_reproducibility_configs_and_manifests/,P2,f0cdb7c3422e98a6ac16008935bdb0ab38709cc901de9b0d350dc58e53dc6fbe
research_experiments/fov2026_trajectory_clustering/outputs/normalization_ablation_v1/bellevue_150th_eastgate/labels/isotropic_shared_scale_kmeans_labels.parquet,42055,0.040107,related_file,bellevue_150th_eastgate,08_reproducibility_configs_and_manifests/,P2,2954b7ffef6a53878d7b43f4ed1e4ab9bdecf2473f5e051139c785c76113643b
research_experiments/fov2026_trajectory_clustering/outputs/normalization_ablation_v1/bellevue_150th_eastgate/labels/isotropic_shared_scale_optics_labels.parquet,42060,0.040112,related_file,bellevue_150th_eastgate,08_reproducibility_configs_and_manifests/,P2,c641466813747665ab944a704869b7a27c075e75043dfd20aa9ba856a2706962
research_experiments/fov2026_trajectory_clustering/outputs/normalization_ablation_v1/bellevue_150th_eastgate/labels/per_axis_minmax_hdbscan_labels.parquet,42066,0.040117,related_file,bellevue_150th_eastgate,08_reproducibility_configs_and_manifests/,P2,70ec875fb88e2c0e1b04cdd0015ed3d7a68ef7559b88c7fd7fc0e6616f6a0f27
research_experiments/fov2026_trajectory_clustering/outputs/normalization_ablation_v1/bellevue_150th_eastgate/labels/per_axis_minmax_kmeans_labels.parquet,42054,0.040106,related_file,bellevue_150th_eastgate,08_reproducibility_configs_and_manifests/,P2,24aec05df2c81808268be68831e48d8f26496b0ec9f0587a21853e79b5548410
research_experiments/fov2026_trajectory_clustering/outputs/normalization_ablation_v1/bellevue_150th_eastgate/labels/per_axis_minmax_optics_labels.parquet,42054,0.040106,related_file,bellevue_150th_eastgate,08_reproducibility_configs_and_manifests/,P2,ed315d495b0fdc145efb81f0fbfa0bc6666a08e54baf60cadb8c774d8005c08e
research_experiments/fov2026_trajectory_clustering/outputs/normalization_ablation_v1/bellevue_150th_newport/labels/isotropic_shared_scale_hdbscan_labels.parquet,40728,0.038841,related_file,bellevue_150th_newport,08_reproducibility_configs_and_manifests/,P2,4caf2b0a996c8c171fd645d83e45ec7a5a04709f914b34b6688ae21c625cbd47
research_experiments/fov2026_trajectory_clustering/outputs/normalization_ablation_v1/bellevue_150th_newport/labels/isotropic_shared_scale_kmeans_labels.parquet,41498,0.039576,related_file,bellevue_150th_newport,08_reproducibility_configs_and_manifests/,P2,b3da907229cfcd0aec83c7f4ac8e4b69623daae12dd62757437f43589ed396db
research_experiments/fov2026_trajectory_clustering/outputs/normalization_ablation_v1/bellevue_150th_newport/labels/isotropic_shared_scale_optics_labels.parquet,41480,0.039558,related_file,bellevue_150th_newport,08_reproducibility_configs_and_manifests/,P2,2953c8d9cd3035e1dd8515f281154e9eac5fb00269f76ace27fbd243e0faa172
research_experiments/fov2026_trajectory_clustering/outputs/normalization_ablation_v1/bellevue_150th_newport/labels/per_axis_minmax_hdbscan_labels.parquet,40728,0.038841,related_file,bellevue_150th_newport,08_reproducibility_configs_and_manifests/,P2,79b44369cf6274f9e85465d1fbec36f181437d91879355069d99a752e6f34b8e
research_experiments/fov2026_trajectory_clustering/outputs/normalization_ablation_v1/bellevue_150th_newport/labels/per_axis_minmax_kmeans_labels.parquet,41496,0.039574,related_file,bellevue_150th_newport,08_reproducibility_configs_and_manifests/,P2,7fdab2d74e5ec964fd98ee1aff674013ee35330f8c6ccc1628c29717e8755501
research_experiments/fov2026_trajectory_clustering/outputs/normalization_ablation_v1/bellevue_150th_newport/labels/per_axis_minmax_optics_labels.parquet,41468,0.039547,related_file,bellevue_150th_newport,08_reproducibility_configs_and_manifests/,P2,2fa58d62a650f9ac08579e2a89683b5bb6e82bbb26c13ec9f0e5a2c9ecc43b9a
research_experiments/fov2026_trajectory_clustering/outputs/normalization_ablation_v1/bellevue_ne8th/labels/isotropic_shared_scale_hdbscan_labels.parquet,41845,0.039907,related_file,bellevue_ne8th,08_reproducibility_configs_and_manifests/,P2,3f66057480b5d8cc80b4e97c927393a96bb4c86e7fd82a817bb7588b791ce72e
research_experiments/fov2026_trajectory_clustering/outputs/normalization_ablation_v1/bellevue_ne8th/labels/isotropic_shared_scale_kmeans_labels.parquet,41845,0.039907,related_file,bellevue_ne8th,08_reproducibility_configs_and_manifests/,P2,074203de431403c4e608c43c036a130aa0cc146408cb1ad3ff8ce50fdf19e039
research_experiments/fov2026_trajectory_clustering/outputs/normalization_ablation_v1/bellevue_ne8th/labels/isotropic_shared_scale_optics_labels.parquet,41849,0.03991,related_file,bellevue_ne8th,08_reproducibility_configs_and_manifests/,P2,307397bbe2a5766f1e2f58f73e342f20d4159e2b0bf0bbc4fcde539ae38c8454
research_experiments/fov2026_trajectory_clustering/outputs/normalization_ablation_v1/bellevue_ne8th/labels/per_axis_minmax_hdbscan_labels.parquet,41849,0.03991,related_file,bellevue_ne8th,08_reproducibility_configs_and_manifests/,P2,c1bec3ee3dc3d628fcfa9088c0404e35180252a7b587650885df686de511ec61
research_experiments/fov2026_trajectory_clustering/outputs/normalization_ablation_v1/bellevue_ne8th/labels/per_axis_minmax_kmeans_labels.parquet,41846,0.039907,related_file,bellevue_ne8th,08_reproducibility_configs_and_manifests/,P2,a28d9d4012ff12a69ea57c5d09283de1191f049103e65d76a94f33542eb8fd71
research_experiments/fov2026_trajectory_clustering/outputs/normalization_ablation_v1/bellevue_ne8th/labels/per_axis_minmax_optics_labels.parquet,41849,0.03991,related_file,bellevue_ne8th,08_reproducibility_configs_and_manifests/,P2,bbc86c7aacde86f9e8c69fb54e1e72b1e4dfd566163c1992aa2af6f291c290e3
research_experiments/fov2026_trajectory_clustering/outputs/normalization_ablation_v2_five_scenes/bellevue_116th_ne12th/labels/camera_isotropic_shared_scale_hdbscan_labels.parquet,16704,0.01593,related_file,bellevue_116th_ne12th,08_reproducibility_configs_and_manifests/,P2,6df188d49d2de9b0927222fb2c3514374fac23ba1696585e2cc3727c5e1ae5b4
research_experiments/fov2026_trajectory_clustering/outputs/normalization_ablation_v2_five_scenes/bellevue_116th_ne12th/labels/camera_isotropic_shared_scale_kmeans_labels.parquet,16715,0.015941,related_file,bellevue_116th_ne12th,08_reproducibility_configs_and_manifests/,P2,f4f16424cea7f77ceb02c7af293902491b61ffe4bc91f9141fb1f0121530b42e
research_experiments/fov2026_trajectory_clustering/outputs/normalization_ablation_v2_five_scenes/bellevue_116th_ne12th/labels/camera_isotropic_shared_scale_optics_labels.parquet,16701,0.015927,related_file,bellevue_116th_ne12th,08_reproducibility_configs_and_manifests/,P2,17c7966a3af1f8e20645dc1dce37cdc8b083e2d2e42a1a830c08215da1e28a20
research_experiments/fov2026_trajectory_clustering/outputs/normalization_ablation_v2_five_scenes/bellevue_116th_ne12th/labels/camera_per_axis_minmax_hdbscan_labels.parquet,16406,0.015646,related_file,bellevue_116th_ne12th,08_reproducibility_configs_and_manifests/,P2,334317ce153e738255b4ed08b69c6497a5010aedc97b5ff622c26002fb196a87
research_experiments/fov2026_trajectory_clustering/outputs/normalization_ablation_v2_five_scenes/bellevue_116th_ne12th/labels/camera_per_axis_minmax_kmeans_labels.parquet,16715,0.015941,related_file,bellevue_116th_ne12th,08_reproducibility_configs_and_manifests/,P2,a36648d62956e4f19ad31dba7a166882f0a75a4409223c82776d3bae5204423a
research_experiments/fov2026_trajectory_clustering/outputs/normalization_ablation_v2_five_scenes/bellevue_116th_ne12th/labels/camera_per_axis_minmax_optics_labels.parquet,16716,0.015942,related_file,bellevue_116th_ne12th,08_reproducibility_configs_and_manifests/,P2,bce0843e7fef38d96d3c48b63067af9f06276fefb16a7cba19568126b784619a
research_experiments/fov2026_trajectory_clustering/outputs/normalization_ablation_v2_five_scenes/bellevue_150th_eastgate/labels/camera_isotropic_shared_scale_hdbscan_labels.parquet,42062,0.040113,related_file,bellevue_150th_eastgate,08_reproducibility_configs_and_manifests/,P2,f0cdb7c3422e98a6ac16008935bdb0ab38709cc901de9b0d350dc58e53dc6fbe
research_experiments/fov2026_trajectory_clustering/outputs/normalization_ablation_v2_five_scenes/bellevue_150th_eastgate/labels/camera_isotropic_shared_scale_kmeans_labels.parquet,42055,0.040107,related_file,bellevue_150th_eastgate,08_reproducibility_configs_and_manifests/,P2,2954b7ffef6a53878d7b43f4ed1e4ab9bdecf2473f5e051139c785c76113643b
research_experiments/fov2026_trajectory_clustering/outputs/normalization_ablation_v2_five_scenes/bellevue_150th_eastgate/labels/camera_isotropic_shared_scale_optics_labels.parquet,42060,0.040112,related_file,bellevue_150th_eastgate,08_reproducibility_configs_and_manifests/,P2,c641466813747665ab944a704869b7a27c075e75043dfd20aa9ba856a2706962
research_experiments/fov2026_trajectory_clustering/outputs/normalization_ablation_v2_five_scenes/bellevue_150th_eastgate/labels/camera_per_axis_minmax_hdbscan_labels.parquet,42066,0.040117,related_file,bellevue_150th_eastgate,08_reproducibility_configs_and_manifests/,P2,70ec875fb88e2c0e1b04cdd0015ed3d7a68ef7559b88c7fd7fc0e6616f6a0f27
research_experiments/fov2026_trajectory_clustering/outputs/normalization_ablation_v2_five_scenes/bellevue_150th_eastgate/labels/camera_per_axis_minmax_kmeans_labels.parquet,42054,0.040106,related_file,bellevue_150th_eastgate,08_reproducibility_configs_and_manifests/,P2,24aec05df2c81808268be68831e48d8f26496b0ec9f0587a21853e79b5548410
research_experiments/fov2026_trajectory_clustering/outputs/normalization_ablation_v2_five_scenes/bellevue_150th_eastgate/labels/camera_per_axis_minmax_optics_labels.parquet,42054,0.040106,related_file,bellevue_150th_eastgate,08_reproducibility_configs_and_manifests/,P2,ed315d495b0fdc145efb81f0fbfa0bc6666a08e54baf60cadb8c774d8005c08e
research_experiments/fov2026_trajectory_clustering/outputs/normalization_ablation_v2_five_scenes/bellevue_150th_newport/labels/camera_isotropic_shared_scale_hdbscan_labels.parquet,40728,0.038841,related_file,bellevue_150th_newport,08_reproducibility_configs_and_manifests/,P2,4caf2b0a996c8c171fd645d83e45ec7a5a04709f914b34b6688ae21c625cbd47
research_experiments/fov2026_trajectory_clustering/outputs/normalization_ablation_v2_five_scenes/bellevue_150th_newport/labels/camera_isotropic_shared_scale_kmeans_labels.parquet,41498,0.039576,related_file,bellevue_150th_newport,08_reproducibility_configs_and_manifests/,P2,b3da907229cfcd0aec83c7f4ac8e4b69623daae12dd62757437f43589ed396db
research_experiments/fov2026_trajectory_clustering/outputs/normalization_ablation_v2_five_scenes/bellevue_150th_newport/labels/camera_isotropic_shared_scale_optics_labels.parquet,41480,0.039558,related_file,bellevue_150th_newport,08_reproducibility_configs_and_manifests/,P2,2953c8d9cd3035e1dd8515f281154e9eac5fb00269f76ace27fbd243e0faa172
research_experiments/fov2026_trajectory_clustering/outputs/normalization_ablation_v2_five_scenes/bellevue_150th_newport/labels/camera_per_axis_minmax_hdbscan_labels.parquet,40728,0.038841,related_file,bellevue_150th_newport,08_reproducibility_configs_and_manifests/,P2,79b44369cf6274f9e85465d1fbec36f181437d91879355069d99a752e6f34b8e
research_experiments/fov2026_trajectory_clustering/outputs/normalization_ablation_v2_five_scenes/bellevue_150th_newport/labels/camera_per_axis_minmax_kmeans_labels.parquet,41496,0.039574,related_file,bellevue_150th_newport,08_reproducibility_configs_and_manifests/,P2,7fdab2d74e5ec964fd98ee1aff674013ee35330f8c6ccc1628c29717e8755501
research_experiments/fov2026_trajectory_clustering/outputs/normalization_ablation_v2_five_scenes/bellevue_150th_newport/labels/camera_per_axis_minmax_optics_labels.parquet,41468,0.039547,related_file,bellevue_150th_newport,08_reproducibility_configs_and_manifests/,P2,2fa58d62a650f9ac08579e2a89683b5bb6e82bbb26c13ec9f0e5a2c9ecc43b9a
research_experiments/fov2026_trajectory_clustering/outputs/normalization_ablation_v2_five_scenes/bellevue_150th_se38th/labels/camera_isotropic_shared_scale_hdbscan_labels.parquet,41014,0.039114,related_file,bellevue_150th_se38th,08_reproducibility_configs_and_manifests/,P2,214f98b7e3da63abb2543efd197e4513d8116470ccc3a656de866819c41b4ba1
research_experiments/fov2026_trajectory_clustering/outputs/normalization_ablation_v2_five_scenes/bellevue_150th_se38th/labels/camera_isotropic_shared_scale_kmeans_labels.parquet,41032,0.039131,related_file,bellevue_150th_se38th,08_reproducibility_configs_and_manifests/,P2,4c6d0de6e4e488cec651d75e59ae99a7acac76fa2ceb86a60bb13b43de76b98a
research_experiments/fov2026_trajectory_clustering/outputs/normalization_ablation_v2_five_scenes/bellevue_150th_se38th/labels/camera_isotropic_shared_scale_optics_labels.parquet,41037,0.039136,related_file,bellevue_150th_se38th,08_reproducibility_configs_and_manifests/,P2,c1494428250b4bb965291d920e92639de6bb865ff643cac508d1e82cc5545f43
research_experiments/fov2026_trajectory_clustering/outputs/normalization_ablation_v2_five_scenes/bellevue_150th_se38th/labels/camera_per_axis_minmax_hdbscan_labels.parquet,41014,0.039114,related_file,bellevue_150th_se38th,08_reproducibility_configs_and_manifests/,P2,20055d7b1728623d875bdbde6064341df5f814fc3f97534550bcf1987ff58132
research_experiments/fov2026_trajectory_clustering/outputs/normalization_ablation_v2_five_scenes/bellevue_150th_se38th/labels/camera_per_axis_minmax_kmeans_labels.parquet,41037,0.039136,related_file,bellevue_150th_se38th,08_reproducibility_configs_and_manifests/,P2,d2edf313d1f0a0873e79d4f15ceec9c152cccbcce86789f4b900e594ba63e510
research_experiments/fov2026_trajectory_clustering/outputs/normalization_ablation_v2_five_scenes/bellevue_150th_se38th/labels/camera_per_axis_minmax_optics_labels.parquet,41043,0.039142,related_file,bellevue_150th_se38th,08_reproducibility_configs_and_manifests/,P2,4b65b62897f4c88b4bd59b7fbb17e87635622b4f12fe516898b1a37062649ffd
research_experiments/fov2026_trajectory_clustering/outputs/normalization_ablation_v2_five_scenes/bellevue_ne8th/labels/camera_isotropic_shared_scale_hdbscan_labels.parquet,41845,0.039907,related_file,bellevue_ne8th,08_reproducibility_configs_and_manifests/,P2,3f66057480b5d8cc80b4e97c927393a96bb4c86e7fd82a817bb7588b791ce72e
research_experiments/fov2026_trajectory_clustering/outputs/normalization_ablation_v2_five_scenes/bellevue_ne8th/labels/camera_isotropic_shared_scale_kmeans_labels.parquet,41845,0.039907,related_file,bellevue_ne8th,08_reproducibility_configs_and_manifests/,P2,074203de431403c4e608c43c036a130aa0cc146408cb1ad3ff8ce50fdf19e039
research_experiments/fov2026_trajectory_clustering/outputs/normalization_ablation_v2_five_scenes/bellevue_ne8th/labels/camera_isotropic_shared_scale_optics_labels.parquet,41849,0.03991,related_file,bellevue_ne8th,08_reproducibility_configs_and_manifests/,P2,307397bbe2a5766f1e2f58f73e342f20d4159e2b0bf0bbc4fcde539ae38c8454
research_experiments/fov2026_trajectory_clustering/outputs/normalization_ablation_v2_five_scenes/bellevue_ne8th/labels/camera_per_axis_minmax_hdbscan_labels.parquet,41849,0.03991,related_file,bellevue_ne8th,08_reproducibility_configs_and_manifests/,P2,c1bec3ee3dc3d628fcfa9088c0404e35180252a7b587650885df686de511ec61
research_experiments/fov2026_trajectory_clustering/outputs/normalization_ablation_v2_five_scenes/bellevue_ne8th/labels/camera_per_axis_minmax_kmeans_labels.parquet,41846,0.039907,related_file,bellevue_ne8th,08_reproducibility_configs_and_manifests/,P2,a28d9d4012ff12a69ea57c5d09283de1191f049103e65d76a94f33542eb8fd71
research_experiments/fov2026_trajectory_clustering/outputs/normalization_ablation_v2_five_scenes/bellevue_ne8th/labels/camera_per_axis_minmax_optics_labels.parquet,41849,0.03991,related_file,bellevue_ne8th,08_reproducibility_configs_and_manifests/,P2,bbc86c7aacde86f9e8c69fb54e1e72b1e4dfd566163c1992aa2af6f291c290e3
src/traffic/detect/ultralytics_runner.py,523,0.000499,configuration_or_code_reference,,08_reproducibility_configs_and_manifests/,P2,a6c444f0307b28389c05af02e802a71a1fba574e44d8e7eef6fee70ff660d3d1
tests/test_ultralytics_wrapper.py,48,4.6e-05,configuration_or_code_reference,,08_reproducibility_configs_and_manifests/,P2,750e9549575f5d86a3232e3be32a0a13b26c16038f964f8a3f9a77959c322b75
traffic_node_dataset_2_0_starter_pack/tnvd2_starter_pack/google_drive_structure/02_YOLOV11X_DETECTIONS/.gitkeep,0,0.0,configuration_or_code_reference,,08_reproducibility_configs_and_manifests/,P2,e3b0c44298fc1c149afbf4c8996fb92427ae41e4649b934ca495991b7852b855
traffic_node_dataset_2_0_starter_pack/tnvd2_starter_pack/schemas/detection_schema.csv,119,0.000113,detection_summary_or_candidate,,02_yolov11x_detections/,P2,5139114c5701972fec84567f0a649c4ce3897a2fd839973fd432cad2d009f63f
yolo11x.pt,114636239,109.325637,configuration_or_code_reference,,08_reproducibility_configs_and_manifests/,P2,7bc158aa95c0ebfdd87f70f01653c1131b93e92522dbe15c228bcd742e773a24
