scene,method,trial_index,fit_random_seed,params_json,n_total,n_clusters,cluster_count_error,n_outliers,pct_outliers,largest_cluster_ratio,fit_time_s,hg_estimated_target,silhouette_clustered_only,davies_bouldin_clustered_only,calinski_harabasz_clustered_only,quick_score,EMAS_HG,error,untargeted_selection_key_json,hg_expected_selection_key_json,selected_untargeted,selected_hg_expected_aware,interval_lower,interval_upper,interval_distance,pcms_strategy_id,selected_pcms,pcms_selection_key_json
bellevue_116th_ne12th,kmeans,1,20260703,"{""max_iter"": 300, ""n_clusters"": 2, ""n_init"": 10}",634,2,8,0,0,0.682965299684543,1.30139619996771,10,0.53359293310869,0.887839730002715,666.903747779104,0.39597952695001,0.461353714990818,,"[-0.5335929331086898, 0.887839730002715, -666.9037477791044, 0.6829652996845426, ""{\""max_iter\"": 300, \""n_clusters\"": 2, \""n_init\"": 10}""]","[8.0, -0.5335929331086898, 0.887839730002715, -666.9037477791044, 0.6829652996845426, ""{\""max_iter\"": 300, \""n_clusters\"": 2, \""n_init\"": 10}""]",False,False,8,13,6,A5,False,
bellevue_116th_ne12th,kmeans,2,20260704,"{""max_iter"": 300, ""n_clusters"": 3, ""n_init"": 10}",634,3,7,0,0,0.414826498422713,0.0233099000761285,10,0.628054987618095,0.600254307919863,928.973261218874,0.439915133376408,0.552410167214182,,"[-0.6280549876180954, 0.6002543079198633, -928.9732612188737, 0.4148264984227129, ""{\""max_iter\"": 300, \""n_clusters\"": 3, \""n_init\"": 10}""]","[7.0, -0.6280549876180954, 0.6002543079198633, -928.9732612188737, 0.4148264984227129, ""{\""max_iter\"": 300, \""n_clusters\"": 3, \""n_init\"": 10}""]",False,False,8,13,5,A5,False,
bellevue_116th_ne12th,kmeans,3,20260705,"{""max_iter"": 300, ""n_clusters"": 4, ""n_init"": 10}",634,4,6,0,0,0.414826498422713,0.0226168999215587,10,0.707035909607519,0.427249176597511,1393.74082483302,0.45747299939488,0.613933996008798,,"[-0.7070359096075188, 0.42724917659751094, -1393.7408248330246, 0.4148264984227129, ""{\""max_iter\"": 300, \""n_clusters\"": 4, \""n_init\"": 10}""]","[6.0, -0.7070359096075188, 0.42724917659751094, -1393.7408248330246, 0.4148264984227129, ""{\""max_iter\"": 300, \""n_clusters\"": 4, \""n_init\"": 10}""]",False,False,8,13,4,A5,False,
bellevue_116th_ne12th,kmeans,4,20260706,"{""max_iter"": 300, ""n_clusters"": 5, ""n_init"": 10}",634,5,5,0,0,0.305993690851735,0.0243704000022262,10,0.755612708047884,0.354902225957606,1981.30771966369,0.485750964835253,0.680987330019952,,"[-0.7556127080478844, 0.35490222595760584, -1981.3077196636934, 0.305993690851735, ""{\""max_iter\"": 300, \""n_clusters\"": 5, \""n_init\"": 10}""]","[5.0, -0.7556127080478844, 0.35490222595760584, -1981.3077196636934, 0.305993690851735, ""{\""max_iter\"": 300, \""n_clusters\"": 5, \""n_init\"": 10}""]",False,False,8,13,3,A5,False,
bellevue_116th_ne12th,kmeans,5,20260707,"{""max_iter"": 300, ""n_clusters"": 6, ""n_init"": 10}",634,6,4,0,0,0.277602523659306,0.0231130000902339,10,0.785490010667104,0.303072143057064,2197.86453852611,0.509885109110471,0.738255970053517,,"[-0.7854900106671044, 0.303072143057064, -2197.864538526107, 0.277602523659306, ""{\""max_iter\"": 300, \""n_clusters\"": 6, \""n_init\"": 10}""]","[4.0, -0.7854900106671044, 0.303072143057064, -2197.864538526107, 0.277602523659306, ""{\""max_iter\"": 300, \""n_clusters\"": 6, \""n_init\"": 10}""]",False,False,8,13,2,A5,False,
bellevue_116th_ne12th,kmeans,6,20260708,"{""max_iter"": 300, ""n_clusters"": 7, ""n_init"": 10}",634,7,3,0,0,0.277602523659306,0.02388490003068,10,0.780474490831128,0.335823853636437,2278.06540289048,0.536193556886187,0.786123641596748,,"[-0.780474490831128, 0.33582385363643735, -2278.065402890479, 0.277602523659306, ""{\""max_iter\"": 300, \""n_clusters\"": 7, \""n_init\"": 10}""]","[3.0, -0.780474490831128, 0.33582385363643735, -2278.065402890479, 0.277602523659306, ""{\""max_iter\"": 300, \""n_clusters\"": 7, \""n_init\"": 10}""]",False,False,8,13,1,A5,False,
bellevue_116th_ne12th,kmeans,7,20260709,"{""max_iter"": 300, ""n_clusters"": 8, ""n_init"": 10}",634,8,2,0,0,0.27602523659306,0.0330885999137535,10,0.788882879814295,0.322282161271498,2562.62644860155,0.58298836555553,0.837468444112984,,"[-0.7888828798142948, 0.32228216127149756, -2562.6264486015484, 0.27602523659305994, ""{\""max_iter\"": 300, \""n_clusters\"": 8, \""n_init\"": 10}""]","[2.0, -0.7888828798142948, 0.32228216127149756, -2562.6264486015484, 0.27602523659305994, ""{\""max_iter\"": 300, \""n_clusters\"": 8, \""n_init\"": 10}""]",False,False,8,13,0,A5,False,
bellevue_116th_ne12th,kmeans,8,20260710,"{""max_iter"": 300, ""n_clusters"": 9, ""n_init"": 10}",634,9,1,0,0,0.27602523659306,0.039405999938026,10,0.792865941652383,0.298542583465192,2828.71687974065,0.675545479111573,0.889050184799833,,"[-0.7928659416523834, 0.2985425834651917, -2828.7168797406484, 0.27602523659305994, ""{\""max_iter\"": 300, \""n_clusters\"": 9, \""n_init\"": 10}""]","[1.0, -0.7928659416523834, 0.2985425834651917, -2828.7168797406484, 0.27602523659305994, ""{\""max_iter\"": 300, \""n_clusters\"": 9, \""n_init\"": 10}""]",False,False,8,13,0,A5,False,
bellevue_116th_ne12th,kmeans,9,20260711,"{""max_iter"": 300, ""n_clusters"": 10, ""n_init"": 10}",634,10,0,0,0,0.27602523659306,0.0421304000774398,10,0.806676310149275,0.268840064346663,3165.89735429552,0.952137361537284,0.94154343122641,,"[-0.8066763101492748, 0.26884006434666297, -3165.89735429552, 0.27602523659305994, ""{\""max_iter\"": 300, \""n_clusters\"": 10, \""n_init\"": 10}""]","[0.0, -0.8066763101492748, 0.26884006434666297, -3165.89735429552, 0.27602523659305994, ""{\""max_iter\"": 300, \""n_clusters\"": 10, \""n_init\"": 10}""]",True,True,8,13,0,A5,True,"[0, -0.8066763101492748, 0.2688400643466629, -3165.89735429552, 0.2760252365930599, ""{\""max_iter\"": 300, \""n_clusters\"": 10, \""n_init\"": 10}""]"
bellevue_116th_ne12th,kmeans,10,20260712,"{""max_iter"": 300, ""n_clusters"": 11, ""n_init"": 10}",634,11,1,0,0,0.261829652996845,0.0430429999250918,10,0.762680492460669,0.374399819139665,3532.17229074842,0.673330575169981,0.884710091016613,,"[-0.7626804924606689, 0.37439981913966497, -3532.1722907484163, 0.2618296529968454, ""{\""max_iter\"": 300, \""n_clusters\"": 11, \""n_init\"": 10}""]","[1.0, -0.7626804924606689, 0.37439981913966497, -3532.1722907484163, 0.2618296529968454, ""{\""max_iter\"": 300, \""n_clusters\"": 11, \""n_init\"": 10}""]",False,False,8,13,0,A5,False,
bellevue_116th_ne12th,kmeans,11,20260713,"{""max_iter"": 300, ""n_clusters"": 12, ""n_init"": 10}",634,12,2,0,0,0.261829652996845,0.0433740000007674,10,0.750803464247082,0.396147667855188,4015.23046860448,0.580503371902241,0.832982869225146,,"[-0.7508034642470816, 0.39614766785518757, -4015.2304686044763, 0.2618296529968454, ""{\""max_iter\"": 300, \""n_clusters\"": 12, \""n_init\"": 10}""]","[2.0, -0.7508034642470816, 0.39614766785518757, -4015.2304686044763, 0.2618296529968454, ""{\""max_iter\"": 300, \""n_clusters\"": 12, \""n_init\"": 10}""]",False,False,8,13,0,A5,False,
bellevue_116th_ne12th,kmeans,12,20260714,"{""max_iter"": 300, ""n_clusters"": 13, ""n_init"": 10}",634,13,3,0,0,0.238170347003155,0.0468591999961063,10,0.692464475791742,0.424458744925147,4240.87671460206,0.533407240754076,0.781008292418881,,"[-0.692464475791742, 0.42445874492514657, -4240.876714602062, 0.23817034700315456, ""{\""max_iter\"": 300, \""n_clusters\"": 13, \""n_init\"": 10}""]","[3.0, -0.692464475791742, 0.42445874492514657, -4240.876714602062, 0.23817034700315456, ""{\""max_iter\"": 300, \""n_clusters\"": 13, \""n_init\"": 10}""]",False,False,8,13,0,A5,False,
bellevue_116th_ne12th,kmeans,13,20260715,"{""max_iter"": 300, ""n_clusters"": 14, ""n_init"": 10}",634,14,4,0,0,0.233438485804416,0.0481196999317035,10,0.695596479630517,0.447337274639585,4493.05559243361,0.505982173357916,0.730528371314747,,"[-0.6955964796305171, 0.4473372746395854, -4493.055592433608, 0.2334384858044164, ""{\""max_iter\"": 300, \""n_clusters\"": 14, \""n_init\"": 10}""]","[4.0, -0.6955964796305171, 0.4473372746395854, -4493.055592433608, 0.2334384858044164, ""{\""max_iter\"": 300, \""n_clusters\"": 14, \""n_init\"": 10}""]",False,False,8,13,1,A5,False,
bellevue_116th_ne12th,kmeans,14,20260716,"{""max_iter"": 300, ""n_clusters"": 15, ""n_init"": 10}",634,15,5,0,0,0.233438485804416,0.0496025999309495,10,0.69831740973158,0.470664631091782,4637.04663185993,0.487236922393714,0.679568489547956,,"[-0.6983174097315797, 0.470664631091782, -4637.046631859933, 0.2334384858044164, ""{\""max_iter\"": 300, \""n_clusters\"": 15, \""n_init\"": 10}""]","[5.0, -0.6983174097315797, 0.470664631091782, -4637.046631859933, 0.2334384858044164, ""{\""max_iter\"": 300, \""n_clusters\"": 15, \""n_init\"": 10}""]",False,False,8,13,2,A5,False,
bellevue_116th_ne12th,kmeans,15,20260717,"{""max_iter"": 300, ""n_clusters"": 16, ""n_init"": 10}",634,16,6,0,0,0.205047318611987,0.0492176000261679,10,0.652507492984379,0.47828316632575,5018.40810289272,0.47451509061514,0.629766681299403,,"[-0.6525074929843793, 0.47828316632574974, -5018.408102892717, 0.20504731861198738, ""{\""max_iter\"": 300, \""n_clusters\"": 16, \""n_init\"": 10}""]","[6.0, -0.6525074929843793, 0.47828316632574974, -5018.408102892717, 0.20504731861198738, ""{\""max_iter\"": 300, \""n_clusters\"": 16, \""n_init\"": 10}""]",False,False,8,13,3,A5,False,
bellevue_116th_ne12th,kmeans,16,20260718,"{""max_iter"": 300, ""n_clusters"": 17, ""n_init"": 10}",634,17,7,0,0,0.15615141955836,0.0505921000149101,10,0.659360012825812,0.485029936485885,5186.63261705308,0.469772213606553,0.584691568527652,,"[-0.659360012825812, 0.4850299364858852, -5186.6326170530765, 0.15615141955835962, ""{\""max_iter\"": 300, \""n_clusters\"": 17, \""n_init\"": 10}""]","[7.0, -0.659360012825812, 0.4850299364858852, -5186.6326170530765, 0.15615141955835962, ""{\""max_iter\"": 300, \""n_clusters\"": 17, \""n_init\"": 10}""]",False,False,8,13,4,A5,False,
bellevue_116th_ne12th,kmeans,17,20260719,"{""max_iter"": 300, ""n_clusters"": 18, ""n_init"": 10}",634,18,8,0,0,0.15615141955836,0.0531783000333234,10,0.630509255016146,0.546848380811468,5266.50086765164,0.459345220468844,0.530557897920494,,"[-0.6305092550161455, 0.5468483808114678, -5266.5008676516445, 0.15615141955835962, ""{\""max_iter\"": 300, \""n_clusters\"": 18, \""n_init\"": 10}""]","[8.0, -0.6305092550161455, 0.5468483808114678, -5266.5008676516445, 0.15615141955835962, ""{\""max_iter\"": 300, \""n_clusters\"": 18, \""n_init\"": 10}""]",False,False,8,13,5,A5,False,
bellevue_116th_ne12th,kmeans,18,20260720,"{""max_iter"": 300, ""n_clusters"": 19, ""n_init"": 10}",634,19,9,0,0,0.149842271293375,0.0529133999953046,10,0.64590623672212,0.543318733391007,5221.14315497717,0.454708799396682,0.482106514086595,,"[-0.6459062367221203, 0.5433187333910071, -5221.143154977173, 0.1498422712933754, ""{\""max_iter\"": 300, \""n_clusters\"": 19, \""n_init\"": 10}""]","[9.0, -0.6459062367221203, 0.5433187333910071, -5221.143154977173, 0.1498422712933754, ""{\""max_iter\"": 300, \""n_clusters\"": 19, \""n_init\"": 10}""]",False,False,8,13,6,A5,False,
bellevue_116th_ne12th,kmeans,19,20260721,"{""max_iter"": 300, ""n_clusters"": 20, ""n_init"": 10}",634,20,10,0,0,0.15615141955836,0.0560415000654757,10,0.540444766098247,0.642050591322136,5313.21193699414,0.441856828083433,0.422306559817789,,"[-0.540444766098247, 0.6420505913221362, -5313.211936994141, 0.15615141955835962, ""{\""max_iter\"": 300, \""n_clusters\"": 20, \""n_init\"": 10}""]","[10.0, -0.540444766098247, 0.6420505913221362, -5313.211936994141, 0.15615141955835962, ""{\""max_iter\"": 300, \""n_clusters\"": 20, \""n_init\"": 10}""]",False,False,8,13,7,A5,False,
bellevue_116th_ne12th,kmeans,20,20260722,"{""max_iter"": 300, ""n_clusters"": 21, ""n_init"": 10}",634,21,11,0,0,0.145110410094637,0.0571456999750807,10,0.584458662425286,0.632294841547652,5393.42219011848,0.441176946337294,0.42597533389612,,"[-0.584458662425286, 0.6322948415476523, -5393.422190118479, 0.14511041009463724, ""{\""max_iter\"": 300, \""n_clusters\"": 21, \""n_init\"": 10}""]","[11.0, -0.584458662425286, 0.6322948415476523, -5393.422190118479, 0.14511041009463724, ""{\""max_iter\"": 300, \""n_clusters\"": 21, \""n_init\"": 10}""]",False,False,8,13,8,A5,False,
bellevue_116th_ne12th,kmeans,21,20260723,"{""max_iter"": 300, ""n_clusters"": 22, ""n_init"": 10}",634,22,12,0,0,0.138801261829653,0.0579140000045299,10,0.516010811354241,0.685252394321715,5363.40860865529,0.433897253087644,0.421258707175156,,"[-0.5160108113542411, 0.6852523943217154, -5363.408608655289, 0.138801261829653, ""{\""max_iter\"": 300, \""n_clusters\"": 22, \""n_init\"": 10}""]","[12.0, -0.5160108113542411, 0.6852523943217154, -5363.408608655289, 0.138801261829653, ""{\""max_iter\"": 300, \""n_clusters\"": 22, \""n_init\"": 10}""]",False,False,8,13,9,A5,False,
bellevue_116th_ne12th,kmeans,22,20260724,"{""max_iter"": 300, ""n_clusters"": 23, ""n_init"": 10}",634,23,13,0,0,0.134069400630915,0.0590322000207379,10,0.519546205648534,0.683319283917053,5340.55144786869,0.431559302710719,0.421976806630675,,"[-0.519546205648534, 0.6833192839170533, -5340.551447868692, 0.13406940063091483, ""{\""max_iter\"": 300, \""n_clusters\"": 23, \""n_init\"": 10}""]","[13.0, -0.519546205648534, 0.6833192839170533, -5340.551447868692, 0.13406940063091483, ""{\""max_iter\"": 300, \""n_clusters\"": 23, \""n_init\"": 10}""]",False,False,8,13,10,A5,False,
bellevue_116th_ne12th,kmeans,23,20260725,"{""max_iter"": 300, ""n_clusters"": 24, ""n_init"": 10}",634,24,14,0,0,0.134069400630915,0.0609486999455839,10,0.516754288005037,0.723325432344916,5347.54619827035,0.428111113675021,0.420458119679549,,"[-0.516754288005037, 0.7233254323449158, -5347.546198270347, 0.13406940063091483, ""{\""max_iter\"": 300, \""n_clusters\"": 24, \""n_init\"": 10}""]","[14.0, -0.516754288005037, 0.7233254323449158, -5347.546198270347, 0.13406940063091483, ""{\""max_iter\"": 300, \""n_clusters\"": 24, \""n_init\"": 10}""]",False,False,8,13,11,A5,False,
bellevue_116th_ne12th,kmeans,24,20260726,"{""max_iter"": 300, ""n_clusters"": 25, ""n_init"": 10}",634,25,15,0,0,0.134069400630915,0.0627227000659331,10,0.526964033541739,0.711273299971565,5424.40487163848,0.426534271385334,0.421377281156673,,"[-0.5269640335417388, 0.7112732999715652, -5424.404871638479, 0.13406940063091483, ""{\""max_iter\"": 300, \""n_clusters\"": 25, \""n_init\"": 10}""]","[15.0, -0.5269640335417388, 0.7112732999715652, -5424.404871638479, 0.13406940063091483, ""{\""max_iter\"": 300, \""n_clusters\"": 25, \""n_init\"": 10}""]",False,False,8,13,12,A5,False,
bellevue_116th_ne12th,kmeans,25,20260727,"{""max_iter"": 300, ""n_clusters"": 26, ""n_init"": 10}",634,26,16,0,0,0.129337539432177,0.0641920999623835,10,0.539919268602544,0.667467924844474,5534.56997047784,0.426400734946606,0.424033378053362,,"[-0.5399192686025444, 0.6674679248444739, -5534.56997047784, 0.12933753943217666, ""{\""max_iter\"": 300, \""n_clusters\"": 26, \""n_init\"": 10}""]","[16.0, -0.5399192686025444, 0.6674679248444739, -5534.56997047784, 0.12933753943217666, ""{\""max_iter\"": 300, \""n_clusters\"": 26, \""n_init\"": 10}""]",False,False,8,13,13,A5,False,
bellevue_116th_ne12th,kmeans,26,20260728,"{""max_iter"": 300, ""n_clusters"": 27, ""n_init"": 10}",634,27,17,0,0,0.141955835962145,0.0654028999852016,10,0.551042845597819,0.647946245964644,5408.54540811962,0.42425290971265,0.424038149630512,,"[-0.5510428455978192, 0.6479462459646439, -5408.545408119621, 0.14195583596214512, ""{\""max_iter\"": 300, \""n_clusters\"": 27, \""n_init\"": 10}""]","[17.0, -0.5510428455978192, 0.6479462459646439, -5408.545408119621, 0.14195583596214512, ""{\""max_iter\"": 300, \""n_clusters\"": 27, \""n_init\"": 10}""]",False,False,8,13,14,A5,False,
bellevue_116th_ne12th,kmeans,27,20260729,"{""max_iter"": 300, ""n_clusters"": 28, ""n_init"": 10}",634,28,18,0,0,0.126182965299685,0.0765575999394059,10,0.544565367143408,0.685413709433486,5626.73252184503,0.423223646936128,0.423942585202949,,"[-0.5445653671434075, 0.6854137094334858, -5626.732521845029, 0.12618296529968454, ""{\""max_iter\"": 300, \""n_clusters\"": 28, \""n_init\"": 10}""]","[18.0, -0.5445653671434075, 0.6854137094334858, -5626.732521845029, 0.12618296529968454, ""{\""max_iter\"": 300, \""n_clusters\"": 28, \""n_init\"": 10}""]",False,False,8,13,15,A5,False,
bellevue_116th_ne12th,kmeans,28,20260730,"{""max_iter"": 300, ""n_clusters"": 29, ""n_init"": 10}",634,29,19,0,0,0.129337539432177,0.0654134999494999,10,0.528900512968331,0.682909469594216,5456.4192995453,0.420721723101052,0.422932174496905,,"[-0.528900512968331, 0.6829094695942155, -5456.419299545299, 0.12933753943217666, ""{\""max_iter\"": 300, \""n_clusters\"": 29, \""n_init\"": 10}""]","[19.0, -0.528900512968331, 0.6829094695942155, -5456.419299545299, 0.12933753943217666, ""{\""max_iter\"": 300, \""n_clusters\"": 29, \""n_init\"": 10}""]",False,False,8,13,16,A5,False,
bellevue_116th_ne12th,kmeans,29,20260731,"{""max_iter"": 300, ""n_clusters"": 30, ""n_init"": 10}",634,30,20,0,0,0.129337539432177,0.0687048000982031,10,0.506895535658942,0.717769790512364,5572.34619895278,0.417709008241371,0.42062604126206,,"[-0.5068955356589422, 0.7177697905123644, -5572.346198952783, 0.12933753943217666, ""{\""max_iter\"": 300, \""n_clusters\"": 30, \""n_init\"": 10}""]","[20.0, -0.5068955356589422, 0.7177697905123644, -5572.346198952783, 0.12933753943217666, ""{\""max_iter\"": 300, \""n_clusters\"": 30, \""n_init\"": 10}""]",False,False,8,13,17,A5,False,
bellevue_116th_ne12th,hdbscan,1,20260703,"{""min_cluster_size"": 80, ""min_samples"": 10}",634,4,6,4,0.630914826498423,0.417460317460317,0.012656099977903,10,0.714349764580777,0.420124507023133,1423.69821829347,0.456489235918519,0.613125987864171,,"[-0.7143497645807769, 0.42012450702313275, -1423.6982182934707, 0.4174603174603175, ""{\""min_cluster_size\"": 80, \""min_samples\"": 10}""]","[6.0, 0.6309148264984227, -0.7143497645807769, 0.42012450702313275, -1423.6982182934707, 0.4174603174603175, ""{\""min_cluster_size\"": 80, \""min_samples\"": 10}""]",True,True,8,13,4,A5,True,"[4, 0.6309148264984227, -0.7143497645807769, 0.4201245070231327, -1423.6982182934707, 0.4174603174603175, ""{\""min_cluster_size\"": 80, \""min_samples\"": 10}""]"
bellevue_116th_ne12th,hdbscan,2,20260704,"{""min_cluster_size"": 80, ""min_samples"": 20}",634,3,7,7,1.10410094637224,0.419457735247209,0.012832999927923,10,0.633559531894622,0.590329762881821,938.763528768726,0.43771402145922,0.550404041741174,,"[-0.6335595318946218, 0.590329762881821, -938.7635287687262, 0.4194577352472089, ""{\""min_cluster_size\"": 80, \""min_samples\"": 20}""]","[7.0, 1.1041009463722398, -0.6335595318946218, 0.590329762881821, -938.7635287687262, 0.4194577352472089, ""{\""min_cluster_size\"": 80, \""min_samples\"": 20}""]",False,False,8,13,5,A5,False,
bellevue_116th_ne12th,hdbscan,3,20260705,"{""min_cluster_size"": 160, ""min_samples"": 10}",634,3,7,0,0,0.414826498422713,0.0117979000788182,10,0.628054987618095,0.600254307919863,928.973261218874,0.439915133376408,0.552410167214182,,"[-0.6280549876180954, 0.6002543079198633, -928.9732612188736, 0.4148264984227129, ""{\""min_cluster_size\"": 160, \""min_samples\"": 10}""]","[7.0, 0.0, -0.6280549876180954, 0.6002543079198633, -928.9732612188736, 0.4148264984227129, ""{\""min_cluster_size\"": 160, \""min_samples\"": 10}""]",False,False,8,13,5,A5,False,
bellevue_116th_ne12th,hdbscan,4,20260706,"{""min_cluster_size"": 160, ""min_samples"": 20}",634,3,7,7,1.10410094637224,0.419457735247209,0.0127604000736027,10,0.633559531894622,0.590329762881821,938.763528768726,0.43771402145922,0.550404041741174,,"[-0.6335595318946218, 0.590329762881821, -938.7635287687262, 0.4194577352472089, ""{\""min_cluster_size\"": 160, \""min_samples\"": 20}""]","[7.0, 1.1041009463722398, -0.6335595318946218, 0.590329762881821, -938.7635287687262, 0.4194577352472089, ""{\""min_cluster_size\"": 160, \""min_samples\"": 20}""]",False,False,8,13,5,A5,False,
bellevue_116th_ne12th,hdbscan,5,20260707,"{""min_cluster_size"": 320, ""min_samples"": 10}",634,0,10,634,100,,0.0099631000775843,10,,,,0.175,0.15,,"[1.0, ""Infinity"", ""Infinity"", 1.0, ""{\""min_cluster_size\"": 320, \""min_samples\"": 10}""]","[10.0, 100.0, 1.0, ""Infinity"", ""Infinity"", 1.0, ""{\""min_cluster_size\"": 320, \""min_samples\"": 10}""]",False,False,8,13,8,A5,False,
bellevue_116th_ne12th,hdbscan,6,20260708,"{""min_cluster_size"": 320, ""min_samples"": 20}",634,0,10,634,100,,0.0111632999032735,10,,,,0.175,0.15,,"[1.0, ""Infinity"", ""Infinity"", 1.0, ""{\""min_cluster_size\"": 320, \""min_samples\"": 20}""]","[10.0, 100.0, 1.0, ""Infinity"", ""Infinity"", 1.0, ""{\""min_cluster_size\"": 320, \""min_samples\"": 20}""]",False,False,8,13,8,A5,False,
bellevue_116th_ne12th,optics,1,20260703,"{""max_eps"": 0.028528990860990387, ""min_samples"": 40, ""xi"": 0.05}",634,3,7,434,68.4542586750789,0.425,0.0829731000121682,10,0.965340495392891,0.0491230956653976,62864.5785884996,0.335267357183239,0.464176206946992,,"[-0.965340495392891, 0.04912309566539761, -62864.578588499615, 0.425, ""{\""max_eps\"": 0.028528990860990387, \""min_samples\"": 40, \""xi\"": 0.05}""]","[7.0, 68.45425867507886, -0.965340495392891, 0.04912309566539761, -62864.578588499615, 0.425, ""{\""max_eps\"": 0.028528990860990387, \""min_samples\"": 40, \""xi\"": 0.05}""]",True,False,8,13,5,A5,False,
bellevue_116th_ne12th,optics,2,20260704,"{""max_eps"": 0.0425915111606225, ""min_samples"": 40, ""xi"": 0.05}",634,4,6,265,41.7981072555205,0.327913279132791,0.202480499981903,10,0.929090117569836,0.106915980322675,28601.6361527207,0.403808938741734,0.570408056886438,,"[-0.9290901175698363, 0.10691598032267534, -28601.636152720723, 0.32791327913279134, ""{\""max_eps\"": 0.0425915111606225, \""min_samples\"": 40, \""xi\"": 0.05}""]","[6.0, 41.798107255520506, -0.9290901175698363, 0.10691598032267534, -28601.636152720723, 0.32791327913279134, ""{\""max_eps\"": 0.0425915111606225, \""min_samples\"": 40, \""xi\"": 0.05}""]",False,False,8,13,4,A5,False,
bellevue_116th_ne12th,optics,3,20260705,"{""max_eps"": 0.11784142357479498, ""min_samples"": 40, ""xi"": 0.05}",634,5,5,142,22.397476340694,0.335365853658537,0.372836399939843,10,0.893287808466369,0.150585000834325,12226.7679244797,0.451455673923733,0.653245162138056,,"[-0.8932878084663689, 0.15058500083432474, -12226.767924479738, 0.3353658536585366, ""{\""max_eps\"": 0.11784142357479498, \""min_samples\"": 40, \""xi\"": 0.05}""]","[5.0, 22.397476340694006, -0.8932878084663689, 0.15058500083432474, -12226.767924479738, 0.3353658536585366, ""{\""max_eps\"": 0.11784142357479498, \""min_samples\"": 40, \""xi\"": 0.05}""]",False,False,8,13,3,A5,False,
bellevue_116th_ne12th,optics,4,20260706,"{""max_eps"": 0.31873943664454396, ""min_samples"": 40, ""xi"": 0.05}",634,5,5,107,16.8769716088328,0.316888045540797,0.464978900039568,10,0.849173011322967,0.252177508930652,3484.04618593203,0.458613010347761,0.656876784567786,,"[-0.8491730113229672, 0.25217750893065227, -3484.0461859320326, 0.31688804554079697, ""{\""max_eps\"": 0.31873943664454396, \""min_samples\"": 40, \""xi\"": 0.05}""]","[5.0, 16.876971608832807, -0.8491730113229672, 0.25217750893065227, -3484.0461859320326, 0.31688804554079697, ""{\""max_eps\"": 0.31873943664454396, \""min_samples\"": 40, \""xi\"": 0.05}""]",False,True,8,13,3,A5,True,"[3, 16.876971608832807, -0.8491730113229672, 0.2521775089306522, -3484.0461859320326, 0.3168880455407969, ""{\""max_eps\"": 0.31873943664454396, \""min_samples\"": 40, \""xi\"": 0.05}""]"
bellevue_116th_ne12th,optics,5,20260707,"{""max_eps"": 0.028528990860990387, ""min_samples"": 40, ""xi"": 0.07}",634,3,7,434,68.4542586750789,0.425,0.0844972999766469,10,0.965340495392891,0.0491230956653976,62864.5785884996,0.335267357183239,0.464176206946992,,"[-0.965340495392891, 0.04912309566539761, -62864.578588499615, 0.425, ""{\""max_eps\"": 0.028528990860990387, \""min_samples\"": 40, \""xi\"": 0.07}""]","[7.0, 68.45425867507886, -0.965340495392891, 0.04912309566539761, -62864.578588499615, 0.425, ""{\""max_eps\"": 0.028528990860990387, \""min_samples\"": 40, \""xi\"": 0.07}""]",False,False,8,13,5,A5,False,
bellevue_116th_ne12th,optics,6,20260708,"{""max_eps"": 0.0425915111606225, ""min_samples"": 40, ""xi"": 0.07}",634,4,6,265,41.7981072555205,0.327913279132791,0.201576399966143,10,0.929090117569836,0.106915980322675,28601.6361527207,0.403808938741734,0.570408056886438,,"[-0.9290901175698363, 0.10691598032267534, -28601.636152720723, 0.32791327913279134, ""{\""max_eps\"": 0.0425915111606225, \""min_samples\"": 40, \""xi\"": 0.07}""]","[6.0, 41.798107255520506, -0.9290901175698363, 0.10691598032267534, -28601.636152720723, 0.32791327913279134, ""{\""max_eps\"": 0.0425915111606225, \""min_samples\"": 40, \""xi\"": 0.07}""]",False,False,8,13,4,A5,False,
bellevue_116th_ne12th,optics,7,20260709,"{""max_eps"": 0.11784142357479498, ""min_samples"": 40, ""xi"": 0.07}",634,5,5,142,22.397476340694,0.335365853658537,0.38454409991391,10,0.893287808466369,0.150585000834325,12226.7679244797,0.451455673923733,0.653245162138056,,"[-0.8932878084663689, 0.15058500083432474, -12226.767924479738, 0.3353658536585366, ""{\""max_eps\"": 0.11784142357479498, \""min_samples\"": 40, \""xi\"": 0.07}""]","[5.0, 22.397476340694006, -0.8932878084663689, 0.15058500083432474, -12226.767924479738, 0.3353658536585366, ""{\""max_eps\"": 0.11784142357479498, \""min_samples\"": 40, \""xi\"": 0.07}""]",False,False,8,13,3,A5,False,
bellevue_116th_ne12th,optics,8,20260710,"{""max_eps"": 0.31873943664454396, ""min_samples"": 40, ""xi"": 0.07}",634,5,5,107,16.8769716088328,0.316888045540797,0.41825600003358,10,0.849173011322967,0.252177508930652,3484.04618593203,0.458613010347761,0.656876784567786,,"[-0.8491730113229672, 0.25217750893065227, -3484.0461859320326, 0.31688804554079697, ""{\""max_eps\"": 0.31873943664454396, \""min_samples\"": 40, \""xi\"": 0.07}""]","[5.0, 16.876971608832807, -0.8491730113229672, 0.25217750893065227, -3484.0461859320326, 0.31688804554079697, ""{\""max_eps\"": 0.31873943664454396, \""min_samples\"": 40, \""xi\"": 0.07}""]",False,False,8,13,3,A5,False,
bellevue_116th_ne12th,optics,9,20260711,"{""max_eps"": 0.028528990860990387, ""min_samples"": 80, ""xi"": 0.05}",634,0,10,634,100,,1.66663540003356,10,,,,0.175,0.15,,"[1.0, ""Infinity"", ""Infinity"", 1.0, ""{\""max_eps\"": 0.028528990860990387, \""min_samples\"": 80, \""xi\"": 0.05}""]","[10.0, 100.0, 1.0, ""Infinity"", ""Infinity"", 1.0, ""{\""max_eps\"": 0.028528990860990387, \""min_samples\"": 80, \""xi\"": 0.05}""]",False,False,8,13,8,A5,False,
bellevue_116th_ne12th,optics,10,20260712,"{""max_eps"": 0.0425915111606225, ""min_samples"": 80, ""xi"": 0.05}",634,1,9,522,82.3343848580442,1,0.072301400010474,10,,,,0.165331230283912,0.185331230283912,,"[1.0, ""Infinity"", ""Infinity"", 1.0, ""{\""max_eps\"": 0.0425915111606225, \""min_samples\"": 80, \""xi\"": 0.05}""]","[9.0, 82.33438485804416, 1.0, ""Infinity"", ""Infinity"", 1.0, ""{\""max_eps\"": 0.0425915111606225, \""min_samples\"": 80, \""xi\"": 0.05}""]",False,False,8,13,7,A5,False,
bellevue_116th_ne12th,optics,11,20260713,"{""max_eps"": 0.11784142357479498, ""min_samples"": 80, ""xi"": 0.05}",634,3,7,210,33.1230283911672,0.389150943396226,0.289575200062245,10,0.89134197711207,0.154247852108441,13310.4988054287,0.401474200315764,0.526042452897881,,"[-0.8913419771120696, 0.15424785210844114, -13310.498805428668, 0.3891509433962264, ""{\""max_eps\"": 0.11784142357479498, \""min_samples\"": 80, \""xi\"": 0.05}""]","[7.0, 33.12302839116719, -0.8913419771120696, 0.15424785210844114, -13310.498805428668, 0.3891509433962264, ""{\""max_eps\"": 0.11784142357479498, \""min_samples\"": 80, \""xi\"": 0.05}""]",False,False,8,13,5,A5,False,
bellevue_116th_ne12th,optics,12,20260714,"{""max_eps"": 0.31873943664454396, ""min_samples"": 80, ""xi"": 0.05}",634,3,7,102,16.0883280757098,0.494360902255639,0.323513700044714,10,0.729911895233518,0.390065557080472,1633.92136955689,0.409602374962284,0.526821901539875,,"[-0.7299118952335184, 0.39006555708047247, -1633.9213695568887, 0.4943609022556391, ""{\""max_eps\"": 0.31873943664454396, \""min_samples\"": 80, \""xi\"": 0.05}""]","[7.0, 16.08832807570978, -0.7299118952335184, 0.39006555708047247, -1633.9213695568887, 0.4943609022556391, ""{\""max_eps\"": 0.31873943664454396, \""min_samples\"": 80, \""xi\"": 0.05}""]",False,False,8,13,5,A5,False,
bellevue_116th_ne12th,optics,13,20260715,"{""max_eps"": 0.028528990860990387, ""min_samples"": 80, ""xi"": 0.07}",634,0,10,634,100,,0.0158659999724477,10,,,,0.175,0.15,,"[1.0, ""Infinity"", ""Infinity"", 1.0, ""{\""max_eps\"": 0.028528990860990387, \""min_samples\"": 80, \""xi\"": 0.07}""]","[10.0, 100.0, 1.0, ""Infinity"", ""Infinity"", 1.0, ""{\""max_eps\"": 0.028528990860990387, \""min_samples\"": 80, \""xi\"": 0.07}""]",False,False,8,13,8,A5,False,
bellevue_116th_ne12th,optics,14,20260716,"{""max_eps"": 0.0425915111606225, ""min_samples"": 80, ""xi"": 0.07}",634,1,9,522,82.3343848580442,1,0.0709969999734312,10,,,,0.165331230283912,0.185331230283912,,"[1.0, ""Infinity"", ""Infinity"", 1.0, ""{\""max_eps\"": 0.0425915111606225, \""min_samples\"": 80, \""xi\"": 0.07}""]","[9.0, 82.33438485804416, 1.0, ""Infinity"", ""Infinity"", 1.0, ""{\""max_eps\"": 0.0425915111606225, \""min_samples\"": 80, \""xi\"": 0.07}""]",False,False,8,13,7,A5,False,
bellevue_116th_ne12th,optics,15,20260717,"{""max_eps"": 0.11784142357479498, ""min_samples"": 80, ""xi"": 0.07}",634,3,7,210,33.1230283911672,0.389150943396226,0.299063500016928,10,0.89134197711207,0.154247852108441,13310.4988054287,0.401474200315764,0.526042452897881,,"[-0.8913419771120696, 0.15424785210844114, -13310.498805428668, 0.3891509433962264, ""{\""max_eps\"": 0.11784142357479498, \""min_samples\"": 80, \""xi\"": 0.07}""]","[7.0, 33.12302839116719, -0.8913419771120696, 0.15424785210844114, -13310.498805428668, 0.3891509433962264, ""{\""max_eps\"": 0.11784142357479498, \""min_samples\"": 80, \""xi\"": 0.07}""]",False,False,8,13,5,A5,False,
bellevue_116th_ne12th,optics,16,20260718,"{""max_eps"": 0.31873943664454396, ""min_samples"": 80, ""xi"": 0.07}",634,3,7,188,29.6529968454259,0.396860986547085,0.346408399986103,10,0.85562782523665,0.193688967757752,5926.7132641654,0.404426257203171,0.52756321549007,,"[-0.8556278252366503, 0.19368896775775166, -5926.713264165396, 0.3968609865470852, ""{\""max_eps\"": 0.31873943664454396, \""min_samples\"": 80, \""xi\"": 0.07}""]","[7.0, 29.652996845425868, -0.8556278252366503, 0.19368896775775166, -5926.713264165396, 0.3968609865470852, ""{\""max_eps\"": 0.31873943664454396, \""min_samples\"": 80, \""xi\"": 0.07}""]",False,False,8,13,5,A5,False,
bellevue_150th_newport,kmeans,1,20261703,"{""max_iter"": 300, ""n_clusters"": 2, ""n_init"": 10}",3101,2,10,0,0,0.738793937439536,0.0106121000135317,12,0.561760591107479,0.589362428962244,2404.35810433512,0.38566779143815,0.450460280398213,,"[-0.5617605911074793, 0.5893624289622442, -2404.3581043351187, 0.7387939374395356, ""{\""max_iter\"": 300, \""n_clusters\"": 2, \""n_init\"": 10}""]","[10.0, -0.5617605911074793, 0.5893624289622442, -2404.3581043351187, 0.7387939374395356, ""{\""max_iter\"": 300, \""n_clusters\"": 2, \""n_init\"": 10}""]",False,False,7,13,5,A5,False,
bellevue_150th_newport,kmeans,2,20261704,"{""max_iter"": 300, ""n_clusters"": 3, ""n_init"": 10}",3101,3,9,0,0,0.5436955820703,0.0123511999845504,12,0.770940435261213,0.398153463075387,8249.58713541071,0.424938917016239,0.530700370476448,,"[-0.7709404352612129, 0.39815346307538707, -8249.587135410715, 0.5436955820702999, ""{\""max_iter\"": 300, \""n_clusters\"": 3, \""n_init\"": 10}""]","[9.0, -0.7709404352612129, 0.39815346307538707, -8249.587135410715, 0.5436955820702999, ""{\""max_iter\"": 300, \""n_clusters\"": 3, \""n_init\"": 10}""]",False,False,7,13,4,A5,False,
bellevue_150th_newport,kmeans,3,20261705,"{""max_iter"": 300, ""n_clusters"": 4, ""n_init"": 10}",3101,4,8,0,0,0.36633344082554,0.0139174000360071,12,0.827017638550948,0.384155744155221,15766.7797812155,0.451951751584643,0.593630409768737,,"[-0.8270176385509485, 0.3841557441552208, -15766.77978121547, 0.36633344082554015, ""{\""max_iter\"": 300, \""n_clusters\"": 4, \""n_init\"": 10}""]","[8.0, -0.8270176385509485, 0.3841557441552208, -15766.77978121547, 0.36633344082554015, ""{\""max_iter\"": 300, \""n_clusters\"": 4, \""n_init\"": 10}""]",False,False,7,13,3,A5,False,
bellevue_150th_newport,kmeans,4,20261706,"{""max_iter"": 300, ""n_clusters"": 5, ""n_init"": 10}",3101,5,7,0,0,0.36633344082554,0.015879200072959,12,0.84027161225621,0.32457326440677,17301.0211194196,0.461878242883377,0.63920958256983,,"[-0.8402716122562103, 0.3245732644067698, -17301.02111941961, 0.36633344082554015, ""{\""max_iter\"": 300, \""n_clusters\"": 5, \""n_init\"": 10}""]","[7.0, -0.8402716122562103, 0.3245732644067698, -17301.02111941961, 0.36633344082554015, ""{\""max_iter\"": 300, \""n_clusters\"": 5, \""n_init\"": 10}""]",False,False,7,13,2,A5,False,
bellevue_150th_newport,kmeans,5,20261707,"{""max_iter"": 300, ""n_clusters"": 6, ""n_init"": 10}",3101,6,6,0,0,0.36633344082554,0.0185162000125274,12,0.871973959975423,0.246133610043989,24136.6699983635,0.47566089084729,0.687213570635506,,"[-0.871973959975423, 0.2461336100439887, -24136.669998363494, 0.36633344082554015, ""{\""max_iter\"": 300, \""n_clusters\"": 6, \""n_init\"": 10}""]","[6.0, -0.871973959975423, 0.2461336100439887, -24136.669998363494, 0.36633344082554015, ""{\""max_iter\"": 300, \""n_clusters\"": 6, \""n_init\"": 10}""]",False,False,7,13,1,A5,False,
bellevue_150th_newport,kmeans,6,20261708,"{""max_iter"": 300, ""n_clusters"": 7, ""n_init"": 10}",3101,7,5,0,0,0.36633344082554,0.0184140999335795,12,0.888957749100115,0.153095989445536,35949.2794004485,0.492842734541552,0.736204259043985,,"[-0.888957749100115, 0.15309598944553554, -35949.279400448504, 0.36633344082554015, ""{\""max_iter\"": 300, \""n_clusters\"": 7, \""n_init\"": 10}""]","[5.0, -0.888957749100115, 0.15309598944553554, -35949.279400448504, 0.36633344082554015, ""{\""max_iter\"": 300, \""n_clusters\"": 7, \""n_init\"": 10}""]",True,False,7,13,0,A5,True,"[0, -0.888957749100115, 0.1530959894455355, -35949.279400448504, 0.3663334408255401, ""{\""max_iter\"": 300, \""n_clusters\"": 7, \""n_init\"": 10}""]"
bellevue_150th_newport,kmeans,7,20261709,"{""max_iter"": 300, ""n_clusters"": 8, ""n_init"": 10}",3101,8,4,0,0,0.36633344082554,0.0207573000807315,12,0.878160289401601,0.159410407671414,53274.8821762597,0.510400037961569,0.776858738868944,,"[-0.8781602894016014, 0.15941040767141365, -53274.88217625972, 0.36633344082554015, ""{\""max_iter\"": 300, \""n_clusters\"": 8, \""n_init\"": 10}""]","[4.0, -0.8781602894016014, 0.15941040767141365, -53274.88217625972, 0.36633344082554015, ""{\""max_iter\"": 300, \""n_clusters\"": 8, \""n_init\"": 10}""]",False,False,7,13,0,A5,False,
bellevue_150th_newport,kmeans,8,20261710,"{""max_iter"": 300, ""n_clusters"": 9, ""n_init"": 10}",3101,9,3,0,0,0.36633344082554,0.0262082999106496,12,0.869969439132404,0.192476887162684,65011.7277458129,0.536294661719345,0.815724195564623,,"[-0.8699694391324042, 0.19247688716268427, -65011.7277458129, 0.36633344082554015, ""{\""max_iter\"": 300, \""n_clusters\"": 9, \""n_init\"": 10}""]","[3.0, -0.8699694391324042, 0.19247688716268427, -65011.7277458129, 0.36633344082554015, ""{\""max_iter\"": 300, \""n_clusters\"": 9, \""n_init\"": 10}""]",False,False,7,13,0,A5,False,
bellevue_150th_newport,kmeans,9,20261711,"{""max_iter"": 300, ""n_clusters"": 10, ""n_init"": 10}",3101,10,2,0,0,0.36375362786198,0.0291750999167561,12,0.866486026575124,0.207913166909281,72619.5536066268,0.581675975802421,0.856403013062285,,"[-0.8664860265751235, 0.20791316690928063, -72619.5536066268, 0.36375362786198, ""{\""max_iter\"": 300, \""n_clusters\"": 10, \""n_init\"": 10}""]","[2.0, -0.8664860265751235, 0.20791316690928063, -72619.5536066268, 0.36375362786198, ""{\""max_iter\"": 300, \""n_clusters\"": 10, \""n_init\"": 10}""]",False,False,7,13,0,A5,False,
bellevue_150th_newport,kmeans,10,20261712,"{""max_iter"": 300, ""n_clusters"": 11, ""n_init"": 10}",3101,11,1,0,0,0.323766526926798,0.0322945999214425,12,0.734721385859221,0.334960332315249,76448.3442928746,0.666813713023669,0.887601342780391,,"[-0.7347213858592212, 0.3349603323152489, -76448.34429287461, 0.3237665269267978, ""{\""max_iter\"": 300, \""n_clusters\"": 11, \""n_init\"": 10}""]","[1.0, -0.7347213858592212, 0.3349603323152489, -76448.34429287461, 0.3237665269267978, ""{\""max_iter\"": 300, \""n_clusters\"": 11, \""n_init\"": 10}""]",False,False,7,13,0,A5,False,
bellevue_150th_newport,kmeans,11,20261713,"{""max_iter"": 300, ""n_clusters"": 12, ""n_init"": 10}",3101,12,0,0,0,0.314092228313447,0.0366824000375345,12,0.67992882668821,0.409052421581443,79792.3999486555,0.938072058693669,0.923556898884272,,"[-0.6799288266882095, 0.40905242158144267, -79792.39994865551, 0.3140922283134473, ""{\""max_iter\"": 300, \""n_clusters\"": 12, \""n_init\"": 10}""]","[0.0, -0.6799288266882095, 0.40905242158144267, -79792.39994865551, 0.3140922283134473, ""{\""max_iter\"": 300, \""n_clusters\"": 12, \""n_init\"": 10}""]",False,True,7,13,0,A5,False,
bellevue_150th_newport,kmeans,12,20261714,"{""max_iter"": 300, ""n_clusters"": 13, ""n_init"": 10}",3101,13,1,0,0,0.221863914866172,0.0372851000865921,12,0.607541094654847,0.495302399209758,78080.2382545237,0.666628715660422,0.883400101408053,,"[-0.6075410946548468, 0.4953023992097576, -78080.2382545237, 0.2218639148661722, ""{\""max_iter\"": 300, \""n_clusters\"": 13, \""n_init\"": 10}""]","[1.0, -0.6075410946548468, 0.4953023992097576, -78080.2382545237, 0.2218639148661722, ""{\""max_iter\"": 300, \""n_clusters\"": 13, \""n_init\"": 10}""]",False,False,7,13,0,A5,False,
bellevue_150th_newport,kmeans,13,20261715,"{""max_iter"": 300, ""n_clusters"": 14, ""n_init"": 10}",3101,14,2,0,0,0.221863914866172,0.0399003000929951,12,0.593299333486257,0.549266600181866,78073.4897051378,0.573085243526205,0.838691911864715,,"[-0.5932993334862567, 0.549266600181866, -78073.48970513784, 0.2218639148661722, ""{\""max_iter\"": 300, \""n_clusters\"": 14, \""n_init\"": 10}""]","[2.0, -0.5932993334862567, 0.549266600181866, -78073.48970513784, 0.2218639148661722, ""{\""max_iter\"": 300, \""n_clusters\"": 14, \""n_init\"": 10}""]",False,False,7,13,1,A5,False,
bellevue_150th_newport,kmeans,14,20261716,"{""max_iter"": 300, ""n_clusters"": 15, ""n_init"": 10}",3101,15,3,0,0,0.221863914866172,0.0436175999930128,12,0.598370573601148,0.547723119575799,78732.126655895,0.527537657068148,0.797343176942855,,"[-0.5983705736011479, 0.5477231195757993, -78732.12665589496, 0.2218639148661722, ""{\""max_iter\"": 300, \""n_clusters\"": 15, \""n_init\"": 10}""]","[3.0, -0.5983705736011479, 0.5477231195757993, -78732.12665589496, 0.2218639148661722, ""{\""max_iter\"": 300, \""n_clusters\"": 15, \""n_init\"": 10}""]",False,False,7,13,2,A5,False,
bellevue_150th_newport,kmeans,15,20261717,"{""max_iter"": 300, ""n_clusters"": 16, ""n_init"": 10}",3101,16,4,0,0,0.162205740083844,0.0458459000801667,12,0.519925901733794,0.595798082935308,75715.1546214828,0.501108005867137,0.755773623989301,,"[-0.5199259017337937, 0.5957980829353083, -75715.15462148278, 0.16220574008384392, ""{\""max_iter\"": 300, \""n_clusters\"": 16, \""n_init\"": 10}""]","[4.0, -0.5199259017337937, 0.5957980829353083, -75715.15462148278, 0.16220574008384392, ""{\""max_iter\"": 300, \""n_clusters\"": 16, \""n_init\"": 10}""]",False,False,7,13,3,A5,False,
bellevue_150th_newport,kmeans,16,20261718,"{""max_iter"": 300, ""n_clusters"": 17, ""n_init"": 10}",3101,17,5,0,0,0.218639148661722,0.0560394999338313,12,0.570567681082202,0.620739121335367,77631.5409595177,0.479181258086987,0.710031380319369,,"[-0.5705676810822023, 0.6207391213353671, -77631.54095951766, 0.21863914866172202, ""{\""max_iter\"": 300, \""n_clusters\"": 17, \""n_init\"": 10}""]","[5.0, -0.5705676810822023, 0.6207391213353671, -77631.54095951766, 0.21863914866172202, ""{\""max_iter\"": 300, \""n_clusters\"": 17, \""n_init\"": 10}""]",False,False,7,13,4,A5,False,
bellevue_150th_newport,kmeans,17,20261719,"{""max_iter"": 300, ""n_clusters"": 18, ""n_init"": 10}",3101,18,6,0,0,0.214769429216382,0.0505818000528961,12,0.559191406535422,0.602016417826997,77080.7592213577,0.466264722386473,0.668903960224956,,"[-0.5591914065354221, 0.6020164178269969, -77080.75922135769, 0.2147694292163818, ""{\""max_iter\"": 300, \""n_clusters\"": 18, \""n_init\"": 10}""]","[6.0, -0.5591914065354221, 0.6020164178269969, -77080.75922135769, 0.2147694292163818, ""{\""max_iter\"": 300, \""n_clusters\"": 18, \""n_init\"": 10}""]",False,False,7,13,5,A5,False,
bellevue_150th_newport,kmeans,18,20261720,"{""max_iter"": 300, ""n_clusters"": 19, ""n_init"": 10}",3101,19,7,0,0,0.158013544018059,0.0539262000238522,12,0.449431808487415,0.68804357007524,76730.197665255,0.455040324559599,0.624243746429967,,"[-0.4494318084874154, 0.6880435700752399, -76730.19766525498, 0.1580135440180587, ""{\""max_iter\"": 300, \""n_clusters\"": 19, \""n_init\"": 10}""]","[7.0, -0.4494318084874154, 0.6880435700752399, -76730.19766525498, 0.1580135440180587, ""{\""max_iter\"": 300, \""n_clusters\"": 19, \""n_init\"": 10}""]",False,False,7,13,6,A5,False,
bellevue_150th_newport,kmeans,19,20261721,"{""max_iter"": 300, ""n_clusters"": 20, ""n_init"": 10}",3101,20,8,0,0,0.150919058368268,0.0571727999486029,12,0.427831585719204,0.738708498082884,74950.6089511445,0.446167761393987,0.580480293783284,,"[-0.4278315857192044, 0.7387084980828837, -74950.60895114447, 0.1509190583682683, ""{\""max_iter\"": 300, \""n_clusters\"": 20, \""n_init\"": 10}""]","[8.0, -0.4278315857192044, 0.7387084980828837, -74950.60895114447, 0.1509190583682683, ""{\""max_iter\"": 300, \""n_clusters\"": 20, \""n_init\"": 10}""]",False,False,7,13,7,A5,False,
bellevue_150th_newport,kmeans,20,20261722,"{""max_iter"": 300, ""n_clusters"": 21, ""n_init"": 10}",3101,21,9,0,0,0.149951628506933,0.061281899921596,12,0.43006391688034,0.7286031348409,74904.5646880166,0.440433122270454,0.539358211547584,,"[-0.4300639168803397, 0.7286031348409, -74904.5646880166, 0.14995162850693325, ""{\""max_iter\"": 300, \""n_clusters\"": 21, \""n_init\"": 10}""]","[9.0, -0.4300639168803397, 0.7286031348409, -74904.5646880166, 0.14995162850693325, ""{\""max_iter\"": 300, \""n_clusters\"": 21, \""n_init\"": 10}""]",False,False,7,13,8,A5,False,
bellevue_150th_newport,kmeans,21,20261723,"{""max_iter"": 300, ""n_clusters"": 22, ""n_init"": 10}",3101,22,10,0,0,0.150596581747823,0.060700999922119,12,0.408605017654044,0.754150078603995,75832.1976850461,0.433874425196296,0.495711591018005,,"[-0.4086050176540438, 0.7541500786039954, -75832.19768504614, 0.15059658174782328, ""{\""max_iter\"": 300, \""n_clusters\"": 22, \""n_init\"": 10}""]","[10.0, -0.4086050176540438, 0.7541500786039954, -75832.19768504614, 0.15059658174782328, ""{\""max_iter\"": 300, \""n_clusters\"": 22, \""n_init\"": 10}""]",False,False,7,13,9,A5,False,
bellevue_150th_newport,kmeans,22,20261724,"{""max_iter"": 300, ""n_clusters"": 23, ""n_init"": 10}",3101,23,11,0,0,0.144792002579813,0.0653143998933956,12,0.415012311503731,0.756452252591804,74793.291479047,0.430571221295167,0.454871027273128,,"[-0.4150123115037312, 0.7564522525918038, -74793.29147904697, 0.14479200257981295, ""{\""max_iter\"": 300, \""n_clusters\"": 23, \""n_init\"": 10}""]","[11.0, -0.4150123115037312, 0.7564522525918038, -74793.29147904697, 0.14479200257981295, ""{\""max_iter\"": 300, \""n_clusters\"": 23, \""n_init\"": 10}""]",False,False,7,13,10,A5,False,
bellevue_150th_newport,kmeans,23,20261725,"{""max_iter"": 300, ""n_clusters"": 24, ""n_init"": 10}",3101,24,12,0,0,0.149951628506933,0.063195800059475,12,0.398789959137081,0.806691105362876,74274.9071431223,0.424926929809499,0.410294139897453,,"[-0.39878995913708143, 0.8066911053628764, -74274.90714312234, 0.14995162850693325, ""{\""max_iter\"": 300, \""n_clusters\"": 24, \""n_init\"": 10}""]","[12.0, -0.39878995913708143, 0.8066911053628764, -74274.90714312234, 0.14995162850693325, ""{\""max_iter\"": 300, \""n_clusters\"": 24, \""n_init\"": 10}""]",False,False,7,13,11,A5,False,
bellevue_150th_newport,kmeans,24,20261726,"{""max_iter"": 300, ""n_clusters"": 25, ""n_init"": 10}",3101,25,13,0,0,0.150596581747823,0.0690635000355541,12,0.404440255445932,0.775376575750379,74920.677066802,0.422611108028243,0.411488432887543,,"[-0.4044402554459316, 0.7753765757503794, -74920.677066802, 0.15059658174782328, ""{\""max_iter\"": 300, \""n_clusters\"": 25, \""n_init\"": 10}""]","[13.0, -0.4044402554459316, 0.7753765757503794, -74920.677066802, 0.15059658174782328, ""{\""max_iter\"": 300, \""n_clusters\"": 25, \""n_init\"": 10}""]",False,False,7,13,12,A5,False,
bellevue_150th_newport,kmeans,25,20261727,"{""max_iter"": 300, ""n_clusters"": 26, ""n_init"": 10}",3101,26,14,0,0,0.148661722025153,0.0735780999530106,12,0.409188363765229,0.762965976501313,73542.837393062,0.420621208710563,0.412315838102047,,"[-0.4091883637652292, 0.7629659765013133, -73542.83739306203, 0.14866172202515318, ""{\""max_iter\"": 300, \""n_clusters\"": 26, \""n_init\"": 10}""]","[14.0, -0.4091883637652292, 0.7629659765013133, -73542.83739306203, 0.14866172202515318, ""{\""max_iter\"": 300, \""n_clusters\"": 26, \""n_init\"": 10}""]",False,False,7,13,13,A5,False,
bellevue_150th_newport,kmeans,26,20261728,"{""max_iter"": 300, ""n_clusters"": 27, ""n_init"": 10}",3101,27,15,0,0,0.149951628506933,0.068668800056912,12,0.399791689074943,0.804153209458749,75021.8117371007,0.417083254185487,0.410422086767921,,"[-0.39979168907494267, 0.8041532094587487, -75021.81173710071, 0.14995162850693325, ""{\""max_iter\"": 300, \""n_clusters\"": 27, \""n_init\"": 10}""]","[15.0, -0.39979168907494267, 0.8041532094587487, -75021.81173710071, 0.14995162850693325, ""{\""max_iter\"": 300, \""n_clusters\"": 27, \""n_init\"": 10}""]",False,False,7,13,14,A5,False,
bellevue_150th_newport,kmeans,27,20261729,"{""max_iter"": 300, ""n_clusters"": 28, ""n_init"": 10}",3101,28,16,0,0,0.150274105127378,0.0757646999554708,12,0.38823776546846,0.840458865349567,72402.349582512,0.41390455694896,0.408718753784293,,"[-0.3882377654684604, 0.8404588653495669, -72402.34958251198, 0.15027410512737827, ""{\""max_iter\"": 300, \""n_clusters\"": 28, \""n_init\"": 10}""]","[16.0, -0.3882377654684604, 0.8404588653495669, -72402.34958251198, 0.15027410512737827, ""{\""max_iter\"": 300, \""n_clusters\"": 28, \""n_init\"": 10}""]",False,False,7,13,15,A5,False,
bellevue_150th_newport,kmeans,28,20261730,"{""max_iter"": 300, ""n_clusters"": 29, ""n_init"": 10}",3101,29,17,0,0,0.149951628506933,0.0729486000491306,12,0.398972271607401,0.760241604438148,71613.9119122517,0.413914197864578,0.411763833888368,,"[-0.3989722716074013, 0.7602416044381477, -71613.9119122517, 0.14995162850693325, ""{\""max_iter\"": 300, \""n_clusters\"": 29, \""n_init\"": 10}""]","[17.0, -0.3989722716074013, 0.7602416044381477, -71613.9119122517, 0.14995162850693325, ""{\""max_iter\"": 300, \""n_clusters\"": 29, \""n_init\"": 10}""]",False,False,7,13,16,A5,False,
bellevue_150th_newport,kmeans,29,20261731,"{""max_iter"": 300, ""n_clusters"": 30, ""n_init"": 10}",3101,30,18,0,0,0.150274105127378,0.0801627000328153,12,0.39139068543015,0.771184733079884,70935.0912088489,0.411719184467795,0.411001508334715,,"[-0.3913906854301504, 0.7711847330798837, -70935.09120884891, 0.15027410512737827, ""{\""max_iter\"": 300, \""n_clusters\"": 30, \""n_init\"": 10}""]","[18.0, -0.3913906854301504, 0.7711847330798837, -70935.09120884891, 0.15027410512737827, ""{\""max_iter\"": 300, \""n_clusters\"": 30, \""n_init\"": 10}""]",False,False,7,13,17,A5,False,
bellevue_150th_newport,hdbscan,1,20261703,"{""min_cluster_size"": 80, ""min_samples"": 10}",3101,6,6,41,1.32215414382457,0.369281045751634,0.040169300045818,12,0.894507495651366,0.144749964218252,46612.2722128851,0.477402050733912,0.692508282405212,,"[-0.8945074956513663, 0.14474996421825226, -46612.27221288506, 0.369281045751634, ""{\""min_cluster_size\"": 80, \""min_samples\"": 10}""]","[6.0, 1.3221541438245727, -0.8945074956513663, 0.14474996421825226, -46612.27221288506, 0.369281045751634, ""{\""min_cluster_size\"": 80, \""min_samples\"": 10}""]",False,True,7,13,1,A5,True,"[1, 1.3221541438245727, -0.8945074956513663, 0.1447499642182522, -46612.27221288506, 0.369281045751634, ""{\""min_cluster_size\"": 80, \""min_samples\"": 10}""]"
bellevue_150th_newport,hdbscan,2,20261704,"{""min_cluster_size"": 80, ""min_samples"": 20}",3101,6,6,42,1.35440180586907,0.369074861065708,0.0768280000193044,12,0.894574173950009,0.14479924233604,46986.9543761746,0.47735962767952,0.692463979236991,,"[-0.8945741739500087, 0.14479924233603972, -46986.95437617456, 0.36907486106570775, ""{\""min_cluster_size\"": 80, \""min_samples\"": 20}""]","[6.0, 1.3544018058690745, -0.8945741739500087, 0.14479924233603972, -46986.95437617456, 0.36907486106570775, ""{\""min_cluster_size\"": 80, \""min_samples\"": 20}""]",True,False,7,13,1,A5,False,
bellevue_150th_newport,hdbscan,3,20261705,"{""min_cluster_size"": 160, ""min_samples"": 10}",3101,5,7,40,1.28990648178007,0.369160405096374,0.0752957999939099,12,0.857220244994192,0.286132843471844,24181.0499452581,0.460991391705163,0.639450957967148,,"[-0.8572202449941924, 0.286132843471844, -24181.04994525806, 0.3691604050963737, ""{\""min_cluster_size\"": 160, \""min_samples\"": 10}""]","[7.0, 1.289906481780071, -0.8572202449941924, 0.286132843471844, -24181.04994525806, 0.3691604050963737, ""{\""min_cluster_size\"": 160, \""min_samples\"": 10}""]",False,False,7,13,2,A5,False,
bellevue_150th_newport,hdbscan,4,20261706,"{""min_cluster_size"": 160, ""min_samples"": 20}",3101,5,7,41,1.32215414382457,0.368954248366013,0.0873352999333292,12,0.857035399298033,0.288747916855964,24165.8925352956,0.460859383743046,0.639240063978775,,"[-0.857035399298033, 0.2887479168559644, -24165.892535295574, 0.3689542483660131, ""{\""min_cluster_size\"": 160, \""min_samples\"": 20}""]","[7.0, 1.3221541438245727, -0.857035399298033, 0.2887479168559644, -24165.892535295574, 0.3689542483660131, ""{\""min_cluster_size\"": 160, \""min_samples\"": 20}""]",False,False,7,13,2,A5,False,
bellevue_150th_newport,hdbscan,5,20261707,"{""min_cluster_size"": 320, ""min_samples"": 10}",3101,4,8,40,1.28990648178007,0.369160405096374,0.079341199947521,12,0.842183448494012,0.345211169722936,19499.4714735884,0.450893315606657,0.593617756706256,,"[-0.8421834484940122, 0.34521116972293653, -19499.471473588423, 0.3691604050963737, ""{\""min_cluster_size\"": 320, \""min_samples\"": 10}""]","[8.0, 1.289906481780071, -0.8421834484940122, 0.34521116972293653, -19499.471473588423, 0.3691604050963737, ""{\""min_cluster_size\"": 320, \""min_samples\"": 10}""]",False,False,7,13,3,A5,False,
bellevue_150th_newport,hdbscan,6,20261708,"{""min_cluster_size"": 320, ""min_samples"": 20}",3101,4,8,41,1.32215414382457,0.368954248366013,0.0781242999946698,12,0.843314221512882,0.342891211403861,19714.0312348763,0.450970187004765,0.59375884050258,,"[-0.8433142215128825, 0.3428912114038606, -19714.031234876275, 0.3689542483660131, ""{\""min_cluster_size\"": 320, \""min_samples\"": 20}""]","[8.0, 1.3221541438245727, -0.8433142215128825, 0.3428912114038606, -19714.031234876275, 0.3689542483660131, ""{\""min_cluster_size\"": 320, \""min_samples\"": 20}""]",False,False,7,13,3,A5,False,
bellevue_150th_newport,optics,1,20261703,"{""max_eps"": 0.009519037609703348, ""min_samples"": 40, ""xi"": 0.05}",3101,6,6,1590,51.2737826507578,0.393778954334878,0.616528699989431,12,0.894781025191874,0.23064180521563,337543.999654113,0.37201422557031,0.584072003473172,,"[-0.8947810251918743, 0.23064180521563013, -337543.9996541133, 0.3937789543348776, ""{\""max_eps\"": 0.009519037609703348, \""min_samples\"": 40, \""xi\"": 0.05}""]","[6.0, 51.27378265075782, -0.8947810251918743, 0.23064180521563013, -337543.9996541133, 0.3937789543348776, ""{\""max_eps\"": 0.009519037609703348, \""min_samples\"": 40, \""xi\"": 0.05}""]",False,False,7,13,1,A5,False,
bellevue_150th_newport,optics,2,20261704,"{""max_eps"": 0.012798475487971639, ""min_samples"": 40, ""xi"": 0.05}",3101,7,5,972,31.3447275072557,0.399248473461719,1.25594309996814,12,0.935275943198719,0.131928668264194,248606.117515181,0.429988556248247,0.674160951030574,,"[-0.9352759431987192, 0.1319286682641936, -248606.11751518093, 0.3992484734617191, ""{\""max_eps\"": 0.012798475487971639, \""min_samples\"": 40, \""xi\"": 0.05}""]","[5.0, 31.344727507255723, -0.9352759431987192, 0.1319286682641936, -248606.11751518093, 0.3992484734617191, ""{\""max_eps\"": 0.012798475487971639, \""min_samples\"": 40, \""xi\"": 0.05}""]",False,False,7,13,0,A5,False,
bellevue_150th_newport,optics,3,20261705,"{""max_eps"": 0.01872090448460329, ""min_samples"": 40, ""xi"": 0.05}",3101,6,6,816,26.3140922283134,0.450328227571116,1.69338739989325,12,0.940807613065957,0.0708048017478003,208654.730158472,0.424644653139026,0.642767075695635,,"[-0.9408076130659574, 0.07080480174780035, -208654.73015847188, 0.45032822757111596, ""{\""max_eps\"": 0.01872090448460329, \""min_samples\"": 40, \""xi\"": 0.05}""]","[6.0, 26.31409222831345, -0.9408076130659574, 0.07080480174780035, -208654.73015847188, 0.45032822757111596, ""{\""max_eps\"": 0.01872090448460329, \""min_samples\"": 40, \""xi\"": 0.05}""]",False,False,7,13,1,A5,False,
bellevue_150th_newport,optics,4,20261706,"{""max_eps"": 0.036343618402565836, ""min_samples"": 40, ""xi"": 0.05}",3101,7,5,626,20.1870364398581,0.442424242424242,1.57670730003156,12,0.897393448465809,0.130758895747543,144025.546035856,0.446137933187824,0.690356024407832,,"[-0.8973934484658094, 0.13075889574754349, -144025.54603585618, 0.44242424242424244, ""{\""max_eps\"": 0.036343618402565836, \""min_samples\"": 40, \""xi\"": 0.05}""]","[5.0, 20.18703643985811, -0.8973934484658094, 0.13075889574754349, -144025.54603585618, 0.44242424242424244, ""{\""max_eps\"": 0.036343618402565836, \""min_samples\"": 40, \""xi\"": 0.05}""]",False,False,7,13,0,A5,False,
bellevue_150th_newport,optics,5,20261707,"{""max_eps"": 0.009519037609703348, ""min_samples"": 40, ""xi"": 0.07}",3101,6,6,1497,48.2747500806192,0.370947630922693,0.366008499986492,12,0.897939180693893,0.236281122146021,383754.681803506,0.380268000024847,0.592140447125649,,"[-0.8979391806938933, 0.23628112214602146, -383754.6818035064, 0.3709476309226933, ""{\""max_eps\"": 0.009519037609703348, \""min_samples\"": 40, \""xi\"": 0.07}""]","[6.0, 48.27475008061916, -0.8979391806938933, 0.23628112214602146, -383754.6818035064, 0.3709476309226933, ""{\""max_eps\"": 0.009519037609703348, \""min_samples\"": 40, \""xi\"": 0.07}""]",False,False,7,13,1,A5,False,
bellevue_150th_newport,optics,6,20261708,"{""max_eps"": 0.012798475487971639, ""min_samples"": 40, ""xi"": 0.07}",3101,7,5,847,27.313769751693,0.377107364685004,0.647853700094856,12,0.919567105654981,0.172386060204282,280584.584348406,0.437954813621124,0.680602881264719,,"[-0.9195671056549812, 0.17238606020428218, -280584.5843484059, 0.37710736468500444, ""{\""max_eps\"": 0.012798475487971639, \""min_samples\"": 40, \""xi\"": 0.07}""]","[5.0, 27.313769751693002, -0.9195671056549812, 0.17238606020428218, -280584.5843484059, 0.37710736468500444, ""{\""max_eps\"": 0.012798475487971639, \""min_samples\"": 40, \""xi\"": 0.07}""]",False,False,7,13,0,A5,False,
bellevue_150th_newport,optics,7,20261709,"{""max_eps"": 0.01872090448460329, ""min_samples"": 40, ""xi"": 0.07}",3101,6,6,475,15.3176394711383,0.391850723533892,0.90923639992252,12,0.931688795992386,0.097149766614805,227361.116979989,0.450908146739491,0.667909347832171,,"[-0.9316887959923864, 0.09714976661480501, -227361.11697998905, 0.39185072353389183, ""{\""max_eps\"": 0.01872090448460329, \""min_samples\"": 40, \""xi\"": 0.07}""]","[6.0, 15.317639471138342, -0.9316887959923864, 0.09714976661480501, -227361.11697998905, 0.39185072353389183, ""{\""max_eps\"": 0.01872090448460329, \""min_samples\"": 40, \""xi\"": 0.07}""]",False,False,7,13,1,A5,False,
bellevue_150th_newport,optics,8,20261710,"{""max_eps"": 0.036343618402565836, ""min_samples"": 40, ""xi"": 0.07}",3101,7,5,248,7.99742018703644,0.383806519453207,1.08975589997135,12,0.891481886968518,0.156137125909979,155395.697644447,0.47511273379258,0.718360198889461,,"[-0.8914818869685179, 0.15613712590997922, -155395.69764444692, 0.38380651945320715, ""{\""max_eps\"": 0.036343618402565836, \""min_samples\"": 40, \""xi\"": 0.07}""]","[5.0, 7.99742018703644, -0.8914818869685179, 0.15613712590997922, -155395.69764444692, 0.38380651945320715, ""{\""max_eps\"": 0.036343618402565836, \""min_samples\"": 40, \""xi\"": 0.07}""]",False,True,7,13,0,A5,True,"[0, 7.99742018703644, -0.8914818869685179, 0.1561371259099792, -155395.69764444692, 0.3838065194532071, ""{\""max_eps\"": 0.036343618402565836, \""min_samples\"": 40, \""xi\"": 0.07}""]"
bellevue_150th_newport,optics,9,20261711,"{""max_eps"": 0.009519037609703348, ""min_samples"": 80, ""xi"": 0.05}",3101,1,11,2666,85.9722670106417,1,0.148598800064065,12,,,,0.14888879931205,0.169722132645383,,"[1.0, ""Infinity"", ""Infinity"", 1.0, ""{\""max_eps\"": 0.009519037609703348, \""min_samples\"": 80, \""xi\"": 0.05}""]","[11.0, 85.97226701064173, 1.0, ""Infinity"", ""Infinity"", 1.0, ""{\""max_eps\"": 0.009519037609703348, \""min_samples\"": 80, \""xi\"": 0.05}""]",False,False,7,13,6,A5,False,
bellevue_150th_newport,optics,10,20261712,"{""max_eps"": 0.012798475487971639, ""min_samples"": 80, ""xi"": 0.05}",3101,4,8,1438,46.3721380199935,0.43535778713169,0.371844399953261,12,0.961531818271617,0.051056012190596,466436.645902994,0.370478851298799,0.523605610881617,,"[-0.9615318182716166, 0.05105601219059602, -466436.64590299386, 0.4353577871316897, ""{\""max_eps\"": 0.012798475487971639, \""min_samples\"": 80, \""xi\"": 0.05}""]","[8.0, 46.37213801999355, -0.9615318182716166, 0.05105601219059602, -466436.64590299386, 0.4353577871316897, ""{\""max_eps\"": 0.012798475487971639, \""min_samples\"": 80, \""xi\"": 0.05}""]",True,False,7,13,3,A5,False,
bellevue_150th_newport,optics,11,20261713,"{""max_eps"": 0.01872090448460329, ""min_samples"": 80, ""xi"": 0.05}",3101,6,6,633,20.4127700741696,0.391815235008104,0.820566200069152,12,0.894947695547114,0.244398579251624,288474.72444526,0.433491802002547,0.645100425734031,,"[-0.8949476955471136, 0.24439857925162353, -288474.7244452604, 0.3918152350081037, ""{\""max_eps\"": 0.01872090448460329, \""min_samples\"": 80, \""xi\"": 0.05}""]","[6.0, 20.41277007416962, -0.8949476955471136, 0.24439857925162353, -288474.7244452604, 0.3918152350081037, ""{\""max_eps\"": 0.01872090448460329, \""min_samples\"": 80, \""xi\"": 0.05}""]",False,False,7,13,1,A5,False,
bellevue_150th_newport,optics,12,20261714,"{""max_eps"": 0.036343618402565836, ""min_samples"": 80, ""xi"": 0.05}",3101,6,6,257,8.28764914543695,0.383966244725738,1.0445492999861,12,0.921513988240217,0.117121435115705,190443.584057494,0.46443309673321,0.680619559675001,,"[-0.9215139882402166, 0.11712143511570516, -190443.58405749378, 0.38396624472573837, ""{\""max_eps\"": 0.036343618402565836, \""min_samples\"": 80, \""xi\"": 0.05}""]","[6.0, 8.287649145436955, -0.9215139882402166, 0.11712143511570516, -190443.58405749378, 0.38396624472573837, ""{\""max_eps\"": 0.036343618402565836, \""min_samples\"": 80, \""xi\"": 0.05}""]",False,False,7,13,1,A5,False,
bellevue_150th_newport,optics,13,20261715,"{""max_eps"": 0.009519037609703348, ""min_samples"": 80, ""xi"": 0.07}",3101,1,11,2666,85.9722670106417,1,0.148071700008586,12,,,,0.14888879931205,0.169722132645383,,"[1.0, ""Infinity"", ""Infinity"", 1.0, ""{\""max_eps\"": 0.009519037609703348, \""min_samples\"": 80, \""xi\"": 0.07}""]","[11.0, 85.97226701064173, 1.0, ""Infinity"", ""Infinity"", 1.0, ""{\""max_eps\"": 0.009519037609703348, \""min_samples\"": 80, \""xi\"": 0.07}""]",False,False,7,13,6,A5,False,
bellevue_150th_newport,optics,14,20261716,"{""max_eps"": 0.012798475487971639, ""min_samples"": 80, ""xi"": 0.07}",3101,4,8,1438,46.3721380199935,0.43535778713169,0.369198599946685,12,0.961531818271617,0.051056012190596,466436.645902994,0.370478851298799,0.523605610881617,,"[-0.9615318182716166, 0.05105601219059602, -466436.64590299386, 0.4353577871316897, ""{\""max_eps\"": 0.012798475487971639, \""min_samples\"": 80, \""xi\"": 0.07}""]","[8.0, 46.37213801999355, -0.9615318182716166, 0.05105601219059602, -466436.64590299386, 0.4353577871316897, ""{\""max_eps\"": 0.012798475487971639, \""min_samples\"": 80, \""xi\"": 0.07}""]",False,False,7,13,3,A5,False,
bellevue_150th_newport,optics,15,20261717,"{""max_eps"": 0.01872090448460329, ""min_samples"": 80, ""xi"": 0.07}",3101,6,6,633,20.4127700741696,0.391815235008104,0.760611100005917,12,0.894947695547114,0.244398579251624,288474.72444526,0.433491802002547,0.645100425734031,,"[-0.8949476955471136, 0.24439857925162353, -288474.7244452604, 0.3918152350081037, ""{\""max_eps\"": 0.01872090448460329, \""min_samples\"": 80, \""xi\"": 0.07}""]","[6.0, 20.41277007416962, -0.8949476955471136, 0.24439857925162353, -288474.7244452604, 0.3918152350081037, ""{\""max_eps\"": 0.01872090448460329, \""min_samples\"": 80, \""xi\"": 0.07}""]",False,False,7,13,1,A5,False,
bellevue_150th_newport,optics,16,20261718,"{""max_eps"": 0.036343618402565836, ""min_samples"": 80, ""xi"": 0.07}",3101,6,6,257,8.28764914543695,0.383966244725738,1.05391570006032,12,0.921513988240217,0.117121435115705,190443.584057494,0.46443309673321,0.680619559675001,,"[-0.9215139882402166, 0.11712143511570516, -190443.58405749378, 0.38396624472573837, ""{\""max_eps\"": 0.036343618402565836, \""min_samples\"": 80, \""xi\"": 0.07}""]","[6.0, 8.287649145436955, -0.9215139882402166, 0.11712143511570516, -190443.58405749378, 0.38396624472573837, ""{\""max_eps\"": 0.036343618402565836, \""min_samples\"": 80, \""xi\"": 0.07}""]",False,False,7,13,1,A5,False,
bellevue_150th_eastgate,kmeans,1,20262703,"{""max_iter"": 300, ""n_clusters"": 2, ""n_init"": 10}",6791,2,7,0,0,0.628331615373288,0.0120502000208944,9,0.474264283273459,0.920850829479886,2346.96847727015,0.405660184291247,0.474051427067262,,"[-0.4742642832734595, 0.9208508294798864, -2346.968477270146, 0.6283316153732882, ""{\""max_iter\"": 300, \""n_clusters\"": 2, \""n_init\"": 10}""]","[7.0, -0.4742642832734595, 0.9208508294798864, -2346.968477270146, 0.6283316153732882, ""{\""max_iter\"": 300, \""n_clusters\"": 2, \""n_init\"": 10}""]",False,False,7,11,5,A5,False,
bellevue_150th_eastgate,kmeans,2,20262704,"{""max_iter"": 300, ""n_clusters"": 3, ""n_init"": 10}",6791,3,6,0,0,0.371668384626712,0.0157263000728562,9,0.6314797929305,0.612835288593788,4531.54015266654,0.453979885563512,0.573076429466979,,"[-0.6314797929304996, 0.6128352885937876, -4531.540152666545, 0.3716683846267118, ""{\""max_iter\"": 300, \""n_clusters\"": 3, \""n_init\"": 10}""]","[6.0, -0.6314797929304996, 0.6128352885937876, -4531.540152666545, 0.3716683846267118, ""{\""max_iter\"": 300, \""n_clusters\"": 3, \""n_init\"": 10}""]",False,False,7,11,4,A5,False,
bellevue_150th_eastgate,kmeans,3,20262705,"{""max_iter"": 300, ""n_clusters"": 4, ""n_init"": 10}",6791,4,5,0,0,0.371668384626712,0.014742000028491,9,0.680429706890076,0.500236827816205,5179.07951500241,0.471849384872266,0.635733011751588,,"[-0.6804297068900759, 0.5002368278162053, -5179.07951500241, 0.3716683846267118, ""{\""max_iter\"": 300, \""n_clusters\"": 4, \""n_init\"": 10}""]","[5.0, -0.6804297068900759, 0.5002368278162053, -5179.07951500241, 0.3716683846267118, ""{\""max_iter\"": 300, \""n_clusters\"": 4, \""n_init\"": 10}""]",False,False,7,11,3,A5,False,
bellevue_150th_eastgate,kmeans,4,20262706,"{""max_iter"": 300, ""n_clusters"": 5, ""n_init"": 10}",6791,5,4,0,0,0.286702989250479,0.0160893000429496,9,0.715185080971336,0.49209610943798,7125.83429072421,0.50059886087539,0.701886544405039,,"[-0.715185080971336, 0.4920961094379802, -7125.834290724211, 0.2867029892504786, ""{\""max_iter\"": 300, \""n_clusters\"": 5, \""n_init\"": 10}""]","[4.0, -0.715185080971336, 0.4920961094379802, -7125.834290724211, 0.2867029892504786, ""{\""max_iter\"": 300, \""n_clusters\"": 5, \""n_init\"": 10}""]",False,False,7,11,2,A5,False,
bellevue_150th_eastgate,kmeans,5,20262707,"{""max_iter"": 300, ""n_clusters"": 6, ""n_init"": 10}",6791,6,3,0,0,0.286702989250479,0.0169049999676644,9,0.750147028403698,0.438252748714828,8323.23149659121,0.531101456765999,0.761699194370193,,"[-0.7501470284036977, 0.43825274871482806, -8323.231496591212, 0.2867029892504786, ""{\""max_iter\"": 300, \""n_clusters\"": 6, \""n_init\"": 10}""]","[3.0, -0.7501470284036977, 0.43825274871482806, -8323.231496591212, 0.2867029892504786, ""{\""max_iter\"": 300, \""n_clusters\"": 6, \""n_init\"": 10}""]",False,False,7,11,1,A5,False,
bellevue_150th_eastgate,kmeans,6,20262708,"{""max_iter"": 300, ""n_clusters"": 7, ""n_init"": 10}",6791,7,2,0,0,0.278162273597408,0.0188784999772906,9,0.768237885670407,0.381594573990355,11942.0273434145,0.58011906711268,0.821864689523803,,"[-0.7682378856704071, 0.38159457399035507, -11942.027343414507, 0.27816227359740836, ""{\""max_iter\"": 300, \""n_clusters\"": 7, \""n_init\"": 10}""]","[2.0, -0.7682378856704071, 0.38159457399035507, -11942.027343414507, 0.27816227359740836, ""{\""max_iter\"": 300, \""n_clusters\"": 7, \""n_init\"": 10}""]",False,False,7,11,0,A5,False,
bellevue_150th_eastgate,kmeans,7,20262709,"{""max_iter"": 300, ""n_clusters"": 8, ""n_init"": 10}",6791,8,1,0,0,0.23045206891474,0.0199694000184535,9,0.794048597615388,0.334267162515754,17360.2203309134,0.679130977425195,0.886049176305539,,"[-0.7940485976153876, 0.33426716251575433, -17360.220330913417, 0.2304520689147401, ""{\""max_iter\"": 300, \""n_clusters\"": 8, \""n_init\"": 10}""]","[1.0, -0.7940485976153876, 0.33426716251575433, -17360.220330913417, 0.2304520689147401, ""{\""max_iter\"": 300, \""n_clusters\"": 8, \""n_init\"": 10}""]",False,False,7,11,0,A5,False,
bellevue_150th_eastgate,kmeans,8,20262710,"{""max_iter"": 300, ""n_clusters"": 9, ""n_init"": 10}",6791,9,0,0,0,0.229568546605802,0.0271330999676138,9,0.813629795835063,0.291547080037168,21968.5969197779,0.956437896748056,0.945151158364939,,"[-0.8136297958350629, 0.29154708003716817, -21968.596919777858, 0.2295685466058018, ""{\""max_iter\"": 300, \""n_clusters\"": 9, \""n_init\"": 10}""]","[0.0, -0.8136297958350629, 0.29154708003716817, -21968.596919777858, 0.2295685466058018, ""{\""max_iter\"": 300, \""n_clusters\"": 9, \""n_init\"": 10}""]",False,True,7,11,0,A5,False,
bellevue_150th_eastgate,kmeans,9,20262711,"{""max_iter"": 300, ""n_clusters"": 10, ""n_init"": 10}",6791,10,1,0,0,0.229568546605802,0.0214671000139787,9,0.814406180465756,0.274798689483053,27227.9728959123,0.681985333403292,0.890651656888321,,"[-0.8144061804657564, 0.27479868948305264, -27227.97289591225, 0.2295685466058018, ""{\""max_iter\"": 300, \""n_clusters\"": 10, \""n_init\"": 10}""]","[1.0, -0.8144061804657564, 0.27479868948305264, -27227.97289591225, 0.2295685466058018, ""{\""max_iter\"": 300, \""n_clusters\"": 10, \""n_init\"": 10}""]",False,False,7,11,0,A5,False,
bellevue_150th_eastgate,kmeans,10,20262712,"{""max_iter"": 300, ""n_clusters"": 11, ""n_init"": 10}",6791,11,2,0,0,0.229568546605802,0.0253864000551402,9,0.819307164876336,0.260767254927457,40368.5211450067,0.591000227317007,0.836214173272999,,"[-0.819307164876336, 0.26076725492745684, -40368.521145006656, 0.2295685466058018, ""{\""max_iter\"": 300, \""n_clusters\"": 11, \""n_init\"": 10}""]","[2.0, -0.819307164876336, 0.26076725492745684, -40368.521145006656, 0.2295685466058018, ""{\""max_iter\"": 300, \""n_clusters\"": 11, \""n_init\"": 10}""]",True,False,7,11,0,A5,True,"[0, -0.819307164876336, 0.2607672549274568, -40368.521145006656, 0.2295685466058018, ""{\""max_iter\"": 300, \""n_clusters\"": 11, \""n_init\"": 10}""]"
bellevue_150th_eastgate,kmeans,11,20262713,"{""max_iter"": 300, ""n_clusters"": 12, ""n_init"": 10}",6791,12,3,0,0,0.229568546605802,0.0289499000646173,9,0.8058875461431,0.314732666373365,41440.9438368249,0.542868067774751,0.776731946236261,,"[-0.8058875461430997, 0.3147326663733653, -41440.94383682492, 0.2295685466058018, ""{\""max_iter\"": 300, \""n_clusters\"": 12, \""n_init\"": 10}""]","[3.0, -0.8058875461430997, 0.3147326663733653, -41440.94383682492, 0.2295685466058018, ""{\""max_iter\"": 300, \""n_clusters\"": 12, \""n_init\"": 10}""]",False,False,7,11,1,A5,False,
bellevue_150th_eastgate,kmeans,12,20262714,"{""max_iter"": 300, ""n_clusters"": 13, ""n_init"": 10}",6791,13,4,0,0,0.229568546605802,0.0350788999348878,9,0.766514224998259,0.355674359459225,42138.3501488046,0.512250870069284,0.716910661327014,,"[-0.7665142249982592, 0.355674359459225, -42138.35014880457, 0.2295685466058018, ""{\""max_iter\"": 300, \""n_clusters\"": 13, \""n_init\"": 10}""]","[4.0, -0.7665142249982592, 0.355674359459225, -42138.35014880457, 0.2295685466058018, ""{\""max_iter\"": 300, \""n_clusters\"": 13, \""n_init\"": 10}""]",False,False,7,11,2,A5,False,
bellevue_150th_eastgate,kmeans,13,20262715,"{""max_iter"": 300, ""n_clusters"": 14, ""n_init"": 10}",6791,14,5,0,0,0.158297747018112,0.0344006000086665,9,0.685572595572857,0.420023915762565,42823.8681346427,0.495326196327912,0.66109242646788,,"[-0.685572595572857, 0.42002391576256526, -42823.86813464271, 0.1582977470181122, ""{\""max_iter\"": 300, \""n_clusters\"": 14, \""n_init\"": 10}""]","[5.0, -0.685572595572857, 0.42002391576256526, -42823.86813464271, 0.1582977470181122, ""{\""max_iter\"": 300, \""n_clusters\"": 14, \""n_init\"": 10}""]",False,False,7,11,3,A5,False,
bellevue_150th_eastgate,kmeans,14,20262716,"{""max_iter"": 300, ""n_clusters"": 15, ""n_init"": 10}",6791,15,6,0,0,0.158150493299956,0.0363918000366538,9,0.676011015777982,0.467726523458641,43929.3446452714,0.480623221809387,0.60278475168368,,"[-0.6760110157779818, 0.46772652345864135, -43929.3446452714, 0.1581504932999558, ""{\""max_iter\"": 300, \""n_clusters\"": 15, \""n_init\"": 10}""]","[6.0, -0.6760110157779818, 0.46772652345864135, -43929.3446452714, 0.1581504932999558, ""{\""max_iter\"": 300, \""n_clusters\"": 15, \""n_init\"": 10}""]",False,False,7,11,4,A5,False,
bellevue_150th_eastgate,kmeans,15,20262717,"{""max_iter"": 300, ""n_clusters"": 16, ""n_init"": 10}",6791,16,7,0,0,0.157855985863643,0.0351251999381929,9,0.674023871020168,0.497423132007947,46666.7444230606,0.470056290574477,0.545808097295421,,"[-0.6740238710201685, 0.49742313200794686, -46666.74442306061, 0.15785598586364305, ""{\""max_iter\"": 300, \""n_clusters\"": 16, \""n_init\"": 10}""]","[7.0, -0.6740238710201685, 0.49742313200794686, -46666.74442306061, 0.15785598586364305, ""{\""max_iter\"": 300, \""n_clusters\"": 16, \""n_init\"": 10}""]",False,False,7,11,5,A5,False,
bellevue_150th_eastgate,kmeans,16,20262718,"{""max_iter"": 300, ""n_clusters"": 17, ""n_init"": 10}",6791,17,8,0,0,0.158003239581799,0.0352170999394729,9,0.657813956596299,0.546781223452217,43258.6131853239,0.460526676963294,0.487296313388287,,"[-0.6578139565962995, 0.5467812234522174, -43258.61318532388, 0.15800323958179943, ""{\""max_iter\"": 300, \""n_clusters\"": 17, \""n_init\"": 10}""]","[8.0, -0.6578139565962995, 0.5467812234522174, -43258.61318532388, 0.15800323958179943, ""{\""max_iter\"": 300, \""n_clusters\"": 17, \""n_init\"": 10}""]",False,False,7,11,6,A5,False,
bellevue_150th_eastgate,kmeans,17,20262719,"{""max_iter"": 300, ""n_clusters"": 18, ""n_init"": 10}",6791,18,9,0,0,0.141952584302754,0.0454595999326556,9,0.660879433269085,0.527670056365714,45199.0943280733,0.456578293676058,0.434307874118938,,"[-0.6608794332690852, 0.527670056365714, -45199.09432807328, 0.14195258430275365, ""{\""max_iter\"": 300, \""n_clusters\"": 18, \""n_init\"": 10}""]","[9.0, -0.6608794332690852, 0.527670056365714, -45199.09432807328, 0.14195258430275365, ""{\""max_iter\"": 300, \""n_clusters\"": 18, \""n_init\"": 10}""]",False,False,7,11,7,A5,False,
bellevue_150th_eastgate,kmeans,18,20262720,"{""max_iter"": 300, ""n_clusters"": 19, ""n_init"": 10}",6791,19,10,0,0,0.141805330584597,0.0496368000749498,9,0.670529796850178,0.601408561224332,45183.9311979605,0.45056847002063,0.43179098325721,,"[-0.6705297968501778, 0.6014085612243318, -45183.93119796045, 0.14180533058459727, ""{\""max_iter\"": 300, \""n_clusters\"": 19, \""n_init\"": 10}""]","[10.0, -0.6705297968501778, 0.6014085612243318, -45183.93119796045, 0.14180533058459727, ""{\""max_iter\"": 300, \""n_clusters\"": 19, \""n_init\"": 10}""]",False,False,7,11,8,A5,False,
bellevue_150th_eastgate,kmeans,19,20262721,"{""max_iter"": 300, ""n_clusters"": 20, ""n_init"": 10}",6791,20,11,0,0,0.141952584302754,0.0473867999389767,9,0.652079407991226,0.586527125879829,43286.681700637,0.445757421991985,0.431439465348018,,"[-0.6520794079912262, 0.5865271258798288, -43286.68170063703, 0.14195258430275365, ""{\""max_iter\"": 300, \""n_clusters\"": 20, \""n_init\"": 10}""]","[11.0, -0.6520794079912262, 0.5865271258798288, -43286.68170063703, 0.14195258430275365, ""{\""max_iter\"": 300, \""n_clusters\"": 20, \""n_init\"": 10}""]",False,False,7,11,9,A5,False,
bellevue_150th_eastgate,kmeans,20,20262722,"{""max_iter"": 300, ""n_clusters"": 21, ""n_init"": 10}",6791,21,12,0,0,0.141805330584597,0.0505716999759897,9,0.632567784841603,0.620737718202067,46053.1697216013,0.440605697431801,0.429148154064596,,"[-0.6325677848416035, 0.6207377182020669, -46053.16972160129, 0.14180533058459727, ""{\""max_iter\"": 300, \""n_clusters\"": 21, \""n_init\"": 10}""]","[12.0, -0.6325677848416035, 0.6207377182020669, -46053.16972160129, 0.14180533058459727, ""{\""max_iter\"": 300, \""n_clusters\"": 21, \""n_init\"": 10}""]",False,False,7,11,10,A5,False,
bellevue_150th_eastgate,kmeans,21,20262723,"{""max_iter"": 300, ""n_clusters"": 22, ""n_init"": 10}",6791,22,13,0,0,0.135620674422029,0.0539956999709829,9,0.566504768381988,0.682146410640884,44416.1455929509,0.433772813978751,0.424211028409176,,"[-0.5665047683819883, 0.6821464106408839, -44416.14559295092, 0.13562067442202916, ""{\""max_iter\"": 300, \""n_clusters\"": 22, \""n_init\"": 10}""]","[13.0, -0.5665047683819883, 0.6821464106408839, -44416.14559295092, 0.13562067442202916, ""{\""max_iter\"": 300, \""n_clusters\"": 22, \""n_init\"": 10}""]",False,False,7,11,11,A5,False,
bellevue_150th_eastgate,kmeans,22,20262724,"{""max_iter"": 300, ""n_clusters"": 23, ""n_init"": 10}",6791,23,14,0,0,0.141805330584597,0.058581699966453,9,0.637406503011042,0.619094094726077,42221.7361171361,0.435237925229958,0.429452725034491,,"[-0.637406503011042, 0.6190940947260772, -42221.73611713607, 0.14180533058459727, ""{\""max_iter\"": 300, \""n_clusters\"": 23, \""n_init\"": 10}""]","[14.0, -0.637406503011042, 0.6190940947260772, -42221.73611713607, 0.14180533058459727, ""{\""max_iter\"": 300, \""n_clusters\"": 23, \""n_init\"": 10}""]",False,False,7,11,12,A5,False,
bellevue_150th_eastgate,kmeans,23,20262725,"{""max_iter"": 300, ""n_clusters"": 24, ""n_init"": 10}",6791,24,15,0,0,0.141805330584597,0.0603844999568536,9,0.605326458947392,0.723865064347902,44915.9138233192,0.429465380233058,0.424094970577207,,"[-0.6053264589473925, 0.7238650643479018, -44915.91382331924, 0.14180533058459727, ""{\""max_iter\"": 300, \""n_clusters\"": 24, \""n_init\"": 10}""]","[15.0, -0.6053264589473925, 0.7238650643479018, -44915.91382331924, 0.14180533058459727, ""{\""max_iter\"": 300, \""n_clusters\"": 24, \""n_init\"": 10}""]",False,False,7,11,13,A5,False,
bellevue_150th_eastgate,kmeans,24,20262726,"{""max_iter"": 300, ""n_clusters"": 25, ""n_init"": 10}",6791,25,16,0,0,0.141952584302754,0.0686952999094501,9,0.599697248457012,0.691361523323796,41044.2413716945,0.427704527814685,0.424913569283854,,"[-0.5996972484570119, 0.6913615233237959, -41044.24137169445, 0.14195258430275365, ""{\""max_iter\"": 300, \""n_clusters\"": 25, \""n_init\"": 10}""]","[16.0, -0.5996972484570119, 0.6913615233237959, -41044.24137169445, 0.14195258430275365, ""{\""max_iter\"": 300, \""n_clusters\"": 25, \""n_init\"": 10}""]",False,False,7,11,14,A5,False,
bellevue_150th_eastgate,kmeans,25,20262727,"{""max_iter"": 300, ""n_clusters"": 26, ""n_init"": 10}",6791,26,17,0,0,0.141805330584597,0.0617619000840932,9,0.585488005952464,0.693473279782973,45004.6642274005,0.425174541730406,0.424144105110537,,"[-0.5854880059524644, 0.6934732797829726, -45004.66422740055, 0.14180533058459727, ""{\""max_iter\"": 300, \""n_clusters\"": 26, \""n_init\"": 10}""]","[17.0, -0.5854880059524644, 0.6934732797829726, -45004.66422740055, 0.14180533058459727, ""{\""max_iter\"": 300, \""n_clusters\"": 26, \""n_init\"": 10}""]",False,False,7,11,15,A5,False,
bellevue_150th_eastgate,kmeans,26,20262728,"{""max_iter"": 300, ""n_clusters"": 27, ""n_init"": 10}",6791,27,18,0,0,0.141952584302754,0.0648435000330209,9,0.562236805243741,0.700961978356666,43532.6191039454,0.422259081147252,0.422706843620486,,"[-0.5622368052437413, 0.7009619783566663, -43532.61910394536, 0.14195258430275365, ""{\""max_iter\"": 300, \""n_clusters\"": 27, \""n_init\"": 10}""]","[18.0, -0.5622368052437413, 0.7009619783566663, -43532.61910394536, 0.14195258430275365, ""{\""max_iter\"": 300, \""n_clusters\"": 27, \""n_init\"": 10}""]",False,False,7,11,16,A5,False,
bellevue_150th_eastgate,kmeans,27,20262729,"{""max_iter"": 300, ""n_clusters"": 28, ""n_init"": 10}",6791,28,19,0,0,0.111765572080695,0.0670255000004544,9,0.537694760645584,0.72389598694731,43557.9208813157,0.422212250894899,0.423716320965588,,"[-0.5376947606455836, 0.7238959869473103, -43557.920881315695, 0.11176557208069504, ""{\""max_iter\"": 300, \""n_clusters\"": 28, \""n_init\"": 10}""]","[19.0, -0.5376947606455836, 0.7238959869473103, -43557.920881315695, 0.11176557208069504, ""{\""max_iter\"": 300, \""n_clusters\"": 28, \""n_init\"": 10}""]",False,False,7,11,17,A5,False,
bellevue_150th_eastgate,kmeans,28,20262730,"{""max_iter"": 300, ""n_clusters"": 29, ""n_init"": 10}",6791,29,20,0,0,0.110145781180975,0.0693674000212922,9,0.546143124531091,0.723772057343532,44767.4635416866,0.421489209600612,0.424304888711814,,"[-0.5461431245310915, 0.7237720573435316, -44767.46354168659, 0.11014578118097482, ""{\""max_iter\"": 300, \""n_clusters\"": 29, \""n_init\"": 10}""]","[20.0, -0.5461431245310915, 0.7237720573435316, -44767.46354168659, 0.11014578118097482, ""{\""max_iter\"": 300, \""n_clusters\"": 29, \""n_init\"": 10}""]",False,False,7,11,18,A5,False,
bellevue_150th_eastgate,kmeans,29,20262731,"{""max_iter"": 300, ""n_clusters"": 30, ""n_init"": 10}",6791,30,21,0,0,0.105728169636283,0.0790183999342843,9,0.518237258492005,0.744286904772145,46459.6346898463,0.419004055061944,0.422669064162916,,"[-0.5182372584920047, 0.7442869047721445, -46459.63468984625, 0.10572816963628331, ""{\""max_iter\"": 300, \""n_clusters\"": 30, \""n_init\"": 10}""]","[21.0, -0.5182372584920047, 0.7442869047721445, -46459.63468984625, 0.10572816963628331, ""{\""max_iter\"": 300, \""n_clusters\"": 30, \""n_init\"": 10}""]",False,False,7,11,19,A5,False,
bellevue_150th_eastgate,hdbscan,1,20262703,"{""min_cluster_size"": 80, ""min_samples"": 10}",6791,15,6,471,6.93565012516566,0.159018987341772,0.0783637000713497,9,0.721121406248026,0.379500229065189,59440.8780102587,0.471099310191115,0.595439558578147,,"[-0.7211214062480263, 0.37950022906518954, -59440.87801025871, 0.15901898734177214, ""{\""min_cluster_size\"": 80, \""min_samples\"": 10}""]","[6.0, 6.935650125165661, -0.7211214062480263, 0.37950022906518954, -59440.87801025871, 0.15901898734177214, ""{\""min_cluster_size\"": 80, \""min_samples\"": 10}""]",False,False,7,11,4,A5,False,
bellevue_150th_eastgate,hdbscan,2,20262704,"{""min_cluster_size"": 80, ""min_samples"": 20}",6791,15,6,583,8.58489176851715,0.164143041237113,0.0766576000023633,9,0.716220797813878,0.387339851410017,57768.346434839,0.466838576683577,0.590974010661016,,"[-0.7162207978138783, 0.38733985141001687, -57768.34643483897, 0.1641430412371134, ""{\""min_cluster_size\"": 80, \""min_samples\"": 20}""]","[6.0, 8.584891768517155, -0.7162207978138783, 0.38733985141001687, -57768.34643483897, 0.1641430412371134, ""{\""min_cluster_size\"": 80, \""min_samples\"": 20}""]",False,False,7,11,4,A5,False,
bellevue_150th_eastgate,hdbscan,3,20262705,"{""min_cluster_size"": 160, ""min_samples"": 10}",6791,12,3,199,2.93034899131203,0.164138349514563,0.0736413999693468,9,0.765870580408474,0.31307660480459,41010.2436109631,0.541597505608978,0.775509348464945,,"[-0.7658705804084739, 0.31307660480459004, -41010.24361096305, 0.1641383495145631, ""{\""min_cluster_size\"": 160, \""min_samples\"": 10}""]","[3.0, 2.9303489913120306, -0.7658705804084739, 0.31307660480459004, -41010.24361096305, 0.1641383495145631, ""{\""min_cluster_size\"": 160, \""min_samples\"": 10}""]",True,False,7,11,1,A5,False,
bellevue_150th_eastgate,hdbscan,4,20262706,"{""min_cluster_size"": 160, ""min_samples"": 20}",6791,12,3,200,2.94507436312767,0.164163252920649,0.0796960999723523,9,0.765380427808961,0.31434690555467,41828.6296957196,0.541504254465355,0.775379294891915,,"[-0.765380427808961, 0.31434690555466965, -41828.62969571957, 0.16416325292064937, ""{\""min_cluster_size\"": 160, \""min_samples\"": 20}""]","[3.0, 2.945074363127669, -0.765380427808961, 0.31434690555466965, -41828.62969571957, 0.16416325292064937, ""{\""min_cluster_size\"": 160, \""min_samples\"": 20}""]",False,False,7,11,1,A5,False,
bellevue_150th_eastgate,hdbscan,5,20262707,"{""min_cluster_size"": 320, ""min_samples"": 10}",6791,10,1,197,2.90089824768075,0.164088565362451,0.074546999996528,9,0.740321369473739,0.369175149501732,15783.3901933517,0.676323752791539,0.882286534585442,,"[-0.7403213694737386, 0.3691751495017323, -15783.390193351699, 0.1640885653624507, ""{\""min_cluster_size\"": 320, \""min_samples\"": 10}""]","[1.0, 2.900898247680754, -0.7403213694737386, 0.3691751495017323, -15783.390193351699, 0.1640885653624507, ""{\""min_cluster_size\"": 320, \""min_samples\"": 10}""]",False,False,7,11,0,A5,False,
bellevue_150th_eastgate,hdbscan,6,20262708,"{""min_cluster_size"": 320, ""min_samples"": 20}",6791,10,1,195,2.87144750404948,0.164038811400849,0.0821941000176593,9,0.734851271504616,0.372252347783846,15122.0501291765,0.676032234470296,0.881913125957989,,"[-0.7348512715046156, 0.3722523477838459, -15122.050129176521, 0.164038811400849, ""{\""min_cluster_size\"": 320, \""min_samples\"": 20}""]","[1.0, 2.871447504049477, -0.7348512715046156, 0.3722523477838459, -15122.050129176521, 0.164038811400849, ""{\""min_cluster_size\"": 320, \""min_samples\"": 20}""]",False,True,7,11,0,A5,True,"[0, 2.871447504049477, -0.7348512715046156, 0.3722523477838459, -15122.05012917652, 0.164038811400849, ""{\""min_cluster_size\"": 320, \""min_samples\"": 20}""]"
bellevue_150th_eastgate,optics,1,20262703,"{""max_eps"": 0.008633872024647457, ""min_samples"": 40, ""xi"": 0.05}",6791,10,1,3064,45.1185392431159,0.212503353903944,1.13396200002171,9,0.765551926870517,0.257753214164392,377617.302492333,0.591543609003137,0.800741479983818,,"[-0.7655519268705169, 0.2577532141643918, -377617.3024923333, 0.2125033539039442, ""{\""max_eps\"": 0.008633872024647457, \""min_samples\"": 40, \""xi\"": 0.05}""]","[1.0, 45.11853924311589, -0.7655519268705169, 0.2577532141643918, -377617.3024923333, 0.2125033539039442, ""{\""max_eps\"": 0.008633872024647457, \""min_samples\"": 40, \""xi\"": 0.05}""]",False,False,7,11,0,A5,False,
bellevue_150th_eastgate,optics,2,20262704,"{""max_eps"": 0.013009795194133568, ""min_samples"": 40, ""xi"": 0.05}",6791,14,5,2872,42.2912678545133,0.242408777749426,1.62779689999297,9,0.738625947957984,0.300906314311138,198557.508102227,0.408209293690039,0.577199592355037,,"[-0.7386259479579841, 0.3009063143111379, -198557.50810222732, 0.24240877774942587, ""{\""max_eps\"": 0.013009795194133568, \""min_samples\"": 40, \""xi\"": 0.05}""]","[5.0, 42.29126785451333, -0.7386259479579841, 0.3009063143111379, -198557.50810222732, 0.24240877774942587, ""{\""max_eps\"": 0.013009795194133568, \""min_samples\"": 40, \""xi\"": 0.05}""]",False,False,7,11,3,A5,False,
bellevue_150th_eastgate,optics,3,20262705,"{""max_eps"": 0.022171253230168272, ""min_samples"": 40, ""xi"": 0.05}",6791,12,3,2593,38.1828891179502,0.355883754168652,2.10630409989972,9,0.866270324202041,0.168099923423392,98009.8765422255,0.461663919768044,0.700301810312085,,"[-0.8662703242020406, 0.16809992342339172, -98009.87654222552, 0.35588375416865176, ""{\""max_eps\"": 0.022171253230168272, \""min_samples\"": 40, \""xi\"": 0.05}""]","[3.0, 38.182889117950225, -0.8662703242020406, 0.16809992342339172, -98009.87654222552, 0.35588375416865176, ""{\""max_eps\"": 0.022171253230168272, \""min_samples\"": 40, \""xi\"": 0.05}""]",False,False,7,11,1,A5,False,
bellevue_150th_eastgate,optics,4,20262706,"{""max_eps"": 0.0391223809812431, ""min_samples"": 40, ""xi"": 0.05}",6791,12,3,2383,35.0905610366662,0.348457350272232,2.4042093999451,9,0.849537188921287,0.190117179965688,80489.7025861741,0.466962672057109,0.704808675102043,,"[-0.8495371889212872, 0.19011717996568847, -80489.7025861741, 0.3484573502722323, ""{\""max_eps\"": 0.0391223809812431, \""min_samples\"": 40, \""xi\"": 0.05}""]","[3.0, 35.09056103666617, -0.8495371889212872, 0.19011717996568847, -80489.7025861741, 0.3484573502722323, ""{\""max_eps\"": 0.0391223809812431, \""min_samples\"": 40, \""xi\"": 0.05}""]",False,False,7,11,1,A5,False,
bellevue_150th_eastgate,optics,5,20262707,"{""max_eps"": 0.008633872024647457, ""min_samples"": 40, ""xi"": 0.07}",6791,10,1,3064,45.1185392431159,0.212503353903944,1.14052789995912,9,0.769120432829068,0.255671687560088,382486.384907779,0.591787933545084,0.801051703769785,,"[-0.7691204328290681, 0.25567168756008807, -382486.3849077785, 0.2125033539039442, ""{\""max_eps\"": 0.008633872024647457, \""min_samples\"": 40, \""xi\"": 0.07}""]","[1.0, 45.11853924311589, -0.7691204328290681, 0.25567168756008807, -382486.3849077785, 0.2125033539039442, ""{\""max_eps\"": 0.008633872024647457, \""min_samples\"": 40, \""xi\"": 0.07}""]",False,False,7,11,0,A5,False,
bellevue_150th_eastgate,optics,6,20262708,"{""max_eps"": 0.013009795194133568, ""min_samples"": 40, ""xi"": 0.07}",6791,14,5,2348,34.5751730231188,0.213819491334684,1.64681920001749,9,0.754300785292953,0.311550763672076,159577.963157761,0.426972220317904,0.595650585439755,,"[-0.7543007852929525, 0.3115507636720762, -159577.96315776109, 0.21381949133468378, ""{\""max_eps\"": 0.013009795194133568, \""min_samples\"": 40, \""xi\"": 0.07}""]","[5.0, 34.575173023118836, -0.7543007852929525, 0.3115507636720762, -159577.96315776109, 0.21381949133468378, ""{\""max_eps\"": 0.013009795194133568, \""min_samples\"": 40, \""xi\"": 0.07}""]",False,False,7,11,3,A5,False,
bellevue_150th_eastgate,optics,7,20262709,"{""max_eps"": 0.022171253230168272, ""min_samples"": 40, ""xi"": 0.07}",6791,12,3,1725,25.4012663819761,0.29490722463482,2.27788539999165,9,0.862217052709411,0.195662376619561,90756.951725378,0.492135422387495,0.729786580700286,,"[-0.8622170527094108, 0.19566237661956098, -90756.95172537802, 0.2949072246348204, ""{\""max_eps\"": 0.022171253230168272, \""min_samples\"": 40, \""xi\"": 0.07}""]","[3.0, 25.401266381976146, -0.8622170527094108, 0.19566237661956098, -90756.95172537802, 0.2949072246348204, ""{\""max_eps\"": 0.022171253230168272, \""min_samples\"": 40, \""xi\"": 0.07}""]",False,False,7,11,1,A5,False,
bellevue_150th_eastgate,optics,8,20262710,"{""max_eps"": 0.0391223809812431, ""min_samples"": 40, ""xi"": 0.07}",6791,11,2,2515,37.0343101163304,0.359214218896165,2.40183809993323,9,0.868200734502482,0.201369215980314,72413.9538627316,0.508372506565791,0.755547240750957,,"[-0.8682007345024816, 0.20136921598031376, -72413.95386273158, 0.3592142188961646, ""{\""max_eps\"": 0.0391223809812431, \""min_samples\"": 40, \""xi\"": 0.07}""]","[2.0, 37.03431011633044, -0.8682007345024816, 0.20136921598031376, -72413.95386273158, 0.3592142188961646, ""{\""max_eps\"": 0.0391223809812431, \""min_samples\"": 40, \""xi\"": 0.07}""]",True,False,7,11,0,A5,False,
bellevue_150th_eastgate,optics,9,20262711,"{""max_eps"": 0.008633872024647457, ""min_samples"": 80, ""xi"": 0.05}",6791,7,2,3949,58.1504932999558,0.263898662913441,0.823123599984683,9,0.842719278368442,0.218692870995853,903313.335972401,0.473806008556508,0.720389128308072,,"[-0.842719278368442, 0.2186928709958534, -903313.3359724012, 0.2638986629134412, ""{\""max_eps\"": 0.008633872024647457, \""min_samples\"": 80, \""xi\"": 0.05}""]","[2.0, 58.150493299955826, -0.842719278368442, 0.2186928709958534, -903313.3359724012, 0.2638986629134412, ""{\""max_eps\"": 0.008633872024647457, \""min_samples\"": 80, \""xi\"": 0.05}""]",False,False,7,11,0,A5,False,
bellevue_150th_eastgate,optics,10,20262712,"{""max_eps"": 0.013009795194133568, ""min_samples"": 80, ""xi"": 0.05}",6791,10,1,2707,39.861581504933,0.213761018609207,1.31137749995105,9,0.76406227473961,0.266114481867685,348249.987924159,0.601594748556594,0.810530092691439,,"[-0.7640622747396102, 0.26611448186768477, -348249.987924159, 0.21376101860920665, ""{\""max_eps\"": 0.013009795194133568, \""min_samples\"": 80, \""xi\"": 0.05}""]","[1.0, 39.861581504933, -0.7640622747396102, 0.26611448186768477, -348249.987924159, 0.21376101860920665, ""{\""max_eps\"": 0.013009795194133568, \""min_samples\"": 80, \""xi\"": 0.05}""]",False,False,7,11,0,A5,False,
bellevue_150th_eastgate,optics,11,20262713,"{""max_eps"": 0.022171253230168272, ""min_samples"": 80, ""xi"": 0.05}",6791,11,2,1257,18.5097923722574,0.266172750271052,1.95559100003447,9,0.862442926749069,0.170902010159707,99713.3312206692,0.555520741482492,0.803778418621373,,"[-0.8624429267490686, 0.17090201015970663, -99713.33122066919, 0.2661727502710517, ""{\""max_eps\"": 0.022171253230168272, \""min_samples\"": 80, \""xi\"": 0.05}""]","[2.0, 18.5097923722574, -0.8624429267490686, 0.17090201015970663, -99713.33122066919, 0.2661727502710517, ""{\""max_eps\"": 0.022171253230168272, \""min_samples\"": 80, \""xi\"": 0.05}""]",False,False,7,11,0,A5,True,"[0, 18.5097923722574, -0.8624429267490686, 0.1709020101597066, -99713.3312206692, 0.2661727502710517, ""{\""max_eps\"": 0.022171253230168272, \""min_samples\"": 80, \""xi\"": 0.05}""]"
bellevue_150th_eastgate,optics,12,20262714,"{""max_eps"": 0.0391223809812431, ""min_samples"": 80, ""xi"": 0.05}",6791,13,4,686,10.1016050655279,0.25028665028665,2.36891119997017,9,0.838801571718906,0.249677599347556,71232.1660240444,0.496718522908709,0.704506620168971,,"[-0.838801571718906, 0.24967759934755623, -71232.16602404442, 0.2502866502866503, ""{\""max_eps\"": 0.0391223809812431, \""min_samples\"": 80, \""xi\"": 0.05}""]","[4.0, 10.101605065527904, -0.838801571718906, 0.24967759934755623, -71232.16602404442, 0.2502866502866503, ""{\""max_eps\"": 0.0391223809812431, \""min_samples\"": 80, \""xi\"": 0.05}""]",False,False,7,11,2,A5,False,
bellevue_150th_eastgate,optics,13,20262715,"{""max_eps"": 0.008633872024647457, ""min_samples"": 80, ""xi"": 0.07}",6791,7,2,3949,58.1504932999558,0.263898662913441,0.823232599999756,9,0.842719278368442,0.218692870995853,903313.335972401,0.473806008556508,0.720389128308072,,"[-0.842719278368442, 0.2186928709958534, -903313.3359724012, 0.2638986629134412, ""{\""max_eps\"": 0.008633872024647457, \""min_samples\"": 80, \""xi\"": 0.07}""]","[2.0, 58.150493299955826, -0.842719278368442, 0.2186928709958534, -903313.3359724012, 0.2638986629134412, ""{\""max_eps\"": 0.008633872024647457, \""min_samples\"": 80, \""xi\"": 0.07}""]",False,False,7,11,0,A5,False,
bellevue_150th_eastgate,optics,14,20262716,"{""max_eps"": 0.013009795194133568, ""min_samples"": 80, ""xi"": 0.07}",6791,10,1,2559,37.6822264762185,0.206285444234405,1.30899090005551,9,0.742323186244901,0.301253257914767,325849.596085756,0.604547657472405,0.812416597452887,,"[-0.7423231862449011, 0.30125325791476704, -325849.596085756, 0.20628544423440454, ""{\""max_eps\"": 0.013009795194133568, \""min_samples\"": 80, \""xi\"": 0.07}""]","[1.0, 37.682226476218524, -0.7423231862449011, 0.30125325791476704, -325849.596085756, 0.20628544423440454, ""{\""max_eps\"": 0.013009795194133568, \""min_samples\"": 80, \""xi\"": 0.07}""]",False,False,7,11,0,A5,False,
bellevue_150th_eastgate,optics,15,20262717,"{""max_eps"": 0.022171253230168272, ""min_samples"": 80, ""xi"": 0.07}",6791,10,1,1502,22.1175084670888,0.278502552467385,1.96812840003986,9,0.866439060687911,0.154786133328676,105644.656186804,0.639534741470015,0.852277246530995,,"[-0.8664390606879109, 0.15478613332867586, -105644.65618680386, 0.27850255246738514, ""{\""max_eps\"": 0.022171253230168272, \""min_samples\"": 80, \""xi\"": 0.07}""]","[1.0, 22.117508467088793, -0.8664390606879109, 0.15478613332867586, -105644.65618680386, 0.27850255246738514, ""{\""max_eps\"": 0.022171253230168272, \""min_samples\"": 80, \""xi\"": 0.07}""]",False,True,7,11,0,A5,False,
bellevue_150th_eastgate,optics,16,20262718,"{""max_eps"": 0.0391223809812431, ""min_samples"": 80, ""xi"": 0.07}",6791,12,3,931,13.7093211603593,0.260750853242321,2.33039889996871,9,0.841368239724088,0.249563706909642,75221.4368316585,0.516088650594849,0.751935950181778,,"[-0.8413682397240885, 0.2495637069096419, -75221.43683165846, 0.26075085324232083, ""{\""max_eps\"": 0.0391223809812431, \""min_samples\"": 80, \""xi\"": 0.07}""]","[3.0, 13.709321160359298, -0.8413682397240885, 0.2495637069096419, -75221.43683165846, 0.26075085324232083, ""{\""max_eps\"": 0.0391223809812431, \""min_samples\"": 80, \""xi\"": 0.07}""]",False,False,7,11,1,A5,False,
bellevue_150th_se38th,kmeans,1,20263703,"{""max_iter"": 300, ""n_clusters"": 2, ""n_init"": 10}",2865,2,16,0,0,0.677486910994764,0.011604500003159,18,0.712900528293412,0.406639457734696,9232.47515119147,0.385794987743446,0.444543313374313,,"[-0.7129005282934118, 0.40663945773469584, -9232.475151191467, 0.6774869109947644, ""{\""max_iter\"": 300, \""n_clusters\"": 2, \""n_init\"": 10}""]","[16.0, -0.7129005282934118, 0.40663945773469584, -9232.475151191467, 0.6774869109947644, ""{\""max_iter\"": 300, \""n_clusters\"": 2, \""n_init\"": 10}""]",False,False,8,20,6,A5,False,
bellevue_150th_se38th,kmeans,2,20263704,"{""max_iter"": 300, ""n_clusters"": 3, ""n_init"": 10}",2865,3,15,0,0,0.355671902268761,0.0118590999627485,18,0.657184869689539,0.626432007350885,8334.46354905075,0.412409192968341,0.492109666012414,,"[-0.6571848696895395, 0.6264320073508847, -8334.463549050752, 0.3556719022687609, ""{\""max_iter\"": 300, \""n_clusters\"": 3, \""n_init\"": 10}""]","[15.0, -0.6571848696895395, 0.6264320073508847, -8334.463549050752, 0.3556719022687609, ""{\""max_iter\"": 300, \""n_clusters\"": 3, \""n_init\"": 10}""]",False,False,8,20,5,A5,False,
bellevue_150th_se38th,kmeans,3,20263705,"{""max_iter"": 300, ""n_clusters"": 4, ""n_init"": 10}",2865,4,14,0,0,0.348342059336824,0.0114004999632015,18,0.709204748845101,0.465734509715486,8317.63330441724,0.421405287916819,0.529962322102843,,"[-0.7092047488451011, 0.46573450971548613, -8317.63330441724, 0.3483420593368237, ""{\""max_iter\"": 300, \""n_clusters\"": 4, \""n_init\"": 10}""]","[14.0, -0.7092047488451011, 0.46573450971548613, -8317.63330441724, 0.3483420593368237, ""{\""max_iter\"": 300, \""n_clusters\"": 4, \""n_init\"": 10}""]",False,False,8,20,4,A5,False,
bellevue_150th_se38th,kmeans,4,20263706,"{""max_iter"": 300, ""n_clusters"": 5, ""n_init"": 10}",2865,5,13,0,0,0.319022687609075,0.0123620999511331,18,0.771466887210673,0.557224626718563,9423.37661863027,0.428065195533511,0.559776775784855,,"[-0.7714668872106726, 0.5572246267185632, -9423.376618630271, 0.31902268760907504, ""{\""max_iter\"": 300, \""n_clusters\"": 5, \""n_init\"": 10}""]","[13.0, -0.7714668872106726, 0.5572246267185632, -9423.376618630271, 0.31902268760907504, ""{\""max_iter\"": 300, \""n_clusters\"": 5, \""n_init\"": 10}""]",False,False,8,20,3,A5,False,
bellevue_150th_se38th,kmeans,5,20263707,"{""max_iter"": 300, ""n_clusters"": 6, ""n_init"": 10}",2865,6,12,0,0,0.292146596858639,0.0155373000307008,18,0.754375103027174,0.677446435472132,10910.5032656242,0.430618998866594,0.584785184318974,,"[-0.7543751030271736, 0.6774464354721322, -10910.503265624246, 0.29214659685863875, ""{\""max_iter\"": 300, \""n_clusters\"": 6, \""n_init\"": 10}""]","[12.0, -0.7543751030271736, 0.6774464354721322, -10910.503265624246, 0.29214659685863875, ""{\""max_iter\"": 300, \""n_clusters\"": 6, \""n_init\"": 10}""]",False,False,8,20,2,A5,False,
bellevue_150th_se38th,kmeans,6,20263708,"{""max_iter"": 300, ""n_clusters"": 7, ""n_init"": 10}",2865,7,11,0,0,0.290052356020942,0.015705999918282,18,0.781014661802833,0.470561364647729,12756.5723008722,0.439879452082077,0.622491184453884,,"[-0.7810146618028326, 0.4705613646477291, -12756.572300872222, 0.2900523560209424, ""{\""max_iter\"": 300, \""n_clusters\"": 7, \""n_init\"": 10}""]","[11.0, -0.7810146618028326, 0.4705613646477291, -12756.572300872222, 0.2900523560209424, ""{\""max_iter\"": 300, \""n_clusters\"": 7, \""n_init\"": 10}""]",False,False,8,20,1,A5,False,
bellevue_150th_se38th,kmeans,7,20263709,"{""max_iter"": 300, ""n_clusters"": 8, ""n_init"": 10}",2865,8,10,0,0,0.276439790575916,0.0201121000573039,18,0.801583659272748,0.516643908473821,15646.2476622155,0.44540273156408,0.650592481444337,,"[-0.8015836592727482, 0.5166439084738212, -15646.247662215475, 0.2764397905759162, ""{\""max_iter\"": 300, \""n_clusters\"": 8, \""n_init\"": 10}""]","[10.0, -0.8015836592727482, 0.5166439084738212, -15646.247662215475, 0.2764397905759162, ""{\""max_iter\"": 300, \""n_clusters\"": 8, \""n_init\"": 10}""]",False,False,8,20,0,A5,False,
bellevue_150th_se38th,kmeans,8,20263710,"{""max_iter"": 300, ""n_clusters"": 9, ""n_init"": 10}",2865,9,9,0,0,0.276439790575916,0.0174844999564811,18,0.815388439691333,0.440437633657637,17164.6561406704,0.452837115846154,0.682548788765333,,"[-0.8153884396913328, 0.4404376336576369, -17164.65614067043, 0.2764397905759162, ""{\""max_iter\"": 300, \""n_clusters\"": 9, \""n_init\"": 10}""]","[9.0, -0.8153884396913328, 0.4404376336576369, -17164.65614067043, 0.2764397905759162, ""{\""max_iter\"": 300, \""n_clusters\"": 9, \""n_init\"": 10}""]",False,False,8,20,0,A5,False,
bellevue_150th_se38th,kmeans,9,20263711,"{""max_iter"": 300, ""n_clusters"": 10, ""n_init"": 10}",2865,10,8,0,0,0.276439790575916,0.0185782999033108,18,0.821908750000132,0.371054610337697,19870.7896310757,0.461030847055386,0.714165791223913,,"[-0.8219087500001323, 0.37105461033769754, -19870.789631075662, 0.2764397905759162, ""{\""max_iter\"": 300, \""n_clusters\"": 10, \""n_init\"": 10}""]","[8.0, -0.8219087500001323, 0.37105461033769754, -19870.789631075662, 0.2764397905759162, ""{\""max_iter\"": 300, \""n_clusters\"": 10, \""n_init\"": 10}""]",False,False,8,20,0,A5,False,
bellevue_150th_se38th,kmeans,10,20263712,"{""max_iter"": 300, ""n_clusters"": 11, ""n_init"": 10}",2865,11,7,0,0,0.276439790575916,0.0216912999749183,18,0.824683366905355,0.3840372033569,23083.1503822904,0.468466385808064,0.741398137884008,,"[-0.8246833669053552, 0.3840372033568995, -23083.15038229037, 0.2764397905759162, ""{\""max_iter\"": 300, \""n_clusters\"": 11, \""n_init\"": 10}""]","[7.0, -0.8246833669053552, 0.3840372033568995, -23083.15038229037, 0.2764397905759162, ""{\""max_iter\"": 300, \""n_clusters\"": 11, \""n_init\"": 10}""]",False,False,8,20,0,A5,False,
bellevue_150th_se38th,kmeans,11,20263713,"{""max_iter"": 300, ""n_clusters"": 12, ""n_init"": 10}",2865,12,6,0,0,0.276439790575916,0.0234982999972999,18,0.828871462132217,0.331271239789908,25398.461101262,0.479929108835764,0.772249099812985,,"[-0.828871462132217, 0.33127123978990775, -25398.461101262008, 0.2764397905759162, ""{\""max_iter\"": 300, \""n_clusters\"": 12, \""n_init\"": 10}""]","[6.0, -0.828871462132217, 0.33127123978990775, -25398.461101262008, 0.2764397905759162, ""{\""max_iter\"": 300, \""n_clusters\"": 12, \""n_init\"": 10}""]",True,False,8,20,0,A5,True,"[0, -0.828871462132217, 0.3312712397899077, -25398.461101262008, 0.2764397905759162, ""{\""max_iter\"": 300, \""n_clusters\"": 12, \""n_init\"": 10}""]"
bellevue_150th_se38th,kmeans,12,20263714,"{""max_iter"": 300, ""n_clusters"": 13, ""n_init"": 10}",2865,13,5,0,0,0.274694589877836,0.0240723000606521,18,0.747706299691265,0.463741823478181,25834.306585157,0.485741552075606,0.789345025932211,,"[-0.7477062996912646, 0.46374182347818077, -25834.306585157035, 0.27469458987783596, ""{\""max_iter\"": 300, \""n_clusters\"": 13, \""n_init\"": 10}""]","[5.0, -0.7477062996912646, 0.46374182347818077, -25834.306585157035, 0.27469458987783596, ""{\""max_iter\"": 300, \""n_clusters\"": 13, \""n_init\"": 10}""]",False,False,8,20,0,A5,False,
bellevue_150th_se38th,kmeans,13,20263715,"{""max_iter"": 300, ""n_clusters"": 14, ""n_init"": 10}",2865,14,4,0,0,0.274694589877836,0.0269064999883994,18,0.742329784785225,0.47845400621802,25798.0506208067,0.503466141153617,0.816174140944646,,"[-0.7423297847852253, 0.4784540062180203, -25798.050620806687, 0.27469458987783596, ""{\""max_iter\"": 300, \""n_clusters\"": 14, \""n_init\"": 10}""]","[4.0, -0.7423297847852253, 0.4784540062180203, -25798.050620806687, 0.27469458987783596, ""{\""max_iter\"": 300, \""n_clusters\"": 14, \""n_init\"": 10}""]",False,False,8,20,0,A5,False,
bellevue_150th_se38th,kmeans,14,20263716,"{""max_iter"": 300, ""n_clusters"": 15, ""n_init"": 10}",2865,15,3,0,0,0.274694589877836,0.0329828000394627,18,0.724257387097066,0.475911285555056,26594.717572875,0.530120785307797,0.843164826915192,,"[-0.7242573870970657, 0.4759112855550561, -26594.71757287501, 0.27469458987783596, ""{\""max_iter\"": 300, \""n_clusters\"": 15, \""n_init\"": 10}""]","[3.0, -0.7242573870970657, 0.4759112855550561, -26594.71757287501, 0.27469458987783596, ""{\""max_iter\"": 300, \""n_clusters\"": 15, \""n_init\"": 10}""]",False,False,8,20,0,A5,False,
bellevue_150th_se38th,kmeans,15,20263717,"{""max_iter"": 300, ""n_clusters"": 16, ""n_init"": 10}",2865,16,2,0,0,0.27434554973822,0.027714499970898,18,0.694684445658402,0.491943054599635,27516.6336430117,0.574146344094684,0.868770798658047,,"[-0.694684445658402, 0.4919430545996355, -27516.63364301172, 0.2743455497382199, ""{\""max_iter\"": 300, \""n_clusters\"": 16, \""n_init\"": 10}""]","[2.0, -0.694684445658402, 0.4919430545996355, -27516.63364301172, 0.2743455497382199, ""{\""max_iter\"": 300, \""n_clusters\"": 16, \""n_init\"": 10}""]",False,False,8,20,0,A5,False,
bellevue_150th_se38th,kmeans,16,20263718,"{""max_iter"": 300, ""n_clusters"": 17, ""n_init"": 10}",2865,17,1,0,0,0.27434554973822,0.0303009999915957,18,0.727325437466442,0.460104716051716,28663.5837183302,0.668175836139938,0.899642177602597,,"[-0.727325437466442, 0.460104716051716, -28663.58371833019, 0.2743455497382199, ""{\""max_iter\"": 300, \""n_clusters\"": 17, \""n_init\"": 10}""]","[1.0, -0.727325437466442, 0.460104716051716, -28663.58371833019, 0.2743455497382199, ""{\""max_iter\"": 300, \""n_clusters\"": 17, \""n_init\"": 10}""]",False,False,8,20,0,A5,False,
bellevue_150th_se38th,kmeans,17,20263719,"{""max_iter"": 300, ""n_clusters"": 18, ""n_init"": 10}",2865,18,0,0,0,0.27434554973822,0.0308150999480858,18,0.725964530738855,0.488642807016679,29293.8597500735,0.94245131244267,0.926038953322219,,"[-0.7259645307388554, 0.48864280701667884, -29293.859750073498, 0.2743455497382199, ""{\""max_iter\"": 300, \""n_clusters\"": 18, \""n_init\"": 10}""]","[0.0, -0.7259645307388554, 0.48864280701667884, -29293.859750073498, 0.2743455497382199, ""{\""max_iter\"": 300, \""n_clusters\"": 18, \""n_init\"": 10}""]",False,True,8,20,0,A5,False,
bellevue_150th_se38th,kmeans,18,20263720,"{""max_iter"": 300, ""n_clusters"": 19, ""n_init"": 10}",2865,19,1,0,0,0.27434554973822,0.0323014999739825,18,0.651178771788953,0.569277065730505,29962.2304809629,0.661986188705299,0.891070216017195,,"[-0.6511787717889531, 0.5692770657305054, -29962.230480962935, 0.2743455497382199, ""{\""max_iter\"": 300, \""n_clusters\"": 19, \""n_init\"": 10}""]","[1.0, -0.6511787717889531, 0.5692770657305054, -29962.230480962935, 0.2743455497382199, ""{\""max_iter\"": 300, \""n_clusters\"": 19, \""n_init\"": 10}""]",False,False,8,20,0,A5,False,
bellevue_150th_se38th,kmeans,19,20263721,"{""max_iter"": 300, ""n_clusters"": 20, ""n_init"": 10}",2865,20,2,0,0,0.27434554973822,0.0302013999316841,18,0.652532647964725,0.514214211016207,30676.8520990255,0.571545837878455,0.865677376110273,,"[-0.6525326479647247, 0.5142142110162075, -30676.85209902554, 0.2743455497382199, ""{\""max_iter\"": 300, \""n_clusters\"": 20, \""n_init\"": 10}""]","[2.0, -0.6525326479647247, 0.5142142110162075, -30676.85209902554, 0.2743455497382199, ""{\""max_iter\"": 300, \""n_clusters\"": 20, \""n_init\"": 10}""]",False,False,8,20,0,A5,False,
bellevue_150th_se38th,kmeans,20,20263722,"{""max_iter"": 300, ""n_clusters"": 21, ""n_init"": 10}",2865,21,3,0,0,0.222338568935427,0.0433330999221652,18,0.516077367609652,0.569477981789887,31195.2887182321,0.522927737801124,0.833952130781974,,"[-0.5160773676096518, 0.5694779817898866, -31195.288718232077, 0.22233856893542758, ""{\""max_iter\"": 300, \""n_clusters\"": 21, \""n_init\"": 10}""]","[3.0, -0.5160773676096518, 0.5694779817898866, -31195.288718232077, 0.22233856893542758, ""{\""max_iter\"": 300, \""n_clusters\"": 21, \""n_init\"": 10}""]",False,False,8,20,1,A5,False,
bellevue_150th_se38th,kmeans,21,20263723,"{""max_iter"": 300, ""n_clusters"": 22, ""n_init"": 10}",2865,22,4,0,0,0.222338568935427,0.0431125999893993,18,0.511857125880218,0.585995518012794,30791.632591213,0.494884939689788,0.805299768867996,,"[-0.5118571258802178, 0.5859955180127939, -30791.63259121297, 0.22233856893542758, ""{\""max_iter\"": 300, \""n_clusters\"": 22, \""n_init\"": 10}""]","[4.0, -0.5118571258802178, 0.5859955180127939, -30791.63259121297, 0.22233856893542758, ""{\""max_iter\"": 300, \""n_clusters\"": 22, \""n_init\"": 10}""]",False,False,8,20,2,A5,False,
bellevue_150th_se38th,kmeans,22,20263724,"{""max_iter"": 300, ""n_clusters"": 23, ""n_init"": 10}",2865,23,5,0,0,0.14694589877836,0.0338487999979406,18,0.464799597732546,0.614995952992404,31956.9980458384,0.481171886579276,0.781576160927539,,"[-0.46479959773254576, 0.6149959529924038, -31956.998045838423, 0.1469458987783595, ""{\""max_iter\"": 300, \""n_clusters\"": 23, \""n_init\"": 10}""]","[5.0, -0.46479959773254576, 0.6149959529924038, -31956.998045838423, 0.1469458987783595, ""{\""max_iter\"": 300, \""n_clusters\"": 23, \""n_init\"": 10}""]",False,False,8,20,3,A5,False,
bellevue_150th_se38th,kmeans,23,20263725,"{""max_iter"": 300, ""n_clusters"": 24, ""n_init"": 10}",2865,24,6,0,0,0.144153577661431,0.0357435001060366,18,0.463783587941078,0.618630768308441,32139.0358239406,0.468235556366637,0.753887767292839,,"[-0.4637835879410783, 0.6186307683084414, -32139.035823940605, 0.14415357766143105, ""{\""max_iter\"": 300, \""n_clusters\"": 24, \""n_init\"": 10}""]","[6.0, -0.4637835879410783, 0.6186307683084414, -32139.035823940605, 0.14415357766143105, ""{\""max_iter\"": 300, \""n_clusters\"": 24, \""n_init\"": 10}""]",False,False,8,20,4,A5,False,
bellevue_150th_se38th,kmeans,24,20263726,"{""max_iter"": 300, ""n_clusters"": 25, ""n_init"": 10}",2865,25,7,0,0,0.144502617801047,0.0404638999607414,18,0.451704195815561,0.649938394526152,32473.3487285659,0.45718910976961,0.724298827084101,,"[-0.45170419581556137, 0.6499383945261521, -32473.348728565918, 0.14450261780104712, ""{\""max_iter\"": 300, \""n_clusters\"": 25, \""n_init\"": 10}""]","[7.0, -0.45170419581556137, 0.6499383945261521, -32473.348728565918, 0.14450261780104712, ""{\""max_iter\"": 300, \""n_clusters\"": 25, \""n_init\"": 10}""]",False,False,8,20,5,A5,False,
bellevue_150th_se38th,kmeans,25,20263727,"{""max_iter"": 300, ""n_clusters"": 26, ""n_init"": 10}",2865,26,8,0,0,0.144153577661431,0.0422941000433638,18,0.468907822037842,0.626776254396775,33526.9020641958,0.450876778720389,0.698279079660584,,"[-0.4689078220378417, 0.6267762543967754, -33526.90206419576, 0.14415357766143105, ""{\""max_iter\"": 300, \""n_clusters\"": 26, \""n_init\"": 10}""]","[8.0, -0.4689078220378417, 0.6267762543967754, -33526.90206419576, 0.14415357766143105, ""{\""max_iter\"": 300, \""n_clusters\"": 26, \""n_init\"": 10}""]",False,False,8,20,6,A5,False,
bellevue_150th_se38th,kmeans,26,20263728,"{""max_iter"": 300, ""n_clusters"": 27, ""n_init"": 10}",2865,27,9,0,0,0.143804537521815,0.0473563000559806,18,0.457259939058952,0.661106252819671,33376.758975921,0.443582965684353,0.66868338816794,,"[-0.45725993905895235, 0.6611062528196713, -33376.75897592099, 0.14380453752181502, ""{\""max_iter\"": 300, \""n_clusters\"": 27, \""n_init\"": 10}""]","[9.0, -0.45725993905895235, 0.6611062528196713, -33376.75897592099, 0.14380453752181502, ""{\""max_iter\"": 300, \""n_clusters\"": 27, \""n_init\"": 10}""]",False,False,8,20,7,A5,False,
bellevue_150th_se38th,kmeans,27,20263729,"{""max_iter"": 300, ""n_clusters"": 28, ""n_init"": 10}",2865,28,10,0,0,0.144153577661431,0.0476575999055057,18,0.468568788813616,0.637624074840516,33933.0101196114,0.439545119379754,0.642299379307192,,"[-0.4685687888136161, 0.6376240748405155, -33933.01011961144, 0.14415357766143105, ""{\""max_iter\"": 300, \""n_clusters\"": 28, \""n_init\"": 10}""]","[10.0, -0.4685687888136161, 0.6376240748405155, -33933.01011961144, 0.14415357766143105, ""{\""max_iter\"": 300, \""n_clusters\"": 28, \""n_init\"": 10}""]",False,False,8,20,8,A5,False,
bellevue_150th_se38th,kmeans,28,20263730,"{""max_iter"": 300, ""n_clusters"": 29, ""n_init"": 10}",2865,29,11,0,0,0.120418848167539,0.0423750000772997,18,0.447983575197425,0.691239201720585,33252.9054682832,0.435754748040168,0.613929979914996,,"[-0.44798357519742543, 0.6912392017205847, -33252.90546828322, 0.12041884816753927, ""{\""max_iter\"": 300, \""n_clusters\"": 29, \""n_init\"": 10}""]","[11.0, -0.44798357519742543, 0.6912392017205847, -33252.90546828322, 0.12041884816753927, ""{\""max_iter\"": 300, \""n_clusters\"": 29, \""n_init\"": 10}""]",False,False,8,20,9,A5,False,
bellevue_150th_se38th,kmeans,29,20263731,"{""max_iter"": 300, ""n_clusters"": 30, ""n_init"": 10}",2865,30,12,0,0,0.144153577661431,0.0491743000457063,18,0.446937705947332,0.695867694816326,33008.5738683206,0.429722651920813,0.583565058361684,,"[-0.44693770594733223, 0.6958676948163258, -33008.57386832057, 0.14415357766143105, ""{\""max_iter\"": 300, \""n_clusters\"": 30, \""n_init\"": 10}""]","[12.0, -0.44693770594733223, 0.6958676948163258, -33008.57386832057, 0.14415357766143105, ""{\""max_iter\"": 300, \""n_clusters\"": 30, \""n_init\"": 10}""]",False,False,8,20,10,A5,False,
bellevue_150th_se38th,hdbscan,1,20263703,"{""min_cluster_size"": 80, ""min_samples"": 10}",2865,7,11,181,6.31762652705061,0.29284649776453,0.0347668000031262,18,0.725935120832691,0.581184918004578,15734.5301430092,0.421832041414557,0.602065007395811,,"[-0.7259351208326912, 0.5811849180045778, -15734.53014300923, 0.29284649776453053, ""{\""min_cluster_size\"": 80, \""min_samples\"": 10}""]","[11.0, 6.317626527050611, -0.7259351208326912, 0.5811849180045778, -15734.53014300923, 0.29284649776453053, ""{\""min_cluster_size\"": 80, \""min_samples\"": 10}""]",False,True,8,20,1,A5,True,"[1, 6.317626527050611, -0.7259351208326912, 0.5811849180045778, -15734.53014300923, 0.2928464977645305, ""{\""min_cluster_size\"": 80, \""min_samples\"": 10}""]"
bellevue_150th_se38th,hdbscan,2,20263704,"{""min_cluster_size"": 80, ""min_samples"": 20}",2865,7,11,269,9.3891797556719,0.301617873651772,0.0314584000734612,18,0.750113947621797,0.40402572889384,23819.8067354109,0.420010766847619,0.604233760968447,,"[-0.7501139476217971, 0.4040257288938401, -23819.806735410904, 0.30161787365177195, ""{\""min_cluster_size\"": 80, \""min_samples\"": 20}""]","[11.0, 9.389179755671902, -0.7501139476217971, 0.4040257288938401, -23819.806735410904, 0.30161787365177195, ""{\""min_cluster_size\"": 80, \""min_samples\"": 20}""]",False,False,8,20,1,A5,False,
bellevue_150th_se38th,hdbscan,3,20263705,"{""min_cluster_size"": 160, ""min_samples"": 10}",2865,4,14,203,7.08551483420593,0.346356123215627,0.0294757999945431,18,0.810771359654019,0.339155000822775,13920.6207538771,0.415735570058783,0.527516991902617,,"[-0.8107713596540186, 0.3391550008227747, -13920.620753877081, 0.34635612321562737, ""{\""min_cluster_size\"": 160, \""min_samples\"": 10}""]","[14.0, 7.0855148342059335, -0.8107713596540186, 0.3391550008227747, -13920.620753877081, 0.34635612321562737, ""{\""min_cluster_size\"": 160, \""min_samples\"": 10}""]",False,False,8,20,4,A5,False,
bellevue_150th_se38th,hdbscan,4,20263706,"{""min_cluster_size"": 160, ""min_samples"": 20}",2865,3,15,391,13.6474694589878,0.369846402586904,0.0317896999185904,18,0.844677022733758,0.175829034179734,24475.6067639034,0.40485246074561,0.496333982864531,,"[-0.8446770227337581, 0.17582903417973403, -24475.606763903408, 0.3698464025869038, ""{\""min_cluster_size\"": 160, \""min_samples\"": 20}""]","[15.0, 13.647469458987784, -0.8446770227337581, 0.17582903417973403, -24475.606763903408, 0.3698464025869038, ""{\""min_cluster_size\"": 160, \""min_samples\"": 20}""]",True,False,8,20,5,A5,False,
bellevue_150th_se38th,hdbscan,5,20263707,"{""min_cluster_size"": 320, ""min_samples"": 10}",2865,3,15,363,12.6701570680628,0.368505195843325,0.0293500999687239,18,0.831099891593994,0.187699762263997,20814.2766090616,0.40583734222512,0.496893856924331,,"[-0.8310998915939941, 0.18769976226399732, -20814.276609061606, 0.36850519584332536, ""{\""min_cluster_size\"": 320, \""min_samples\"": 10}""]","[15.0, 12.670157068062828, -0.8310998915939941, 0.18769976226399732, -20814.276609061606, 0.36850519584332536, ""{\""min_cluster_size\"": 320, \""min_samples\"": 10}""]",False,False,8,20,5,A5,False,
bellevue_150th_se38th,hdbscan,6,20263708,"{""min_cluster_size"": 320, ""min_samples"": 20}",2865,3,15,391,13.6474694589878,0.369846402586904,0.0307137999916449,18,0.844677022733758,0.175829034179734,24475.6067639034,0.40485246074561,0.496333982864531,,"[-0.8446770227337581, 0.17582903417973403, -24475.606763903408, 0.3698464025869038, ""{\""min_cluster_size\"": 320, \""min_samples\"": 20}""]","[15.0, 13.647469458987784, -0.8446770227337581, 0.17582903417973403, -24475.606763903408, 0.3698464025869038, ""{\""min_cluster_size\"": 320, \""min_samples\"": 20}""]",False,False,8,20,5,A5,False,
bellevue_150th_se38th,optics,1,20263703,"{""max_eps"": 0.0105626297519378, ""min_samples"": 40, ""xi"": 0.05}",2865,8,10,1503,52.4607329842932,0.397209985315712,0.376541799982078,18,0.37275980751478,0.791139505301247,203625.935849482,0.301910716095,0.502048128536641,,"[-0.3727598075147803, 0.7911395053012473, -203625.93584948184, 0.39720998531571217, ""{\""max_eps\"": 0.0105626297519378, \""min_samples\"": 40, \""xi\"": 0.05}""]","[10.0, 52.460732984293195, -0.3727598075147803, 0.7911395053012473, -203625.93584948184, 0.39720998531571217, ""{\""max_eps\"": 0.0105626297519378, \""min_samples\"": 40, \""xi\"": 0.05}""]",False,False,8,20,0,A5,False,
bellevue_150th_se38th,optics,2,20263704,"{""max_eps"": 0.020337294551748715, ""min_samples"": 40, ""xi"": 0.05}",2865,7,11,1100,38.3944153577661,0.430594900849858,0.697798599954695,18,0.848518189346141,0.404043128408653,140881.371351781,0.354022363691853,0.538244916494695,,"[-0.8485181893461409, 0.40404312840865314, -140881.3713517812, 0.43059490084985835, ""{\""max_eps\"": 0.020337294551748715, \""min_samples\"": 40, \""xi\"": 0.05}""]","[11.0, 38.39441535776614, -0.8485181893461409, 0.40404312840865314, -140881.3713517812, 0.43059490084985835, ""{\""max_eps\"": 0.020337294551748715, \""min_samples\"": 40, \""xi\"": 0.05}""]",False,False,8,20,1,A5,False,
bellevue_150th_se38th,optics,3,20263705,"{""max_eps"": 0.037180729231304936, ""min_samples"": 40, ""xi"": 0.05}",2865,9,9,940,32.8097731239093,0.401558441558442,0.827866000006907,18,0.852240383702534,0.340394050514474,104571.045180759,0.379139092173337,0.611441555565209,,"[-0.8522403837025341, 0.34039405051447424, -104571.0451807585, 0.40155844155844156, ""{\""max_eps\"": 0.037180729231304936, \""min_samples\"": 40, \""xi\"": 0.05}""]","[9.0, 32.80977312390925, -0.8522403837025341, 0.34039405051447424, -104571.0451807585, 0.40155844155844156, ""{\""max_eps\"": 0.037180729231304936, \""min_samples\"": 40, \""xi\"": 0.05}""]",False,False,8,20,0,A5,False,
bellevue_150th_se38th,optics,4,20263706,"{""max_eps"": 0.09623894321033927, ""min_samples"": 40, ""xi"": 0.05}",2865,12,6,685,23.9092495636998,0.361009174311927,0.978905300027691,18,0.841277102458385,0.308515325958298,48391.2045384475,0.424927112360096,0.717900262346341,,"[-0.841277102458385, 0.3085153259582977, -48391.20453844755, 0.3610091743119266, ""{\""max_eps\"": 0.09623894321033927, \""min_samples\"": 40, \""xi\"": 0.05}""]","[6.0, 23.909249563699827, -0.841277102458385, 0.3085153259582977, -48391.20453844755, 0.3610091743119266, ""{\""max_eps\"": 0.09623894321033927, \""min_samples\"": 40, \""xi\"": 0.05}""]",False,True,8,20,0,A5,True,"[0, 23.909249563699827, -0.841277102458385, 0.3085153259582977, -48391.20453844755, 0.3610091743119266, ""{\""max_eps\"": 0.09623894321033927, \""min_samples\"": 40, \""xi\"": 0.05}""]"
bellevue_150th_se38th,optics,5,20263707,"{""max_eps"": 0.0105626297519378, ""min_samples"": 40, ""xi"": 0.07}",2865,7,11,1607,56.0907504363002,0.430047694753577,0.372788200038485,18,0.357458968540619,0.799756963996927,177616.97560798,0.286301540252255,0.462694180203216,,"[-0.35745896854061865, 0.7997569639969272, -177616.97560797966, 0.4300476947535771, ""{\""max_eps\"": 0.0105626297519378, \""min_samples\"": 40, \""xi\"": 0.07}""]","[11.0, 56.090750436300176, -0.35745896854061865, 0.7997569639969272, -177616.97560797966, 0.4300476947535771, ""{\""max_eps\"": 0.0105626297519378, \""min_samples\"": 40, \""xi\"": 0.07}""]",False,False,8,20,1,A5,False,
bellevue_150th_se38th,optics,6,20263708,"{""max_eps"": 0.020337294551748715, ""min_samples"": 40, ""xi"": 0.07}",2865,4,14,1388,48.4467713787086,0.51455653351388,0.691419999930076,18,0.919029222757283,0.0828193465360603,106133.333538706,0.330444685906204,0.451064884561127,,"[-0.9190292227572834, 0.08281934653606032, -106133.33353870561, 0.5145565335138795, ""{\""max_eps\"": 0.020337294551748715, \""min_samples\"": 40, \""xi\"": 0.07}""]","[14.0, 48.446771378708554, -0.9190292227572834, 0.08281934653606032, -106133.33353870561, 0.5145565335138795, ""{\""max_eps\"": 0.020337294551748715, \""min_samples\"": 40, \""xi\"": 0.07}""]",False,False,8,20,4,A5,False,
bellevue_150th_se38th,optics,7,20263709,"{""max_eps"": 0.037180729231304936, ""min_samples"": 40, ""xi"": 0.07}",2865,6,12,1072,37.4171029668412,0.431121026213051,0.812547899899073,18,0.895255206935224,0.110063987612765,48185.8510256087,0.364166592605094,0.533568015469696,,"[-0.895255206935224, 0.11006398761276505, -48185.85102560867, 0.43112102621305076, ""{\""max_eps\"": 0.037180729231304936, \""min_samples\"": 40, \""xi\"": 0.07}""]","[12.0, 37.417102966841185, -0.895255206935224, 0.11006398761276505, -48185.85102560867, 0.43112102621305076, ""{\""max_eps\"": 0.037180729231304936, \""min_samples\"": 40, \""xi\"": 0.07}""]",False,False,8,20,2,A5,False,
bellevue_150th_se38th,optics,8,20263710,"{""max_eps"": 0.09623894321033927, ""min_samples"": 40, ""xi"": 0.07}",2865,9,9,788,27.5043630017452,0.378911892152142,0.985058000078425,18,0.870701309455996,0.151388588114325,24354.8914269465,0.399060975832137,0.637486801410178,,"[-0.8707013094559957, 0.1513885881143252, -24354.891426946462, 0.3789118921521425, ""{\""max_eps\"": 0.09623894321033927, \""min_samples\"": 40, \""xi\"": 0.07}""]","[9.0, 27.5043630017452, -0.8707013094559957, 0.1513885881143252, -24354.891426946462, 0.3789118921521425, ""{\""max_eps\"": 0.09623894321033927, \""min_samples\"": 40, \""xi\"": 0.07}""]",False,False,8,20,0,A5,False,
bellevue_150th_se38th,optics,9,20263711,"{""max_eps"": 0.0105626297519378, ""min_samples"": 80, ""xi"": 0.05}",2865,3,15,2423,84.5724258289703,0.384615384615385,0.0858278999803587,18,0.678625526195128,0.417459453605966,541526.632540564,0.245974263790851,0.330206974724758,,"[-0.6786255261951276, 0.41745945360596576, -541526.6325405639, 0.38461538461538464, ""{\""max_eps\"": 0.0105626297519378, \""min_samples\"": 80, \""xi\"": 0.05}""]","[15.0, 84.57242582897034, -0.6786255261951276, 0.41745945360596576, -541526.6325405639, 0.38461538461538464, ""{\""max_eps\"": 0.0105626297519378, \""min_samples\"": 80, \""xi\"": 0.05}""]",False,False,8,20,5,A5,False,
bellevue_150th_se38th,optics,10,20263712,"{""max_eps"": 0.020337294551748715, ""min_samples"": 80, ""xi"": 0.05}",2865,3,15,952,33.2286212914485,0.390486147412441,0.604601999977604,18,0.931674299852372,0.0974241415907273,411333.467929011,0.371014093388629,0.465533662442114,,"[-0.931674299852372, 0.09742414159072739, -411333.46792901057, 0.3904861474124412, ""{\""max_eps\"": 0.020337294551748715, \""min_samples\"": 80, \""xi\"": 0.05}""]","[15.0, 33.22862129144852, -0.931674299852372, 0.09742414159072739, -411333.46792901057, 0.3904861474124412, ""{\""max_eps\"": 0.020337294551748715, \""min_samples\"": 80, \""xi\"": 0.05}""]",True,False,8,20,5,A5,False,
bellevue_150th_se38th,optics,11,20263713,"{""max_eps"": 0.037180729231304936, ""min_samples"": 80, ""xi"": 0.05}",2865,3,15,814,28.4118673647469,0.376889322281814,0.740349799976684,18,0.924817512682329,0.105796110198371,352418.28728048,0.381319500847184,0.475494126351259,,"[-0.9248175126823294, 0.10579611019837064, -352418.28728048026, 0.37688932228181377, ""{\""max_eps\"": 0.037180729231304936, \""min_samples\"": 80, \""xi\"": 0.05}""]","[15.0, 28.411867364746946, -0.9248175126823294, 0.10579611019837064, -352418.28728048026, 0.37688932228181377, ""{\""max_eps\"": 0.037180729231304936, \""min_samples\"": 80, \""xi\"": 0.05}""]",False,False,8,20,5,A5,False,
bellevue_150th_se38th,optics,12,20263714,"{""max_eps"": 0.09623894321033927, ""min_samples"": 80, ""xi"": 0.05}",2865,6,12,505,17.6265270506108,0.333474576271186,0.898550199926831,18,0.889919460899985,0.155891111387198,105446.48201549,0.411459823311857,0.579075467358337,,"[-0.889919460899985, 0.15589111138719858, -105446.48201548988, 0.33347457627118643, ""{\""max_eps\"": 0.09623894321033927, \""min_samples\"": 80, \""xi\"": 0.05}""]","[12.0, 17.62652705061082, -0.889919460899985, 0.15589111138719858, -105446.48201548988, 0.33347457627118643, ""{\""max_eps\"": 0.09623894321033927, \""min_samples\"": 80, \""xi\"": 0.05}""]",False,False,8,20,2,A5,False,
bellevue_150th_se38th,optics,13,20263715,"{""max_eps"": 0.0105626297519378, ""min_samples"": 80, ""xi"": 0.07}",2865,3,15,2423,84.5724258289703,0.384615384615385,0.0860324000241234,18,0.678625526195128,0.417459453605966,541526.632540564,0.245974263790851,0.330206974724758,,"[-0.6786255261951276, 0.41745945360596576, -541526.6325405639, 0.38461538461538464, ""{\""max_eps\"": 0.0105626297519378, \""min_samples\"": 80, \""xi\"": 0.07}""]","[15.0, 84.57242582897034, -0.6786255261951276, 0.41745945360596576, -541526.6325405639, 0.38461538461538464, ""{\""max_eps\"": 0.0105626297519378, \""min_samples\"": 80, \""xi\"": 0.07}""]",False,False,8,20,5,A5,False,
bellevue_150th_se38th,optics,14,20263716,"{""max_eps"": 0.020337294551748715, ""min_samples"": 80, ""xi"": 0.07}",2865,3,15,952,33.2286212914485,0.390486147412441,0.614424100029282,18,0.931674299852372,0.0974241415907273,411333.467929011,0.371014093388629,0.465533662442114,,"[-0.931674299852372, 0.09742414159072739, -411333.46792901057, 0.3904861474124412, ""{\""max_eps\"": 0.020337294551748715, \""min_samples\"": 80, \""xi\"": 0.07}""]","[15.0, 33.22862129144852, -0.931674299852372, 0.09742414159072739, -411333.46792901057, 0.3904861474124412, ""{\""max_eps\"": 0.020337294551748715, \""min_samples\"": 80, \""xi\"": 0.07}""]",False,False,8,20,5,A5,False,
bellevue_150th_se38th,optics,15,20263717,"{""max_eps"": 0.037180729231304936, ""min_samples"": 80, ""xi"": 0.07}",2865,3,15,814,28.4118673647469,0.376889322281814,0.754443899961188,18,0.924817512682329,0.105796110198371,352418.28728048,0.381319500847184,0.475494126351259,,"[-0.9248175126823294, 0.10579611019837064, -352418.28728048026, 0.37688932228181377, ""{\""max_eps\"": 0.037180729231304936, \""min_samples\"": 80, \""xi\"": 0.07}""]","[15.0, 28.411867364746946, -0.9248175126823294, 0.10579611019837064, -352418.28728048026, 0.37688932228181377, ""{\""max_eps\"": 0.037180729231304936, \""min_samples\"": 80, \""xi\"": 0.07}""]",False,False,8,20,5,A5,False,
bellevue_150th_se38th,optics,16,20263718,"{""max_eps"": 0.09623894321033927, ""min_samples"": 80, ""xi"": 0.07}",2865,6,12,322,11.239092495637,0.3094769956744,0.902843300020322,18,0.869709007441091,0.174268086170254,84850.8347486953,0.424946972744011,0.591885661725963,,"[-0.8697090074410915, 0.17426808617025422, -84850.83474869526, 0.3094769956744003, ""{\""max_eps\"": 0.09623894321033927, \""min_samples\"": 80, \""xi\"": 0.07}""]","[12.0, 11.239092495636998, -0.8697090074410915, 0.17426808617025422, -84850.83474869526, 0.3094769956744003, ""{\""max_eps\"": 0.09623894321033927, \""min_samples\"": 80, \""xi\"": 0.07}""]",False,False,8,20,2,A5,False,
bellevue_ne8th,kmeans,1,20264703,"{""max_iter"": 300, ""n_clusters"": 2, ""n_init"": 10}",6321,2,7,0,0,0.542002847650688,0.0108646000735461,9,0.551800798301624,0.837129589658839,4146.46665990425,0.419356125884798,0.488933607730695,,"[-0.5518007983016237, 0.8371295896588385, -4146.466659904253, 0.5420028476506882, ""{\""max_iter\"": 300, \""n_clusters\"": 2, \""n_init\"": 10}""]","[7.0, -0.5518007983016237, 0.8371295896588385, -4146.466659904253, 0.5420028476506882, ""{\""max_iter\"": 300, \""n_clusters\"": 2, \""n_init\"": 10}""]",False,False,9,10,7,A5,False,
bellevue_ne8th,kmeans,2,20264704,"{""max_iter"": 300, ""n_clusters"": 3, ""n_init"": 10}",6321,3,6,0,0,0.438063597532036,0.0134243000065907,9,0.625047886735878,0.604119819150351,4935.70294914057,0.447187204593962,0.566452184128142,,"[-0.6250478867358775, 0.6041198191503511, -4935.702949140566, 0.43806359753203605, ""{\""max_iter\"": 300, \""n_clusters\"": 3, \""n_init\"": 10}""]","[6.0, -0.6250478867358775, 0.6041198191503511, -4935.702949140566, 0.43806359753203605, ""{\""max_iter\"": 300, \""n_clusters\"": 3, \""n_init\"": 10}""]",False,False,9,10,6,A5,False,
bellevue_ne8th,kmeans,3,20264705,"{""max_iter"": 300, ""n_clusters"": 4, ""n_init"": 10}",6321,4,5,0,0,0.298845119443126,0.0132354999659582,9,0.729949886922928,0.423566246137284,8907.36125310121,0.483402707187974,0.649081320863002,,"[-0.7299498869229283, 0.42356624613728455, -8907.361253101213, 0.2988451194431261, ""{\""max_iter\"": 300, \""n_clusters\"": 4, \""n_init\"": 10}""]","[5.0, -0.7299498869229283, 0.42356624613728455, -8907.361253101213, 0.2988451194431261, ""{\""max_iter\"": 300, \""n_clusters\"": 4, \""n_init\"": 10}""]",False,False,9,10,5,A5,False,
bellevue_ne8th,kmeans,4,20264706,"{""max_iter"": 300, ""n_clusters"": 5, ""n_init"": 10}",6321,5,4,0,0,0.298845119443126,0.0153338001109659,9,0.764335708634804,0.322118218178686,10001.9787556708,0.506150374253695,0.711746252797741,,"[-0.7643357086348036, 0.32211821817868636, -10001.978755670827, 0.2988451194431261, ""{\""max_iter\"": 300, \""n_clusters\"": 5, \""n_init\"": 10}""]","[4.0, -0.7643357086348036, 0.32211821817868636, -10001.978755670827, 0.2988451194431261, ""{\""max_iter\"": 300, \""n_clusters\"": 5, \""n_init\"": 10}""]",False,False,9,10,4,A5,False,
bellevue_ne8th,kmeans,5,20264707,"{""max_iter"": 300, ""n_clusters"": 6, ""n_init"": 10}",6321,6,3,0,0,0.256288561936402,0.0170521000400185,9,0.781420330143588,0.284692582962097,11638.2819819026,0.539861977134397,0.774615127288589,,"[-0.7814203301435885, 0.28469258296209743, -11638.281981902597, 0.2562885619364025, ""{\""max_iter\"": 300, \""n_clusters\"": 6, \""n_init\"": 10}""]","[3.0, -0.7814203301435885, 0.28469258296209743, -11638.281981902597, 0.2562885619364025, ""{\""max_iter\"": 300, \""n_clusters\"": 6, \""n_init\"": 10}""]",False,False,9,10,3,A5,False,
bellevue_ne8th,kmeans,6,20264708,"{""max_iter"": 300, ""n_clusters"": 7, ""n_init"": 10}",6321,7,2,0,0,0.236355007119127,0.0172572000883519,9,0.808561789141759,0.295706957352724,13606.0360981621,0.588714894466336,0.832859422409719,,"[-0.8085617891417595, 0.2957069573527238, -13606.03609816207, 0.23635500711912671, ""{\""max_iter\"": 300, \""n_clusters\"": 7, \""n_init\"": 10}""]","[2.0, -0.8085617891417595, 0.2957069573527238, -13606.03609816207, 0.23635500711912671, ""{\""max_iter\"": 300, \""n_clusters\"": 7, \""n_init\"": 10}""]",False,False,9,10,2,A5,False,
bellevue_ne8th,kmeans,7,20264709,"{""max_iter"": 300, ""n_clusters"": 8, ""n_init"": 10}",6321,8,1,0,0,0.236355007119127,0.0198130999924615,9,0.823468087818383,0.227081968722549,22113.2289811961,0.683284977855357,0.893476496476152,,"[-0.8234680878183831, 0.22708196872254893, -22113.22898119606, 0.23635500711912671, ""{\""max_iter\"": 300, \""n_clusters\"": 8, \""n_init\"": 10}""]","[1.0, -0.8234680878183831, 0.22708196872254893, -22113.22898119606, 0.23635500711912671, ""{\""max_iter\"": 300, \""n_clusters\"": 8, \""n_init\"": 10}""]",False,False,9,10,1,A5,False,
bellevue_ne8th,kmeans,8,20264710,"{""max_iter"": 300, ""n_clusters"": 9, ""n_init"": 10}",6321,9,0,0,0,0.236355007119127,0.0208040999714285,9,0.83051332505305,0.215112839571697,22918.7089580418,0.95903860737403,0.95018704920732,,"[-0.8305133250530503, 0.2151128395716973, -22918.70895804184, 0.23635500711912671, ""{\""max_iter\"": 300, \""n_clusters\"": 9, \""n_init\"": 10}""]","[0.0, -0.8305133250530503, 0.2151128395716973, -22918.70895804184, 0.23635500711912671, ""{\""max_iter\"": 300, \""n_clusters\"": 9, \""n_init\"": 10}""]",False,True,9,10,0,A5,False,
bellevue_ne8th,kmeans,9,20264711,"{""max_iter"": 300, ""n_clusters"": 10, ""n_init"": 10}",6321,10,1,0,0,0.236355007119127,0.0289320999290794,9,0.835906600056895,0.204239715535202,24499.5069746235,0.684679801896867,0.895644218947246,,"[-0.8359066000568947, 0.20423971553520234, -24499.506974623455, 0.23635500711912671, ""{\""max_iter\"": 300, \""n_clusters\"": 10, \""n_init\"": 10}""]","[1.0, -0.8359066000568947, 0.20423971553520234, -24499.506974623455, 0.23635500711912671, ""{\""max_iter\"": 300, \""n_clusters\"": 10, \""n_init\"": 10}""]",True,False,9,10,0,A5,True,"[0, -0.8359066000568947, 0.2042397155352023, -24499.50697462345, 0.2363550071191267, ""{\""max_iter\"": 300, \""n_clusters\"": 10, \""n_init\"": 10}""]"
bellevue_ne8th,kmeans,10,20264712,"{""max_iter"": 300, ""n_clusters"": 11, ""n_init"": 10}",6321,11,2,0,0,0.216105046669831,0.0251520999008789,9,0.803367497967578,0.25351712503687,26727.9892935966,0.591778971351332,0.837222294693489,,"[-0.8033674979675779, 0.25351712503687, -26727.989293596616, 0.2161050466698307, ""{\""max_iter\"": 300, \""n_clusters\"": 11, \""n_init\"": 10}""]","[2.0, -0.8033674979675779, 0.25351712503687, -26727.989293596616, 0.2161050466698307, ""{\""max_iter\"": 300, \""n_clusters\"": 11, \""n_init\"": 10}""]",False,False,9,10,1,A5,False,
bellevue_ne8th,kmeans,11,20264713,"{""max_iter"": 300, ""n_clusters"": 12, ""n_init"": 10}",6321,12,3,0,0,0.216105046669831,0.0336173999821767,9,0.766465042236335,0.340845346694433,27984.0637557102,0.541502655727891,0.774625897344282,,"[-0.7664650422363349, 0.3408453466944328, -27984.063755710227, 0.2161050466698307, ""{\""max_iter\"": 300, \""n_clusters\"": 12, \""n_init\"": 10}""]","[3.0, -0.7664650422363349, 0.3408453466944328, -27984.063755710227, 0.2161050466698307, ""{\""max_iter\"": 300, \""n_clusters\"": 12, \""n_init\"": 10}""]",False,False,9,10,2,A5,False,
bellevue_ne8th,kmeans,12,20264714,"{""max_iter"": 300, ""n_clusters"": 13, ""n_init"": 10}",6321,13,4,0,0,0.169909824394874,0.0404224999947473,9,0.682204821886107,0.438633490625296,32508.1246166187,0.511874462343471,0.714407443809902,,"[-0.6822048218861069, 0.4386334906252961, -32508.12461661866, 0.16990982439487423, ""{\""max_iter\"": 300, \""n_clusters\"": 13, \""n_init\"": 10}""]","[4.0, -0.6822048218861069, 0.4386334906252961, -32508.12461661866, 0.16990982439487423, ""{\""max_iter\"": 300, \""n_clusters\"": 13, \""n_init\"": 10}""]",False,False,9,10,3,A5,False,
bellevue_ne8th,kmeans,13,20264715,"{""max_iter"": 300, ""n_clusters"": 14, ""n_init"": 10}",6321,14,5,0,0,0.169277013130834,0.0352207999676466,9,0.629873965533226,0.556806039814064,32494.2497457679,0.488349702440019,0.65102229680535,,"[-0.6298739655332262, 0.556806039814064, -32494.249745767913, 0.16927701313083374, ""{\""max_iter\"": 300, \""n_clusters\"": 14, \""n_init\"": 10}""]","[5.0, -0.6298739655332262, 0.556806039814064, -32494.249745767913, 0.16927701313083374, ""{\""max_iter\"": 300, \""n_clusters\"": 14, \""n_init\"": 10}""]",False,False,9,10,4,A5,False,
bellevue_ne8th,kmeans,14,20264716,"{""max_iter"": 300, ""n_clusters"": 15, ""n_init"": 10}",6321,15,6,0,0,0.16421452301851,0.0367011999478563,9,0.62770726701472,0.515466937040267,34084.9652688823,0.476528471161442,0.597616840797808,,"[-0.6277072670147199, 0.5154669370402672, -34084.96526888225, 0.16421452301850972, ""{\""max_iter\"": 300, \""n_clusters\"": 15, \""n_init\"": 10}""]","[6.0, -0.6277072670147199, 0.5154669370402672, -34084.96526888225, 0.16421452301850972, ""{\""max_iter\"": 300, \""n_clusters\"": 15, \""n_init\"": 10}""]",False,False,9,10,5,A5,False,
bellevue_ne8th,kmeans,15,20264717,"{""max_iter"": 300, ""n_clusters"": 16, ""n_init"": 10}",6321,16,7,0,0,0.16421452301851,0.0437580998986959,9,0.623441154489068,0.513771977362286,33408.9600798363,0.466530679137617,0.541921863963743,,"[-0.6234411544890681, 0.5137719773622855, -33408.9600798363, 0.16421452301850972, ""{\""max_iter\"": 300, \""n_clusters\"": 16, \""n_init\"": 10}""]","[7.0, -0.6234411544890681, 0.5137719773622855, -33408.9600798363, 0.16421452301850972, ""{\""max_iter\"": 300, \""n_clusters\"": 16, \""n_init\"": 10}""]",False,False,9,10,6,A5,False,
bellevue_ne8th,kmeans,16,20264718,"{""max_iter"": 300, ""n_clusters"": 17, ""n_init"": 10}",6321,17,8,0,0,0.16421452301851,0.0441503999754786,9,0.635127302308717,0.529722896808794,37628.337789684,0.459131682290866,0.48626178510148,,"[-0.6351273023087172, 0.5297228968087936, -37628.33778968404, 0.16421452301850972, ""{\""max_iter\"": 300, \""n_clusters\"": 17, \""n_init\"": 10}""]","[8.0, -0.6351273023087172, 0.5297228968087936, -37628.33778968404, 0.16421452301850972, ""{\""max_iter\"": 300, \""n_clusters\"": 17, \""n_init\"": 10}""]",False,False,9,10,7,A5,False,
bellevue_ne8th,kmeans,17,20264719,"{""max_iter"": 300, ""n_clusters"": 18, ""n_init"": 10}",6321,18,9,0,0,0.16421452301851,0.0502117000287398,9,0.612993353349628,0.554874304406539,35855.0306838451,0.451385155549348,0.428542095733065,,"[-0.6129933533496285, 0.5548743044065394, -35855.03068384507, 0.16421452301850972, ""{\""max_iter\"": 300, \""n_clusters\"": 18, \""n_init\"": 10}""]","[9.0, -0.6129933533496285, 0.5548743044065394, -35855.03068384507, 0.16421452301850972, ""{\""max_iter\"": 300, \""n_clusters\"": 18, \""n_init\"": 10}""]",False,False,9,10,8,A5,False,
bellevue_ne8th,kmeans,18,20264720,"{""max_iter"": 300, ""n_clusters"": 19, ""n_init"": 10}",6321,19,10,0,0,0.16421452301851,0.0490816000383347,9,0.621346143737756,0.570160330724228,38032.0901639537,0.446489736698646,0.428333618512255,,"[-0.6213461437377557, 0.5701603307242277, -38032.09016395366, 0.16421452301850972, ""{\""max_iter\"": 300, \""n_clusters\"": 19, \""n_init\"": 10}""]","[10.0, -0.6213461437377557, 0.5701603307242277, -38032.09016395366, 0.16421452301850972, ""{\""max_iter\"": 300, \""n_clusters\"": 19, \""n_init\"": 10}""]",False,False,9,10,9,A5,False,
bellevue_ne8th,kmeans,19,20264721,"{""max_iter"": 300, ""n_clusters"": 20, ""n_init"": 10}",6321,20,11,0,0,0.1640563202025,0.048218100098893,9,0.618079596136282,0.565403846342269,37903.8253397736,0.442272320665936,0.42837962687864,,"[-0.6180795961362817, 0.5654038463422688, -37903.825339773575, 0.1640563202024996, ""{\""max_iter\"": 300, \""n_clusters\"": 20, \""n_init\"": 10}""]","[11.0, -0.6180795961362817, 0.5654038463422688, -37903.825339773575, 0.1640563202024996, ""{\""max_iter\"": 300, \""n_clusters\"": 20, \""n_init\"": 10}""]",False,False,9,10,10,A5,False,
bellevue_ne8th,kmeans,20,20264722,"{""max_iter"": 300, ""n_clusters"": 21, ""n_init"": 10}",6321,21,12,0,0,0.125929441544059,0.052536700037308,9,0.622083713633174,0.560339335958215,35855.7155885886,0.442863245509812,0.432599864876987,,"[-0.6220837136331743, 0.5603393359582145, -35855.71558858863, 0.1259294415440595, ""{\""max_iter\"": 300, \""n_clusters\"": 21, \""n_init\"": 10}""]","[12.0, -0.6220837136331743, 0.5603393359582145, -35855.71558858863, 0.1259294415440595, ""{\""max_iter\"": 300, \""n_clusters\"": 21, \""n_init\"": 10}""]",False,False,9,10,11,A5,False,
bellevue_ne8th,kmeans,21,20264723,"{""max_iter"": 300, ""n_clusters"": 22, ""n_init"": 10}",6321,22,13,0,0,0.1640563202025,0.0537059999769553,9,0.576878780365298,0.627958372880751,36724.3043164133,0.43243733731989,0.423864939070336,,"[-0.5768787803652979, 0.6279583728807513, -36724.30431641334, 0.1640563202024996, ""{\""max_iter\"": 300, \""n_clusters\"": 22, \""n_init\"": 10}""]","[13.0, -0.5768787803652979, 0.6279583728807513, -36724.30431641334, 0.1640563202024996, ""{\""max_iter\"": 300, \""n_clusters\"": 22, \""n_init\"": 10}""]",False,False,9,10,12,A5,False,
bellevue_ne8th,kmeans,22,20264724,"{""max_iter"": 300, ""n_clusters"": 23, ""n_init"": 10}",6321,23,14,0,0,0.125929441544059,0.0594861999852582,9,0.586196383039331,0.604835492433259,37187.6877760714,0.434539383017281,0.429028557703667,,"[-0.5861963830393313, 0.604835492433259, -37187.6877760714, 0.1259294415440595, ""{\""max_iter\"": 300, \""n_clusters\"": 23, \""n_init\"": 10}""]","[14.0, -0.5861963830393313, 0.604835492433259, -37187.6877760714, 0.1259294415440595, ""{\""max_iter\"": 300, \""n_clusters\"": 23, \""n_init\"": 10}""]",False,False,9,10,13,A5,False,
bellevue_ne8th,kmeans,23,20264725,"{""max_iter"": 300, ""n_clusters"": 24, ""n_init"": 10}",6321,24,15,0,0,0.125771238728049,0.0596263000043109,9,0.602175209830046,0.647630511918966,37829.9751203902,0.432253246273168,0.428224855927638,,"[-0.6021752098300457, 0.6476305119189659, -37829.975120390234, 0.12577123872804935, ""{\""max_iter\"": 300, \""n_clusters\"": 24, \""n_init\"": 10}""]","[15.0, -0.6021752098300457, 0.6476305119189659, -37829.975120390234, 0.12577123872804935, ""{\""max_iter\"": 300, \""n_clusters\"": 24, \""n_init\"": 10}""]",False,False,9,10,14,A5,False,
bellevue_ne8th,kmeans,24,20264726,"{""max_iter"": 300, ""n_clusters"": 25, ""n_init"": 10}",6321,25,16,0,0,0.125771238728049,0.0582657000049948,9,0.592354700495671,0.642266299698197,37107.6280288578,0.429839284551773,0.427932075598626,,"[-0.592354700495671, 0.6422662996981969, -37107.62802885785, 0.12577123872804935, ""{\""max_iter\"": 300, \""n_clusters\"": 25, \""n_init\"": 10}""]","[16.0, -0.592354700495671, 0.6422662996981969, -37107.62802885785, 0.12577123872804935, ""{\""max_iter\"": 300, \""n_clusters\"": 25, \""n_init\"": 10}""]",False,False,9,10,15,A5,False,
bellevue_ne8th,kmeans,25,20264727,"{""max_iter"": 300, ""n_clusters"": 26, ""n_init"": 10}",6321,26,17,0,0,0.125771238728049,0.0707273000152781,9,0.556386308071948,0.662599774241608,37818.071211659,0.425871130214773,0.425388957787642,,"[-0.5563863080719478, 0.6625997742416083, -37818.071211658986, 0.12577123872804935, ""{\""max_iter\"": 300, \""n_clusters\"": 26, \""n_init\"": 10}""]","[17.0, -0.5563863080719478, 0.6625997742416083, -37818.071211658986, 0.12577123872804935, ""{\""max_iter\"": 300, \""n_clusters\"": 26, \""n_init\"": 10}""]",False,False,9,10,16,A5,False,
bellevue_ne8th,kmeans,26,20264728,"{""max_iter"": 300, ""n_clusters"": 27, ""n_init"": 10}",6321,27,18,0,0,0.125771238728049,0.0711690000025555,9,0.580203051216762,0.621262650130659,41996.1427965147,0.426220557397717,0.428113349265295,,"[-0.5802030512167616, 0.6212626501306586, -41996.142796514716, 0.12577123872804935, ""{\""max_iter\"": 300, \""n_clusters\"": 27, \""n_init\"": 10}""]","[18.0, -0.5802030512167616, 0.6212626501306586, -41996.142796514716, 0.12577123872804935, ""{\""max_iter\"": 300, \""n_clusters\"": 27, \""n_init\"": 10}""]",False,False,9,10,17,A5,False,
bellevue_ne8th,kmeans,27,20264729,"{""max_iter"": 300, ""n_clusters"": 28, ""n_init"": 10}",6321,28,19,0,0,0.125771238728049,0.0757388999918475,9,0.584825847591999,0.631646651997428,43758.5091824437,0.424808058186458,0.42795194786612,,"[-0.5848258475919994, 0.6316466519974278, -43758.50918244371, 0.12577123872804935, ""{\""max_iter\"": 300, \""n_clusters\"": 28, \""n_init\"": 10}""]","[19.0, -0.5848258475919994, 0.6316466519974278, -43758.50918244371, 0.12577123872804935, ""{\""max_iter\"": 300, \""n_clusters\"": 28, \""n_init\"": 10}""]",False,False,9,10,18,A5,False,
bellevue_ne8th,kmeans,28,20264730,"{""max_iter"": 300, ""n_clusters"": 29, ""n_init"": 10}",6321,29,20,0,0,0.125771238728049,0.0765346999978646,9,0.57889536472092,0.636846931205638,38884.0662655752,0.423104654286821,0.427460711829448,,"[-0.5788953647209202, 0.6368469312056384, -38884.06626557515, 0.12577123872804935, ""{\""max_iter\"": 300, \""n_clusters\"": 29, \""n_init\"": 10}""]","[20.0, -0.5788953647209202, 0.6368469312056384, -38884.06626557515, 0.12577123872804935, ""{\""max_iter\"": 300, \""n_clusters\"": 29, \""n_init\"": 10}""]",False,False,9,10,19,A5,False,
bellevue_ne8th,kmeans,29,20264731,"{""max_iter"": 300, ""n_clusters"": 30, ""n_init"": 10}",6321,30,21,0,0,0.125771238728049,0.074419799959287,9,0.571587748467553,0.666473749845311,41649.5627095477,0.421005736455346,0.42600920936012,,"[-0.5715877484675531, 0.6664737498453112, -41649.562709547674, 0.12577123872804935, ""{\""max_iter\"": 300, \""n_clusters\"": 30, \""n_init\"": 10}""]","[21.0, -0.5715877484675531, 0.6664737498453112, -41649.562709547674, 0.12577123872804935, ""{\""max_iter\"": 300, \""n_clusters\"": 30, \""n_init\"": 10}""]",False,False,9,10,20,A5,False,
bellevue_ne8th,hdbscan,1,20264703,"{""min_cluster_size"": 80, ""min_samples"": 10}",6321,14,5,715,11.3115013447239,0.243667499108098,0.0723613000009208,9,0.749937548899413,0.360734851674493,37624.7291751705,0.46891864297048,0.636219049985135,,"[-0.7499375488994126, 0.3607348516744934, -37624.72917517053, 0.24366749910809846, ""{\""min_cluster_size\"": 80, \""min_samples\"": 10}""]","[5.0, 11.311501344723936, -0.7499375488994126, 0.3607348516744934, -37624.72917517053, 0.24366749910809846, ""{\""min_cluster_size\"": 80, \""min_samples\"": 10}""]",False,False,9,10,4,A5,False,
bellevue_ne8th,hdbscan,2,20264704,"{""min_cluster_size"": 80, ""min_samples"": 20}",6321,14,5,784,12.4031007751938,0.246703991331046,0.0753612000262364,9,0.76914774742958,0.336643980433053,39957.4186771777,0.468054572027945,0.636017246256792,,"[-0.7691477474295804, 0.33664398043305305, -39957.41867717768, 0.2467039913310457, ""{\""min_cluster_size\"": 80, \""min_samples\"": 20}""]","[5.0, 12.4031007751938, -0.7691477474295804, 0.33664398043305305, -39957.41867717768, 0.2467039913310457, ""{\""min_cluster_size\"": 80, \""min_samples\"": 20}""]",True,False,9,10,4,A5,False,
bellevue_ne8th,hdbscan,3,20264705,"{""min_cluster_size"": 160, ""min_samples"": 10}",6321,9,0,328,5.1890523651321,0.227932588019356,0.0716065000742673,9,0.761995741844503,0.380962710316216,44738.9206198358,0.941135049290384,0.927341675020742,,"[-0.7619957418445035, 0.380962710316216, -44738.920619835764, 0.22793258801935593, ""{\""min_cluster_size\"": 160, \""min_samples\"": 10}""]","[0.0, 5.189052365132099, -0.7619957418445035, 0.380962710316216, -44738.920619835764, 0.22793258801935593, ""{\""min_cluster_size\"": 160, \""min_samples\"": 10}""]",False,True,9,10,0,A5,True,"[0, 5.189052365132099, -0.7619957418445035, 0.380962710316216, -44738.92061983576, 0.2279325880193559, ""{\""min_cluster_size\"": 160, \""min_samples\"": 10}""]"
bellevue_ne8th,hdbscan,4,20264706,"{""min_cluster_size"": 160, ""min_samples"": 20}",6321,9,0,375,5.93260560037969,0.229734275142953,0.075916500063613,9,0.762242008312545,0.375573660891314,43891.5585243094,0.939621933193987,0.925970404687402,,"[-0.7622420083125453, 0.37557366089131405, -43891.55852430942, 0.22973427514295325, ""{\""min_cluster_size\"": 160, \""min_samples\"": 20}""]","[0.0, 5.932605600379687, -0.7622420083125453, 0.37557366089131405, -43891.55852430942, 0.22973427514295325, ""{\""min_cluster_size\"": 160, \""min_samples\"": 20}""]",False,False,9,10,0,A5,False,
bellevue_ne8th,hdbscan,5,20264707,"{""min_cluster_size"": 320, ""min_samples"": 10}",6321,6,3,865,13.6845435848758,0.257148093841642,0.0730966000119224,9,0.720373976812492,0.511043377873303,18908.5102062483,0.503524520776705,0.732447572600034,,"[-0.720373976812492, 0.511043377873303, -18908.510206248327, 0.2571480938416422, ""{\""min_cluster_size\"": 320, \""min_samples\"": 10}""]","[3.0, 13.684543584875811, -0.720373976812492, 0.511043377873303, -18908.510206248327, 0.2571480938416422, ""{\""min_cluster_size\"": 320, \""min_samples\"": 10}""]",False,False,9,10,3,A5,False,
bellevue_ne8th,hdbscan,6,20264708,"{""min_cluster_size"": 320, ""min_samples"": 20}",6321,6,3,908,14.3648156937193,0.259190836874192,0.0789772000862285,9,0.729682464375155,0.49930082760748,19661.5359289193,0.502684285886993,0.731866496963419,,"[-0.7296824643751548, 0.4993008276074799, -19661.535928919282, 0.25919083687419175, ""{\""min_cluster_size\"": 320, \""min_samples\"": 20}""]","[3.0, 14.364815693719349, -0.7296824643751548, 0.4993008276074799, -19661.535928919282, 0.25919083687419175, ""{\""min_cluster_size\"": 320, \""min_samples\"": 20}""]",False,False,9,10,3,A5,False,
bellevue_ne8th,optics,1,20264703,"{""max_eps"": 0.008851381172013503, ""min_samples"": 40, ""xi"": 0.05}",6321,14,5,2980,47.1444391710172,0.215803651601317,1.07878480001818,9,0.804857925745567,0.281285889492466,545279.699190589,0.405063616601961,0.574642469307699,,"[-0.8048579257455674, 0.2812858894924657, -545279.699190589, 0.21580365160131698, ""{\""max_eps\"": 0.008851381172013503, \""min_samples\"": 40, \""xi\"": 0.05}""]","[5.0, 47.14443917101725, -0.8048579257455674, 0.2812858894924657, -545279.699190589, 0.21580365160131698, ""{\""max_eps\"": 0.008851381172013503, \""min_samples\"": 40, \""xi\"": 0.05}""]",False,False,9,10,4,A5,False,
bellevue_ne8th,optics,2,20264704,"{""max_eps"": 0.014726152743291102, ""min_samples"": 40, ""xi"": 0.05}",6321,18,9,1934,30.5964246163582,0.176430362434465,1.5505686000688,9,0.740932409259436,0.362544028757929,199216.949493423,0.399906796871561,0.381602858756313,,"[-0.7409324092594362, 0.36254402875792874, -199216.94949342287, 0.17643036243446547, ""{\""max_eps\"": 0.014726152743291102, \""min_samples\"": 40, \""xi\"": 0.05}""]","[9.0, 30.59642461635817, -0.7409324092594362, 0.36254402875792874, -199216.94949342287, 0.17643036243446547, ""{\""max_eps\"": 0.014726152743291102, \""min_samples\"": 40, \""xi\"": 0.05}""]",False,False,9,10,8,A5,False,
bellevue_ne8th,optics,3,20264705,"{""max_eps"": 0.024361676659123005, ""min_samples"": 40, ""xi"": 0.05}",6321,13,4,3463,54.7856351843063,0.266270118964311,2.01390880008694,9,0.778177048580343,0.311621651956939,136367.193643112,0.400831319333827,0.606729846281459,,"[-0.7781770485803425, 0.31162165195693886, -136367.1936431124, 0.2662701189643107, ""{\""max_eps\"": 0.024361676659123005, \""min_samples\"": 40, \""xi\"": 0.05}""]","[4.0, 54.78563518430628, -0.7781770485803425, 0.31162165195693886, -136367.1936431124, 0.2662701189643107, ""{\""max_eps\"": 0.024361676659123005, \""min_samples\"": 40, \""xi\"": 0.05}""]",False,False,9,10,3,A5,False,
bellevue_ne8th,optics,4,20264706,"{""max_eps"": 0.044077065525483884, ""min_samples"": 40, ""xi"": 0.05}",6321,14,5,3411,53.9629805410536,0.265292096219931,2.32326840003952,9,0.776566341188799,0.317997026482004,126136.623296095,0.383976165680904,0.552468073895357,,"[-0.7765663411887989, 0.3179970264820043, -126136.62329609465, 0.2652920962199313, ""{\""max_eps\"": 0.044077065525483884, \""min_samples\"": 40, \""xi\"": 0.05}""]","[5.0, 53.96298054105363, -0.7765663411887989, 0.3179970264820043, -126136.62329609465, 0.2652920962199313, ""{\""max_eps\"": 0.044077065525483884, \""min_samples\"": 40, \""xi\"": 0.05}""]",False,False,9,10,4,A5,False,
bellevue_ne8th,optics,5,20264707,"{""max_eps"": 0.008851381172013503, ""min_samples"": 40, ""xi"": 0.07}",6321,13,4,2954,46.7331118493909,0.214137214137214,1.12458280008286,9,0.817364138773621,0.233296625531775,564947.708212182,0.426530009014078,0.634849533979757,,"[-0.8173641387736207, 0.23329662553177494, -564947.7082121816, 0.21413721413721415, ""{\""max_eps\"": 0.008851381172013503, \""min_samples\"": 40, \""xi\"": 0.07}""]","[4.0, 46.733111849390916, -0.8173641387736207, 0.23329662553177494, -564947.7082121816, 0.21413721413721415, ""{\""max_eps\"": 0.008851381172013503, \""min_samples\"": 40, \""xi\"": 0.07}""]",False,False,9,10,3,A5,False,
bellevue_ne8th,optics,6,20264708,"{""max_eps"": 0.014726152743291102, ""min_samples"": 40, ""xi"": 0.07}",6321,16,7,1951,30.8653694035754,0.177116704805492,1.56390680000186,9,0.774443370743508,0.309904205298107,221240.838870283,0.416200489443155,0.496732330747945,,"[-0.7744433707435082, 0.3099042052981069, -221240.8388702834, 0.177116704805492, ""{\""max_eps\"": 0.014726152743291102, \""min_samples\"": 40, \""xi\"": 0.07}""]","[7.0, 30.865369403575382, -0.7744433707435082, 0.3099042052981069, -221240.8388702834, 0.177116704805492, ""{\""max_eps\"": 0.014726152743291102, \""min_samples\"": 40, \""xi\"": 0.07}""]",False,False,9,10,6,A5,False,
bellevue_ne8th,optics,7,20264709,"{""max_eps"": 0.024361676659123005, ""min_samples"": 40, ""xi"": 0.07}",6321,11,2,2506,39.6456256921373,0.291218872870249,1.96970359992702,9,0.835621306521381,0.237935609969387,53577.5262932215,0.507091082849113,0.753036461265679,,"[-0.8356213065213814, 0.23793560996938662, -53577.52629322155, 0.291218872870249, ""{\""max_eps\"": 0.024361676659123005, \""min_samples\"": 40, \""xi\"": 0.07}""]","[2.0, 39.64562569213732, -0.8356213065213814, 0.23793560996938662, -53577.52629322155, 0.291218872870249, ""{\""max_eps\"": 0.024361676659123005, \""min_samples\"": 40, \""xi\"": 0.07}""]",False,False,9,10,1,A5,False,
bellevue_ne8th,optics,8,20264710,"{""max_eps"": 0.044077065525483884, ""min_samples"": 40, ""xi"": 0.07}",6321,10,1,4158,65.78073089701,0.356911696717522,2.29099490004592,9,0.914990499699553,0.181178931698453,132198.127372914,0.545827482609635,0.75760251614451,,"[-0.9149904996995527, 0.18117893169845273, -132198.12737291353, 0.356911696717522, ""{\""max_eps\"": 0.044077065525483884, \""min_samples\"": 40, \""xi\"": 0.07}""]","[1.0, 65.78073089700996, -0.9149904996995527, 0.18117893169845273, -132198.12737291353, 0.356911696717522, ""{\""max_eps\"": 0.044077065525483884, \""min_samples\"": 40, \""xi\"": 0.07}""]",True,False,9,10,0,A5,False,
bellevue_ne8th,optics,9,20264711,"{""max_eps"": 0.008851381172013503, ""min_samples"": 80, ""xi"": 0.05}",6321,10,1,3715,58.7723461477614,0.267075978511128,0.735684899962507,9,0.84265488273009,0.206819905516718,1162194.69431956,0.564311656583923,0.775187303622421,,"[-0.8426548827300901, 0.20681990551671844, -1162194.6943195648, 0.2670759785111282, ""{\""max_eps\"": 0.008851381172013503, \""min_samples\"": 80, \""xi\"": 0.05}""]","[1.0, 58.77234614776143, -0.8426548827300901, 0.20681990551671844, -1162194.6943195648, 0.2670759785111282, ""{\""max_eps\"": 0.008851381172013503, \""min_samples\"": 80, \""xi\"": 0.05}""]",False,False,9,10,0,A5,True,"[0, 58.77234614776143, -0.8426548827300901, 0.2068199055167184, -1162194.6943195648, 0.2670759785111282, ""{\""max_eps\"": 0.008851381172013503, \""min_samples\"": 80, \""xi\"": 0.05}""]"
bellevue_ne8th,optics,10,20264712,"{""max_eps"": 0.014726152743291102, ""min_samples"": 80, ""xi"": 0.05}",6321,11,2,2515,39.7880082265464,0.201261166579086,1.32687630003784,9,0.799989472761511,0.268594205471718,371106.517117606,0.513044380611029,0.758013642917206,,"[-0.799989472761511, 0.26859420547171814, -371106.5171176057, 0.20126116657908566, ""{\""max_eps\"": 0.014726152743291102, \""min_samples\"": 80, \""xi\"": 0.05}""]","[2.0, 39.78800822654643, -0.799989472761511, 0.26859420547171814, -371106.5171176057, 0.20126116657908566, ""{\""max_eps\"": 0.014726152743291102, \""min_samples\"": 80, \""xi\"": 0.05}""]",False,False,9,10,1,A5,False,
bellevue_ne8th,optics,11,20264713,"{""max_eps"": 0.024361676659123005, ""min_samples"": 80, ""xi"": 0.05}",6321,12,3,3041,48.109476348679,0.228048780487805,1.75209760002326,9,0.814667464780537,0.240753566227947,168058.28897394,0.449507633395828,0.685639057632101,,"[-0.8146674647805374, 0.24075356622794675, -168058.28897393978, 0.2280487804878049, ""{\""max_eps\"": 0.024361676659123005, \""min_samples\"": 80, \""xi\"": 0.05}""]","[3.0, 48.10947634867901, -0.8146674647805374, 0.24075356622794675, -168058.28897393978, 0.2280487804878049, ""{\""max_eps\"": 0.024361676659123005, \""min_samples\"": 80, \""xi\"": 0.05}""]",False,False,9,10,2,A5,False,
bellevue_ne8th,optics,12,20264714,"{""max_eps"": 0.044077065525483884, ""min_samples"": 80, ""xi"": 0.05}",6321,9,0,3994,63.1862047144439,0.328749462827675,2.16781400004402,9,0.911503036072319,0.16986930767315,182747.520119651,0.82906761298608,0.821807429880198,,"[-0.9115030360723186, 0.16986930767314956, -182747.5201196508, 0.32874946282767514, ""{\""max_eps\"": 0.044077065525483884, \""min_samples\"": 80, \""xi\"": 0.05}""]","[0.0, 63.18620471444392, -0.9115030360723186, 0.16986930767314956, -182747.5201196508, 0.32874946282767514, ""{\""max_eps\"": 0.044077065525483884, \""min_samples\"": 80, \""xi\"": 0.05}""]",False,True,9,10,0,A5,False,
bellevue_ne8th,optics,13,20264715,"{""max_eps"": 0.008851381172013503, ""min_samples"": 80, ""xi"": 0.07}",6321,10,1,3715,58.7723461477614,0.267075978511128,0.746647499967366,9,0.84265488273009,0.206819905516718,1162194.69431956,0.564311656583923,0.775187303622421,,"[-0.8426548827300901, 0.20681990551671844, -1162194.6943195648, 0.2670759785111282, ""{\""max_eps\"": 0.008851381172013503, \""min_samples\"": 80, \""xi\"": 0.07}""]","[1.0, 58.77234614776143, -0.8426548827300901, 0.20681990551671844, -1162194.6943195648, 0.2670759785111282, ""{\""max_eps\"": 0.008851381172013503, \""min_samples\"": 80, \""xi\"": 0.07}""]",False,False,9,10,0,A5,False,
bellevue_ne8th,optics,14,20264716,"{""max_eps"": 0.014726152743291102, ""min_samples"": 80, ""xi"": 0.07}",6321,11,2,2219,35.1052048726467,0.186738176499269,1.3174546000082,9,0.812473366134182,0.26773763334612,321343.897206945,0.524513111649675,0.769509004610082,,"[-0.812473366134182, 0.2677376333461204, -321343.8972069453, 0.18673817649926866, ""{\""max_eps\"": 0.014726152743291102, \""min_samples\"": 80, \""xi\"": 0.07}""]","[2.0, 35.10520487264673, -0.812473366134182, 0.2677376333461204, -321343.8972069453, 0.18673817649926866, ""{\""max_eps\"": 0.014726152743291102, \""min_samples\"": 80, \""xi\"": 0.07}""]",False,False,9,10,1,A5,False,
bellevue_ne8th,optics,15,20264717,"{""max_eps"": 0.024361676659123005, ""min_samples"": 80, ""xi"": 0.07}",6321,12,3,1132,17.9085587723461,0.240508768548853,1.75124160002451,9,0.755410938880304,0.325379051103273,88492.5355768609,0.503127609356207,0.73668599950131,,"[-0.7554109388803035, 0.3253790511032728, -88492.5355768609, 0.24050876854885334, ""{\""max_eps\"": 0.024361676659123005, \""min_samples\"": 80, \""xi\"": 0.07}""]","[3.0, 17.908558772346147, -0.7554109388803035, 0.3253790511032728, -88492.5355768609, 0.24050876854885334, ""{\""max_eps\"": 0.024361676659123005, \""min_samples\"": 80, \""xi\"": 0.07}""]",False,False,9,10,2,A5,False,
bellevue_ne8th,optics,16,20264718,"{""max_eps"": 0.044077065525483884, ""min_samples"": 80, ""xi"": 0.07}",6321,8,1,1244,19.6804303116595,0.25408705928698,2.19714100006968,9,0.886463632708159,0.132070294195934,59879.9634006931,0.648720483745476,0.862331796852006,,"[-0.8864636327081589, 0.13207029419593422, -59879.963400693116, 0.2540870592869805, ""{\""max_eps\"": 0.044077065525483884, \""min_samples\"": 80, \""xi\"": 0.07}""]","[1.0, 19.68043031165955, -0.8864636327081589, 0.13207029419593422, -59879.963400693116, 0.2540870592869805, ""{\""max_eps\"": 0.044077065525483884, \""min_samples\"": 80, \""xi\"": 0.07}""]",False,False,9,10,1,A5,False,
