scene,variant_id,role,left_micro_region,right_micro_region,bearing_separation,heading_separation,combined_bearing_radius,combined_heading_radius,bearing_ratio,heading_ratio,primary_distance,compatible,od_profile_js_distance_diagnostic
bellevue_116th_ne12th,A5,entry,0,1,2.82585486747733,2.95211937821958,0.352287523927318,3.30232491112241,8.02144463129026,0.893951824145675,8.02144463129026,False,0.977170655732344
bellevue_116th_ne12th,A5,entry,0,2,2.00173139620625,1.99299989865191,0.704620354663208,2.91212053603513,2.84086513107194,0.684380977363456,2.84086513107194,False,0.752509178355325
bellevue_116th_ne12th,A5,entry,0,3,1.59342693349065,1.04846521265615,0.339114400673934,3.43354109170951,4.69878875778785,0.305359739304629,4.69878875778785,False,0.953603656461611
bellevue_116th_ne12th,A5,entry,1,2,1.455599043496,1.33806603030809,0.603581423053274,3.57213034024524,2.4116034521618,0.37458488432878,2.4116034521618,False,0.854811943979586
bellevue_116th_ne12th,A5,entry,1,3,1.23242793398668,1.90365416556344,0.238075469064,4.09355089591962,5.17662713773915,0.465037375609759,5.17662713773915,False,0.790141983186268
bellevue_116th_ne12th,A5,entry,2,3,2.68802697748268,3.04146511130806,0.59040829979989,3.70334652083234,4.55282721871246,0.821274783280201,4.55282721871246,False,0.95693943087606
bellevue_116th_ne12th,A5,exit,0,1,3.12886569723698,2.57717812583212,0.370082336298518,2.63473815568176,8.45451238913804,0.978153415463501,8.45451238913804,False,0.98429192685594
bellevue_116th_ne12th,A5,exit,0,2,1.46498086849152,1.76411606748922,0.338007127042314,2.31854044715103,4.33417153451952,0.760873535614581,4.33417153451952,False,0.754345479581908
bellevue_116th_ne12th,A5,exit,0,3,1.61395179190446,0.965399487060342,0.3900050300866,3.13470189268436,4.13828455378148,0.307971705160658,4.13828455378148,False,0.933487303581228
bellevue_116th_ne12th,A5,exit,1,2,1.66388482874546,1.94189111385825,0.535873736904903,3.04888020997365,3.10499416962607,0.636919452429071,3.10499416962607,False,0.885140498822609
bellevue_116th_ne12th,A5,exit,1,3,1.54036781803815,1.61177863877178,0.58787163994919,3.86504165550697,2.62024515789074,0.417014558297267,2.62024515789074,False,0.615184239205354
bellevue_116th_ne12th,A5,exit,2,3,3.07893266039597,2.72951555454956,0.555796430692985,3.54884394697624,5.53967692192097,0.769128086591472,5.53967692192097,False,0.918181875091132
bellevue_116th_ne12th,A6,entry,0,1,2.82585486747733,2.95211937821958,0.352287523927318,3.30232491112241,8.02144463129026,0.893951824145675,8.02144463129026,False,0.977170655732344
bellevue_116th_ne12th,A6,entry,0,2,2.00173139620625,1.99299989865191,0.704620354663208,2.91212053603513,2.84086513107194,0.684380977363456,2.84086513107194,False,0.752509178355325
bellevue_116th_ne12th,A6,entry,0,3,1.59342693349065,1.04846521265615,0.339114400673934,3.43354109170951,4.69878875778785,0.305359739304629,4.69878875778785,False,0.953603656461611
bellevue_116th_ne12th,A6,entry,1,2,1.455599043496,1.33806603030809,0.603581423053274,3.57213034024524,2.4116034521618,0.37458488432878,2.4116034521618,False,0.854811943979586
bellevue_116th_ne12th,A6,entry,1,3,1.23242793398668,1.90365416556344,0.238075469064,4.09355089591962,5.17662713773915,0.465037375609759,5.17662713773915,False,0.790141983186268
bellevue_116th_ne12th,A6,entry,2,3,2.68802697748268,3.04146511130806,0.59040829979989,3.70334652083234,4.55282721871246,0.821274783280201,4.55282721871246,False,0.95693943087606
bellevue_116th_ne12th,A6,exit,0,1,3.12886569723698,2.57717812583212,0.370082336298518,2.63473815568176,8.45451238913804,0.978153415463501,8.45451238913804,False,0.98429192685594
bellevue_116th_ne12th,A6,exit,0,2,1.46498086849152,1.76411606748922,0.338007127042314,2.31854044715103,4.33417153451952,0.760873535614581,4.33417153451952,False,0.754345479581908
bellevue_116th_ne12th,A6,exit,0,3,1.61395179190446,0.965399487060342,0.3900050300866,3.13470189268436,4.13828455378148,0.307971705160658,4.13828455378148,False,0.933487303581228
bellevue_116th_ne12th,A6,exit,1,2,1.66388482874546,1.94189111385825,0.535873736904903,3.04888020997365,3.10499416962607,0.636919452429071,3.10499416962607,False,0.885140498822609
bellevue_116th_ne12th,A6,exit,1,3,1.54036781803815,1.61177863877178,0.58787163994919,3.86504165550697,2.62024515789074,0.417014558297267,2.62024515789074,False,0.615184239205354
bellevue_116th_ne12th,A6,exit,2,3,3.07893266039597,2.72951555454956,0.555796430692985,3.54884394697624,5.53967692192097,0.769128086591472,5.53967692192097,False,0.918181875091132
bellevue_116th_ne12th,A7,entry,0,1,2.82585486747733,2.95211937821958,0.352287523927318,3.30232491112241,8.02144463129026,0.893951824145675,0.893951824145675,True,0.977170655732344
bellevue_116th_ne12th,A7,entry,0,2,2.00173139620625,1.99299989865191,0.704620354663208,2.91212053603513,2.84086513107194,0.684380977363456,0.684380977363456,True,0.752509178355325
bellevue_116th_ne12th,A7,entry,0,3,1.59342693349065,1.04846521265615,0.339114400673934,3.43354109170951,4.69878875778785,0.305359739304629,0.305359739304629,True,0.953603656461611
bellevue_116th_ne12th,A7,entry,1,2,1.455599043496,1.33806603030809,0.603581423053274,3.57213034024524,2.4116034521618,0.37458488432878,0.37458488432878,True,0.854811943979586
bellevue_116th_ne12th,A7,entry,1,3,1.23242793398668,1.90365416556344,0.238075469064,4.09355089591962,5.17662713773915,0.465037375609759,0.465037375609759,True,0.790141983186268
bellevue_116th_ne12th,A7,entry,2,3,2.68802697748268,3.04146511130806,0.59040829979989,3.70334652083234,4.55282721871246,0.821274783280201,0.821274783280201,True,0.95693943087606
bellevue_116th_ne12th,A7,exit,0,1,3.12886569723698,2.57717812583212,0.370082336298518,2.63473815568176,8.45451238913804,0.978153415463501,0.978153415463501,True,0.98429192685594
bellevue_116th_ne12th,A7,exit,0,2,1.46498086849152,1.76411606748922,0.338007127042314,2.31854044715103,4.33417153451952,0.760873535614581,0.760873535614581,True,0.754345479581908
bellevue_116th_ne12th,A7,exit,0,3,1.61395179190446,0.965399487060342,0.3900050300866,3.13470189268436,4.13828455378148,0.307971705160658,0.307971705160658,True,0.933487303581228
bellevue_116th_ne12th,A7,exit,1,2,1.66388482874546,1.94189111385825,0.535873736904903,3.04888020997365,3.10499416962607,0.636919452429071,0.636919452429071,True,0.885140498822609
bellevue_116th_ne12th,A7,exit,1,3,1.54036781803815,1.61177863877178,0.58787163994919,3.86504165550697,2.62024515789074,0.417014558297267,0.417014558297267,True,0.615184239205354
bellevue_116th_ne12th,A7,exit,2,3,3.07893266039597,2.72951555454956,0.555796430692985,3.54884394697624,5.53967692192097,0.769128086591472,0.769128086591472,True,0.918181875091132
bellevue_116th_ne12th,A9,entry,0,1,2.82585486747733,2.6994991711529,0.352287523927318,2.67057147328876,8.02144463129026,1.01083202533745,8.02144463129026,False,0.977170655732344
bellevue_116th_ne12th,A9,entry,0,2,2.00173139620625,1.49427437436414,0.704620354663208,2.89716592678042,2.84086513107194,0.515771071498382,2.84086513107194,False,0.752509178355325
bellevue_116th_ne12th,A9,entry,0,3,1.59342693349065,1.24102785805956,0.339114400673934,4.25789712649635,4.69878875778785,0.291464969958247,4.69878875778785,False,0.953603656461611
bellevue_116th_ne12th,A9,entry,1,2,1.455599043496,2.08941176166255,0.603581423053274,2.38033160615985,2.4116034521618,0.877781799920458,2.4116034521618,False,0.854811943979586
bellevue_116th_ne12th,A9,entry,1,3,1.23242793398668,1.45847131309334,0.238075469064,3.74106280587579,5.17662713773915,0.389854805645774,5.17662713773915,False,0.790141983186268
bellevue_116th_ne12th,A9,entry,2,3,2.68802697748268,2.7353022324237,0.59040829979989,3.96765725936744,4.55282721871246,0.689399828063724,4.55282721871246,False,0.95693943087606
bellevue_116th_ne12th,A9,exit,0,1,3.12886569723698,3.02984800441226,0.370082336298518,2.49290248583392,8.45451238913804,1.21538970001016,8.45451238913804,False,0.98429192685594
bellevue_116th_ne12th,A9,exit,0,2,1.46498086849152,1.10951155667815,0.338007127042314,2.96155286307468,4.33417153451952,0.374638444078374,4.33417153451952,False,0.754345479581908
bellevue_116th_ne12th,A9,exit,0,3,1.61395179190446,1.8477211459014,0.3900050300866,3.63555948563658,4.13828455378148,0.508235707104065,4.13828455378148,False,0.933487303581228
bellevue_116th_ne12th,A9,exit,1,2,1.66388482874546,1.92033644773411,0.535873736904903,2.7241559453724,3.10499416962607,0.704928971117178,3.10499416962607,False,0.885140498822609
bellevue_116th_ne12th,A9,exit,1,3,1.54036781803815,1.40561615686593,0.58787163994919,3.39816256793429,2.62024515789074,0.413640056579279,2.62024515789074,False,0.615184239205354
bellevue_116th_ne12th,A9,exit,2,3,3.07893266039597,2.95723270257955,0.555796430692985,3.86681294517506,5.53967692192097,0.764772629167266,5.53967692192097,False,0.918181875091132
bellevue_116th_ne12th,sensitivity_heading_w3,entry,0,1,2.82585486747733,2.91057986276835,0.352287523927318,3.82514553097036,8.02144463129026,0.76090696136991,8.02144463129026,False,0.977170655732344
bellevue_116th_ne12th,sensitivity_heading_w3,entry,0,2,2.00173139620625,2.00673950714859,0.704620354663208,3.34036738958696,2.84086513107194,0.600754130639721,2.84086513107194,False,0.752509178355325
bellevue_116th_ne12th,sensitivity_heading_w3,entry,0,3,1.59342693349065,0.994971203757207,0.339114400673934,3.7337344550186,4.69878875778785,0.266481512208197,4.69878875778785,False,0.953603656461611
bellevue_116th_ne12th,sensitivity_heading_w3,entry,1,2,1.455599043496,1.36586593726265,0.603581423053274,3.89781838744051,2.4116034521618,0.350418054792834,2.4116034521618,False,0.854811943979586
bellevue_116th_ne12th,sensitivity_heading_w3,entry,1,3,1.23242793398668,1.91560865901114,0.238075469064,4.29118545287215,5.17662713773915,0.446405470015051,5.17662713773915,False,0.790141983186268
bellevue_116th_ne12th,sensitivity_heading_w3,entry,2,3,2.68802697748268,3.0017107109058,0.59040829979989,3.80640731148875,4.55282721871246,0.788594195331076,4.55282721871246,False,0.95693943087606
bellevue_116th_ne12th,sensitivity_heading_w3,exit,0,1,3.12886569723698,2.55560276671444,0.370082336298518,3.4667535130647,8.45451238913804,0.737174638197805,8.45451238913804,False,0.98429192685594
bellevue_116th_ne12th,sensitivity_heading_w3,exit,0,2,1.46498086849152,1.7752739591463,0.338007127042314,2.82039290479803,4.33417153451952,0.629442073877798,4.33417153451952,False,0.754345479581908
bellevue_116th_ne12th,sensitivity_heading_w3,exit,0,3,1.61395179190446,0.986630662206004,0.3900050300866,4.01554754673219,4.13828455378148,0.245702647204094,4.13828455378148,False,0.933487303581228
bellevue_116th_ne12th,sensitivity_heading_w3,exit,1,2,1.66388482874546,1.95230858131885,0.535873736904903,3.40643593158093,3.10499416962607,0.573123528676725,3.10499416962607,False,0.885140498822609
bellevue_116th_ne12th,sensitivity_heading_w3,exit,1,3,1.54036781803815,1.56897210450843,0.58787163994919,4.60159057351509,2.62024515789074,0.340962995173627,2.62024515789074,False,0.615184239205354
bellevue_116th_ne12th,sensitivity_heading_w3,exit,2,3,3.07893266039597,2.7619046213523,0.555796430692985,3.95522996524842,5.53967692192097,0.698291792289966,5.53967692192097,False,0.918181875091132
bellevue_116th_ne12th,sensitivity_heading_w7,entry,0,1,2.82585486747733,2.98389421031525,0.352287523927318,3.02510242880669,8.02144463129026,0.986377909686947,8.02144463129026,False,0.977170655732344
bellevue_116th_ne12th,sensitivity_heading_w7,entry,0,2,2.00173139620625,1.98824753632054,0.704620354663208,2.38862996839545,2.84086513107194,0.832379884129199,2.84086513107194,False,0.752509178355325
bellevue_116th_ne12th,sensitivity_heading_w7,entry,0,3,1.59342693349065,1.01410570635565,0.339114400673934,3.40809617373058,4.69878875778785,0.297557831311312,4.69878875778785,False,0.953603656461611
bellevue_116th_ne12th,sensitivity_heading_w7,entry,1,2,1.455599043496,1.31104356054379,0.603581423053274,3.25503565698299,2.4116034521618,0.402773947416283,2.4116034521618,False,0.854811943979586
bellevue_116th_ne12th,sensitivity_heading_w7,entry,1,3,1.23242793398668,1.9697885039596,0.238075469064,4.27450186231811,5.17662713773915,0.460822937363598,5.17662713773915,False,0.790141983186268
bellevue_116th_ne12th,sensitivity_heading_w7,entry,2,3,2.68802697748268,3.00235324267619,0.59040829979989,3.63802940190687,4.55282721871246,0.825269097908476,4.55282721871246,False,0.95693943087606
bellevue_116th_ne12th,sensitivity_heading_w7,exit,0,1,3.12886569723698,2.60015497084923,0.370082336298518,2.02265737205597,8.45451238913804,1.28551429756304,8.45451238913804,False,0.98429192685594
bellevue_116th_ne12th,sensitivity_heading_w7,exit,0,2,1.46498086849152,1.76765028986047,0.338007127042314,1.75796682265647,4.33417153451952,1.00550833330823,4.33417153451952,False,0.754345479581908
bellevue_116th_ne12th,sensitivity_heading_w7,exit,0,3,1.61395179190446,0.945298715171255,0.3900050300866,2.25133531303542,4.13828455378148,0.419883572961299,4.13828455378148,False,0.933487303581228
bellevue_116th_ne12th,sensitivity_heading_w7,exit,1,2,1.66388482874546,1.91538004646989,0.535873736904903,2.71213693527879,3.10499416962607,0.706225420094063,3.10499416962607,False,0.885140498822609
bellevue_116th_ne12th,sensitivity_heading_w7,exit,1,3,1.54036781803815,1.65485625567798,0.58787163994919,3.20550542565774,2.62024515789074,0.51625439234389,2.62024515789074,False,0.615184239205354
bellevue_116th_ne12th,sensitivity_heading_w7,exit,2,3,3.07893266039597,2.71294900503172,0.555796430692985,2.94081487625823,5.53967692192097,0.922516077749022,5.53967692192097,False,0.918181875091132
bellevue_116th_ne12th,sensitivity_self_consistency_q090,entry,0,1,2.82585486747733,2.95211937821958,0.309004400585351,2.51764107896771,9.14503114558974,1.17257356613756,9.14503114558974,False,0.977170655732344
bellevue_116th_ne12th,sensitivity_self_consistency_q090,entry,0,2,2.00173139620625,1.99299989865191,0.510603836788838,1.16664419853726,3.92032188554446,1.70831852689169,3.92032188554446,False,0.752509178355325
bellevue_116th_ne12th,sensitivity_self_consistency_q090,entry,0,3,1.59342693349065,1.04846521265615,0.284581242297822,2.5916063858014,5.5991987406643,0.404561903536109,5.5991987406643,False,0.953603656461611
bellevue_116th_ne12th,sensitivity_self_consistency_q090,entry,1,2,1.455599043496,1.33806603030809,0.421143770831402,2.20034273745804,3.45629959247036,0.608117093546026,3.45629959247036,False,0.854811943979586
bellevue_116th_ne12th,sensitivity_self_consistency_q090,entry,1,3,1.23242793398668,1.90365416556344,0.195121176340386,3.62530492472218,6.31621824499831,0.525101806631982,6.31621824499831,False,0.790141983186268
bellevue_116th_ne12th,sensitivity_self_consistency_q090,entry,2,3,2.68802697748268,3.04146511130806,0.396720612543873,2.27430804429173,6.77561712825148,1.33731449393666,6.77561712825148,False,0.95693943087606
bellevue_116th_ne12th,sensitivity_self_consistency_q090,exit,0,1,3.12886569723698,2.57717812583212,0.316839782659347,1.87928307884831,9.87522990634357,1.37136238538981,9.87522990634357,False,0.98429192685594
bellevue_116th_ne12th,sensitivity_self_consistency_q090,exit,0,2,1.46498086849152,1.76411606748922,0.281527300292513,0.959149085789196,5.20369025302119,1.83925115878903,5.20369025302119,False,0.754345479581908
bellevue_116th_ne12th,sensitivity_self_consistency_q090,exit,0,3,1.61395179190446,0.965399487060342,0.323358939334666,1.6826237676203,4.99120820727974,0.57374649380217,4.99120820727974,False,0.933487303581228
bellevue_116th_ne12th,sensitivity_self_consistency_q090,exit,1,2,1.66388482874546,1.94189111385825,0.454413062921098,1.91284381758204,3.66161311043642,1.01518539883352,3.66161311043642,False,0.885140498822609
bellevue_116th_ne12th,sensitivity_self_consistency_q090,exit,1,3,1.54036781803815,1.61177863877178,0.496244701963251,2.63631849941313,3.10404889350783,0.611374778552202,3.10404889350783,False,0.615184239205354
bellevue_116th_ne12th,sensitivity_self_consistency_q090,exit,2,3,3.07893266039597,2.72951555454956,0.460932219596417,1.71618450635402,6.67979483641179,1.59045577235068,6.67979483641179,False,0.918181875091132
bellevue_116th_ne12th,sensitivity_self_consistency_q0975,entry,0,1,2.82585486747733,2.95211937821958,0.61006628594071,4.35352604340386,4.63204561963282,0.678098476680166,4.63204561963282,False,0.977170655732344
bellevue_116th_ne12th,sensitivity_self_consistency_q0975,entry,0,2,2.00173139620625,1.99299989865191,0.906126942981782,4.10036992215746,2.20910702601909,0.486053682103705,2.20910702601909,False,0.752509178355325
bellevue_116th_ne12th,sensitivity_self_consistency_q0975,entry,0,3,1.59342693349065,1.04846521265615,0.897303069167906,4.47046001392417,1.77579570185609,0.234531839987493,1.77579570185609,False,0.953603656461611
bellevue_116th_ne12th,sensitivity_self_consistency_q0975,entry,1,2,1.455599043496,1.33806603030809,0.74930869976791,4.78669414142536,1.94258927454981,0.279538652517632,1.94258927454981,False,0.854811943979586
bellevue_116th_ne12th,sensitivity_self_consistency_q0975,entry,1,3,1.23242793398668,1.90365416556344,0.740484825954034,5.15678423319206,1.66435271971823,0.369155287380537,1.66435271971823,False,0.790141983186268
bellevue_116th_ne12th,sensitivity_self_consistency_q0975,entry,2,3,2.68802697748268,3.04146511130806,1.03654548299511,4.90362811194566,2.59325521318718,0.620247914783503,2.59325521318718,False,0.95693943087606
bellevue_116th_ne12th,sensitivity_self_consistency_q0975,exit,0,1,3.12886569723698,2.57717812583212,0.621571011699088,3.86588755326291,5.03380247525396,0.666645909981762,5.03380247525396,False,0.98429192685594
bellevue_116th_ne12th,sensitivity_self_consistency_q0975,exit,0,2,1.46498086849152,1.76411606748922,0.56731794780283,3.77119209007182,2.58229247667071,0.46778738005245,2.58229247667071,False,0.754345479581908
bellevue_116th_ne12th,sensitivity_self_consistency_q0975,exit,0,3,1.61395179190446,0.965399487060342,0.547374166641909,4.35587122766217,2.94853482363976,0.221631778490036,2.94853482363976,False,0.933487303581228
bellevue_116th_ne12th,sensitivity_self_consistency_q0975,exit,1,2,1.66388482874546,1.94189111385825,0.987007331964955,4.00320199229695,1.68578770882376,0.48508446928106,1.68578770882376,False,0.885140498822609
bellevue_116th_ne12th,sensitivity_self_consistency_q0975,exit,1,3,1.54036781803815,1.61177863877178,0.967063550804034,4.58788112988731,1.59282998181191,0.351312205600098,1.59282998181191,False,0.615184239205354
bellevue_116th_ne12th,sensitivity_self_consistency_q0975,exit,2,3,3.07893266039597,2.72951555454956,0.912810486907776,4.49318566669622,3.37302507426938,0.607478915189485,3.37302507426938,False,0.918181875091132
bellevue_150th_newport,A5,entry,0,1,2.90427073712163,2.44451610145001,0.830595124340748,3.31393409337238,3.49661423720345,0.737647772277324,3.49661423720345,False,0.922496623170868
bellevue_150th_newport,A5,entry,0,2,2.65442298226042,2.26744664799885,1.61582396703124,5.19416505718463,1.64276742790082,0.436537272696502,1.64276742790082,False,0.68047596714766
bellevue_150th_newport,A5,entry,0,3,1.90076789548672,0.579240130197518,0.852601548572301,5.28810055401337,2.22937420025755,0.109536519640858,2.22937420025755,False,0.608178292231664
bellevue_150th_newport,A5,entry,1,2,0.724491587797539,1.57122255773072,1.23470706159613,3.76998408665657,0.586772045233933,0.416771668424779,0.586772045233933,True,0.516605795154474
bellevue_150th_newport,A5,entry,1,3,1.00350284163491,1.86527597125249,0.471484643137187,3.86391958348531,2.12838924075608,0.482741923311454,2.12838924075608,False,0.926552592133847
bellevue_150th_newport,A5,entry,2,3,1.72799442943245,2.84668677819637,1.25671348582768,5.74415054729756,1.37501065192627,0.495580113152787,1.37501065192627,False,0.876487653898677
bellevue_150th_newport,A5,exit,0,1,1.74692559205492,1.24485136670776,0.211862162716568,3.74568246125558,8.24557613145854,0.332343005469416,8.24557613145854,False,0.906254816675629
bellevue_150th_newport,A5,exit,0,2,1.55626662465313,0.800111868517388,0.285949115111191,1.60706697789049,5.44246001267734,0.497870891210554,5.44246001267734,False,0.39842940657623
bellevue_150th_newport,A5,exit,0,3,2.57375270163455,2.38256699564436,0.172876135267953,3.02464693623751,14.8878426605576,0.78771739177206,14.8878426605576,False,0.923566849363901
bellevue_150th_newport,A5,exit,1,2,2.97999309047154,2.04496323522515,0.276861326848943,2.56646665871764,10.7634862708631,0.79680101367338,10.7634862708631,False,0.868215483843449
bellevue_150th_newport,A5,exit,1,3,0.826827109579636,1.1377156289366,0.163788347005705,3.98404661706466,5.04814368479363,0.285567850552623,5.04814368479363,False,0.547582102657121
bellevue_150th_newport,A5,exit,2,3,2.15316598089191,3.10050644301784,0.237875299400328,1.84543113369957,9.05165852158644,1.6800986969382,9.05165852158644,False,0.811305554259778
bellevue_150th_newport,A6,entry,0,1,2.90427073712163,2.44451610145001,0.830595124340748,3.31393409337238,3.49661423720345,0.737647772277324,3.49661423720345,False,0.922496623170868
bellevue_150th_newport,A6,entry,0,2,2.65442298226042,2.26744664799885,1.61582396703124,5.19416505718463,1.64276742790082,0.436537272696502,1.64276742790082,False,0.68047596714766
bellevue_150th_newport,A6,entry,0,3,1.90076789548672,0.579240130197518,0.852601548572301,5.28810055401337,2.22937420025755,0.109536519640858,2.22937420025755,False,0.608178292231664
bellevue_150th_newport,A6,entry,1,2,0.724491587797539,1.57122255773072,1.23470706159613,3.76998408665657,0.586772045233933,0.416771668424779,0.586772045233933,True,0.516605795154474
bellevue_150th_newport,A6,entry,1,3,1.00350284163491,1.86527597125249,0.471484643137187,3.86391958348531,2.12838924075608,0.482741923311454,2.12838924075608,False,0.926552592133847
bellevue_150th_newport,A6,entry,2,3,1.72799442943245,2.84668677819637,1.25671348582768,5.74415054729756,1.37501065192627,0.495580113152787,1.37501065192627,False,0.876487653898677
bellevue_150th_newport,A6,exit,0,1,1.74692559205492,1.24485136670776,0.211862162716568,3.74568246125558,8.24557613145854,0.332343005469416,8.24557613145854,False,0.906254816675629
bellevue_150th_newport,A6,exit,0,2,1.55626662465313,0.800111868517388,0.285949115111191,1.60706697789049,5.44246001267734,0.497870891210554,5.44246001267734,False,0.39842940657623
bellevue_150th_newport,A6,exit,0,3,2.57375270163455,2.38256699564436,0.172876135267953,3.02464693623751,14.8878426605576,0.78771739177206,14.8878426605576,False,0.923566849363901
bellevue_150th_newport,A6,exit,1,2,2.97999309047154,2.04496323522515,0.276861326848943,2.56646665871764,10.7634862708631,0.79680101367338,10.7634862708631,False,0.868215483843449
bellevue_150th_newport,A6,exit,1,3,0.826827109579636,1.1377156289366,0.163788347005705,3.98404661706466,5.04814368479363,0.285567850552623,5.04814368479363,False,0.547582102657121
bellevue_150th_newport,A6,exit,2,3,2.15316598089191,3.10050644301784,0.237875299400328,1.84543113369957,9.05165852158644,1.6800986969382,9.05165852158644,False,0.811305554259778
bellevue_150th_newport,A7,entry,0,1,2.90427073712163,2.44451610145001,0.830595124340748,3.31393409337238,3.49661423720345,0.737647772277324,0.737647772277324,True,0.922496623170868
bellevue_150th_newport,A7,entry,0,2,2.65442298226042,2.26744664799885,1.61582396703124,5.19416505718463,1.64276742790082,0.436537272696502,0.436537272696502,True,0.68047596714766
bellevue_150th_newport,A7,entry,0,3,1.90076789548672,0.579240130197518,0.852601548572301,5.28810055401337,2.22937420025755,0.109536519640858,0.109536519640858,True,0.608178292231664
bellevue_150th_newport,A7,entry,1,2,0.724491587797539,1.57122255773072,1.23470706159613,3.76998408665657,0.586772045233933,0.416771668424779,0.416771668424779,True,0.516605795154474
bellevue_150th_newport,A7,entry,1,3,1.00350284163491,1.86527597125249,0.471484643137187,3.86391958348531,2.12838924075608,0.482741923311454,0.482741923311454,True,0.926552592133847
bellevue_150th_newport,A7,entry,2,3,1.72799442943245,2.84668677819637,1.25671348582768,5.74415054729756,1.37501065192627,0.495580113152787,0.495580113152787,True,0.876487653898677
bellevue_150th_newport,A7,exit,0,1,1.74692559205492,1.24485136670776,0.211862162716568,3.74568246125558,8.24557613145854,0.332343005469416,0.332343005469416,True,0.906254816675629
bellevue_150th_newport,A7,exit,0,2,1.55626662465313,0.800111868517388,0.285949115111191,1.60706697789049,5.44246001267734,0.497870891210554,0.497870891210554,True,0.39842940657623
bellevue_150th_newport,A7,exit,0,3,2.57375270163455,2.38256699564436,0.172876135267953,3.02464693623751,14.8878426605576,0.78771739177206,0.78771739177206,True,0.923566849363901
bellevue_150th_newport,A7,exit,1,2,2.97999309047154,2.04496323522515,0.276861326848943,2.56646665871764,10.7634862708631,0.79680101367338,0.79680101367338,True,0.868215483843449
bellevue_150th_newport,A7,exit,1,3,0.826827109579636,1.1377156289366,0.163788347005705,3.98404661706466,5.04814368479363,0.285567850552623,0.285567850552623,True,0.547582102657121
bellevue_150th_newport,A7,exit,2,3,2.15316598089191,3.10050644301784,0.237875299400328,1.84543113369957,9.05165852158644,1.6800986969382,1.6800986969382,False,0.811305554259778
bellevue_150th_newport,A9,entry,0,1,2.90427073712163,2.74847300766595,0.830595124340748,4.4097943393542,3.49661423720345,0.623265575706747,3.49661423720345,False,0.922496623170868
bellevue_150th_newport,A9,entry,0,2,2.65442298226042,1.93679991094243,1.61582396703124,5.34619648463137,1.64276742790082,0.362276230682901,1.64276742790082,False,0.68047596714766
bellevue_150th_newport,A9,entry,0,3,1.90076789548672,0.855500890982486,0.852601548572301,5.93213688037923,2.22937420025755,0.14421462421275,2.22937420025755,False,0.608178292231664
bellevue_150th_newport,A9,entry,1,2,0.724491587797539,0.811673096723521,1.23470706159613,3.94849696772301,0.586772045233933,0.205565080423904,0.586772045233933,True,0.516605795154474
bellevue_150th_newport,A9,entry,1,3,1.00350284163491,2.67921140853115,0.471484643137187,4.53443736347087,2.12838924075608,0.590858621207276,2.12838924075608,False,0.926552592133847
bellevue_150th_newport,A9,entry,2,3,1.72799442943245,2.79230080192492,1.25671348582768,5.47083950874804,1.37501065192627,0.510397133284561,1.37501065192627,False,0.876487653898677
bellevue_150th_newport,A9,exit,0,1,1.74692559205492,2.93364492995082,0.211862162716568,4.70749984116049,8.24557613145854,0.623185348685559,8.24557613145854,False,0.906254816675629
bellevue_150th_newport,A9,exit,0,2,1.55626662465313,0.159390685068117,0.285949115111191,2.26794752863586,5.44246001267734,0.0702797057937177,5.44246001267734,False,0.39842940657623
bellevue_150th_newport,A9,exit,0,3,2.57375270163455,2.40412858543656,0.172876135267953,4.16414367409473,14.8878426605576,0.577340450665216,14.8878426605576,False,0.923566849363901
bellevue_150th_newport,A9,exit,1,2,2.97999309047154,3.09303561501893,0.276861326848943,3.03528919796519,10.7634862708631,1.01902501319889,10.7634862708631,False,0.868215483843449
bellevue_150th_newport,A9,exit,1,3,0.826827109579636,0.94541179179221,0.163788347005705,4.93148534342406,5.04814368479363,0.191709338253003,5.04814368479363,False,0.547582102657121
bellevue_150th_newport,A9,exit,2,3,2.15316598089191,2.24473790036844,0.237875299400328,2.49193303089942,9.05165852158644,0.900801856444048,9.05165852158644,False,0.811305554259778
bellevue_150th_newport,sensitivity_heading_w3,entry,0,1,2.90427073712163,2.47660121581757,0.830595124340748,3.96469668756002,3.49661423720345,0.624663476423903,3.49661423720345,False,0.922496623170868
bellevue_150th_newport,sensitivity_heading_w3,entry,0,2,2.65442298226042,2.18739802188147,1.61582396703124,5.53929547032187,1.64276742790082,0.394887406458274,1.64276742790082,False,0.68047596714766
bellevue_150th_newport,sensitivity_heading_w3,entry,0,3,1.90076789548672,0.559914701365456,0.852601548572301,5.55398918569094,2.22937420025755,0.100813070145689,2.22937420025755,False,0.608178292231664
bellevue_150th_newport,sensitivity_heading_w3,entry,1,2,0.724491587797539,1.61918606948054,1.23470706159613,4.16485084529062,0.586772045233933,0.38877408330515,0.586772045233933,True,0.516605795154474
bellevue_150th_newport,sensitivity_heading_w3,entry,1,3,1.00350284163491,1.91668651445212,0.471484643137187,4.17954456065969,2.12838924075608,0.458587409856349,2.12838924075608,False,0.926552592133847
bellevue_150th_newport,sensitivity_heading_w3,entry,2,3,1.72799442943245,2.74731272324693,1.25671348582768,5.75414334342154,1.37501065192627,0.477449475843839,1.37501065192627,False,0.876487653898677
bellevue_150th_newport,sensitivity_heading_w3,exit,0,1,1.74692559205492,1.24659126062173,0.211862162716568,4.83945614138336,8.24557613145854,0.257589122455689,8.24557613145854,False,0.906254816675629
bellevue_150th_newport,sensitivity_heading_w3,exit,0,2,1.55626662465313,0.811639766344183,0.285949115111191,2.59021998452692,5.44246001267734,0.313347812615392,5.44246001267734,False,0.39842940657623
bellevue_150th_newport,sensitivity_heading_w3,exit,0,3,2.57375270163455,2.38294063456684,0.172876135267953,4.08003234306323,14.8878426605576,0.58404944721045,14.8878426605576,False,0.923566849363901
bellevue_150th_newport,sensitivity_heading_w3,exit,1,2,2.97999309047154,2.05823102696592,0.276861326848943,2.81619712374472,10.7634862708631,0.730854743658382,10.7634862708631,False,0.868215483843449
bellevue_150th_newport,sensitivity_heading_w3,exit,1,3,0.826827109579636,1.1363493739451,0.163788347005705,4.30600948228103,5.04814368479363,0.263898483879591,5.04814368479363,False,0.547582102657121
bellevue_150th_newport,sensitivity_heading_w3,exit,2,3,2.15316598089191,3.08860490626856,0.237875299400328,2.05677332542459,9.05165852158644,1.50167491385127,9.05165852158644,False,0.811305554259778
bellevue_150th_newport,sensitivity_heading_w7,entry,0,1,2.90427073712163,2.39965950144633,0.830595124340748,3.01461581918908,3.49661423720345,0.796008395554639,3.49661423720345,False,0.922496623170868
bellevue_150th_newport,sensitivity_heading_w7,entry,0,2,2.65442298226042,2.28636364980574,1.61582396703124,4.86282498975249,1.64276742790082,0.470171896916675,1.64276742790082,False,0.68047596714766
bellevue_150th_newport,sensitivity_heading_w7,entry,0,3,1.90076789548672,0.525498474110892,0.852601548572301,5.03787516062861,2.22937420025755,0.104309546655245,2.22937420025755,False,0.608178292231664
bellevue_150th_newport,sensitivity_heading_w7,entry,1,2,0.724491587797539,1.59716215592751,1.23470706159613,3.48270440031471,0.586772045233933,0.458598253639666,0.586772045233933,True,0.516605795154474
bellevue_150th_newport,sensitivity_heading_w7,entry,1,3,1.00350284163491,1.87416102733544,0.471484643137187,3.65775457119083,2.12838924075608,0.51238020235056,2.12838924075608,False,0.926552592133847
bellevue_150th_newport,sensitivity_heading_w7,entry,2,3,1.72799442943245,2.81186212391663,1.25671348582768,5.50596374175424,1.37501065192627,0.510693904973075,1.37501065192627,False,0.876487653898677
bellevue_150th_newport,sensitivity_heading_w7,exit,0,1,1.74692559205492,1.25330619114011,0.211862162716568,2.92554868114507,8.24557613145854,0.428400388350251,8.24557613145854,False,0.906254816675629
bellevue_150th_newport,sensitivity_heading_w7,exit,0,2,1.55626662465313,0.78557836822672,0.285949115111191,1.06865668108334,5.44246001267734,0.735108273903595,5.44246001267734,False,0.39842940657623
bellevue_150th_newport,sensitivity_heading_w7,exit,0,3,2.57375270163455,2.42698137120875,0.172876135267953,2.39425407960472,14.8878426605576,1.01366909714504,14.8878426605576,False,0.923566849363901
bellevue_150th_newport,sensitivity_heading_w7,exit,1,2,2.97999309047154,2.03888455936683,0.276861326848943,2.1702835678583,10.7634862708631,0.939455373280487,10.7634862708631,False,0.868215483843449
bellevue_150th_newport,sensitivity_heading_w7,exit,1,3,0.826827109579636,1.17367518006864,0.163788347005705,3.49588096637968,5.04814368479363,0.335730876238642,5.04814368479363,False,0.547582102657121
bellevue_150th_newport,sensitivity_heading_w7,exit,2,3,2.15316598089191,3.07062556774411,0.237875299400328,1.63898896631796,9.05165852158644,1.87348763832278,9.05165852158644,False,0.811305554259778
bellevue_150th_newport,sensitivity_self_consistency_q090,entry,0,1,2.90427073712163,2.44451610145001,0.406549833925807,2.1333532559534,7.1437016935337,1.14585622171493,7.1437016935337,False,0.922496623170868
bellevue_150th_newport,sensitivity_self_consistency_q090,entry,0,2,2.65442298226042,2.26744664799885,0.812514496674165,4.1629440857336,3.26692384335992,0.544673817688157,3.26692384335992,False,0.68047596714766
bellevue_150th_newport,sensitivity_self_consistency_q090,entry,0,3,1.90076789548672,0.579240130197518,0.574926610447012,4.16913546171987,3.3061052679556,0.138935310573614,3.3061052679556,False,0.608178292231664
bellevue_150th_newport,sensitivity_self_consistency_q090,entry,1,2,0.724491587797539,1.57122255773072,0.490488519960423,3.03143523257188,1.47708164067937,0.518309789649603,1.47708164067937,False,0.516605795154474
bellevue_150th_newport,sensitivity_self_consistency_q090,entry,1,3,1.00350284163491,1.86527597125249,0.25290063373327,3.03762660855815,3.96797282324443,0.614057029260047,3.96797282324443,False,0.926552592133847
bellevue_150th_newport,sensitivity_self_consistency_q090,entry,2,3,1.72799442943245,2.84668677819637,0.658865296481628,5.06721743833835,2.62268241878882,0.561785005841364,2.62268241878882,False,0.876487653898677
bellevue_150th_newport,sensitivity_self_consistency_q090,exit,0,1,1.74692559205492,1.24485136670776,0.154950988309235,2.51733371397107,11.2740525963512,0.49451185585721,11.2740525963512,False,0.906254816675629
bellevue_150th_newport,sensitivity_self_consistency_q090,exit,0,2,1.55626662465313,0.800111868517388,0.198335561368609,0.946677423448688,7.84663432979015,0.845178989906223,7.84663432979015,False,0.39842940657623
bellevue_150th_newport,sensitivity_self_consistency_q090,exit,0,3,2.57375270163455,2.38256699564436,0.105616029333403,1.95844029036645,24.3689591237128,1.21656351095521,24.3689591237128,False,0.923566849363901
bellevue_150th_newport,sensitivity_self_consistency_q090,exit,1,2,2.97999309047154,2.04496323522515,0.224942608956005,1.86740372946337,13.2477928672659,1.09508361955173,13.2477928672659,False,0.868215483843449
bellevue_150th_newport,sensitivity_self_consistency_q090,exit,1,3,0.826827109579636,1.1377156289366,0.132223076920799,2.87916659638114,6.25327385230114,0.395154497265498,6.25327385230114,False,0.547582102657121
bellevue_150th_newport,sensitivity_self_consistency_q090,exit,2,3,2.15316598089191,3.10050644301784,0.175607649980173,1.30851030585876,12.2612311088669,2.36949333080187,12.2612311088669,False,0.811305554259778
bellevue_150th_newport,sensitivity_self_consistency_q0975,entry,0,1,2.90427073712163,2.44451610145001,1.28812329904104,5.35489960213945,2.2546527489129,0.456500827853682,2.2546527489129,False,0.922496623170868
bellevue_150th_newport,sensitivity_self_consistency_q0975,entry,0,2,2.65442298226042,2.26744664799885,2.10690631046292,5.78430976360559,1.25986759310489,0.391999519504547,1.25986759310489,False,0.68047596714766
bellevue_150th_newport,sensitivity_self_consistency_q0975,entry,0,3,1.90076789548672,0.579240130197518,1.1811522699533,5.82482976989781,1.60924881900441,0.0994432718344797,1.60924881900441,False,0.608178292231664
bellevue_150th_newport,sensitivity_self_consistency_q0975,entry,1,2,0.724491587797539,1.57122255773072,1.56436481544888,5.62945863556507,0.463121888604772,0.279107221395013,0.463121888604772,True,0.516605795154474
bellevue_150th_newport,sensitivity_self_consistency_q0975,entry,1,3,1.00350284163491,1.86527597125249,0.638610774939256,5.66997864185729,1.57138413727886,0.328974073638043,1.57138413727886,False,0.926552592133847
bellevue_150th_newport,sensitivity_self_consistency_q0975,entry,2,3,1.72799442943245,2.84668677819637,1.45739378636114,6.09938880332343,1.1856743493788,0.466716726870284,1.1856743493788,False,0.876487653898677
bellevue_150th_newport,sensitivity_self_consistency_q0975,exit,0,1,1.74692559205492,1.24485136670776,0.258067338423267,4.9870993919354,6.7692626379155,0.249614308614101,6.7692626379155,False,0.906254816675629
bellevue_150th_newport,sensitivity_self_consistency_q0975,exit,0,2,1.55626662465313,0.800111868517388,0.372616635182033,2.59725332126453,4.17658922794161,0.30806077403641,4.17658922794161,False,0.39842940657623
bellevue_150th_newport,sensitivity_self_consistency_q0975,exit,0,3,2.57375270163455,2.38256699564436,0.288627708831976,4.71746931686265,8.91720587759942,0.505051932638512,8.91720587759942,False,0.923566849363901
bellevue_150th_newport,sensitivity_self_consistency_q0975,exit,1,2,2.97999309047154,2.04496323522515,0.340548732949137,2.94705106828138,8.75056284798048,0.693901526592038,8.75056284798048,False,0.868215483843449
bellevue_150th_newport,sensitivity_self_consistency_q0975,exit,1,3,0.826827109579636,1.1377156289366,0.25655980659908,5.06726706387949,3.22274607445312,0.224522531493647,3.22274607445312,False,0.547582102657121
bellevue_150th_newport,sensitivity_self_consistency_q0975,exit,2,3,2.15316598089191,3.10050644301784,0.371109103357846,2.67742099320862,5.80197564923567,1.15801977010055,5.80197564923567,False,0.811305554259778
bellevue_150th_eastgate,A5,entry,0,1,2.07608209091986,2.90182720994514,0.469824860785691,2.66479010698145,4.41884256071086,1.08895150966775,4.41884256071086,False,0.975442254635065
bellevue_150th_eastgate,A5,entry,0,2,1.70347442446556,1.55187490227816,0.676150256296992,2.02957636459601,2.51937259300147,0.764629963843252,2.51937259300147,False,0.328884728909085
bellevue_150th_eastgate,A5,entry,0,3,1.2298897706824,1.3197653000391,0.541009288857199,3.33200391830259,2.27332468409251,0.396087559438233,2.27332468409251,False,0.973965508873982
bellevue_150th_eastgate,A5,entry,1,2,2.50362879179416,1.34995230766698,0.764420902063788,3.0438978417838,3.27519666853019,0.44349461704532,3.27519666853019,False,0.760295096104609
bellevue_150th_eastgate,A5,entry,1,3,0.846192320237463,2.06159279719534,0.629279934623995,4.34632539549038,1.34469935187601,0.474330062662678,1.34469935187601,False,0.359688522826589
bellevue_150th_eastgate,A5,entry,2,3,2.93336419514796,2.87164020231727,0.835605330135296,3.71111165310493,3.51046611283943,0.773795151087595,3.51046611283943,False,0.801940016416373
bellevue_150th_eastgate,A5,exit,0,1,2.04489779457171,1.08288449054811,0.574441014169878,1.35930278855632,3.55980465205254,0.796647001436831,3.55980465205254,False,0.815136769032067
bellevue_150th_eastgate,A5,exit,0,2,2.66254645438174,2.77802862501237,0.303138996183114,1.80274465469323,8.78325285729125,1.54099950748994,8.78325285729125,False,0.83324150311333
bellevue_150th_eastgate,A5,exit,0,3,1.05439732971644,1.15999671973867,0.538512242929817,2.26821460002261,1.95798209522575,0.511414008060397,1.95798209522575,False,0.483609487355969
bellevue_150th_eastgate,A5,exit,1,2,1.57574105822614,1.69514413446426,0.66949725431758,2.40786592471366,2.35361840256133,0.704002709231347,2.35361840256133,False,0.0912820074721454
bellevue_150th_eastgate,A5,exit,1,3,3.09929512428815,2.24288121028678,0.904870501064283,2.87333587004305,3.42512560708173,0.780584418852915,3.42512560708173,False,0.924736528031002
bellevue_150th_eastgate,A5,exit,2,3,1.6081491246653,2.34515996242854,0.633568483077519,3.31677773617995,2.53824040749914,0.707059727532283,2.53824040749914,False,0.92392813949542
bellevue_150th_eastgate,A6,entry,0,1,2.07608209091986,2.90182720994514,0.469824860785691,2.66479010698145,4.41884256071086,1.08895150966775,4.41884256071086,False,0.975442254635065
bellevue_150th_eastgate,A6,entry,0,2,1.70347442446556,1.55187490227816,0.676150256296992,2.02957636459601,2.51937259300147,0.764629963843252,2.51937259300147,False,0.328884728909085
bellevue_150th_eastgate,A6,entry,0,3,1.2298897706824,1.3197653000391,0.541009288857199,3.33200391830259,2.27332468409251,0.396087559438233,2.27332468409251,False,0.973965508873982
bellevue_150th_eastgate,A6,entry,1,2,2.50362879179416,1.34995230766698,0.764420902063788,3.0438978417838,3.27519666853019,0.44349461704532,3.27519666853019,False,0.760295096104609
bellevue_150th_eastgate,A6,entry,1,3,0.846192320237463,2.06159279719534,0.629279934623995,4.34632539549038,1.34469935187601,0.474330062662678,1.34469935187601,False,0.359688522826589
bellevue_150th_eastgate,A6,entry,2,3,2.93336419514796,2.87164020231727,0.835605330135296,3.71111165310493,3.51046611283943,0.773795151087595,3.51046611283943,False,0.801940016416373
bellevue_150th_eastgate,A6,exit,0,1,2.04489779457171,1.08288449054811,0.574441014169878,1.35930278855632,3.55980465205254,0.796647001436831,3.55980465205254,False,0.815136769032067
bellevue_150th_eastgate,A6,exit,0,2,2.66254645438174,2.77802862501237,0.303138996183114,1.80274465469323,8.78325285729125,1.54099950748994,8.78325285729125,False,0.83324150311333
bellevue_150th_eastgate,A6,exit,0,3,1.05439732971644,1.15999671973867,0.538512242929817,2.26821460002261,1.95798209522575,0.511414008060397,1.95798209522575,False,0.483609487355969
bellevue_150th_eastgate,A6,exit,1,2,1.57574105822614,1.69514413446426,0.66949725431758,2.40786592471366,2.35361840256133,0.704002709231347,2.35361840256133,False,0.0912820074721454
bellevue_150th_eastgate,A6,exit,1,3,3.09929512428815,2.24288121028678,0.904870501064283,2.87333587004305,3.42512560708173,0.780584418852915,3.42512560708173,False,0.924736528031002
bellevue_150th_eastgate,A6,exit,2,3,1.6081491246653,2.34515996242854,0.633568483077519,3.31677773617995,2.53824040749914,0.707059727532283,2.53824040749914,False,0.92392813949542
bellevue_150th_eastgate,A7,entry,0,1,2.07608209091986,2.90182720994514,0.469824860785691,2.66479010698145,4.41884256071086,1.08895150966775,1.08895150966775,False,0.975442254635065
bellevue_150th_eastgate,A7,entry,0,2,1.70347442446556,1.55187490227816,0.676150256296992,2.02957636459601,2.51937259300147,0.764629963843252,0.764629963843252,True,0.328884728909085
bellevue_150th_eastgate,A7,entry,0,3,1.2298897706824,1.3197653000391,0.541009288857199,3.33200391830259,2.27332468409251,0.396087559438233,0.396087559438233,True,0.973965508873982
bellevue_150th_eastgate,A7,entry,1,2,2.50362879179416,1.34995230766698,0.764420902063788,3.0438978417838,3.27519666853019,0.44349461704532,0.44349461704532,True,0.760295096104609
bellevue_150th_eastgate,A7,entry,1,3,0.846192320237463,2.06159279719534,0.629279934623995,4.34632539549038,1.34469935187601,0.474330062662678,0.474330062662678,True,0.359688522826589
bellevue_150th_eastgate,A7,entry,2,3,2.93336419514796,2.87164020231727,0.835605330135296,3.71111165310493,3.51046611283943,0.773795151087595,0.773795151087595,True,0.801940016416373
bellevue_150th_eastgate,A7,exit,0,1,2.04489779457171,1.08288449054811,0.574441014169878,1.35930278855632,3.55980465205254,0.796647001436831,0.796647001436831,True,0.815136769032067
bellevue_150th_eastgate,A7,exit,0,2,2.66254645438174,2.77802862501237,0.303138996183114,1.80274465469323,8.78325285729125,1.54099950748994,1.54099950748994,False,0.83324150311333
bellevue_150th_eastgate,A7,exit,0,3,1.05439732971644,1.15999671973867,0.538512242929817,2.26821460002261,1.95798209522575,0.511414008060397,0.511414008060397,True,0.483609487355969
bellevue_150th_eastgate,A7,exit,1,2,1.57574105822614,1.69514413446426,0.66949725431758,2.40786592471366,2.35361840256133,0.704002709231347,0.704002709231347,True,0.0912820074721454
bellevue_150th_eastgate,A7,exit,1,3,3.09929512428815,2.24288121028678,0.904870501064283,2.87333587004305,3.42512560708173,0.780584418852915,0.780584418852915,True,0.924736528031002
bellevue_150th_eastgate,A7,exit,2,3,1.6081491246653,2.34515996242854,0.633568483077519,3.31677773617995,2.53824040749914,0.707059727532283,0.707059727532283,True,0.92392813949542
bellevue_150th_eastgate,A9,entry,0,1,2.07608209091986,3.11242451381192,0.469824860785691,3.10541626445064,4.41884256071086,1.00225678259031,4.41884256071086,False,0.975442254635065
bellevue_150th_eastgate,A9,entry,0,2,1.70347442446556,0.836034269386515,0.676150256296992,2.52049663986944,2.51937259300147,0.331694260631834,2.51937259300147,False,0.328884728909085
bellevue_150th_eastgate,A9,entry,0,3,1.2298897706824,1.73297766195669,0.541009288857199,3.78906570550815,2.27332468409251,0.45736278983958,2.27332468409251,False,0.973965508873982
bellevue_150th_eastgate,A9,entry,1,2,2.50362879179416,2.33472652398116,0.764420902063788,3.52113904678899,3.27519666853019,0.663060019203231,3.27519666853019,False,0.760295096104609
bellevue_150th_eastgate,A9,entry,1,3,0.846192320237463,1.37944685185523,0.629279934623995,4.78970811242771,1.34469935187601,0.288002278943892,1.34469935187601,False,0.359688522826589
bellevue_150th_eastgate,A9,entry,2,3,2.93336419514796,2.5690119313432,0.835605330135296,4.20478848784651,3.51046611283943,0.610972927358571,3.51046611283943,False,0.801940016416373
bellevue_150th_eastgate,A9,exit,0,1,2.04489779457171,2.1391794726571,0.574441014169878,2.12524169468879,3.55980465205254,1.00655820841608,3.55980465205254,False,0.815136769032067
bellevue_150th_eastgate,A9,exit,0,2,2.66254645438174,2.5534438148816,0.303138996183114,1.9692315850214,8.78325285729125,1.29667015007473,8.78325285729125,False,0.83324150311333
bellevue_150th_eastgate,A9,exit,0,3,1.05439732971644,0.213929699396938,0.538512242929817,2.78514373854555,1.95798209522575,0.0768110085078253,1.95798209522575,False,0.483609487355969
bellevue_150th_eastgate,A9,exit,1,2,1.57574105822614,1.59056201964089,0.66949725431758,2.76789210427266,2.35361840256133,0.574647406662136,2.35361840256133,False,0.0912820074721454
bellevue_150th_eastgate,A9,exit,1,3,3.09929512428815,2.35310917205404,0.904870501064283,3.5838042577968,3.42512560708173,0.656595339138486,3.42512560708173,False,0.924736528031002
bellevue_150th_eastgate,A9,exit,2,3,1.6081491246653,2.33951411548466,0.633568483077519,3.42779414812941,2.53824040749914,0.682513014021381,2.53824040749914,False,0.92392813949542
bellevue_150th_eastgate,sensitivity_heading_w3,entry,0,1,2.07608209091986,2.87015493679792,0.469824860785691,3.35899168409433,4.41884256071086,0.854469199905682,4.41884256071086,False,0.975442254635065
bellevue_150th_eastgate,sensitivity_heading_w3,entry,0,2,1.70347442446556,1.5028871128385,0.676150256296992,2.82730524912941,2.51937259300147,0.531561674602089,2.51937259300147,False,0.328884728909085
bellevue_150th_eastgate,sensitivity_heading_w3,entry,0,3,1.2298897706824,1.35430243842427,0.541009288857199,3.55813149701412,2.27332468409251,0.380621806574818,2.27332468409251,False,0.973965508873982
bellevue_150th_eastgate,sensitivity_heading_w3,entry,1,2,2.50362879179416,1.36726782395942,0.764420902063788,4.11556560008808,3.27519666853019,0.332218692840216,3.27519666853019,False,0.760295096104609
bellevue_150th_eastgate,sensitivity_heading_w3,entry,1,3,0.846192320237463,2.05872793195739,0.629279934623995,4.84639184797279,1.34469935187601,0.42479601248474,1.34469935187601,False,0.359688522826589
bellevue_150th_eastgate,sensitivity_heading_w3,entry,2,3,2.93336419514796,2.85718955126278,0.835605330135296,4.31470541300786,3.51046611283943,0.662198059373647,3.51046611283943,False,0.801940016416373
bellevue_150th_eastgate,sensitivity_heading_w3,exit,0,1,2.04489779457171,1.08807074930189,0.574441014169878,2.08248701536648,3.55980465205254,0.522486210609293,3.55980465205254,False,0.815136769032067
bellevue_150th_eastgate,sensitivity_heading_w3,exit,0,2,2.66254645438174,2.7947848151959,0.303138996183114,2.67976241973999,8.78325285729125,1.04292260933605,8.78325285729125,False,0.83324150311333
bellevue_150th_eastgate,sensitivity_heading_w3,exit,0,3,1.05439732971644,1.12180724717476,0.538512242929817,2.87998861688576,1.95798209522575,0.389517944827091,1.95798209522575,False,0.483609487355969
bellevue_150th_eastgate,sensitivity_heading_w3,exit,1,2,1.57574105822614,1.70671406589401,0.66949725431758,3.68846297039533,2.35361840256133,0.462716876810909,2.35361840256133,False,0.0912820074721454
bellevue_150th_eastgate,sensitivity_heading_w3,exit,1,3,3.09929512428815,2.20987799647665,0.904870501064283,3.88868916754111,3.42512560708173,0.568283527241648,3.42512560708173,False,0.924736528031002
bellevue_150th_eastgate,sensitivity_heading_w3,exit,2,3,1.6081491246653,2.36659324480893,0.633568483077519,4.48596457191461,2.53824040749914,0.527555045714251,2.53824040749914,False,0.92392813949542
bellevue_150th_eastgate,sensitivity_heading_w7,entry,0,1,2.07608209091986,2.92747487296863,0.469824860785691,2.18943019925362,4.41884256071086,1.33709440655684,4.41884256071086,False,0.975442254635065
bellevue_150th_eastgate,sensitivity_heading_w7,entry,0,2,1.70347442446556,1.60545287757178,0.676150256296992,1.36820802667602,2.51937259300147,1.1733982305835,2.51937259300147,False,0.328884728909085
bellevue_150th_eastgate,sensitivity_heading_w7,entry,0,3,1.2298897706824,1.35348307331939,0.541009288857199,3.07745741197946,2.27332468409251,0.43980562267109,2.27332468409251,False,0.973965508873982
bellevue_150th_eastgate,sensitivity_heading_w7,entry,1,2,2.50362879179416,1.32202199539685,0.764420902063788,2.44808987908231,3.27519666853019,0.54002183771636,3.27519666853019,False,0.760295096104609
bellevue_150th_eastgate,sensitivity_heading_w7,entry,1,3,0.846192320237463,2.00222736089156,0.629279934623995,4.15733926438575,1.34469935187601,0.481612693494572,1.34469935187601,False,0.359688522826589
bellevue_150th_eastgate,sensitivity_heading_w7,entry,2,3,2.93336419514796,2.95893595089117,0.835605330135296,3.33611709180815,3.51046611283943,0.886940077180401,3.51046611283943,False,0.801940016416373
bellevue_150th_eastgate,sensitivity_heading_w7,exit,0,1,2.04489779457171,1.08048130061229,0.574441014169878,0.943856555297348,3.55980465205254,1.14475159869171,3.55980465205254,False,0.815136769032067
bellevue_150th_eastgate,sensitivity_heading_w7,exit,0,2,2.66254645438174,2.76645272219251,0.303138996183114,1.47733761867956,8.78325285729125,1.87259343241064,8.78325285729125,False,0.83324150311333
bellevue_150th_eastgate,sensitivity_heading_w7,exit,0,3,1.05439732971644,1.19029362922573,0.538512242929817,2.17646233594959,1.95798209522575,0.54689374107933,1.95798209522575,False,0.483609487355969
bellevue_150th_eastgate,sensitivity_heading_w7,exit,1,2,1.57574105822614,1.68597142158022,0.66949725431758,1.79858309255352,2.35361840256133,0.937388674763188,2.35361840256133,False,0.0912820074721454
bellevue_150th_eastgate,sensitivity_heading_w7,exit,1,3,3.09929512428815,2.27077492983802,0.904870501064283,2.49770780982356,3.42512560708173,0.909143543895327,3.42512560708173,False,0.924736528031002
bellevue_150th_eastgate,sensitivity_heading_w7,exit,2,3,1.6081491246653,2.32643895576134,0.633568483077519,3.03118887320577,2.53824040749914,0.767500493395819,2.53824040749914,False,0.92392813949542
bellevue_150th_eastgate,sensitivity_self_consistency_q090,entry,0,1,2.07608209091986,2.90182720994514,0.394140156639327,1.29923633789439,5.26737013711512,2.23348679936707,5.26737013711512,False,0.975442254635065
bellevue_150th_eastgate,sensitivity_self_consistency_q090,entry,0,2,1.70347442446556,1.55187490227816,0.391203176345884,0.929700697440057,4.35444936919282,1.66921989684559,4.35444936919282,False,0.328884728909085
bellevue_150th_eastgate,sensitivity_self_consistency_q090,entry,0,3,1.2298897706824,1.3197653000391,0.388317579193759,2.53218551290409,3.16722661187771,0.521196134056347,3.16722661187771,False,0.973965508873982
bellevue_150th_eastgate,sensitivity_self_consistency_q090,entry,1,2,2.50362879179416,1.34995230766698,0.427045371480864,1.58378271401281,5.86267633135171,0.852359541320299,5.86267633135171,False,0.760295096104609
bellevue_150th_eastgate,sensitivity_self_consistency_q090,entry,1,3,0.846192320237463,2.06159279719534,0.42415977432874,3.18626752947685,1.99498484168287,0.647024387664595,1.99498484168287,False,0.359688522826589
bellevue_150th_eastgate,sensitivity_self_consistency_q090,entry,2,3,2.93336419514796,2.87164020231727,0.421222794035296,2.81673188902251,6.96392559160073,1.0194936243342,6.96392559160073,False,0.801940016416373
bellevue_150th_eastgate,sensitivity_self_consistency_q090,exit,0,1,2.04489779457171,1.08288449054811,0.337106123473994,0.780031776424466,6.06603574416963,1.38825689321514,6.06603574416963,False,0.815136769032067
bellevue_150th_eastgate,sensitivity_self_consistency_q090,exit,0,2,2.66254645438174,2.77802862501237,0.220540341695881,1.32405960459839,12.0728318180141,2.09811447714621,12.0728318180141,False,0.83324150311333
bellevue_150th_eastgate,sensitivity_self_consistency_q090,exit,0,3,1.05439732971644,1.15999671973867,0.242212822464971,0.958334493031718,4.35318543001137,1.21042989496182,4.35318543001137,False,0.483609487355969
bellevue_150th_eastgate,sensitivity_self_consistency_q090,exit,1,2,1.57574105822614,1.69514413446426,0.360636154949475,1.51934644358522,4.36933745161214,1.11570612589464,4.36933745161214,False,0.0912820074721454
bellevue_150th_eastgate,sensitivity_self_consistency_q090,exit,1,3,3.09929512428815,2.24288121028678,0.382308635718565,1.15362133201855,8.10678816726936,1.94420920282595,8.10678816726936,False,0.924736528031002
bellevue_150th_eastgate,sensitivity_self_consistency_q090,exit,2,3,1.6081491246653,2.34515996242854,0.265742853940452,1.69764916019247,6.05152349656655,1.38141614735206,6.05152349656655,False,0.92392813949542
bellevue_150th_eastgate,sensitivity_self_consistency_q0975,entry,0,1,2.07608209091986,2.90182720994514,0.53984798980842,3.91214766388478,3.84567902467623,0.741747873357013,3.84567902467623,False,0.975442254635065
bellevue_150th_eastgate,sensitivity_self_consistency_q0975,entry,0,2,1.70347442446556,1.55187490227816,0.796906159170506,3.54187132109211,2.13760981122131,0.43815112453031,2.13760981122131,False,0.328884728909085
bellevue_150th_eastgate,sensitivity_self_consistency_q0975,entry,0,3,1.2298897706824,1.3197653000391,0.604192999100363,4.32980050369267,2.03559089978483,0.304809724816084,2.03559089978483,False,0.973965508873982
bellevue_150th_eastgate,sensitivity_self_consistency_q0975,entry,1,2,2.50362879179416,1.34995230766698,0.937156415053103,4.60893498474853,2.67151646361221,0.292898969530731,2.67151646361221,False,0.760295096104609
bellevue_150th_eastgate,sensitivity_self_consistency_q0975,entry,1,3,0.846192320237463,2.06159279719534,0.74444325498296,5.39686416734908,1.13667806723137,0.38199827404735,1.13667806723137,False,0.359688522826589
bellevue_150th_eastgate,sensitivity_self_consistency_q0975,entry,2,3,2.93336419514796,2.87164020231727,1.00150142434505,5.02658782455642,2.92896657342879,0.571290167912401,2.92896657342879,False,0.801940016416373
bellevue_150th_eastgate,sensitivity_self_consistency_q0975,exit,0,1,2.04489779457171,1.08288449054811,0.740455754967062,2.27877049784001,2.76167452390545,0.47520559511129,2.76167452390545,False,0.815136769032067
bellevue_150th_eastgate,sensitivity_self_consistency_q0975,exit,0,2,2.66254645438174,2.77802862501237,0.371002146119568,2.82726179422662,7.17663356460381,0.982586271524347,7.17663356460381,False,0.83324150311333
bellevue_150th_eastgate,sensitivity_self_consistency_q0975,exit,0,3,1.05439732971644,1.15999671973867,0.730979410993751,3.02993377575847,1.44244463504521,0.382845568777587,1.44244463504521,False,0.483609487355969
bellevue_150th_eastgate,sensitivity_self_consistency_q0975,exit,1,2,1.57574105822614,1.69514413446426,0.887767083145369,3.94454070247471,1.77494873164622,0.429744363748299,1.77494873164622,False,0.0912820074721454
bellevue_150th_eastgate,sensitivity_self_consistency_q0975,exit,1,3,3.09929512428815,2.24288121028678,1.24774434801955,4.14721268400655,2.48391838376781,0.540816539006139,2.48391838376781,False,0.924736528031002
bellevue_150th_eastgate,sensitivity_self_consistency_q0975,exit,2,3,1.6081491246653,2.34515996242854,0.878290739172059,4.69570398039316,1.83099861235159,0.499426704115233,1.83099861235159,False,0.92392813949542
bellevue_150th_se38th,A5,entry,0,1,2.87121246184384,1.56067219806164,0.695737804212823,3.4607137067692,4.12685992403764,0.450968306048821,4.12685992403764,False,0.272469721099835
bellevue_150th_se38th,A5,entry,0,2,0.941997427034952,0.130249743585014,0.876353521710574,2.49695785741263,1.07490573575404,0.0521633728011651,1.07490573575404,False,0.298205647109713
bellevue_150th_se38th,A5,entry,0,3,2.39630470280387,2.79024056863579,0.526137346552316,3.84188933488216,4.55452310790409,0.726267813937793,4.55452310790409,False,0.841232471302198
bellevue_150th_se38th,A5,entry,0,4,1.49592785158049,0.766406159550769,0.820957909754715,4.14879986448678,1.82217362644991,0.184729604845756,1.82217362644991,False,0.625984872064419
bellevue_150th_se38th,A5,entry,0,5,0.922345433103438,0.312527894401557,0.676513473444383,3.05377460303841,1.36338072973984,0.10234150683243,1.36338072973984,False,0.382175348175971
bellevue_150th_se38th,A5,entry,0,6,2.45806241942081,0.271568832601861,0.892113612360668,2.53206391593335,2.75532441761135,0.107251965834266,2.75532441761135,False,0.832163012232809
bellevue_150th_se38th,A5,entry,1,2,2.46997541830079,1.69092194164666,0.897802236566861,3.51594239310709,2.75113529205031,0.480929933596656,2.75113529205031,False,0.396294060734281
bellevue_150th_se38th,A5,entry,1,3,0.474907759039978,1.93227254048215,0.547586061408603,4.86087387057662,0.867275105247077,0.39751546572282,0.867275105247077,True,0.667690169633565
bellevue_150th_se38th,A5,entry,1,4,1.37528461026336,2.32707835761241,0.842406624611001,5.16778440018123,1.63256623355547,0.450304845831185,1.63256623355547,False,0.456447481452398
bellevue_150th_se38th,A5,entry,1,5,1.94886702874041,1.8732000924632,0.697962188300669,4.07275913873287,2.79222436602951,0.459933924068487,2.79222436602951,False,0.241833455790563
bellevue_150th_se38th,A5,entry,1,6,0.95391042591493,1.8322410306635,0.913562327216955,3.55104845162781,1.04416567703803,0.515971847645053,1.04416567703803,False,0.672245893242513
bellevue_150th_se38th,A5,entry,2,3,2.94488317734077,2.65999082505078,0.728201778906353,3.89711802122005,4.04404831551432,0.682553315184956,4.04404831551432,False,0.758108273728529
bellevue_150th_se38th,A5,entry,2,4,2.43792527861544,0.636156415965755,1.02302234210875,4.20402855082466,2.38306161876206,0.151320669751628,2.38306161876206,False,0.533298420869575
bellevue_150th_se38th,A5,entry,2,5,1.86434286013839,0.182278150816543,0.87857790579842,3.10900328937629,2.12200061922129,0.0586291276819814,2.12200061922129,False,0.326379948742063
bellevue_150th_se38th,A5,entry,2,6,1.51606499238586,0.141319089016848,1.09417804471471,2.58729260227124,1.38557431279948,0.054620451081873,1.38557431279948,False,0.71341172470837
bellevue_150th_se38th,A5,entry,3,4,0.900376851223381,2.02383440908502,0.672806166950494,5.54896002829419,1.33824107960299,0.364723191150319,1.33824107960299,False,0.280321081858004
bellevue_150th_se38th,A5,entry,3,5,1.47395926970043,2.47771267423423,0.528361730640162,4.45393476684583,2.78967832873623,0.556297477160603,2.78967832873623,False,0.523261642339894
bellevue_150th_se38th,A5,entry,3,6,1.42881818495491,2.51867173603393,0.743961869556448,3.93222407974077,1.92055297915574,0.64052090749619,1.92055297915574,False,0.137237586416273
bellevue_150th_se38th,A5,entry,4,5,0.573582418477048,0.453878265149212,0.823182293842561,4.76084529645044,0.696786632520487,0.0953356466944247,0.696786632520487,True,0.269750686919148
bellevue_150th_se38th,A5,entry,4,6,2.32919503617829,0.494837326948907,1.03878243275885,4.23913460934538,2.24223568162614,0.116730741660813,2.24223568162614,False,0.26252848796289
bellevue_150th_se38th,A5,entry,5,6,2.90277745465534,0.0409590617996951,0.894337996448515,3.14410934789702,3.24572752827509,0.0130272383265204,3.24572752827509,False,0.509064902440923
bellevue_150th_se38th,A5,exit,0,1,3.10156266716208,3.00437009950608,1.56646191612263,4.17031672476776,1.97997961855287,0.720417727906119,1.97997961855287,False,0.73115526197622
bellevue_150th_se38th,A5,exit,0,2,2.37912193014894,0.0277228055646841,2.31951987197369,3.84547821517398,1.02569586011976,0.00720919584339131,1.02569586011976,False,0.414239265210764
bellevue_150th_se38th,A5,exit,1,2,0.802500709868574,2.97664729394139,2.04063199187604,5.80988214176586,0.393260868722733,0.512342113197613,0.512342113197613,True,0.71124788799453
bellevue_150th_se38th,A6,entry,0,1,2.87121246184384,1.56067219806164,0.695737804212823,3.4607137067692,4.12685992403764,0.450968306048821,4.12685992403764,False,0.272469721099835
bellevue_150th_se38th,A6,entry,0,2,0.941997427034952,0.130249743585014,0.876353521710574,2.49695785741263,1.07490573575404,0.0521633728011651,1.07490573575404,False,0.298205647109713
bellevue_150th_se38th,A6,entry,0,3,2.39630470280387,2.79024056863579,0.526137346552316,3.84188933488216,4.55452310790409,0.726267813937793,4.55452310790409,False,0.841232471302198
bellevue_150th_se38th,A6,entry,0,4,1.49592785158049,0.766406159550769,0.820957909754715,4.14879986448678,1.82217362644991,0.184729604845756,1.82217362644991,False,0.625984872064419
bellevue_150th_se38th,A6,entry,0,5,0.922345433103438,0.312527894401557,0.676513473444383,3.05377460303841,1.36338072973984,0.10234150683243,1.36338072973984,False,0.382175348175971
bellevue_150th_se38th,A6,entry,0,6,2.45806241942081,0.271568832601861,0.892113612360668,2.53206391593335,2.75532441761135,0.107251965834266,2.75532441761135,False,0.832163012232809
bellevue_150th_se38th,A6,entry,1,2,2.46997541830079,1.69092194164666,0.897802236566861,3.51594239310709,2.75113529205031,0.480929933596656,2.75113529205031,False,0.396294060734281
bellevue_150th_se38th,A6,entry,1,3,0.474907759039978,1.93227254048215,0.547586061408603,4.86087387057662,0.867275105247077,0.39751546572282,0.867275105247077,True,0.667690169633565
bellevue_150th_se38th,A6,entry,1,4,1.37528461026336,2.32707835761241,0.842406624611001,5.16778440018123,1.63256623355547,0.450304845831185,1.63256623355547,False,0.456447481452398
bellevue_150th_se38th,A6,entry,1,5,1.94886702874041,1.8732000924632,0.697962188300669,4.07275913873287,2.79222436602951,0.459933924068487,2.79222436602951,False,0.241833455790563
bellevue_150th_se38th,A6,entry,1,6,0.95391042591493,1.8322410306635,0.913562327216955,3.55104845162781,1.04416567703803,0.515971847645053,1.04416567703803,False,0.672245893242513
bellevue_150th_se38th,A6,entry,2,3,2.94488317734077,2.65999082505078,0.728201778906353,3.89711802122005,4.04404831551432,0.682553315184956,4.04404831551432,False,0.758108273728529
bellevue_150th_se38th,A6,entry,2,4,2.43792527861544,0.636156415965755,1.02302234210875,4.20402855082466,2.38306161876206,0.151320669751628,2.38306161876206,False,0.533298420869575
bellevue_150th_se38th,A6,entry,2,5,1.86434286013839,0.182278150816543,0.87857790579842,3.10900328937629,2.12200061922129,0.0586291276819814,2.12200061922129,False,0.326379948742063
bellevue_150th_se38th,A6,entry,2,6,1.51606499238586,0.141319089016848,1.09417804471471,2.58729260227124,1.38557431279948,0.054620451081873,1.38557431279948,False,0.71341172470837
bellevue_150th_se38th,A6,entry,3,4,0.900376851223381,2.02383440908502,0.672806166950494,5.54896002829419,1.33824107960299,0.364723191150319,1.33824107960299,False,0.280321081858004
bellevue_150th_se38th,A6,entry,3,5,1.47395926970043,2.47771267423423,0.528361730640162,4.45393476684583,2.78967832873623,0.556297477160603,2.78967832873623,False,0.523261642339894
bellevue_150th_se38th,A6,entry,3,6,1.42881818495491,2.51867173603393,0.743961869556448,3.93222407974077,1.92055297915574,0.64052090749619,1.92055297915574,False,0.137237586416273
bellevue_150th_se38th,A6,entry,4,5,0.573582418477048,0.453878265149212,0.823182293842561,4.76084529645044,0.696786632520487,0.0953356466944247,0.696786632520487,True,0.269750686919148
bellevue_150th_se38th,A6,entry,4,6,2.32919503617829,0.494837326948907,1.03878243275885,4.23913460934538,2.24223568162614,0.116730741660813,2.24223568162614,False,0.26252848796289
bellevue_150th_se38th,A6,entry,5,6,2.90277745465534,0.0409590617996951,0.894337996448515,3.14410934789702,3.24572752827509,0.0130272383265204,3.24572752827509,False,0.509064902440923
bellevue_150th_se38th,A6,exit,0,1,3.10156266716208,3.00437009950608,1.56646191612263,4.17031672476776,1.97997961855287,0.720417727906119,1.97997961855287,False,0.73115526197622
bellevue_150th_se38th,A6,exit,0,2,2.37912193014894,0.0277228055646841,2.31951987197369,3.84547821517398,1.02569586011976,0.00720919584339131,1.02569586011976,False,0.414239265210764
bellevue_150th_se38th,A6,exit,1,2,0.802500709868574,2.97664729394139,2.04063199187604,5.80988214176586,0.393260868722733,0.512342113197613,0.393260868722733,True,0.71124788799453
bellevue_150th_se38th,A7,entry,0,1,2.87121246184384,1.56067219806164,0.695737804212823,3.4607137067692,4.12685992403764,0.450968306048821,0.450968306048821,True,0.272469721099835
bellevue_150th_se38th,A7,entry,0,2,0.941997427034952,0.130249743585014,0.876353521710574,2.49695785741263,1.07490573575404,0.0521633728011651,0.0521633728011651,True,0.298205647109713
bellevue_150th_se38th,A7,entry,0,3,2.39630470280387,2.79024056863579,0.526137346552316,3.84188933488216,4.55452310790409,0.726267813937793,0.726267813937793,True,0.841232471302198
bellevue_150th_se38th,A7,entry,0,4,1.49592785158049,0.766406159550769,0.820957909754715,4.14879986448678,1.82217362644991,0.184729604845756,0.184729604845756,True,0.625984872064419
bellevue_150th_se38th,A7,entry,0,5,0.922345433103438,0.312527894401557,0.676513473444383,3.05377460303841,1.36338072973984,0.10234150683243,0.10234150683243,True,0.382175348175971
bellevue_150th_se38th,A7,entry,0,6,2.45806241942081,0.271568832601861,0.892113612360668,2.53206391593335,2.75532441761135,0.107251965834266,0.107251965834266,True,0.832163012232809
bellevue_150th_se38th,A7,entry,1,2,2.46997541830079,1.69092194164666,0.897802236566861,3.51594239310709,2.75113529205031,0.480929933596656,0.480929933596656,True,0.396294060734281
bellevue_150th_se38th,A7,entry,1,3,0.474907759039978,1.93227254048215,0.547586061408603,4.86087387057662,0.867275105247077,0.39751546572282,0.39751546572282,True,0.667690169633565
bellevue_150th_se38th,A7,entry,1,4,1.37528461026336,2.32707835761241,0.842406624611001,5.16778440018123,1.63256623355547,0.450304845831185,0.450304845831185,True,0.456447481452398
bellevue_150th_se38th,A7,entry,1,5,1.94886702874041,1.8732000924632,0.697962188300669,4.07275913873287,2.79222436602951,0.459933924068487,0.459933924068487,True,0.241833455790563
bellevue_150th_se38th,A7,entry,1,6,0.95391042591493,1.8322410306635,0.913562327216955,3.55104845162781,1.04416567703803,0.515971847645053,0.515971847645053,True,0.672245893242513
bellevue_150th_se38th,A7,entry,2,3,2.94488317734077,2.65999082505078,0.728201778906353,3.89711802122005,4.04404831551432,0.682553315184956,0.682553315184956,True,0.758108273728529
bellevue_150th_se38th,A7,entry,2,4,2.43792527861544,0.636156415965755,1.02302234210875,4.20402855082466,2.38306161876206,0.151320669751628,0.151320669751628,True,0.533298420869575
bellevue_150th_se38th,A7,entry,2,5,1.86434286013839,0.182278150816543,0.87857790579842,3.10900328937629,2.12200061922129,0.0586291276819814,0.0586291276819814,True,0.326379948742063
bellevue_150th_se38th,A7,entry,2,6,1.51606499238586,0.141319089016848,1.09417804471471,2.58729260227124,1.38557431279948,0.054620451081873,0.054620451081873,True,0.71341172470837
bellevue_150th_se38th,A7,entry,3,4,0.900376851223381,2.02383440908502,0.672806166950494,5.54896002829419,1.33824107960299,0.364723191150319,0.364723191150319,True,0.280321081858004
bellevue_150th_se38th,A7,entry,3,5,1.47395926970043,2.47771267423423,0.528361730640162,4.45393476684583,2.78967832873623,0.556297477160603,0.556297477160603,True,0.523261642339894
bellevue_150th_se38th,A7,entry,3,6,1.42881818495491,2.51867173603393,0.743961869556448,3.93222407974077,1.92055297915574,0.64052090749619,0.64052090749619,True,0.137237586416273
bellevue_150th_se38th,A7,entry,4,5,0.573582418477048,0.453878265149212,0.823182293842561,4.76084529645044,0.696786632520487,0.0953356466944247,0.0953356466944247,True,0.269750686919148
bellevue_150th_se38th,A7,entry,4,6,2.32919503617829,0.494837326948907,1.03878243275885,4.23913460934538,2.24223568162614,0.116730741660813,0.116730741660813,True,0.26252848796289
bellevue_150th_se38th,A7,entry,5,6,2.90277745465534,0.0409590617996951,0.894337996448515,3.14410934789702,3.24572752827509,0.0130272383265204,0.0130272383265204,True,0.509064902440923
bellevue_150th_se38th,A7,exit,0,1,3.10156266716208,3.00437009950608,1.56646191612263,4.17031672476776,1.97997961855287,0.720417727906119,0.720417727906119,True,0.73115526197622
bellevue_150th_se38th,A7,exit,0,2,2.37912193014894,0.0277228055646841,2.31951987197369,3.84547821517398,1.02569586011976,0.00720919584339131,0.00720919584339131,True,0.414239265210764
bellevue_150th_se38th,A7,exit,1,2,0.802500709868574,2.97664729394139,2.04063199187604,5.80988214176586,0.393260868722733,0.512342113197613,0.512342113197613,True,0.71124788799453
bellevue_150th_se38th,A9,entry,0,1,2.87121246184384,0.577400317648366,0.695737804212823,3.30180367533493,4.12685992403764,0.174874212528641,4.12685992403764,False,0.272469721099835
bellevue_150th_se38th,A9,entry,0,2,0.941997427034952,0.395276398641634,0.876353521710574,2.72314832663568,1.07490573575404,0.145154193319311,1.07490573575404,False,0.298205647109713
bellevue_150th_se38th,A9,entry,0,3,2.39630470280387,2.8734482515546,0.526137346552316,4.36934080683915,4.55452310790409,0.657638847273463,4.55452310790409,False,0.841232471302198
bellevue_150th_se38th,A9,entry,0,4,1.49592785158049,1.61162904324653,0.820957909754715,4.41139401516038,1.82217362644991,0.365333279618174,1.82217362644991,False,0.625984872064419
bellevue_150th_se38th,A9,entry,0,5,0.922345433103438,0.48902323151246,0.676513473444383,2.90874253587131,1.36338072973984,0.168121868980052,1.36338072973984,False,0.382175348175971
bellevue_150th_se38th,A9,entry,0,6,2.45806241942081,0.719190275846398,0.892113612360668,3.3331400045889,2.75532441761135,0.215769597093508,2.75532441761135,False,0.832163012232809
bellevue_150th_se38th,A9,entry,1,2,2.46997541830079,0.972676716290001,0.897802236566861,3.05310811577368,2.75113529205031,0.318585742596121,2.75113529205031,False,0.396294060734281
bellevue_150th_se38th,A9,entry,1,3,0.474907759039978,2.29604793390623,0.547586061408603,4.69930059597714,0.867275105247077,0.488593544297161,0.867275105247077,True,0.667690169633565
bellevue_150th_se38th,A9,entry,1,4,1.37528461026336,2.18902936089489,0.842406624611001,4.74135380429838,1.63256623355547,0.461688676114063,1.63256623355547,False,0.456447481452398
bellevue_150th_se38th,A9,entry,1,5,1.94886702874041,1.06642354916083,0.697962188300669,3.23870232500931,2.79222436602951,0.329274950935098,2.79222436602951,False,0.241833455790563
bellevue_150th_se38th,A9,entry,1,6,0.95391042591493,1.29659059349476,0.913562327216955,3.66309979372689,1.04416567703803,0.353959942809965,1.04416567703803,False,0.672245893242513
bellevue_150th_se38th,A9,entry,2,3,2.94488317734077,3.01446065698335,0.728201778906353,4.1206452472779,4.04404831551432,0.731550637360668,4.04404831551432,False,0.758108273728529
bellevue_150th_se38th,A9,entry,2,4,2.43792527861544,1.21635264460489,1.02302234210875,4.16269845559914,2.38306161876206,0.292202920192023,2.38306161876206,False,0.533298420869575
bellevue_150th_se38th,A9,entry,2,5,1.86434286013839,0.093746832870826,0.87857790579842,2.66004697631006,2.12200061922129,0.0352425478593873,2.12200061922129,False,0.326379948742063
bellevue_150th_se38th,A9,entry,2,6,1.51606499238586,0.323913877204764,1.09417804471471,3.08444444502765,1.38557431279948,0.105015305990334,1.38557431279948,False,0.71341172470837
bellevue_150th_se38th,A9,entry,3,4,0.900376851223381,1.79810801237846,0.672806166950494,5.8088909358026,1.33824107960299,0.309544116467392,1.33824107960299,False,0.280321081858004
bellevue_150th_se38th,A9,entry,3,5,1.47395926970043,2.92071382411253,0.528361730640162,4.30623945651353,2.78967832873623,0.678251605282822,2.78967832873623,False,0.523261642339894
bellevue_150th_se38th,A9,entry,3,6,1.42881818495491,2.69054677977859,0.743961869556448,4.73063692523111,1.92055297915574,0.568749371871768,1.92055297915574,False,0.137237586416273
bellevue_150th_se38th,A9,entry,4,5,0.573582418477048,1.12260581173407,0.823182293842561,4.34829266483476,0.696786632520487,0.258171631549259,0.696786632520487,True,0.269750686919148
bellevue_150th_se38th,A9,entry,4,6,2.32919503617829,0.892438767400129,1.03878243275885,4.77269013355235,2.24223568162614,0.18698862537214,2.24223568162614,False,0.26252848796289
bellevue_150th_se38th,A9,entry,5,6,2.90277745465534,0.230167044333938,0.894337996448515,3.27003865426328,3.24572752827509,0.0703866432997238,3.24572752827509,False,0.509064902440923
bellevue_150th_se38th,A9,exit,0,1,3.10156266716208,2.86867567730268,1.56646191612263,3.84081706065693,1.97997961855287,0.746892036771994,1.97997961855287,False,0.73115526197622
bellevue_150th_se38th,A9,exit,0,2,2.37912193014894,0.027497831996329,2.31951987197369,3.33091582541884,1.02569586011976,0.00825533680151506,1.02569586011976,False,0.414239265210764
bellevue_150th_se38th,A9,exit,1,2,0.802500709868574,2.84117784530635,2.04063199187604,5.572458571684,0.393260868722733,0.509860738982173,0.509860738982173,True,0.71124788799453
bellevue_150th_se38th,sensitivity_heading_w3,entry,0,1,2.87121246184384,1.53210470321438,0.695737804212823,3.67281907597075,4.12685992403764,0.417146794199068,4.12685992403764,False,0.272469721099835
bellevue_150th_se38th,sensitivity_heading_w3,entry,0,2,0.941997427034952,0.157831680667332,0.876353521710574,2.81215838489595,1.07490573575404,0.0561247479925182,1.07490573575404,False,0.298205647109713
bellevue_150th_se38th,sensitivity_heading_w3,entry,0,3,2.39630470280387,2.77055954416546,0.526137346552316,4.04845073416003,4.55452310790409,0.684350564226465,4.55452310790409,False,0.841232471302198
bellevue_150th_se38th,sensitivity_heading_w3,entry,0,4,1.49592785158049,0.787138269371487,0.820957909754715,4.30049402955416,1.82217362644991,0.183034382552809,1.82217362644991,False,0.625984872064419
bellevue_150th_se38th,sensitivity_heading_w3,entry,0,5,0.922345433103438,0.29949466332739,0.676513473444383,3.46929645119733,1.36338072973984,0.086327204244546,1.36338072973984,False,0.382175348175971
bellevue_150th_se38th,sensitivity_heading_w3,entry,0,6,2.45806241942081,0.286401941708887,0.892113612360668,3.11596139629792,2.75532441761135,0.0919144704581904,2.75532441761135,False,0.832163012232809
bellevue_150th_se38th,sensitivity_heading_w3,entry,1,2,2.46997541830079,1.68993638388171,0.897802236566861,3.69803944322687,2.75113529205031,0.456981708774607,2.75113529205031,False,0.396294060734281
bellevue_150th_se38th,sensitivity_heading_w3,entry,1,3,0.474907759039978,1.98052105979974,0.547586061408603,4.93433179249096,0.867275105247077,0.401375736997194,0.867275105247077,True,0.667690169633565
bellevue_150th_se38th,sensitivity_heading_w3,entry,1,4,1.37528461026336,2.31924297258587,0.842406624611001,5.18637508788509,1.63256623355547,0.447179953876343,1.63256623355547,False,0.456447481452398
bellevue_150th_se38th,sensitivity_heading_w3,entry,1,5,1.94886702874041,1.83159936654177,0.697962188300669,4.35517750952826,2.79222436602951,0.420556765489948,2.79222436602951,False,0.241833455790563
bellevue_150th_se38th,sensitivity_heading_w3,entry,1,6,0.95391042591493,1.81850664492327,0.913562327216955,4.00184245462885,1.04416567703803,0.454417350393152,1.04416567703803,False,0.672245893242513
bellevue_150th_se38th,sensitivity_heading_w3,entry,2,3,2.94488317734077,2.61272786349813,0.728201778906353,4.07367110141615,4.04404831551432,0.641369368918825,4.04404831551432,False,0.758108273728529
bellevue_150th_se38th,sensitivity_heading_w3,entry,2,4,2.43792527861544,0.629306588704155,1.02302234210875,4.32571439681028,2.38306161876206,0.145480383348516,2.38306161876206,False,0.533298420869575
bellevue_150th_se38th,sensitivity_heading_w3,entry,2,5,1.86434286013839,0.141662982660058,0.87857790579842,3.49451681845345,2.12200061922129,0.0405386466912909,2.12200061922129,False,0.326379948742063
bellevue_150th_se38th,sensitivity_heading_w3,entry,2,6,1.51606499238586,0.128570261041555,1.09417804471471,3.14118176355404,1.38557431279948,0.0409305384786412,1.38557431279948,False,0.71341172470837
bellevue_150th_se38th,sensitivity_heading_w3,entry,3,4,0.900376851223381,1.98342127479398,0.672806166950494,5.56200674607437,1.33824107960299,0.356601738427208,1.33824107960299,False,0.280321081858004
bellevue_150th_se38th,sensitivity_heading_w3,entry,3,5,1.47395926970043,2.47106488083807,0.528361730640162,4.73080916771753,2.78967832873623,0.522334508375506,2.78967832873623,False,0.523261642339894
bellevue_150th_se38th,sensitivity_heading_w3,entry,3,6,1.42881818495491,2.48415760245658,0.743961869556448,4.37747411281813,1.92055297915574,0.5674865318295,1.92055297915574,False,0.137237586416273
bellevue_150th_se38th,sensitivity_heading_w3,entry,4,5,0.573582418477048,0.487643606044097,0.823182293842561,4.98285246311167,0.696786632520487,0.0978643477113059,0.696786632520487,True,0.269750686919148
bellevue_150th_se38th,sensitivity_heading_w3,entry,4,6,2.32919503617829,0.500736327662601,1.03878243275885,4.62951740821226,2.24223568162614,0.108161668595165,2.24223568162614,False,0.26252848796289
bellevue_150th_se38th,sensitivity_heading_w3,entry,5,6,2.90277745465534,0.0130927216185035,0.894337996448515,3.79831982985543,3.24572752827509,0.00344697713857389,3.24572752827509,False,0.509064902440923
bellevue_150th_se38th,sensitivity_heading_w3,exit,0,1,3.10156266716208,2.99932841684835,1.56646191612263,4.94012910036387,1.97997961855287,0.607135634699796,1.97997961855287,False,0.73115526197622
bellevue_150th_se38th,sensitivity_heading_w3,exit,0,2,2.37912193014894,0.0183564734502131,2.31951987197369,4.67965650632008,1.02569586011976,0.00392261129111118,1.02569586011976,False,0.414239265210764
bellevue_150th_se38th,sensitivity_heading_w3,exit,1,2,0.802500709868574,2.98097194339814,2.04063199187604,5.82428264582458,0.393260868722733,0.511817870915861,0.511817870915861,True,0.71124788799453
bellevue_150th_se38th,sensitivity_heading_w7,entry,0,1,2.87121246184384,1.56194831257834,0.695737804212823,3.25766946802338,4.12685992403764,0.479468014760278,4.12685992403764,False,0.272469721099835
bellevue_150th_se38th,sensitivity_heading_w7,entry,0,2,0.941997427034952,0.110487564257252,0.876353521710574,2.21733900852324,1.07490573575404,0.0498289002414825,1.07490573575404,False,0.298205647109713
bellevue_150th_se38th,sensitivity_heading_w7,entry,0,3,2.39630470280387,2.79695118167935,0.526137346552316,3.71057537641139,4.55452310790409,0.753778295263837,4.55452310790409,False,0.841232471302198
bellevue_150th_se38th,sensitivity_heading_w7,entry,0,4,1.49592785158049,0.744719044756332,0.820957909754715,4.06385954721483,1.82217362644991,0.183254129751292,1.82217362644991,False,0.625984872064419
bellevue_150th_se38th,sensitivity_heading_w7,entry,0,5,0.922345433103438,0.341130404187563,0.676513473444383,2.93549867346298,1.36338072973984,0.116208672574577,1.36338072973984,False,0.382175348175971
bellevue_150th_se38th,sensitivity_heading_w7,entry,0,6,2.45806241942081,0.273809910250362,0.892113612360668,2.29320843116083,2.75532441761135,0.11940035913428,2.75532441761135,False,0.832163012232809
bellevue_150th_se38th,sensitivity_heading_w7,entry,1,2,2.46997541830079,1.67243587683559,0.897802236566861,3.24157491473461,2.75113529205031,0.515933125356294,2.75113529205031,False,0.396294060734281
bellevue_150th_se38th,sensitivity_heading_w7,entry,1,3,0.474907759039978,1.9242858129219,0.547586061408603,4.73481128262277,0.867275105247077,0.406412356915727,0.867275105247077,True,0.667690169633565
bellevue_150th_se38th,sensitivity_heading_w7,entry,1,4,1.37528461026336,2.30666735733467,0.842406624611001,5.08809545342621,1.63256623355547,0.453345928441931,1.63256623355547,False,0.456447481452398
bellevue_150th_se38th,sensitivity_heading_w7,entry,1,5,1.94886702874041,1.9030787167659,0.697962188300669,3.95973457967435,2.79222436602951,0.480607646415132,2.79222436602951,False,0.241833455790563
bellevue_150th_se38th,sensitivity_heading_w7,entry,1,6,0.95391042591493,1.8357582228287,0.913562327216955,3.31744433737221,1.04416567703803,0.55336519203901,1.04416567703803,False,0.672245893242513
bellevue_150th_se38th,sensitivity_heading_w7,entry,2,3,2.94488317734077,2.6864636174221,0.728201778906353,3.69448082312263,4.04404831551432,0.727155924212231,4.04404831551432,False,0.758108273728529
bellevue_150th_se38th,sensitivity_heading_w7,entry,2,4,2.43792527861544,0.634231480499079,1.02302234210875,4.04776499392607,2.38306161876206,0.156686833709661,2.38306161876206,False,0.533298420869575
bellevue_150th_se38th,sensitivity_heading_w7,entry,2,5,1.86434286013839,0.230642839930311,0.87857790579842,2.91940412017421,2.12200061922129,0.0790033960480085,2.12200061922129,False,0.326379948742063
bellevue_150th_se38th,sensitivity_heading_w7,entry,2,6,1.51606499238586,0.16332234599311,1.09417804471471,2.27711387787207,1.38557431279948,0.0717233984563532,1.38557431279948,False,0.71341172470837
bellevue_150th_se38th,sensitivity_heading_w7,entry,3,4,0.900376851223381,2.05223213692302,0.672806166950494,5.54100136181422,1.33824107960299,0.370372068678049,1.33824107960299,False,0.280321081858004
bellevue_150th_se38th,sensitivity_heading_w7,entry,3,5,1.47395926970043,2.45582077749179,0.528361730640162,4.41264048806237,2.78967832873623,0.556542230017511,2.78967832873623,False,0.523261642339894
bellevue_150th_se38th,sensitivity_heading_w7,entry,3,6,1.42881818495491,2.52314127142899,0.743961869556448,3.77035024576023,1.92055297915574,0.669206070249381,1.92055297915574,False,0.137237586416273
bellevue_150th_se38th,sensitivity_heading_w7,entry,4,5,0.573582418477048,0.403588640568769,0.823182293842561,4.76592465886581,0.696786632520487,0.0846821276996046,0.696786632520487,True,0.269750686919148
bellevue_150th_se38th,sensitivity_heading_w7,entry,4,6,2.32919503617829,0.47090913450597,1.03878243275885,4.12363441656367,2.24223568162614,0.114197595357736,2.24223568162614,False,0.26252848796289
bellevue_150th_se38th,sensitivity_heading_w7,entry,5,6,2.90277745465534,0.067320493937201,0.894337996448515,2.99527354281181,3.24572752827509,0.0224755745927645,3.24572752827509,False,0.509064902440923
bellevue_150th_se38th,sensitivity_heading_w7,exit,0,1,3.10156266716208,3.0059623193314,1.56646191612263,3.81059237054275,1.97997961855287,0.788843840282831,1.97997961855287,False,0.73115526197622
bellevue_150th_se38th,sensitivity_heading_w7,exit,0,2,2.37912193014894,0.000699338150281559,2.31951987197369,3.46375553359554,1.02569586011976,0.000201901705677136,1.02569586011976,False,0.414239265210764
bellevue_150th_se38th,sensitivity_heading_w7,exit,1,2,0.802500709868574,3.00666165748168,2.04063199187604,5.80330137842114,0.393260868722733,0.518095039603075,0.518095039603075,True,0.71124788799453
bellevue_150th_se38th,sensitivity_self_consistency_q090,entry,0,1,2.87121246184384,1.56067219806164,0.491874744620988,2.73584885668965,5.83728376633007,0.570452638217025,5.83728376633007,False,0.272469721099835
bellevue_150th_se38th,sensitivity_self_consistency_q090,entry,0,2,0.941997427034952,0.130249743585014,0.696235841928512,1.7491497809633,1.35298611520157,0.0744646027473313,1.35298611520157,False,0.298205647109713
bellevue_150th_se38th,sensitivity_self_consistency_q090,entry,0,3,2.39630470280387,2.79024056863579,0.341302272515805,3.21536265218353,7.02106284010429,0.867784094817719,7.02106284010429,False,0.841232471302198
bellevue_150th_se38th,sensitivity_self_consistency_q090,entry,0,4,1.49592785158049,0.766406159550769,0.654558860927593,3.38719752751044,2.28539851933341,0.226265564179858,2.28539851933341,False,0.625984872064419
bellevue_150th_se38th,sensitivity_self_consistency_q090,entry,0,5,0.922345433103438,0.312527894401557,0.539658327872064,1.72884468644804,1.70912850866279,0.180772684123323,1.70912850866279,False,0.382175348175971
bellevue_150th_se38th,sensitivity_self_consistency_q090,entry,0,6,2.45806241942081,0.271568832601861,0.676090487340335,1.94130519625178,3.63570034699136,0.139889819038345,3.63570034699136,False,0.832163012232809
bellevue_150th_se38th,sensitivity_self_consistency_q090,entry,1,2,2.46997541830079,1.69092194164666,0.682886748751867,2.8417974231057,3.61696199672235,0.595018465390369,3.61696199672235,False,0.396294060734281
bellevue_150th_se38th,sensitivity_self_consistency_q090,entry,1,3,0.474907759039978,1.93227254048215,0.32795317933916,4.30801029432593,1.44809621909121,0.448530158580898,1.44809621909121,False,0.667690169633565
bellevue_150th_se38th,sensitivity_self_consistency_q090,entry,1,4,1.37528461026336,2.32707835761241,0.641209767750948,4.47984516965284,2.14482791659146,0.519455085942791,2.14482791659146,False,0.456447481452398
bellevue_150th_se38th,sensitivity_self_consistency_q090,entry,1,5,1.94886702874041,1.8732000924632,0.526309234695419,2.82149232859044,3.70289347073349,0.663904017559038,3.70289347073349,False,0.241833455790563
bellevue_150th_se38th,sensitivity_self_consistency_q090,entry,1,6,0.95391042591493,1.8322410306635,0.66274139416369,3.03395283839418,1.43934034348143,0.603912166160525,1.43934034348143,False,0.672245893242513
bellevue_150th_se38th,sensitivity_self_consistency_q090,entry,2,3,2.94488317734077,2.65999082505078,0.532314276646684,3.32131121859958,5.53222655588363,0.800885749626423,5.53222655588363,False,0.758108273728529
bellevue_150th_se38th,sensitivity_self_consistency_q090,entry,2,4,2.43792527861544,0.636156415965755,0.845570865058471,3.49314609392649,2.88317086048945,0.182115605491518,2.88317086048945,False,0.533298420869575
bellevue_150th_se38th,sensitivity_self_consistency_q090,entry,2,5,1.86434286013839,0.182278150816543,0.730670332002943,1.83479325286409,2.5515513337291,0.0993453352479953,2.5515513337291,False,0.326379948742063
bellevue_150th_se38th,sensitivity_self_consistency_q090,entry,2,6,1.51606499238586,0.141319089016848,0.867102491471214,2.04725376266783,1.74842652085286,0.0690286136451845,1.74842652085286,False,0.71341172470837
bellevue_150th_se38th,sensitivity_self_consistency_q090,entry,3,4,0.900376851223381,2.02383440908502,0.490637295645764,4.95935896514672,1.83511701864883,0.408083871989925,1.83511701864883,False,0.280321081858004
bellevue_150th_se38th,sensitivity_self_consistency_q090,entry,3,5,1.47395926970043,2.47771267423423,0.375736762590235,3.30100612408433,3.92285082657157,0.750593177079164,3.92285082657157,False,0.523261642339894
bellevue_150th_se38th,sensitivity_self_consistency_q090,entry,3,6,1.42881818495491,2.51867173603393,0.512168922058507,3.51346663388807,2.789740109986,0.716862289722877,2.789740109986,False,0.137237586416273
bellevue_150th_se38th,sensitivity_self_consistency_q090,entry,4,5,0.573582418477048,0.453878265149212,0.688993351002023,3.47284099941123,0.832493401631337,0.130693649731203,0.832493401631337,True,0.269750686919148
bellevue_150th_se38th,sensitivity_self_consistency_q090,entry,4,6,2.32919503617829,0.494837326948907,0.825425510470295,3.68530150921497,2.82181130414931,0.134273227227564,2.82181130414931,False,0.26252848796289
bellevue_150th_se38th,sensitivity_self_consistency_q090,entry,5,6,2.90277745465534,0.0409590617996951,0.710524977414766,2.02694866815257,4.08539818715037,0.0202072516404801,4.08539818715037,False,0.509064902440923
bellevue_150th_se38th,sensitivity_self_consistency_q090,exit,0,1,3.10156266716208,3.00437009950608,1.20313363691059,3.54647496922913,2.57790371078502,0.847142620651038,2.57790371078502,False,0.73115526197622
bellevue_150th_se38th,sensitivity_self_consistency_q090,exit,0,2,2.37912193014894,0.0277228055646841,2.02433985941141,3.23077498850916,1.17525815593073,0.00858085309663636,1.17525815593073,False,0.414239265210764
bellevue_150th_se38th,sensitivity_self_consistency_q090,exit,1,2,0.802500709868574,2.97664729394139,1.72389756056448,5.56721278478037,0.465515311481617,0.534674604512861,0.534674604512861,True,0.71124788799453
bellevue_150th_se38th,sensitivity_self_consistency_q0975,entry,0,1,2.87121246184384,1.56067219806164,0.862714729805956,3.95383277650512,3.32811341066316,0.394723875864359,3.32811341066316,False,0.272469721099835
bellevue_150th_se38th,sensitivity_self_consistency_q0975,entry,0,2,0.941997427034952,0.130249743585014,1.01804237090137,2.90703594146201,0.925302771240169,0.0448049993903784,0.925302771240169,True,0.298205647109713
bellevue_150th_se38th,sensitivity_self_consistency_q0975,entry,0,3,2.39630470280387,2.79024056863579,0.706451488029845,4.2584287197893,3.39203008756721,0.655227726524878,3.39203008756721,False,0.841232471302198
bellevue_150th_se38th,sensitivity_self_consistency_q0975,entry,0,4,1.49592785158049,0.766406159550769,0.93851046984284,4.63874844437945,1.59393837325117,0.165218305915982,1.59393837325117,False,0.625984872064419
bellevue_150th_se38th,sensitivity_self_consistency_q0975,entry,0,5,0.922345433103438,0.312527894401557,0.776247104454545,4.04262991153146,1.18821110933683,0.0773080646116236,1.18821110933683,False,0.382175348175971
bellevue_150th_se38th,sensitivity_self_consistency_q0975,entry,0,6,2.45806241942081,0.271568832601861,1.05562318184192,3.49868496317789,2.32854153044633,0.0776202588858394,2.32854153044633,False,0.832163012232809
bellevue_150th_se38th,sensitivity_self_consistency_q0975,entry,1,2,2.46997541830079,1.69092194164666,1.06294905770092,3.7932848192049,2.32370065188559,0.44576719709676,2.32370065188559,False,0.396294060734281
bellevue_150th_se38th,sensitivity_self_consistency_q0975,entry,1,3,0.474907759039978,1.93227254048215,0.751358174829388,5.14467759753218,0.632065737686046,0.375586711480041,0.632065737686046,True,0.667690169633565
bellevue_150th_se38th,sensitivity_self_consistency_q0975,entry,1,4,1.37528461026336,2.32707835761241,0.983417156642383,5.52499732212233,1.39847530722253,0.421190857105883,1.39847530722253,False,0.456447481452398
bellevue_150th_se38th,sensitivity_self_consistency_q0975,entry,1,5,1.94886702874041,1.8732000924632,0.821153791254088,4.92887878927435,2.37332768781844,0.380045883160982,2.37332768781844,False,0.241833455790563
bellevue_150th_se38th,sensitivity_self_consistency_q0975,entry,1,6,0.95391042591493,1.8322410306635,1.10052986864147,4.38493384092078,0.866773772430612,0.417849184761875,0.866773772430612,True,0.672245893242513
bellevue_150th_se38th,sensitivity_self_consistency_q0975,entry,2,3,2.94488317734077,2.65999082505078,0.906685815924805,4.09788076248907,3.24796431753709,0.649113768609286,3.24796431753709,False,0.758108273728529
bellevue_150th_se38th,sensitivity_self_consistency_q0975,entry,2,4,2.43792527861544,0.636156415965755,1.1387447977378,4.47820048707922,2.14088818096781,0.142056260723751,2.14088818096781,False,0.533298420869575
bellevue_150th_se38th,sensitivity_self_consistency_q0975,entry,2,5,1.86434286013839,0.182278150816543,0.976481432349504,3.88208195423124,1.90924558150851,0.0469537101394448,1.90924558150851,False,0.326379948742063
bellevue_150th_se38th,sensitivity_self_consistency_q0975,entry,2,6,1.51606499238586,0.141319089016848,1.25585750973688,3.33813700587767,1.20719506841464,0.0423347180681975,1.20719506841464,False,0.71341172470837
bellevue_150th_se38th,sensitivity_self_consistency_q0975,entry,3,4,0.900376851223381,2.02383440908502,0.827153914866272,5.82959326540651,1.08852395550706,0.347165628362907,1.08852395550706,False,0.280321081858004
bellevue_150th_se38th,sensitivity_self_consistency_q0975,entry,3,5,1.47395926970043,2.47771267423423,0.664890549477977,5.23347473255852,2.21684496923241,0.473435489966135,2.21684496923241,False,0.523261642339894
bellevue_150th_se38th,sensitivity_self_consistency_q0975,entry,3,6,1.42881818495491,2.51867173603393,0.944266626865355,4.68952978420495,1.51315120571199,0.537084068538641,1.51315120571199,False,0.137237586416273
bellevue_150th_se38th,sensitivity_self_consistency_q0975,entry,4,5,0.573582418477048,0.453878265149212,0.896949531290972,5.61379445714867,0.639481262286292,0.0808505314210851,0.639481262286292,True,0.269750686919148
bellevue_150th_se38th,sensitivity_self_consistency_q0975,entry,4,6,2.32919503617829,0.494837326948907,1.17632560867835,5.0698495087951,1.9800597887138,0.097603947827341,1.9800597887138,False,0.26252848796289
bellevue_150th_se38th,sensitivity_self_consistency_q0975,entry,5,6,2.90277745465534,0.0409590617996951,1.01406224329005,4.47373097594712,2.8625239464961,0.00915545928441167,2.8625239464961,False,0.509064902440923
bellevue_150th_se38th,sensitivity_self_consistency_q0975,exit,0,1,3.10156266716208,3.00437009950608,2.09335465782358,5.16981152633095,1.48162312371221,0.581137258912473,1.48162312371221,False,0.73115526197622
bellevue_150th_se38th,sensitivity_self_consistency_q0975,exit,0,2,2.37912193014894,0.0277228055646841,2.56240075508054,4.95355859457931,0.928473785933675,0.00559654338095874,0.928473785933675,True,0.414239265210764
bellevue_150th_se38th,sensitivity_self_consistency_q0975,exit,1,2,0.802500709868574,2.97664729394139,2.45102302534076,5.99947123245042,0.327414594465919,0.496151607135153,0.496151607135153,True,0.71124788799453
bellevue_ne8th,A5,entry,0,1,3.01163018720137,2.96626158633064,0.616711709478808,3.04393011778168,4.88336793498951,0.974484127937983,4.88336793498951,False,0.952778808688339
bellevue_ne8th,A5,entry,0,2,1.74827501168824,2.33418524112471,0.587977161485246,2.73121758694412,2.97337231138715,0.854631740906573,2.97337231138715,False,0.755394414394679
bellevue_ne8th,A5,entry,0,3,1.66643471616125,0.984813613260554,0.67169726802061,2.84355313924704,2.48093121038289,0.346332058883671,2.48093121038289,False,0.790868460819812
bellevue_ne8th,A5,entry,1,2,1.52328010828997,0.982738479724242,0.303625205878273,4.03658174566329,5.01697513512984,0.243458089454041,5.01697513512984,False,0.788649596704431
bellevue_ne8th,A5,entry,1,3,1.34519547104012,1.98144797307008,0.387345312413637,4.14891729796621,3.47285852682171,0.477581940242912,3.47285852682171,False,0.816609434336464
bellevue_ne8th,A5,entry,2,3,2.86847557933009,2.96418645279433,0.358610764420075,3.83620476712866,7.99885520438525,0.772687234579757,7.99885520438525,False,0.984301423429779
bellevue_ne8th,A5,exit,0,1,1.5799949843761,0.973732040810107,0.148887322521635,2.56091025427385,10.6120182539149,0.380228881189829,10.6120182539149,False,0.695107998763314
bellevue_ne8th,A5,exit,0,2,2.72002403394863,3.07767969188002,0.32861028368654,2.0504795406529,8.27735518022695,1.50095605972252,8.27735518022695,False,0.945071405927077
bellevue_ne8th,A5,exit,0,3,0.78308862634258,1.57694149113655,0.185375640949781,1.30969630498308,4.22433401891633,1.20405126374463,4.22433401891633,False,0.837810327134359
bellevue_ne8th,A5,exit,1,2,1.98316628885485,2.10394765106992,0.361251123321854,2.59305121123662,5.48971660106912,0.811379135881606,5.48971660106912,False,0.856248767800333
bellevue_ne8th,A5,exit,1,3,2.36308361071869,2.55067353194666,0.218016480585095,1.85226797556679,10.8390136579438,1.37705427378355,10.8390136579438,False,0.984558378854209
bellevue_ne8th,A5,exit,2,3,1.93693540760605,1.62856412416301,0.39773944175,1.34183726194584,4.86986002465282,1.21368229244236,4.86986002465282,False,0.717818512432415
bellevue_ne8th,A6,entry,0,1,3.01163018720137,2.96626158633064,0.616711709478808,3.04393011778168,4.88336793498951,0.974484127937983,4.88336793498951,False,0.952778808688339
bellevue_ne8th,A6,entry,0,2,1.74827501168824,2.33418524112471,0.587977161485246,2.73121758694412,2.97337231138715,0.854631740906573,2.97337231138715,False,0.755394414394679
bellevue_ne8th,A6,entry,0,3,1.66643471616125,0.984813613260554,0.67169726802061,2.84355313924704,2.48093121038289,0.346332058883671,2.48093121038289,False,0.790868460819812
bellevue_ne8th,A6,entry,1,2,1.52328010828997,0.982738479724242,0.303625205878273,4.03658174566329,5.01697513512984,0.243458089454041,5.01697513512984,False,0.788649596704431
bellevue_ne8th,A6,entry,1,3,1.34519547104012,1.98144797307008,0.387345312413637,4.14891729796621,3.47285852682171,0.477581940242912,3.47285852682171,False,0.816609434336464
bellevue_ne8th,A6,entry,2,3,2.86847557933009,2.96418645279433,0.358610764420075,3.83620476712866,7.99885520438525,0.772687234579757,7.99885520438525,False,0.984301423429779
bellevue_ne8th,A6,exit,0,1,1.5799949843761,0.973732040810107,0.148887322521635,2.56091025427385,10.6120182539149,0.380228881189829,10.6120182539149,False,0.695107998763314
bellevue_ne8th,A6,exit,0,2,2.72002403394863,3.07767969188002,0.32861028368654,2.0504795406529,8.27735518022695,1.50095605972252,8.27735518022695,False,0.945071405927077
bellevue_ne8th,A6,exit,0,3,0.78308862634258,1.57694149113655,0.185375640949781,1.30969630498308,4.22433401891633,1.20405126374463,4.22433401891633,False,0.837810327134359
bellevue_ne8th,A6,exit,1,2,1.98316628885485,2.10394765106992,0.361251123321854,2.59305121123662,5.48971660106912,0.811379135881606,5.48971660106912,False,0.856248767800333
bellevue_ne8th,A6,exit,1,3,2.36308361071869,2.55067353194666,0.218016480585095,1.85226797556679,10.8390136579438,1.37705427378355,10.8390136579438,False,0.984558378854209
bellevue_ne8th,A6,exit,2,3,1.93693540760605,1.62856412416301,0.39773944175,1.34183726194584,4.86986002465282,1.21368229244236,4.86986002465282,False,0.717818512432415
bellevue_ne8th,A7,entry,0,1,3.01163018720137,2.96626158633064,0.616711709478808,3.04393011778168,4.88336793498951,0.974484127937983,0.974484127937983,True,0.952778808688339
bellevue_ne8th,A7,entry,0,2,1.74827501168824,2.33418524112471,0.587977161485246,2.73121758694412,2.97337231138715,0.854631740906573,0.854631740906573,True,0.755394414394679
bellevue_ne8th,A7,entry,0,3,1.66643471616125,0.984813613260554,0.67169726802061,2.84355313924704,2.48093121038289,0.346332058883671,0.346332058883671,True,0.790868460819812
bellevue_ne8th,A7,entry,1,2,1.52328010828997,0.982738479724242,0.303625205878273,4.03658174566329,5.01697513512984,0.243458089454041,0.243458089454041,True,0.788649596704431
bellevue_ne8th,A7,entry,1,3,1.34519547104012,1.98144797307008,0.387345312413637,4.14891729796621,3.47285852682171,0.477581940242912,0.477581940242912,True,0.816609434336464
bellevue_ne8th,A7,entry,2,3,2.86847557933009,2.96418645279433,0.358610764420075,3.83620476712866,7.99885520438525,0.772687234579757,0.772687234579757,True,0.984301423429779
bellevue_ne8th,A7,exit,0,1,1.5799949843761,0.973732040810107,0.148887322521635,2.56091025427385,10.6120182539149,0.380228881189829,0.380228881189829,True,0.695107998763314
bellevue_ne8th,A7,exit,0,2,2.72002403394863,3.07767969188002,0.32861028368654,2.0504795406529,8.27735518022695,1.50095605972252,1.50095605972252,False,0.945071405927077
bellevue_ne8th,A7,exit,0,3,0.78308862634258,1.57694149113655,0.185375640949781,1.30969630498308,4.22433401891633,1.20405126374463,1.20405126374463,False,0.837810327134359
bellevue_ne8th,A7,exit,1,2,1.98316628885485,2.10394765106992,0.361251123321854,2.59305121123662,5.48971660106912,0.811379135881606,0.811379135881606,True,0.856248767800333
bellevue_ne8th,A7,exit,1,3,2.36308361071869,2.55067353194666,0.218016480585095,1.85226797556679,10.8390136579438,1.37705427378355,1.37705427378355,False,0.984558378854209
bellevue_ne8th,A7,exit,2,3,1.93693540760605,1.62856412416301,0.39773944175,1.34183726194584,4.86986002465282,1.21368229244236,1.21368229244236,False,0.717818512432415
bellevue_ne8th,A9,entry,0,1,3.01163018720137,2.84094655329505,0.616711709478808,3.90753718237392,4.88336793498951,0.727042743472785,4.88336793498951,False,0.952778808688339
bellevue_ne8th,A9,entry,0,2,1.74827501168824,1.64528360644129,0.587977161485246,3.55411266556718,2.97337231138715,0.462923874749684,2.97337231138715,False,0.755394414394679
bellevue_ne8th,A9,entry,0,3,1.66643471616125,1.67080375110908,0.67169726802061,3.12550273163297,2.48093121038289,0.534571201681894,2.48093121038289,False,0.790868460819812
bellevue_ne8th,A9,entry,1,2,1.52328010828997,1.19566294685377,0.303625205878273,5.39445220831793,5.01697513512984,0.22164677722237,5.01697513512984,False,0.788649596704431
bellevue_ne8th,A9,entry,1,3,1.34519547104012,1.77143500277546,0.387345312413637,4.96584227438372,3.47285852682171,0.356723976497078,3.47285852682171,False,0.816609434336464
bellevue_ne8th,A9,entry,2,3,2.86847557933009,2.96709794962922,0.358610764420075,4.61241775757698,7.99885520438525,0.643284738195075,7.99885520438525,False,0.984301423429779
bellevue_ne8th,A9,exit,0,1,1.5799949843761,2.15122382088042,0.148887322521635,3.94253921094512,10.6120182539149,0.545644242397964,10.6120182539149,False,0.695107998763314
bellevue_ne8th,A9,exit,0,2,2.72002403394863,2.76807650192354,0.32861028368654,2.39197009102029,8.27735518022695,1.15723708766894,8.27735518022695,False,0.945071405927077
bellevue_ne8th,A9,exit,0,3,0.78308862634258,0.949106219842411,0.185375640949781,1.83709640872215,4.22433401891633,0.516633865994323,4.22433401891633,False,0.837810327134359
bellevue_ne8th,A9,exit,1,2,1.98316628885485,1.36388498437563,0.361251123321854,3.57509418436661,5.48971660106912,0.381496238711614,5.48971660106912,False,0.856248767800333
bellevue_ne8th,A9,exit,1,3,2.36308361071869,3.10033004072283,0.218016480585095,3.02022050206846,10.8390136579438,1.02652440065204,10.8390136579438,False,0.984558378854209
bellevue_ne8th,A9,exit,2,3,1.93693540760605,1.81897028208113,0.39773944175,1.46965138214364,4.86986002465282,1.23768827368296,4.86986002465282,False,0.717818512432415
bellevue_ne8th,sensitivity_heading_w3,entry,0,1,3.01163018720137,2.9773533579972,0.616711709478808,3.99660697461329,4.88336793498951,0.74497026525489,4.88336793498951,False,0.952778808688339
bellevue_ne8th,sensitivity_heading_w3,entry,0,2,1.74827501168824,2.34876906341227,0.587977161485246,3.66477049579846,2.97337231138715,0.640904816851439,2.97337231138715,False,0.755394414394679
bellevue_ne8th,sensitivity_heading_w3,entry,0,3,1.66643471616125,0.992738380161045,0.67169726802061,3.95763169260363,2.48093121038289,0.250841527779445,2.48093121038289,False,0.790868460819812
bellevue_ne8th,sensitivity_heading_w3,entry,1,2,1.52328010828997,0.95706288577011,0.303625205878273,4.57660769482269,5.01697513512984,0.209120586597971,5.01697513512984,False,0.788649596704431
bellevue_ne8th,sensitivity_heading_w3,entry,1,3,1.34519547104012,1.98461497783616,0.387345312413637,4.86946889162785,3.47285852682171,0.407562923596932,3.47285852682171,False,0.816609434336464
bellevue_ne8th,sensitivity_heading_w3,entry,2,3,2.86847557933009,2.94167786360627,0.358610764420075,4.53763241281303,7.99885520438525,0.6482847432286,7.99885520438525,False,0.984301423429779
bellevue_ne8th,sensitivity_heading_w3,exit,0,1,1.5799949843761,0.984600971708584,0.148887322521635,3.47546316615565,10.6120182539149,0.283300649334083,10.6120182539149,False,0.695107998763314
bellevue_ne8th,sensitivity_heading_w3,exit,0,2,2.72002403394863,3.06666979283282,0.32861028368654,3.36102073514707,8.27735518022695,0.912422158174705,8.27735518022695,False,0.945071405927077
bellevue_ne8th,sensitivity_heading_w3,exit,0,3,0.78308862634258,1.55978730860538,0.185375640949781,1.80922543307339,4.22433401891633,0.862129881711711,4.22433401891633,False,0.837810327134359
bellevue_ne8th,sensitivity_heading_w3,exit,1,2,1.98316628885485,2.08206882112424,0.361251123321854,3.88104441274806,5.48971660106912,0.536471268992766,5.48971660106912,False,0.856248767800333
bellevue_ne8th,sensitivity_heading_w3,exit,1,3,2.36308361071869,2.54438828031396,0.218016480585095,2.32924911067438,10.8390136579438,1.09236417378187,10.8390136579438,False,0.984558378854209
bellevue_ne8th,sensitivity_heading_w3,exit,2,3,1.93693540760605,1.65672820574139,0.39773944175,2.2148066796658,4.86986002465282,0.748023843774653,4.86986002465282,False,0.717818512432415
bellevue_ne8th,sensitivity_heading_w7,entry,0,1,3.01163018720137,2.95096654720506,0.616711709478808,2.44078310031914,4.88336793498951,1.20902449169662,4.88336793498951,False,0.952778808688339
bellevue_ne8th,sensitivity_heading_w7,entry,0,2,1.74827501168824,2.31481473699995,0.587977161485246,2.23875471657458,2.97337231138715,1.03397425357153,2.97337231138715,False,0.755394414394679
bellevue_ne8th,sensitivity_heading_w7,entry,0,3,1.66643471616125,0.978999715137314,0.67169726802061,2.28941208683442,2.48093121038289,0.427620575940516,2.48093121038289,False,0.790868460819812
bellevue_ne8th,sensitivity_heading_w7,entry,1,2,1.52328010828997,1.01740402297458,0.303625205878273,3.48202971283219,5.01697513512984,0.292187059525995,5.01697513512984,False,0.788649596704431
bellevue_ne8th,sensitivity_heading_w7,entry,1,3,1.34519547104012,1.97196683206774,0.387345312413637,3.53268708309204,3.47285852682171,0.558205916823447,3.47285852682171,False,0.816609434336464
bellevue_ne8th,sensitivity_heading_w7,entry,2,3,2.86847557933009,2.98937085504233,0.358610764420075,3.33065869934747,7.99885520438525,0.897531426930051,7.99885520438525,False,0.984301423429779
bellevue_ne8th,sensitivity_heading_w7,exit,0,1,1.5799949843761,0.97000338078311,0.148887322521635,1.88676706464739,10.6120182539149,0.514108709526572,10.6120182539149,False,0.695107998763314
bellevue_ne8th,sensitivity_heading_w7,exit,0,2,2.72002403394863,3.09600058628259,0.32861028368654,1.42900244168884,8.27735518022695,2.1665467433517,8.27735518022695,False,0.945071405927077
bellevue_ne8th,sensitivity_heading_w7,exit,0,3,0.78308862634258,1.58366292386372,0.185375640949781,1.00919752481416,4.22433401891633,1.56922989298387,4.22433401891633,False,0.837810327134359
bellevue_ne8th,sensitivity_heading_w7,exit,1,2,1.98316628885485,2.12599720549948,0.361251123321854,1.88524945581927,5.48971660106912,1.12770073951597,5.48971660106912,False,0.856248767800333
bellevue_ne8th,sensitivity_heading_w7,exit,1,3,2.36308361071869,2.55366630464683,0.218016480585095,1.46544453894459,10.8390136579438,1.74258816132746,10.8390136579438,False,0.984558378854209
bellevue_ne8th,sensitivity_heading_w7,exit,2,3,1.93693540760605,1.60352179703328,0.39773944175,1.00767991598604,4.86986002465282,1.59130074103362,4.86986002465282,False,0.717818512432415
bellevue_ne8th,sensitivity_self_consistency_q090,entry,0,1,3.01163018720137,2.96626158633064,0.380051839365929,1.68786645809766,7.92426157501545,1.7574030054924,7.92426157501545,False,0.952778808688339
bellevue_ne8th,sensitivity_self_consistency_q090,entry,0,2,1.74827501168824,2.33418524112471,0.382915939499111,1.80641632647263,4.56568878792338,1.29216349903272,4.56568878792338,False,0.755394414394679
bellevue_ne8th,sensitivity_self_consistency_q090,entry,0,3,1.66643471616125,0.984813613260554,0.442675294745554,1.70769444736332,3.76446288270753,0.576691933841624,3.76446288270753,False,0.790868460819812
bellevue_ne8th,sensitivity_self_consistency_q090,entry,1,2,1.52328010828997,0.982738479724242,0.197819128665115,2.54507223669324,7.70036810175576,0.386133825812776,7.70036810175576,False,0.788649596704431
bellevue_ne8th,sensitivity_self_consistency_q090,entry,1,3,1.34519547104012,1.98144797307008,0.257578483911558,2.44635035758393,5.22246831572315,0.80996083284939,5.22246831572315,False,0.816609434336464
bellevue_ne8th,sensitivity_self_consistency_q090,entry,2,3,2.86847557933009,2.96418645279433,0.260442584044741,2.5649002259589,11.0138500961783,1.15567320038196,11.0138500961783,False,0.984301423429779
bellevue_ne8th,sensitivity_self_consistency_q090,exit,0,1,1.5799949843761,0.973732040810107,0.0990341900275874,1.60734648209825,15.9540355097161,0.605800959317113,15.9540355097161,False,0.695107998763314
bellevue_ne8th,sensitivity_self_consistency_q090,exit,0,2,2.72002403394863,3.07767969188002,0.273225555681908,1.24958944463909,9.9552328740263,2.4629526962505,9.9552328740263,False,0.945071405927077
bellevue_ne8th,sensitivity_self_consistency_q090,exit,0,3,0.78308862634258,1.57694149113655,0.159547749636625,0.819818614888783,4.90817719539189,1.92352486574177,4.90817719539189,False,0.837810327134359
bellevue_ne8th,sensitivity_self_consistency_q090,exit,1,2,1.98316628885485,2.10394765106992,0.289179118976574,1.63962628766956,6.85791662922767,1.28318731340927,6.85791662922767,False,0.856248767800333
bellevue_ne8th,sensitivity_self_consistency_q090,exit,1,3,2.36308361071869,2.55067353194666,0.175501312931291,1.20985545791924,13.4647631476343,2.10824649775387,13.4647631476343,False,0.984558378854209
bellevue_ne8th,sensitivity_self_consistency_q090,exit,2,3,1.93693540760605,1.62856412416301,0.349692678585612,0.852098420460088,5.53896471450389,1.911239459033,5.53896471450389,False,0.717818512432415
bellevue_ne8th,sensitivity_self_consistency_q0975,entry,0,1,3.01163018720137,2.96626158633064,0.72558849971193,4.37753961393837,4.15060352857995,0.677609307494528,4.15060352857995,False,0.952778808688339
bellevue_ne8th,sensitivity_self_consistency_q0975,entry,0,2,1.74827501168824,2.33418524112471,0.625864118241344,4.04369756935113,2.79337792458981,0.577240310654404,2.79337792458981,False,0.755394414394679
bellevue_ne8th,sensitivity_self_consistency_q0975,entry,0,3,1.66643471616125,0.984813613260554,0.818351007196264,4.22259248004548,2.03633245576442,0.23322487735069,2.03633245576442,False,0.790868460819812
bellevue_ne8th,sensitivity_self_consistency_q0975,entry,1,2,1.52328010828997,0.982738479724242,0.416459350435703,5.16786528515012,3.65769217739092,0.190163331569061,3.65769217739092,False,0.788649596704431
bellevue_ne8th,sensitivity_self_consistency_q0975,entry,1,3,1.34519547104012,1.98144797307008,0.608946239390622,5.34676019584447,2.20905456676482,0.370588524731308,2.20905456676482,False,0.816609434336464
bellevue_ne8th,sensitivity_self_consistency_q0975,entry,2,3,2.86847557933009,2.96418645279433,0.509221857920036,5.01291815125724,5.63305666227025,0.591309565278043,5.63305666227025,False,0.984301423429779
bellevue_ne8th,sensitivity_self_consistency_q0975,exit,0,1,1.5799949843761,0.973732040810107,0.188185900173674,3.96267161016968,8.39592649033722,0.245726150587687,8.39592649033722,False,0.695107998763314
bellevue_ne8th,sensitivity_self_consistency_q0975,exit,0,2,2.72002403394863,3.07767969188002,0.378248609313613,3.45644300118297,7.19110121484521,0.89041818158919,7.19110121484521,False,0.945071405927077
bellevue_ne8th,sensitivity_self_consistency_q0975,exit,0,3,0.78308862634258,1.57694149113655,0.233666233815023,2.15439759746508,3.35131274021601,0.73196400376236,3.35131274021601,False,0.837810327134359
bellevue_ne8th,sensitivity_self_consistency_q0975,exit,1,2,1.98316628885485,2.10394765106992,0.397956751644285,3.89272681261607,4.98337138561105,0.540481711753098,4.98337138561105,False,0.856248767800333
bellevue_ne8th,sensitivity_self_consistency_q0975,exit,1,3,2.36308361071869,2.55067353194666,0.253374376145695,2.59068140889818,9.32645063271856,0.984557006193773,9.32645063271856,False,0.984558378854209
bellevue_ne8th,sensitivity_self_consistency_q0975,exit,2,3,1.93693540760605,1.62856412416301,0.443437085285633,2.08445279991146,4.36800500426888,0.781290957623117,4.36800500426888,False,0.717818512432415
