scene,variant_id,replicate,bootstrap_seed,emd_seed,sampled_trajectory_count,sampled_recording_count,emd_entry_regions,emd_exit_regions,entry_supernodes,exit_supernodes,support_threshold,smg_target,coverage,invalid_replicate,failure_reason
bellevue_116th_ne12th,A5,0,49892580,1479260155,777,4,4,4,4,4,0.0025,9,0.998712998712999,False,
bellevue_116th_ne12th,A6,0,49892580,1479260155,777,4,4,4,4,4,0.0025,9,0.998712998712999,False,
bellevue_116th_ne12th,A7,0,49892580,1479260155,777,4,4,4,2,2,0.005,4,1,False,
bellevue_116th_ne12th,A9,0,49892580,1479260155,777,4,4,4,4,4,0.0025,9,0.998712998712999,False,
bellevue_116th_ne12th,A5,1,304879433,326428880,688,4,4,4,4,4,0.0025,10,1,False,
bellevue_116th_ne12th,A6,1,304879433,326428880,688,4,4,4,4,4,0.0025,10,1,False,
bellevue_116th_ne12th,A7,1,304879433,326428880,688,4,4,4,2,2,0.005,4,1,False,
bellevue_116th_ne12th,A9,1,304879433,326428880,688,4,4,4,4,4,0.0025,10,1,False,
bellevue_116th_ne12th,A5,2,1450557340,426688966,1075,3,4,4,4,4,0.0025,10,1,False,
bellevue_116th_ne12th,A6,2,1450557340,426688966,1075,3,4,4,4,4,0.0025,10,1,False,
bellevue_116th_ne12th,A7,2,1450557340,426688966,1075,3,4,4,1,2,0.005,2,1,False,
bellevue_116th_ne12th,A9,2,1450557340,426688966,1075,3,4,4,4,4,0.0025,10,1,False,
bellevue_116th_ne12th,A5,3,1356869064,675574258,1075,3,4,4,4,4,0.0025,10,1,False,
bellevue_116th_ne12th,A6,3,1356869064,675574258,1075,3,4,4,4,4,0.0025,10,1,False,
bellevue_116th_ne12th,A7,3,1356869064,675574258,1075,3,4,4,2,1,0.005,2,1,False,
bellevue_116th_ne12th,A9,3,1356869064,675574258,1075,3,4,4,4,4,0.0025,10,1,False,
bellevue_116th_ne12th,A5,4,910470991,376382288,688,4,4,4,4,4,0.001,10,1,False,
bellevue_116th_ne12th,A6,4,910470991,376382288,688,4,4,4,4,4,0.001,10,1,False,
bellevue_116th_ne12th,A7,4,910470991,376382288,688,4,4,4,1,1,0.005,1,1,False,
bellevue_116th_ne12th,A9,4,910470991,376382288,688,4,4,4,4,4,0.001,10,1,False,
bellevue_116th_ne12th,A5,5,1746357660,158966176,368,3,7,4,5,4,0.001,15,1,False,
bellevue_116th_ne12th,A6,5,1746357660,158966176,368,3,7,4,5,4,0.001,15,1,False,
bellevue_116th_ne12th,A7,5,1746357660,158966176,368,3,7,4,2,1,0.005,2,1,False,
bellevue_116th_ne12th,A9,5,1746357660,158966176,368,3,7,4,5,4,0.001,15,1,False,
bellevue_116th_ne12th,A5,6,597608268,1601687028,1357,3,4,4,4,4,0.001,10,1,False,
bellevue_116th_ne12th,A6,6,597608268,1601687028,1357,3,4,4,4,4,0.001,10,1,False,
bellevue_116th_ne12th,A7,6,597608268,1601687028,1357,3,4,4,1,2,0.005,2,1,False,
bellevue_116th_ne12th,A9,6,597608268,1601687028,1357,3,4,4,4,4,0.001,10,1,False,
bellevue_116th_ne12th,A5,7,547588905,16813439,935,3,4,4,4,4,0.001,10,1,False,
bellevue_116th_ne12th,A6,7,547588905,16813439,935,3,4,4,4,4,0.001,10,1,False,
bellevue_116th_ne12th,A7,7,547588905,16813439,935,3,4,4,2,2,0.005,4,1,False,
bellevue_116th_ne12th,A9,7,547588905,16813439,935,3,4,4,4,4,0.001,10,1,False,
bellevue_116th_ne12th,A5,8,1972941653,1508750036,570,3,4,4,4,4,0.001,10,1,False,
bellevue_116th_ne12th,A6,8,1972941653,1508750036,570,3,4,4,4,4,0.001,10,1,False,
bellevue_116th_ne12th,A7,8,1972941653,1508750036,570,3,4,4,2,2,0.005,4,1,False,
bellevue_116th_ne12th,A9,8,1972941653,1508750036,570,3,4,4,4,4,0.001,10,1,False,
bellevue_116th_ne12th,A5,9,147203504,43679741,215,3,8,4,7,4,0.001,13,1,False,
bellevue_116th_ne12th,A6,9,147203504,43679741,215,3,8,4,7,4,0.001,13,1,False,
bellevue_116th_ne12th,A7,9,147203504,43679741,215,3,8,4,2,1,0.005,2,1,False,
bellevue_116th_ne12th,A9,9,147203504,43679741,215,3,8,4,7,4,0.001,13,1,False,
bellevue_116th_ne12th,A5,10,255198167,175588011,1408,2,4,4,4,4,0.0025,10,1,False,
bellevue_116th_ne12th,A6,10,255198167,175588011,1408,2,4,4,4,4,0.0025,10,1,False,
bellevue_116th_ne12th,A7,10,255198167,175588011,1408,2,4,4,1,2,0.005,2,1,False,
bellevue_116th_ne12th,A9,10,255198167,175588011,1408,2,4,4,4,4,0.0025,10,1,False,
bellevue_116th_ne12th,A5,11,1804404337,1040208237,723,5,4,4,4,4,0.001,10,1,False,
bellevue_116th_ne12th,A6,11,1804404337,1040208237,723,5,4,4,4,4,0.001,10,1,False,
bellevue_116th_ne12th,A7,11,1804404337,1040208237,723,5,4,4,1,2,0.005,2,1,False,
bellevue_116th_ne12th,A9,11,1804404337,1040208237,723,5,4,4,4,4,0.001,10,1,False,
bellevue_116th_ne12th,A5,12,169081606,747126017,790,4,4,4,4,4,0.001,10,1,False,
bellevue_116th_ne12th,A6,12,169081606,747126017,790,4,4,4,4,4,0.001,10,1,False,
bellevue_116th_ne12th,A7,12,169081606,747126017,790,4,4,4,2,2,0.005,4,1,False,
bellevue_116th_ne12th,A9,12,169081606,747126017,790,4,4,4,4,4,0.001,10,1,False,
bellevue_116th_ne12th,A5,13,179086021,67039522,809,4,4,4,4,4,0.001,10,1,False,
bellevue_116th_ne12th,A6,13,179086021,67039522,809,4,4,4,4,4,0.001,10,1,False,
bellevue_116th_ne12th,A7,13,179086021,67039522,809,4,4,4,1,1,0.005,1,1,False,
bellevue_116th_ne12th,A9,13,179086021,67039522,809,4,4,4,4,4,0.001,10,1,False,
bellevue_116th_ne12th,A5,14,166833178,1714850593,1177,3,4,4,4,4,0.0025,10,1,False,
bellevue_116th_ne12th,A6,14,166833178,1714850593,1177,3,4,4,4,4,0.0025,10,1,False,
bellevue_116th_ne12th,A7,14,166833178,1714850593,1177,3,4,4,2,2,0.005,4,1,False,
bellevue_116th_ne12th,A9,14,166833178,1714850593,1177,3,4,4,4,4,0.0025,10,1,False,
bellevue_116th_ne12th,A5,15,1550427225,873727594,489,3,7,4,5,4,0.001,12,1,False,
bellevue_116th_ne12th,A6,15,1550427225,873727594,489,3,7,4,5,4,0.001,12,1,False,
bellevue_116th_ne12th,A7,15,1550427225,873727594,489,3,7,4,2,1,0.005,2,1,False,
bellevue_116th_ne12th,A9,15,1550427225,873727594,489,3,7,4,5,4,0.001,12,1,False,
bellevue_116th_ne12th,A5,16,2059851107,1131629080,755,4,4,4,4,4,0.0025,10,1,False,
bellevue_116th_ne12th,A6,16,2059851107,1131629080,755,4,4,4,4,4,0.0025,10,1,False,
bellevue_116th_ne12th,A7,16,2059851107,1131629080,755,4,4,4,1,2,0.005,2,1,False,
bellevue_116th_ne12th,A9,16,2059851107,1131629080,755,4,4,4,4,4,0.0025,10,1,False,
bellevue_116th_ne12th,A5,17,401378470,231517684,387,3,7,4,6,3,0.0025,11,1,False,
bellevue_116th_ne12th,A6,17,401378470,231517684,387,3,7,4,6,3,0.0025,11,1,False,
bellevue_116th_ne12th,A7,17,401378470,231517684,387,3,7,4,1,1,0.005,1,1,False,
bellevue_116th_ne12th,A9,17,401378470,231517684,387,3,7,4,6,3,0.0025,11,1,False,
bellevue_116th_ne12th,A5,18,706615373,1003388341,720,3,8,4,7,4,0.005,11,0.995833333333333,False,
bellevue_116th_ne12th,A6,18,706615373,1003388341,720,3,8,4,7,4,0.005,11,0.995833333333333,False,
bellevue_116th_ne12th,A7,18,706615373,1003388341,720,3,8,4,2,2,0.005,4,1,False,
bellevue_116th_ne12th,A9,18,706615373,1003388341,720,3,8,4,7,4,0.005,11,0.995833333333333,False,
bellevue_116th_ne12th,A5,19,1881393140,1482225480,688,4,4,4,4,4,0.001,10,1,False,
bellevue_116th_ne12th,A6,19,1881393140,1482225480,688,4,4,4,4,4,0.001,10,1,False,
bellevue_116th_ne12th,A7,19,1881393140,1482225480,688,4,4,4,2,1,0.005,2,1,False,
bellevue_116th_ne12th,A9,19,1881393140,1482225480,688,4,4,4,4,4,0.001,10,1,False,
bellevue_116th_ne12th,A5,20,1410630421,61371783,669,4,4,4,4,4,0.001,10,1,False,
bellevue_116th_ne12th,A6,20,1410630421,61371783,669,4,4,4,4,4,0.001,10,1,False,
bellevue_116th_ne12th,A7,20,1410630421,61371783,669,4,4,4,1,2,0.005,2,1,False,
bellevue_116th_ne12th,A9,20,1410630421,61371783,669,4,4,4,4,4,0.001,10,1,False,
bellevue_116th_ne12th,A5,21,218874557,1671198885,903,3,4,4,4,4,0.0025,10,1,False,
bellevue_116th_ne12th,A6,21,218874557,1671198885,903,3,4,4,4,4,0.0025,10,1,False,
bellevue_116th_ne12th,A7,21,218874557,1671198885,903,3,4,4,2,2,0.005,4,1,False,
bellevue_116th_ne12th,A9,21,218874557,1671198885,903,3,4,4,4,4,0.0025,10,1,False,
bellevue_116th_ne12th,A5,22,210573768,1861193668,879,3,4,4,4,4,0.0025,10,1,False,
bellevue_116th_ne12th,A6,22,210573768,1861193668,879,3,4,4,4,4,0.0025,10,1,False,
bellevue_116th_ne12th,A7,22,210573768,1861193668,879,3,4,4,1,2,0.005,2,1,False,
bellevue_116th_ne12th,A9,22,210573768,1861193668,879,3,4,4,4,4,0.0025,10,1,False,
bellevue_116th_ne12th,A5,23,2134066598,1949362649,989,4,4,4,4,4,0.0025,10,1,False,
bellevue_116th_ne12th,A6,23,2134066598,1949362649,989,4,4,4,4,4,0.0025,10,1,False,
bellevue_116th_ne12th,A7,23,2134066598,1949362649,989,4,4,4,2,1,0.005,2,1,False,
bellevue_116th_ne12th,A9,23,2134066598,1949362649,989,4,4,4,4,4,0.0025,10,1,False,
bellevue_116th_ne12th,A5,24,1265696581,2066149382,390,4,4,4,4,4,0.0025,10,1,False,
bellevue_116th_ne12th,A6,24,1265696581,2066149382,390,4,4,4,4,4,0.0025,10,1,False,
bellevue_116th_ne12th,A7,24,1265696581,2066149382,390,4,4,4,2,2,0.005,4,1,False,
bellevue_116th_ne12th,A9,24,1265696581,2066149382,390,4,4,4,4,4,0.0025,10,1,False,
bellevue_116th_ne12th,A5,25,1571677271,1828828509,250,3,4,4,4,4,0.0025,9,1,False,
bellevue_116th_ne12th,A6,25,1571677271,1828828509,250,3,4,4,4,4,0.0025,9,1,False,
bellevue_116th_ne12th,A7,25,1571677271,1828828509,250,3,4,4,2,1,0.005,2,1,False,
bellevue_116th_ne12th,A9,25,1571677271,1828828509,250,3,4,4,4,4,0.0025,9,1,False,
bellevue_116th_ne12th,A5,26,1285085221,891095467,844,4,4,4,4,4,0.005,8,0.992890995260663,False,
bellevue_116th_ne12th,A6,26,1285085221,891095467,844,4,4,4,4,4,0.005,8,0.992890995260663,False,
bellevue_116th_ne12th,A7,26,1285085221,891095467,844,4,4,4,1,2,0.005,2,1,False,
bellevue_116th_ne12th,A9,26,1285085221,891095467,844,4,4,4,4,4,0.005,8,0.992890995260663,False,
bellevue_116th_ne12th,A5,27,638541336,1188812003,1177,3,4,4,4,4,0.0025,10,1,False,
bellevue_116th_ne12th,A6,27,638541336,1188812003,1177,3,4,4,4,4,0.0025,10,1,False,
bellevue_116th_ne12th,A7,27,638541336,1188812003,1177,3,4,4,2,1,0.005,2,1,False,
bellevue_116th_ne12th,A9,27,638541336,1188812003,1177,3,4,4,4,4,0.0025,10,1,False,
bellevue_116th_ne12th,A5,28,1295248682,332050652,723,5,4,4,4,4,0.0025,10,1,False,
bellevue_116th_ne12th,A6,28,1295248682,332050652,723,5,4,4,4,4,0.0025,10,1,False,
bellevue_116th_ne12th,A7,28,1295248682,332050652,723,5,4,4,2,1,0.005,2,1,False,
bellevue_116th_ne12th,A9,28,1295248682,332050652,723,5,4,4,4,4,0.0025,10,1,False,
bellevue_116th_ne12th,A5,29,1943867520,916865311,457,4,8,4,7,4,0.005,11,0.991247264770241,False,
bellevue_116th_ne12th,A6,29,1943867520,916865311,457,4,8,4,7,4,0.005,11,0.991247264770241,False,
bellevue_116th_ne12th,A7,29,1943867520,916865311,457,4,8,4,2,2,0.005,4,1,False,
bellevue_116th_ne12th,A9,29,1943867520,916865311,457,4,8,4,7,4,0.005,11,0.991247264770241,False,
bellevue_116th_ne12th,A5,30,1501065778,2019709167,492,3,4,4,4,4,0.005,8,0.997967479674797,False,
bellevue_116th_ne12th,A6,30,1501065778,2019709167,492,3,4,4,4,4,0.005,8,0.997967479674797,False,
bellevue_116th_ne12th,A7,30,1501065778,2019709167,492,3,4,4,2,2,0.005,4,1,False,
bellevue_116th_ne12th,A9,30,1501065778,2019709167,492,3,4,4,4,4,0.005,8,0.997967479674797,False,
bellevue_116th_ne12th,A5,31,85197652,378587470,755,4,4,4,4,4,0.0025,10,1,False,
bellevue_116th_ne12th,A6,31,85197652,378587470,755,4,4,4,4,4,0.0025,10,1,False,
bellevue_116th_ne12th,A7,31,85197652,378587470,755,4,4,4,1,1,0.005,1,1,False,
bellevue_116th_ne12th,A9,31,85197652,378587470,755,4,4,4,4,4,0.0025,10,1,False,
bellevue_116th_ne12th,A5,32,1098935299,372131607,422,4,8,4,5,4,0.02,7,0.964454976303318,False,
bellevue_116th_ne12th,A6,32,1098935299,372131607,422,4,8,4,5,4,0.02,7,0.964454976303318,False,
bellevue_116th_ne12th,A7,32,1098935299,372131607,422,4,8,4,2,1,0.005,2,1,False,
bellevue_116th_ne12th,A9,32,1098935299,372131607,422,4,8,4,5,4,0.02,7,0.964454976303318,False,
bellevue_116th_ne12th,A5,33,172698749,1247552483,301,3,7,4,5,4,0.001,13,1,False,
bellevue_116th_ne12th,A6,33,172698749,1247552483,301,3,7,4,5,4,0.001,13,1,False,
bellevue_116th_ne12th,A7,33,172698749,1247552483,301,3,7,4,2,1,0.005,2,1,False,
bellevue_116th_ne12th,A9,33,172698749,1247552483,301,3,7,4,5,4,0.001,13,1,False,
bellevue_116th_ne12th,A5,34,433004269,555343496,723,5,4,4,4,4,0.0025,10,1,False,
bellevue_116th_ne12th,A6,34,433004269,555343496,723,5,4,4,4,4,0.0025,10,1,False,
bellevue_116th_ne12th,A7,34,433004269,555343496,723,5,4,4,2,2,0.005,4,1,False,
bellevue_116th_ne12th,A9,34,433004269,555343496,723,5,4,4,4,4,0.0025,10,1,False,
bellevue_116th_ne12th,A5,35,828344198,1795149531,844,4,4,4,4,4,0.005,9,0.997630331753555,False,
bellevue_116th_ne12th,A6,35,828344198,1795149531,844,4,4,4,4,4,0.005,9,0.997630331753555,False,
bellevue_116th_ne12th,A7,35,828344198,1795149531,844,4,4,4,2,1,0.005,2,1,False,
bellevue_116th_ne12th,A9,35,828344198,1795149531,844,4,4,4,4,4,0.005,9,0.997630331753555,False,
bellevue_116th_ne12th,A5,36,933784313,1386705612,476,3,7,4,6,4,0.0025,11,0.997899159663866,False,
bellevue_116th_ne12th,A6,36,933784313,1386705612,476,3,7,4,6,4,0.0025,11,0.997899159663866,False,
bellevue_116th_ne12th,A7,36,933784313,1386705612,476,3,7,4,2,2,0.005,4,1,False,
bellevue_116th_ne12th,A9,36,933784313,1386705612,476,3,7,4,6,4,0.0025,11,0.997899159663866,False,
bellevue_116th_ne12th,A5,37,1520643572,1177094495,368,3,8,4,5,4,0.001,11,1,False,
bellevue_116th_ne12th,A6,37,1520643572,1177094495,368,3,8,4,5,4,0.001,11,1,False,
bellevue_116th_ne12th,A7,37,1520643572,1177094495,368,3,8,4,2,1,0.005,2,1,False,
bellevue_116th_ne12th,A9,37,1520643572,1177094495,368,3,8,4,5,4,0.001,11,1,False,
bellevue_116th_ne12th,A5,38,1866598100,1237761647,237,2,4,4,4,4,0.0025,8,1,False,
bellevue_116th_ne12th,A6,38,1866598100,1237761647,237,2,4,4,4,4,0.0025,8,1,False,
bellevue_116th_ne12th,A7,38,1866598100,1237761647,237,2,4,4,3,3,0.0025,7,1,False,
bellevue_116th_ne12th,A9,38,1866598100,1237761647,237,2,4,4,4,4,0.0025,8,1,False,
bellevue_116th_ne12th,A5,39,479847795,741770538,688,4,4,4,4,4,0.001,10,1,False,
bellevue_116th_ne12th,A6,39,479847795,741770538,688,4,4,4,4,4,0.001,10,1,False,
bellevue_116th_ne12th,A7,39,479847795,741770538,688,4,4,4,1,2,0.005,2,1,False,
bellevue_116th_ne12th,A9,39,479847795,741770538,688,4,4,4,4,4,0.001,10,1,False,
bellevue_116th_ne12th,A5,40,1895958175,1095687323,1142,3,4,4,4,4,0.0025,10,1,False,
bellevue_116th_ne12th,A6,40,1895958175,1095687323,1142,3,4,4,4,4,0.0025,10,1,False,
bellevue_116th_ne12th,A7,40,1895958175,1095687323,1142,3,4,4,1,2,0.005,2,1,False,
bellevue_116th_ne12th,A9,40,1895958175,1095687323,1142,3,4,4,4,4,0.0025,10,1,False,
bellevue_116th_ne12th,A5,41,1273463706,1625651464,809,4,4,4,4,4,0.001,10,1,False,
bellevue_116th_ne12th,A6,41,1273463706,1625651464,809,4,4,4,4,4,0.001,10,1,False,
bellevue_116th_ne12th,A7,41,1273463706,1625651464,809,4,4,4,1,2,0.005,2,1,False,
bellevue_116th_ne12th,A9,41,1273463706,1625651464,809,4,4,4,4,4,0.001,10,1,False,
bellevue_116th_ne12th,A5,42,1816876388,1815336792,301,3,7,4,6,3,0.001,11,1,False,
bellevue_116th_ne12th,A6,42,1816876388,1815336792,301,3,7,4,6,3,0.001,11,1,False,
bellevue_116th_ne12th,A7,42,1816876388,1815336792,301,3,7,4,1,1,0.005,1,1,False,
bellevue_116th_ne12th,A9,42,1816876388,1815336792,301,3,7,4,6,3,0.001,11,1,False,
bellevue_116th_ne12th,A5,43,834518408,1507892589,422,4,7,4,4,4,0.001,10,1,False,
bellevue_116th_ne12th,A6,43,834518408,1507892589,422,4,7,4,4,4,0.001,10,1,False,
bellevue_116th_ne12th,A7,43,834518408,1507892589,422,4,7,4,2,1,0.005,2,1,False,
bellevue_116th_ne12th,A9,43,834518408,1507892589,422,4,7,4,4,4,0.001,10,1,False,
bellevue_116th_ne12th,A5,44,849518875,1159629112,790,4,4,4,4,4,0.001,10,1,False,
bellevue_116th_ne12th,A6,44,849518875,1159629112,790,4,4,4,4,4,0.001,10,1,False,
bellevue_116th_ne12th,A7,44,849518875,1159629112,790,4,4,4,1,2,0.005,2,1,False,
bellevue_116th_ne12th,A9,44,849518875,1159629112,790,4,4,4,4,4,0.001,10,1,False,
bellevue_116th_ne12th,A5,45,669757991,359473726,1478,2,4,4,4,4,0.0025,10,1,False,
bellevue_116th_ne12th,A6,45,669757991,359473726,1478,2,4,4,4,4,0.0025,10,1,False,
bellevue_116th_ne12th,A7,45,669757991,359473726,1478,2,4,4,2,2,0.005,4,1,False,
bellevue_116th_ne12th,A9,45,669757991,359473726,1478,2,4,4,4,4,0.0025,10,1,False,
bellevue_116th_ne12th,A5,46,92416888,795285289,1411,3,4,4,4,4,0.0025,10,1,False,
bellevue_116th_ne12th,A6,46,92416888,795285289,1411,3,4,4,4,4,0.0025,10,1,False,
bellevue_116th_ne12th,A7,46,92416888,795285289,1411,3,4,4,2,2,0.005,4,1,False,
bellevue_116th_ne12th,A9,46,92416888,795285289,1411,3,4,4,4,4,0.0025,10,1,False,
bellevue_116th_ne12th,A5,47,1597830737,394702095,1236,2,4,4,4,4,0.0025,10,1,False,
bellevue_116th_ne12th,A6,47,1597830737,394702095,1236,2,4,4,4,4,0.0025,10,1,False,
bellevue_116th_ne12th,A7,47,1597830737,394702095,1236,2,4,4,2,2,0.0025,4,1,False,
bellevue_116th_ne12th,A9,47,1597830737,394702095,1236,2,4,4,4,4,0.0025,10,1,False,
bellevue_116th_ne12th,A5,48,349957152,1842180042,723,5,4,4,4,4,0.001,10,1,False,
bellevue_116th_ne12th,A6,48,349957152,1842180042,723,5,4,4,4,4,0.001,10,1,False,
bellevue_116th_ne12th,A7,48,349957152,1842180042,723,5,4,4,1,1,0.005,1,1,False,
bellevue_116th_ne12th,A9,48,349957152,1842180042,723,5,4,4,4,4,0.001,10,1,False,
bellevue_116th_ne12th,A5,49,1054303741,121950101,291,2,4,4,4,4,0.005,7,1,False,
bellevue_116th_ne12th,A6,49,1054303741,121950101,291,2,4,4,4,4,0.005,7,1,False,
bellevue_116th_ne12th,A7,49,1054303741,121950101,291,2,4,4,3,3,0.005,6,1,False,
bellevue_116th_ne12th,A9,49,1054303741,121950101,291,2,4,4,4,4,0.005,7,1,False,
bellevue_116th_ne12th,A5,50,426292576,603192496,489,3,7,4,6,4,0.0025,12,0.997955010224949,False,
bellevue_116th_ne12th,A6,50,426292576,603192496,489,3,7,4,6,4,0.0025,12,0.997955010224949,False,
bellevue_116th_ne12th,A7,50,426292576,603192496,489,3,7,4,2,2,0.005,4,1,False,
bellevue_116th_ne12th,A9,50,426292576,603192496,489,3,7,4,6,4,0.0025,12,0.997955010224949,False,
bellevue_116th_ne12th,A5,51,1875276407,1920501300,1357,3,4,4,4,4,0.001,10,1,False,
bellevue_116th_ne12th,A6,51,1875276407,1920501300,1357,3,4,4,4,4,0.001,10,1,False,
bellevue_116th_ne12th,A7,51,1875276407,1920501300,1357,3,4,4,1,2,0.005,2,1,False,
bellevue_116th_ne12th,A9,51,1875276407,1920501300,1357,3,4,4,4,4,0.001,10,1,False,
bellevue_116th_ne12th,A5,52,1340877526,1214650281,970,3,4,4,4,4,0.0025,10,1,False,
bellevue_116th_ne12th,A6,52,1340877526,1214650281,970,3,4,4,4,4,0.0025,10,1,False,
bellevue_116th_ne12th,A7,52,1340877526,1214650281,970,3,4,4,2,2,0.005,4,1,False,
bellevue_116th_ne12th,A9,52,1340877526,1214650281,970,3,4,4,4,4,0.0025,10,1,False,
bellevue_116th_ne12th,A5,53,653120863,2133213658,317,2,7,4,7,4,0.001,11,1,False,
bellevue_116th_ne12th,A6,53,653120863,2133213658,317,2,7,4,7,4,0.001,11,1,False,
bellevue_116th_ne12th,A7,53,653120863,2133213658,317,2,7,4,2,2,0.005,4,1,False,
bellevue_116th_ne12th,A9,53,653120863,2133213658,317,2,7,4,7,4,0.001,11,1,False,
bellevue_116th_ne12th,A5,54,105811700,1757361172,291,2,4,4,4,4,0.005,7,1,False,
bellevue_116th_ne12th,A6,54,105811700,1757361172,291,2,4,4,4,4,0.005,7,1,False,
bellevue_116th_ne12th,A7,54,105811700,1757361172,291,2,4,4,3,3,0.005,6,1,False,
bellevue_116th_ne12th,A9,54,105811700,1757361172,291,2,4,4,4,4,0.005,7,1,False,
bellevue_116th_ne12th,A5,55,1971330828,1717148516,602,4,4,4,4,4,0.0025,10,1,False,
bellevue_116th_ne12th,A6,55,1971330828,1717148516,602,4,4,4,4,4,0.0025,10,1,False,
bellevue_116th_ne12th,A7,55,1971330828,1717148516,602,4,4,4,2,1,0.005,2,1,False,
bellevue_116th_ne12th,A9,55,1971330828,1717148516,602,4,4,4,4,4,0.0025,10,1,False,
bellevue_116th_ne12th,A5,56,465716506,1782394804,1024,4,4,4,4,4,0.0025,10,1,False,
bellevue_116th_ne12th,A6,56,465716506,1782394804,1024,4,4,4,4,4,0.0025,10,1,False,
bellevue_116th_ne12th,A7,56,465716506,1782394804,1024,4,4,4,2,2,0.005,4,1,False,
bellevue_116th_ne12th,A9,56,465716506,1782394804,1024,4,4,4,4,4,0.0025,10,1,False,
bellevue_116th_ne12th,A5,57,50128351,617639685,710,3,4,4,4,4,0.0025,9,0.998591549295775,False,
bellevue_116th_ne12th,A6,57,50128351,617639685,710,3,4,4,4,4,0.0025,9,0.998591549295775,False,
bellevue_116th_ne12th,A7,57,50128351,617639685,710,3,4,4,2,2,0.005,4,1,False,
bellevue_116th_ne12th,A9,57,50128351,617639685,710,3,4,4,4,4,0.0025,9,0.998591549295775,False,
bellevue_116th_ne12th,A5,58,1338741933,1237083051,1024,4,4,4,4,4,0.0025,10,1,False,
bellevue_116th_ne12th,A6,58,1338741933,1237083051,1024,4,4,4,4,4,0.0025,10,1,False,
bellevue_116th_ne12th,A7,58,1338741933,1237083051,1024,4,4,4,2,1,0.005,2,1,False,
bellevue_116th_ne12th,A9,58,1338741933,1237083051,1024,4,4,4,4,4,0.0025,10,1,False,
bellevue_116th_ne12th,A5,59,729800535,945236679,355,3,8,4,5,4,0.0025,11,1,False,
bellevue_116th_ne12th,A6,59,729800535,945236679,355,3,8,4,5,4,0.0025,11,1,False,
bellevue_116th_ne12th,A7,59,729800535,945236679,355,3,8,4,2,1,0.005,2,1,False,
bellevue_116th_ne12th,A9,59,729800535,945236679,355,3,8,4,5,4,0.0025,11,1,False,
bellevue_116th_ne12th,A5,60,1764199573,1376640443,989,4,4,4,4,4,0.0025,10,1,False,
bellevue_116th_ne12th,A6,60,1764199573,1376640443,989,4,4,4,4,4,0.0025,10,1,False,
bellevue_116th_ne12th,A7,60,1764199573,1376640443,989,4,4,4,1,1,0.005,1,1,False,
bellevue_116th_ne12th,A9,60,1764199573,1376640443,989,4,4,4,4,4,0.0025,10,1,False,
bellevue_116th_ne12th,A5,61,243762022,233919779,755,4,4,4,4,4,0.0025,10,1,False,
bellevue_116th_ne12th,A6,61,243762022,233919779,755,4,4,4,4,4,0.0025,10,1,False,
bellevue_116th_ne12th,A7,61,243762022,233919779,755,4,4,4,1,1,0.005,1,1,False,
bellevue_116th_ne12th,A9,61,243762022,233919779,755,4,4,4,4,4,0.0025,10,1,False,
bellevue_116th_ne12th,A5,62,1917660164,376291059,723,5,4,4,4,4,0.001,10,1,False,
bellevue_116th_ne12th,A6,62,1917660164,376291059,723,5,4,4,4,4,0.001,10,1,False,
bellevue_116th_ne12th,A7,62,1917660164,376291059,723,5,4,4,1,2,0.005,2,1,False,
bellevue_116th_ne12th,A9,62,1917660164,376291059,723,5,4,4,4,4,0.001,10,1,False,
bellevue_116th_ne12th,A5,63,2049168510,606595280,691,4,4,4,4,4,0.0025,10,1,False,
bellevue_116th_ne12th,A6,63,2049168510,606595280,691,4,4,4,4,4,0.0025,10,1,False,
bellevue_116th_ne12th,A7,63,2049168510,606595280,691,4,4,4,2,2,0.005,4,1,False,
bellevue_116th_ne12th,A9,63,2049168510,606595280,691,4,4,4,4,4,0.0025,10,1,False,
bellevue_116th_ne12th,A5,64,1877345262,1442586593,1443,3,4,4,4,4,0.0025,10,1,False,
bellevue_116th_ne12th,A6,64,1877345262,1442586593,1443,3,4,4,4,4,0.0025,10,1,False,
bellevue_116th_ne12th,A7,64,1877345262,1442586593,1443,3,4,4,2,1,0.005,2,1,False,
bellevue_116th_ne12th,A9,64,1877345262,1442586593,1443,3,4,4,4,4,0.0025,10,1,False,
bellevue_116th_ne12th,A5,65,1544226618,543869308,812,3,4,4,4,4,0.001,10,1,False,
bellevue_116th_ne12th,A6,65,1544226618,543869308,812,3,4,4,4,4,0.001,10,1,False,
bellevue_116th_ne12th,A7,65,1544226618,543869308,812,3,4,4,1,2,0.005,2,1,False,
bellevue_116th_ne12th,A9,65,1544226618,543869308,812,3,4,4,4,4,0.001,10,1,False,
bellevue_116th_ne12th,A5,66,1087667631,985427977,825,3,4,4,4,4,0.0025,10,1,False,
bellevue_116th_ne12th,A6,66,1087667631,985427977,825,3,4,4,4,4,0.0025,10,1,False,
bellevue_116th_ne12th,A7,66,1087667631,985427977,825,3,4,4,2,2,0.005,4,1,False,
bellevue_116th_ne12th,A9,66,1087667631,985427977,825,3,4,4,4,4,0.0025,10,1,False,
bellevue_116th_ne12th,A5,67,544310478,1869695940,645,2,7,4,5,4,0.02,7,0.975193798449612,False,
bellevue_116th_ne12th,A6,67,544310478,1869695940,645,2,7,4,5,4,0.02,7,0.975193798449612,False,
bellevue_116th_ne12th,A7,67,544310478,1869695940,645,2,7,4,2,2,0.005,4,1,False,
bellevue_116th_ne12th,A9,67,544310478,1869695940,645,2,7,4,5,4,0.02,7,0.975193798449612,False,
bellevue_116th_ne12th,A5,68,752539602,1158463897,723,5,4,4,4,4,0.0025,10,1,False,
bellevue_116th_ne12th,A6,68,752539602,1158463897,723,5,4,4,4,4,0.0025,10,1,False,
bellevue_116th_ne12th,A7,68,752539602,1158463897,723,5,4,4,2,1,0.005,2,1,False,
bellevue_116th_ne12th,A9,68,752539602,1158463897,723,5,4,4,4,4,0.0025,10,1,False,
bellevue_116th_ne12th,A5,69,26000905,1404267200,669,4,4,4,4,4,0.0025,10,1,False,
bellevue_116th_ne12th,A6,69,26000905,1404267200,669,4,4,4,4,4,0.0025,10,1,False,
bellevue_116th_ne12th,A7,69,26000905,1404267200,669,4,4,4,1,1,0.005,1,1,False,
bellevue_116th_ne12th,A9,69,26000905,1404267200,669,4,4,4,4,4,0.0025,10,1,False,
bellevue_116th_ne12th,A5,70,1550216030,873659127,425,3,4,4,4,4,0.005,7,0.997647058823529,False,
bellevue_116th_ne12th,A6,70,1550216030,873659127,425,3,4,4,4,4,0.005,7,0.997647058823529,False,
bellevue_116th_ne12th,A7,70,1550216030,873659127,425,3,4,4,2,2,0.005,4,1,False,
bellevue_116th_ne12th,A9,70,1550216030,873659127,425,3,4,4,4,4,0.005,7,0.997647058823529,False,
bellevue_116th_ne12th,A5,71,192440755,947148933,387,3,6,4,5,4,0.001,11,1,False,
bellevue_116th_ne12th,A6,71,192440755,947148933,387,3,6,4,5,4,0.001,11,1,False,
bellevue_116th_ne12th,A7,71,192440755,947148933,387,3,6,4,1,1,0.005,1,1,False,
bellevue_116th_ne12th,A9,71,192440755,947148933,387,3,6,4,5,4,0.001,11,1,False,
bellevue_116th_ne12th,A5,72,120788257,43981802,1212,2,4,4,4,4,0.0025,10,1,False,
bellevue_116th_ne12th,A6,72,120788257,43981802,1212,2,4,4,4,4,0.0025,10,1,False,
bellevue_116th_ne12th,A7,72,120788257,43981802,1212,2,4,4,2,2,0.005,4,1,False,
bellevue_116th_ne12th,A9,72,120788257,43981802,1212,2,4,4,4,4,0.0025,10,1,False,
bellevue_116th_ne12th,A5,73,1842946362,375961236,333,2,8,7,6,6,0.001,17,1,False,
bellevue_116th_ne12th,A6,73,1842946362,375961236,333,2,8,7,6,6,0.001,17,1,False,
bellevue_116th_ne12th,A7,73,1842946362,375961236,333,2,8,7,2,3,0.0025,5,1,False,
bellevue_116th_ne12th,A9,73,1842946362,375961236,333,2,8,7,6,6,0.001,17,1,False,
bellevue_116th_ne12th,A5,74,1030022110,22447391,634,3,4,4,4,4,0.001,10,1,False,
bellevue_116th_ne12th,A6,74,1030022110,22447391,634,3,4,4,4,4,0.001,10,1,False,
bellevue_116th_ne12th,A7,74,1030022110,22447391,634,3,4,4,1,1,0.005,1,1,False,
bellevue_116th_ne12th,A9,74,1030022110,22447391,634,3,4,4,4,4,0.001,10,1,False,
bellevue_116th_ne12th,A5,75,1333995302,912584884,1056,4,4,4,4,4,0.0025,10,1,False,
bellevue_116th_ne12th,A6,75,1333995302,912584884,1056,4,4,4,4,4,0.0025,10,1,False,
bellevue_116th_ne12th,A7,75,1333995302,912584884,1056,4,4,4,2,2,0.005,4,1,False,
bellevue_116th_ne12th,A9,75,1333995302,912584884,1056,4,4,4,4,4,0.0025,10,1,False,
bellevue_116th_ne12th,A5,76,2014545598,2016211009,809,4,4,4,4,4,0.0025,10,1,False,
bellevue_116th_ne12th,A6,76,2014545598,2016211009,809,4,4,4,4,4,0.0025,10,1,False,
bellevue_116th_ne12th,A7,76,2014545598,2016211009,809,4,4,4,1,1,0.005,1,1,False,
bellevue_116th_ne12th,A9,76,2014545598,2016211009,809,4,4,4,4,4,0.0025,10,1,False,
bellevue_116th_ne12th,A5,77,2125604427,1912685427,1145,3,4,4,4,4,0.001,10,1,False,
bellevue_116th_ne12th,A6,77,2125604427,1912685427,1145,3,4,4,4,4,0.001,10,1,False,
bellevue_116th_ne12th,A7,77,2125604427,1912685427,1145,3,4,4,2,2,0.005,4,1,False,
bellevue_116th_ne12th,A9,77,2125604427,1912685427,1145,3,4,4,4,4,0.001,10,1,False,
bellevue_116th_ne12th,A5,78,508817199,643398000,970,3,4,4,4,4,0.0025,10,1,False,
bellevue_116th_ne12th,A6,78,508817199,643398000,970,3,4,4,4,4,0.0025,10,1,False,
bellevue_116th_ne12th,A7,78,508817199,643398000,970,3,4,4,2,2,0.005,4,1,False,
bellevue_116th_ne12th,A9,78,508817199,643398000,970,3,4,4,4,4,0.0025,10,1,False,
bellevue_116th_ne12th,A5,79,751177181,1859913992,790,4,4,4,4,4,0.0025,10,1,False,
bellevue_116th_ne12th,A6,79,751177181,1859913992,790,4,4,4,4,4,0.0025,10,1,False,
bellevue_116th_ne12th,A7,79,751177181,1859913992,790,4,4,4,1,2,0.005,2,1,False,
bellevue_116th_ne12th,A9,79,751177181,1859913992,790,4,4,4,4,4,0.0025,10,1,False,
bellevue_116th_ne12th,A5,80,401092260,1190752143,511,3,7,4,5,4,0.0025,11,0.998043052837573,False,
bellevue_116th_ne12th,A6,80,401092260,1190752143,511,3,7,4,5,4,0.0025,11,0.998043052837573,False,
bellevue_116th_ne12th,A7,80,401092260,1190752143,511,3,7,4,2,2,0.005,4,1,False,
bellevue_116th_ne12th,A9,80,401092260,1190752143,511,3,7,4,5,4,0.0025,11,0.998043052837573,False,
bellevue_116th_ne12th,A5,81,231559243,1446598565,457,4,4,4,4,4,0.0025,8,0.99781181619256,False,
bellevue_116th_ne12th,A6,81,231559243,1446598565,457,4,4,4,4,4,0.0025,8,0.99781181619256,False,
bellevue_116th_ne12th,A7,81,231559243,1446598565,457,4,4,4,2,1,0.005,2,1,False,
bellevue_116th_ne12th,A9,81,231559243,1446598565,457,4,4,4,4,4,0.0025,8,0.99781181619256,False,
bellevue_116th_ne12th,A5,82,1873906588,1497338471,444,3,7,4,6,4,0.005,10,0.990990990990991,False,
bellevue_116th_ne12th,A6,82,1873906588,1497338471,444,3,7,4,6,4,0.005,10,0.990990990990991,False,
bellevue_116th_ne12th,A7,82,1873906588,1497338471,444,3,7,4,2,1,0.005,2,1,False,
bellevue_116th_ne12th,A9,82,1873906588,1497338471,444,3,7,4,6,4,0.005,10,0.990990990990991,False,
bellevue_116th_ne12th,A5,83,1191036686,918240507,425,3,4,4,4,4,0.005,7,0.992941176470588,False,
bellevue_116th_ne12th,A6,83,1191036686,918240507,425,3,4,4,4,4,0.005,7,0.992941176470588,False,
bellevue_116th_ne12th,A7,83,1191036686,918240507,425,3,4,4,2,2,0.005,4,1,False,
bellevue_116th_ne12th,A9,83,1191036686,918240507,425,3,4,4,4,4,0.005,7,0.992941176470588,False,
bellevue_116th_ne12th,A5,84,1229893250,1088793803,336,4,7,4,6,4,0.001,11,1,False,
bellevue_116th_ne12th,A6,84,1229893250,1088793803,336,4,7,4,6,4,0.001,11,1,False,
bellevue_116th_ne12th,A7,84,1229893250,1088793803,336,4,7,4,2,2,0.005,4,1,False,
bellevue_116th_ne12th,A9,84,1229893250,1088793803,336,4,7,4,6,4,0.001,11,1,False,
bellevue_116th_ne12th,A5,85,1380169958,1759238512,457,4,4,4,4,4,0.005,6,0.989059080962801,False,
bellevue_116th_ne12th,A6,85,1380169958,1759238512,457,4,4,4,4,4,0.005,6,0.989059080962801,False,
bellevue_116th_ne12th,A7,85,1380169958,1759238512,457,4,4,4,2,2,0.005,4,1,False,
bellevue_116th_ne12th,A9,85,1380169958,1759238512,457,4,4,4,4,4,0.005,6,0.989059080962801,False,
bellevue_116th_ne12th,A5,86,185553433,706228223,492,3,4,4,4,4,0.02,6,0.979674796747967,False,
bellevue_116th_ne12th,A6,86,185553433,706228223,492,3,4,4,4,4,0.02,6,0.979674796747967,False,
bellevue_116th_ne12th,A7,86,185553433,706228223,492,3,4,4,2,3,0.001,6,1,False,
bellevue_116th_ne12th,A9,86,185553433,706228223,492,3,4,4,4,4,0.02,6,0.979674796747967,False,
bellevue_116th_ne12th,A5,87,1220241866,708283744,844,4,4,4,4,4,0.001,10,1,False,
bellevue_116th_ne12th,A6,87,1220241866,708283744,844,4,4,4,4,4,0.001,10,1,False,
bellevue_116th_ne12th,A7,87,1220241866,708283744,844,4,4,4,1,1,0.005,1,1,False,
bellevue_116th_ne12th,A9,87,1220241866,708283744,844,4,4,4,4,4,0.001,10,1,False,
bellevue_116th_ne12th,A5,88,306472639,319809891,745,3,4,4,4,4,0.0025,10,1,False,
bellevue_116th_ne12th,A6,88,306472639,319809891,745,3,4,4,4,4,0.0025,10,1,False,
bellevue_116th_ne12th,A7,88,306472639,319809891,745,3,4,4,2,1,0.005,2,1,False,
bellevue_116th_ne12th,A9,88,306472639,319809891,745,3,4,4,4,4,0.0025,10,1,False,
bellevue_116th_ne12th,A5,89,1550172979,1647937194,602,4,4,4,4,4,0.0025,10,1,False,
bellevue_116th_ne12th,A6,89,1550172979,1647937194,602,4,4,4,4,4,0.0025,10,1,False,
bellevue_116th_ne12th,A7,89,1550172979,1647937194,602,4,4,4,1,1,0.005,1,1,False,
bellevue_116th_ne12th,A9,89,1550172979,1647937194,602,4,4,4,4,4,0.0025,10,1,False,
bellevue_116th_ne12th,A5,90,958437643,1754033734,129,2,4,4,4,4,0.005,6,1,False,
bellevue_116th_ne12th,A6,90,958437643,1754033734,129,2,4,4,4,4,0.005,6,1,False,
bellevue_116th_ne12th,A7,90,958437643,1754033734,129,2,4,4,3,3,0.005,6,1,False,
bellevue_116th_ne12th,A9,90,958437643,1754033734,129,2,4,4,4,4,0.005,6,1,False,
bellevue_116th_ne12th,A5,91,1856890331,1782945885,1011,2,4,4,4,4,0.0025,10,1,False,
bellevue_116th_ne12th,A6,91,1856890331,1782945885,1011,2,4,4,4,4,0.0025,10,1,False,
bellevue_116th_ne12th,A7,91,1856890331,1782945885,1011,2,4,4,2,2,0.005,4,1,False,
bellevue_116th_ne12th,A9,91,1856890331,1782945885,1011,2,4,4,4,4,0.0025,10,1,False,
bellevue_116th_ne12th,A5,92,1081552436,966241337,723,5,4,4,4,4,0.001,10,1,False,
bellevue_116th_ne12th,A6,92,1081552436,966241337,723,5,4,4,4,4,0.001,10,1,False,
bellevue_116th_ne12th,A7,92,1081552436,966241337,723,5,4,4,1,2,0.005,2,1,False,
bellevue_116th_ne12th,A9,92,1081552436,966241337,723,5,4,4,4,4,0.001,10,1,False,
bellevue_116th_ne12th,A5,93,1266474962,1655151010,1212,2,4,4,4,4,0.0025,10,1,False,
bellevue_116th_ne12th,A6,93,1266474962,1655151010,1212,2,4,4,4,4,0.0025,10,1,False,
bellevue_116th_ne12th,A7,93,1266474962,1655151010,1212,2,4,4,1,1,0.005,1,1,False,
bellevue_116th_ne12th,A9,93,1266474962,1655151010,1212,2,4,4,4,4,0.0025,10,1,False,
bellevue_116th_ne12th,A5,94,372763339,1411886939,688,4,4,4,4,4,0.0025,10,1,False,
bellevue_116th_ne12th,A6,94,372763339,1411886939,688,4,4,4,4,4,0.0025,10,1,False,
bellevue_116th_ne12th,A7,94,372763339,1411886939,688,4,4,4,2,1,0.005,2,1,False,
bellevue_116th_ne12th,A9,94,372763339,1411886939,688,4,4,4,4,4,0.0025,10,1,False,
bellevue_116th_ne12th,A5,95,1472101251,1397558316,570,3,4,4,4,4,0.005,9,0.998245614035088,False,
bellevue_116th_ne12th,A6,95,1472101251,1397558316,570,3,4,4,4,4,0.005,9,0.998245614035088,False,
bellevue_116th_ne12th,A7,95,1472101251,1397558316,570,3,4,4,2,2,0.005,4,1,False,
bellevue_116th_ne12th,A9,95,1472101251,1397558316,570,3,4,4,4,4,0.005,9,0.998245614035088,False,
bellevue_116th_ne12th,A5,96,2090409416,511501435,516,3,4,4,4,4,0.0025,10,1,False,
bellevue_116th_ne12th,A6,96,2090409416,511501435,516,3,4,4,4,4,0.0025,10,1,False,
bellevue_116th_ne12th,A7,96,2090409416,511501435,516,3,4,4,2,2,0.005,4,1,False,
bellevue_116th_ne12th,A9,96,2090409416,511501435,516,3,4,4,4,4,0.0025,10,1,False,
bellevue_116th_ne12th,A5,97,1283993861,913535377,742,3,4,4,4,4,0.0025,10,1,False,
bellevue_116th_ne12th,A6,97,1283993861,913535377,742,3,4,4,4,4,0.0025,10,1,False,
bellevue_116th_ne12th,A7,97,1283993861,913535377,742,3,4,4,1,1,0.005,1,1,False,
bellevue_116th_ne12th,A9,97,1283993861,913535377,742,3,4,4,4,4,0.0025,10,1,False,
bellevue_116th_ne12th,A5,98,81125550,178723446,492,3,4,4,4,4,0.0025,9,1,False,
bellevue_116th_ne12th,A6,98,81125550,178723446,492,3,4,4,4,4,0.0025,9,1,False,
bellevue_116th_ne12th,A7,98,81125550,178723446,492,3,4,4,2,2,0.005,4,1,False,
bellevue_116th_ne12th,A9,98,81125550,178723446,492,3,4,4,4,4,0.0025,9,1,False,
bellevue_116th_ne12th,A5,99,479615759,1557475155,989,4,4,4,4,4,0.005,10,1,False,
bellevue_116th_ne12th,A6,99,479615759,1557475155,989,4,4,4,4,4,0.005,10,1,False,
bellevue_116th_ne12th,A7,99,479615759,1557475155,989,4,4,4,2,2,0.005,4,1,False,
bellevue_116th_ne12th,A9,99,479615759,1557475155,989,4,4,4,4,4,0.005,10,1,False,
bellevue_116th_ne12th,A5,100,2043943986,1750677977,669,4,4,4,4,4,0.0025,10,1,False,
bellevue_116th_ne12th,A6,100,2043943986,1750677977,669,4,4,4,4,4,0.0025,10,1,False,
bellevue_116th_ne12th,A7,100,2043943986,1750677977,669,4,4,4,2,2,0.005,4,1,False,
bellevue_116th_ne12th,A9,100,2043943986,1750677977,669,4,4,4,4,4,0.0025,10,1,False,
bellevue_116th_ne12th,A5,101,2071511967,242303290,790,4,4,4,4,4,0.001,10,1,False,
bellevue_116th_ne12th,A6,101,2071511967,242303290,790,4,4,4,4,4,0.001,10,1,False,
bellevue_116th_ne12th,A7,101,2071511967,242303290,790,4,4,4,1,2,0.005,2,1,False,
bellevue_116th_ne12th,A9,101,2071511967,242303290,790,4,4,4,4,4,0.001,10,1,False,
bellevue_116th_ne12th,A5,102,294203021,940438334,602,4,4,4,4,4,0.0025,10,1,False,
bellevue_116th_ne12th,A6,102,294203021,940438334,602,4,4,4,4,4,0.0025,10,1,False,
bellevue_116th_ne12th,A7,102,294203021,940438334,602,4,4,4,1,1,0.005,1,1,False,
bellevue_116th_ne12th,A9,102,294203021,940438334,602,4,4,4,4,4,0.0025,10,1,False,
bellevue_116th_ne12th,A5,103,921194494,1962030083,336,4,7,4,6,4,0.001,12,1,False,
bellevue_116th_ne12th,A6,103,921194494,1962030083,336,4,7,4,6,4,0.001,12,1,False,
bellevue_116th_ne12th,A7,103,921194494,1962030083,336,4,7,4,2,1,0.005,2,1,False,
bellevue_116th_ne12th,A9,103,921194494,1962030083,336,4,7,4,6,4,0.001,12,1,False,
bellevue_116th_ne12th,A5,104,1301425876,1009694067,1056,4,4,4,4,4,0.0025,10,1,False,
bellevue_116th_ne12th,A6,104,1301425876,1009694067,1056,4,4,4,4,4,0.0025,10,1,False,
bellevue_116th_ne12th,A7,104,1301425876,1009694067,1056,4,4,4,2,2,0.005,4,1,False,
bellevue_116th_ne12th,A9,104,1301425876,1009694067,1056,4,4,4,4,4,0.0025,10,1,False,
bellevue_116th_ne12th,A5,105,392406535,546270846,688,4,8,4,7,4,0.02,8,0.962209302325581,False,
bellevue_116th_ne12th,A6,105,392406535,546270846,688,4,8,4,7,4,0.02,8,0.962209302325581,False,
bellevue_116th_ne12th,A7,105,392406535,546270846,688,4,8,4,2,2,0.005,4,1,False,
bellevue_116th_ne12th,A9,105,392406535,546270846,688,4,8,4,7,4,0.02,8,0.962209302325581,False,
bellevue_116th_ne12th,A5,106,1048590586,1788315364,387,3,8,4,6,4,0.001,13,1,False,
bellevue_116th_ne12th,A6,106,1048590586,1788315364,387,3,8,4,6,4,0.001,13,1,False,
bellevue_116th_ne12th,A7,106,1048590586,1788315364,387,3,8,4,2,1,0.005,2,1,False,
bellevue_116th_ne12th,A9,106,1048590586,1788315364,387,3,8,4,6,4,0.001,13,1,False,
bellevue_116th_ne12th,A5,107,381611312,1660978047,723,5,4,4,4,4,0.001,10,1,False,
bellevue_116th_ne12th,A6,107,381611312,1660978047,723,5,4,4,4,4,0.001,10,1,False,
bellevue_116th_ne12th,A7,107,381611312,1660978047,723,5,4,4,1,2,0.005,2,1,False,
bellevue_116th_ne12th,A9,107,381611312,1660978047,723,5,4,4,4,4,0.001,10,1,False,
bellevue_116th_ne12th,A5,108,356313545,1270198930,691,4,4,4,4,4,0.0025,10,1,False,
bellevue_116th_ne12th,A6,108,356313545,1270198930,691,4,4,4,4,4,0.0025,10,1,False,
bellevue_116th_ne12th,A7,108,356313545,1270198930,691,4,4,4,1,2,0.005,2,1,False,
bellevue_116th_ne12th,A9,108,356313545,1270198930,691,4,4,4,4,4,0.0025,10,1,False,
bellevue_116th_ne12th,A5,109,1530335096,1735858397,508,3,7,4,6,4,0.001,15,1,False,
bellevue_116th_ne12th,A6,109,1530335096,1735858397,508,3,7,4,6,4,0.001,15,1,False,
bellevue_116th_ne12th,A7,109,1530335096,1735858397,508,3,7,4,2,1,0.005,2,1,False,
bellevue_116th_ne12th,A9,109,1530335096,1735858397,508,3,7,4,6,4,0.001,15,1,False,
bellevue_116th_ne12th,A5,110,1505939465,1880134910,390,4,4,4,4,4,0.001,9,1,False,
bellevue_116th_ne12th,A6,110,1505939465,1880134910,390,4,4,4,4,4,0.001,9,1,False,
bellevue_116th_ne12th,A7,110,1505939465,1880134910,390,4,4,4,2,2,0.001,4,1,False,
bellevue_116th_ne12th,A9,110,1505939465,1880134910,390,4,4,4,4,4,0.001,9,1,False,
bellevue_116th_ne12th,A5,111,206296808,1507730837,1408,2,4,4,4,4,0.0025,10,1,False,
bellevue_116th_ne12th,A6,111,206296808,1507730837,1408,2,4,4,4,4,0.0025,10,1,False,
bellevue_116th_ne12th,A7,111,206296808,1507730837,1408,2,4,4,1,2,0.005,2,1,False,
bellevue_116th_ne12th,A9,111,206296808,1507730837,1408,2,4,4,4,4,0.0025,10,1,False,
bellevue_116th_ne12th,A5,112,36883867,336721647,304,3,4,4,4,4,0.001,8,1,False,
bellevue_116th_ne12th,A6,112,36883867,336721647,304,3,4,4,4,4,0.001,8,1,False,
bellevue_116th_ne12th,A7,112,36883867,336721647,304,3,4,4,2,2,0.001,4,1,False,
bellevue_116th_ne12th,A9,112,36883867,336721647,304,3,4,4,4,4,0.001,8,1,False,
bellevue_116th_ne12th,A5,113,1995421529,225900260,876,3,4,4,4,4,0.0025,10,1,False,
bellevue_116th_ne12th,A6,113,1995421529,225900260,876,3,4,4,4,4,0.0025,10,1,False,
bellevue_116th_ne12th,A7,113,1995421529,225900260,876,3,4,4,1,2,0.005,2,1,False,
bellevue_116th_ne12th,A9,113,1995421529,225900260,876,3,4,4,4,4,0.0025,10,1,False,
bellevue_116th_ne12th,A5,114,454893037,1648419668,1408,2,4,4,4,4,0.0025,10,1,False,
bellevue_116th_ne12th,A6,114,454893037,1648419668,1408,2,4,4,4,4,0.0025,10,1,False,
bellevue_116th_ne12th,A7,114,454893037,1648419668,1408,2,4,4,1,2,0.005,2,1,False,
bellevue_116th_ne12th,A9,114,454893037,1648419668,1408,2,4,4,4,4,0.0025,10,1,False,
bellevue_116th_ne12th,A5,115,748625213,2088369900,546,2,4,4,4,4,0.0025,8,1,False,
bellevue_116th_ne12th,A6,115,748625213,2088369900,546,2,4,4,4,4,0.0025,8,1,False,
bellevue_116th_ne12th,A7,115,748625213,2088369900,546,2,4,4,3,2,0.005,4,1,False,
bellevue_116th_ne12th,A9,115,748625213,2088369900,546,2,4,4,4,4,0.0025,8,1,False,
bellevue_116th_ne12th,A5,116,1393221561,944805186,489,3,7,4,5,4,0.0025,12,0.997955010224949,False,
bellevue_116th_ne12th,A6,116,1393221561,944805186,489,3,7,4,5,4,0.0025,12,0.997955010224949,False,
bellevue_116th_ne12th,A7,116,1393221561,944805186,489,3,7,4,2,1,0.005,2,1,False,
bellevue_116th_ne12th,A9,116,1393221561,944805186,489,3,7,4,5,4,0.0025,12,0.997955010224949,False,
bellevue_116th_ne12th,A5,117,1001744429,134891639,624,3,4,4,4,4,0.0025,10,1,False,
bellevue_116th_ne12th,A6,117,1001744429,134891639,624,3,4,4,4,4,0.0025,10,1,False,
bellevue_116th_ne12th,A7,117,1001744429,134891639,624,3,4,4,2,2,0.005,4,1,False,
bellevue_116th_ne12th,A9,117,1001744429,134891639,624,3,4,4,4,4,0.0025,10,1,False,
bellevue_116th_ne12th,A5,118,1650833248,1612714857,1056,4,4,4,4,4,0.0025,10,1,False,
bellevue_116th_ne12th,A6,118,1650833248,1612714857,1056,4,4,4,4,4,0.0025,10,1,False,
bellevue_116th_ne12th,A7,118,1650833248,1612714857,1056,4,4,4,2,2,0.005,4,1,False,
bellevue_116th_ne12th,A9,118,1650833248,1612714857,1056,4,4,4,4,4,0.0025,10,1,False,
bellevue_116th_ne12th,A5,119,937710475,57292055,1142,3,4,4,4,4,0.0025,10,1,False,
bellevue_116th_ne12th,A6,119,937710475,57292055,1142,3,4,4,4,4,0.0025,10,1,False,
bellevue_116th_ne12th,A7,119,937710475,57292055,1142,3,4,4,1,2,0.005,2,1,False,
bellevue_116th_ne12th,A9,119,937710475,57292055,1142,3,4,4,4,4,0.0025,10,1,False,
bellevue_116th_ne12th,A5,120,1724807144,499645101,1110,4,4,4,4,4,0.0025,10,1,False,
bellevue_116th_ne12th,A6,120,1724807144,499645101,1110,4,4,4,4,4,0.0025,10,1,False,
bellevue_116th_ne12th,A7,120,1724807144,499645101,1110,4,4,4,1,2,0.005,2,1,False,
bellevue_116th_ne12th,A9,120,1724807144,499645101,1110,4,4,4,4,4,0.0025,10,1,False,
bellevue_116th_ne12th,A5,121,969792029,432524150,720,3,4,4,4,4,0.0025,10,1,False,
bellevue_116th_ne12th,A6,121,969792029,432524150,720,3,4,4,4,4,0.0025,10,1,False,
bellevue_116th_ne12th,A7,121,969792029,432524150,720,3,4,4,1,1,0.005,1,1,False,
bellevue_116th_ne12th,A9,121,969792029,432524150,720,3,4,4,4,4,0.0025,10,1,False,
bellevue_116th_ne12th,A5,122,748517575,1194527247,691,4,4,4,4,4,0.001,10,1,False,
bellevue_116th_ne12th,A6,122,748517575,1194527247,691,4,4,4,4,4,0.001,10,1,False,
bellevue_116th_ne12th,A7,122,748517575,1194527247,691,4,4,4,2,2,0.005,4,1,False,
bellevue_116th_ne12th,A9,122,748517575,1194527247,691,4,4,4,4,4,0.001,10,1,False,
bellevue_116th_ne12th,A5,123,1534094127,628940509,269,3,8,4,7,4,0.001,12,1,False,
bellevue_116th_ne12th,A6,123,1534094127,628940509,269,3,8,4,7,4,0.001,12,1,False,
bellevue_116th_ne12th,A7,123,1534094127,628940509,269,3,8,4,2,2,0.001,4,1,False,
bellevue_116th_ne12th,A9,123,1534094127,628940509,269,3,8,4,7,4,0.001,12,1,False,
bellevue_116th_ne12th,A5,124,568588881,1587243054,790,4,4,4,4,4,0.001,10,1,False,
bellevue_116th_ne12th,A6,124,568588881,1587243054,790,4,4,4,4,4,0.001,10,1,False,
bellevue_116th_ne12th,A7,124,568588881,1587243054,790,4,4,4,1,2,0.005,2,1,False,
bellevue_116th_ne12th,A9,124,568588881,1587243054,790,4,4,4,4,4,0.001,10,1,False,
bellevue_116th_ne12th,A5,125,658501504,678065382,304,3,4,4,4,4,0.001,10,1,False,
bellevue_116th_ne12th,A6,125,658501504,678065382,304,3,4,4,4,4,0.001,10,1,False,
bellevue_116th_ne12th,A7,125,658501504,678065382,304,3,4,4,2,2,0.005,3,1,False,
bellevue_116th_ne12th,A9,125,658501504,678065382,304,3,4,4,4,4,0.001,10,1,False,
bellevue_116th_ne12th,A5,126,1943089617,1180628853,669,4,4,4,4,4,0.0025,10,1,False,
bellevue_116th_ne12th,A6,126,1943089617,1180628853,669,4,4,4,4,4,0.0025,10,1,False,
bellevue_116th_ne12th,A7,126,1943089617,1180628853,669,4,4,4,2,1,0.005,2,1,False,
bellevue_116th_ne12th,A9,126,1943089617,1180628853,669,4,4,4,4,4,0.0025,10,1,False,
bellevue_116th_ne12th,A5,127,495388849,1626898720,1709,2,4,4,4,4,0.001,10,1,False,
bellevue_116th_ne12th,A6,127,495388849,1626898720,1709,2,4,4,4,4,0.001,10,1,False,
bellevue_116th_ne12th,A7,127,495388849,1626898720,1709,2,4,4,1,2,0.005,2,1,False,
bellevue_116th_ne12th,A9,127,495388849,1626898720,1709,2,4,4,4,4,0.001,10,1,False,
bellevue_116th_ne12th,A5,128,850917188,487535204,508,3,8,4,5,4,0.001,12,1,False,
bellevue_116th_ne12th,A6,128,850917188,487535204,508,3,8,4,5,4,0.001,12,1,False,
bellevue_116th_ne12th,A7,128,850917188,487535204,508,3,8,4,2,1,0.005,2,1,False,
bellevue_116th_ne12th,A9,128,850917188,487535204,508,3,8,4,5,4,0.001,12,1,False,
bellevue_116th_ne12th,A5,129,643380788,1849576988,578,3,4,4,4,4,0.005,7,0.994809688581315,False,
bellevue_116th_ne12th,A6,129,643380788,1849576988,578,3,4,4,4,4,0.005,7,0.994809688581315,False,
bellevue_116th_ne12th,A7,129,643380788,1849576988,578,3,4,4,2,2,0.005,4,1,False,
bellevue_116th_ne12th,A9,129,643380788,1849576988,578,3,4,4,4,4,0.005,7,0.994809688581315,False,
bellevue_116th_ne12th,A5,130,435455540,1408090073,758,4,4,4,4,4,0.001,10,1,False,
bellevue_116th_ne12th,A6,130,435455540,1408090073,758,4,4,4,4,4,0.001,10,1,False,
bellevue_116th_ne12th,A7,130,435455540,1408090073,758,4,4,4,2,1,0.005,2,1,False,
bellevue_116th_ne12th,A9,130,435455540,1408090073,758,4,4,4,4,4,0.001,10,1,False,
bellevue_116th_ne12th,A5,131,2018360711,1905903466,790,4,4,4,4,4,0.001,10,1,False,
bellevue_116th_ne12th,A6,131,2018360711,1905903466,790,4,4,4,4,4,0.001,10,1,False,
bellevue_116th_ne12th,A7,131,2018360711,1905903466,790,4,4,4,1,2,0.005,2,1,False,
bellevue_116th_ne12th,A9,131,2018360711,1905903466,790,4,4,4,4,4,0.001,10,1,False,
bellevue_116th_ne12th,A5,132,1873896304,158653774,903,3,4,4,4,4,0.001,10,1,False,
bellevue_116th_ne12th,A6,132,1873896304,158653774,903,3,4,4,4,4,0.001,10,1,False,
bellevue_116th_ne12th,A7,132,1873896304,158653774,903,3,4,4,2,2,0.005,4,1,False,
bellevue_116th_ne12th,A9,132,1873896304,158653774,903,3,4,4,4,4,0.001,10,1,False,
bellevue_116th_ne12th,A5,133,1915261746,106976893,476,3,7,4,4,4,0.005,8,0.993697478991597,False,
bellevue_116th_ne12th,A6,133,1915261746,106976893,476,3,7,4,4,4,0.005,8,0.993697478991597,False,
bellevue_116th_ne12th,A7,133,1915261746,106976893,476,3,7,4,1,1,0.005,1,1,False,
bellevue_116th_ne12th,A9,133,1915261746,106976893,476,3,7,4,4,4,0.005,8,0.993697478991597,False,
bellevue_116th_ne12th,A5,134,1765799857,1477546711,390,4,4,4,4,4,0.001,10,1,False,
bellevue_116th_ne12th,A6,134,1765799857,1477546711,390,4,4,4,4,4,0.001,10,1,False,
bellevue_116th_ne12th,A7,134,1765799857,1477546711,390,4,4,4,2,1,0.005,2,1,False,
bellevue_116th_ne12th,A9,134,1765799857,1477546711,390,4,4,4,4,4,0.001,10,1,False,
bellevue_116th_ne12th,A5,135,269924573,167155878,438,2,4,4,4,4,0.001,9,1,False,
bellevue_116th_ne12th,A6,135,269924573,167155878,438,2,4,4,4,4,0.001,9,1,False,
bellevue_116th_ne12th,A7,135,269924573,167155878,438,2,4,4,3,3,0.001,7,1,False,
bellevue_116th_ne12th,A9,135,269924573,167155878,438,2,4,4,4,4,0.001,9,1,False,
bellevue_116th_ne12th,A5,136,242325563,1363948202,543,3,7,4,5,4,0.005,10,0.992633517495396,False,
bellevue_116th_ne12th,A6,136,242325563,1363948202,543,3,7,4,5,4,0.005,10,0.992633517495396,False,
bellevue_116th_ne12th,A7,136,242325563,1363948202,543,3,7,4,2,1,0.005,2,1,False,
bellevue_116th_ne12th,A9,136,242325563,1363948202,543,3,7,4,5,4,0.005,10,0.992633517495396,False,
bellevue_116th_ne12th,A5,137,1808357109,2111529762,1411,3,4,4,4,4,0.0025,10,1,False,
bellevue_116th_ne12th,A6,137,1808357109,2111529762,1411,3,4,4,4,4,0.0025,10,1,False,
bellevue_116th_ne12th,A7,137,1808357109,2111529762,1411,3,4,4,2,2,0.005,4,1,False,
bellevue_116th_ne12th,A9,137,1808357109,2111529762,1411,3,4,4,4,4,0.0025,10,1,False,
bellevue_116th_ne12th,A5,138,276754724,1960990494,1075,3,4,4,4,4,0.0025,10,1,False,
bellevue_116th_ne12th,A6,138,276754724,1960990494,1075,3,4,4,4,4,0.0025,10,1,False,
bellevue_116th_ne12th,A7,138,276754724,1960990494,1075,3,4,4,1,2,0.005,2,1,False,
bellevue_116th_ne12th,A9,138,276754724,1960990494,1075,3,4,4,4,4,0.0025,10,1,False,
bellevue_116th_ne12th,A5,139,689848610,502784411,422,4,6,4,4,4,0.001,13,1,False,
bellevue_116th_ne12th,A6,139,689848610,502784411,422,4,6,4,4,4,0.001,13,1,False,
bellevue_116th_ne12th,A7,139,689848610,502784411,422,4,6,4,1,1,0.005,1,1,False,
bellevue_116th_ne12th,A9,139,689848610,502784411,422,4,6,4,4,4,0.001,13,1,False,
bellevue_116th_ne12th,A5,140,223519027,1347597712,438,2,4,4,4,4,0.005,8,0.995433789954338,False,
bellevue_116th_ne12th,A6,140,223519027,1347597712,438,2,4,4,4,4,0.005,8,0.995433789954338,False,
bellevue_116th_ne12th,A7,140,223519027,1347597712,438,2,4,4,2,2,0.005,4,1,False,
bellevue_116th_ne12th,A9,140,223519027,1347597712,438,2,4,4,4,4,0.005,8,0.995433789954338,False,
bellevue_116th_ne12th,A5,141,1581061063,915041792,1078,3,4,4,4,4,0.0025,10,1,False,
bellevue_116th_ne12th,A6,141,1581061063,915041792,1078,3,4,4,4,4,0.0025,10,1,False,
bellevue_116th_ne12th,A7,141,1581061063,915041792,1078,3,4,4,1,1,0.005,1,1,False,
bellevue_116th_ne12th,A9,141,1581061063,915041792,1078,3,4,4,4,4,0.0025,10,1,False,
bellevue_116th_ne12th,A5,142,1376902703,556188147,425,3,4,4,4,4,0.005,7,0.992941176470588,False,
bellevue_116th_ne12th,A6,142,1376902703,556188147,425,3,4,4,4,4,0.005,7,0.992941176470588,False,
bellevue_116th_ne12th,A7,142,1376902703,556188147,425,3,4,4,3,3,0.005,6,0.997647058823529,False,
bellevue_116th_ne12th,A9,142,1376902703,556188147,425,3,4,4,4,4,0.005,7,0.992941176470588,False,
bellevue_116th_ne12th,A5,143,657741973,1344131124,844,4,4,4,4,4,0.0025,10,1,False,
bellevue_116th_ne12th,A6,143,657741973,1344131124,844,4,4,4,4,4,0.0025,10,1,False,
bellevue_116th_ne12th,A7,143,657741973,1344131124,844,4,4,4,1,1,0.005,1,1,False,
bellevue_116th_ne12th,A9,143,657741973,1344131124,844,4,4,4,4,4,0.0025,10,1,False,
bellevue_116th_ne12th,A5,144,389608180,271060198,758,4,4,4,4,4,0.001,10,1,False,
bellevue_116th_ne12th,A6,144,389608180,271060198,758,4,4,4,4,4,0.001,10,1,False,
bellevue_116th_ne12th,A7,144,389608180,271060198,758,4,4,4,1,1,0.005,1,1,False,
bellevue_116th_ne12th,A9,144,389608180,271060198,758,4,4,4,4,4,0.001,10,1,False,
bellevue_116th_ne12th,A5,145,1589276906,1961256988,317,2,4,4,4,4,0.001,10,1,False,
bellevue_116th_ne12th,A6,145,1589276906,1961256988,317,2,4,4,4,4,0.001,10,1,False,
bellevue_116th_ne12th,A7,145,1589276906,1961256988,317,2,4,4,3,2,0.0025,6,1,False,
bellevue_116th_ne12th,A9,145,1589276906,1961256988,317,2,4,4,4,4,0.001,10,1,False,
bellevue_116th_ne12th,A5,146,418613224,1033302414,1021,3,4,4,4,4,0.005,10,1,False,
bellevue_116th_ne12th,A6,146,418613224,1033302414,1021,3,4,4,4,4,0.005,10,1,False,
bellevue_116th_ne12th,A7,146,418613224,1033302414,1021,3,4,4,1,2,0.005,2,1,False,
bellevue_116th_ne12th,A9,146,418613224,1033302414,1021,3,4,4,4,4,0.005,10,1,False,
bellevue_116th_ne12th,A5,147,1309043556,1814469204,583,3,4,4,4,4,0.0025,10,1,False,
bellevue_116th_ne12th,A6,147,1309043556,1814469204,583,3,4,4,4,4,0.0025,10,1,False,
bellevue_116th_ne12th,A7,147,1309043556,1814469204,583,3,4,4,1,2,0.005,2,1,False,
bellevue_116th_ne12th,A9,147,1309043556,1814469204,583,3,4,4,4,4,0.0025,10,1,False,
bellevue_116th_ne12th,A5,148,617379374,1619410437,422,4,6,4,5,4,0.0025,12,0.997630331753555,False,
bellevue_116th_ne12th,A6,148,617379374,1619410437,422,4,6,4,5,4,0.0025,12,0.997630331753555,False,
bellevue_116th_ne12th,A7,148,617379374,1619410437,422,4,6,4,2,1,0.005,2,1,False,
bellevue_116th_ne12th,A9,148,617379374,1619410437,422,4,6,4,5,4,0.0025,12,0.997630331753555,False,
bellevue_116th_ne12th,A5,149,1199939052,821089945,602,4,4,4,4,4,0.001,10,1,False,
bellevue_116th_ne12th,A6,149,1199939052,821089945,602,4,4,4,4,4,0.001,10,1,False,
bellevue_116th_ne12th,A7,149,1199939052,821089945,602,4,4,4,2,2,0.005,4,1,False,
bellevue_116th_ne12th,A9,149,1199939052,821089945,602,4,4,4,4,4,0.001,10,1,False,
bellevue_116th_ne12th,A5,150,2066853521,1532275005,336,4,7,4,5,4,0.001,14,1,False,
bellevue_116th_ne12th,A6,150,2066853521,1532275005,336,4,7,4,5,4,0.001,14,1,False,
bellevue_116th_ne12th,A7,150,2066853521,1532275005,336,4,7,4,2,1,0.005,2,1,False,
bellevue_116th_ne12th,A9,150,2066853521,1532275005,336,4,7,4,5,4,0.001,14,1,False,
bellevue_116th_ne12th,A5,151,1467880357,1262857656,492,3,4,4,4,4,0.001,8,1,False,
bellevue_116th_ne12th,A6,151,1467880357,1262857656,492,3,4,4,4,4,0.001,8,1,False,
bellevue_116th_ne12th,A7,151,1467880357,1262857656,492,3,4,4,2,2,0.005,3,1,False,
bellevue_116th_ne12th,A9,151,1467880357,1262857656,492,3,4,4,4,4,0.001,8,1,False,
bellevue_116th_ne12th,A5,152,1554571265,745720601,489,3,8,4,6,4,0.005,9,0.993865030674847,False,
bellevue_116th_ne12th,A6,152,1554571265,745720601,489,3,8,4,6,4,0.005,9,0.993865030674847,False,
bellevue_116th_ne12th,A7,152,1554571265,745720601,489,3,8,4,1,2,0.005,2,1,False,
bellevue_116th_ne12th,A9,152,1554571265,745720601,489,3,8,4,6,4,0.005,9,0.993865030674847,False,
bellevue_116th_ne12th,A5,153,1908292641,1587807573,610,2,7,4,5,4,0.001,12,1,False,
bellevue_116th_ne12th,A6,153,1908292641,1587807573,610,2,7,4,5,4,0.001,12,1,False,
bellevue_116th_ne12th,A7,153,1908292641,1587807573,610,2,7,4,2,1,0.005,2,1,False,
bellevue_116th_ne12th,A9,153,1908292641,1587807573,610,2,7,4,5,4,0.001,12,1,False,
bellevue_116th_ne12th,A5,154,709421604,408402335,1110,4,4,4,4,4,0.0025,10,1,False,
bellevue_116th_ne12th,A6,154,709421604,408402335,1110,4,4,4,4,4,0.0025,10,1,False,
bellevue_116th_ne12th,A7,154,709421604,408402335,1110,4,4,4,2,2,0.005,4,1,False,
bellevue_116th_ne12th,A9,154,709421604,408402335,1110,4,4,4,4,4,0.0025,10,1,False,
bellevue_116th_ne12th,A5,155,533008859,1999268811,368,3,7,4,7,4,0.001,12,1,False,
bellevue_116th_ne12th,A6,155,533008859,1999268811,368,3,7,4,7,4,0.001,12,1,False,
bellevue_116th_ne12th,A7,155,533008859,1999268811,368,3,7,4,2,1,0.005,2,1,False,
bellevue_116th_ne12th,A9,155,533008859,1999268811,368,3,7,4,7,4,0.001,12,1,False,
bellevue_116th_ne12th,A5,156,1814219498,715218498,548,3,4,4,4,4,0.005,10,1,False,
bellevue_116th_ne12th,A6,156,1814219498,715218498,548,3,4,4,4,4,0.005,10,1,False,
bellevue_116th_ne12th,A7,156,1814219498,715218498,548,3,4,4,2,2,0.005,4,1,False,
bellevue_116th_ne12th,A9,156,1814219498,715218498,548,3,4,4,4,4,0.005,10,1,False,
bellevue_116th_ne12th,A5,157,643994519,1132857101,669,4,4,4,4,4,0.001,10,1,False,
bellevue_116th_ne12th,A6,157,643994519,1132857101,669,4,4,4,4,4,0.001,10,1,False,
bellevue_116th_ne12th,A7,157,643994519,1132857101,669,4,4,4,1,2,0.005,2,1,False,
bellevue_116th_ne12th,A9,157,643994519,1132857101,669,4,4,4,4,4,0.001,10,1,False,
bellevue_116th_ne12th,A5,158,441271794,218188705,637,4,4,4,4,4,0.001,10,1,False,
bellevue_116th_ne12th,A6,158,441271794,218188705,637,4,4,4,4,4,0.001,10,1,False,
bellevue_116th_ne12th,A7,158,441271794,218188705,637,4,4,4,2,2,0.005,4,1,False,
bellevue_116th_ne12th,A9,158,441271794,218188705,637,4,4,4,4,4,0.001,10,1,False,
bellevue_116th_ne12th,A5,159,1510113282,1577440261,183,2,4,4,4,4,0.0025,8,1,False,
bellevue_116th_ne12th,A6,159,1510113282,1577440261,183,2,4,4,4,4,0.0025,8,1,False,
bellevue_116th_ne12th,A7,159,1510113282,1577440261,183,2,4,4,3,3,0.005,7,1,False,
bellevue_116th_ne12th,A9,159,1510113282,1577440261,183,2,4,4,4,4,0.0025,8,1,False,
bellevue_116th_ne12th,A5,160,668339649,741366815,1056,4,4,4,4,4,0.005,10,1,False,
bellevue_116th_ne12th,A6,160,668339649,741366815,1056,4,4,4,4,4,0.005,10,1,False,
bellevue_116th_ne12th,A7,160,668339649,741366815,1056,4,4,4,1,2,0.005,2,1,False,
bellevue_116th_ne12th,A9,160,668339649,741366815,1056,4,4,4,4,4,0.005,10,1,False,
bellevue_116th_ne12th,A5,161,2038841304,1645338453,755,4,4,4,4,4,0.0025,10,1,False,
bellevue_116th_ne12th,A6,161,2038841304,1645338453,755,4,4,4,4,4,0.0025,10,1,False,
bellevue_116th_ne12th,A7,161,2038841304,1645338453,755,4,4,4,1,2,0.005,2,1,False,
bellevue_116th_ne12th,A9,161,2038841304,1645338453,755,4,4,4,4,4,0.0025,10,1,False,
bellevue_116th_ne12th,A5,162,1224396322,1844171424,688,4,4,4,4,4,0.005,9,0.998546511627907,False,
bellevue_116th_ne12th,A6,162,1224396322,1844171424,688,4,4,4,4,4,0.005,9,0.998546511627907,False,
bellevue_116th_ne12th,A7,162,1224396322,1844171424,688,4,4,4,2,1,0.005,2,1,False,
bellevue_116th_ne12th,A9,162,1224396322,1844171424,688,4,4,4,4,4,0.005,9,0.998546511627907,False,
bellevue_116th_ne12th,A5,163,1346321254,1478509305,704,3,4,4,4,4,0.001,10,1,False,
bellevue_116th_ne12th,A6,163,1346321254,1478509305,704,3,4,4,4,4,0.001,10,1,False,
bellevue_116th_ne12th,A7,163,1346321254,1478509305,704,3,4,4,2,2,0.005,4,1,False,
bellevue_116th_ne12th,A9,163,1346321254,1478509305,704,3,4,4,4,4,0.001,10,1,False,
bellevue_116th_ne12th,A5,164,1778546139,1524167757,809,4,4,4,4,4,0.001,10,1,False,
bellevue_116th_ne12th,A6,164,1778546139,1524167757,809,4,4,4,4,4,0.001,10,1,False,
bellevue_116th_ne12th,A7,164,1778546139,1524167757,809,4,4,4,2,1,0.005,2,1,False,
bellevue_116th_ne12th,A9,164,1778546139,1524167757,809,4,4,4,4,4,0.001,10,1,False,
bellevue_116th_ne12th,A5,165,295938013,1852836433,1443,3,4,4,4,4,0.0025,10,1,False,
bellevue_116th_ne12th,A6,165,295938013,1852836433,1443,3,4,4,4,4,0.0025,10,1,False,
bellevue_116th_ne12th,A7,165,295938013,1852836433,1443,3,4,4,1,1,0.005,1,1,False,
bellevue_116th_ne12th,A9,165,295938013,1852836433,1443,3,4,4,4,4,0.0025,10,1,False,
bellevue_116th_ne12th,A5,166,781815963,959441324,1290,3,4,4,4,4,0.0025,10,1,False,
bellevue_116th_ne12th,A6,166,781815963,959441324,1290,3,4,4,4,4,0.0025,10,1,False,
bellevue_116th_ne12th,A7,166,781815963,959441324,1290,3,4,4,2,2,0.005,4,1,False,
bellevue_116th_ne12th,A9,166,781815963,959441324,1290,3,4,4,4,4,0.0025,10,1,False,
bellevue_116th_ne12th,A5,167,833869674,233332927,368,3,7,4,5,4,0.001,13,1,False,
bellevue_116th_ne12th,A6,167,833869674,233332927,368,3,7,4,5,4,0.001,13,1,False,
bellevue_116th_ne12th,A7,167,833869674,233332927,368,3,7,4,1,1,0.005,1,1,False,
bellevue_116th_ne12th,A9,167,833869674,233332927,368,3,7,4,5,4,0.001,13,1,False,
bellevue_116th_ne12th,A5,168,806430524,1116164729,970,3,4,4,4,4,0.0025,10,1,False,
bellevue_116th_ne12th,A6,168,806430524,1116164729,970,3,4,4,4,4,0.0025,10,1,False,
bellevue_116th_ne12th,A7,168,806430524,1116164729,970,3,4,4,1,2,0.005,2,1,False,
bellevue_116th_ne12th,A9,168,806430524,1116164729,970,3,4,4,4,4,0.0025,10,1,False,
bellevue_116th_ne12th,A5,169,1796500482,1784648228,1043,3,4,4,4,4,0.005,10,1,False,
bellevue_116th_ne12th,A6,169,1796500482,1784648228,1043,3,4,4,4,4,0.005,10,1,False,
bellevue_116th_ne12th,A7,169,1796500482,1784648228,1043,3,4,4,2,2,0.005,4,1,False,
bellevue_116th_ne12th,A9,169,1796500482,1784648228,1043,3,4,4,4,4,0.005,10,1,False,
bellevue_116th_ne12th,A5,170,1486036537,250024909,583,3,4,4,4,4,0.0025,10,1,False,
bellevue_116th_ne12th,A6,170,1486036537,250024909,583,3,4,4,4,4,0.0025,10,1,False,
bellevue_116th_ne12th,A7,170,1486036537,250024909,583,3,4,4,1,2,0.005,2,1,False,
bellevue_116th_ne12th,A9,170,1486036537,250024909,583,3,4,4,4,4,0.0025,10,1,False,
bellevue_116th_ne12th,A5,171,1035177346,685623326,1110,4,4,4,4,4,0.001,10,1,False,
bellevue_116th_ne12th,A6,171,1035177346,685623326,1110,4,4,4,4,4,0.001,10,1,False,
bellevue_116th_ne12th,A7,171,1035177346,685623326,1110,4,4,4,1,2,0.005,2,1,False,
bellevue_116th_ne12th,A9,171,1035177346,685623326,1110,4,4,4,4,4,0.001,10,1,False,
bellevue_116th_ne12th,A5,172,1203064359,1039179425,304,3,4,4,4,4,0.0025,8,1,False,
bellevue_116th_ne12th,A6,172,1203064359,1039179425,304,3,4,4,4,4,0.0025,8,1,False,
bellevue_116th_ne12th,A7,172,1203064359,1039179425,304,3,4,4,2,2,0.0025,4,1,False,
bellevue_116th_ne12th,A9,172,1203064359,1039179425,304,3,4,4,4,4,0.0025,8,1,False,
bellevue_116th_ne12th,A5,173,2014494312,1192816532,825,3,4,4,4,4,0.001,10,1,False,
bellevue_116th_ne12th,A6,173,2014494312,1192816532,825,3,4,4,4,4,0.001,10,1,False,
bellevue_116th_ne12th,A7,173,2014494312,1192816532,825,3,4,4,2,2,0.005,4,1,False,
bellevue_116th_ne12th,A9,173,2014494312,1192816532,825,3,4,4,4,4,0.001,10,1,False,
bellevue_116th_ne12th,A5,174,33464034,64481919,970,3,4,4,4,4,0.005,10,1,False,
bellevue_116th_ne12th,A6,174,33464034,64481919,970,3,4,4,4,4,0.005,10,1,False,
bellevue_116th_ne12th,A7,174,33464034,64481919,970,3,4,4,1,2,0.005,2,1,False,
bellevue_116th_ne12th,A9,174,33464034,64481919,970,3,4,4,4,4,0.005,10,1,False,
bellevue_116th_ne12th,A5,175,1932004258,1697917381,656,4,4,4,4,4,0.0025,10,1,False,
bellevue_116th_ne12th,A6,175,1932004258,1697917381,656,4,4,4,4,4,0.0025,10,1,False,
bellevue_116th_ne12th,A7,175,1932004258,1697917381,656,4,4,4,2,2,0.005,4,1,False,
bellevue_116th_ne12th,A9,175,1932004258,1697917381,656,4,4,4,4,4,0.0025,10,1,False,
bellevue_116th_ne12th,A5,176,1951874443,894824645,1024,4,4,4,4,4,0.0025,10,1,False,
bellevue_116th_ne12th,A6,176,1951874443,894824645,1024,4,4,4,4,4,0.0025,10,1,False,
bellevue_116th_ne12th,A7,176,1951874443,894824645,1024,4,4,4,1,2,0.005,2,1,False,
bellevue_116th_ne12th,A9,176,1951874443,894824645,1024,4,4,4,4,4,0.0025,10,1,False,
bellevue_116th_ne12th,A5,177,639745489,1481180721,1011,2,4,4,4,4,0.001,10,1,False,
bellevue_116th_ne12th,A6,177,639745489,1481180721,1011,2,4,4,4,4,0.001,10,1,False,
bellevue_116th_ne12th,A7,177,639745489,1481180721,1011,2,4,4,1,2,0.005,2,1,False,
bellevue_116th_ne12th,A9,177,639745489,1481180721,1011,2,4,4,4,4,0.001,10,1,False,
bellevue_116th_ne12th,A5,178,1675017999,2081060977,613,2,4,4,4,4,0.001,9,1,False,
bellevue_116th_ne12th,A6,178,1675017999,2081060977,613,2,4,4,4,4,0.001,9,1,False,
bellevue_116th_ne12th,A7,178,1675017999,2081060977,613,2,4,4,2,2,0.005,4,1,False,
bellevue_116th_ne12th,A9,178,1675017999,2081060977,613,2,4,4,4,4,0.001,9,1,False,
bellevue_116th_ne12th,A5,179,678807345,996745609,441,2,7,4,6,4,0.0025,12,0.997732426303855,False,
bellevue_116th_ne12th,A6,179,678807345,996745609,441,2,7,4,6,4,0.0025,12,0.997732426303855,False,
bellevue_116th_ne12th,A7,179,678807345,996745609,441,2,7,4,2,1,0.005,2,1,False,
bellevue_116th_ne12th,A9,179,678807345,996745609,441,2,7,4,6,4,0.0025,12,0.997732426303855,False,
bellevue_116th_ne12th,A5,180,1966843849,2065904184,656,4,4,4,4,4,0.005,8,0.99390243902439,False,
bellevue_116th_ne12th,A6,180,1966843849,2065904184,656,4,4,4,4,4,0.005,8,0.99390243902439,False,
bellevue_116th_ne12th,A7,180,1966843849,2065904184,656,4,4,4,2,2,0.005,4,1,False,
bellevue_116th_ne12th,A9,180,1966843849,2065904184,656,4,4,4,4,4,0.005,8,0.99390243902439,False,
bellevue_116th_ne12th,A5,181,184462334,597426194,812,3,4,4,4,4,0.0025,10,1,False,
bellevue_116th_ne12th,A6,181,184462334,597426194,812,3,4,4,4,4,0.0025,10,1,False,
bellevue_116th_ne12th,A7,181,184462334,597426194,812,3,4,4,2,1,0.005,2,1,False,
bellevue_116th_ne12th,A9,181,184462334,597426194,812,3,4,4,4,4,0.0025,10,1,False,
bellevue_116th_ne12th,A5,182,2068831146,1857294188,336,4,6,4,4,4,0.001,11,1,False,
bellevue_116th_ne12th,A6,182,2068831146,1857294188,336,4,6,4,4,4,0.001,11,1,False,
bellevue_116th_ne12th,A7,182,2068831146,1857294188,336,4,6,4,1,2,0.005,2,1,False,
bellevue_116th_ne12th,A9,182,2068831146,1857294188,336,4,6,4,4,4,0.001,11,1,False,
bellevue_116th_ne12th,A5,183,648304828,1064177711,492,3,4,4,4,4,0.0025,9,1,False,
bellevue_116th_ne12th,A6,183,648304828,1064177711,492,3,4,4,4,4,0.0025,9,1,False,
bellevue_116th_ne12th,A7,183,648304828,1064177711,492,3,4,4,2,2,0.005,4,1,False,
bellevue_116th_ne12th,A9,183,648304828,1064177711,492,3,4,4,4,4,0.0025,9,1,False,
bellevue_116th_ne12th,A5,184,44318046,1450854969,336,4,4,4,4,4,0.001,9,1,False,
bellevue_116th_ne12th,A6,184,44318046,1450854969,336,4,4,4,4,4,0.001,9,1,False,
bellevue_116th_ne12th,A7,184,44318046,1450854969,336,4,4,4,2,1,0.005,2,1,False,
bellevue_116th_ne12th,A9,184,44318046,1450854969,336,4,4,4,4,4,0.001,9,1,False,
bellevue_116th_ne12th,A5,185,1842250557,349120076,669,4,4,4,4,4,0.0025,10,1,False,
bellevue_116th_ne12th,A6,185,1842250557,349120076,669,4,4,4,4,4,0.0025,10,1,False,
bellevue_116th_ne12th,A7,185,1842250557,349120076,669,4,4,4,2,1,0.005,2,1,False,
bellevue_116th_ne12th,A9,185,1842250557,349120076,669,4,4,4,4,4,0.0025,10,1,False,
bellevue_116th_ne12th,A5,186,1267452412,1660191141,336,4,7,4,6,4,0.0025,13,1,False,
bellevue_116th_ne12th,A6,186,1267452412,1660191141,336,4,7,4,6,4,0.0025,13,1,False,
bellevue_116th_ne12th,A7,186,1267452412,1660191141,336,4,7,4,2,1,0.005,2,1,False,
bellevue_116th_ne12th,A9,186,1267452412,1660191141,336,4,7,4,6,4,0.0025,13,1,False,
bellevue_116th_ne12th,A5,187,1887410919,1124298151,1043,3,4,4,4,4,0.005,10,1,False,
bellevue_116th_ne12th,A6,187,1887410919,1124298151,1043,3,4,4,4,4,0.005,10,1,False,
bellevue_116th_ne12th,A7,187,1887410919,1124298151,1043,3,4,4,2,2,0.005,4,1,False,
bellevue_116th_ne12th,A9,187,1887410919,1124298151,1043,3,4,4,4,4,0.005,10,1,False,
bellevue_116th_ne12th,A5,188,400203239,1691845623,691,4,4,4,4,4,0.001,10,1,False,
bellevue_116th_ne12th,A6,188,400203239,1691845623,691,4,4,4,4,4,0.001,10,1,False,
bellevue_116th_ne12th,A7,188,400203239,1691845623,691,4,4,4,2,2,0.005,4,1,False,
bellevue_116th_ne12th,A9,188,400203239,1691845623,691,4,4,4,4,4,0.001,10,1,False,
bellevue_116th_ne12th,A5,189,156370574,666110463,970,3,4,4,4,4,0.005,10,1,False,
bellevue_116th_ne12th,A6,189,156370574,666110463,970,3,4,4,4,4,0.005,10,1,False,
bellevue_116th_ne12th,A7,189,156370574,666110463,970,3,4,4,1,2,0.005,2,1,False,
bellevue_116th_ne12th,A9,189,156370574,666110463,970,3,4,4,4,4,0.005,10,1,False,
bellevue_116th_ne12th,A5,190,29790825,371246241,637,4,4,4,4,4,0.0025,10,1,False,
bellevue_116th_ne12th,A6,190,29790825,371246241,637,4,4,4,4,4,0.0025,10,1,False,
bellevue_116th_ne12th,A7,190,29790825,371246241,637,4,4,4,2,1,0.005,2,1,False,
bellevue_116th_ne12th,A9,190,29790825,371246241,637,4,4,4,4,4,0.0025,10,1,False,
bellevue_116th_ne12th,A5,191,202253124,1707558815,755,4,4,4,3,4,0.001,9,1,False,
bellevue_116th_ne12th,A6,191,202253124,1707558815,755,4,4,4,3,4,0.001,9,1,False,
bellevue_116th_ne12th,A7,191,202253124,1707558815,755,4,4,4,1,1,0.005,1,1,False,
bellevue_116th_ne12th,A9,191,202253124,1707558815,755,4,4,4,3,4,0.001,9,1,False,
bellevue_116th_ne12th,A5,192,209528196,958254093,462,2,4,4,4,4,0.001,10,1,False,
bellevue_116th_ne12th,A6,192,209528196,958254093,462,2,4,4,4,4,0.001,10,1,False,
bellevue_116th_ne12th,A7,192,209528196,958254093,462,2,4,4,2,2,0.005,4,1,False,
bellevue_116th_ne12th,A9,192,209528196,958254093,462,2,4,4,4,4,0.001,10,1,False,
bellevue_116th_ne12th,A5,193,1011318646,866443635,1623,2,4,4,4,4,0.0025,10,1,False,
bellevue_116th_ne12th,A6,193,1011318646,866443635,1623,2,4,4,4,4,0.0025,10,1,False,
bellevue_116th_ne12th,A7,193,1011318646,866443635,1623,2,4,4,2,2,0.0025,4,1,False,
bellevue_116th_ne12th,A9,193,1011318646,866443635,1623,2,4,4,4,4,0.0025,10,1,False,
bellevue_116th_ne12th,A5,194,3595519,1439742841,1145,3,4,4,4,4,0.0025,10,1,False,
bellevue_116th_ne12th,A6,194,3595519,1439742841,1145,3,4,4,4,4,0.0025,10,1,False,
bellevue_116th_ne12th,A7,194,3595519,1439742841,1145,3,4,4,2,2,0.005,4,1,False,
bellevue_116th_ne12th,A9,194,3595519,1439742841,1145,3,4,4,4,4,0.0025,10,1,False,
bellevue_116th_ne12th,A5,195,1826895537,1367505978,989,4,4,4,4,4,0.0025,10,1,False,
bellevue_116th_ne12th,A6,195,1826895537,1367505978,989,4,4,4,4,4,0.0025,10,1,False,
bellevue_116th_ne12th,A7,195,1826895537,1367505978,989,4,4,4,2,2,0.005,4,1,False,
bellevue_116th_ne12th,A9,195,1826895537,1367505978,989,4,4,4,4,4,0.0025,10,1,False,
bellevue_116th_ne12th,A5,196,63331702,541042130,723,5,4,4,4,4,0.001,10,1,False,
bellevue_116th_ne12th,A6,196,63331702,541042130,723,5,4,4,4,4,0.001,10,1,False,
bellevue_116th_ne12th,A7,196,63331702,541042130,723,5,4,4,1,2,0.005,2,1,False,
bellevue_116th_ne12th,A9,196,63331702,541042130,723,5,4,4,4,4,0.001,10,1,False,
bellevue_116th_ne12th,A5,197,1535988031,1174232154,516,3,4,4,4,4,0.0025,10,1,False,
bellevue_116th_ne12th,A6,197,1535988031,1174232154,516,3,4,4,4,4,0.0025,10,1,False,
bellevue_116th_ne12th,A7,197,1535988031,1174232154,516,3,4,4,2,2,0.005,4,1,False,
bellevue_116th_ne12th,A9,197,1535988031,1174232154,516,3,4,4,4,4,0.0025,10,1,False,
bellevue_116th_ne12th,A5,198,1006467370,1196682479,849,2,4,4,4,4,0.005,10,1,False,
bellevue_116th_ne12th,A6,198,1006467370,1196682479,849,2,4,4,4,4,0.005,10,1,False,
bellevue_116th_ne12th,A7,198,1006467370,1196682479,849,2,4,4,1,2,0.005,2,1,False,
bellevue_116th_ne12th,A9,198,1006467370,1196682479,849,2,4,4,4,4,0.005,10,1,False,
bellevue_116th_ne12th,A5,199,1514721403,1879276241,777,4,4,4,4,4,0.0025,10,1,False,
bellevue_116th_ne12th,A6,199,1514721403,1879276241,777,4,4,4,4,4,0.0025,10,1,False,
bellevue_116th_ne12th,A7,199,1514721403,1879276241,777,4,4,4,1,1,0.005,1,1,False,
bellevue_116th_ne12th,A9,199,1514721403,1879276241,777,4,4,4,4,4,0.0025,10,1,False,
bellevue_116th_ne12th,A5,200,559621785,1310240292,970,3,4,4,4,4,0.0025,10,1,False,
bellevue_116th_ne12th,A6,200,559621785,1310240292,970,3,4,4,4,4,0.0025,10,1,False,
bellevue_116th_ne12th,A7,200,559621785,1310240292,970,3,4,4,2,2,0.005,4,1,False,
bellevue_116th_ne12th,A9,200,559621785,1310240292,970,3,4,4,4,4,0.0025,10,1,False,
bellevue_116th_ne12th,A5,201,932548778,685512591,879,3,4,4,4,4,0.0025,9,0.998862343572241,False,
bellevue_116th_ne12th,A6,201,932548778,685512591,879,3,4,4,4,4,0.0025,9,0.998862343572241,False,
bellevue_116th_ne12th,A7,201,932548778,685512591,879,3,4,4,1,1,0.005,1,1,False,
bellevue_116th_ne12th,A9,201,932548778,685512591,879,3,4,4,4,4,0.0025,9,0.998862343572241,False,
bellevue_116th_ne12th,A5,202,1033604481,691264391,723,5,4,4,4,4,0.0025,10,1,False,
bellevue_116th_ne12th,A6,202,1033604481,691264391,723,5,4,4,4,4,0.0025,10,1,False,
bellevue_116th_ne12th,A7,202,1033604481,691264391,723,5,4,4,1,1,0.005,1,1,False,
bellevue_116th_ne12th,A9,202,1033604481,691264391,723,5,4,4,4,4,0.0025,10,1,False,
bellevue_116th_ne12th,A5,203,1932004916,1847662308,301,3,7,4,5,4,0.001,14,1,False,
bellevue_116th_ne12th,A6,203,1932004916,1847662308,301,3,7,4,5,4,0.001,14,1,False,
bellevue_116th_ne12th,A7,203,1932004916,1847662308,301,3,7,4,2,1,0.005,2,1,False,
bellevue_116th_ne12th,A9,203,1932004916,1847662308,301,3,7,4,5,4,0.001,14,1,False,
bellevue_116th_ne12th,A5,204,1094318706,590430969,425,3,4,4,4,4,0.001,9,1,False,
bellevue_116th_ne12th,A6,204,1094318706,590430969,425,3,4,4,4,4,0.001,9,1,False,
bellevue_116th_ne12th,A7,204,1094318706,590430969,425,3,4,4,3,2,0.001,6,1,False,
bellevue_116th_ne12th,A9,204,1094318706,590430969,425,3,4,4,4,4,0.001,9,1,False,
bellevue_116th_ne12th,A5,205,39533519,1702952629,989,4,4,4,4,4,0.005,10,1,False,
bellevue_116th_ne12th,A6,205,39533519,1702952629,989,4,4,4,4,4,0.005,10,1,False,
bellevue_116th_ne12th,A7,205,39533519,1702952629,989,4,4,4,2,2,0.005,4,1,False,
bellevue_116th_ne12th,A9,205,39533519,1702952629,989,4,4,4,4,4,0.005,10,1,False,
bellevue_116th_ne12th,A5,206,1128027213,501758766,1024,4,4,4,4,4,0.001,10,1,False,
bellevue_116th_ne12th,A6,206,1128027213,501758766,1024,4,4,4,4,4,0.001,10,1,False,
bellevue_116th_ne12th,A7,206,1128027213,501758766,1024,4,4,4,2,2,0.005,4,1,False,
bellevue_116th_ne12th,A9,206,1128027213,501758766,1024,4,4,4,4,4,0.001,10,1,False,
bellevue_116th_ne12th,A5,207,1763367592,1360039443,546,2,4,4,4,4,0.0025,8,1,False,
bellevue_116th_ne12th,A6,207,1763367592,1360039443,546,2,4,4,4,4,0.0025,8,1,False,
bellevue_116th_ne12th,A7,207,1763367592,1360039443,546,2,4,4,2,2,0.005,4,1,False,
bellevue_116th_ne12th,A9,207,1763367592,1360039443,546,2,4,4,4,4,0.0025,8,1,False,
bellevue_116th_ne12th,A5,208,893922871,2032004976,524,3,4,4,4,4,0.0025,10,1,False,
bellevue_116th_ne12th,A6,208,893922871,2032004976,524,3,4,4,4,4,0.0025,10,1,False,
bellevue_116th_ne12th,A7,208,893922871,2032004976,524,3,4,4,2,2,0.005,4,1,False,
bellevue_116th_ne12th,A9,208,893922871,2032004976,524,3,4,4,4,4,0.0025,10,1,False,
bellevue_116th_ne12th,A5,209,1587784922,300861767,755,4,4,4,4,4,0.001,10,1,False,
bellevue_116th_ne12th,A6,209,1587784922,300861767,755,4,4,4,4,4,0.001,10,1,False,
bellevue_116th_ne12th,A7,209,1587784922,300861767,755,4,4,4,1,1,0.005,1,1,False,
bellevue_116th_ne12th,A9,209,1587784922,300861767,755,4,4,4,4,4,0.001,10,1,False,
bellevue_116th_ne12th,A5,210,881805324,257636089,304,3,4,4,4,4,0.001,9,1,False,
bellevue_116th_ne12th,A6,210,881805324,257636089,304,3,4,4,4,4,0.001,9,1,False,
bellevue_116th_ne12th,A7,210,881805324,257636089,304,3,4,4,2,2,0.005,3,1,False,
bellevue_116th_ne12th,A9,210,881805324,257636089,304,3,4,4,4,4,0.001,9,1,False,
bellevue_116th_ne12th,A5,211,164796651,523178063,723,5,4,4,4,4,0.0025,10,1,False,
bellevue_116th_ne12th,A6,211,164796651,523178063,723,5,4,4,4,4,0.0025,10,1,False,
bellevue_116th_ne12th,A7,211,164796651,523178063,723,5,4,4,1,1,0.005,1,1,False,
bellevue_116th_ne12th,A9,211,164796651,523178063,723,5,4,4,4,4,0.0025,10,1,False,
bellevue_116th_ne12th,A5,212,695418298,1047768969,1021,3,4,4,4,4,0.001,10,1,False,
bellevue_116th_ne12th,A6,212,695418298,1047768969,1021,3,4,4,4,4,0.001,10,1,False,
bellevue_116th_ne12th,A7,212,695418298,1047768969,1021,3,4,4,1,2,0.005,2,1,False,
bellevue_116th_ne12th,A9,212,695418298,1047768969,1021,3,4,4,4,4,0.001,10,1,False,
bellevue_116th_ne12th,A5,213,1351790126,585128457,183,2,4,4,4,4,0.005,8,1,False,
bellevue_116th_ne12th,A6,213,1351790126,585128457,183,2,4,4,4,4,0.005,8,1,False,
bellevue_116th_ne12th,A7,213,1351790126,585128457,183,2,4,4,3,3,0.005,7,1,False,
bellevue_116th_ne12th,A9,213,1351790126,585128457,183,2,4,4,4,4,0.005,8,1,False,
bellevue_116th_ne12th,A5,214,900621799,1600581419,1142,3,4,4,4,4,0.001,10,1,False,
bellevue_116th_ne12th,A6,214,900621799,1600581419,1142,3,4,4,4,4,0.001,10,1,False,
bellevue_116th_ne12th,A7,214,900621799,1600581419,1142,3,4,4,1,2,0.005,2,1,False,
bellevue_116th_ne12th,A9,214,900621799,1600581419,1142,3,4,4,4,4,0.001,10,1,False,
bellevue_116th_ne12th,A5,215,1130987271,818949812,269,3,7,4,6,4,0.001,11,1,False,
bellevue_116th_ne12th,A6,215,1130987271,818949812,269,3,7,4,6,4,0.001,11,1,False,
bellevue_116th_ne12th,A7,215,1130987271,818949812,269,3,7,4,2,2,0.001,4,1,False,
bellevue_116th_ne12th,A9,215,1130987271,818949812,269,3,7,4,6,4,0.001,11,1,False,
bellevue_116th_ne12th,A5,216,672997592,710887478,704,3,4,4,4,4,0.0025,10,1,False,
bellevue_116th_ne12th,A6,216,672997592,710887478,704,3,4,4,4,4,0.0025,10,1,False,
bellevue_116th_ne12th,A7,216,672997592,710887478,704,3,4,4,2,1,0.005,2,1,False,
bellevue_116th_ne12th,A9,216,672997592,710887478,704,3,4,4,4,4,0.0025,10,1,False,
bellevue_116th_ne12th,A5,217,185035003,1362980123,844,4,4,4,4,4,0.001,10,1,False,
bellevue_116th_ne12th,A6,217,185035003,1362980123,844,4,4,4,4,4,0.001,10,1,False,
bellevue_116th_ne12th,A7,217,185035003,1362980123,844,4,4,4,1,2,0.005,2,1,False,
bellevue_116th_ne12th,A9,217,185035003,1362980123,844,4,4,4,4,4,0.001,10,1,False,
bellevue_116th_ne12th,A5,218,768519659,17491762,583,3,4,4,4,4,0.0025,10,1,False,
bellevue_116th_ne12th,A6,218,768519659,17491762,583,3,4,4,4,4,0.0025,10,1,False,
bellevue_116th_ne12th,A7,218,768519659,17491762,583,3,4,4,1,2,0.005,2,1,False,
bellevue_116th_ne12th,A9,218,768519659,17491762,583,3,4,4,4,4,0.0025,10,1,False,
bellevue_116th_ne12th,A5,219,1038730415,145184246,161,2,4,5,3,4,0.0025,9,1,False,
bellevue_116th_ne12th,A6,219,1038730415,145184246,161,2,4,5,3,4,0.0025,9,1,False,
bellevue_116th_ne12th,A7,219,1038730415,145184246,161,2,4,5,2,2,0.005,4,1,False,
bellevue_116th_ne12th,A9,219,1038730415,145184246,161,2,4,5,3,4,0.0025,9,1,False,
bellevue_116th_ne12th,A5,220,1748387678,1804124940,669,4,4,4,4,4,0.0025,10,1,False,
bellevue_116th_ne12th,A6,220,1748387678,1804124940,669,4,4,4,4,4,0.0025,10,1,False,
bellevue_116th_ne12th,A7,220,1748387678,1804124940,669,4,4,4,1,2,0.005,2,1,False,
bellevue_116th_ne12th,A9,220,1748387678,1804124940,669,4,4,4,4,4,0.0025,10,1,False,
bellevue_116th_ne12th,A5,221,114099480,187941754,457,4,4,4,4,4,0.005,8,0.993435448577681,False,
bellevue_116th_ne12th,A6,221,114099480,187941754,457,4,4,4,4,4,0.005,8,0.993435448577681,False,
bellevue_116th_ne12th,A7,221,114099480,187941754,457,4,4,4,2,1,0.005,2,1,False,
bellevue_116th_ne12th,A9,221,114099480,187941754,457,4,4,4,4,4,0.005,8,0.993435448577681,False,
bellevue_116th_ne12th,A5,222,767784716,701232408,390,4,4,4,4,4,0.0025,10,1,False,
bellevue_116th_ne12th,A6,222,767784716,701232408,390,4,4,4,4,4,0.0025,10,1,False,
bellevue_116th_ne12th,A7,222,767784716,701232408,390,4,4,4,2,1,0.005,2,1,False,
bellevue_116th_ne12th,A9,222,767784716,701232408,390,4,4,4,4,4,0.0025,10,1,False,
bellevue_116th_ne12th,A5,223,313758448,1787142916,777,4,4,4,4,4,0.001,10,1,False,
bellevue_116th_ne12th,A6,223,313758448,1787142916,777,4,4,4,4,4,0.001,10,1,False,
bellevue_116th_ne12th,A7,223,313758448,1787142916,777,4,4,4,2,1,0.005,2,1,False,
bellevue_116th_ne12th,A9,223,313758448,1787142916,777,4,4,4,4,4,0.001,10,1,False,
bellevue_116th_ne12th,A5,224,1971427328,1426260709,336,4,7,4,5,4,0.001,10,1,False,
bellevue_116th_ne12th,A6,224,1971427328,1426260709,336,4,7,4,5,4,0.001,10,1,False,
bellevue_116th_ne12th,A7,224,1971427328,1426260709,336,4,7,4,2,2,0.005,4,1,False,
bellevue_116th_ne12th,A9,224,1971427328,1426260709,336,4,7,4,5,4,0.001,10,1,False,
bellevue_116th_ne12th,A5,225,1360488843,657634440,841,3,4,4,4,4,0.0025,10,1,False,
bellevue_116th_ne12th,A6,225,1360488843,657634440,841,3,4,4,4,4,0.0025,10,1,False,
bellevue_116th_ne12th,A7,225,1360488843,657634440,841,3,4,4,1,2,0.005,2,1,False,
bellevue_116th_ne12th,A9,225,1360488843,657634440,841,3,4,4,4,4,0.0025,10,1,False,
bellevue_116th_ne12th,A5,226,82065055,327917557,876,3,4,4,4,4,0.0025,10,1,False,
bellevue_116th_ne12th,A6,226,82065055,327917557,876,3,4,4,4,4,0.0025,10,1,False,
bellevue_116th_ne12th,A7,226,82065055,327917557,876,3,4,4,1,2,0.005,2,1,False,
bellevue_116th_ne12th,A9,226,82065055,327917557,876,3,4,4,4,4,0.0025,10,1,False,
bellevue_116th_ne12th,A5,227,1588404452,170650329,489,3,7,4,5,4,0.001,15,1,False,
bellevue_116th_ne12th,A6,227,1588404452,170650329,489,3,7,4,5,4,0.001,15,1,False,
bellevue_116th_ne12th,A7,227,1588404452,170650329,489,3,7,4,2,1,0.005,2,1,False,
bellevue_116th_ne12th,A9,227,1588404452,170650329,489,3,7,4,5,4,0.001,15,1,False,
bellevue_116th_ne12th,A5,228,943769348,39972842,355,3,8,4,6,4,0.001,14,1,False,
bellevue_116th_ne12th,A6,228,943769348,39972842,355,3,8,4,6,4,0.001,14,1,False,
bellevue_116th_ne12th,A7,228,943769348,39972842,355,3,8,4,1,1,0.005,1,1,False,
bellevue_116th_ne12th,A9,228,943769348,39972842,355,3,8,4,6,4,0.001,14,1,False,
bellevue_116th_ne12th,A5,229,450996545,1597619007,723,5,4,4,4,4,0.005,9,0.998616874135546,False,
bellevue_116th_ne12th,A6,229,450996545,1597619007,723,5,4,4,4,4,0.005,9,0.998616874135546,False,
bellevue_116th_ne12th,A7,229,450996545,1597619007,723,5,4,4,1,2,0.005,2,1,False,
bellevue_116th_ne12th,A9,229,450996545,1597619007,723,5,4,4,4,4,0.005,9,0.998616874135546,False,
bellevue_116th_ne12th,A5,230,1214266504,219285579,790,4,4,4,4,4,0.0025,10,1,False,
bellevue_116th_ne12th,A6,230,1214266504,219285579,790,4,4,4,4,4,0.0025,10,1,False,
bellevue_116th_ne12th,A7,230,1214266504,219285579,790,4,4,4,1,1,0.005,1,1,False,
bellevue_116th_ne12th,A9,230,1214266504,219285579,790,4,4,4,4,4,0.0025,10,1,False,
bellevue_116th_ne12th,A5,231,22450264,637900417,777,4,4,4,4,4,0.0025,10,1,False,
bellevue_116th_ne12th,A6,231,22450264,637900417,777,4,4,4,4,4,0.0025,10,1,False,
bellevue_116th_ne12th,A7,231,22450264,637900417,777,4,4,4,1,1,0.005,1,1,False,
bellevue_116th_ne12th,A9,231,22450264,637900417,777,4,4,4,4,4,0.0025,10,1,False,
bellevue_116th_ne12th,A5,232,1206394158,569748527,1056,4,4,4,4,4,0.0025,10,1,False,
bellevue_116th_ne12th,A6,232,1206394158,569748527,1056,4,4,4,4,4,0.0025,10,1,False,
bellevue_116th_ne12th,A7,232,1206394158,569748527,1056,4,4,4,2,2,0.005,4,1,False,
bellevue_116th_ne12th,A9,232,1206394158,569748527,1056,4,4,4,4,4,0.0025,10,1,False,
bellevue_116th_ne12th,A5,233,710613784,1252193643,196,2,4,4,4,4,0.0025,10,1,False,
bellevue_116th_ne12th,A6,233,710613784,1252193643,196,2,4,4,4,4,0.0025,10,1,False,
bellevue_116th_ne12th,A7,233,710613784,1252193643,196,2,4,4,2,2,0.005,4,1,False,
bellevue_116th_ne12th,A9,233,710613784,1252193643,196,2,4,4,4,4,0.0025,10,1,False,
bellevue_116th_ne12th,A5,234,2026295441,1753369618,1091,3,4,4,4,4,0.0025,10,1,False,
bellevue_116th_ne12th,A6,234,2026295441,1753369618,1091,3,4,4,4,4,0.0025,10,1,False,
bellevue_116th_ne12th,A7,234,2026295441,1753369618,1091,3,4,4,2,2,0.005,4,1,False,
bellevue_116th_ne12th,A9,234,2026295441,1753369618,1091,3,4,4,4,4,0.0025,10,1,False,
bellevue_116th_ne12th,A5,235,2134715,1714209125,355,3,7,4,5,4,0.0025,10,1,False,
bellevue_116th_ne12th,A6,235,2134715,1714209125,355,3,7,4,5,4,0.0025,10,1,False,
bellevue_116th_ne12th,A7,235,2134715,1714209125,355,3,7,4,2,2,0.005,4,1,False,
bellevue_116th_ne12th,A9,235,2134715,1714209125,355,3,7,4,5,4,0.0025,10,1,False,
bellevue_116th_ne12th,A5,236,1226638367,1239043192,508,3,8,4,5,4,0.0025,10,1,False,
bellevue_116th_ne12th,A6,236,1226638367,1239043192,508,3,8,4,5,4,0.0025,10,1,False,
bellevue_116th_ne12th,A7,236,1226638367,1239043192,508,3,8,4,2,2,0.005,4,1,False,
bellevue_116th_ne12th,A9,236,1226638367,1239043192,508,3,8,4,5,4,0.0025,10,1,False,
bellevue_116th_ne12th,A5,237,2130522028,228861610,508,3,7,4,6,4,0.02,7,0.954724409448819,False,
bellevue_116th_ne12th,A6,237,2130522028,228861610,508,3,7,4,6,4,0.02,7,0.954724409448819,False,
bellevue_116th_ne12th,A7,237,2130522028,228861610,508,3,7,4,2,2,0.005,4,1,False,
bellevue_116th_ne12th,A9,237,2130522028,228861610,508,3,7,4,6,4,0.02,7,0.954724409448819,False,
bellevue_116th_ne12th,A5,238,1645947776,1762829206,844,4,4,4,4,4,0.001,10,1,False,
bellevue_116th_ne12th,A6,238,1645947776,1762829206,844,4,4,4,4,4,0.001,10,1,False,
bellevue_116th_ne12th,A7,238,1645947776,1762829206,844,4,4,4,1,1,0.005,1,1,False,
bellevue_116th_ne12th,A9,238,1645947776,1762829206,844,4,4,4,4,4,0.001,10,1,False,
bellevue_116th_ne12th,A5,239,1491059231,200843510,390,4,4,4,4,4,0.001,9,1,False,
bellevue_116th_ne12th,A6,239,1491059231,200843510,390,4,4,4,4,4,0.001,9,1,False,
bellevue_116th_ne12th,A7,239,1491059231,200843510,390,4,4,4,2,2,0.005,4,1,False,
bellevue_116th_ne12th,A9,239,1491059231,200843510,390,4,4,4,4,4,0.001,9,1,False,
bellevue_116th_ne12th,A5,240,1592004252,683653262,704,3,4,4,4,4,0.0025,10,1,False,
bellevue_116th_ne12th,A6,240,1592004252,683653262,704,3,4,4,4,4,0.0025,10,1,False,
bellevue_116th_ne12th,A7,240,1592004252,683653262,704,3,4,4,2,2,0.005,4,1,False,
bellevue_116th_ne12th,A9,240,1592004252,683653262,704,3,4,4,4,4,0.0025,10,1,False,
bellevue_116th_ne12th,A5,241,826773505,2019607315,935,3,4,4,4,4,0.001,10,1,False,
bellevue_116th_ne12th,A6,241,826773505,2019607315,935,3,4,4,4,4,0.001,10,1,False,
bellevue_116th_ne12th,A7,241,826773505,2019607315,935,3,4,4,2,2,0.001,4,1,False,
bellevue_116th_ne12th,A9,241,826773505,2019607315,935,3,4,4,4,4,0.001,10,1,False,
bellevue_116th_ne12th,A5,242,1678505620,886781819,602,4,4,4,4,4,0.005,10,1,False,
bellevue_116th_ne12th,A6,242,1678505620,886781819,602,4,4,4,4,4,0.005,10,1,False,
bellevue_116th_ne12th,A7,242,1678505620,886781819,602,4,4,4,2,2,0.005,4,1,False,
bellevue_116th_ne12th,A9,242,1678505620,886781819,602,4,4,4,4,4,0.005,10,1,False,
bellevue_116th_ne12th,A5,243,622531054,455555014,989,4,4,4,4,4,0.0025,10,1,False,
bellevue_116th_ne12th,A6,243,622531054,455555014,989,4,4,4,4,4,0.0025,10,1,False,
bellevue_116th_ne12th,A7,243,622531054,455555014,989,4,4,4,2,2,0.005,4,1,False,
bellevue_116th_ne12th,A9,243,622531054,455555014,989,4,4,4,4,4,0.0025,10,1,False,
bellevue_116th_ne12th,A5,244,755100079,129400751,476,3,7,4,6,4,0.005,12,0.995798319327731,False,
bellevue_116th_ne12th,A6,244,755100079,129400751,476,3,7,4,6,4,0.005,12,0.995798319327731,False,
bellevue_116th_ne12th,A7,244,755100079,129400751,476,3,7,4,2,1,0.005,2,1,False,
bellevue_116th_ne12th,A9,244,755100079,129400751,476,3,7,4,6,4,0.005,12,0.995798319327731,False,
bellevue_116th_ne12th,A5,245,159565677,1907788231,809,4,4,4,4,4,0.0025,10,1,False,
bellevue_116th_ne12th,A6,245,159565677,1907788231,809,4,4,4,4,4,0.0025,10,1,False,
bellevue_116th_ne12th,A7,245,159565677,1907788231,809,4,4,4,1,2,0.005,2,1,False,
bellevue_116th_ne12th,A9,245,159565677,1907788231,809,4,4,4,4,4,0.0025,10,1,False,
bellevue_116th_ne12th,A5,246,634904832,462152049,723,5,4,4,4,4,0.001,10,1,False,
bellevue_116th_ne12th,A6,246,634904832,462152049,723,5,4,4,4,4,0.001,10,1,False,
bellevue_116th_ne12th,A7,246,634904832,462152049,723,5,4,4,1,2,0.005,2,1,False,
bellevue_116th_ne12th,A9,246,634904832,462152049,723,5,4,4,4,4,0.001,10,1,False,
bellevue_116th_ne12th,A5,247,1655345370,101371610,1078,3,4,4,4,4,0.001,10,1,False,
bellevue_116th_ne12th,A6,247,1655345370,101371610,1078,3,4,4,4,4,0.001,10,1,False,
bellevue_116th_ne12th,A7,247,1655345370,101371610,1078,3,4,4,2,2,0.005,4,1,False,
bellevue_116th_ne12th,A9,247,1655345370,101371610,1078,3,4,4,4,4,0.001,10,1,False,
bellevue_116th_ne12th,A5,248,1248423219,1401225215,1110,4,4,4,4,4,0.0025,10,1,False,
bellevue_116th_ne12th,A6,248,1248423219,1401225215,1110,4,4,4,4,4,0.0025,10,1,False,
bellevue_116th_ne12th,A7,248,1248423219,1401225215,1110,4,4,4,2,2,0.005,4,1,False,
bellevue_116th_ne12th,A9,248,1248423219,1401225215,1110,4,4,4,4,4,0.0025,10,1,False,
bellevue_116th_ne12th,A5,249,989785801,1934568694,336,4,7,4,6,4,0.001,11,1,False,
bellevue_116th_ne12th,A6,249,989785801,1934568694,336,4,7,4,6,4,0.001,11,1,False,
bellevue_116th_ne12th,A7,249,989785801,1934568694,336,4,7,4,2,1,0.005,2,1,False,
bellevue_116th_ne12th,A9,249,989785801,1934568694,336,4,7,4,6,4,0.001,11,1,False,
bellevue_116th_ne12th,A5,250,549139802,718191417,457,4,4,4,4,4,0.001,10,1,False,
bellevue_116th_ne12th,A6,250,549139802,718191417,457,4,4,4,4,4,0.001,10,1,False,
bellevue_116th_ne12th,A7,250,549139802,718191417,457,4,4,4,2,2,0.005,4,1,False,
bellevue_116th_ne12th,A9,250,549139802,718191417,457,4,4,4,4,4,0.001,10,1,False,
bellevue_116th_ne12th,A5,251,2038690314,280760669,602,4,4,4,4,4,0.001,10,1,False,
bellevue_116th_ne12th,A6,251,2038690314,280760669,602,4,4,4,4,4,0.001,10,1,False,
bellevue_116th_ne12th,A7,251,2038690314,280760669,602,4,4,4,1,2,0.005,2,1,False,
bellevue_116th_ne12th,A9,251,2038690314,280760669,602,4,4,4,4,4,0.001,10,1,False,
bellevue_116th_ne12th,A5,252,47615612,1667491146,355,3,8,4,6,4,0.001,13,1,False,
bellevue_116th_ne12th,A6,252,47615612,1667491146,355,3,8,4,6,4,0.001,13,1,False,
bellevue_116th_ne12th,A7,252,47615612,1667491146,355,3,8,4,2,2,0.005,4,1,False,
bellevue_116th_ne12th,A9,252,47615612,1667491146,355,3,8,4,6,4,0.001,13,1,False,
bellevue_116th_ne12th,A5,253,557943998,445064476,989,4,4,4,4,4,0.0025,10,1,False,
bellevue_116th_ne12th,A6,253,557943998,445064476,989,4,4,4,4,4,0.0025,10,1,False,
bellevue_116th_ne12th,A7,253,557943998,445064476,989,4,4,4,2,2,0.0025,4,1,False,
bellevue_116th_ne12th,A9,253,557943998,445064476,989,4,4,4,4,4,0.0025,10,1,False,
bellevue_116th_ne12th,A5,254,16429543,30892465,710,3,4,4,4,4,0.001,10,1,False,
bellevue_116th_ne12th,A6,254,16429543,30892465,710,3,4,4,4,4,0.001,10,1,False,
bellevue_116th_ne12th,A7,254,16429543,30892465,710,3,4,4,2,1,0.005,2,1,False,
bellevue_116th_ne12th,A9,254,16429543,30892465,710,3,4,4,4,4,0.001,10,1,False,
bellevue_116th_ne12th,A5,255,1670820373,585189065,454,3,7,4,4,4,0.0025,11,1,False,
bellevue_116th_ne12th,A6,255,1670820373,585189065,454,3,7,4,4,4,0.0025,11,1,False,
bellevue_116th_ne12th,A7,255,1670820373,585189065,454,3,7,4,2,1,0.005,2,1,False,
bellevue_116th_ne12th,A9,255,1670820373,585189065,454,3,7,4,4,4,0.0025,11,1,False,
bellevue_116th_ne12th,A5,256,1882657249,1339518642,946,2,4,4,4,4,0.005,9,0.997885835095137,False,
bellevue_116th_ne12th,A6,256,1882657249,1339518642,946,2,4,4,4,4,0.005,9,0.997885835095137,False,
bellevue_116th_ne12th,A7,256,1882657249,1339518642,946,2,4,4,1,1,0.005,1,1,False,
bellevue_116th_ne12th,A9,256,1882657249,1339518642,946,2,4,4,4,4,0.005,9,0.997885835095137,False,
bellevue_116th_ne12th,A5,257,2035602135,1777454011,688,4,4,4,4,4,0.005,9,1,False,
bellevue_116th_ne12th,A6,257,2035602135,1777454011,688,4,4,4,4,4,0.005,9,1,False,
bellevue_116th_ne12th,A7,257,2035602135,1777454011,688,4,4,4,2,1,0.005,2,1,False,
bellevue_116th_ne12th,A9,257,2035602135,1777454011,688,4,4,4,4,4,0.005,9,1,False,
bellevue_116th_ne12th,A5,258,730629745,30267182,457,4,4,4,4,4,0.001,9,1,False,
bellevue_116th_ne12th,A6,258,730629745,30267182,457,4,4,4,4,4,0.001,9,1,False,
bellevue_116th_ne12th,A7,258,730629745,30267182,457,4,4,4,2,2,0.005,4,1,False,
bellevue_116th_ne12th,A9,258,730629745,30267182,457,4,4,4,4,4,0.001,9,1,False,
bellevue_116th_ne12th,A5,259,2146422392,2084591239,989,4,4,4,4,4,0.0025,10,1,False,
bellevue_116th_ne12th,A6,259,2146422392,2084591239,989,4,4,4,4,4,0.0025,10,1,False,
bellevue_116th_ne12th,A7,259,2146422392,2084591239,989,4,4,4,2,2,0.005,4,1,False,
bellevue_116th_ne12th,A9,259,2146422392,2084591239,989,4,4,4,4,4,0.0025,10,1,False,
bellevue_116th_ne12th,A5,260,1027205998,1942010751,825,3,4,4,4,4,0.0025,10,1,False,
bellevue_116th_ne12th,A6,260,1027205998,1942010751,825,3,4,4,4,4,0.0025,10,1,False,
bellevue_116th_ne12th,A7,260,1027205998,1942010751,825,3,4,4,2,2,0.005,4,1,False,
bellevue_116th_ne12th,A9,260,1027205998,1942010751,825,3,4,4,4,4,0.0025,10,1,False,
bellevue_116th_ne12th,A5,261,702107037,774805106,250,3,4,4,4,4,0.001,8,1,False,
bellevue_116th_ne12th,A6,261,702107037,774805106,250,3,4,4,4,4,0.001,8,1,False,
bellevue_116th_ne12th,A7,261,702107037,774805106,250,3,4,4,2,2,0.001,4,1,False,
bellevue_116th_ne12th,A9,261,702107037,774805106,250,3,4,4,4,4,0.001,8,1,False,
bellevue_116th_ne12th,A5,262,887953445,1587364565,1110,4,4,4,4,4,0.0025,10,1,False,
bellevue_116th_ne12th,A6,262,887953445,1587364565,1110,4,4,4,4,4,0.0025,10,1,False,
bellevue_116th_ne12th,A7,262,887953445,1587364565,1110,4,4,4,2,2,0.005,4,1,False,
bellevue_116th_ne12th,A9,262,887953445,1587364565,1110,4,4,4,4,4,0.0025,10,1,False,
bellevue_116th_ne12th,A5,263,1058570873,2001286228,602,4,4,4,4,4,0.0025,10,1,False,
bellevue_116th_ne12th,A6,263,1058570873,2001286228,602,4,4,4,4,4,0.0025,10,1,False,
bellevue_116th_ne12th,A7,263,1058570873,2001286228,602,4,4,4,2,2,0.005,4,1,False,
bellevue_116th_ne12th,A9,263,1058570873,2001286228,602,4,4,4,4,4,0.0025,10,1,False,
bellevue_116th_ne12th,A5,264,258471438,376718315,1145,3,4,4,4,4,0.0025,10,1,False,
bellevue_116th_ne12th,A6,264,258471438,376718315,1145,3,4,4,4,4,0.0025,10,1,False,
bellevue_116th_ne12th,A7,264,258471438,376718315,1145,3,4,4,2,1,0.005,2,1,False,
bellevue_116th_ne12th,A9,264,258471438,376718315,1145,3,4,4,4,4,0.0025,10,1,False,
bellevue_116th_ne12th,A5,265,1095829382,2130367170,336,4,7,4,6,4,0.001,13,1,False,
bellevue_116th_ne12th,A6,265,1095829382,2130367170,336,4,7,4,6,4,0.001,13,1,False,
bellevue_116th_ne12th,A7,265,1095829382,2130367170,336,4,7,4,2,1,0.005,2,1,False,
bellevue_116th_ne12th,A9,265,1095829382,2130367170,336,4,7,4,6,4,0.001,13,1,False,
bellevue_116th_ne12th,A5,266,862186319,1600345061,282,3,4,4,4,4,0.0025,10,1,False,
bellevue_116th_ne12th,A6,266,862186319,1600345061,282,3,4,4,4,4,0.0025,10,1,False,
bellevue_116th_ne12th,A7,266,862186319,1600345061,282,3,4,4,2,1,0.005,2,1,False,
bellevue_116th_ne12th,A9,266,862186319,1600345061,282,3,4,4,4,4,0.0025,10,1,False,
bellevue_116th_ne12th,A5,267,1228166998,715325159,841,3,4,4,4,4,0.0025,10,1,False,
bellevue_116th_ne12th,A6,267,1228166998,715325159,841,3,4,4,4,4,0.0025,10,1,False,
bellevue_116th_ne12th,A7,267,1228166998,715325159,841,3,4,4,1,2,0.005,2,1,False,
bellevue_116th_ne12th,A9,267,1228166998,715325159,841,3,4,4,4,4,0.0025,10,1,False,
bellevue_116th_ne12th,A5,268,1392149936,18960322,336,4,7,4,6,4,0.001,11,1,False,
bellevue_116th_ne12th,A6,268,1392149936,18960322,336,4,7,4,6,4,0.001,11,1,False,
bellevue_116th_ne12th,A7,268,1392149936,18960322,336,4,7,4,2,1,0.005,2,1,False,
bellevue_116th_ne12th,A9,268,1392149936,18960322,336,4,7,4,6,4,0.001,11,1,False,
bellevue_116th_ne12th,A5,269,431904508,1754622071,903,3,4,4,4,4,0.0025,10,1,False,
bellevue_116th_ne12th,A6,269,431904508,1754622071,903,3,4,4,4,4,0.0025,10,1,False,
bellevue_116th_ne12th,A7,269,431904508,1754622071,903,3,4,4,2,2,0.005,4,1,False,
bellevue_116th_ne12th,A9,269,431904508,1754622071,903,3,4,4,4,4,0.0025,10,1,False,
bellevue_116th_ne12th,A5,270,1114842095,1986225796,691,4,4,4,4,4,0.0025,10,1,False,
bellevue_116th_ne12th,A6,270,1114842095,1986225796,691,4,4,4,4,4,0.0025,10,1,False,
bellevue_116th_ne12th,A7,270,1114842095,1986225796,691,4,4,4,1,1,0.005,1,1,False,
bellevue_116th_ne12th,A9,270,1114842095,1986225796,691,4,4,4,4,4,0.0025,10,1,False,
bellevue_116th_ne12th,A5,271,452878552,829099019,511,3,4,4,4,4,0.0025,8,0.998043052837573,False,
bellevue_116th_ne12th,A6,271,452878552,829099019,511,3,4,4,4,4,0.0025,8,0.998043052837573,False,
bellevue_116th_ne12th,A7,271,452878552,829099019,511,3,4,4,2,3,0.005,5,1,False,
bellevue_116th_ne12th,A9,271,452878552,829099019,511,3,4,4,4,4,0.0025,8,0.998043052837573,False,
bellevue_116th_ne12th,A5,272,1295645781,377911544,774,3,4,4,4,4,0.0025,10,1,False,
bellevue_116th_ne12th,A6,272,1295645781,377911544,774,3,4,4,4,4,0.0025,10,1,False,
bellevue_116th_ne12th,A7,272,1295645781,377911544,774,3,4,4,1,1,0.005,1,1,False,
bellevue_116th_ne12th,A9,272,1295645781,377911544,774,3,4,4,4,4,0.0025,10,1,False,
bellevue_116th_ne12th,A5,273,1710284399,1348509995,422,4,8,4,6,4,0.01,8,0.983412322274882,False,
bellevue_116th_ne12th,A6,273,1710284399,1348509995,422,4,8,4,6,4,0.01,8,0.983412322274882,False,
bellevue_116th_ne12th,A7,273,1710284399,1348509995,422,4,8,4,2,2,0.005,4,1,False,
bellevue_116th_ne12th,A9,273,1710284399,1348509995,422,4,8,4,6,4,0.01,8,0.983412322274882,False,
bellevue_116th_ne12th,A5,274,1361617280,1374909005,688,4,4,4,4,4,0.0025,10,1,False,
bellevue_116th_ne12th,A6,274,1361617280,1374909005,688,4,4,4,4,4,0.0025,10,1,False,
bellevue_116th_ne12th,A7,274,1361617280,1374909005,688,4,4,4,1,1,0.005,1,1,False,
bellevue_116th_ne12th,A9,274,1361617280,1374909005,688,4,4,4,4,4,0.0025,10,1,False,
bellevue_116th_ne12th,A5,275,222512483,2017856590,989,4,4,4,4,4,0.0025,10,1,False,
bellevue_116th_ne12th,A6,275,222512483,2017856590,989,4,4,4,4,4,0.0025,10,1,False,
bellevue_116th_ne12th,A7,275,222512483,2017856590,989,4,4,4,2,2,0.005,4,1,False,
bellevue_116th_ne12th,A9,275,222512483,2017856590,989,4,4,4,4,4,0.0025,10,1,False,
bellevue_116th_ne12th,A5,276,671938693,1022443637,723,5,4,4,4,4,0.001,10,1,False,
bellevue_116th_ne12th,A6,276,671938693,1022443637,723,5,4,4,4,4,0.001,10,1,False,
bellevue_116th_ne12th,A7,276,671938693,1022443637,723,5,4,4,1,1,0.005,1,1,False,
bellevue_116th_ne12th,A9,276,671938693,1022443637,723,5,4,4,4,4,0.001,10,1,False,
bellevue_116th_ne12th,A5,277,1198670861,834747461,1024,4,4,4,4,4,0.0025,10,1,False,
bellevue_116th_ne12th,A6,277,1198670861,834747461,1024,4,4,4,4,4,0.0025,10,1,False,
bellevue_116th_ne12th,A7,277,1198670861,834747461,1024,4,4,4,2,2,0.005,4,1,False,
bellevue_116th_ne12th,A9,277,1198670861,834747461,1024,4,4,4,4,4,0.0025,10,1,False,
bellevue_116th_ne12th,A5,278,1427490669,1286027468,844,4,4,4,4,4,0.0025,10,1,False,
bellevue_116th_ne12th,A6,278,1427490669,1286027468,844,4,4,4,4,4,0.0025,10,1,False,
bellevue_116th_ne12th,A7,278,1427490669,1286027468,844,4,4,4,1,1,0.005,1,1,False,
bellevue_116th_ne12th,A9,278,1427490669,1286027468,844,4,4,4,4,4,0.0025,10,1,False,
bellevue_116th_ne12th,A5,279,548180516,1992501045,457,4,4,4,4,4,0.005,7,0.991247264770241,False,
bellevue_116th_ne12th,A6,279,548180516,1992501045,457,4,4,4,4,4,0.005,7,0.991247264770241,False,
bellevue_116th_ne12th,A7,279,548180516,1992501045,457,4,4,4,2,2,0.005,4,1,False,
bellevue_116th_ne12th,A9,279,548180516,1992501045,457,4,4,4,4,4,0.005,7,0.991247264770241,False,
bellevue_116th_ne12th,A5,280,120334668,703623026,691,4,4,4,4,4,0.001,10,1,False,
bellevue_116th_ne12th,A6,280,120334668,703623026,691,4,4,4,4,4,0.001,10,1,False,
bellevue_116th_ne12th,A7,280,120334668,703623026,691,4,4,4,1,2,0.005,2,1,False,
bellevue_116th_ne12th,A9,280,120334668,703623026,691,4,4,4,4,4,0.001,10,1,False,
bellevue_116th_ne12th,A5,281,138743389,2107232508,879,3,4,4,4,4,0.001,10,1,False,
bellevue_116th_ne12th,A6,281,138743389,2107232508,879,3,4,4,4,4,0.001,10,1,False,
bellevue_116th_ne12th,A7,281,138743389,2107232508,879,3,4,4,2,2,0.005,4,1,False,
bellevue_116th_ne12th,A9,281,138743389,2107232508,879,3,4,4,4,4,0.001,10,1,False,
bellevue_116th_ne12th,A5,282,294367395,1848807501,645,2,7,4,6,4,0.001,12,1,False,
bellevue_116th_ne12th,A6,282,294367395,1848807501,645,2,7,4,6,4,0.001,12,1,False,
bellevue_116th_ne12th,A7,282,294367395,1848807501,645,2,7,4,2,2,0.005,4,1,False,
bellevue_116th_ne12th,A9,282,294367395,1848807501,645,2,7,4,6,4,0.001,12,1,False,
bellevue_116th_ne12th,A5,283,663346186,1151806260,1056,4,4,4,4,4,0.0025,10,1,False,
bellevue_116th_ne12th,A6,283,663346186,1151806260,1056,4,4,4,4,4,0.0025,10,1,False,
bellevue_116th_ne12th,A7,283,663346186,1151806260,1056,4,4,4,2,2,0.005,4,1,False,
bellevue_116th_ne12th,A9,283,663346186,1151806260,1056,4,4,4,4,4,0.0025,10,1,False,
bellevue_116th_ne12th,A5,284,1778530405,1862351825,809,4,4,4,4,4,0.0025,9,0.997527812113721,False,
bellevue_116th_ne12th,A6,284,1778530405,1862351825,809,4,4,4,4,4,0.0025,9,0.997527812113721,False,
bellevue_116th_ne12th,A7,284,1778530405,1862351825,809,4,4,4,2,1,0.005,2,1,False,
bellevue_116th_ne12th,A9,284,1778530405,1862351825,809,4,4,4,4,4,0.0025,9,0.997527812113721,False,
bellevue_116th_ne12th,A5,285,916182040,1490553660,691,4,4,4,4,4,0.0025,10,1,False,
bellevue_116th_ne12th,A6,285,916182040,1490553660,691,4,4,4,4,4,0.0025,10,1,False,
bellevue_116th_ne12th,A7,285,916182040,1490553660,691,4,4,4,1,2,0.005,2,1,False,
bellevue_116th_ne12th,A9,285,916182040,1490553660,691,4,4,4,4,4,0.0025,10,1,False,
bellevue_116th_ne12th,A5,286,1429123758,558657604,989,4,4,4,4,4,0.0025,10,1,False,
bellevue_116th_ne12th,A6,286,1429123758,558657604,989,4,4,4,4,4,0.0025,10,1,False,
bellevue_116th_ne12th,A7,286,1429123758,558657604,989,4,4,4,2,2,0.005,4,1,False,
bellevue_116th_ne12th,A9,286,1429123758,558657604,989,4,4,4,4,4,0.0025,10,1,False,
bellevue_116th_ne12th,A5,287,687576968,340077460,688,4,4,4,4,4,0.001,10,1,False,
bellevue_116th_ne12th,A6,287,687576968,340077460,688,4,4,4,4,4,0.001,10,1,False,
bellevue_116th_ne12th,A7,287,687576968,340077460,688,4,4,4,1,2,0.005,2,1,False,
bellevue_116th_ne12th,A9,287,687576968,340077460,688,4,4,4,4,4,0.001,10,1,False,
bellevue_116th_ne12th,A5,288,2098825099,387004044,758,4,4,4,4,4,0.0025,10,1,False,
bellevue_116th_ne12th,A6,288,2098825099,387004044,758,4,4,4,4,4,0.0025,10,1,False,
bellevue_116th_ne12th,A7,288,2098825099,387004044,758,4,4,4,1,2,0.005,2,1,False,
bellevue_116th_ne12th,A9,288,2098825099,387004044,758,4,4,4,4,4,0.0025,10,1,False,
bellevue_116th_ne12th,A5,289,1015402658,827302745,1110,4,4,4,4,4,0.0025,10,1,False,
bellevue_116th_ne12th,A6,289,1015402658,827302745,1110,4,4,4,4,4,0.0025,10,1,False,
bellevue_116th_ne12th,A7,289,1015402658,827302745,1110,4,4,4,1,1,0.005,1,1,False,
bellevue_116th_ne12th,A9,289,1015402658,827302745,1110,4,4,4,4,4,0.0025,10,1,False,
bellevue_116th_ne12th,A5,290,59499118,701145246,879,3,4,4,4,4,0.001,10,1,False,
bellevue_116th_ne12th,A6,290,59499118,701145246,879,3,4,4,4,4,0.001,10,1,False,
bellevue_116th_ne12th,A7,290,59499118,701145246,879,3,4,4,1,2,0.005,2,1,False,
bellevue_116th_ne12th,A9,290,59499118,701145246,879,3,4,4,4,4,0.001,10,1,False,
bellevue_116th_ne12th,A5,291,733956843,1243325835,336,4,7,4,6,4,0.001,14,1,False,
bellevue_116th_ne12th,A6,291,733956843,1243325835,336,4,7,4,6,4,0.001,14,1,False,
bellevue_116th_ne12th,A7,291,733956843,1243325835,336,4,7,4,2,1,0.005,2,1,False,
bellevue_116th_ne12th,A9,291,733956843,1243325835,336,4,7,4,6,4,0.001,14,1,False,
bellevue_116th_ne12th,A5,292,1819226761,485166299,1078,3,4,4,4,4,0.0025,10,1,False,
bellevue_116th_ne12th,A6,292,1819226761,485166299,1078,3,4,4,4,4,0.0025,10,1,False,
bellevue_116th_ne12th,A7,292,1819226761,485166299,1078,3,4,4,1,1,0.005,1,1,False,
bellevue_116th_ne12th,A9,292,1819226761,485166299,1078,3,4,4,4,4,0.0025,10,1,False,
bellevue_116th_ne12th,A5,293,1410416632,1134063951,1107,2,4,4,4,4,0.0025,10,1,False,
bellevue_116th_ne12th,A6,293,1410416632,1134063951,1107,2,4,4,4,4,0.0025,10,1,False,
bellevue_116th_ne12th,A7,293,1410416632,1134063951,1107,2,4,4,1,2,0.005,2,1,False,
bellevue_116th_ne12th,A9,293,1410416632,1134063951,1107,2,4,4,4,4,0.0025,10,1,False,
bellevue_116th_ne12th,A5,294,1333615259,327824549,476,3,7,4,4,4,0.01,8,0.989495798319328,False,
bellevue_116th_ne12th,A6,294,1333615259,327824549,476,3,7,4,4,4,0.01,8,0.989495798319328,False,
bellevue_116th_ne12th,A7,294,1333615259,327824549,476,3,7,4,1,1,0.005,1,1,False,
bellevue_116th_ne12th,A9,294,1333615259,327824549,476,3,7,4,4,4,0.01,8,0.989495798319328,False,
bellevue_116th_ne12th,A5,295,477736846,1456810721,809,4,4,4,4,4,0.005,8,0.992583436341162,False,
bellevue_116th_ne12th,A6,295,477736846,1456810721,809,4,4,4,4,4,0.005,8,0.992583436341162,False,
bellevue_116th_ne12th,A7,295,477736846,1456810721,809,4,4,4,2,2,0.005,4,1,False,
bellevue_116th_ne12th,A9,295,477736846,1456810721,809,4,4,4,4,4,0.005,8,0.992583436341162,False,
bellevue_116th_ne12th,A5,296,217550006,1764485900,688,4,4,4,4,4,0.0025,10,1,False,
bellevue_116th_ne12th,A6,296,217550006,1764485900,688,4,4,4,4,4,0.0025,10,1,False,
bellevue_116th_ne12th,A7,296,217550006,1764485900,688,4,4,4,1,2,0.005,2,1,False,
bellevue_116th_ne12th,A9,296,217550006,1764485900,688,4,4,4,4,4,0.0025,10,1,False,
bellevue_116th_ne12th,A5,297,531121301,108914904,548,3,4,4,4,4,0.005,10,1,False,
bellevue_116th_ne12th,A6,297,531121301,108914904,548,3,4,4,4,4,0.005,10,1,False,
bellevue_116th_ne12th,A7,297,531121301,108914904,548,3,4,4,1,2,0.005,2,1,False,
bellevue_116th_ne12th,A9,297,531121301,108914904,548,3,4,4,4,4,0.005,10,1,False,
bellevue_116th_ne12th,A5,298,185819952,224589787,1110,4,4,4,4,4,0.0025,10,1,False,
bellevue_116th_ne12th,A6,298,185819952,224589787,1110,4,4,4,4,4,0.0025,10,1,False,
bellevue_116th_ne12th,A7,298,185819952,224589787,1110,4,4,4,1,2,0.005,2,1,False,
bellevue_116th_ne12th,A9,298,185819952,224589787,1110,4,4,4,4,4,0.0025,10,1,False,
bellevue_116th_ne12th,A5,299,14901791,1205698113,1011,2,4,4,4,4,0.0025,10,1,False,
bellevue_116th_ne12th,A6,299,14901791,1205698113,1011,2,4,4,4,4,0.0025,10,1,False,
bellevue_116th_ne12th,A7,299,14901791,1205698113,1011,2,4,4,2,2,0.005,4,1,False,
bellevue_116th_ne12th,A9,299,14901791,1205698113,1011,2,4,4,4,4,0.0025,10,1,False,
bellevue_116th_ne12th,A5,300,1351200893,1109610151,333,2,7,4,6,3,0.0025,11,1,False,
bellevue_116th_ne12th,A6,300,1351200893,1109610151,333,2,7,4,6,3,0.0025,11,1,False,
bellevue_116th_ne12th,A7,300,1351200893,1109610151,333,2,7,4,2,1,0.005,2,1,False,
bellevue_116th_ne12th,A9,300,1351200893,1109610151,333,2,7,4,6,3,0.0025,11,1,False,
bellevue_116th_ne12th,A5,301,1606659126,1047252293,844,4,4,4,4,4,0.001,10,1,False,
bellevue_116th_ne12th,A6,301,1606659126,1047252293,844,4,4,4,4,4,0.001,10,1,False,
bellevue_116th_ne12th,A7,301,1606659126,1047252293,844,4,4,4,1,2,0.005,2,1,False,
bellevue_116th_ne12th,A9,301,1606659126,1047252293,844,4,4,4,4,4,0.001,10,1,False,
bellevue_116th_ne12th,A5,302,1761980385,1370812439,1024,4,4,4,4,4,0.001,10,1,False,
bellevue_116th_ne12th,A6,302,1761980385,1370812439,1024,4,4,4,4,4,0.001,10,1,False,
bellevue_116th_ne12th,A7,302,1761980385,1370812439,1024,4,4,4,2,2,0.005,4,1,False,
bellevue_116th_ne12th,A9,302,1761980385,1370812439,1024,4,4,4,4,4,0.001,10,1,False,
bellevue_116th_ne12th,A5,303,839794716,1473032301,669,4,4,4,4,4,0.005,9,0.998505231689088,False,
bellevue_116th_ne12th,A6,303,839794716,1473032301,669,4,4,4,4,4,0.005,9,0.998505231689088,False,
bellevue_116th_ne12th,A7,303,839794716,1473032301,669,4,4,4,2,1,0.005,2,1,False,
bellevue_116th_ne12th,A9,303,839794716,1473032301,669,4,4,4,4,4,0.005,9,0.998505231689088,False,
bellevue_116th_ne12th,A5,304,1001588749,1780959744,291,2,4,4,4,4,0.0025,7,1,False,
bellevue_116th_ne12th,A6,304,1001588749,1780959744,291,2,4,4,4,4,0.0025,7,1,False,
bellevue_116th_ne12th,A7,304,1001588749,1780959744,291,2,4,4,3,3,0.005,6,1,False,
bellevue_116th_ne12th,A9,304,1001588749,1780959744,291,2,4,4,4,4,0.0025,7,1,False,
bellevue_116th_ne12th,A5,305,1386378154,1914628451,516,3,4,4,4,4,0.0025,10,1,False,
bellevue_116th_ne12th,A6,305,1386378154,1914628451,516,3,4,4,4,4,0.0025,10,1,False,
bellevue_116th_ne12th,A7,305,1386378154,1914628451,516,3,4,4,2,2,0.005,4,1,False,
bellevue_116th_ne12th,A9,305,1386378154,1914628451,516,3,4,4,4,4,0.0025,10,1,False,
bellevue_116th_ne12th,A5,306,1761330492,449539423,688,4,4,4,4,4,0.0025,10,1,False,
bellevue_116th_ne12th,A6,306,1761330492,449539423,688,4,4,4,4,4,0.0025,10,1,False,
bellevue_116th_ne12th,A7,306,1761330492,449539423,688,4,4,4,2,1,0.005,2,1,False,
bellevue_116th_ne12th,A9,306,1761330492,449539423,688,4,4,4,4,4,0.0025,10,1,False,
bellevue_116th_ne12th,A5,307,477816088,940075939,723,5,4,4,4,4,0.0025,10,1,False,
bellevue_116th_ne12th,A6,307,477816088,940075939,723,5,4,4,4,4,0.0025,10,1,False,
bellevue_116th_ne12th,A7,307,477816088,940075939,723,5,4,4,1,2,0.005,2,1,False,
bellevue_116th_ne12th,A9,307,477816088,940075939,723,5,4,4,4,4,0.0025,10,1,False,
bellevue_116th_ne12th,A5,308,92709954,398270672,1145,3,4,4,4,4,0.001,10,1,False,
bellevue_116th_ne12th,A6,308,92709954,398270672,1145,3,4,4,4,4,0.001,10,1,False,
bellevue_116th_ne12th,A7,308,92709954,398270672,1145,3,4,4,2,2,0.005,4,1,False,
bellevue_116th_ne12th,A9,308,92709954,398270672,1145,3,4,4,4,4,0.001,10,1,False,
bellevue_116th_ne12th,A5,309,1779856999,114535027,602,4,4,4,4,4,0.0025,9,0.998338870431894,False,
bellevue_116th_ne12th,A6,309,1779856999,114535027,602,4,4,4,4,4,0.0025,9,0.998338870431894,False,
bellevue_116th_ne12th,A7,309,1779856999,114535027,602,4,4,4,2,2,0.005,4,1,False,
bellevue_116th_ne12th,A9,309,1779856999,114535027,602,4,4,4,4,4,0.0025,9,0.998338870431894,False,
bellevue_116th_ne12th,A5,310,495826112,84249316,390,4,4,4,3,4,0.0025,8,1,False,
bellevue_116th_ne12th,A6,310,495826112,84249316,390,4,4,4,3,4,0.0025,8,1,False,
bellevue_116th_ne12th,A7,310,495826112,84249316,390,4,4,4,2,1,0.005,2,1,False,
bellevue_116th_ne12th,A9,310,495826112,84249316,390,4,4,4,3,4,0.0025,8,1,False,
bellevue_116th_ne12th,A5,311,684682918,1298334177,570,3,4,4,4,4,0.0025,10,1,False,
bellevue_116th_ne12th,A6,311,684682918,1298334177,570,3,4,4,4,4,0.0025,10,1,False,
bellevue_116th_ne12th,A7,311,684682918,1298334177,570,3,4,4,2,2,0.005,4,1,False,
bellevue_116th_ne12th,A9,311,684682918,1298334177,570,3,4,4,4,4,0.0025,10,1,False,
bellevue_116th_ne12th,A5,312,2095766738,646557299,524,3,4,4,4,4,0.005,8,0.99618320610687,False,
bellevue_116th_ne12th,A6,312,2095766738,646557299,524,3,4,4,4,4,0.005,8,0.99618320610687,False,
bellevue_116th_ne12th,A7,312,2095766738,646557299,524,3,4,4,2,2,0.005,4,1,False,
bellevue_116th_ne12th,A9,312,2095766738,646557299,524,3,4,4,4,4,0.005,8,0.99618320610687,False,
bellevue_116th_ne12th,A5,313,1102549417,1221902361,304,3,4,4,4,4,0.0025,8,1,False,
bellevue_116th_ne12th,A6,313,1102549417,1221902361,304,3,4,4,4,4,0.0025,8,1,False,
bellevue_116th_ne12th,A7,313,1102549417,1221902361,304,3,4,4,2,2,0.005,4,1,False,
bellevue_116th_ne12th,A9,313,1102549417,1221902361,304,3,4,4,4,4,0.0025,8,1,False,
bellevue_116th_ne12th,A5,314,121541872,2053096246,454,3,7,4,5,3,0.0025,10,1,False,
bellevue_116th_ne12th,A6,314,121541872,2053096246,454,3,7,4,5,3,0.0025,10,1,False,
bellevue_116th_ne12th,A7,314,121541872,2053096246,454,3,7,4,1,1,0.005,1,1,False,
bellevue_116th_ne12th,A9,314,121541872,2053096246,454,3,7,4,5,3,0.0025,10,1,False,
bellevue_116th_ne12th,A5,315,907361788,1457229043,691,4,4,4,4,4,0.001,10,1,False,
bellevue_116th_ne12th,A6,315,907361788,1457229043,691,4,4,4,4,4,0.001,10,1,False,
bellevue_116th_ne12th,A7,315,907361788,1457229043,691,4,4,4,2,1,0.005,2,1,False,
bellevue_116th_ne12th,A9,315,907361788,1457229043,691,4,4,4,4,4,0.001,10,1,False,
bellevue_116th_ne12th,A5,316,1285913983,878902285,989,4,4,4,4,4,0.0025,10,1,False,
bellevue_116th_ne12th,A6,316,1285913983,878902285,989,4,4,4,4,4,0.0025,10,1,False,
bellevue_116th_ne12th,A7,316,1285913983,878902285,989,4,4,4,2,2,0.0025,4,1,False,
bellevue_116th_ne12th,A9,316,1285913983,878902285,989,4,4,4,4,4,0.0025,10,1,False,
bellevue_116th_ne12th,A5,317,120703390,625068660,492,3,4,4,4,4,0.005,7,0.991869918699187,False,
bellevue_116th_ne12th,A6,317,120703390,625068660,492,3,4,4,4,4,0.005,7,0.991869918699187,False,
bellevue_116th_ne12th,A7,317,120703390,625068660,492,3,4,4,2,2,0.005,4,1,False,
bellevue_116th_ne12th,A9,317,120703390,625068660,492,3,4,4,4,4,0.005,7,0.991869918699187,False,
bellevue_116th_ne12th,A5,318,1894598944,1693132371,911,3,4,4,4,4,0.0025,10,1,False,
bellevue_116th_ne12th,A6,318,1894598944,1693132371,911,3,4,4,4,4,0.0025,10,1,False,
bellevue_116th_ne12th,A7,318,1894598944,1693132371,911,3,4,4,2,1,0.005,2,1,False,
bellevue_116th_ne12th,A9,318,1894598944,1693132371,911,3,4,4,4,4,0.0025,10,1,False,
bellevue_116th_ne12th,A5,319,1482235947,568769403,989,4,4,4,4,4,0.0025,10,1,False,
bellevue_116th_ne12th,A6,319,1482235947,568769403,989,4,4,4,4,4,0.0025,10,1,False,
bellevue_116th_ne12th,A7,319,1482235947,568769403,989,4,4,4,2,1,0.005,2,1,False,
bellevue_116th_ne12th,A9,319,1482235947,568769403,989,4,4,4,4,4,0.0025,10,1,False,
bellevue_116th_ne12th,A5,320,427872731,323466688,336,4,7,4,5,3,0.001,12,1,False,
bellevue_116th_ne12th,A6,320,427872731,323466688,336,4,7,4,5,3,0.001,12,1,False,
bellevue_116th_ne12th,A7,320,427872731,323466688,336,4,7,4,2,1,0.005,2,1,False,
bellevue_116th_ne12th,A9,320,427872731,323466688,336,4,7,4,5,3,0.001,12,1,False,
bellevue_116th_ne12th,A5,321,617071482,1497916008,390,4,4,4,4,4,0.0025,10,1,False,
bellevue_116th_ne12th,A6,321,617071482,1497916008,390,4,4,4,4,4,0.0025,10,1,False,
bellevue_116th_ne12th,A7,321,617071482,1497916008,390,4,4,4,2,1,0.005,2,1,False,
bellevue_116th_ne12th,A9,321,617071482,1497916008,390,4,4,4,4,4,0.0025,10,1,False,
bellevue_116th_ne12th,A5,322,55669058,2118559723,1142,3,4,4,4,4,0.0025,10,1,False,
bellevue_116th_ne12th,A6,322,55669058,2118559723,1142,3,4,4,4,4,0.0025,10,1,False,
bellevue_116th_ne12th,A7,322,55669058,2118559723,1142,3,4,4,2,1,0.005,2,1,False,
bellevue_116th_ne12th,A9,322,55669058,2118559723,1142,3,4,4,4,4,0.0025,10,1,False,
bellevue_116th_ne12th,A5,323,1191705583,1543596322,492,3,4,4,4,4,0.001,8,1,False,
bellevue_116th_ne12th,A6,323,1191705583,1543596322,492,3,4,4,4,4,0.001,8,1,False,
bellevue_116th_ne12th,A7,323,1191705583,1543596322,492,3,4,4,2,2,0.005,4,1,False,
bellevue_116th_ne12th,A9,323,1191705583,1543596322,492,3,4,4,4,4,0.001,8,1,False,
bellevue_116th_ne12th,A5,324,1178545566,973918250,304,3,4,4,4,4,0.001,10,1,False,
bellevue_116th_ne12th,A6,324,1178545566,973918250,304,3,4,4,4,4,0.001,10,1,False,
bellevue_116th_ne12th,A7,324,1178545566,973918250,304,3,4,4,2,2,0.0025,4,1,False,
bellevue_116th_ne12th,A9,324,1178545566,973918250,304,3,4,4,4,4,0.001,10,1,False,
bellevue_116th_ne12th,A5,325,346440358,1764417960,524,3,4,4,4,4,0.0025,10,1,False,
bellevue_116th_ne12th,A6,325,346440358,1764417960,524,3,4,4,4,4,0.0025,10,1,False,
bellevue_116th_ne12th,A7,325,346440358,1764417960,524,3,4,4,2,2,0.005,4,1,False,
bellevue_116th_ne12th,A9,325,346440358,1764417960,524,3,4,4,4,4,0.0025,10,1,False,
bellevue_116th_ne12th,A5,326,1322637125,904235271,602,4,4,4,4,4,0.001,10,1,False,
bellevue_116th_ne12th,A6,326,1322637125,904235271,602,4,4,4,4,4,0.001,10,1,False,
bellevue_116th_ne12th,A7,326,1322637125,904235271,602,4,4,4,1,2,0.005,2,1,False,
bellevue_116th_ne12th,A9,326,1322637125,904235271,602,4,4,4,4,4,0.001,10,1,False,
bellevue_116th_ne12th,A5,327,357530730,48706907,720,3,4,4,3,4,0.001,9,1,False,
bellevue_116th_ne12th,A6,327,357530730,48706907,720,3,4,4,3,4,0.001,9,1,False,
bellevue_116th_ne12th,A7,327,357530730,48706907,720,3,4,4,1,1,0.005,1,1,False,
bellevue_116th_ne12th,A9,327,357530730,48706907,720,3,4,4,3,4,0.001,9,1,False,
bellevue_116th_ne12th,A5,328,1745050485,480552707,215,3,7,4,6,4,0.001,12,1,False,
bellevue_116th_ne12th,A6,328,1745050485,480552707,215,3,7,4,6,4,0.001,12,1,False,
bellevue_116th_ne12th,A7,328,1745050485,480552707,215,3,7,4,3,2,0.005,5,1,False,
bellevue_116th_ne12th,A9,328,1745050485,480552707,215,3,7,4,6,4,0.001,12,1,False,
bellevue_116th_ne12th,A5,329,854888095,1058123333,1290,3,4,4,4,4,0.0025,10,1,False,
bellevue_116th_ne12th,A6,329,854888095,1058123333,1290,3,4,4,4,4,0.0025,10,1,False,
bellevue_116th_ne12th,A7,329,854888095,1058123333,1290,3,4,4,1,2,0.005,2,1,False,
bellevue_116th_ne12th,A9,329,854888095,1058123333,1290,3,4,4,4,4,0.0025,10,1,False,
bellevue_116th_ne12th,A5,330,1223104610,1117307911,1043,3,4,4,4,4,0.0025,10,1,False,
bellevue_116th_ne12th,A6,330,1223104610,1117307911,1043,3,4,4,4,4,0.0025,10,1,False,
bellevue_116th_ne12th,A7,330,1223104610,1117307911,1043,3,4,4,2,2,0.005,4,1,False,
bellevue_116th_ne12th,A9,330,1223104610,1117307911,1043,3,4,4,4,4,0.0025,10,1,False,
bellevue_116th_ne12th,A5,331,1632931607,440744435,809,4,4,4,4,4,0.001,10,1,False,
bellevue_116th_ne12th,A6,331,1632931607,440744435,809,4,4,4,4,4,0.001,10,1,False,
bellevue_116th_ne12th,A7,331,1632931607,440744435,809,4,4,4,2,2,0.005,4,1,False,
bellevue_116th_ne12th,A9,331,1632931607,440744435,809,4,4,4,4,4,0.001,10,1,False,
bellevue_116th_ne12th,A5,332,1546626072,1151179548,742,3,4,4,4,4,0.005,9,0.998652291105121,False,
bellevue_116th_ne12th,A6,332,1546626072,1151179548,742,3,4,4,4,4,0.005,9,0.998652291105121,False,
bellevue_116th_ne12th,A7,332,1546626072,1151179548,742,3,4,4,1,2,0.005,2,1,False,
bellevue_116th_ne12th,A9,332,1546626072,1151179548,742,3,4,4,4,4,0.005,9,0.998652291105121,False,
bellevue_116th_ne12th,A5,333,1885714992,243531990,1075,3,4,4,4,4,0.005,10,1,False,
bellevue_116th_ne12th,A6,333,1885714992,243531990,1075,3,4,4,4,4,0.005,10,1,False,
bellevue_116th_ne12th,A7,333,1885714992,243531990,1075,3,4,4,1,2,0.005,2,1,False,
bellevue_116th_ne12th,A9,333,1885714992,243531990,1075,3,4,4,4,4,0.005,10,1,False,
bellevue_116th_ne12th,A5,334,726965029,644371019,656,4,4,4,4,4,0.001,10,1,False,
bellevue_116th_ne12th,A6,334,726965029,644371019,656,4,4,4,4,4,0.001,10,1,False,
bellevue_116th_ne12th,A7,334,726965029,644371019,656,4,4,4,2,1,0.005,2,1,False,
bellevue_116th_ne12th,A9,334,726965029,644371019,656,4,4,4,4,4,0.001,10,1,False,
bellevue_116th_ne12th,A5,335,351900114,2012738912,1075,3,4,4,4,4,0.0025,10,1,False,
bellevue_116th_ne12th,A6,335,351900114,2012738912,1075,3,4,4,4,4,0.0025,10,1,False,
bellevue_116th_ne12th,A7,335,351900114,2012738912,1075,3,4,4,2,2,0.005,4,1,False,
bellevue_116th_ne12th,A9,335,351900114,2012738912,1075,3,4,4,4,4,0.0025,10,1,False,
bellevue_116th_ne12th,A5,336,801722695,2059208320,704,3,4,4,4,4,0.0025,10,1,False,
bellevue_116th_ne12th,A6,336,801722695,2059208320,704,3,4,4,4,4,0.0025,10,1,False,
bellevue_116th_ne12th,A7,336,801722695,2059208320,704,3,4,4,2,2,0.005,4,1,False,
bellevue_116th_ne12th,A9,336,801722695,2059208320,704,3,4,4,4,4,0.0025,10,1,False,
bellevue_116th_ne12th,A5,337,1513730261,1228187309,755,4,4,4,4,4,0.0025,10,1,False,
bellevue_116th_ne12th,A6,337,1513730261,1228187309,755,4,4,4,4,4,0.0025,10,1,False,
bellevue_116th_ne12th,A7,337,1513730261,1228187309,755,4,4,4,1,1,0.005,1,1,False,
bellevue_116th_ne12th,A9,337,1513730261,1228187309,755,4,4,4,4,4,0.0025,10,1,False,
bellevue_116th_ne12th,A5,338,651560109,1878003067,1075,3,4,4,4,4,0.0025,10,1,False,
bellevue_116th_ne12th,A6,338,651560109,1878003067,1075,3,4,4,4,4,0.0025,10,1,False,
bellevue_116th_ne12th,A7,338,651560109,1878003067,1075,3,4,4,1,2,0.005,2,1,False,
bellevue_116th_ne12th,A9,338,651560109,1878003067,1075,3,4,4,4,4,0.0025,10,1,False,
bellevue_116th_ne12th,A5,339,1690983448,1974871832,425,3,4,4,4,4,0.02,5,0.985882352941176,False,
bellevue_116th_ne12th,A6,339,1690983448,1974871832,425,3,4,4,4,4,0.02,5,0.985882352941176,False,
bellevue_116th_ne12th,A7,339,1690983448,1974871832,425,3,4,4,2,2,0.005,3,1,False,
bellevue_116th_ne12th,A9,339,1690983448,1974871832,425,3,4,4,4,4,0.02,5,0.985882352941176,False,
bellevue_116th_ne12th,A5,340,511713191,306881605,812,3,4,4,4,4,0.001,10,1,False,
bellevue_116th_ne12th,A6,340,511713191,306881605,812,3,4,4,4,4,0.001,10,1,False,
bellevue_116th_ne12th,A7,340,511713191,306881605,812,3,4,4,1,1,0.005,1,1,False,
bellevue_116th_ne12th,A9,340,511713191,306881605,812,3,4,4,4,4,0.001,10,1,False,
bellevue_116th_ne12th,A5,341,1841730118,757086402,250,3,4,4,4,4,0.001,9,1,False,
bellevue_116th_ne12th,A6,341,1841730118,757086402,250,3,4,4,4,4,0.001,9,1,False,
bellevue_116th_ne12th,A7,341,1841730118,757086402,250,3,4,4,2,3,0.001,6,1,False,
bellevue_116th_ne12th,A9,341,1841730118,757086402,250,3,4,4,4,4,0.001,9,1,False,
bellevue_116th_ne12th,A5,342,961815247,151242552,1709,2,4,4,4,4,0.0025,10,1,False,
bellevue_116th_ne12th,A6,342,961815247,151242552,1709,2,4,4,4,4,0.0025,10,1,False,
bellevue_116th_ne12th,A7,342,961815247,151242552,1709,2,4,4,2,2,0.0025,4,1,False,
bellevue_116th_ne12th,A9,342,961815247,151242552,1709,2,4,4,4,4,0.0025,10,1,False,
bellevue_116th_ne12th,A5,343,1359655200,122444222,1212,2,4,4,4,4,0.005,9,0.997524752475248,False,
bellevue_116th_ne12th,A6,343,1359655200,122444222,1212,2,4,4,4,4,0.005,9,0.997524752475248,False,
bellevue_116th_ne12th,A7,343,1359655200,122444222,1212,2,4,4,1,1,0.005,1,1,False,
bellevue_116th_ne12th,A9,343,1359655200,122444222,1212,2,4,4,4,4,0.005,9,0.997524752475248,False,
bellevue_116th_ne12th,A5,344,2134822939,1898508496,790,4,4,4,4,4,0.0025,10,1,False,
bellevue_116th_ne12th,A6,344,2134822939,1898508496,790,4,4,4,4,4,0.0025,10,1,False,
bellevue_116th_ne12th,A7,344,2134822939,1898508496,790,4,4,4,1,2,0.005,2,1,False,
bellevue_116th_ne12th,A9,344,2134822939,1898508496,790,4,4,4,4,4,0.0025,10,1,False,
bellevue_116th_ne12th,A5,345,2014918400,2020000736,935,3,4,4,4,4,0.005,10,1,False,
bellevue_116th_ne12th,A6,345,2014918400,2020000736,935,3,4,4,4,4,0.005,10,1,False,
bellevue_116th_ne12th,A7,345,2014918400,2020000736,935,3,4,4,2,2,0.005,4,1,False,
bellevue_116th_ne12th,A9,345,2014918400,2020000736,935,3,4,4,4,4,0.005,10,1,False,
bellevue_116th_ne12th,A5,346,1113407073,1833253954,1075,3,4,4,4,4,0.0025,10,1,False,
bellevue_116th_ne12th,A6,346,1113407073,1833253954,1075,3,4,4,4,4,0.0025,10,1,False,
bellevue_116th_ne12th,A7,346,1113407073,1833253954,1075,3,4,4,1,2,0.005,2,1,False,
bellevue_116th_ne12th,A9,346,1113407073,1833253954,1075,3,4,4,4,4,0.0025,10,1,False,
bellevue_116th_ne12th,A5,347,85825535,13530672,723,5,4,4,4,4,0.0025,10,1,False,
bellevue_116th_ne12th,A6,347,85825535,13530672,723,5,4,4,4,4,0.0025,10,1,False,
bellevue_116th_ne12th,A7,347,85825535,13530672,723,5,4,4,1,2,0.005,2,1,False,
bellevue_116th_ne12th,A9,347,85825535,13530672,723,5,4,4,4,4,0.0025,10,1,False,
bellevue_116th_ne12th,A5,348,476521725,1294779818,317,2,4,4,4,4,0.001,10,1,False,
bellevue_116th_ne12th,A6,348,476521725,1294779818,317,2,4,4,4,4,0.001,10,1,False,
bellevue_116th_ne12th,A7,348,476521725,1294779818,317,2,4,4,2,2,0.005,4,1,False,
bellevue_116th_ne12th,A9,348,476521725,1294779818,317,2,4,4,4,4,0.001,10,1,False,
bellevue_116th_ne12th,A5,349,1355748901,1657692795,323,3,7,4,5,4,0.001,10,1,False,
bellevue_116th_ne12th,A6,349,1355748901,1657692795,323,3,7,4,5,4,0.001,10,1,False,
bellevue_116th_ne12th,A7,349,1355748901,1657692795,323,3,7,4,2,1,0.005,2,1,False,
bellevue_116th_ne12th,A9,349,1355748901,1657692795,323,3,7,4,5,4,0.001,10,1,False,
bellevue_116th_ne12th,A5,350,689585148,690237983,691,4,4,4,4,4,0.005,10,1,False,
bellevue_116th_ne12th,A6,350,689585148,690237983,691,4,4,4,4,4,0.005,10,1,False,
bellevue_116th_ne12th,A7,350,689585148,690237983,691,4,4,4,2,1,0.005,2,1,False,
bellevue_116th_ne12th,A9,350,689585148,690237983,691,4,4,4,4,4,0.005,10,1,False,
bellevue_116th_ne12th,A5,351,929396248,559898724,691,4,4,4,4,4,0.005,9,0.998552821997106,False,
bellevue_116th_ne12th,A6,351,929396248,559898724,691,4,4,4,4,4,0.005,9,0.998552821997106,False,
bellevue_116th_ne12th,A7,351,929396248,559898724,691,4,4,4,2,2,0.005,4,1,False,
bellevue_116th_ne12th,A9,351,929396248,559898724,691,4,4,4,4,4,0.005,9,0.998552821997106,False,
bellevue_116th_ne12th,A5,352,449590307,1441624525,844,4,4,4,4,4,0.0025,10,1,False,
bellevue_116th_ne12th,A6,352,449590307,1441624525,844,4,4,4,4,4,0.0025,10,1,False,
bellevue_116th_ne12th,A7,352,449590307,1441624525,844,4,4,4,1,2,0.005,2,1,False,
bellevue_116th_ne12th,A9,352,449590307,1441624525,844,4,4,4,4,4,0.0025,10,1,False,
bellevue_116th_ne12th,A5,353,891863676,2052432591,336,4,7,4,6,4,0.001,13,1,False,
bellevue_116th_ne12th,A6,353,891863676,2052432591,336,4,7,4,6,4,0.001,13,1,False,
bellevue_116th_ne12th,A7,353,891863676,2052432591,336,4,7,4,2,2,0.005,4,1,False,
bellevue_116th_ne12th,A9,353,891863676,2052432591,336,4,7,4,6,4,0.001,13,1,False,
bellevue_116th_ne12th,A5,354,1372497451,1462330760,1091,3,4,4,4,4,0.0025,10,1,False,
bellevue_116th_ne12th,A6,354,1372497451,1462330760,1091,3,4,4,4,4,0.0025,10,1,False,
bellevue_116th_ne12th,A7,354,1372497451,1462330760,1091,3,4,4,1,1,0.005,1,1,False,
bellevue_116th_ne12th,A9,354,1372497451,1462330760,1091,3,4,4,4,4,0.0025,10,1,False,
bellevue_116th_ne12th,A5,355,113501254,1467948913,371,3,4,4,4,4,0.0025,8,1,False,
bellevue_116th_ne12th,A6,355,113501254,1467948913,371,3,4,4,4,4,0.0025,8,1,False,
bellevue_116th_ne12th,A7,355,113501254,1467948913,371,3,4,4,2,2,0.005,4,1,False,
bellevue_116th_ne12th,A9,355,113501254,1467948913,371,3,4,4,4,4,0.0025,8,1,False,
bellevue_116th_ne12th,A5,356,738783475,1085205698,457,4,4,4,4,4,0.005,7,0.991247264770241,False,
bellevue_116th_ne12th,A6,356,738783475,1085205698,457,4,4,4,4,4,0.005,7,0.991247264770241,False,
bellevue_116th_ne12th,A7,356,738783475,1085205698,457,4,4,4,2,2,0.005,4,1,False,
bellevue_116th_ne12th,A9,356,738783475,1085205698,457,4,4,4,4,4,0.005,7,0.991247264770241,False,
bellevue_116th_ne12th,A5,357,1799313013,1653724793,876,3,4,4,4,4,0.001,10,1,False,
bellevue_116th_ne12th,A6,357,1799313013,1653724793,876,3,4,4,4,4,0.001,10,1,False,
bellevue_116th_ne12th,A7,357,1799313013,1653724793,876,3,4,4,1,2,0.005,2,1,False,
bellevue_116th_ne12th,A9,357,1799313013,1653724793,876,3,4,4,4,4,0.001,10,1,False,
bellevue_116th_ne12th,A5,358,1096716965,511176927,844,4,4,4,4,4,0.0025,10,1,False,
bellevue_116th_ne12th,A6,358,1096716965,511176927,844,4,4,4,4,4,0.0025,10,1,False,
bellevue_116th_ne12th,A7,358,1096716965,511176927,844,4,4,4,1,1,0.005,1,1,False,
bellevue_116th_ne12th,A9,358,1096716965,511176927,844,4,4,4,4,4,0.0025,10,1,False,
bellevue_116th_ne12th,A5,359,153536751,33587787,489,3,7,4,6,4,0.005,12,0.995910020449898,False,
bellevue_116th_ne12th,A6,359,153536751,33587787,489,3,7,4,6,4,0.005,12,0.995910020449898,False,
bellevue_116th_ne12th,A7,359,153536751,33587787,489,3,7,4,2,1,0.005,2,1,False,
bellevue_116th_ne12th,A9,359,153536751,33587787,489,3,7,4,6,4,0.005,12,0.995910020449898,False,
bellevue_116th_ne12th,A5,360,1489667803,180611127,403,3,4,4,4,4,0.02,5,0.972704714640198,False,
bellevue_116th_ne12th,A6,360,1489667803,180611127,403,3,4,4,4,4,0.02,5,0.972704714640198,False,
bellevue_116th_ne12th,A7,360,1489667803,180611127,403,3,4,4,2,2,0.005,4,1,False,
bellevue_116th_ne12th,A9,360,1489667803,180611127,403,3,4,4,4,4,0.02,5,0.972704714640198,False,
bellevue_116th_ne12th,A5,361,484193971,2025711933,723,5,8,4,6,4,0.001,13,1,False,
bellevue_116th_ne12th,A6,361,484193971,2025711933,723,5,8,4,6,4,0.001,13,1,False,
bellevue_116th_ne12th,A7,361,484193971,2025711933,723,5,8,4,2,1,0.005,2,1,False,
bellevue_116th_ne12th,A9,361,484193971,2025711933,723,5,8,4,6,4,0.001,13,1,False,
bellevue_116th_ne12th,A5,362,1723801828,302421365,669,4,4,4,4,4,0.0025,10,1,False,
bellevue_116th_ne12th,A6,362,1723801828,302421365,669,4,4,4,4,4,0.0025,10,1,False,
bellevue_116th_ne12th,A7,362,1723801828,302421365,669,4,4,4,1,2,0.005,2,1,False,
bellevue_116th_ne12th,A9,362,1723801828,302421365,669,4,4,4,4,4,0.0025,10,1,False,
bellevue_116th_ne12th,A5,363,1071494096,1645869297,777,4,4,4,4,4,0.0025,10,1,False,
bellevue_116th_ne12th,A6,363,1071494096,1645869297,777,4,4,4,4,4,0.0025,10,1,False,
bellevue_116th_ne12th,A7,363,1071494096,1645869297,777,4,4,4,2,1,0.005,2,1,False,
bellevue_116th_ne12th,A9,363,1071494096,1645869297,777,4,4,4,4,4,0.0025,10,1,False,
bellevue_116th_ne12th,A5,364,1673043062,1050376468,876,3,4,4,4,4,0.0025,10,1,False,
bellevue_116th_ne12th,A6,364,1673043062,1050376468,876,3,4,4,4,4,0.0025,10,1,False,
bellevue_116th_ne12th,A7,364,1673043062,1050376468,876,3,4,4,1,1,0.005,1,1,False,
bellevue_116th_ne12th,A9,364,1673043062,1050376468,876,3,4,4,4,4,0.0025,10,1,False,
bellevue_116th_ne12th,A5,365,1092880403,1144804318,583,3,4,4,4,4,0.005,10,1,False,
bellevue_116th_ne12th,A6,365,1092880403,1144804318,583,3,4,4,4,4,0.005,10,1,False,
bellevue_116th_ne12th,A7,365,1092880403,1144804318,583,3,4,4,2,2,0.005,4,1,False,
bellevue_116th_ne12th,A9,365,1092880403,1144804318,583,3,4,4,4,4,0.005,10,1,False,
bellevue_116th_ne12th,A5,366,67245968,1142171385,1177,3,4,4,4,4,0.0025,10,1,False,
bellevue_116th_ne12th,A6,366,67245968,1142171385,1177,3,4,4,4,4,0.0025,10,1,False,
bellevue_116th_ne12th,A7,366,67245968,1142171385,1177,3,4,4,1,1,0.005,1,1,False,
bellevue_116th_ne12th,A9,366,67245968,1142171385,1177,3,4,4,4,4,0.0025,10,1,False,
bellevue_116th_ne12th,A5,367,281997719,715452711,516,3,4,4,4,4,0.0025,10,1,False,
bellevue_116th_ne12th,A6,367,281997719,715452711,516,3,4,4,4,4,0.0025,10,1,False,
bellevue_116th_ne12th,A7,367,281997719,715452711,516,3,4,4,1,1,0.005,1,1,False,
bellevue_116th_ne12th,A9,367,281997719,715452711,516,3,4,4,4,4,0.0025,10,1,False,
bellevue_116th_ne12th,A5,368,1718079649,1816173405,790,4,4,4,4,4,0.0025,10,1,False,
bellevue_116th_ne12th,A6,368,1718079649,1816173405,790,4,4,4,4,4,0.0025,10,1,False,
bellevue_116th_ne12th,A7,368,1718079649,1816173405,790,4,4,4,1,1,0.005,1,1,False,
bellevue_116th_ne12th,A9,368,1718079649,1816173405,790,4,4,4,4,4,0.0025,10,1,False,
bellevue_116th_ne12th,A5,369,1738566460,95301916,1043,3,4,4,4,4,0.001,10,1,False,
bellevue_116th_ne12th,A6,369,1738566460,95301916,1043,3,4,4,4,4,0.001,10,1,False,
bellevue_116th_ne12th,A7,369,1738566460,95301916,1043,3,4,4,1,2,0.005,2,1,False,
bellevue_116th_ne12th,A9,369,1738566460,95301916,1043,3,4,4,4,4,0.001,10,1,False,
bellevue_116th_ne12th,A5,370,1252055638,113262837,691,4,4,4,4,4,0.0025,10,1,False,
bellevue_116th_ne12th,A6,370,1252055638,113262837,691,4,4,4,4,4,0.0025,10,1,False,
bellevue_116th_ne12th,A7,370,1252055638,113262837,691,4,4,4,1,1,0.005,1,1,False,
bellevue_116th_ne12th,A9,370,1252055638,113262837,691,4,4,4,4,4,0.0025,10,1,False,
bellevue_116th_ne12th,A5,371,848763579,1778812553,1024,4,4,4,4,4,0.0025,10,1,False,
bellevue_116th_ne12th,A6,371,848763579,1778812553,1024,4,4,4,4,4,0.0025,10,1,False,
bellevue_116th_ne12th,A7,371,848763579,1778812553,1024,4,4,4,2,2,0.005,4,1,False,
bellevue_116th_ne12th,A9,371,848763579,1778812553,1024,4,4,4,4,4,0.0025,10,1,False,
bellevue_116th_ne12th,A5,372,617136626,496270199,602,4,4,4,4,4,0.0025,10,1,False,
bellevue_116th_ne12th,A6,372,617136626,496270199,602,4,4,4,4,4,0.0025,10,1,False,
bellevue_116th_ne12th,A7,372,617136626,496270199,602,4,4,4,1,2,0.005,2,1,False,
bellevue_116th_ne12th,A9,372,617136626,496270199,602,4,4,4,4,4,0.0025,10,1,False,
bellevue_116th_ne12th,A5,373,616252001,520790005,583,3,4,4,4,4,0.001,10,1,False,
bellevue_116th_ne12th,A6,373,616252001,520790005,583,3,4,4,4,4,0.001,10,1,False,
bellevue_116th_ne12th,A7,373,616252001,520790005,583,3,4,4,2,1,0.005,2,1,False,
bellevue_116th_ne12th,A9,373,616252001,520790005,583,3,4,4,4,4,0.001,10,1,False,
bellevue_116th_ne12th,A5,374,497241969,1375535460,1145,3,4,4,4,4,0.0025,10,1,False,
bellevue_116th_ne12th,A6,374,497241969,1375535460,1145,3,4,4,4,4,0.0025,10,1,False,
bellevue_116th_ne12th,A7,374,497241969,1375535460,1145,3,4,4,1,2,0.005,2,1,False,
bellevue_116th_ne12th,A9,374,497241969,1375535460,1145,3,4,4,4,4,0.0025,10,1,False,
bellevue_116th_ne12th,A5,375,1553427514,850749267,215,3,6,4,5,4,0.001,10,1,False,
bellevue_116th_ne12th,A6,375,1553427514,850749267,215,3,6,4,5,4,0.001,10,1,False,
bellevue_116th_ne12th,A7,375,1553427514,850749267,215,3,6,4,2,2,0.005,4,1,False,
bellevue_116th_ne12th,A9,375,1553427514,850749267,215,3,6,4,5,4,0.001,10,1,False,
bellevue_116th_ne12th,A5,376,647101702,1896626830,1056,4,4,4,4,4,0.005,10,1,False,
bellevue_116th_ne12th,A6,376,647101702,1896626830,1056,4,4,4,4,4,0.005,10,1,False,
bellevue_116th_ne12th,A7,376,647101702,1896626830,1056,4,4,4,2,1,0.005,2,1,False,
bellevue_116th_ne12th,A9,376,647101702,1896626830,1056,4,4,4,4,4,0.005,10,1,False,
bellevue_116th_ne12th,A5,377,1903856706,1501558347,1107,2,4,4,4,4,0.0025,10,1,False,
bellevue_116th_ne12th,A6,377,1903856706,1501558347,1107,2,4,4,4,4,0.0025,10,1,False,
bellevue_116th_ne12th,A7,377,1903856706,1501558347,1107,2,4,4,1,2,0.005,2,1,False,
bellevue_116th_ne12th,A9,377,1903856706,1501558347,1107,2,4,4,4,4,0.0025,10,1,False,
bellevue_116th_ne12th,A5,378,1682282477,1922190999,1043,3,4,4,4,4,0.0025,10,1,False,
bellevue_116th_ne12th,A6,378,1682282477,1922190999,1043,3,4,4,4,4,0.0025,10,1,False,
bellevue_116th_ne12th,A7,378,1682282477,1922190999,1043,3,4,4,2,2,0.005,4,1,False,
bellevue_116th_ne12th,A9,378,1682282477,1922190999,1043,3,4,4,4,4,0.0025,10,1,False,
bellevue_116th_ne12th,A5,379,356681381,775617469,269,3,8,4,5,4,0.0025,12,1,False,
bellevue_116th_ne12th,A6,379,356681381,775617469,269,3,8,4,5,4,0.0025,12,1,False,
bellevue_116th_ne12th,A7,379,356681381,775617469,269,3,8,4,2,1,0.005,2,1,False,
bellevue_116th_ne12th,A9,379,356681381,775617469,269,3,8,4,5,4,0.0025,12,1,False,
bellevue_116th_ne12th,A5,380,484754226,1330083229,575,2,8,4,5,4,0.001,15,1,False,
bellevue_116th_ne12th,A6,380,484754226,1330083229,575,2,8,4,5,4,0.001,15,1,False,
bellevue_116th_ne12th,A7,380,484754226,1330083229,575,2,8,4,2,1,0.005,2,1,False,
bellevue_116th_ne12th,A9,380,484754226,1330083229,575,2,8,4,5,4,0.001,15,1,False,
bellevue_116th_ne12th,A5,381,304321589,1956265564,1677,2,4,4,4,4,0.0025,10,1,False,
bellevue_116th_ne12th,A6,381,304321589,1956265564,1677,2,4,4,4,4,0.0025,10,1,False,
bellevue_116th_ne12th,A7,381,304321589,1956265564,1677,2,4,4,1,3,0.005,3,1,False,
bellevue_116th_ne12th,A9,381,304321589,1956265564,1677,2,4,4,4,4,0.0025,10,1,False,
bellevue_116th_ne12th,A5,382,1434015179,1482367279,691,4,4,4,4,4,0.001,10,1,False,
bellevue_116th_ne12th,A6,382,1434015179,1482367279,691,4,4,4,4,4,0.001,10,1,False,
bellevue_116th_ne12th,A7,382,1434015179,1482367279,691,4,4,4,2,2,0.005,4,1,False,
bellevue_116th_ne12th,A9,382,1434015179,1482367279,691,4,4,4,4,4,0.001,10,1,False,
bellevue_116th_ne12th,A5,383,1193294935,210378503,1443,3,4,4,4,4,0.0025,10,1,False,
bellevue_116th_ne12th,A6,383,1193294935,210378503,1443,3,4,4,4,4,0.0025,10,1,False,
bellevue_116th_ne12th,A7,383,1193294935,210378503,1443,3,4,4,2,2,0.005,4,1,False,
bellevue_116th_ne12th,A9,383,1193294935,210378503,1443,3,4,4,4,4,0.0025,10,1,False,
bellevue_116th_ne12th,A5,384,126077363,540340014,1177,3,4,4,4,4,0.0025,10,1,False,
bellevue_116th_ne12th,A6,384,126077363,540340014,1177,3,4,4,4,4,0.0025,10,1,False,
bellevue_116th_ne12th,A7,384,126077363,540340014,1177,3,4,4,1,2,0.005,2,1,False,
bellevue_116th_ne12th,A9,384,126077363,540340014,1177,3,4,4,4,4,0.0025,10,1,False,
bellevue_116th_ne12th,A5,385,999342376,1762446449,844,4,4,4,4,4,0.001,10,1,False,
bellevue_116th_ne12th,A6,385,999342376,1762446449,844,4,4,4,4,4,0.001,10,1,False,
bellevue_116th_ne12th,A7,385,999342376,1762446449,844,4,4,4,2,2,0.005,4,1,False,
bellevue_116th_ne12th,A9,385,999342376,1762446449,844,4,4,4,4,4,0.001,10,1,False,
bellevue_116th_ne12th,A5,386,38803142,600405614,355,3,7,4,5,3,0.0025,10,1,False,
bellevue_116th_ne12th,A6,386,38803142,600405614,355,3,7,4,5,3,0.0025,10,1,False,
bellevue_116th_ne12th,A7,386,38803142,600405614,355,3,7,4,1,2,0.005,2,1,False,
bellevue_116th_ne12th,A9,386,38803142,600405614,355,3,7,4,5,3,0.0025,10,1,False,
bellevue_116th_ne12th,A5,387,917393077,1420836072,540,2,8,4,7,4,0.001,15,1,False,
bellevue_116th_ne12th,A6,387,917393077,1420836072,540,2,8,4,7,4,0.001,15,1,False,
bellevue_116th_ne12th,A7,387,917393077,1420836072,540,2,8,4,2,1,0.005,2,1,False,
bellevue_116th_ne12th,A9,387,917393077,1420836072,540,2,8,4,7,4,0.001,15,1,False,
bellevue_116th_ne12th,A5,388,1998680213,2003150356,215,3,4,4,4,4,0.0025,8,1,False,
bellevue_116th_ne12th,A6,388,1998680213,2003150356,215,3,4,4,4,4,0.0025,8,1,False,
bellevue_116th_ne12th,A7,388,1998680213,2003150356,215,3,4,4,2,3,0.0025,6,1,False,
bellevue_116th_ne12th,A9,388,1998680213,2003150356,215,3,4,4,4,4,0.0025,8,1,False,
bellevue_116th_ne12th,A5,389,1834564231,1109261125,634,3,4,4,3,4,0.001,9,1,False,
bellevue_116th_ne12th,A6,389,1834564231,1109261125,634,3,4,4,3,4,0.001,9,1,False,
bellevue_116th_ne12th,A7,389,1834564231,1109261125,634,3,4,4,1,1,0.005,1,1,False,
bellevue_116th_ne12th,A9,389,1834564231,1109261125,634,3,4,4,3,4,0.001,9,1,False,
bellevue_116th_ne12th,A5,390,1068488195,1002699453,336,4,4,4,4,4,0.001,10,1,False,
bellevue_116th_ne12th,A6,390,1068488195,1002699453,336,4,4,4,4,4,0.001,10,1,False,
bellevue_116th_ne12th,A7,390,1068488195,1002699453,336,4,4,4,2,2,0.005,4,1,False,
bellevue_116th_ne12th,A9,390,1068488195,1002699453,336,4,4,4,4,4,0.001,10,1,False,
bellevue_116th_ne12th,A5,391,639424723,109539382,876,3,4,4,4,4,0.0025,10,1,False,
bellevue_116th_ne12th,A6,391,639424723,109539382,876,3,4,4,4,4,0.0025,10,1,False,
bellevue_116th_ne12th,A7,391,639424723,109539382,876,3,4,4,2,1,0.005,2,1,False,
bellevue_116th_ne12th,A9,391,639424723,109539382,876,3,4,4,4,4,0.0025,10,1,False,
bellevue_116th_ne12th,A5,392,1051182252,1429433002,355,3,7,4,6,4,0.001,12,1,False,
bellevue_116th_ne12th,A6,392,1051182252,1429433002,355,3,7,4,6,4,0.001,12,1,False,
bellevue_116th_ne12th,A7,392,1051182252,1429433002,355,3,7,4,2,1,0.005,2,1,False,
bellevue_116th_ne12th,A9,392,1051182252,1429433002,355,3,7,4,6,4,0.001,12,1,False,
bellevue_116th_ne12th,A5,393,133107513,1846330854,543,3,4,4,3,4,0.0025,8,0.998158379373849,False,
bellevue_116th_ne12th,A6,393,133107513,1846330854,543,3,4,4,3,4,0.0025,8,0.998158379373849,False,
bellevue_116th_ne12th,A7,393,133107513,1846330854,543,3,4,4,2,2,0.005,4,1,False,
bellevue_116th_ne12th,A9,393,133107513,1846330854,543,3,4,4,3,4,0.0025,8,0.998158379373849,False,
bellevue_116th_ne12th,A5,394,529549784,336467729,476,3,8,4,5,4,0.005,10,0.987394957983193,False,
bellevue_116th_ne12th,A6,394,529549784,336467729,476,3,8,4,5,4,0.005,10,0.987394957983193,False,
bellevue_116th_ne12th,A7,394,529549784,336467729,476,3,8,4,2,1,0.005,2,1,False,
bellevue_116th_ne12th,A9,394,529549784,336467729,476,3,8,4,5,4,0.005,10,0.987394957983193,False,
bellevue_116th_ne12th,A5,395,1145740527,677119746,1110,4,4,4,4,4,0.0025,10,1,False,
bellevue_116th_ne12th,A6,395,1145740527,677119746,1110,4,4,4,4,4,0.0025,10,1,False,
bellevue_116th_ne12th,A7,395,1145740527,677119746,1110,4,4,4,1,2,0.005,2,1,False,
bellevue_116th_ne12th,A9,395,1145740527,677119746,1110,4,4,4,4,4,0.0025,10,1,False,
bellevue_116th_ne12th,A5,396,1525987570,252689126,777,4,4,4,4,4,0.001,10,1,False,
bellevue_116th_ne12th,A6,396,1525987570,252689126,777,4,4,4,4,4,0.001,10,1,False,
bellevue_116th_ne12th,A7,396,1525987570,252689126,777,4,4,4,2,2,0.005,4,1,False,
bellevue_116th_ne12th,A9,396,1525987570,252689126,777,4,4,4,4,4,0.001,10,1,False,
bellevue_116th_ne12th,A5,397,1589253058,1589809314,777,4,4,4,4,4,0.0025,10,1,False,
bellevue_116th_ne12th,A6,397,1589253058,1589809314,777,4,4,4,4,4,0.0025,10,1,False,
bellevue_116th_ne12th,A7,397,1589253058,1589809314,777,4,4,4,2,2,0.005,4,1,False,
bellevue_116th_ne12th,A9,397,1589253058,1589809314,777,4,4,4,4,4,0.0025,10,1,False,
bellevue_116th_ne12th,A5,398,562998594,259835861,911,3,4,4,4,4,0.001,10,1,False,
bellevue_116th_ne12th,A6,398,562998594,259835861,911,3,4,4,4,4,0.001,10,1,False,
bellevue_116th_ne12th,A7,398,562998594,259835861,911,3,4,4,1,2,0.005,2,1,False,
bellevue_116th_ne12th,A9,398,562998594,259835861,911,3,4,4,4,4,0.001,10,1,False,
bellevue_116th_ne12th,A5,399,1662814575,821439468,758,4,4,4,4,4,0.0025,10,1,False,
bellevue_116th_ne12th,A6,399,1662814575,821439468,758,4,4,4,4,4,0.0025,10,1,False,
bellevue_116th_ne12th,A7,399,1662814575,821439468,758,4,4,4,1,2,0.005,2,1,False,
bellevue_116th_ne12th,A9,399,1662814575,821439468,758,4,4,4,4,4,0.0025,10,1,False,
bellevue_116th_ne12th,A5,400,1245988259,1435305845,691,4,4,4,4,4,0.001,10,1,False,
bellevue_116th_ne12th,A6,400,1245988259,1435305845,691,4,4,4,4,4,0.001,10,1,False,
bellevue_116th_ne12th,A7,400,1245988259,1435305845,691,4,4,4,2,2,0.005,4,1,False,
bellevue_116th_ne12th,A9,400,1245988259,1435305845,691,4,4,4,4,4,0.001,10,1,False,
bellevue_116th_ne12th,A5,401,2122586996,805367820,422,4,8,4,5,4,0.02,7,0.966824644549763,False,
bellevue_116th_ne12th,A6,401,2122586996,805367820,422,4,8,4,5,4,0.02,7,0.966824644549763,False,
bellevue_116th_ne12th,A7,401,2122586996,805367820,422,4,8,4,2,1,0.005,2,1,False,
bellevue_116th_ne12th,A9,401,2122586996,805367820,422,4,8,4,5,4,0.02,7,0.966824644549763,False,
bellevue_116th_ne12th,A5,402,1342758776,435088600,935,3,4,4,4,4,0.0025,10,1,False,
bellevue_116th_ne12th,A6,402,1342758776,435088600,935,3,4,4,4,4,0.0025,10,1,False,
bellevue_116th_ne12th,A7,402,1342758776,435088600,935,3,4,4,1,2,0.005,2,1,False,
bellevue_116th_ne12th,A9,402,1342758776,435088600,935,3,4,4,4,4,0.0025,10,1,False,
bellevue_116th_ne12th,A5,403,1634728966,1549022590,444,3,4,4,4,4,0.005,8,0.995495495495496,False,
bellevue_116th_ne12th,A6,403,1634728966,1549022590,444,3,4,4,4,4,0.005,8,0.995495495495496,False,
bellevue_116th_ne12th,A7,403,1634728966,1549022590,444,3,4,4,2,2,0.005,3,0.997747747747748,False,
bellevue_116th_ne12th,A9,403,1634728966,1549022590,444,3,4,4,4,4,0.005,8,0.995495495495496,False,
bellevue_116th_ne12th,A5,404,2139582766,344828897,656,4,4,4,4,4,0.0025,10,1,False,
bellevue_116th_ne12th,A6,404,2139582766,344828897,656,4,4,4,4,4,0.0025,10,1,False,
bellevue_116th_ne12th,A7,404,2139582766,344828897,656,4,4,4,1,2,0.005,2,1,False,
bellevue_116th_ne12th,A9,404,2139582766,344828897,656,4,4,4,4,4,0.0025,10,1,False,
bellevue_116th_ne12th,A5,405,1287811318,1678391911,250,3,4,4,4,4,0.001,10,1,False,
bellevue_116th_ne12th,A6,405,1287811318,1678391911,250,3,4,4,4,4,0.001,10,1,False,
bellevue_116th_ne12th,A7,405,1287811318,1678391911,250,3,4,4,2,2,0.005,4,1,False,
bellevue_116th_ne12th,A9,405,1287811318,1678391911,250,3,4,4,4,4,0.001,10,1,False,
bellevue_116th_ne12th,A5,406,937922205,508085742,688,4,4,4,4,4,0.001,10,1,False,
bellevue_116th_ne12th,A6,406,937922205,508085742,688,4,4,4,4,4,0.001,10,1,False,
bellevue_116th_ne12th,A7,406,937922205,508085742,688,4,4,4,2,2,0.005,4,1,False,
bellevue_116th_ne12th,A9,406,937922205,508085742,688,4,4,4,4,4,0.001,10,1,False,
bellevue_116th_ne12th,A5,407,1343226685,2095047807,691,4,4,4,4,4,0.0025,10,1,False,
bellevue_116th_ne12th,A6,407,1343226685,2095047807,691,4,4,4,4,4,0.0025,10,1,False,
bellevue_116th_ne12th,A7,407,1343226685,2095047807,691,4,4,4,2,1,0.005,2,1,False,
bellevue_116th_ne12th,A9,407,1343226685,2095047807,691,4,4,4,4,4,0.0025,10,1,False,
bellevue_116th_ne12th,A5,408,755239836,839884939,1177,3,4,4,4,4,0.0025,10,1,False,
bellevue_116th_ne12th,A6,408,755239836,839884939,1177,3,4,4,4,4,0.0025,10,1,False,
bellevue_116th_ne12th,A7,408,755239836,839884939,1177,3,4,4,2,2,0.005,4,1,False,
bellevue_116th_ne12th,A9,408,755239836,839884939,1177,3,4,4,4,4,0.0025,10,1,False,
bellevue_116th_ne12th,A5,409,1627988770,1933718822,546,2,4,4,4,4,0.001,8,1,False,
bellevue_116th_ne12th,A6,409,1627988770,1933718822,546,2,4,4,4,4,0.001,8,1,False,
bellevue_116th_ne12th,A7,409,1627988770,1933718822,546,2,4,4,2,2,0.005,4,1,False,
bellevue_116th_ne12th,A9,409,1627988770,1933718822,546,2,4,4,4,4,0.001,8,1,False,
bellevue_116th_ne12th,A5,410,1987225293,1554044897,1443,3,4,4,4,4,0.0025,10,1,False,
bellevue_116th_ne12th,A6,410,1987225293,1554044897,1443,3,4,4,4,4,0.0025,10,1,False,
bellevue_116th_ne12th,A7,410,1987225293,1554044897,1443,3,4,4,1,2,0.005,2,1,False,
bellevue_116th_ne12th,A9,410,1987225293,1554044897,1443,3,4,4,4,4,0.0025,10,1,False,
bellevue_116th_ne12th,A5,411,1319752372,1382161054,454,3,7,4,5,4,0.001,14,1,False,
bellevue_116th_ne12th,A6,411,1319752372,1382161054,454,3,7,4,5,4,0.001,14,1,False,
bellevue_116th_ne12th,A7,411,1319752372,1382161054,454,3,7,4,2,1,0.005,2,1,False,
bellevue_116th_ne12th,A9,411,1319752372,1382161054,454,3,7,4,5,4,0.001,14,1,False,
bellevue_116th_ne12th,A5,412,239066979,367070087,777,4,4,4,4,4,0.0025,10,1,False,
bellevue_116th_ne12th,A6,412,239066979,367070087,777,4,4,4,4,4,0.0025,10,1,False,
bellevue_116th_ne12th,A7,412,239066979,367070087,777,4,4,4,1,1,0.005,1,1,False,
bellevue_116th_ne12th,A9,412,239066979,367070087,777,4,4,4,4,4,0.0025,10,1,False,
bellevue_116th_ne12th,A5,413,470232099,1784131405,1110,4,4,4,4,4,0.001,10,1,False,
bellevue_116th_ne12th,A6,413,470232099,1784131405,1110,4,4,4,4,4,0.001,10,1,False,
bellevue_116th_ne12th,A7,413,470232099,1784131405,1110,4,4,4,1,2,0.005,2,1,False,
bellevue_116th_ne12th,A9,413,470232099,1784131405,1110,4,4,4,4,4,0.001,10,1,False,
bellevue_116th_ne12th,A5,414,456902009,964834073,777,4,4,4,4,4,0.005,10,1,False,
bellevue_116th_ne12th,A6,414,456902009,964834073,777,4,4,4,4,4,0.005,10,1,False,
bellevue_116th_ne12th,A7,414,456902009,964834073,777,4,4,4,1,2,0.005,2,1,False,
bellevue_116th_ne12th,A9,414,456902009,964834073,777,4,4,4,4,4,0.005,10,1,False,
bellevue_116th_ne12th,A5,415,147949092,991440373,1376,3,4,4,4,4,0.0025,10,1,False,
bellevue_116th_ne12th,A6,415,147949092,991440373,1376,3,4,4,4,4,0.0025,10,1,False,
bellevue_116th_ne12th,A7,415,147949092,991440373,1376,3,4,4,2,2,0.005,4,1,False,
bellevue_116th_ne12th,A9,415,147949092,991440373,1376,3,4,4,4,4,0.0025,10,1,False,
bellevue_116th_ne12th,A5,416,383121432,567680970,825,3,4,4,4,4,0.001,10,1,False,
bellevue_116th_ne12th,A6,416,383121432,567680970,825,3,4,4,4,4,0.001,10,1,False,
bellevue_116th_ne12th,A7,416,383121432,567680970,825,3,4,4,1,1,0.005,1,1,False,
bellevue_116th_ne12th,A9,416,383121432,567680970,825,3,4,4,4,4,0.001,10,1,False,
bellevue_116th_ne12th,A5,417,580373045,2075782155,602,4,4,4,4,4,0.0025,10,1,False,
bellevue_116th_ne12th,A6,417,580373045,2075782155,602,4,4,4,4,4,0.0025,10,1,False,
bellevue_116th_ne12th,A7,417,580373045,2075782155,602,4,4,4,1,2,0.005,2,1,False,
bellevue_116th_ne12th,A9,417,580373045,2075782155,602,4,4,4,4,4,0.0025,10,1,False,
bellevue_116th_ne12th,A5,418,742222766,1490729719,774,3,4,4,4,4,0.0025,10,1,False,
bellevue_116th_ne12th,A6,418,742222766,1490729719,774,3,4,4,4,4,0.0025,10,1,False,
bellevue_116th_ne12th,A7,418,742222766,1490729719,774,3,4,4,1,2,0.005,2,1,False,
bellevue_116th_ne12th,A9,418,742222766,1490729719,774,3,4,4,4,4,0.0025,10,1,False,
bellevue_116th_ne12th,A5,419,781207929,1564568262,355,3,8,5,5,5,0.0025,13,1,False,
bellevue_116th_ne12th,A6,419,781207929,1564568262,355,3,8,5,5,5,0.0025,13,1,False,
bellevue_116th_ne12th,A7,419,781207929,1564568262,355,3,8,5,1,2,0.005,2,1,False,
bellevue_116th_ne12th,A9,419,781207929,1564568262,355,3,8,5,5,5,0.0025,13,1,False,
bellevue_116th_ne12th,A5,420,397511026,2141854095,688,4,4,4,4,4,0.001,10,1,False,
bellevue_116th_ne12th,A6,420,397511026,2141854095,688,4,4,4,4,4,0.001,10,1,False,
bellevue_116th_ne12th,A7,420,397511026,2141854095,688,4,4,4,1,1,0.005,1,1,False,
bellevue_116th_ne12th,A9,420,397511026,2141854095,688,4,4,4,4,4,0.001,10,1,False,
bellevue_116th_ne12th,A5,421,1043752273,2044407858,215,3,4,4,4,4,0.001,9,1,False,
bellevue_116th_ne12th,A6,421,1043752273,2044407858,215,3,4,4,4,4,0.001,9,1,False,
bellevue_116th_ne12th,A7,421,1043752273,2044407858,215,3,4,4,2,1,0.005,2,1,False,
bellevue_116th_ne12th,A9,421,1043752273,2044407858,215,3,4,4,4,4,0.001,9,1,False,
bellevue_116th_ne12th,A5,422,931595296,204071966,524,3,7,4,6,4,0.0025,12,0.998091603053435,False,
bellevue_116th_ne12th,A6,422,931595296,204071966,524,3,7,4,6,4,0.0025,12,0.998091603053435,False,
bellevue_116th_ne12th,A7,422,931595296,204071966,524,3,7,4,2,2,0.005,4,1,False,
bellevue_116th_ne12th,A9,422,931595296,204071966,524,3,7,4,6,4,0.0025,12,0.998091603053435,False,
bellevue_116th_ne12th,A5,423,2101166355,491681379,637,4,4,4,4,4,0.001,10,1,False,
bellevue_116th_ne12th,A6,423,2101166355,491681379,637,4,4,4,4,4,0.001,10,1,False,
bellevue_116th_ne12th,A7,423,2101166355,491681379,637,4,4,4,1,1,0.005,1,1,False,
bellevue_116th_ne12th,A9,423,2101166355,491681379,637,4,4,4,4,4,0.001,10,1,False,
bellevue_116th_ne12th,A5,424,1021742249,1474525702,371,3,4,4,4,4,0.001,10,1,False,
bellevue_116th_ne12th,A6,424,1021742249,1474525702,371,3,4,4,4,4,0.001,10,1,False,
bellevue_116th_ne12th,A7,424,1021742249,1474525702,371,3,4,4,2,2,0.005,4,1,False,
bellevue_116th_ne12th,A9,424,1021742249,1474525702,371,3,4,4,4,4,0.001,10,1,False,
bellevue_116th_ne12th,A5,425,1968607244,1237956760,876,3,4,4,4,4,0.0025,10,1,False,
bellevue_116th_ne12th,A6,425,1968607244,1237956760,876,3,4,4,4,4,0.0025,10,1,False,
bellevue_116th_ne12th,A7,425,1968607244,1237956760,876,3,4,4,1,1,0.005,1,1,False,
bellevue_116th_ne12th,A9,425,1968607244,1237956760,876,3,4,4,4,4,0.0025,10,1,False,
bellevue_116th_ne12th,A5,426,1672135903,971561031,825,3,4,4,4,4,0.001,10,1,False,
bellevue_116th_ne12th,A6,426,1672135903,971561031,825,3,4,4,4,4,0.001,10,1,False,
bellevue_116th_ne12th,A7,426,1672135903,971561031,825,3,4,4,2,2,0.005,4,1,False,
bellevue_116th_ne12th,A9,426,1672135903,971561031,825,3,4,4,4,4,0.001,10,1,False,
bellevue_116th_ne12th,A5,427,1954940142,665558830,634,3,4,4,4,4,0.0025,10,1,False,
bellevue_116th_ne12th,A6,427,1954940142,665558830,634,3,4,4,4,4,0.0025,10,1,False,
bellevue_116th_ne12th,A7,427,1954940142,665558830,634,3,4,4,2,1,0.005,2,1,False,
bellevue_116th_ne12th,A9,427,1954940142,665558830,634,3,4,4,4,4,0.0025,10,1,False,
bellevue_116th_ne12th,A5,428,1703738011,1071466594,543,3,8,4,6,4,0.001,15,1,False,
bellevue_116th_ne12th,A6,428,1703738011,1071466594,543,3,8,4,6,4,0.001,15,1,False,
bellevue_116th_ne12th,A7,428,1703738011,1071466594,543,3,8,4,1,1,0.005,1,1,False,
bellevue_116th_ne12th,A9,428,1703738011,1071466594,543,3,8,4,6,4,0.001,15,1,False,
bellevue_116th_ne12th,A5,429,230215935,2013988763,790,4,4,4,4,4,0.0025,10,1,False,
bellevue_116th_ne12th,A6,429,230215935,2013988763,790,4,4,4,4,4,0.0025,10,1,False,
bellevue_116th_ne12th,A7,429,230215935,2013988763,790,4,4,4,1,1,0.005,1,1,False,
bellevue_116th_ne12th,A9,429,230215935,2013988763,790,4,4,4,4,4,0.0025,10,1,False,
bellevue_116th_ne12th,A5,430,84423548,256191775,489,3,8,4,5,4,0.001,13,1,False,
bellevue_116th_ne12th,A6,430,84423548,256191775,489,3,8,4,5,4,0.001,13,1,False,
bellevue_116th_ne12th,A7,430,84423548,256191775,489,3,8,4,2,1,0.005,2,1,False,
bellevue_116th_ne12th,A9,430,84423548,256191775,489,3,8,4,5,4,0.001,13,1,False,
bellevue_116th_ne12th,A5,431,1155484062,137502036,301,3,7,4,4,4,0.001,10,1,False,
bellevue_116th_ne12th,A6,431,1155484062,137502036,301,3,7,4,4,4,0.001,10,1,False,
bellevue_116th_ne12th,A7,431,1155484062,137502036,301,3,7,4,1,1,0.005,1,1,False,
bellevue_116th_ne12th,A9,431,1155484062,137502036,301,3,7,4,4,4,0.001,10,1,False,
bellevue_116th_ne12th,A5,432,1639085992,856672108,489,3,4,4,4,4,0.001,10,1,False,
bellevue_116th_ne12th,A6,432,1639085992,856672108,489,3,4,4,4,4,0.001,10,1,False,
bellevue_116th_ne12th,A7,432,1639085992,856672108,489,3,4,4,2,1,0.005,2,1,False,
bellevue_116th_ne12th,A9,432,1639085992,856672108,489,3,4,4,4,4,0.001,10,1,False,
bellevue_116th_ne12th,A5,433,1607393540,2057765400,602,4,4,4,4,4,0.001,10,1,False,
bellevue_116th_ne12th,A6,433,1607393540,2057765400,602,4,4,4,4,4,0.001,10,1,False,
bellevue_116th_ne12th,A7,433,1607393540,2057765400,602,4,4,4,2,1,0.005,2,1,False,
bellevue_116th_ne12th,A9,433,1607393540,2057765400,602,4,4,4,4,4,0.001,10,1,False,
bellevue_116th_ne12th,A5,434,637817944,2019348337,911,3,4,4,4,4,0.001,10,1,False,
bellevue_116th_ne12th,A6,434,637817944,2019348337,911,3,4,4,4,4,0.001,10,1,False,
bellevue_116th_ne12th,A7,434,637817944,2019348337,911,3,4,4,1,2,0.005,2,1,False,
bellevue_116th_ne12th,A9,434,637817944,2019348337,911,3,4,4,4,4,0.001,10,1,False,
bellevue_116th_ne12th,A5,435,1763407018,1479826362,790,4,4,4,4,4,0.0025,10,1,False,
bellevue_116th_ne12th,A6,435,1763407018,1479826362,790,4,4,4,4,4,0.0025,10,1,False,
bellevue_116th_ne12th,A7,435,1763407018,1479826362,790,4,4,4,1,1,0.005,1,1,False,
bellevue_116th_ne12th,A9,435,1763407018,1479826362,790,4,4,4,4,4,0.0025,10,1,False,
bellevue_116th_ne12th,A5,436,489946668,1045022556,1021,3,4,4,4,4,0.001,10,1,False,
bellevue_116th_ne12th,A6,436,489946668,1045022556,1021,3,4,4,4,4,0.001,10,1,False,
bellevue_116th_ne12th,A7,436,489946668,1045022556,1021,3,4,4,1,1,0.005,1,1,False,
bellevue_116th_ne12th,A9,436,489946668,1045022556,1021,3,4,4,4,4,0.001,10,1,False,
bellevue_116th_ne12th,A5,437,266044236,1246756447,1145,3,4,4,4,4,0.0025,10,1,False,
bellevue_116th_ne12th,A6,437,266044236,1246756447,1145,3,4,4,4,4,0.0025,10,1,False,
bellevue_116th_ne12th,A7,437,266044236,1246756447,1145,3,4,4,2,2,0.005,4,1,False,
bellevue_116th_ne12th,A9,437,266044236,1246756447,1145,3,4,4,4,4,0.0025,10,1,False,
bellevue_116th_ne12th,A5,438,1654380502,161888058,637,4,4,4,4,4,0.005,9,0.998430141287284,False,
bellevue_116th_ne12th,A6,438,1654380502,161888058,637,4,4,4,4,4,0.005,9,0.998430141287284,False,
bellevue_116th_ne12th,A7,438,1654380502,161888058,637,4,4,4,2,2,0.005,4,1,False,
bellevue_116th_ne12th,A9,438,1654380502,161888058,637,4,4,4,4,4,0.005,9,0.998430141287284,False,
bellevue_116th_ne12th,A5,439,2049238022,38328584,250,3,4,4,4,4,0.001,8,1,False,
bellevue_116th_ne12th,A6,439,2049238022,38328584,250,3,4,4,4,4,0.001,8,1,False,
bellevue_116th_ne12th,A7,439,2049238022,38328584,250,3,4,4,3,2,0.005,5,1,False,
bellevue_116th_ne12th,A9,439,2049238022,38328584,250,3,4,4,4,4,0.001,8,1,False,
bellevue_116th_ne12th,A5,440,1461794267,884119111,422,4,7,4,6,4,0.0025,12,1,False,
bellevue_116th_ne12th,A6,440,1461794267,884119111,422,4,7,4,6,4,0.0025,12,1,False,
bellevue_116th_ne12th,A7,440,1461794267,884119111,422,4,7,4,2,1,0.005,2,1,False,
bellevue_116th_ne12th,A9,440,1461794267,884119111,422,4,7,4,6,4,0.0025,12,1,False,
bellevue_116th_ne12th,A5,441,381518862,1825076031,841,3,4,4,4,4,0.0025,10,1,False,
bellevue_116th_ne12th,A6,441,381518862,1825076031,841,3,4,4,4,4,0.0025,10,1,False,
bellevue_116th_ne12th,A7,441,381518862,1825076031,841,3,4,4,1,1,0.005,1,1,False,
bellevue_116th_ne12th,A9,441,381518862,1825076031,841,3,4,4,4,4,0.0025,10,1,False,
bellevue_116th_ne12th,A5,442,1087730234,144909758,355,3,8,4,6,4,0.0025,12,1,False,
bellevue_116th_ne12th,A6,442,1087730234,144909758,355,3,8,4,6,4,0.0025,12,1,False,
bellevue_116th_ne12th,A7,442,1087730234,144909758,355,3,8,4,2,2,0.005,4,1,False,
bellevue_116th_ne12th,A9,442,1087730234,144909758,355,3,8,4,6,4,0.0025,12,1,False,
bellevue_116th_ne12th,A5,443,743906653,727109060,1024,4,4,4,4,4,0.0025,10,1,False,
bellevue_116th_ne12th,A6,443,743906653,727109060,1024,4,4,4,4,4,0.0025,10,1,False,
bellevue_116th_ne12th,A7,443,743906653,727109060,1024,4,4,4,1,1,0.005,1,1,False,
bellevue_116th_ne12th,A9,443,743906653,727109060,1024,4,4,4,4,4,0.0025,10,1,False,
bellevue_116th_ne12th,A5,444,1074312500,646822780,790,4,4,4,4,4,0.0025,10,1,False,
bellevue_116th_ne12th,A6,444,1074312500,646822780,790,4,4,4,4,4,0.0025,10,1,False,
bellevue_116th_ne12th,A7,444,1074312500,646822780,790,4,4,4,1,2,0.005,2,1,False,
bellevue_116th_ne12th,A9,444,1074312500,646822780,790,4,4,4,4,4,0.0025,10,1,False,
bellevue_116th_ne12th,A5,445,724902493,651431287,570,3,4,4,4,4,0.0025,10,1,False,
bellevue_116th_ne12th,A6,445,724902493,651431287,570,3,4,4,4,4,0.0025,10,1,False,
bellevue_116th_ne12th,A7,445,724902493,651431287,570,3,4,4,2,2,0.005,4,1,False,
bellevue_116th_ne12th,A9,445,724902493,651431287,570,3,4,4,4,4,0.0025,10,1,False,
bellevue_116th_ne12th,A5,446,1366895916,482037712,371,3,4,4,4,4,0.0025,9,1,False,
bellevue_116th_ne12th,A6,446,1366895916,482037712,371,3,4,4,4,4,0.0025,9,1,False,
bellevue_116th_ne12th,A7,446,1366895916,482037712,371,3,4,4,2,2,0.005,4,1,False,
bellevue_116th_ne12th,A9,446,1366895916,482037712,371,3,4,4,4,4,0.0025,9,1,False,
bellevue_116th_ne12th,A5,447,1353581943,583418107,1107,2,4,4,4,4,0.001,10,1,False,
bellevue_116th_ne12th,A6,447,1353581943,583418107,1107,2,4,4,4,4,0.001,10,1,False,
bellevue_116th_ne12th,A7,447,1353581943,583418107,1107,2,4,4,1,2,0.005,2,1,False,
bellevue_116th_ne12th,A9,447,1353581943,583418107,1107,2,4,4,4,4,0.001,10,1,False,
bellevue_116th_ne12th,A5,448,120331941,916126016,1322,3,4,4,4,4,0.001,10,1,False,
bellevue_116th_ne12th,A6,448,120331941,916126016,1322,3,4,4,4,4,0.001,10,1,False,
bellevue_116th_ne12th,A7,448,120331941,916126016,1322,3,4,4,2,2,0.005,4,1,False,
bellevue_116th_ne12th,A9,448,120331941,916126016,1322,3,4,4,4,4,0.001,10,1,False,
bellevue_116th_ne12th,A5,449,637028944,177777016,1177,3,4,4,4,4,0.0025,10,1,False,
bellevue_116th_ne12th,A6,449,637028944,177777016,1177,3,4,4,4,4,0.0025,10,1,False,
bellevue_116th_ne12th,A7,449,637028944,177777016,1177,3,4,4,1,2,0.005,2,1,False,
bellevue_116th_ne12th,A9,449,637028944,177777016,1177,3,4,4,4,4,0.0025,10,1,False,
bellevue_116th_ne12th,A5,450,106193829,63249946,301,3,7,4,5,4,0.001,10,1,False,
bellevue_116th_ne12th,A6,450,106193829,63249946,301,3,7,4,5,4,0.001,10,1,False,
bellevue_116th_ne12th,A7,450,106193829,63249946,301,3,7,4,1,1,0.005,1,1,False,
bellevue_116th_ne12th,A9,450,106193829,63249946,301,3,7,4,5,4,0.001,10,1,False,
bellevue_116th_ne12th,A5,451,1590688391,1990782784,691,4,4,4,4,4,0.001,10,1,False,
bellevue_116th_ne12th,A6,451,1590688391,1990782784,691,4,4,4,4,4,0.001,10,1,False,
bellevue_116th_ne12th,A7,451,1590688391,1990782784,691,4,4,4,2,1,0.005,2,1,False,
bellevue_116th_ne12th,A9,451,1590688391,1990782784,691,4,4,4,4,4,0.001,10,1,False,
bellevue_116th_ne12th,A5,452,1493848698,1067426471,755,4,4,4,4,4,0.001,10,1,False,
bellevue_116th_ne12th,A6,452,1493848698,1067426471,755,4,4,4,4,4,0.001,10,1,False,
bellevue_116th_ne12th,A7,452,1493848698,1067426471,755,4,4,4,1,1,0.005,1,1,False,
bellevue_116th_ne12th,A9,452,1493848698,1067426471,755,4,4,4,4,4,0.001,10,1,False,
bellevue_116th_ne12th,A5,453,1795275655,617306037,669,4,4,4,4,4,0.0025,10,1,False,
bellevue_116th_ne12th,A6,453,1795275655,617306037,669,4,4,4,4,4,0.0025,10,1,False,
bellevue_116th_ne12th,A7,453,1795275655,617306037,669,4,4,4,2,2,0.005,4,1,False,
bellevue_116th_ne12th,A9,453,1795275655,617306037,669,4,4,4,4,4,0.0025,10,1,False,
bellevue_116th_ne12th,A5,454,402852015,1872819863,723,5,4,4,4,4,0.001,10,1,False,
bellevue_116th_ne12th,A6,454,402852015,1872819863,723,5,4,4,4,4,0.001,10,1,False,
bellevue_116th_ne12th,A7,454,402852015,1872819863,723,5,4,4,1,2,0.005,2,1,False,
bellevue_116th_ne12th,A9,454,402852015,1872819863,723,5,4,4,4,4,0.001,10,1,False,
bellevue_116th_ne12th,A5,455,1511447581,1610748208,454,3,7,4,5,4,0.001,12,1,False,
bellevue_116th_ne12th,A6,455,1511447581,1610748208,454,3,7,4,5,4,0.001,12,1,False,
bellevue_116th_ne12th,A7,455,1511447581,1610748208,454,3,7,4,1,2,0.005,2,1,False,
bellevue_116th_ne12th,A9,455,1511447581,1610748208,454,3,7,4,5,4,0.001,12,1,False,
bellevue_116th_ne12th,A5,456,682760226,230332513,841,3,8,4,5,4,0.005,10,0.997621878715815,False,
bellevue_116th_ne12th,A6,456,682760226,230332513,841,3,8,4,5,4,0.005,10,0.997621878715815,False,
bellevue_116th_ne12th,A7,456,682760226,230332513,841,3,8,4,2,1,0.005,2,1,False,
bellevue_116th_ne12th,A9,456,682760226,230332513,841,3,8,4,5,4,0.005,10,0.997621878715815,False,
bellevue_116th_ne12th,A5,457,1127411172,1319566832,548,3,4,4,4,4,0.005,10,1,False,
bellevue_116th_ne12th,A6,457,1127411172,1319566832,548,3,4,4,4,4,0.005,10,1,False,
bellevue_116th_ne12th,A7,457,1127411172,1319566832,548,3,4,4,1,1,0.005,1,1,False,
bellevue_116th_ne12th,A9,457,1127411172,1319566832,548,3,4,4,4,4,0.005,10,1,False,
bellevue_116th_ne12th,A5,458,988307609,594179653,1744,2,4,4,4,4,0.0025,10,1,False,
bellevue_116th_ne12th,A6,458,988307609,594179653,1744,2,4,4,4,4,0.0025,10,1,False,
bellevue_116th_ne12th,A7,458,988307609,594179653,1744,2,4,4,2,2,0.005,4,1,False,
bellevue_116th_ne12th,A9,458,988307609,594179653,1744,2,4,4,4,4,0.0025,10,1,False,
bellevue_116th_ne12th,A5,459,255091397,2019796340,336,4,4,4,4,4,0.001,10,1,False,
bellevue_116th_ne12th,A6,459,255091397,2019796340,336,4,4,4,4,4,0.001,10,1,False,
bellevue_116th_ne12th,A7,459,255091397,2019796340,336,4,4,4,2,1,0.005,2,1,False,
bellevue_116th_ne12th,A9,459,255091397,2019796340,336,4,4,4,4,4,0.001,10,1,False,
bellevue_116th_ne12th,A5,460,162503813,689133804,476,3,7,4,6,4,0.0025,11,1,False,
bellevue_116th_ne12th,A6,460,162503813,689133804,476,3,7,4,6,4,0.0025,11,1,False,
bellevue_116th_ne12th,A7,460,162503813,689133804,476,3,7,4,2,1,0.005,2,1,False,
bellevue_116th_ne12th,A9,460,162503813,689133804,476,3,7,4,6,4,0.0025,11,1,False,
bellevue_116th_ne12th,A5,461,622571640,1935346911,441,2,8,4,6,4,0.02,8,0.975056689342404,False,
bellevue_116th_ne12th,A6,461,622571640,1935346911,441,2,8,4,6,4,0.02,8,0.975056689342404,False,
bellevue_116th_ne12th,A7,461,622571640,1935346911,441,2,8,4,2,2,0.005,4,1,False,
bellevue_116th_ne12th,A9,461,622571640,1935346911,441,2,8,4,6,4,0.02,8,0.975056689342404,False,
bellevue_116th_ne12th,A5,462,2125217877,392456937,1212,2,4,4,4,4,0.0025,10,1,False,
bellevue_116th_ne12th,A6,462,2125217877,392456937,1212,2,4,4,4,4,0.0025,10,1,False,
bellevue_116th_ne12th,A7,462,2125217877,392456937,1212,2,4,4,1,2,0.005,2,1,False,
bellevue_116th_ne12th,A9,462,2125217877,392456937,1212,2,4,4,4,4,0.0025,10,1,False,
bellevue_116th_ne12th,A5,463,1296379565,619919717,548,3,4,4,4,4,0.005,10,1,False,
bellevue_116th_ne12th,A6,463,1296379565,619919717,548,3,4,4,4,4,0.005,10,1,False,
bellevue_116th_ne12th,A7,463,1296379565,619919717,548,3,4,4,1,2,0.005,2,1,False,
bellevue_116th_ne12th,A9,463,1296379565,619919717,548,3,4,4,4,4,0.005,10,1,False,
bellevue_116th_ne12th,A5,464,610318810,449522443,723,5,4,4,4,4,0.0025,10,1,False,
bellevue_116th_ne12th,A6,464,610318810,449522443,723,5,4,4,4,4,0.0025,10,1,False,
bellevue_116th_ne12th,A7,464,610318810,449522443,723,5,4,4,2,2,0.005,4,1,False,
bellevue_116th_ne12th,A9,464,610318810,449522443,723,5,4,4,4,4,0.0025,10,1,False,
bellevue_116th_ne12th,A5,465,1446662359,1600041551,844,4,4,4,4,4,0.001,10,1,False,
bellevue_116th_ne12th,A6,465,1446662359,1600041551,844,4,4,4,4,4,0.001,10,1,False,
bellevue_116th_ne12th,A7,465,1446662359,1600041551,844,4,4,4,2,2,0.005,4,1,False,
bellevue_116th_ne12th,A9,465,1446662359,1600041551,844,4,4,4,4,4,0.001,10,1,False,
bellevue_116th_ne12th,A5,466,1990627931,375147104,1443,3,4,4,4,4,0.0025,10,1,False,
bellevue_116th_ne12th,A6,466,1990627931,375147104,1443,3,4,4,4,4,0.0025,10,1,False,
bellevue_116th_ne12th,A7,466,1990627931,375147104,1443,3,4,4,1,2,0.005,2,1,False,
bellevue_116th_ne12th,A9,466,1990627931,375147104,1443,3,4,4,4,4,0.0025,10,1,False,
bellevue_116th_ne12th,A5,467,1380870358,1665120692,723,5,4,4,4,4,0.001,10,1,False,
bellevue_116th_ne12th,A6,467,1380870358,1665120692,723,5,4,4,4,4,0.001,10,1,False,
bellevue_116th_ne12th,A7,467,1380870358,1665120692,723,5,4,4,2,2,0.005,4,1,False,
bellevue_116th_ne12th,A9,467,1380870358,1665120692,723,5,4,4,4,4,0.001,10,1,False,
bellevue_116th_ne12th,A5,468,922166785,1180210190,634,3,4,4,4,4,0.0025,10,1,False,
bellevue_116th_ne12th,A6,468,922166785,1180210190,634,3,4,4,4,4,0.0025,10,1,False,
bellevue_116th_ne12th,A7,468,922166785,1180210190,634,3,4,4,1,2,0.005,2,1,False,
bellevue_116th_ne12th,A9,468,922166785,1180210190,634,3,4,4,4,4,0.0025,10,1,False,
bellevue_116th_ne12th,A5,469,2011993779,502628699,1322,3,4,4,4,4,0.0025,10,1,False,
bellevue_116th_ne12th,A6,469,2011993779,502628699,1322,3,4,4,4,4,0.0025,10,1,False,
bellevue_116th_ne12th,A7,469,2011993779,502628699,1322,3,4,4,2,2,0.005,4,1,False,
bellevue_116th_ne12th,A9,469,2011993779,502628699,1322,3,4,4,4,4,0.0025,10,1,False,
bellevue_116th_ne12th,A5,470,1073833558,277386671,777,4,4,4,4,4,0.001,10,1,False,
bellevue_116th_ne12th,A6,470,1073833558,277386671,777,4,4,4,4,4,0.001,10,1,False,
bellevue_116th_ne12th,A7,470,1073833558,277386671,777,4,4,4,1,2,0.005,2,1,False,
bellevue_116th_ne12th,A9,470,1073833558,277386671,777,4,4,4,4,4,0.001,10,1,False,
bellevue_116th_ne12th,A5,471,1657718168,903188544,1110,4,4,4,4,4,0.0025,10,1,False,
bellevue_116th_ne12th,A6,471,1657718168,903188544,1110,4,4,4,4,4,0.0025,10,1,False,
bellevue_116th_ne12th,A7,471,1657718168,903188544,1110,4,4,4,1,2,0.005,2,1,False,
bellevue_116th_ne12th,A9,471,1657718168,903188544,1110,4,4,4,4,4,0.0025,10,1,False,
bellevue_116th_ne12th,A5,472,1320684673,107304453,723,5,4,4,4,4,0.0025,10,1,False,
bellevue_116th_ne12th,A6,472,1320684673,107304453,723,5,4,4,4,4,0.0025,10,1,False,
bellevue_116th_ne12th,A7,472,1320684673,107304453,723,5,4,4,1,2,0.005,2,1,False,
bellevue_116th_ne12th,A9,472,1320684673,107304453,723,5,4,4,4,4,0.0025,10,1,False,
bellevue_116th_ne12th,A5,473,133103875,1081271195,508,3,8,4,7,4,0.001,15,1,False,
bellevue_116th_ne12th,A6,473,133103875,1081271195,508,3,8,4,7,4,0.001,15,1,False,
bellevue_116th_ne12th,A7,473,133103875,1081271195,508,3,8,4,2,1,0.005,2,1,False,
bellevue_116th_ne12th,A9,473,133103875,1081271195,508,3,8,4,7,4,0.001,15,1,False,
bellevue_116th_ne12th,A5,474,1698544166,111715904,723,5,4,4,4,4,0.0025,10,1,False,
bellevue_116th_ne12th,A6,474,1698544166,111715904,723,5,4,4,4,4,0.0025,10,1,False,
bellevue_116th_ne12th,A7,474,1698544166,111715904,723,5,4,4,1,1,0.005,1,1,False,
bellevue_116th_ne12th,A9,474,1698544166,111715904,723,5,4,4,4,4,0.0025,10,1,False,
bellevue_116th_ne12th,A5,475,2001746983,1697214863,758,4,4,4,4,4,0.0025,10,1,False,
bellevue_116th_ne12th,A6,475,2001746983,1697214863,758,4,4,4,4,4,0.0025,10,1,False,
bellevue_116th_ne12th,A7,475,2001746983,1697214863,758,4,4,4,2,2,0.005,4,1,False,
bellevue_116th_ne12th,A9,475,2001746983,1697214863,758,4,4,4,4,4,0.0025,10,1,False,
bellevue_116th_ne12th,A5,476,1712984043,1941959068,457,4,4,4,4,4,0.005,7,0.993435448577681,False,
bellevue_116th_ne12th,A6,476,1712984043,1941959068,457,4,4,4,4,4,0.005,7,0.993435448577681,False,
bellevue_116th_ne12th,A7,476,1712984043,1941959068,457,4,4,4,2,2,0.005,4,1,False,
bellevue_116th_ne12th,A9,476,1712984043,1941959068,457,4,4,4,4,4,0.005,7,0.993435448577681,False,
bellevue_116th_ne12th,A5,477,1025907550,958191920,755,4,4,4,4,4,0.0025,10,1,False,
bellevue_116th_ne12th,A6,477,1025907550,958191920,755,4,4,4,4,4,0.0025,10,1,False,
bellevue_116th_ne12th,A7,477,1025907550,958191920,755,4,4,4,1,1,0.005,1,1,False,
bellevue_116th_ne12th,A9,477,1025907550,958191920,755,4,4,4,4,4,0.0025,10,1,False,
bellevue_116th_ne12th,A5,478,1827396686,1513369164,1024,4,4,4,4,4,0.0025,10,1,False,
bellevue_116th_ne12th,A6,478,1827396686,1513369164,1024,4,4,4,4,4,0.0025,10,1,False,
bellevue_116th_ne12th,A7,478,1827396686,1513369164,1024,4,4,4,1,2,0.005,2,1,False,
bellevue_116th_ne12th,A9,478,1827396686,1513369164,1024,4,4,4,4,4,0.0025,10,1,False,
bellevue_116th_ne12th,A5,479,595762656,1073546704,911,3,4,4,4,4,0.0025,10,1,False,
bellevue_116th_ne12th,A6,479,595762656,1073546704,911,3,4,4,4,4,0.0025,10,1,False,
bellevue_116th_ne12th,A7,479,595762656,1073546704,911,3,4,4,1,1,0.005,1,1,False,
bellevue_116th_ne12th,A9,479,595762656,1073546704,911,3,4,4,4,4,0.0025,10,1,False,
bellevue_116th_ne12th,A5,480,1355406161,111104429,989,4,4,4,4,4,0.0025,10,1,False,
bellevue_116th_ne12th,A6,480,1355406161,111104429,989,4,4,4,4,4,0.0025,10,1,False,
bellevue_116th_ne12th,A7,480,1355406161,111104429,989,4,4,4,2,2,0.005,4,1,False,
bellevue_116th_ne12th,A9,480,1355406161,111104429,989,4,4,4,4,4,0.0025,10,1,False,
bellevue_116th_ne12th,A5,481,438876835,629716807,742,3,4,4,4,4,0.001,10,1,False,
bellevue_116th_ne12th,A6,481,438876835,629716807,742,3,4,4,4,4,0.001,10,1,False,
bellevue_116th_ne12th,A7,481,438876835,629716807,742,3,4,4,1,1,0.005,1,1,False,
bellevue_116th_ne12th,A9,481,438876835,629716807,742,3,4,4,4,4,0.001,10,1,False,
bellevue_116th_ne12th,A5,482,1166930483,1153177633,237,2,4,4,4,4,0.0025,8,1,False,
bellevue_116th_ne12th,A6,482,1166930483,1153177633,237,2,4,4,4,4,0.0025,8,1,False,
bellevue_116th_ne12th,A7,482,1166930483,1153177633,237,2,4,4,3,3,0.0025,7,1,False,
bellevue_116th_ne12th,A9,482,1166930483,1153177633,237,2,4,4,4,4,0.0025,8,1,False,
bellevue_116th_ne12th,A5,483,1528447754,911684014,669,4,4,4,4,4,0.001,10,1,False,
bellevue_116th_ne12th,A6,483,1528447754,911684014,669,4,4,4,4,4,0.001,10,1,False,
bellevue_116th_ne12th,A7,483,1528447754,911684014,669,4,4,4,1,2,0.005,2,1,False,
bellevue_116th_ne12th,A9,483,1528447754,911684014,669,4,4,4,4,4,0.001,10,1,False,
bellevue_116th_ne12th,A5,484,725630887,224840256,1443,3,4,4,4,4,0.0025,10,1,False,
bellevue_116th_ne12th,A6,484,725630887,224840256,1443,3,4,4,4,4,0.0025,10,1,False,
bellevue_116th_ne12th,A7,484,725630887,224840256,1443,3,4,4,1,2,0.005,2,1,False,
bellevue_116th_ne12th,A9,484,725630887,224840256,1443,3,4,4,4,4,0.0025,10,1,False,
bellevue_116th_ne12th,A5,485,410936789,1148306423,355,3,8,4,7,4,0.001,13,1,False,
bellevue_116th_ne12th,A6,485,410936789,1148306423,355,3,8,4,7,4,0.001,13,1,False,
bellevue_116th_ne12th,A7,485,410936789,1148306423,355,3,8,4,2,2,0.005,4,1,False,
bellevue_116th_ne12th,A9,485,410936789,1148306423,355,3,8,4,7,4,0.001,13,1,False,
bellevue_116th_ne12th,A5,486,1135181989,1060797943,422,4,7,4,6,4,0.005,9,0.992890995260663,False,
bellevue_116th_ne12th,A6,486,1135181989,1060797943,422,4,7,4,6,4,0.005,9,0.992890995260663,False,
bellevue_116th_ne12th,A7,486,1135181989,1060797943,422,4,7,4,2,1,0.005,2,1,False,
bellevue_116th_ne12th,A9,486,1135181989,1060797943,422,4,7,4,6,4,0.005,9,0.992890995260663,False,
bellevue_116th_ne12th,A5,487,1866614953,1295410512,841,3,4,4,4,4,0.0025,10,1,False,
bellevue_116th_ne12th,A6,487,1866614953,1295410512,841,3,4,4,4,4,0.0025,10,1,False,
bellevue_116th_ne12th,A7,487,1866614953,1295410512,841,3,4,4,1,1,0.005,1,1,False,
bellevue_116th_ne12th,A9,487,1866614953,1295410512,841,3,4,4,4,4,0.0025,10,1,False,
bellevue_116th_ne12th,A5,488,1284859103,11300186,691,4,4,4,4,4,0.0025,10,1,False,
bellevue_116th_ne12th,A6,488,1284859103,11300186,691,4,4,4,4,4,0.0025,10,1,False,
bellevue_116th_ne12th,A7,488,1284859103,11300186,691,4,4,4,1,1,0.005,1,1,False,
bellevue_116th_ne12th,A9,488,1284859103,11300186,691,4,4,4,4,4,0.0025,10,1,False,
bellevue_116th_ne12th,A5,489,950386281,435338221,323,3,6,4,6,4,0.0025,11,1,False,
bellevue_116th_ne12th,A6,489,950386281,435338221,323,3,6,4,6,4,0.0025,11,1,False,
bellevue_116th_ne12th,A7,489,950386281,435338221,323,3,6,4,2,2,0.005,4,1,False,
bellevue_116th_ne12th,A9,489,950386281,435338221,323,3,6,4,6,4,0.0025,11,1,False,
bellevue_116th_ne12th,A5,490,2055087988,1301807506,1024,4,4,4,4,4,0.0025,10,1,False,
bellevue_116th_ne12th,A6,490,2055087988,1301807506,1024,4,4,4,4,4,0.0025,10,1,False,
bellevue_116th_ne12th,A7,490,2055087988,1301807506,1024,4,4,4,2,2,0.005,4,1,False,
bellevue_116th_ne12th,A9,490,2055087988,1301807506,1024,4,4,4,4,4,0.0025,10,1,False,
bellevue_116th_ne12th,A5,491,78739619,306125717,1078,3,4,4,4,4,0.0025,10,1,False,
bellevue_116th_ne12th,A6,491,78739619,306125717,1078,3,4,4,4,4,0.0025,10,1,False,
bellevue_116th_ne12th,A7,491,78739619,306125717,1078,3,4,4,2,1,0.005,2,1,False,
bellevue_116th_ne12th,A9,491,78739619,306125717,1078,3,4,4,4,4,0.0025,10,1,False,
bellevue_116th_ne12th,A5,492,1136248396,1681486311,809,4,4,4,4,4,0.0025,10,1,False,
bellevue_116th_ne12th,A6,492,1136248396,1681486311,809,4,4,4,4,4,0.0025,10,1,False,
bellevue_116th_ne12th,A7,492,1136248396,1681486311,809,4,4,4,2,2,0.005,4,1,False,
bellevue_116th_ne12th,A9,492,1136248396,1681486311,809,4,4,4,4,4,0.0025,10,1,False,
bellevue_116th_ne12th,A5,493,669365009,2106392002,1357,3,4,4,4,4,0.0025,10,1,False,
bellevue_116th_ne12th,A6,493,669365009,2106392002,1357,3,4,4,4,4,0.0025,10,1,False,
bellevue_116th_ne12th,A7,493,669365009,2106392002,1357,3,4,4,2,2,0.005,4,1,False,
bellevue_116th_ne12th,A9,493,669365009,2106392002,1357,3,4,4,4,4,0.0025,10,1,False,
bellevue_116th_ne12th,A5,494,52164797,1887726095,1212,2,4,4,4,4,0.0025,10,1,False,
bellevue_116th_ne12th,A6,494,52164797,1887726095,1212,2,4,4,4,4,0.0025,10,1,False,
bellevue_116th_ne12th,A7,494,52164797,1887726095,1212,2,4,4,2,2,0.005,4,1,False,
bellevue_116th_ne12th,A9,494,52164797,1887726095,1212,2,4,4,4,4,0.0025,10,1,False,
bellevue_116th_ne12th,A5,495,554352009,299982880,970,3,4,4,4,4,0.005,10,1,False,
bellevue_116th_ne12th,A6,495,554352009,299982880,970,3,4,4,4,4,0.005,10,1,False,
bellevue_116th_ne12th,A7,495,554352009,299982880,970,3,4,4,2,2,0.005,4,1,False,
bellevue_116th_ne12th,A9,495,554352009,299982880,970,3,4,4,4,4,0.005,10,1,False,
bellevue_116th_ne12th,A5,496,1226139872,1118902804,457,4,7,4,5,4,0.0025,10,0.99781181619256,False,
bellevue_116th_ne12th,A6,496,1226139872,1118902804,457,4,7,4,5,4,0.0025,10,0.99781181619256,False,
bellevue_116th_ne12th,A7,496,1226139872,1118902804,457,4,7,4,2,1,0.005,2,1,False,
bellevue_116th_ne12th,A9,496,1226139872,1118902804,457,4,7,4,5,4,0.0025,10,0.99781181619256,False,
bellevue_116th_ne12th,A5,497,1560471390,1172720857,390,4,7,4,6,4,0.001,14,1,False,
bellevue_116th_ne12th,A6,497,1560471390,1172720857,390,4,7,4,6,4,0.001,14,1,False,
bellevue_116th_ne12th,A7,497,1560471390,1172720857,390,4,7,4,2,2,0.005,4,1,False,
bellevue_116th_ne12th,A9,497,1560471390,1172720857,390,4,7,4,6,4,0.001,14,1,False,
bellevue_116th_ne12th,A5,498,220223132,1692563266,323,3,4,4,4,4,0.001,10,1,False,
bellevue_116th_ne12th,A6,498,220223132,1692563266,323,3,4,4,4,4,0.001,10,1,False,
bellevue_116th_ne12th,A7,498,220223132,1692563266,323,3,4,4,3,1,0.005,3,1,False,
bellevue_116th_ne12th,A9,498,220223132,1692563266,323,3,4,4,4,4,0.001,10,1,False,
bellevue_116th_ne12th,A5,499,784421656,338757035,390,4,8,4,6,4,0.001,12,1,False,
bellevue_116th_ne12th,A6,499,784421656,338757035,390,4,8,4,6,4,0.001,12,1,False,
bellevue_116th_ne12th,A7,499,784421656,338757035,390,4,8,4,2,2,0.005,4,1,False,
bellevue_116th_ne12th,A9,499,784421656,338757035,390,4,8,4,6,4,0.001,12,1,False,
bellevue_150th_newport,A5,0,501472987,725955374,2246,8,4,4,3,4,0.001,8,1,False,
bellevue_150th_newport,A6,0,501472987,725955374,2246,8,4,4,3,4,0.001,8,1,False,
bellevue_150th_newport,A7,0,501472987,725955374,2246,8,4,4,1,2,0.005,2,1,False,
bellevue_150th_newport,A9,0,501472987,725955374,2246,8,4,4,3,4,0.001,8,1,False,
bellevue_150th_newport,A5,1,1454779116,1215398185,3272,11,4,4,3,4,0.0025,8,1,False,
bellevue_150th_newport,A6,1,1454779116,1215398185,3272,11,4,4,3,4,0.0025,8,1,False,
bellevue_150th_newport,A7,1,1454779116,1215398185,3272,11,4,4,1,2,0.005,2,1,False,
bellevue_150th_newport,A9,1,1454779116,1215398185,3272,11,4,4,3,4,0.0025,8,1,False,
bellevue_150th_newport,A5,2,2101792982,159144386,4248,9,4,4,3,4,0.0025,8,1,False,
bellevue_150th_newport,A6,2,2101792982,159144386,4248,9,4,4,3,4,0.0025,8,1,False,
bellevue_150th_newport,A7,2,2101792982,159144386,4248,9,4,4,1,2,0.005,2,1,False,
bellevue_150th_newport,A9,2,2101792982,159144386,4248,9,4,4,3,4,0.0025,8,1,False,
bellevue_150th_newport,A5,3,1846098832,1365216213,1046,9,5,4,5,4,0.001,12,0.999043977055449,False,
bellevue_150th_newport,A6,3,1846098832,1365216213,1046,9,5,4,5,4,0.001,12,0.999043977055449,False,
bellevue_150th_newport,A7,3,1846098832,1365216213,1046,9,5,4,1,2,0.005,2,1,False,
bellevue_150th_newport,A9,3,1846098832,1365216213,1046,9,5,4,5,4,0.001,12,0.999043977055449,False,
bellevue_150th_newport,A5,4,62791652,1231899157,2219,10,5,4,4,4,0.005,10,0.994141505182515,False,
bellevue_150th_newport,A6,4,62791652,1231899157,2219,10,5,4,4,4,0.005,10,0.994141505182515,False,
bellevue_150th_newport,A7,4,62791652,1231899157,2219,10,5,4,1,1,0.005,1,1,False,
bellevue_150th_newport,A9,4,62791652,1231899157,2219,10,5,4,4,4,0.005,10,0.994141505182515,False,
bellevue_150th_newport,A5,5,1158829195,1237595558,2579,8,5,4,4,4,0.001,10,1,False,
bellevue_150th_newport,A6,5,1158829195,1237595558,2579,8,5,4,4,4,0.001,10,1,False,
bellevue_150th_newport,A7,5,1158829195,1237595558,2579,8,5,4,1,2,0.005,2,1,False,
bellevue_150th_newport,A9,5,1158829195,1237595558,2579,8,5,4,4,4,0.001,10,1,False,
bellevue_150th_newport,A5,6,1315669949,1576173951,1580,9,5,4,5,4,0.02,8,0.972151898734177,False,
bellevue_150th_newport,A6,6,1315669949,1576173951,1580,9,5,4,5,4,0.02,8,0.972151898734177,False,
bellevue_150th_newport,A7,6,1315669949,1576173951,1580,9,5,4,1,2,0.005,2,1,False,
bellevue_150th_newport,A9,6,1315669949,1576173951,1580,9,5,4,5,4,0.02,8,0.972151898734177,False,
bellevue_150th_newport,A5,7,328183400,295393170,2371,7,5,4,4,4,0.001,10,1,False,
bellevue_150th_newport,A6,7,328183400,295393170,2371,7,5,4,4,4,0.001,10,1,False,
bellevue_150th_newport,A7,7,328183400,295393170,2371,7,5,4,1,2,0.005,2,1,False,
bellevue_150th_newport,A9,7,328183400,295393170,2371,7,5,4,4,4,0.001,10,1,False,
bellevue_150th_newport,A5,8,1440426716,67397343,2707,9,4,4,4,4,0.0025,10,0.998891762098264,False,
bellevue_150th_newport,A6,8,1440426716,67397343,2707,9,4,4,4,4,0.0025,10,0.998891762098264,False,
bellevue_150th_newport,A7,8,1440426716,67397343,2707,9,4,4,1,2,0.005,2,1,False,
bellevue_150th_newport,A9,8,1440426716,67397343,2707,9,4,4,4,4,0.0025,10,0.998891762098264,False,
bellevue_150th_newport,A5,9,1864297917,2035305,3408,7,5,4,5,4,0.02,8,0.978286384976526,False,
bellevue_150th_newport,A6,9,1864297917,2035305,3408,7,5,4,5,4,0.02,8,0.978286384976526,False,
bellevue_150th_newport,A7,9,1864297917,2035305,3408,7,5,4,2,2,0.005,3,1,False,
bellevue_150th_newport,A9,9,1864297917,2035305,3408,7,5,4,5,4,0.02,8,0.978286384976526,False,
bellevue_150th_newport,A5,10,2120794130,1320147670,2404,9,5,4,3,3,0.001,8,0.999584026622296,False,
bellevue_150th_newport,A6,10,2120794130,1320147670,2404,9,5,4,3,3,0.001,8,0.999584026622296,False,
bellevue_150th_newport,A7,10,2120794130,1320147670,2404,9,5,4,1,1,0.005,1,1,False,
bellevue_150th_newport,A9,10,2120794130,1320147670,2404,9,5,4,3,3,0.001,8,0.999584026622296,False,
bellevue_150th_newport,A5,11,1740427649,448370059,1743,9,6,4,5,3,0.02,9,0.981640849110729,False,
bellevue_150th_newport,A6,11,1740427649,448370059,1743,9,6,4,5,3,0.02,9,0.981640849110729,False,
bellevue_150th_newport,A7,11,1740427649,448370059,1743,9,6,4,2,1,0.005,2,1,False,
bellevue_150th_newport,A9,11,1740427649,448370059,1743,9,6,4,5,3,0.02,9,0.981640849110729,False,
bellevue_150th_newport,A5,12,1984460670,1194352143,2686,9,4,4,3,4,0.0025,8,1,False,
bellevue_150th_newport,A6,12,1984460670,1194352143,2686,9,4,4,3,4,0.0025,8,1,False,
bellevue_150th_newport,A7,12,1984460670,1194352143,2686,9,4,4,1,2,0.005,2,1,False,
bellevue_150th_newport,A9,12,1984460670,1194352143,2686,9,4,4,3,4,0.0025,8,1,False,
bellevue_150th_newport,A5,13,129501879,1885560537,3046,8,4,4,3,4,0.001,8,1,False,
bellevue_150th_newport,A6,13,129501879,1885560537,3046,8,4,4,3,4,0.001,8,1,False,
bellevue_150th_newport,A7,13,129501879,1885560537,3046,8,4,4,1,2,0.005,2,1,False,
bellevue_150th_newport,A9,13,129501879,1885560537,3046,8,4,4,3,4,0.001,8,1,False,
bellevue_150th_newport,A5,14,819134698,1384185790,2601,10,4,4,4,4,0.02,7,0.971933871587851,False,
bellevue_150th_newport,A6,14,819134698,1384185790,2601,10,4,4,4,4,0.02,7,0.971933871587851,False,
bellevue_150th_newport,A7,14,819134698,1384185790,2601,10,4,4,1,2,0.005,2,1,False,
bellevue_150th_newport,A9,14,819134698,1384185790,2601,10,4,4,4,4,0.02,7,0.971933871587851,False,
bellevue_150th_newport,A5,15,2010154805,2057740621,2108,10,4,4,3,3,0.01,7,0.994781783681214,False,
bellevue_150th_newport,A6,15,2010154805,2057740621,2108,10,4,4,3,3,0.01,7,0.994781783681214,False,
bellevue_150th_newport,A7,15,2010154805,2057740621,2108,10,4,4,1,1,0.005,1,1,False,
bellevue_150th_newport,A9,15,2010154805,2057740621,2108,10,4,4,3,3,0.01,7,0.994781783681214,False,
bellevue_150th_newport,A5,16,1929958914,534301321,1899,9,5,4,4,4,0.001,12,1,False,
bellevue_150th_newport,A6,16,1929958914,534301321,1899,9,5,4,4,4,0.001,12,1,False,
bellevue_150th_newport,A7,16,1929958914,534301321,1899,9,5,4,1,2,0.005,2,1,False,
bellevue_150th_newport,A9,16,1929958914,534301321,1899,9,5,4,4,4,0.001,12,1,False,
bellevue_150th_newport,A5,17,36911719,587933025,2137,8,5,4,4,4,0.01,8,0.99017313991577,False,
bellevue_150th_newport,A6,17,36911719,587933025,2137,8,5,4,4,4,0.01,8,0.99017313991577,False,
bellevue_150th_newport,A7,17,36911719,587933025,2137,8,5,4,1,2,0.005,2,1,False,
bellevue_150th_newport,A9,17,36911719,587933025,2137,8,5,4,4,4,0.01,8,0.99017313991577,False,
bellevue_150th_newport,A5,18,2055738446,1590449477,3568,10,5,4,5,4,0.001,13,1,False,
bellevue_150th_newport,A6,18,2055738446,1590449477,3568,10,5,4,5,4,0.001,13,1,False,
bellevue_150th_newport,A7,18,2055738446,1590449477,3568,10,5,4,1,2,0.005,2,1,False,
bellevue_150th_newport,A9,18,2055738446,1590449477,3568,10,5,4,5,4,0.001,13,1,False,
bellevue_150th_newport,A5,19,1136284056,1405444754,2924,9,5,4,5,4,0.005,10,0.990766073871409,False,
bellevue_150th_newport,A6,19,1136284056,1405444754,2924,9,5,4,5,4,0.005,10,0.990766073871409,False,
bellevue_150th_newport,A7,19,1136284056,1405444754,2924,9,5,4,1,2,0.005,2,1,False,
bellevue_150th_newport,A9,19,1136284056,1405444754,2924,9,5,4,5,4,0.005,10,0.990766073871409,False,
bellevue_150th_newport,A5,20,1147463891,144745868,3217,9,5,5,5,5,0.005,9,0.998445756916382,False,
bellevue_150th_newport,A6,20,1147463891,144745868,3217,9,5,5,5,5,0.005,9,0.998445756916382,False,
bellevue_150th_newport,A7,20,1147463891,144745868,3217,9,5,5,1,2,0.005,2,1,False,
bellevue_150th_newport,A9,20,1147463891,144745868,3217,9,5,5,5,5,0.005,9,0.998445756916382,False,
bellevue_150th_newport,A5,21,1387388118,73286023,2017,11,5,3,4,3,0.02,8,0.985126425384234,False,
bellevue_150th_newport,A6,21,1387388118,73286023,2017,11,5,3,4,3,0.02,8,0.985126425384234,False,
bellevue_150th_newport,A7,21,1387388118,73286023,2017,11,5,3,2,1,0.005,2,1,False,
bellevue_150th_newport,A9,21,1387388118,73286023,2017,11,5,3,4,3,0.02,8,0.985126425384234,False,
bellevue_150th_newport,A5,22,302567534,125919544,3396,8,4,4,4,4,0.001,10,1,False,
bellevue_150th_newport,A6,22,302567534,125919544,3396,8,4,4,4,4,0.001,10,1,False,
bellevue_150th_newport,A7,22,302567534,125919544,3396,8,4,4,1,2,0.005,2,1,False,
bellevue_150th_newport,A9,22,302567534,125919544,3396,8,4,4,4,4,0.001,10,1,False,
bellevue_150th_newport,A5,23,1712096671,1457892422,1521,8,5,4,5,4,0.005,11,0.993425378040763,False,
bellevue_150th_newport,A6,23,1712096671,1457892422,1521,8,5,4,5,4,0.005,11,0.993425378040763,False,
bellevue_150th_newport,A7,23,1712096671,1457892422,1521,8,5,4,1,2,0.005,2,1,False,
bellevue_150th_newport,A9,23,1712096671,1457892422,1521,8,5,4,5,4,0.005,11,0.993425378040763,False,
bellevue_150th_newport,A5,24,294601936,574355483,3011,7,4,4,4,4,0.001,10,1,False,
bellevue_150th_newport,A6,24,294601936,574355483,3011,7,4,4,4,4,0.001,10,1,False,
bellevue_150th_newport,A7,24,294601936,574355483,3011,7,4,4,1,2,0.005,2,1,False,
bellevue_150th_newport,A9,24,294601936,574355483,3011,7,4,4,4,4,0.001,10,1,False,
bellevue_150th_newport,A5,25,440785374,85349615,1842,8,4,4,4,4,0.0025,10,1,False,
bellevue_150th_newport,A6,25,440785374,85349615,1842,8,4,4,4,4,0.0025,10,1,False,
bellevue_150th_newport,A7,25,440785374,85349615,1842,8,4,4,1,2,0.005,2,1,False,
bellevue_150th_newport,A9,25,440785374,85349615,1842,8,4,4,4,4,0.0025,10,1,False,
bellevue_150th_newport,A5,26,397531274,1035531313,2437,11,4,4,3,4,0.0025,8,1,False,
bellevue_150th_newport,A6,26,397531274,1035531313,2437,11,4,4,3,4,0.0025,8,1,False,
bellevue_150th_newport,A7,26,397531274,1035531313,2437,11,4,4,1,2,0.005,2,1,False,
bellevue_150th_newport,A9,26,397531274,1035531313,2437,11,4,4,3,4,0.0025,8,1,False,
bellevue_150th_newport,A5,27,1186296726,1678487895,3146,9,4,4,3,4,0.001,8,1,False,
bellevue_150th_newport,A6,27,1186296726,1678487895,3146,9,4,4,3,4,0.001,8,1,False,
bellevue_150th_newport,A7,27,1186296726,1678487895,3146,9,4,4,1,2,0.005,2,1,False,
bellevue_150th_newport,A9,27,1186296726,1678487895,3146,9,4,4,3,4,0.001,8,1,False,
bellevue_150th_newport,A5,28,954950405,1802247,2804,10,4,4,4,4,0.005,9,0.992867332382311,False,
bellevue_150th_newport,A6,28,954950405,1802247,2804,10,4,4,4,4,0.005,9,0.992867332382311,False,
bellevue_150th_newport,A7,28,954950405,1802247,2804,10,4,4,1,2,0.005,2,1,False,
bellevue_150th_newport,A9,28,954950405,1802247,2804,10,4,4,4,4,0.005,9,0.992867332382311,False,
bellevue_150th_newport,A5,29,343916202,1868193143,1814,6,6,3,5,3,0.005,10,0.990077177508269,False,
bellevue_150th_newport,A6,29,343916202,1868193143,1814,6,6,3,5,3,0.005,10,0.990077177508269,False,
bellevue_150th_newport,A7,29,343916202,1868193143,1814,6,6,3,1,1,0.005,1,1,False,
bellevue_150th_newport,A9,29,343916202,1868193143,1814,6,6,3,5,3,0.005,10,0.990077177508269,False,
bellevue_150th_newport,A5,30,164423441,506701095,2305,10,5,3,3,3,0.001,8,1,False,
bellevue_150th_newport,A6,30,164423441,506701095,2305,10,5,3,3,3,0.001,8,1,False,
bellevue_150th_newport,A7,30,164423441,506701095,2305,10,5,3,1,1,0.005,1,1,False,
bellevue_150th_newport,A9,30,164423441,506701095,2305,10,5,3,3,3,0.001,8,1,False,
bellevue_150th_newport,A5,31,2146700679,1561075869,2062,9,4,4,4,4,0.0025,10,1,False,
bellevue_150th_newport,A6,31,2146700679,1561075869,2062,9,4,4,4,4,0.0025,10,1,False,
bellevue_150th_newport,A7,31,2146700679,1561075869,2062,9,4,4,1,2,0.005,2,1,False,
bellevue_150th_newport,A9,31,2146700679,1561075869,2062,9,4,4,4,4,0.0025,10,1,False,
bellevue_150th_newport,A5,32,869109568,1872775515,2733,8,6,4,5,3,0.005,10,0.991584339553604,False,
bellevue_150th_newport,A6,32,869109568,1872775515,2733,8,6,4,5,3,0.005,10,0.991584339553604,False,
bellevue_150th_newport,A7,32,869109568,1872775515,2733,8,6,4,2,1,0.005,2,1,False,
bellevue_150th_newport,A9,32,869109568,1872775515,2733,8,6,4,5,3,0.005,10,0.991584339553604,False,
bellevue_150th_newport,A5,33,173191315,2023726053,1979,7,6,8,5,5,0.005,17,0.993431025770591,False,
bellevue_150th_newport,A6,33,173191315,2023726053,1979,7,6,8,5,5,0.005,17,0.993431025770591,False,
bellevue_150th_newport,A7,33,173191315,2023726053,1979,7,6,8,1,1,0.005,1,1,False,
bellevue_150th_newport,A9,33,173191315,2023726053,1979,7,6,8,5,5,0.005,17,0.993431025770591,False,
bellevue_150th_newport,A5,34,1723434260,1305590583,2005,8,5,4,4,3,0.001,11,1,False,
bellevue_150th_newport,A6,34,1723434260,1305590583,2005,8,5,4,4,3,0.001,11,1,False,
bellevue_150th_newport,A7,34,1723434260,1305590583,2005,8,5,4,2,1,0.005,2,1,False,
bellevue_150th_newport,A9,34,1723434260,1305590583,2005,8,5,4,4,3,0.001,11,1,False,
bellevue_150th_newport,A5,35,347890701,292050771,1727,10,7,4,5,3,0.001,12,1,False,
bellevue_150th_newport,A6,35,347890701,292050771,1727,10,7,4,5,3,0.001,12,1,False,
bellevue_150th_newport,A7,35,347890701,292050771,1727,10,7,4,2,1,0.005,2,1,False,
bellevue_150th_newport,A9,35,347890701,292050771,1727,10,7,4,5,3,0.001,12,1,False,
bellevue_150th_newport,A5,36,634089914,532687037,3053,10,5,4,4,4,0.001,12,1,False,
bellevue_150th_newport,A6,36,634089914,532687037,3053,10,5,4,4,4,0.001,12,1,False,
bellevue_150th_newport,A7,36,634089914,532687037,3053,10,5,4,1,2,0.005,2,1,False,
bellevue_150th_newport,A9,36,634089914,532687037,3053,10,5,4,4,4,0.001,12,1,False,
bellevue_150th_newport,A5,37,2074119028,684251994,2906,9,4,4,4,4,0.0025,10,0.998623537508603,False,
bellevue_150th_newport,A6,37,2074119028,684251994,2906,9,4,4,4,4,0.0025,10,0.998623537508603,False,
bellevue_150th_newport,A7,37,2074119028,684251994,2906,9,4,4,1,2,0.005,2,1,False,
bellevue_150th_newport,A9,37,2074119028,684251994,2906,9,4,4,4,4,0.0025,10,0.998623537508603,False,
bellevue_150th_newport,A5,38,1701744143,165854850,2257,10,5,4,4,3,0.005,8,0.993354009747452,False,
bellevue_150th_newport,A6,38,1701744143,165854850,2257,10,5,4,4,3,0.005,8,0.993354009747452,False,
bellevue_150th_newport,A7,38,1701744143,165854850,2257,10,5,4,1,1,0.005,1,1,False,
bellevue_150th_newport,A9,38,1701744143,165854850,2257,10,5,4,4,3,0.005,8,0.993354009747452,False,
bellevue_150th_newport,A5,39,1913462140,948057248,2876,9,6,4,5,4,0.001,13,1,False,
bellevue_150th_newport,A6,39,1913462140,948057248,2876,9,6,4,5,4,0.001,13,1,False,
bellevue_150th_newport,A7,39,1913462140,948057248,2876,9,6,4,2,2,0.005,3,1,False,
bellevue_150th_newport,A9,39,1913462140,948057248,2876,9,6,4,5,4,0.001,13,1,False,
bellevue_150th_newport,A5,40,81844468,23075633,3267,8,5,4,5,4,0.0025,9,1,False,
bellevue_150th_newport,A6,40,81844468,23075633,3267,8,5,4,5,4,0.0025,9,1,False,
bellevue_150th_newport,A7,40,81844468,23075633,3267,8,5,4,1,2,0.005,2,1,False,
bellevue_150th_newport,A9,40,81844468,23075633,3267,8,5,4,5,4,0.0025,9,1,False,
bellevue_150th_newport,A5,41,760380765,1727561389,4128,10,4,4,3,4,0.001,8,1,False,
bellevue_150th_newport,A6,41,760380765,1727561389,4128,10,4,4,3,4,0.001,8,1,False,
bellevue_150th_newport,A7,41,760380765,1727561389,4128,10,4,4,1,2,0.005,2,1,False,
bellevue_150th_newport,A9,41,760380765,1727561389,4128,10,4,4,3,4,0.001,8,1,False,
bellevue_150th_newport,A5,42,194921235,764153193,1846,8,5,4,3,4,0.001,10,1,False,
bellevue_150th_newport,A6,42,194921235,764153193,1846,8,5,4,3,4,0.001,10,1,False,
bellevue_150th_newport,A7,42,194921235,764153193,1846,8,5,4,1,1,0.005,1,1,False,
bellevue_150th_newport,A9,42,194921235,764153193,1846,8,5,4,3,4,0.001,10,1,False,
bellevue_150th_newport,A5,43,884443676,567500690,2701,9,4,4,3,4,0.0025,8,1,False,
bellevue_150th_newport,A6,43,884443676,567500690,2701,9,4,4,3,4,0.0025,8,1,False,
bellevue_150th_newport,A7,43,884443676,567500690,2701,9,4,4,1,1,0.005,1,1,False,
bellevue_150th_newport,A9,43,884443676,567500690,2701,9,4,4,3,4,0.0025,8,1,False,
bellevue_150th_newport,A5,44,663275306,1906452014,1995,8,3,3,2,3,0.005,6,1,False,
bellevue_150th_newport,A6,44,663275306,1906452014,1995,8,3,3,2,3,0.005,6,1,False,
bellevue_150th_newport,A7,44,663275306,1906452014,1995,8,3,3,1,1,0.005,1,1,False,
bellevue_150th_newport,A9,44,663275306,1906452014,1995,8,3,3,2,3,0.005,6,1,False,
bellevue_150th_newport,A5,45,2074715923,1583405348,1331,7,6,8,5,5,0.0025,17,0.996994740796394,False,
bellevue_150th_newport,A6,45,2074715923,1583405348,1331,7,6,8,5,5,0.0025,17,0.996994740796394,False,
bellevue_150th_newport,A7,45,2074715923,1583405348,1331,7,6,8,2,1,0.005,2,1,False,
bellevue_150th_newport,A9,45,2074715923,1583405348,1331,7,6,8,5,5,0.02,11,0.956423741547708,False,
bellevue_150th_newport,A5,46,1844621331,500215110,2595,10,5,4,5,4,0.001,12,0.999614643545279,False,
bellevue_150th_newport,A6,46,1844621331,500215110,2595,10,5,4,5,4,0.001,12,0.999614643545279,False,
bellevue_150th_newport,A7,46,1844621331,500215110,2595,10,5,4,2,2,0.005,3,1,False,
bellevue_150th_newport,A9,46,1844621331,500215110,2595,10,5,4,5,4,0.001,12,0.999614643545279,False,
bellevue_150th_newport,A5,47,6973923,387991134,2441,9,5,4,5,4,0.001,13,1,False,
bellevue_150th_newport,A6,47,6973923,387991134,2441,9,5,4,5,4,0.001,13,1,False,
bellevue_150th_newport,A7,47,6973923,387991134,2441,9,5,4,2,2,0.005,3,1,False,
bellevue_150th_newport,A9,47,6973923,387991134,2441,9,5,4,5,4,0.001,13,1,False,
bellevue_150th_newport,A5,48,1208499004,577886586,3841,9,4,4,3,4,0.001,8,1,False,
bellevue_150th_newport,A6,48,1208499004,577886586,3841,9,4,4,3,4,0.001,8,1,False,
bellevue_150th_newport,A7,48,1208499004,577886586,3841,9,4,4,1,2,0.005,2,1,False,
bellevue_150th_newport,A9,48,1208499004,577886586,3841,9,4,4,3,4,0.001,8,1,False,
bellevue_150th_newport,A5,49,731132664,539979166,1534,10,5,4,3,4,0.02,7,0.983702737940026,False,
bellevue_150th_newport,A6,49,731132664,539979166,1534,10,5,4,3,4,0.02,7,0.983702737940026,False,
bellevue_150th_newport,A7,49,731132664,539979166,1534,10,5,4,1,1,0.005,1,1,False,
bellevue_150th_newport,A9,49,731132664,539979166,1534,10,5,4,3,4,0.02,7,0.983702737940026,False,
bellevue_150th_newport,A5,50,1119006568,726085722,2033,8,7,3,5,3,0.001,12,0.998524348253812,False,
bellevue_150th_newport,A6,50,1119006568,726085722,2033,8,7,3,5,3,0.001,12,0.998524348253812,False,
bellevue_150th_newport,A7,50,1119006568,726085722,2033,8,7,3,2,1,0.005,2,1,False,
bellevue_150th_newport,A9,50,1119006568,726085722,2033,8,7,3,5,3,0.001,12,0.998524348253812,False,
bellevue_150th_newport,A5,51,442419061,1559688729,2369,12,5,4,5,4,0.02,8,0.969607429295061,False,
bellevue_150th_newport,A6,51,442419061,1559688729,2369,12,5,4,5,4,0.02,8,0.969607429295061,False,
bellevue_150th_newport,A7,51,442419061,1559688729,2369,12,5,4,1,2,0.005,2,1,False,
bellevue_150th_newport,A9,51,442419061,1559688729,2369,12,5,4,5,4,0.02,8,0.969607429295061,False,
bellevue_150th_newport,A5,52,491421699,729587944,1575,9,4,4,3,4,0.0025,8,1,False,
bellevue_150th_newport,A6,52,491421699,729587944,1575,9,4,4,3,4,0.0025,8,1,False,
bellevue_150th_newport,A7,52,491421699,729587944,1575,9,4,4,1,1,0.005,1,1,False,
bellevue_150th_newport,A9,52,491421699,729587944,1575,9,4,4,3,4,0.0025,8,1,False,
bellevue_150th_newport,A5,53,1648350130,337817541,2426,10,5,4,5,4,0.02,8,0.967848309975268,False,
bellevue_150th_newport,A6,53,1648350130,337817541,2426,10,5,4,5,4,0.02,8,0.967848309975268,False,
bellevue_150th_newport,A7,53,1648350130,337817541,2426,10,5,4,2,2,0.005,3,1,False,
bellevue_150th_newport,A9,53,1648350130,337817541,2426,10,5,4,5,4,0.02,8,0.967848309975268,False,
bellevue_150th_newport,A5,54,341894420,2062561115,3851,8,5,4,4,4,0.001,12,0.99922098156323,False,
bellevue_150th_newport,A6,54,341894420,2062561115,3851,8,5,4,4,4,0.001,12,0.99922098156323,False,
bellevue_150th_newport,A7,54,341894420,2062561115,3851,8,5,4,2,2,0.0025,4,1,False,
bellevue_150th_newport,A9,54,341894420,2062561115,3851,8,5,4,4,4,0.001,12,0.99922098156323,False,
bellevue_150th_newport,A5,55,150917974,1563613624,1972,11,4,4,4,4,0.005,10,0.996957403651116,False,
bellevue_150th_newport,A6,55,150917974,1563613624,1972,11,4,4,4,4,0.005,10,0.996957403651116,False,
bellevue_150th_newport,A7,55,150917974,1563613624,1972,11,4,4,1,2,0.005,2,1,False,
bellevue_150th_newport,A9,55,150917974,1563613624,1972,11,4,4,4,4,0.005,10,0.996957403651116,False,
bellevue_150th_newport,A5,56,1150411132,1595800567,1815,8,5,4,4,4,0.01,8,0.984573002754821,False,
bellevue_150th_newport,A6,56,1150411132,1595800567,1815,8,5,4,4,4,0.01,8,0.984573002754821,False,
bellevue_150th_newport,A7,56,1150411132,1595800567,1815,8,5,4,2,1,0.005,2,1,False,
bellevue_150th_newport,A9,56,1150411132,1595800567,1815,8,5,4,4,4,0.01,8,0.984573002754821,False,
bellevue_150th_newport,A5,57,985539457,341535841,3644,7,4,4,4,4,0.0025,10,1,False,
bellevue_150th_newport,A6,57,985539457,341535841,3644,7,4,4,4,4,0.0025,10,1,False,
bellevue_150th_newport,A7,57,985539457,341535841,3644,7,4,4,1,2,0.005,2,1,False,
bellevue_150th_newport,A9,57,985539457,341535841,3644,7,4,4,4,4,0.0025,10,1,False,
bellevue_150th_newport,A5,58,1234029010,515284734,2617,11,5,4,5,4,0.001,14,1,False,
bellevue_150th_newport,A6,58,1234029010,515284734,2617,11,5,4,5,4,0.001,14,1,False,
bellevue_150th_newport,A7,58,1234029010,515284734,2617,11,5,4,2,2,0.005,3,1,False,
bellevue_150th_newport,A9,58,1234029010,515284734,2617,11,5,4,5,4,0.001,14,1,False,
bellevue_150th_newport,A5,59,1465300783,958175591,2063,10,4,4,4,4,0.0025,10,1,False,
bellevue_150th_newport,A6,59,1465300783,958175591,2063,10,4,4,4,4,0.0025,10,1,False,
bellevue_150th_newport,A7,59,1465300783,958175591,2063,10,4,4,1,2,0.005,2,1,False,
bellevue_150th_newport,A9,59,1465300783,958175591,2063,10,4,4,4,4,0.0025,10,1,False,
bellevue_150th_newport,A5,60,1891539819,519065103,2388,10,5,4,4,4,0.02,7,0.973618090452261,False,
bellevue_150th_newport,A6,60,1891539819,519065103,2388,10,5,4,4,4,0.02,7,0.973618090452261,False,
bellevue_150th_newport,A7,60,1891539819,519065103,2388,10,5,4,1,2,0.005,2,1,False,
bellevue_150th_newport,A9,60,1891539819,519065103,2388,10,5,4,4,4,0.02,7,0.973618090452261,False,
bellevue_150th_newport,A5,61,428249035,1541475112,2374,8,4,4,4,4,0.0025,10,1,False,
bellevue_150th_newport,A6,61,428249035,1541475112,2374,8,4,4,4,4,0.0025,10,1,False,
bellevue_150th_newport,A7,61,428249035,1541475112,2374,8,4,4,1,2,0.005,2,1,False,
bellevue_150th_newport,A9,61,428249035,1541475112,2374,8,4,4,4,4,0.0025,10,1,False,
bellevue_150th_newport,A5,62,885816224,1090592342,2202,8,5,3,4,3,0.001,9,0.998637602179837,False,
bellevue_150th_newport,A6,62,885816224,1090592342,2202,8,5,3,4,3,0.001,9,0.998637602179837,False,
bellevue_150th_newport,A7,62,885816224,1090592342,2202,8,5,3,1,1,0.005,1,1,False,
bellevue_150th_newport,A9,62,885816224,1090592342,2202,8,5,3,4,3,0.001,9,0.998637602179837,False,
bellevue_150th_newport,A5,63,1527791063,653032965,3816,8,4,4,4,4,0.0025,10,0.998165618448637,False,
bellevue_150th_newport,A6,63,1527791063,653032965,3816,8,4,4,4,4,0.0025,10,0.998165618448637,False,
bellevue_150th_newport,A7,63,1527791063,653032965,3816,8,4,4,1,2,0.005,2,1,False,
bellevue_150th_newport,A9,63,1527791063,653032965,3816,8,4,4,4,4,0.0025,10,0.998165618448637,False,
bellevue_150th_newport,A5,64,1120707530,1889285979,2316,11,4,4,3,4,0.001,8,1,False,
bellevue_150th_newport,A6,64,1120707530,1889285979,2316,11,4,4,3,4,0.001,8,1,False,
bellevue_150th_newport,A7,64,1120707530,1889285979,2316,11,4,4,1,2,0.005,2,1,False,
bellevue_150th_newport,A9,64,1120707530,1889285979,2316,11,4,4,3,4,0.001,8,1,False,
bellevue_150th_newport,A5,65,2083915162,1124008488,2305,8,4,4,4,4,0.0025,10,1,False,
bellevue_150th_newport,A6,65,2083915162,1124008488,2305,8,4,4,4,4,0.0025,10,1,False,
bellevue_150th_newport,A7,65,2083915162,1124008488,2305,8,4,4,1,2,0.005,2,1,False,
bellevue_150th_newport,A9,65,2083915162,1124008488,2305,8,4,4,4,4,0.0025,10,1,False,
bellevue_150th_newport,A5,66,1923321230,656382378,3619,8,5,4,4,4,0.005,10,0.993644653219121,False,
bellevue_150th_newport,A6,66,1923321230,656382378,3619,8,5,4,4,4,0.005,10,0.993644653219121,False,
bellevue_150th_newport,A7,66,1923321230,656382378,3619,8,5,4,1,2,0.005,2,1,False,
bellevue_150th_newport,A9,66,1923321230,656382378,3619,8,5,4,4,4,0.005,10,0.993644653219121,False,
bellevue_150th_newport,A5,67,1645772747,1287590506,2856,9,5,4,5,4,0.02,8,0.983543417366947,False,
bellevue_150th_newport,A6,67,1645772747,1287590506,2856,9,5,4,5,4,0.02,8,0.983543417366947,False,
bellevue_150th_newport,A7,67,1645772747,1287590506,2856,9,5,4,2,1,0.005,2,1,False,
bellevue_150th_newport,A9,67,1645772747,1287590506,2856,9,5,4,5,4,0.02,8,0.983543417366947,False,
bellevue_150th_newport,A5,68,1568237188,1861905901,2312,10,5,3,4,3,0.001,10,0.999134948096886,False,
bellevue_150th_newport,A6,68,1568237188,1861905901,2312,10,5,3,4,3,0.001,10,0.999134948096886,False,
bellevue_150th_newport,A7,68,1568237188,1861905901,2312,10,5,3,1,1,0.005,1,1,False,
bellevue_150th_newport,A9,68,1568237188,1861905901,2312,10,5,3,4,3,0.001,10,0.999134948096886,False,
bellevue_150th_newport,A5,69,1375587355,550864274,1452,9,5,4,4,3,0.005,9,0.995179063360882,False,
bellevue_150th_newport,A6,69,1375587355,550864274,1452,9,5,4,4,3,0.005,9,0.995179063360882,False,
bellevue_150th_newport,A7,69,1375587355,550864274,1452,9,5,4,2,1,0.005,2,1,False,
bellevue_150th_newport,A9,69,1375587355,550864274,1452,9,5,4,4,3,0.005,9,0.995179063360882,False,
bellevue_150th_newport,A5,70,1994534183,115899456,2485,9,5,4,4,4,0.001,10,1,False,
bellevue_150th_newport,A6,70,1994534183,115899456,2485,9,5,4,4,4,0.001,10,1,False,
bellevue_150th_newport,A7,70,1994534183,115899456,2485,9,5,4,2,2,0.005,4,1,False,
bellevue_150th_newport,A9,70,1994534183,115899456,2485,9,5,4,4,4,0.001,10,1,False,
bellevue_150th_newport,A5,71,922729316,1795343546,1799,8,4,4,3,4,0.005,8,1,False,
bellevue_150th_newport,A6,71,922729316,1795343546,1799,8,4,4,3,4,0.005,8,1,False,
bellevue_150th_newport,A7,71,922729316,1795343546,1799,8,4,4,1,2,0.005,2,1,False,
bellevue_150th_newport,A9,71,922729316,1795343546,1799,8,4,4,3,4,0.005,8,1,False,
bellevue_150th_newport,A5,72,70668404,1162142403,1880,9,5,4,3,3,0.005,7,0.999468085106383,False,
bellevue_150th_newport,A6,72,70668404,1162142403,1880,9,5,4,3,3,0.005,7,0.999468085106383,False,
bellevue_150th_newport,A7,72,70668404,1162142403,1880,9,5,4,1,1,0.005,1,1,False,
bellevue_150th_newport,A9,72,70668404,1162142403,1880,9,5,4,3,3,0.005,7,0.999468085106383,False,
bellevue_150th_newport,A5,73,1840064976,62139559,2474,9,4,4,3,4,0.0025,8,1,False,
bellevue_150th_newport,A6,73,1840064976,62139559,2474,9,4,4,3,4,0.0025,8,1,False,
bellevue_150th_newport,A7,73,1840064976,62139559,2474,9,4,4,1,2,0.005,2,1,False,
bellevue_150th_newport,A9,73,1840064976,62139559,2474,9,4,4,3,4,0.0025,8,1,False,
bellevue_150th_newport,A5,74,4509488,2008971864,1701,10,4,4,4,4,0.0025,10,1,False,
bellevue_150th_newport,A6,74,4509488,2008971864,1701,10,4,4,4,4,0.0025,10,1,False,
bellevue_150th_newport,A7,74,4509488,2008971864,1701,10,4,4,1,2,0.005,2,1,False,
bellevue_150th_newport,A9,74,4509488,2008971864,1701,10,4,4,4,4,0.0025,10,1,False,
bellevue_150th_newport,A5,75,1851123386,282023254,3289,8,5,3,4,3,0.005,10,0.997567649741563,False,
bellevue_150th_newport,A6,75,1851123386,282023254,3289,8,5,3,4,3,0.005,10,0.997567649741563,False,
bellevue_150th_newport,A7,75,1851123386,282023254,3289,8,5,3,1,1,0.005,1,1,False,
bellevue_150th_newport,A9,75,1851123386,282023254,3289,8,5,3,4,3,0.005,10,0.997567649741563,False,
bellevue_150th_newport,A5,76,595669777,280036421,3512,8,4,4,3,4,0.001,8,1,False,
bellevue_150th_newport,A6,76,595669777,280036421,3512,8,4,4,3,4,0.001,8,1,False,
bellevue_150th_newport,A7,76,595669777,280036421,3512,8,4,4,1,2,0.005,2,1,False,
bellevue_150th_newport,A9,76,595669777,280036421,3512,8,4,4,3,4,0.001,8,1,False,
bellevue_150th_newport,A5,77,560649401,1245990276,3364,9,5,4,5,4,0.001,12,0.998810939357907,False,
bellevue_150th_newport,A6,77,560649401,1245990276,3364,9,5,4,5,4,0.001,12,0.998810939357907,False,
bellevue_150th_newport,A7,77,560649401,1245990276,3364,9,5,4,1,2,0.005,2,1,False,
bellevue_150th_newport,A9,77,560649401,1245990276,3364,9,5,4,5,4,0.001,12,0.998810939357907,False,
bellevue_150th_newport,A5,78,528156265,1291598759,1054,8,4,4,3,3,0.005,7,1,False,
bellevue_150th_newport,A6,78,528156265,1291598759,1054,8,4,4,3,3,0.001,8,1,False,
bellevue_150th_newport,A7,78,528156265,1291598759,1054,8,4,4,1,1,0.005,1,1,False,
bellevue_150th_newport,A9,78,528156265,1291598759,1054,8,4,4,3,3,0.001,8,1,False,
bellevue_150th_newport,A5,79,1421761292,545388861,2019,6,5,4,4,4,0.001,11,0.999009410599307,False,
bellevue_150th_newport,A6,79,1421761292,545388861,2019,6,5,4,4,4,0.001,11,0.999009410599307,False,
bellevue_150th_newport,A7,79,1421761292,545388861,2019,6,5,4,1,2,0.005,2,1,False,
bellevue_150th_newport,A9,79,1421761292,545388861,2019,6,5,4,4,4,0.001,11,0.999009410599307,False,
bellevue_150th_newport,A5,80,1463021037,1028801870,3426,8,4,4,3,4,0.005,8,0.994454173963806,False,
bellevue_150th_newport,A6,80,1463021037,1028801870,3426,8,4,4,3,4,0.005,8,0.994454173963806,False,
bellevue_150th_newport,A7,80,1463021037,1028801870,3426,8,4,4,1,2,0.005,2,1,False,
bellevue_150th_newport,A9,80,1463021037,1028801870,3426,8,4,4,3,4,0.005,8,0.994454173963806,False,
bellevue_150th_newport,A5,81,1416063774,2023975934,622,7,7,4,5,3,0.001,13,1,False,
bellevue_150th_newport,A6,81,1416063774,2023975934,622,7,7,4,5,3,0.001,13,1,False,
bellevue_150th_newport,A7,81,1416063774,2023975934,622,7,7,4,2,1,0.005,2,1,False,
bellevue_150th_newport,A9,81,1416063774,2023975934,622,7,7,4,5,3,0.001,13,1,False,
bellevue_150th_newport,A5,82,1387114347,555936028,3729,9,4,4,3,4,0.0025,8,1,False,
bellevue_150th_newport,A6,82,1387114347,555936028,3729,9,4,4,3,4,0.0025,8,1,False,
bellevue_150th_newport,A7,82,1387114347,555936028,3729,9,4,4,1,2,0.005,2,1,False,
bellevue_150th_newport,A9,82,1387114347,555936028,3729,9,4,4,3,4,0.0025,8,1,False,
bellevue_150th_newport,A5,83,1633205088,1178382083,2039,9,5,4,5,4,0.001,15,0.998038254046101,False,
bellevue_150th_newport,A6,83,1633205088,1178382083,2039,9,5,4,5,4,0.001,15,0.998038254046101,False,
bellevue_150th_newport,A7,83,1633205088,1178382083,2039,9,5,4,2,1,0.005,2,1,False,
bellevue_150th_newport,A9,83,1633205088,1178382083,2039,9,5,4,5,4,0.001,15,0.998038254046101,False,
bellevue_150th_newport,A5,84,859988593,745525119,1815,8,4,4,3,4,0.001,8,1,False,
bellevue_150th_newport,A6,84,859988593,745525119,1815,8,4,4,3,4,0.001,8,1,False,
bellevue_150th_newport,A7,84,859988593,745525119,1815,8,4,4,1,2,0.005,2,1,False,
bellevue_150th_newport,A9,84,859988593,745525119,1815,8,4,4,3,4,0.001,8,1,False,
bellevue_150th_newport,A5,85,772313416,251609449,2170,10,4,4,4,4,0.0025,10,1,False,
bellevue_150th_newport,A6,85,772313416,251609449,2170,10,4,4,4,4,0.0025,10,1,False,
bellevue_150th_newport,A7,85,772313416,251609449,2170,10,4,4,1,2,0.005,2,1,False,
bellevue_150th_newport,A9,85,772313416,251609449,2170,10,4,4,4,4,0.0025,10,1,False,
bellevue_150th_newport,A5,86,1482447023,380566982,2706,11,4,4,3,4,0.001,8,1,False,
bellevue_150th_newport,A6,86,1482447023,380566982,2706,11,4,4,3,4,0.001,8,1,False,
bellevue_150th_newport,A7,86,1482447023,380566982,2706,11,4,4,1,2,0.005,2,1,False,
bellevue_150th_newport,A9,86,1482447023,380566982,2706,11,4,4,3,4,0.001,8,1,False,
bellevue_150th_newport,A5,87,1309700112,435810822,2394,9,5,4,3,3,0.0025,8,1,False,
bellevue_150th_newport,A6,87,1309700112,435810822,2394,9,5,4,3,3,0.0025,8,1,False,
bellevue_150th_newport,A7,87,1309700112,435810822,2394,9,5,4,1,1,0.005,1,1,False,
bellevue_150th_newport,A9,87,1309700112,435810822,2394,9,5,4,3,3,0.0025,8,1,False,
bellevue_150th_newport,A5,88,486580253,1989084441,2904,10,4,4,4,4,0.001,10,1,False,
bellevue_150th_newport,A6,88,486580253,1989084441,2904,10,4,4,4,4,0.001,10,1,False,
bellevue_150th_newport,A7,88,486580253,1989084441,2904,10,4,4,1,2,0.005,2,1,False,
bellevue_150th_newport,A9,88,486580253,1989084441,2904,10,4,4,4,4,0.001,10,1,False,
bellevue_150th_newport,A5,89,1006340623,60766650,2255,10,7,3,5,3,0.005,10,0.993791574279379,False,
bellevue_150th_newport,A6,89,1006340623,60766650,2255,10,7,3,5,3,0.005,10,0.993791574279379,False,
bellevue_150th_newport,A7,89,1006340623,60766650,2255,10,7,3,2,1,0.005,2,1,False,
bellevue_150th_newport,A9,89,1006340623,60766650,2255,10,7,3,5,3,0.005,10,0.993791574279379,False,
bellevue_150th_newport,A5,90,235096052,1907233084,4300,7,4,4,3,4,0.001,8,1,False,
bellevue_150th_newport,A6,90,235096052,1907233084,4300,7,4,4,3,4,0.001,8,1,False,
bellevue_150th_newport,A7,90,235096052,1907233084,4300,7,4,4,1,2,0.005,2,1,False,
bellevue_150th_newport,A9,90,235096052,1907233084,4300,7,4,4,3,4,0.001,8,1,False,
bellevue_150th_newport,A5,91,1246606829,534486588,1339,9,7,4,4,3,0.001,12,1,False,
bellevue_150th_newport,A6,91,1246606829,534486588,1339,9,7,4,4,3,0.001,12,1,False,
bellevue_150th_newport,A7,91,1246606829,534486588,1339,9,7,4,2,1,0.005,2,1,False,
bellevue_150th_newport,A9,91,1246606829,534486588,1339,9,7,4,4,3,0.001,12,1,False,
bellevue_150th_newport,A5,92,1030959947,490643846,2531,11,4,4,4,4,0.0025,10,1,False,
bellevue_150th_newport,A6,92,1030959947,490643846,2531,11,4,4,4,4,0.0025,10,1,False,
bellevue_150th_newport,A7,92,1030959947,490643846,2531,11,4,4,1,2,0.005,2,1,False,
bellevue_150th_newport,A9,92,1030959947,490643846,2531,11,4,4,4,4,0.0025,10,1,False,
bellevue_150th_newport,A5,93,300588508,106942602,1034,8,4,3,4,3,0.001,11,1,False,
bellevue_150th_newport,A6,93,300588508,106942602,1034,8,4,3,4,3,0.001,11,1,False,
bellevue_150th_newport,A7,93,300588508,106942602,1034,8,4,3,1,1,0.005,1,1,False,
bellevue_150th_newport,A9,93,300588508,106942602,1034,8,4,3,4,3,0.001,11,1,False,
bellevue_150th_newport,A5,94,735486169,683359701,2350,11,5,4,5,4,0.0025,13,1,False,
bellevue_150th_newport,A6,94,735486169,683359701,2350,11,5,4,5,4,0.0025,13,1,False,
bellevue_150th_newport,A7,94,735486169,683359701,2350,11,5,4,1,2,0.005,2,1,False,
bellevue_150th_newport,A9,94,735486169,683359701,2350,11,5,4,5,4,0.0025,13,1,False,
bellevue_150th_newport,A5,95,1794270905,649783194,2353,10,4,4,3,4,0.001,8,1,False,
bellevue_150th_newport,A6,95,1794270905,649783194,2353,10,4,4,3,4,0.001,8,1,False,
bellevue_150th_newport,A7,95,1794270905,649783194,2353,10,4,4,1,2,0.005,2,1,False,
bellevue_150th_newport,A9,95,1794270905,649783194,2353,10,4,4,3,4,0.001,8,1,False,
bellevue_150th_newport,A5,96,798996626,82032507,2025,12,4,4,3,4,0.005,9,0.998024691358025,False,
bellevue_150th_newport,A6,96,798996626,82032507,2025,12,4,4,3,4,0.005,9,0.998024691358025,False,
bellevue_150th_newport,A7,96,798996626,82032507,2025,12,4,4,1,1,0.005,1,1,False,
bellevue_150th_newport,A9,96,798996626,82032507,2025,12,4,4,3,4,0.005,9,0.998024691358025,False,
bellevue_150th_newport,A5,97,166506583,1077611212,1827,8,5,3,5,3,0.0025,13,0.999452654625068,False,
bellevue_150th_newport,A6,97,166506583,1077611212,1827,8,5,3,5,3,0.0025,13,0.999452654625068,False,
bellevue_150th_newport,A7,97,166506583,1077611212,1827,8,5,3,1,1,0.005,1,1,False,
bellevue_150th_newport,A9,97,166506583,1077611212,1827,8,5,3,5,3,0.0025,13,0.999452654625068,False,
bellevue_150th_newport,A5,98,583826437,1584510743,1432,8,4,4,3,4,0.0025,8,1,False,
bellevue_150th_newport,A6,98,583826437,1584510743,1432,8,4,4,3,4,0.0025,8,1,False,
bellevue_150th_newport,A7,98,583826437,1584510743,1432,8,4,4,1,2,0.005,2,1,False,
bellevue_150th_newport,A9,98,583826437,1584510743,1432,8,4,4,3,4,0.0025,8,1,False,
bellevue_150th_newport,A5,99,2002523402,1976266576,2490,10,4,4,3,4,0.0025,8,1,False,
bellevue_150th_newport,A6,99,2002523402,1976266576,2490,10,4,4,3,4,0.0025,8,1,False,
bellevue_150th_newport,A7,99,2002523402,1976266576,2490,10,4,4,1,2,0.005,2,1,False,
bellevue_150th_newport,A9,99,2002523402,1976266576,2490,10,4,4,3,4,0.0025,8,1,False,
bellevue_150th_newport,A5,100,47967836,63211274,1847,9,5,4,5,4,0.005,8,0.993502977801841,False,
bellevue_150th_newport,A6,100,47967836,63211274,1847,9,5,4,5,4,0.005,8,0.993502977801841,False,
bellevue_150th_newport,A7,100,47967836,63211274,1847,9,5,4,1,2,0.005,2,1,False,
bellevue_150th_newport,A9,100,47967836,63211274,1847,9,5,4,5,4,0.005,8,0.993502977801841,False,
bellevue_150th_newport,A5,101,1698095243,1809150692,2571,8,5,4,4,4,0.01,7,0.984441851419681,False,
bellevue_150th_newport,A6,101,1698095243,1809150692,2571,8,5,4,4,4,0.01,7,0.984441851419681,False,
bellevue_150th_newport,A7,101,1698095243,1809150692,2571,8,5,4,1,1,0.005,1,1,False,
bellevue_150th_newport,A9,101,1698095243,1809150692,2571,8,5,4,4,4,0.01,7,0.984441851419681,False,
bellevue_150th_newport,A5,102,2073558123,474936838,3784,10,4,4,4,4,0.0025,10,1,False,
bellevue_150th_newport,A6,102,2073558123,474936838,3784,10,4,4,4,4,0.0025,10,1,False,
bellevue_150th_newport,A7,102,2073558123,474936838,3784,10,4,4,1,2,0.005,2,1,False,
bellevue_150th_newport,A9,102,2073558123,474936838,3784,10,4,4,4,4,0.0025,10,1,False,
bellevue_150th_newport,A5,103,353696028,1961566651,1919,7,4,4,3,4,0.005,7,0.997915581031787,False,
bellevue_150th_newport,A6,103,353696028,1961566651,1919,7,4,4,3,4,0.005,7,0.997915581031787,False,
bellevue_150th_newport,A7,103,353696028,1961566651,1919,7,4,4,1,2,0.005,2,1,False,
bellevue_150th_newport,A9,103,353696028,1961566651,1919,7,4,4,3,4,0.005,7,0.997915581031787,False,
bellevue_150th_newport,A5,104,1215166427,705496457,2046,7,4,4,4,4,0.005,10,1,False,
bellevue_150th_newport,A6,104,1215166427,705496457,2046,7,4,4,4,4,0.005,10,1,False,
bellevue_150th_newport,A7,104,1215166427,705496457,2046,7,4,4,1,2,0.005,2,1,False,
bellevue_150th_newport,A9,104,1215166427,705496457,2046,7,4,4,4,4,0.005,10,1,False,
bellevue_150th_newport,A5,105,1673555477,30165810,3387,8,8,4,6,4,0.001,15,1,False,
bellevue_150th_newport,A6,105,1673555477,30165810,3387,8,8,4,6,4,0.001,15,1,False,
bellevue_150th_newport,A7,105,1673555477,30165810,3387,8,8,4,1,2,0.005,2,1,False,
bellevue_150th_newport,A9,105,1673555477,30165810,3387,8,8,4,6,4,0.001,15,1,False,
bellevue_150th_newport,A5,106,578685724,1793212800,1240,9,5,4,4,3,0.001,11,1,False,
bellevue_150th_newport,A6,106,578685724,1793212800,1240,9,5,4,4,3,0.001,11,1,False,
bellevue_150th_newport,A7,106,578685724,1793212800,1240,9,5,4,2,1,0.005,2,1,False,
bellevue_150th_newport,A9,106,578685724,1793212800,1240,9,5,4,4,3,0.001,11,1,False,
bellevue_150th_newport,A5,107,47331303,1974938861,2089,10,4,4,3,4,0.0025,8,1,False,
bellevue_150th_newport,A6,107,47331303,1974938861,2089,10,4,4,3,4,0.0025,8,1,False,
bellevue_150th_newport,A7,107,47331303,1974938861,2089,10,4,4,1,2,0.005,2,1,False,
bellevue_150th_newport,A9,107,47331303,1974938861,2089,10,4,4,3,4,0.0025,8,1,False,
bellevue_150th_newport,A5,108,1756679915,2143933220,2563,10,4,4,3,4,0.01,7,0.993367147873586,False,
bellevue_150th_newport,A6,108,1756679915,2143933220,2563,10,4,4,3,4,0.01,7,0.993367147873586,False,
bellevue_150th_newport,A7,108,1756679915,2143933220,2563,10,4,4,1,1,0.005,1,1,False,
bellevue_150th_newport,A9,108,1756679915,2143933220,2563,10,4,4,3,4,0.01,7,0.993367147873586,False,
bellevue_150th_newport,A5,109,1383406894,289350449,2318,10,4,4,3,4,0.001,8,1,False,
bellevue_150th_newport,A6,109,1383406894,289350449,2318,10,4,4,3,4,0.001,8,1,False,
bellevue_150th_newport,A7,109,1383406894,289350449,2318,10,4,4,1,2,0.005,2,1,False,
bellevue_150th_newport,A9,109,1383406894,289350449,2318,10,4,4,3,4,0.001,8,1,False,
bellevue_150th_newport,A5,110,712175448,1372591980,2284,11,4,4,4,4,0.02,7,0.980735551663748,False,
bellevue_150th_newport,A6,110,712175448,1372591980,2284,11,4,4,4,4,0.02,7,0.980735551663748,False,
bellevue_150th_newport,A7,110,712175448,1372591980,2284,11,4,4,1,2,0.005,2,1,False,
bellevue_150th_newport,A9,110,712175448,1372591980,2284,11,4,4,4,4,0.02,7,0.980735551663748,False,
bellevue_150th_newport,A5,111,125287857,1465561063,2298,10,4,4,3,4,0.001,8,1,False,
bellevue_150th_newport,A6,111,125287857,1465561063,2298,10,4,4,3,4,0.001,8,1,False,
bellevue_150th_newport,A7,111,125287857,1465561063,2298,10,4,4,1,2,0.005,2,1,False,
bellevue_150th_newport,A9,111,125287857,1465561063,2298,10,4,4,3,4,0.001,8,1,False,
bellevue_150th_newport,A5,112,1921184111,2061443642,2219,8,5,4,4,3,0.001,10,0.999549346552501,False,
bellevue_150th_newport,A6,112,1921184111,2061443642,2219,8,5,4,4,3,0.001,10,0.999549346552501,False,
bellevue_150th_newport,A7,112,1921184111,2061443642,2219,8,5,4,1,1,0.005,1,1,False,
bellevue_150th_newport,A9,112,1921184111,2061443642,2219,8,5,4,4,3,0.001,10,0.999549346552501,False,
bellevue_150th_newport,A5,113,2095202376,822269728,2940,9,5,4,5,4,0.02,8,0.964285714285714,False,
bellevue_150th_newport,A6,113,2095202376,822269728,2940,9,5,4,5,4,0.02,8,0.964285714285714,False,
bellevue_150th_newport,A7,113,2095202376,822269728,2940,9,5,4,2,2,0.005,3,0.998979591836735,False,
bellevue_150th_newport,A9,113,2095202376,822269728,2940,9,5,4,5,4,0.02,8,0.964285714285714,False,
bellevue_150th_newport,A5,114,2085482208,2030536010,2389,9,4,4,3,4,0.0025,8,1,False,
bellevue_150th_newport,A6,114,2085482208,2030536010,2389,9,4,4,3,4,0.0025,8,1,False,
bellevue_150th_newport,A7,114,2085482208,2030536010,2389,9,4,4,1,2,0.005,2,1,False,
bellevue_150th_newport,A9,114,2085482208,2030536010,2389,9,4,4,3,4,0.0025,8,1,False,
bellevue_150th_newport,A5,115,145903273,1378127622,1923,9,4,4,3,4,0.0025,8,1,False,
bellevue_150th_newport,A6,115,145903273,1378127622,1923,9,4,4,3,4,0.0025,8,1,False,
bellevue_150th_newport,A7,115,145903273,1378127622,1923,9,4,4,1,2,0.005,2,1,False,
bellevue_150th_newport,A9,115,145903273,1378127622,1923,9,4,4,3,4,0.0025,8,1,False,
bellevue_150th_newport,A5,116,329956189,697886018,2314,8,4,4,3,4,0.0025,8,1,False,
bellevue_150th_newport,A6,116,329956189,697886018,2314,8,4,4,3,4,0.0025,8,1,False,
bellevue_150th_newport,A7,116,329956189,697886018,2314,8,4,4,1,2,0.005,2,1,False,
bellevue_150th_newport,A9,116,329956189,697886018,2314,8,4,4,3,4,0.0025,8,1,False,
bellevue_150th_newport,A5,117,62655698,517097488,2025,8,5,4,3,4,0.02,6,0.990123456790123,False,
bellevue_150th_newport,A6,117,62655698,517097488,2025,8,5,4,3,4,0.02,6,0.990123456790123,False,
bellevue_150th_newport,A7,117,62655698,517097488,2025,8,5,4,2,2,0.001,4,1,False,
bellevue_150th_newport,A9,117,62655698,517097488,2025,8,5,4,3,4,0.02,6,0.990123456790123,False,
bellevue_150th_newport,A5,118,5013768,384233627,1972,7,4,4,3,4,0.001,8,1,False,
bellevue_150th_newport,A6,118,5013768,384233627,1972,7,4,4,3,4,0.001,8,1,False,
bellevue_150th_newport,A7,118,5013768,384233627,1972,7,4,4,1,2,0.005,2,1,False,
bellevue_150th_newport,A9,118,5013768,384233627,1972,7,4,4,3,4,0.001,8,1,False,
bellevue_150th_newport,A5,119,17504463,1600982456,1748,8,4,4,3,4,0.0025,8,1,False,
bellevue_150th_newport,A6,119,17504463,1600982456,1748,8,4,4,3,4,0.0025,8,1,False,
bellevue_150th_newport,A7,119,17504463,1600982456,1748,8,4,4,1,1,0.005,1,1,False,
bellevue_150th_newport,A9,119,17504463,1600982456,1748,8,4,4,3,4,0.0025,8,1,False,
bellevue_150th_newport,A5,120,308877908,226547185,2414,10,4,4,3,4,0.001,8,1,False,
bellevue_150th_newport,A6,120,308877908,226547185,2414,10,4,4,3,4,0.001,8,1,False,
bellevue_150th_newport,A7,120,308877908,226547185,2414,10,4,4,1,2,0.005,2,1,False,
bellevue_150th_newport,A9,120,308877908,226547185,2414,10,4,4,3,4,0.001,8,1,False,
bellevue_150th_newport,A5,121,1118056189,770994061,1583,10,6,4,5,4,0.001,13,1,False,
bellevue_150th_newport,A6,121,1118056189,770994061,1583,10,6,4,5,4,0.001,13,1,False,
bellevue_150th_newport,A7,121,1118056189,770994061,1583,10,6,4,2,2,0.005,4,1,False,
bellevue_150th_newport,A9,121,1118056189,770994061,1583,10,6,4,5,4,0.001,13,1,False,
bellevue_150th_newport,A5,122,1330092568,1605169575,2277,9,4,4,4,4,0.0025,10,0.998682476943347,False,
bellevue_150th_newport,A6,122,1330092568,1605169575,2277,9,4,4,4,4,0.0025,10,0.998682476943347,False,
bellevue_150th_newport,A7,122,1330092568,1605169575,2277,9,4,4,1,1,0.005,1,1,False,
bellevue_150th_newport,A9,122,1330092568,1605169575,2277,9,4,4,4,4,0.0025,10,0.998682476943347,False,
bellevue_150th_newport,A5,123,1919707518,1487611782,2020,11,4,4,3,4,0.005,7,0.997524752475248,False,
bellevue_150th_newport,A6,123,1919707518,1487611782,2020,11,4,4,3,4,0.005,7,0.997524752475248,False,
bellevue_150th_newport,A7,123,1919707518,1487611782,2020,11,4,4,1,2,0.005,2,1,False,
bellevue_150th_newport,A9,123,1919707518,1487611782,2020,11,4,4,3,4,0.005,7,0.997524752475248,False,
bellevue_150th_newport,A5,124,260146964,1010914555,2550,9,4,4,4,4,0.0025,10,1,False,
bellevue_150th_newport,A6,124,260146964,1010914555,2550,9,4,4,4,4,0.0025,10,1,False,
bellevue_150th_newport,A7,124,260146964,1010914555,2550,9,4,4,1,2,0.005,2,1,False,
bellevue_150th_newport,A9,124,260146964,1010914555,2550,9,4,4,4,4,0.0025,10,1,False,
bellevue_150th_newport,A5,125,943306481,598232417,1845,7,5,4,4,3,0.001,11,0.999457994579946,False,
bellevue_150th_newport,A6,125,943306481,598232417,1845,7,5,4,4,3,0.001,11,0.999457994579946,False,
bellevue_150th_newport,A7,125,943306481,598232417,1845,7,5,4,2,1,0.005,2,1,False,
bellevue_150th_newport,A9,125,943306481,598232417,1845,7,5,4,4,3,0.001,11,0.999457994579946,False,
bellevue_150th_newport,A5,126,336432119,1467837138,4157,7,5,4,5,4,0.001,11,1,False,
bellevue_150th_newport,A6,126,336432119,1467837138,4157,7,5,4,5,4,0.001,11,1,False,
bellevue_150th_newport,A7,126,336432119,1467837138,4157,7,5,4,2,2,0.005,3,1,False,
bellevue_150th_newport,A9,126,336432119,1467837138,4157,7,5,4,5,4,0.001,11,1,False,
bellevue_150th_newport,A5,127,720716326,452676978,3501,8,4,4,4,4,0.0025,10,1,False,
bellevue_150th_newport,A6,127,720716326,452676978,3501,8,4,4,4,4,0.0025,10,1,False,
bellevue_150th_newport,A7,127,720716326,452676978,3501,8,4,4,1,2,0.005,2,1,False,
bellevue_150th_newport,A9,127,720716326,452676978,3501,8,4,4,4,4,0.0025,10,1,False,
bellevue_150th_newport,A5,128,623396126,1800996669,2698,11,5,4,3,4,0.005,7,0.994440326167532,False,
bellevue_150th_newport,A6,128,623396126,1800996669,2698,11,5,4,3,4,0.005,7,0.994440326167532,False,
bellevue_150th_newport,A7,128,623396126,1800996669,2698,11,5,4,1,2,0.005,2,1,False,
bellevue_150th_newport,A9,128,623396126,1800996669,2698,11,5,4,3,4,0.005,7,0.994440326167532,False,
bellevue_150th_newport,A5,129,543927393,1389535073,3575,9,4,4,3,4,0.001,8,1,False,
bellevue_150th_newport,A6,129,543927393,1389535073,3575,9,4,4,3,4,0.001,8,1,False,
bellevue_150th_newport,A7,129,543927393,1389535073,3575,9,4,4,1,2,0.005,2,1,False,
bellevue_150th_newport,A9,129,543927393,1389535073,3575,9,4,4,3,4,0.001,8,1,False,
bellevue_150th_newport,A5,130,2075061521,1216057938,2137,10,5,4,5,4,0.02,8,0.97894244267665,False,
bellevue_150th_newport,A6,130,2075061521,1216057938,2137,10,5,4,5,4,0.02,8,0.97894244267665,False,
bellevue_150th_newport,A7,130,2075061521,1216057938,2137,10,5,4,1,1,0.005,1,1,False,
bellevue_150th_newport,A9,130,2075061521,1216057938,2137,10,5,4,5,4,0.02,8,0.97894244267665,False,
bellevue_150th_newport,A5,131,2105456095,1837235769,1388,6,7,3,5,3,0.005,11,0.994236311239193,False,
bellevue_150th_newport,A6,131,2105456095,1837235769,1388,6,7,3,5,3,0.005,11,0.994236311239193,False,
bellevue_150th_newport,A7,131,2105456095,1837235769,1388,6,7,3,2,1,0.005,2,1,False,
bellevue_150th_newport,A9,131,2105456095,1837235769,1388,6,7,3,5,3,0.005,11,0.994236311239193,False,
bellevue_150th_newport,A5,132,483810288,858122185,3377,9,4,4,3,4,0.001,8,1,False,
bellevue_150th_newport,A6,132,483810288,858122185,3377,9,4,4,3,4,0.001,8,1,False,
bellevue_150th_newport,A7,132,483810288,858122185,3377,9,4,4,1,2,0.005,2,1,False,
bellevue_150th_newport,A9,132,483810288,858122185,3377,9,4,4,3,4,0.001,8,1,False,
bellevue_150th_newport,A5,133,197278981,218320990,2803,9,4,4,4,4,0.001,10,1,False,
bellevue_150th_newport,A6,133,197278981,218320990,2803,9,4,4,4,4,0.001,10,1,False,
bellevue_150th_newport,A7,133,197278981,218320990,2803,9,4,4,1,2,0.005,2,1,False,
bellevue_150th_newport,A9,133,197278981,218320990,2803,9,4,4,4,4,0.001,10,1,False,
bellevue_150th_newport,A5,134,857337809,846361813,2932,10,4,4,4,4,0.0025,10,1,False,
bellevue_150th_newport,A6,134,857337809,846361813,2932,10,4,4,4,4,0.0025,10,1,False,
bellevue_150th_newport,A7,134,857337809,846361813,2932,10,4,4,1,2,0.005,2,1,False,
bellevue_150th_newport,A9,134,857337809,846361813,2932,10,4,4,4,4,0.0025,10,1,False,
bellevue_150th_newport,A5,135,34474102,1246399088,2143,8,6,4,4,4,0.005,9,0.993933737750817,False,
bellevue_150th_newport,A6,135,34474102,1246399088,2143,8,6,4,4,4,0.005,9,0.993933737750817,False,
bellevue_150th_newport,A7,135,34474102,1246399088,2143,8,6,4,1,2,0.005,2,1,False,
bellevue_150th_newport,A9,135,34474102,1246399088,2143,8,6,4,4,4,0.005,9,0.993933737750817,False,
bellevue_150th_newport,A5,136,1708906206,1246348968,2192,12,5,4,4,4,0.005,10,0.99543795620438,False,
bellevue_150th_newport,A6,136,1708906206,1246348968,2192,12,5,4,4,4,0.005,10,0.99543795620438,False,
bellevue_150th_newport,A7,136,1708906206,1246348968,2192,12,5,4,1,1,0.005,1,1,False,
bellevue_150th_newport,A9,136,1708906206,1246348968,2192,12,5,4,4,4,0.005,10,0.99543795620438,False,
bellevue_150th_newport,A5,137,443675962,1196553369,3957,9,4,4,4,4,0.0025,10,1,False,
bellevue_150th_newport,A6,137,443675962,1196553369,3957,9,4,4,4,4,0.0025,10,1,False,
bellevue_150th_newport,A7,137,443675962,1196553369,3957,9,4,4,1,2,0.005,2,1,False,
bellevue_150th_newport,A9,137,443675962,1196553369,3957,9,4,4,4,4,0.0025,10,1,False,
bellevue_150th_newport,A5,138,529311047,48995979,1822,8,8,4,6,4,0.005,13,0.989023051591657,False,
bellevue_150th_newport,A6,138,529311047,48995979,1822,8,8,4,6,4,0.005,13,0.989023051591657,False,
bellevue_150th_newport,A7,138,529311047,48995979,1822,8,8,4,1,1,0.005,1,1,False,
bellevue_150th_newport,A9,138,529311047,48995979,1822,8,8,4,6,4,0.005,13,0.989023051591657,False,
bellevue_150th_newport,A5,139,86638911,846756655,2829,8,4,4,3,4,0.0025,8,1,False,
bellevue_150th_newport,A6,139,86638911,846756655,2829,8,4,4,3,4,0.0025,8,1,False,
bellevue_150th_newport,A7,139,86638911,846756655,2829,8,4,4,1,2,0.005,2,1,False,
bellevue_150th_newport,A9,139,86638911,846756655,2829,8,4,4,3,4,0.0025,8,1,False,
bellevue_150th_newport,A5,140,1620258820,1268232950,2749,9,5,3,4,3,0.001,11,1,False,
bellevue_150th_newport,A6,140,1620258820,1268232950,2749,9,5,3,4,3,0.001,11,1,False,
bellevue_150th_newport,A7,140,1620258820,1268232950,2749,9,5,3,1,1,0.005,1,1,False,
bellevue_150th_newport,A9,140,1620258820,1268232950,2749,9,5,3,4,3,0.001,11,1,False,
bellevue_150th_newport,A5,141,115507633,465273041,1380,9,4,4,3,4,0.001,8,1,False,
bellevue_150th_newport,A6,141,115507633,465273041,1380,9,4,4,3,4,0.001,8,1,False,
bellevue_150th_newport,A7,141,115507633,465273041,1380,9,4,4,1,2,0.005,2,1,False,
bellevue_150th_newport,A9,141,115507633,465273041,1380,9,4,4,3,4,0.001,8,1,False,
bellevue_150th_newport,A5,142,1660936789,146535813,2939,8,4,4,4,4,0.0025,10,1,False,
bellevue_150th_newport,A6,142,1660936789,146535813,2939,8,4,4,4,4,0.0025,10,1,False,
bellevue_150th_newport,A7,142,1660936789,146535813,2939,8,4,4,1,2,0.005,2,1,False,
bellevue_150th_newport,A9,142,1660936789,146535813,2939,8,4,4,4,4,0.0025,10,1,False,
bellevue_150th_newport,A5,143,1279495699,969880433,2391,9,4,4,3,4,0.001,8,1,False,
bellevue_150th_newport,A6,143,1279495699,969880433,2391,9,4,4,3,4,0.001,8,1,False,
bellevue_150th_newport,A7,143,1279495699,969880433,2391,9,4,4,1,2,0.005,2,1,False,
bellevue_150th_newport,A9,143,1279495699,969880433,2391,9,4,4,3,4,0.001,8,1,False,
bellevue_150th_newport,A5,144,1414194090,2087062909,2098,9,5,4,4,4,0.005,9,0.997616777883699,False,
bellevue_150th_newport,A6,144,1414194090,2087062909,2098,9,5,4,4,4,0.005,9,0.997616777883699,False,
bellevue_150th_newport,A7,144,1414194090,2087062909,2098,9,5,4,1,2,0.005,2,1,False,
bellevue_150th_newport,A9,144,1414194090,2087062909,2098,9,5,4,4,4,0.005,9,0.997616777883699,False,
bellevue_150th_newport,A5,145,1253392444,1949204477,2657,9,6,3,6,3,0.005,12,0.988332706059466,False,
bellevue_150th_newport,A6,145,1253392444,1949204477,2657,9,6,3,6,3,0.005,12,0.988332706059466,False,
bellevue_150th_newport,A7,145,1253392444,1949204477,2657,9,6,3,1,1,0.005,1,1,False,
bellevue_150th_newport,A9,145,1253392444,1949204477,2657,9,6,3,6,3,0.005,12,0.988332706059466,False,
bellevue_150th_newport,A5,146,1292404988,1086502861,1699,7,4,4,3,4,0.0025,8,1,False,
bellevue_150th_newport,A6,146,1292404988,1086502861,1699,7,4,4,3,4,0.0025,8,1,False,
bellevue_150th_newport,A7,146,1292404988,1086502861,1699,7,4,4,1,2,0.005,2,1,False,
bellevue_150th_newport,A9,146,1292404988,1086502861,1699,7,4,4,3,4,0.0025,8,1,False,
bellevue_150th_newport,A5,147,1450288845,1517999037,3281,11,5,4,5,4,0.0025,13,1,False,
bellevue_150th_newport,A6,147,1450288845,1517999037,3281,11,5,4,5,4,0.0025,13,1,False,
bellevue_150th_newport,A7,147,1450288845,1517999037,3281,11,5,4,2,2,0.0025,4,1,False,
bellevue_150th_newport,A9,147,1450288845,1517999037,3281,11,5,4,5,4,0.0025,13,1,False,
bellevue_150th_newport,A5,148,1678502627,1487648103,1572,11,8,3,6,2,0.001,11,1,False,
bellevue_150th_newport,A6,148,1678502627,1487648103,1572,11,8,3,6,2,0.001,11,1,False,
bellevue_150th_newport,A7,148,1678502627,1487648103,1572,11,8,3,2,1,0.005,2,1,False,
bellevue_150th_newport,A9,148,1678502627,1487648103,1572,11,8,3,6,2,0.001,11,1,False,
bellevue_150th_newport,A5,149,2002482967,364901865,1862,8,5,4,4,3,0.01,8,0.992481203007519,False,
bellevue_150th_newport,A6,149,2002482967,364901865,1862,8,5,4,4,3,0.001,12,1,False,
bellevue_150th_newport,A7,149,2002482967,364901865,1862,8,5,4,1,1,0.005,1,1,False,
bellevue_150th_newport,A9,149,2002482967,364901865,1862,8,5,4,4,3,0.01,8,0.992481203007519,False,
bellevue_150th_newport,A5,150,1038280551,904549158,3354,10,4,4,4,4,0.0025,10,1,False,
bellevue_150th_newport,A6,150,1038280551,904549158,3354,10,4,4,4,4,0.0025,10,1,False,
bellevue_150th_newport,A7,150,1038280551,904549158,3354,10,4,4,1,2,0.005,2,1,False,
bellevue_150th_newport,A9,150,1038280551,904549158,3354,10,4,4,4,4,0.0025,10,1,False,
bellevue_150th_newport,A5,151,152737801,1495179133,1724,9,5,4,5,4,0.005,8,0.993619489559165,False,
bellevue_150th_newport,A6,151,152737801,1495179133,1724,9,5,4,5,4,0.005,8,0.993619489559165,False,
bellevue_150th_newport,A7,151,152737801,1495179133,1724,9,5,4,1,2,0.005,2,1,False,
bellevue_150th_newport,A9,151,152737801,1495179133,1724,9,5,4,5,4,0.005,8,0.993619489559165,False,
bellevue_150th_newport,A5,152,397960425,1311507176,2638,10,5,4,4,4,0.005,10,0.994313874147081,False,
bellevue_150th_newport,A6,152,397960425,1311507176,2638,10,5,4,4,4,0.005,10,0.994313874147081,False,
bellevue_150th_newport,A7,152,397960425,1311507176,2638,10,5,4,1,2,0.005,2,1,False,
bellevue_150th_newport,A9,152,397960425,1311507176,2638,10,5,4,4,4,0.005,10,0.994313874147081,False,
bellevue_150th_newport,A5,153,1430108441,834109217,3448,9,4,4,3,4,0.0025,8,1,False,
bellevue_150th_newport,A6,153,1430108441,834109217,3448,9,4,4,3,4,0.0025,8,1,False,
bellevue_150th_newport,A7,153,1430108441,834109217,3448,9,4,4,1,2,0.005,2,1,False,
bellevue_150th_newport,A9,153,1430108441,834109217,3448,9,4,4,3,4,0.0025,8,1,False,
bellevue_150th_newport,A5,154,1749278553,660128136,3093,11,4,4,3,4,0.001,8,1,False,
bellevue_150th_newport,A6,154,1749278553,660128136,3093,11,4,4,3,4,0.001,8,1,False,
bellevue_150th_newport,A7,154,1749278553,660128136,3093,11,4,4,1,2,0.005,2,1,False,
bellevue_150th_newport,A9,154,1749278553,660128136,3093,11,4,4,3,4,0.001,8,1,False,
bellevue_150th_newport,A5,155,2004084771,1367989269,2153,10,5,4,4,4,0.001,11,1,False,
bellevue_150th_newport,A6,155,2004084771,1367989269,2153,10,5,4,4,4,0.001,11,1,False,
bellevue_150th_newport,A7,155,2004084771,1367989269,2153,10,5,4,1,2,0.005,2,1,False,
bellevue_150th_newport,A9,155,2004084771,1367989269,2153,10,5,4,4,4,0.001,11,1,False,
bellevue_150th_newport,A5,156,2138786823,2045307486,1874,10,5,4,4,4,0.0025,11,0.998932764140875,False,
bellevue_150th_newport,A6,156,2138786823,2045307486,1874,10,5,4,4,4,0.0025,11,0.998932764140875,False,
bellevue_150th_newport,A7,156,2138786823,2045307486,1874,10,5,4,1,2,0.005,2,1,False,
bellevue_150th_newport,A9,156,2138786823,2045307486,1874,10,5,4,4,4,0.0025,11,0.998932764140875,False,
bellevue_150th_newport,A5,157,1057878029,515565549,985,8,4,4,3,4,0.0025,8,1,False,
bellevue_150th_newport,A6,157,1057878029,515565549,985,8,4,4,3,4,0.0025,8,1,False,
bellevue_150th_newport,A7,157,1057878029,515565549,985,8,4,4,1,1,0.005,1,1,False,
bellevue_150th_newport,A9,157,1057878029,515565549,985,8,4,4,3,4,0.0025,8,1,False,
bellevue_150th_newport,A5,158,16878205,656440674,2832,9,5,4,5,4,0.02,8,0.984463276836158,False,
bellevue_150th_newport,A6,158,16878205,656440674,2832,9,5,4,5,4,0.02,8,0.984463276836158,False,
bellevue_150th_newport,A7,158,16878205,656440674,2832,9,5,4,1,2,0.005,2,1,False,
bellevue_150th_newport,A9,158,16878205,656440674,2832,9,5,4,5,4,0.02,8,0.984463276836158,False,
bellevue_150th_newport,A5,159,1243524738,1257796403,3224,10,4,4,3,4,0.0025,8,1,False,
bellevue_150th_newport,A6,159,1243524738,1257796403,3224,10,4,4,3,4,0.0025,8,1,False,
bellevue_150th_newport,A7,159,1243524738,1257796403,3224,10,4,4,1,2,0.005,2,1,False,
bellevue_150th_newport,A9,159,1243524738,1257796403,3224,10,4,4,3,4,0.0025,8,1,False,
bellevue_150th_newport,A5,160,1163696519,836851781,3039,9,4,4,4,4,0.0025,10,1,False,
bellevue_150th_newport,A6,160,1163696519,836851781,3039,9,4,4,4,4,0.0025,10,1,False,
bellevue_150th_newport,A7,160,1163696519,836851781,3039,9,4,4,1,2,0.005,2,1,False,
bellevue_150th_newport,A9,160,1163696519,836851781,3039,9,4,4,4,4,0.0025,10,1,False,
bellevue_150th_newport,A5,161,1774146074,1396863710,1218,9,4,3,3,3,0.0025,8,1,False,
bellevue_150th_newport,A6,161,1774146074,1396863710,1218,9,4,3,3,3,0.0025,8,1,False,
bellevue_150th_newport,A7,161,1774146074,1396863710,1218,9,4,3,2,1,0.005,2,1,False,
bellevue_150th_newport,A9,161,1774146074,1396863710,1218,9,4,3,3,3,0.0025,8,1,False,
bellevue_150th_newport,A5,162,314871029,125397524,3748,8,4,4,4,4,0.001,10,1,False,
bellevue_150th_newport,A6,162,314871029,125397524,3748,8,4,4,4,4,0.001,10,1,False,
bellevue_150th_newport,A7,162,314871029,125397524,3748,8,4,4,1,2,0.005,2,1,False,
bellevue_150th_newport,A9,162,314871029,125397524,3748,8,4,4,4,4,0.001,10,1,False,
bellevue_150th_newport,A5,163,313759081,965225339,1758,10,4,4,4,4,0.0025,10,1,False,
bellevue_150th_newport,A6,163,313759081,965225339,1758,10,4,4,4,4,0.0025,10,1,False,
bellevue_150th_newport,A7,163,313759081,965225339,1758,10,4,4,1,2,0.005,2,1,False,
bellevue_150th_newport,A9,163,313759081,965225339,1758,10,4,4,4,4,0.0025,10,1,False,
bellevue_150th_newport,A5,164,773340071,1204105848,3116,10,5,4,5,4,0.001,12,0.999679075738126,False,
bellevue_150th_newport,A6,164,773340071,1204105848,3116,10,5,4,5,4,0.001,12,0.999679075738126,False,
bellevue_150th_newport,A7,164,773340071,1204105848,3116,10,5,4,1,2,0.005,2,1,False,
bellevue_150th_newport,A9,164,773340071,1204105848,3116,10,5,4,5,4,0.001,12,0.999679075738126,False,
bellevue_150th_newport,A5,165,2128795657,609697416,3393,11,4,4,3,4,0.001,8,1,False,
bellevue_150th_newport,A6,165,2128795657,609697416,3393,11,4,4,3,4,0.001,8,1,False,
bellevue_150th_newport,A7,165,2128795657,609697416,3393,11,4,4,1,2,0.005,2,1,False,
bellevue_150th_newport,A9,165,2128795657,609697416,3393,11,4,4,3,4,0.001,8,1,False,
bellevue_150th_newport,A5,166,2128604359,1878733268,3391,7,4,4,4,4,0.0025,10,1,False,
bellevue_150th_newport,A6,166,2128604359,1878733268,3391,7,4,4,4,4,0.0025,10,1,False,
bellevue_150th_newport,A7,166,2128604359,1878733268,3391,7,4,4,1,2,0.005,2,1,False,
bellevue_150th_newport,A9,166,2128604359,1878733268,3391,7,4,4,4,4,0.0025,10,1,False,
bellevue_150th_newport,A5,167,1124179404,1762040763,1874,9,3,4,2,3,0.005,6,1,False,
bellevue_150th_newport,A6,167,1124179404,1762040763,1874,9,3,4,2,3,0.005,6,1,False,
bellevue_150th_newport,A7,167,1124179404,1762040763,1874,9,3,4,1,1,0.005,1,1,False,
bellevue_150th_newport,A9,167,1124179404,1762040763,1874,9,3,4,2,3,0.005,6,1,False,
bellevue_150th_newport,A5,168,1927750112,1926493028,2149,10,4,4,3,4,0.0025,8,1,False,
bellevue_150th_newport,A6,168,1927750112,1926493028,2149,10,4,4,3,4,0.0025,8,1,False,
bellevue_150th_newport,A7,168,1927750112,1926493028,2149,10,4,4,1,2,0.005,2,1,False,
bellevue_150th_newport,A9,168,1927750112,1926493028,2149,10,4,4,3,4,0.0025,8,1,False,
bellevue_150th_newport,A5,169,1848159558,484293504,2455,9,4,4,3,4,0.0025,8,1,False,
bellevue_150th_newport,A6,169,1848159558,484293504,2455,9,4,4,3,4,0.0025,8,1,False,
bellevue_150th_newport,A7,169,1848159558,484293504,2455,9,4,4,1,2,0.005,2,1,False,
bellevue_150th_newport,A9,169,1848159558,484293504,2455,9,4,4,3,4,0.0025,8,1,False,
bellevue_150th_newport,A5,170,150459624,488891342,2595,9,5,4,4,4,0.005,9,0.998458574181117,False,
bellevue_150th_newport,A6,170,150459624,488891342,2595,9,5,4,4,4,0.005,9,0.998458574181117,False,
bellevue_150th_newport,A7,170,150459624,488891342,2595,9,5,4,2,2,0.0025,4,1,False,
bellevue_150th_newport,A9,170,150459624,488891342,2595,9,5,4,4,4,0.005,9,0.998458574181117,False,
bellevue_150th_newport,A5,171,1714920142,1260932425,3609,8,4,4,4,4,0.001,10,1,False,
bellevue_150th_newport,A6,171,1714920142,1260932425,3609,8,4,4,4,4,0.001,10,1,False,
bellevue_150th_newport,A7,171,1714920142,1260932425,3609,8,4,4,1,2,0.005,2,1,False,
bellevue_150th_newport,A9,171,1714920142,1260932425,3609,8,4,4,4,4,0.001,10,1,False,
bellevue_150th_newport,A5,172,1621668982,1810820949,2213,8,4,4,4,4,0.0025,10,1,False,
bellevue_150th_newport,A6,172,1621668982,1810820949,2213,8,4,4,4,4,0.0025,10,1,False,
bellevue_150th_newport,A7,172,1621668982,1810820949,2213,8,4,4,1,2,0.005,2,1,False,
bellevue_150th_newport,A9,172,1621668982,1810820949,2213,8,4,4,4,4,0.0025,10,1,False,
bellevue_150th_newport,A5,173,1275675106,105539456,1622,9,5,4,5,4,0.01,9,0.981504315659679,False,
bellevue_150th_newport,A6,173,1275675106,105539456,1622,9,5,4,5,4,0.01,9,0.981504315659679,False,
bellevue_150th_newport,A7,173,1275675106,105539456,1622,9,5,4,1,2,0.005,2,1,False,
bellevue_150th_newport,A9,173,1275675106,105539456,1622,9,5,4,5,4,0.01,9,0.981504315659679,False,
bellevue_150th_newport,A5,174,2144361210,712802286,2440,10,5,4,5,4,0.02,8,0.976639344262295,False,
bellevue_150th_newport,A6,174,2144361210,712802286,2440,10,5,4,5,4,0.02,8,0.976639344262295,False,
bellevue_150th_newport,A7,174,2144361210,712802286,2440,10,5,4,1,2,0.005,2,1,False,
bellevue_150th_newport,A9,174,2144361210,712802286,2440,10,5,4,5,4,0.02,8,0.976639344262295,False,
bellevue_150th_newport,A5,175,614301725,1874559003,2163,9,4,4,3,4,0.0025,8,1,False,
bellevue_150th_newport,A6,175,614301725,1874559003,2163,9,4,4,3,4,0.0025,8,1,False,
bellevue_150th_newport,A7,175,614301725,1874559003,2163,9,4,4,1,2,0.005,2,1,False,
bellevue_150th_newport,A9,175,614301725,1874559003,2163,9,4,4,3,4,0.0025,8,1,False,
bellevue_150th_newport,A5,176,2001410863,1736997603,1192,8,5,4,5,4,0.001,11,0.999161073825503,False,
bellevue_150th_newport,A6,176,2001410863,1736997603,1192,8,5,4,5,4,0.001,11,0.999161073825503,False,
bellevue_150th_newport,A7,176,2001410863,1736997603,1192,8,5,4,2,2,0.005,4,1,False,
bellevue_150th_newport,A9,176,2001410863,1736997603,1192,8,5,4,5,4,0.001,11,0.999161073825503,False,
bellevue_150th_newport,A5,177,550467261,1222610517,2368,10,4,4,4,4,0.001,10,1,False,
bellevue_150th_newport,A6,177,550467261,1222610517,2368,10,4,4,4,4,0.001,10,1,False,
bellevue_150th_newport,A7,177,550467261,1222610517,2368,10,4,4,1,2,0.005,2,1,False,
bellevue_150th_newport,A9,177,550467261,1222610517,2368,10,4,4,4,4,0.001,10,1,False,
bellevue_150th_newport,A5,178,321083271,1770965326,1729,7,8,4,6,4,0.001,15,1,False,
bellevue_150th_newport,A6,178,321083271,1770965326,1729,7,8,4,6,4,0.001,15,1,False,
bellevue_150th_newport,A7,178,321083271,1770965326,1729,7,8,4,1,2,0.005,2,1,False,
bellevue_150th_newport,A9,178,321083271,1770965326,1729,7,8,4,6,4,0.001,15,1,False,
bellevue_150th_newport,A5,179,1876373745,1834485748,2622,10,5,4,4,4,0.001,11,1,False,
bellevue_150th_newport,A6,179,1876373745,1834485748,2622,10,5,4,4,4,0.001,11,1,False,
bellevue_150th_newport,A7,179,1876373745,1834485748,2622,10,5,4,2,2,0.001,4,1,False,
bellevue_150th_newport,A9,179,1876373745,1834485748,2622,10,5,4,4,4,0.001,11,1,False,
bellevue_150th_newport,A5,180,2139896448,1349259556,2137,9,4,4,4,4,0.0025,10,1,False,
bellevue_150th_newport,A6,180,2139896448,1349259556,2137,9,4,4,4,4,0.0025,10,1,False,
bellevue_150th_newport,A7,180,2139896448,1349259556,2137,9,4,4,1,2,0.005,2,1,False,
bellevue_150th_newport,A9,180,2139896448,1349259556,2137,9,4,4,4,4,0.0025,10,1,False,
bellevue_150th_newport,A5,181,1154884180,1090105816,2486,8,5,4,4,4,0.005,8,0.990748189863234,False,
bellevue_150th_newport,A6,181,1154884180,1090105816,2486,8,5,4,4,4,0.005,8,0.990748189863234,False,
bellevue_150th_newport,A7,181,1154884180,1090105816,2486,8,5,4,1,2,0.005,2,1,False,
bellevue_150th_newport,A9,181,1154884180,1090105816,2486,8,5,4,4,4,0.005,8,0.990748189863234,False,
bellevue_150th_newport,A5,182,1540672492,1334941857,1938,9,5,4,4,3,0.005,10,0.997936016511868,False,
bellevue_150th_newport,A6,182,1540672492,1334941857,1938,9,5,4,4,3,0.005,10,0.997936016511868,False,
bellevue_150th_newport,A7,182,1540672492,1334941857,1938,9,5,4,1,1,0.005,1,1,False,
bellevue_150th_newport,A9,182,1540672492,1334941857,1938,9,5,4,4,3,0.005,10,0.997936016511868,False,
bellevue_150th_newport,A5,183,1079870014,1778659422,1817,10,3,3,2,2,0.005,4,1,False,
bellevue_150th_newport,A6,183,1079870014,1778659422,1817,10,3,3,2,2,0.005,4,1,False,
bellevue_150th_newport,A7,183,1079870014,1778659422,1817,10,3,3,1,1,0.005,1,1,False,
bellevue_150th_newport,A9,183,1079870014,1778659422,1817,10,3,3,2,2,0.005,4,1,False,
bellevue_150th_newport,A5,184,828852876,1564648636,2576,12,5,4,4,4,0.0025,11,0.99805900621118,False,
bellevue_150th_newport,A6,184,828852876,1564648636,2576,12,5,4,4,4,0.0025,11,0.99805900621118,False,
bellevue_150th_newport,A7,184,828852876,1564648636,2576,12,5,4,2,2,0.005,4,1,False,
bellevue_150th_newport,A9,184,828852876,1564648636,2576,12,5,4,4,4,0.0025,11,0.99805900621118,False,
bellevue_150th_newport,A5,185,1732827499,2006862309,3062,9,5,4,5,4,0.001,13,1,False,
bellevue_150th_newport,A6,185,1732827499,2006862309,3062,9,5,4,5,4,0.001,13,1,False,
bellevue_150th_newport,A7,185,1732827499,2006862309,3062,9,5,4,1,2,0.005,2,1,False,
bellevue_150th_newport,A9,185,1732827499,2006862309,3062,9,5,4,5,4,0.001,13,1,False,
bellevue_150th_newport,A5,186,1769821232,642423356,2816,11,4,4,4,4,0.001,10,1,False,
bellevue_150th_newport,A6,186,1769821232,642423356,2816,11,4,4,4,4,0.001,10,1,False,
bellevue_150th_newport,A7,186,1769821232,642423356,2816,11,4,4,1,2,0.005,2,1,False,
bellevue_150th_newport,A9,186,1769821232,642423356,2816,11,4,4,4,4,0.001,10,1,False,
bellevue_150th_newport,A5,187,520982676,822377110,2592,7,5,4,5,4,0.02,6,0.984567901234568,False,
bellevue_150th_newport,A6,187,520982676,822377110,2592,7,5,4,5,4,0.02,6,0.984567901234568,False,
bellevue_150th_newport,A7,187,520982676,822377110,2592,7,5,4,1,2,0.005,2,1,False,
bellevue_150th_newport,A9,187,520982676,822377110,2592,7,5,4,5,4,0.02,6,0.984567901234568,False,
bellevue_150th_newport,A5,188,1915208519,1567855981,1945,10,5,4,4,4,0.005,8,0.99280205655527,False,
bellevue_150th_newport,A6,188,1915208519,1567855981,1945,10,5,4,4,4,0.005,8,0.99280205655527,False,
bellevue_150th_newport,A7,188,1915208519,1567855981,1945,10,5,4,1,2,0.005,2,1,False,
bellevue_150th_newport,A9,188,1915208519,1567855981,1945,10,5,4,4,4,0.005,8,0.99280205655527,False,
bellevue_150th_newport,A5,189,2080965873,318954050,2171,9,5,4,4,4,0.02,7,0.97098111469369,False,
bellevue_150th_newport,A6,189,2080965873,318954050,2171,9,5,4,4,4,0.02,7,0.97098111469369,False,
bellevue_150th_newport,A7,189,2080965873,318954050,2171,9,5,4,1,2,0.005,2,1,False,
bellevue_150th_newport,A9,189,2080965873,318954050,2171,9,5,4,4,4,0.02,7,0.97098111469369,False,
bellevue_150th_newport,A5,190,1949705857,848281797,3331,9,5,3,4,3,0.005,9,0.994596217352147,False,
bellevue_150th_newport,A6,190,1949705857,848281797,3331,9,5,3,4,3,0.005,9,0.994596217352147,False,
bellevue_150th_newport,A7,190,1949705857,848281797,3331,9,5,3,1,1,0.005,1,1,False,
bellevue_150th_newport,A9,190,1949705857,848281797,3331,9,5,3,4,3,0.005,9,0.994596217352147,False,
bellevue_150th_newport,A5,191,1461462079,1785325346,1907,10,6,3,5,3,0.01,9,0.987414787624541,False,
bellevue_150th_newport,A6,191,1461462079,1785325346,1907,10,6,3,5,3,0.01,9,0.987414787624541,False,
bellevue_150th_newport,A7,191,1461462079,1785325346,1907,10,6,3,1,1,0.005,1,1,False,
bellevue_150th_newport,A9,191,1461462079,1785325346,1907,10,6,3,5,3,0.01,9,0.987414787624541,False,
bellevue_150th_newport,A5,192,726112165,237143939,3420,10,4,4,3,4,0.001,8,1,False,
bellevue_150th_newport,A6,192,726112165,237143939,3420,10,4,4,3,4,0.001,8,1,False,
bellevue_150th_newport,A7,192,726112165,237143939,3420,10,4,4,1,2,0.005,2,1,False,
bellevue_150th_newport,A9,192,726112165,237143939,3420,10,4,4,3,4,0.001,8,1,False,
bellevue_150th_newport,A5,193,37378517,60862833,2774,8,4,4,3,4,0.0025,8,1,False,
bellevue_150th_newport,A6,193,37378517,60862833,2774,8,4,4,3,4,0.0025,8,1,False,
bellevue_150th_newport,A7,193,37378517,60862833,2774,8,4,4,1,2,0.005,2,1,False,
bellevue_150th_newport,A9,193,37378517,60862833,2774,8,4,4,3,4,0.0025,8,1,False,
bellevue_150th_newport,A5,194,120056672,1720782737,1540,9,5,4,4,4,0.001,13,1,False,
bellevue_150th_newport,A6,194,120056672,1720782737,1540,9,5,4,4,4,0.001,13,1,False,
bellevue_150th_newport,A7,194,120056672,1720782737,1540,9,5,4,1,1,0.005,1,1,False,
bellevue_150th_newport,A9,194,120056672,1720782737,1540,9,5,4,4,4,0.001,13,1,False,
bellevue_150th_newport,A5,195,1196627902,246847864,1454,9,4,4,3,4,0.001,8,1,False,
bellevue_150th_newport,A6,195,1196627902,246847864,1454,9,4,4,3,4,0.001,8,1,False,
bellevue_150th_newport,A7,195,1196627902,246847864,1454,9,4,4,1,2,0.005,2,1,False,
bellevue_150th_newport,A9,195,1196627902,246847864,1454,9,4,4,3,4,0.001,8,1,False,
bellevue_150th_newport,A5,196,57960982,905984091,1544,10,4,4,3,4,0.01,6,0.994818652849741,False,
bellevue_150th_newport,A6,196,57960982,905984091,1544,10,4,4,3,4,0.01,6,0.994818652849741,False,
bellevue_150th_newport,A7,196,57960982,905984091,1544,10,4,4,1,2,0.005,2,1,False,
bellevue_150th_newport,A9,196,57960982,905984091,1544,10,4,4,3,4,0.01,6,0.994818652849741,False,
bellevue_150th_newport,A5,197,1033908861,1454786022,2292,9,5,4,5,4,0.02,8,0.971640488656195,False,
bellevue_150th_newport,A6,197,1033908861,1454786022,2292,9,5,4,5,4,0.02,8,0.971640488656195,False,
bellevue_150th_newport,A7,197,1033908861,1454786022,2292,9,5,4,2,2,0.001,4,1,False,
bellevue_150th_newport,A9,197,1033908861,1454786022,2292,9,5,4,5,4,0.02,8,0.971640488656195,False,
bellevue_150th_newport,A5,198,1839644319,1684384535,3102,8,4,4,3,4,0.001,9,0.999677627337202,False,
bellevue_150th_newport,A6,198,1839644319,1684384535,3102,8,4,4,3,4,0.001,9,0.999677627337202,False,
bellevue_150th_newport,A7,198,1839644319,1684384535,3102,8,4,4,1,2,0.005,2,1,False,
bellevue_150th_newport,A9,198,1839644319,1684384535,3102,8,4,4,3,4,0.001,9,0.999677627337202,False,
bellevue_150th_newport,A5,199,836136160,1079609285,2810,8,4,4,4,4,0.0025,10,0.997508896797153,False,
bellevue_150th_newport,A6,199,836136160,1079609285,2810,8,4,4,4,4,0.0025,10,0.997508896797153,False,
bellevue_150th_newport,A7,199,836136160,1079609285,2810,8,4,4,1,2,0.005,2,1,False,
bellevue_150th_newport,A9,199,836136160,1079609285,2810,8,4,4,4,4,0.0025,10,0.997508896797153,False,
bellevue_150th_newport,A5,200,1346075302,507439822,2810,10,4,4,4,4,0.0025,10,1,False,
bellevue_150th_newport,A6,200,1346075302,507439822,2810,10,4,4,4,4,0.0025,10,1,False,
bellevue_150th_newport,A7,200,1346075302,507439822,2810,10,4,4,1,2,0.005,2,1,False,
bellevue_150th_newport,A9,200,1346075302,507439822,2810,10,4,4,4,4,0.0025,10,1,False,
bellevue_150th_newport,A5,201,483881054,467274182,3061,9,5,4,5,4,0.02,8,0.956223456386802,False,
bellevue_150th_newport,A6,201,483881054,467274182,3061,9,5,4,5,4,0.02,8,0.956223456386802,False,
bellevue_150th_newport,A7,201,483881054,467274182,3061,9,5,4,2,2,0.005,3,0.997713165632146,False,
bellevue_150th_newport,A9,201,483881054,467274182,3061,9,5,4,5,4,0.02,8,0.956223456386802,False,
bellevue_150th_newport,A5,202,1240777813,2145097302,1711,10,4,4,3,4,0.001,8,1,False,
bellevue_150th_newport,A6,202,1240777813,2145097302,1711,10,4,4,3,4,0.001,8,1,False,
bellevue_150th_newport,A7,202,1240777813,2145097302,1711,10,4,4,1,2,0.005,2,1,False,
bellevue_150th_newport,A9,202,1240777813,2145097302,1711,10,4,4,3,4,0.001,8,1,False,
bellevue_150th_newport,A5,203,1833696118,274959466,1744,10,5,4,4,3,0.001,11,1,False,
bellevue_150th_newport,A6,203,1833696118,274959466,1744,10,5,4,4,3,0.001,11,1,False,
bellevue_150th_newport,A7,203,1833696118,274959466,1744,10,5,4,1,1,0.005,1,1,False,
bellevue_150th_newport,A9,203,1833696118,274959466,1744,10,5,4,4,3,0.001,11,1,False,
bellevue_150th_newport,A5,204,2004239986,1221446269,3108,9,5,4,4,4,0.005,9,0.995173745173745,False,
bellevue_150th_newport,A6,204,2004239986,1221446269,3108,9,5,4,4,4,0.005,9,0.995173745173745,False,
bellevue_150th_newport,A7,204,2004239986,1221446269,3108,9,5,4,2,1,0.005,2,1,False,
bellevue_150th_newport,A9,204,2004239986,1221446269,3108,9,5,4,4,4,0.005,9,0.995173745173745,False,
bellevue_150th_newport,A5,205,304604314,1151739116,2656,9,4,4,4,4,0.0025,10,0.999246987951807,False,
bellevue_150th_newport,A6,205,304604314,1151739116,2656,9,4,4,4,4,0.0025,10,0.999246987951807,False,
bellevue_150th_newport,A7,205,304604314,1151739116,2656,9,4,4,1,2,0.005,2,1,False,
bellevue_150th_newport,A9,205,304604314,1151739116,2656,9,4,4,4,4,0.0025,10,0.999246987951807,False,
bellevue_150th_newport,A5,206,1357350064,56939074,2387,8,8,4,6,4,0.001,15,1,False,
bellevue_150th_newport,A6,206,1357350064,56939074,2387,8,8,4,6,4,0.001,15,1,False,
bellevue_150th_newport,A7,206,1357350064,56939074,2387,8,8,4,2,2,0.0025,3,1,False,
bellevue_150th_newport,A9,206,1357350064,56939074,2387,8,8,4,6,4,0.001,15,1,False,
bellevue_150th_newport,A5,207,1769517391,1901409900,4604,8,4,4,4,4,0.0025,10,1,False,
bellevue_150th_newport,A6,207,1769517391,1901409900,4604,8,4,4,4,4,0.0025,10,1,False,
bellevue_150th_newport,A7,207,1769517391,1901409900,4604,8,4,4,1,2,0.005,2,1,False,
bellevue_150th_newport,A9,207,1769517391,1901409900,4604,8,4,4,4,4,0.0025,10,1,False,
bellevue_150th_newport,A5,208,34309871,1722034678,2009,7,4,4,4,4,0.001,11,0.999502239920358,False,
bellevue_150th_newport,A6,208,34309871,1722034678,2009,7,4,4,4,4,0.001,11,0.999502239920358,False,
bellevue_150th_newport,A7,208,34309871,1722034678,2009,7,4,4,1,2,0.005,2,1,False,
bellevue_150th_newport,A9,208,34309871,1722034678,2009,7,4,4,4,4,0.001,11,0.999502239920358,False,
bellevue_150th_newport,A5,209,700828823,1697797710,2503,8,5,4,4,4,0.005,8,0.995205753096284,False,
bellevue_150th_newport,A6,209,700828823,1697797710,2503,8,5,4,4,4,0.005,8,0.995205753096284,False,
bellevue_150th_newport,A7,209,700828823,1697797710,2503,8,5,4,1,2,0.005,2,1,False,
bellevue_150th_newport,A9,209,700828823,1697797710,2503,8,5,4,4,4,0.005,8,0.995205753096284,False,
bellevue_150th_newport,A5,210,719076376,1932121484,1958,7,4,4,4,4,0.001,10,1,False,
bellevue_150th_newport,A6,210,719076376,1932121484,1958,7,4,4,4,4,0.001,10,1,False,
bellevue_150th_newport,A7,210,719076376,1932121484,1958,7,4,4,1,2,0.005,2,1,False,
bellevue_150th_newport,A9,210,719076376,1932121484,1958,7,4,4,4,4,0.001,10,1,False,
bellevue_150th_newport,A5,211,262985177,824774046,592,9,4,4,4,4,0.005,7,0.996621621621622,False,
bellevue_150th_newport,A6,211,262985177,824774046,592,9,4,4,4,4,0.005,7,0.996621621621622,False,
bellevue_150th_newport,A7,211,262985177,824774046,592,9,4,4,1,2,0.005,2,1,False,
bellevue_150th_newport,A9,211,262985177,824774046,592,9,4,4,4,4,0.005,7,0.996621621621622,False,
bellevue_150th_newport,A5,212,998932952,710088579,3591,10,5,4,5,4,0.001,14,1,False,
bellevue_150th_newport,A6,212,998932952,710088579,3591,10,5,4,5,4,0.001,14,1,False,
bellevue_150th_newport,A7,212,998932952,710088579,3591,10,5,4,1,2,0.005,2,1,False,
bellevue_150th_newport,A9,212,998932952,710088579,3591,10,5,4,5,4,0.001,14,1,False,
bellevue_150th_newport,A5,213,68137584,1006409125,2463,9,5,4,5,4,0.005,10,0.993097848152659,False,
bellevue_150th_newport,A6,213,68137584,1006409125,2463,9,5,4,5,4,0.005,10,0.993097848152659,False,
bellevue_150th_newport,A7,213,68137584,1006409125,2463,9,5,4,1,2,0.005,2,1,False,
bellevue_150th_newport,A9,213,68137584,1006409125,2463,9,5,4,5,4,0.005,10,0.993097848152659,False,
bellevue_150th_newport,A5,214,1936866025,1019299442,2011,9,5,4,4,4,0.005,9,0.997513674788662,False,
bellevue_150th_newport,A6,214,1936866025,1019299442,2011,9,5,4,4,4,0.005,9,0.997513674788662,False,
bellevue_150th_newport,A7,214,1936866025,1019299442,2011,9,5,4,1,2,0.005,2,1,False,
bellevue_150th_newport,A9,214,1936866025,1019299442,2011,9,5,4,4,4,0.005,9,0.997513674788662,False,
bellevue_150th_newport,A5,215,1669871494,641216438,2788,9,5,5,5,5,0.001,10,1,False,
bellevue_150th_newport,A6,215,1669871494,641216438,2788,9,5,5,5,5,0.001,10,1,False,
bellevue_150th_newport,A7,215,1669871494,641216438,2788,9,5,5,1,2,0.005,2,1,False,
bellevue_150th_newport,A9,215,1669871494,641216438,2788,9,5,5,5,5,0.001,10,1,False,
bellevue_150th_newport,A5,216,497436271,1285749595,1968,7,4,4,3,4,0.0025,8,1,False,
bellevue_150th_newport,A6,216,497436271,1285749595,1968,7,4,4,3,4,0.0025,8,1,False,
bellevue_150th_newport,A7,216,497436271,1285749595,1968,7,4,4,1,2,0.005,2,1,False,
bellevue_150th_newport,A9,216,497436271,1285749595,1968,7,4,4,3,4,0.0025,8,1,False,
bellevue_150th_newport,A5,217,1142010771,710524148,1576,9,4,4,4,4,0.0025,10,1,False,
bellevue_150th_newport,A6,217,1142010771,710524148,1576,9,4,4,4,4,0.0025,10,1,False,
bellevue_150th_newport,A7,217,1142010771,710524148,1576,9,4,4,1,2,0.005,2,1,False,
bellevue_150th_newport,A9,217,1142010771,710524148,1576,9,4,4,4,4,0.0025,10,1,False,
bellevue_150th_newport,A5,218,1811170466,784424050,1537,7,5,4,3,3,0.005,7,0.998048145738452,False,
bellevue_150th_newport,A6,218,1811170466,784424050,1537,7,5,4,3,3,0.005,7,0.998048145738452,False,
bellevue_150th_newport,A7,218,1811170466,784424050,1537,7,5,4,1,1,0.005,1,1,False,
bellevue_150th_newport,A9,218,1811170466,784424050,1537,7,5,4,3,3,0.005,7,0.998048145738452,False,
bellevue_150th_newport,A5,219,1045196111,1078264647,1653,8,4,4,4,4,0.0025,10,1,False,
bellevue_150th_newport,A6,219,1045196111,1078264647,1653,8,4,4,4,4,0.0025,10,1,False,
bellevue_150th_newport,A7,219,1045196111,1078264647,1653,8,4,4,1,2,0.005,2,1,False,
bellevue_150th_newport,A9,219,1045196111,1078264647,1653,8,4,4,4,4,0.0025,10,1,False,
bellevue_150th_newport,A5,220,228867661,1878024379,1989,9,4,4,4,4,0.01,7,0.985419808949221,False,
bellevue_150th_newport,A6,220,228867661,1878024379,1989,9,4,4,4,4,0.01,7,0.985419808949221,False,
bellevue_150th_newport,A7,220,228867661,1878024379,1989,9,4,4,1,2,0.005,2,1,False,
bellevue_150th_newport,A9,220,228867661,1878024379,1989,9,4,4,4,4,0.01,7,0.985419808949221,False,
bellevue_150th_newport,A5,221,1945349933,191587087,1683,9,5,3,4,3,0.001,10,0.999405822935235,False,
bellevue_150th_newport,A6,221,1945349933,191587087,1683,9,5,3,4,3,0.001,10,0.999405822935235,False,
bellevue_150th_newport,A7,221,1945349933,191587087,1683,9,5,3,2,1,0.005,2,1,False,
bellevue_150th_newport,A9,221,1945349933,191587087,1683,9,5,3,4,3,0.001,10,0.999405822935235,False,
bellevue_150th_newport,A5,222,728884154,1219507814,1914,9,5,4,4,3,0.01,8,0.995820271682341,False,
bellevue_150th_newport,A6,222,728884154,1219507814,1914,9,5,4,4,3,0.001,11,1,False,
bellevue_150th_newport,A7,222,728884154,1219507814,1914,9,5,4,1,1,0.005,1,1,False,
bellevue_150th_newport,A9,222,728884154,1219507814,1914,9,5,4,4,3,0.001,11,1,False,
bellevue_150th_newport,A5,223,656781642,75295364,1913,9,4,4,3,3,0.01,7,0.995295347621537,False,
bellevue_150th_newport,A6,223,656781642,75295364,1913,9,4,4,3,3,0.01,7,0.995295347621537,False,
bellevue_150th_newport,A7,223,656781642,75295364,1913,9,4,4,1,1,0.005,1,1,False,
bellevue_150th_newport,A9,223,656781642,75295364,1913,9,4,4,3,3,0.01,7,0.995295347621537,False,
bellevue_150th_newport,A5,224,1946825588,811760567,1971,10,5,5,5,5,0.005,9,0.997970573313039,False,
bellevue_150th_newport,A6,224,1946825588,811760567,1971,10,5,5,5,5,0.005,9,0.997970573313039,False,
bellevue_150th_newport,A7,224,1946825588,811760567,1971,10,5,5,1,2,0.005,2,1,False,
bellevue_150th_newport,A9,224,1946825588,811760567,1971,10,5,5,5,5,0.005,9,0.997970573313039,False,
bellevue_150th_newport,A5,225,1697431216,1109304523,2435,11,5,4,3,4,0.0025,8,1,False,
bellevue_150th_newport,A6,225,1697431216,1109304523,2435,11,5,4,3,4,0.0025,8,1,False,
bellevue_150th_newport,A7,225,1697431216,1109304523,2435,11,5,4,2,2,0.005,3,1,False,
bellevue_150th_newport,A9,225,1697431216,1109304523,2435,11,5,4,3,4,0.0025,8,1,False,
bellevue_150th_newport,A5,226,976493542,786466343,2566,9,4,4,4,4,0.0025,10,1,False,
bellevue_150th_newport,A6,226,976493542,786466343,2566,9,4,4,4,4,0.0025,10,1,False,
bellevue_150th_newport,A7,226,976493542,786466343,2566,9,4,4,1,2,0.005,2,1,False,
bellevue_150th_newport,A9,226,976493542,786466343,2566,9,4,4,4,4,0.0025,10,1,False,
bellevue_150th_newport,A5,227,51740121,834274307,2416,10,4,4,4,4,0.0025,10,1,False,
bellevue_150th_newport,A6,227,51740121,834274307,2416,10,4,4,4,4,0.0025,10,1,False,
bellevue_150th_newport,A7,227,51740121,834274307,2416,10,4,4,1,2,0.005,2,1,False,
bellevue_150th_newport,A9,227,51740121,834274307,2416,10,4,4,4,4,0.0025,10,1,False,
bellevue_150th_newport,A5,228,1923961506,1697894250,3175,8,4,4,4,4,0.0025,10,1,False,
bellevue_150th_newport,A6,228,1923961506,1697894250,3175,8,4,4,4,4,0.0025,10,1,False,
bellevue_150th_newport,A7,228,1923961506,1697894250,3175,8,4,4,1,2,0.005,2,1,False,
bellevue_150th_newport,A9,228,1923961506,1697894250,3175,8,4,4,4,4,0.0025,10,1,False,
bellevue_150th_newport,A5,229,945471589,1891393722,2701,9,5,4,5,4,0.02,8,0.97741577193632,False,
bellevue_150th_newport,A6,229,945471589,1891393722,2701,9,5,4,5,4,0.02,8,0.97741577193632,False,
bellevue_150th_newport,A7,229,945471589,1891393722,2701,9,5,4,1,1,0.005,1,1,False,
bellevue_150th_newport,A9,229,945471589,1891393722,2701,9,5,4,5,4,0.02,8,0.97741577193632,False,
bellevue_150th_newport,A5,230,442642153,2136384872,2029,9,6,3,5,3,0.005,11,0.995071463775259,False,
bellevue_150th_newport,A6,230,442642153,2136384872,2029,9,6,3,5,3,0.005,11,0.995071463775259,False,
bellevue_150th_newport,A7,230,442642153,2136384872,2029,9,6,3,2,1,0.005,2,1,False,
bellevue_150th_newport,A9,230,442642153,2136384872,2029,9,6,3,5,3,0.005,11,0.995071463775259,False,
bellevue_150th_newport,A5,231,588766439,1296526734,1826,9,4,4,3,4,0.02,6,0.992332968236583,False,
bellevue_150th_newport,A6,231,588766439,1296526734,1826,9,4,4,3,4,0.02,6,0.992332968236583,False,
bellevue_150th_newport,A7,231,588766439,1296526734,1826,9,4,4,1,2,0.005,2,1,False,
bellevue_150th_newport,A9,231,588766439,1296526734,1826,9,4,4,3,4,0.02,6,0.992332968236583,False,
bellevue_150th_newport,A5,232,182335166,1610585452,1618,9,5,4,5,4,0.0025,9,1,False,
bellevue_150th_newport,A6,232,182335166,1610585452,1618,9,5,4,5,4,0.0025,9,1,False,
bellevue_150th_newport,A7,232,182335166,1610585452,1618,9,5,4,1,2,0.005,2,1,False,
bellevue_150th_newport,A9,232,182335166,1610585452,1618,9,5,4,5,4,0.0025,9,1,False,
bellevue_150th_newport,A5,233,1254436076,1206525106,2891,10,4,4,4,4,0.005,10,0.998616395710827,False,
bellevue_150th_newport,A6,233,1254436076,1206525106,2891,10,4,4,4,4,0.005,10,0.998616395710827,False,
bellevue_150th_newport,A7,233,1254436076,1206525106,2891,10,4,4,1,2,0.005,2,1,False,
bellevue_150th_newport,A9,233,1254436076,1206525106,2891,10,4,4,4,4,0.005,10,0.998616395710827,False,
bellevue_150th_newport,A5,234,622625656,554879548,3224,11,5,4,5,4,0.02,8,0.972394540942928,False,
bellevue_150th_newport,A6,234,622625656,554879548,3224,11,5,4,5,4,0.02,8,0.972394540942928,False,
bellevue_150th_newport,A7,234,622625656,554879548,3224,11,5,4,1,2,0.005,2,1,False,
bellevue_150th_newport,A9,234,622625656,554879548,3224,11,5,4,5,4,0.02,8,0.972394540942928,False,
bellevue_150th_newport,A5,235,370195934,1725971989,2569,8,5,4,4,3,0.005,9,0.99766446087972,False,
bellevue_150th_newport,A6,235,370195934,1725971989,2569,8,5,4,4,3,0.005,9,0.99766446087972,False,
bellevue_150th_newport,A7,235,370195934,1725971989,2569,8,5,4,1,1,0.005,1,1,False,
bellevue_150th_newport,A9,235,370195934,1725971989,2569,8,5,4,4,3,0.005,9,0.99766446087972,False,
bellevue_150th_newport,A5,236,438994228,548308552,1967,9,4,4,3,4,0.001,8,1,False,
bellevue_150th_newport,A6,236,438994228,548308552,1967,9,4,4,3,4,0.001,8,1,False,
bellevue_150th_newport,A7,236,438994228,548308552,1967,9,4,4,1,2,0.005,2,1,False,
bellevue_150th_newport,A9,236,438994228,548308552,1967,9,4,4,3,4,0.001,8,1,False,
bellevue_150th_newport,A5,237,690473504,232671882,3008,12,4,4,3,4,0.001,8,1,False,
bellevue_150th_newport,A6,237,690473504,232671882,3008,12,4,4,3,4,0.001,8,1,False,
bellevue_150th_newport,A7,237,690473504,232671882,3008,12,4,4,1,2,0.005,2,1,False,
bellevue_150th_newport,A9,237,690473504,232671882,3008,12,4,4,3,4,0.001,8,1,False,
bellevue_150th_newport,A5,238,1943290921,233585763,3679,8,4,4,3,4,0.0025,8,1,False,
bellevue_150th_newport,A6,238,1943290921,233585763,3679,8,4,4,3,4,0.0025,8,1,False,
bellevue_150th_newport,A7,238,1943290921,233585763,3679,8,4,4,1,2,0.005,2,1,False,
bellevue_150th_newport,A9,238,1943290921,233585763,3679,8,4,4,3,4,0.0025,8,1,False,
bellevue_150th_newport,A5,239,1833331163,1050299823,3033,10,5,4,4,4,0.001,11,0.999340586877679,False,
bellevue_150th_newport,A6,239,1833331163,1050299823,3033,10,5,4,4,4,0.001,11,0.999340586877679,False,
bellevue_150th_newport,A7,239,1833331163,1050299823,3033,10,5,4,1,2,0.005,2,1,False,
bellevue_150th_newport,A9,239,1833331163,1050299823,3033,10,5,4,4,4,0.001,11,0.999340586877679,False,
bellevue_150th_newport,A5,240,317765502,2143753068,2033,8,4,4,3,4,0.02,6,0.988194786030497,False,
bellevue_150th_newport,A6,240,317765502,2143753068,2033,8,4,4,3,4,0.02,6,0.988194786030497,False,
bellevue_150th_newport,A7,240,317765502,2143753068,2033,8,4,4,1,2,0.005,2,1,False,
bellevue_150th_newport,A9,240,317765502,2143753068,2033,8,4,4,3,4,0.02,6,0.988194786030497,False,
bellevue_150th_newport,A5,241,1112298807,1720683831,1750,9,5,4,4,4,0.005,9,0.993142857142857,False,
bellevue_150th_newport,A6,241,1112298807,1720683831,1750,9,5,4,4,4,0.005,9,0.993142857142857,False,
bellevue_150th_newport,A7,241,1112298807,1720683831,1750,9,5,4,1,1,0.005,1,1,False,
bellevue_150th_newport,A9,241,1112298807,1720683831,1750,9,5,4,4,4,0.005,9,0.993142857142857,False,
bellevue_150th_newport,A5,242,286837382,1370155244,1723,9,5,4,4,3,0.005,9,0.996517701683111,False,
bellevue_150th_newport,A6,242,286837382,1370155244,1723,9,5,4,4,3,0.005,9,0.996517701683111,False,
bellevue_150th_newport,A7,242,286837382,1370155244,1723,9,5,4,2,1,0.005,2,1,False,
bellevue_150th_newport,A9,242,286837382,1370155244,1723,9,5,4,4,3,0.005,9,0.996517701683111,False,
bellevue_150th_newport,A5,243,781384864,22987601,2720,10,5,4,4,4,0.001,10,0.999632352941176,False,
bellevue_150th_newport,A6,243,781384864,22987601,2720,10,5,4,4,4,0.001,10,0.999632352941176,False,
bellevue_150th_newport,A7,243,781384864,22987601,2720,10,5,4,1,2,0.005,2,1,False,
bellevue_150th_newport,A9,243,781384864,22987601,2720,10,5,4,4,4,0.001,10,0.999632352941176,False,
bellevue_150th_newport,A5,244,300669791,1231373270,1806,9,5,4,4,4,0.01,7,0.988925802879291,False,
bellevue_150th_newport,A6,244,300669791,1231373270,1806,9,5,4,4,4,0.01,7,0.988925802879291,False,
bellevue_150th_newport,A7,244,300669791,1231373270,1806,9,5,4,2,2,0.005,3,1,False,
bellevue_150th_newport,A9,244,300669791,1231373270,1806,9,5,4,4,4,0.01,7,0.988925802879291,False,
bellevue_150th_newport,A5,245,233483221,2103045064,2625,11,5,4,5,4,0.0025,11,0.997333333333333,False,
bellevue_150th_newport,A6,245,233483221,2103045064,2625,11,5,4,5,4,0.0025,11,0.997333333333333,False,
bellevue_150th_newport,A7,245,233483221,2103045064,2625,11,5,4,1,2,0.005,2,1,False,
bellevue_150th_newport,A9,245,233483221,2103045064,2625,11,5,4,5,4,0.0025,11,0.997333333333333,False,
bellevue_150th_newport,A5,246,380481461,1428129244,3983,9,5,4,5,4,0.001,13,0.999246798895305,False,
bellevue_150th_newport,A6,246,380481461,1428129244,3983,9,5,4,5,4,0.001,13,0.999246798895305,False,
bellevue_150th_newport,A7,246,380481461,1428129244,3983,9,5,4,2,2,0.0025,4,1,False,
bellevue_150th_newport,A9,246,380481461,1428129244,3983,9,5,4,5,4,0.001,13,0.999246798895305,False,
bellevue_150th_newport,A5,247,1362079142,761845486,1791,9,6,3,4,3,0.0025,12,1,False,
bellevue_150th_newport,A6,247,1362079142,761845486,1791,9,6,3,4,3,0.0025,12,1,False,
bellevue_150th_newport,A7,247,1362079142,761845486,1791,9,6,3,1,1,0.005,1,1,False,
bellevue_150th_newport,A9,247,1362079142,761845486,1791,9,6,3,4,3,0.0025,12,1,False,
bellevue_150th_newport,A5,248,1459300465,512834967,2931,9,5,4,4,4,0.02,8,0.981235073353804,False,
bellevue_150th_newport,A6,248,1459300465,512834967,2931,9,5,4,4,4,0.02,8,0.981235073353804,False,
bellevue_150th_newport,A7,248,1459300465,512834967,2931,9,5,4,1,2,0.005,2,1,False,
bellevue_150th_newport,A9,248,1459300465,512834967,2931,9,5,4,4,4,0.02,8,0.981235073353804,False,
bellevue_150th_newport,A5,249,1558610361,194052584,2990,6,5,4,5,4,0.005,10,0.992976588628763,False,
bellevue_150th_newport,A6,249,1558610361,194052584,2990,6,5,4,5,4,0.005,10,0.992976588628763,False,
bellevue_150th_newport,A7,249,1558610361,194052584,2990,6,5,4,1,2,0.005,2,1,False,
bellevue_150th_newport,A9,249,1558610361,194052584,2990,6,5,4,5,4,0.005,10,0.992976588628763,False,
bellevue_150th_newport,A5,250,109032058,270798574,1026,8,5,4,3,3,0.0025,8,1,False,
bellevue_150th_newport,A6,250,109032058,270798574,1026,8,5,4,3,3,0.0025,8,1,False,
bellevue_150th_newport,A7,250,109032058,270798574,1026,8,5,4,1,1,0.005,1,1,False,
bellevue_150th_newport,A9,250,109032058,270798574,1026,8,5,4,3,3,0.0025,8,1,False,
bellevue_150th_newport,A5,251,1678647849,650613902,2445,9,5,4,4,4,0.01,8,0.980777096114519,False,
bellevue_150th_newport,A6,251,1678647849,650613902,2445,9,5,4,4,4,0.01,8,0.980777096114519,False,
bellevue_150th_newport,A7,251,1678647849,650613902,2445,9,5,4,2,1,0.005,2,1,False,
bellevue_150th_newport,A9,251,1678647849,650613902,2445,9,5,4,4,4,0.01,8,0.980777096114519,False,
bellevue_150th_newport,A5,252,663727140,419419338,2038,11,4,4,3,4,0.0025,8,1,False,
bellevue_150th_newport,A6,252,663727140,419419338,2038,11,4,4,3,4,0.0025,8,1,False,
bellevue_150th_newport,A7,252,663727140,419419338,2038,11,4,4,1,2,0.005,2,1,False,
bellevue_150th_newport,A9,252,663727140,419419338,2038,11,4,4,3,4,0.0025,8,1,False,
bellevue_150th_newport,A5,253,1785704046,1466136866,1908,12,4,4,3,4,0.0025,8,1,False,
bellevue_150th_newport,A6,253,1785704046,1466136866,1908,12,4,4,3,4,0.0025,8,1,False,
bellevue_150th_newport,A7,253,1785704046,1466136866,1908,12,4,4,1,2,0.005,2,1,False,
bellevue_150th_newport,A9,253,1785704046,1466136866,1908,12,4,4,3,4,0.0025,8,1,False,
bellevue_150th_newport,A5,254,947227595,1226641764,2619,11,4,4,3,4,0.0025,8,1,False,
bellevue_150th_newport,A6,254,947227595,1226641764,2619,11,4,4,3,4,0.0025,8,1,False,
bellevue_150th_newport,A7,254,947227595,1226641764,2619,11,4,4,1,2,0.005,2,1,False,
bellevue_150th_newport,A9,254,947227595,1226641764,2619,11,4,4,3,4,0.0025,8,1,False,
bellevue_150th_newport,A5,255,460652170,1203041274,4258,9,4,4,4,4,0.001,10,1,False,
bellevue_150th_newport,A6,255,460652170,1203041274,4258,9,4,4,4,4,0.001,10,1,False,
bellevue_150th_newport,A7,255,460652170,1203041274,4258,9,4,4,1,2,0.005,2,1,False,
bellevue_150th_newport,A9,255,460652170,1203041274,4258,9,4,4,4,4,0.001,10,1,False,
bellevue_150th_newport,A5,256,1335041870,1979441568,2604,8,5,3,4,2,0.005,7,0.998463901689708,False,
bellevue_150th_newport,A6,256,1335041870,1979441568,2604,8,5,3,4,2,0.005,7,0.998463901689708,False,
bellevue_150th_newport,A7,256,1335041870,1979441568,2604,8,5,3,2,1,0.005,2,1,False,
bellevue_150th_newport,A9,256,1335041870,1979441568,2604,8,5,3,4,2,0.005,7,0.998463901689708,False,
bellevue_150th_newport,A5,257,1635552805,1736284102,1405,7,5,5,5,4,0.005,9,0.998576512455516,False,
bellevue_150th_newport,A6,257,1635552805,1736284102,1405,7,5,5,5,4,0.005,9,0.998576512455516,False,
bellevue_150th_newport,A7,257,1635552805,1736284102,1405,7,5,5,1,2,0.005,2,1,False,
bellevue_150th_newport,A9,257,1635552805,1736284102,1405,7,5,5,5,4,0.005,9,0.998576512455516,False,
bellevue_150th_newport,A5,258,282959419,340950156,3211,8,4,4,4,4,0.0025,10,1,False,
bellevue_150th_newport,A6,258,282959419,340950156,3211,8,4,4,4,4,0.0025,10,1,False,
bellevue_150th_newport,A7,258,282959419,340950156,3211,8,4,4,1,2,0.005,2,1,False,
bellevue_150th_newport,A9,258,282959419,340950156,3211,8,4,4,4,4,0.0025,10,1,False,
bellevue_150th_newport,A5,259,1595996403,82216372,2555,7,5,4,4,3,0.005,8,0.998043052837573,False,
bellevue_150th_newport,A6,259,1595996403,82216372,2555,7,5,4,4,3,0.005,8,0.998043052837573,False,
bellevue_150th_newport,A7,259,1595996403,82216372,2555,7,5,4,2,1,0.005,2,1,False,
bellevue_150th_newport,A9,259,1595996403,82216372,2555,7,5,4,4,3,0.005,8,0.998043052837573,False,
bellevue_150th_newport,A5,260,270633016,997471138,3670,9,6,4,5,4,0.005,11,0.993188010899183,False,
bellevue_150th_newport,A6,260,270633016,997471138,3670,9,6,4,5,4,0.005,11,0.993188010899183,False,
bellevue_150th_newport,A7,260,270633016,997471138,3670,9,6,4,2,2,0.0025,4,1,False,
bellevue_150th_newport,A9,260,270633016,997471138,3670,9,6,4,5,4,0.005,11,0.993188010899183,False,
bellevue_150th_newport,A5,261,1659749025,1494378604,1871,9,5,4,4,3,0.001,11,0.99946552645644,False,
bellevue_150th_newport,A6,261,1659749025,1494378604,1871,9,5,4,4,3,0.001,11,0.99946552645644,False,
bellevue_150th_newport,A7,261,1659749025,1494378604,1871,9,5,4,2,1,0.005,2,1,False,
bellevue_150th_newport,A9,261,1659749025,1494378604,1871,9,5,4,4,3,0.001,11,0.99946552645644,False,
bellevue_150th_newport,A5,262,453119342,1432144140,2113,9,4,4,3,4,0.0025,8,1,False,
bellevue_150th_newport,A6,262,453119342,1432144140,2113,9,4,4,3,4,0.0025,8,1,False,
bellevue_150th_newport,A7,262,453119342,1432144140,2113,9,4,4,1,2,0.005,2,1,False,
bellevue_150th_newport,A9,262,453119342,1432144140,2113,9,4,4,3,4,0.0025,8,1,False,
bellevue_150th_newport,A5,263,1667497444,1462810047,2584,8,5,3,4,3,0.005,9,0.995356037151703,False,
bellevue_150th_newport,A6,263,1667497444,1462810047,2584,8,5,3,4,3,0.005,9,0.995356037151703,False,
bellevue_150th_newport,A7,263,1667497444,1462810047,2584,8,5,3,1,1,0.005,1,1,False,
bellevue_150th_newport,A9,263,1667497444,1462810047,2584,8,5,3,4,3,0.005,9,0.995356037151703,False,
bellevue_150th_newport,A5,264,1953800428,1046391155,3370,8,4,4,4,4,0.001,10,0.999406528189911,False,
bellevue_150th_newport,A6,264,1953800428,1046391155,3370,8,4,4,4,4,0.001,10,0.999406528189911,False,
bellevue_150th_newport,A7,264,1953800428,1046391155,3370,8,4,4,1,2,0.005,2,1,False,
bellevue_150th_newport,A9,264,1953800428,1046391155,3370,8,4,4,4,4,0.001,10,0.999406528189911,False,
bellevue_150th_newport,A5,265,1920842821,450590054,2545,9,5,4,5,4,0.001,13,1,False,
bellevue_150th_newport,A6,265,1920842821,450590054,2545,9,5,4,5,4,0.001,13,1,False,
bellevue_150th_newport,A7,265,1920842821,450590054,2545,9,5,4,1,2,0.005,2,1,False,
bellevue_150th_newport,A9,265,1920842821,450590054,2545,9,5,4,5,4,0.001,13,1,False,
bellevue_150th_newport,A5,266,920674179,2116438890,2343,9,5,4,3,4,0.02,7,0.991463935125907,False,
bellevue_150th_newport,A6,266,920674179,2116438890,2343,9,5,4,3,4,0.02,7,0.991463935125907,False,
bellevue_150th_newport,A7,266,920674179,2116438890,2343,9,5,4,1,1,0.005,1,1,False,
bellevue_150th_newport,A9,266,920674179,2116438890,2343,9,5,4,3,4,0.02,7,0.991463935125907,False,
bellevue_150th_newport,A5,267,1752340593,802253568,1812,10,5,4,4,4,0.001,12,1,False,
bellevue_150th_newport,A6,267,1752340593,802253568,1812,10,5,4,4,4,0.001,12,1,False,
bellevue_150th_newport,A7,267,1752340593,802253568,1812,10,5,4,1,2,0.005,2,1,False,
bellevue_150th_newport,A9,267,1752340593,802253568,1812,10,5,4,4,4,0.001,12,1,False,
bellevue_150th_newport,A5,268,1560052490,834702825,2291,9,5,4,5,4,0.001,13,0.999563509384548,False,
bellevue_150th_newport,A6,268,1560052490,834702825,2291,9,5,4,5,4,0.001,13,0.999563509384548,False,
bellevue_150th_newport,A7,268,1560052490,834702825,2291,9,5,4,2,2,0.005,3,1,False,
bellevue_150th_newport,A9,268,1560052490,834702825,2291,9,5,4,5,4,0.001,13,0.999563509384548,False,
bellevue_150th_newport,A5,269,1284465946,791834472,3665,9,4,4,3,4,0.001,8,1,False,
bellevue_150th_newport,A6,269,1284465946,791834472,3665,9,4,4,3,4,0.001,8,1,False,
bellevue_150th_newport,A7,269,1284465946,791834472,3665,9,4,4,1,2,0.005,2,1,False,
bellevue_150th_newport,A9,269,1284465946,791834472,3665,9,4,4,3,4,0.001,8,1,False,
bellevue_150th_newport,A5,270,2100579721,471346795,3684,8,4,4,3,4,0.001,8,1,False,
bellevue_150th_newport,A6,270,2100579721,471346795,3684,8,4,4,3,4,0.001,8,1,False,
bellevue_150th_newport,A7,270,2100579721,471346795,3684,8,4,4,1,2,0.005,2,1,False,
bellevue_150th_newport,A9,270,2100579721,471346795,3684,8,4,4,3,4,0.001,8,1,False,
bellevue_150th_newport,A5,271,1086062130,1926330465,3211,9,5,4,5,4,0.02,8,0.966365618187481,False,
bellevue_150th_newport,A6,271,1086062130,1926330465,3211,9,5,4,5,4,0.02,8,0.966365618187481,False,
bellevue_150th_newport,A7,271,1086062130,1926330465,3211,9,5,4,1,2,0.005,2,1,False,
bellevue_150th_newport,A9,271,1086062130,1926330465,3211,9,5,4,5,4,0.02,8,0.966365618187481,False,
bellevue_150th_newport,A5,272,1155047510,1043651796,1877,9,3,3,2,3,0.005,6,1,False,
bellevue_150th_newport,A6,272,1155047510,1043651796,1877,9,3,3,2,3,0.005,6,1,False,
bellevue_150th_newport,A7,272,1155047510,1043651796,1877,9,3,3,1,1,0.005,1,1,False,
bellevue_150th_newport,A9,272,1155047510,1043651796,1877,9,3,3,2,3,0.005,6,1,False,
bellevue_150th_newport,A5,273,1305700642,1088417065,2256,11,4,4,4,4,0.0025,10,1,False,
bellevue_150th_newport,A6,273,1305700642,1088417065,2256,11,4,4,4,4,0.0025,10,1,False,
bellevue_150th_newport,A7,273,1305700642,1088417065,2256,11,4,4,1,2,0.005,2,1,False,
bellevue_150th_newport,A9,273,1305700642,1088417065,2256,11,4,4,4,4,0.0025,10,1,False,
bellevue_150th_newport,A5,274,744625092,2025365909,2383,10,4,4,3,4,0.001,8,1,False,
bellevue_150th_newport,A6,274,744625092,2025365909,2383,10,4,4,3,4,0.001,8,1,False,
bellevue_150th_newport,A7,274,744625092,2025365909,2383,10,4,4,1,2,0.005,2,1,False,
bellevue_150th_newport,A9,274,744625092,2025365909,2383,10,4,4,3,4,0.001,8,1,False,
bellevue_150th_newport,A5,275,1380079943,283803113,2562,8,5,3,4,3,0.001,11,1,False,
bellevue_150th_newport,A6,275,1380079943,283803113,2562,8,5,3,4,3,0.001,11,1,False,
bellevue_150th_newport,A7,275,1380079943,283803113,2562,8,5,3,2,1,0.005,2,1,False,
bellevue_150th_newport,A9,275,1380079943,283803113,2562,8,5,3,4,3,0.001,11,1,False,
bellevue_150th_newport,A5,276,1215307159,1956863966,2129,11,5,4,4,4,0.0025,11,0.999530295913574,False,
bellevue_150th_newport,A6,276,1215307159,1956863966,2129,11,5,4,4,4,0.0025,11,0.999530295913574,False,
bellevue_150th_newport,A7,276,1215307159,1956863966,2129,11,5,4,2,2,0.005,3,1,False,
bellevue_150th_newport,A9,276,1215307159,1956863966,2129,11,5,4,4,4,0.0025,11,0.999530295913574,False,
bellevue_150th_newport,A5,277,1722492679,1551266773,3879,9,5,4,4,4,0.02,7,0.975509151843259,False,
bellevue_150th_newport,A6,277,1722492679,1551266773,3879,9,5,4,4,4,0.02,7,0.975509151843259,False,
bellevue_150th_newport,A7,277,1722492679,1551266773,3879,9,5,4,1,2,0.005,2,1,False,
bellevue_150th_newport,A9,277,1722492679,1551266773,3879,9,5,4,4,4,0.02,7,0.975509151843259,False,
bellevue_150th_newport,A5,278,333589916,1015045273,1827,8,4,4,4,4,0.0025,10,1,False,
bellevue_150th_newport,A6,278,333589916,1015045273,1827,8,4,4,4,4,0.0025,10,1,False,
bellevue_150th_newport,A7,278,333589916,1015045273,1827,8,4,4,1,2,0.005,2,1,False,
bellevue_150th_newport,A9,278,333589916,1015045273,1827,8,4,4,4,4,0.0025,10,1,False,
bellevue_150th_newport,A5,279,2084389604,53767886,1400,8,4,4,4,4,0.0025,10,1,False,
bellevue_150th_newport,A6,279,2084389604,53767886,1400,8,4,4,4,4,0.0025,10,1,False,
bellevue_150th_newport,A7,279,2084389604,53767886,1400,8,4,4,1,2,0.005,2,1,False,
bellevue_150th_newport,A9,279,2084389604,53767886,1400,8,4,4,4,4,0.0025,10,1,False,
bellevue_150th_newport,A5,280,1932735748,183227869,2174,10,8,8,7,5,0.001,28,0.998620055197792,False,
bellevue_150th_newport,A6,280,1932735748,183227869,2174,10,8,8,7,5,0.001,28,0.998620055197792,False,
bellevue_150th_newport,A7,280,1932735748,183227869,2174,10,8,8,1,1,0.005,1,1,False,
bellevue_150th_newport,A9,280,1932735748,183227869,2174,10,8,8,7,5,0.001,28,0.998620055197792,False,
bellevue_150th_newport,A5,281,1792134613,2013000269,1735,10,5,4,4,4,0.001,11,1,False,
bellevue_150th_newport,A6,281,1792134613,2013000269,1735,10,5,4,4,4,0.001,11,1,False,
bellevue_150th_newport,A7,281,1792134613,2013000269,1735,10,5,4,1,2,0.005,2,1,False,
bellevue_150th_newport,A9,281,1792134613,2013000269,1735,10,5,4,4,4,0.001,11,1,False,
bellevue_150th_newport,A5,282,1346829615,376578704,4264,7,4,4,4,4,0.0025,9,0.997889305816135,False,
bellevue_150th_newport,A6,282,1346829615,376578704,4264,7,4,4,4,4,0.0025,9,0.997889305816135,False,
bellevue_150th_newport,A7,282,1346829615,376578704,4264,7,4,4,1,2,0.005,2,1,False,
bellevue_150th_newport,A9,282,1346829615,376578704,4264,7,4,4,4,4,0.0025,9,0.997889305816135,False,
bellevue_150th_newport,A5,283,1332861525,1046633065,4761,8,5,4,5,4,0.02,8,0.969124133585381,False,
bellevue_150th_newport,A6,283,1332861525,1046633065,4761,8,5,4,5,4,0.02,8,0.969124133585381,False,
bellevue_150th_newport,A7,283,1332861525,1046633065,4761,8,5,4,2,2,0.005,3,1,False,
bellevue_150th_newport,A9,283,1332861525,1046633065,4761,8,5,4,5,4,0.02,8,0.969124133585381,False,
bellevue_150th_newport,A5,284,987464391,2051592331,2871,9,5,4,4,4,0.01,8,0.987460815047022,False,
bellevue_150th_newport,A6,284,987464391,2051592331,2871,9,5,4,4,4,0.005,9,0.991640543364681,False,
bellevue_150th_newport,A7,284,987464391,2051592331,2871,9,5,4,1,2,0.005,2,1,False,
bellevue_150th_newport,A9,284,987464391,2051592331,2871,9,5,4,4,4,0.005,9,0.991640543364681,False,
bellevue_150th_newport,A5,285,2134171300,304617374,2895,9,5,4,4,4,0.001,10,1,False,
bellevue_150th_newport,A6,285,2134171300,304617374,2895,9,5,4,4,4,0.001,10,1,False,
bellevue_150th_newport,A7,285,2134171300,304617374,2895,9,5,4,2,2,0.0025,4,1,False,
bellevue_150th_newport,A9,285,2134171300,304617374,2895,9,5,4,4,4,0.001,10,1,False,
bellevue_150th_newport,A5,286,2036821848,1429922931,2489,9,5,4,4,4,0.0025,10,1,False,
bellevue_150th_newport,A6,286,2036821848,1429922931,2489,9,5,4,4,4,0.0025,10,1,False,
bellevue_150th_newport,A7,286,2036821848,1429922931,2489,9,5,4,2,2,0.005,3,1,False,
bellevue_150th_newport,A9,286,2036821848,1429922931,2489,9,5,4,4,4,0.0025,10,1,False,
bellevue_150th_newport,A5,287,1899214435,1632151570,2583,11,5,4,5,4,0.001,12,0.99961285327139,False,
bellevue_150th_newport,A6,287,1899214435,1632151570,2583,11,5,4,5,4,0.001,12,0.99961285327139,False,
bellevue_150th_newport,A7,287,1899214435,1632151570,2583,11,5,4,1,2,0.005,2,1,False,
bellevue_150th_newport,A9,287,1899214435,1632151570,2583,11,5,4,5,4,0.001,12,0.99961285327139,False,
bellevue_150th_newport,A5,288,176024639,1722438116,2539,10,5,4,5,4,0.001,13,1,False,
bellevue_150th_newport,A6,288,176024639,1722438116,2539,10,5,4,5,4,0.001,13,1,False,
bellevue_150th_newport,A7,288,176024639,1722438116,2539,10,5,4,2,2,0.0025,4,1,False,
bellevue_150th_newport,A9,288,176024639,1722438116,2539,10,5,4,5,4,0.001,13,1,False,
bellevue_150th_newport,A5,289,1738382772,1050900423,2861,9,5,4,5,4,0.0025,13,0.99790283117791,False,
bellevue_150th_newport,A6,289,1738382772,1050900423,2861,9,5,4,5,4,0.0025,13,0.99790283117791,False,
bellevue_150th_newport,A7,289,1738382772,1050900423,2861,9,5,4,1,2,0.005,2,1,False,
bellevue_150th_newport,A9,289,1738382772,1050900423,2861,9,5,4,5,4,0.0025,13,0.99790283117791,False,
bellevue_150th_newport,A5,290,182427078,1952992934,2414,10,4,4,4,4,0.001,10,1,False,
bellevue_150th_newport,A6,290,182427078,1952992934,2414,10,4,4,4,4,0.001,10,1,False,
bellevue_150th_newport,A7,290,182427078,1952992934,2414,10,4,4,1,2,0.005,2,1,False,
bellevue_150th_newport,A9,290,182427078,1952992934,2414,10,4,4,4,4,0.001,10,1,False,
bellevue_150th_newport,A5,291,1847621057,211871224,2385,8,5,4,3,3,0.001,8,1,False,
bellevue_150th_newport,A6,291,1847621057,211871224,2385,8,5,4,3,3,0.001,8,1,False,
bellevue_150th_newport,A7,291,1847621057,211871224,2385,8,5,4,1,1,0.005,1,1,False,
bellevue_150th_newport,A9,291,1847621057,211871224,2385,8,5,4,3,3,0.001,8,1,False,
bellevue_150th_newport,A5,292,1409365731,1473598638,3485,8,5,4,5,4,0.0025,9,1,False,
bellevue_150th_newport,A6,292,1409365731,1473598638,3485,8,5,4,5,4,0.0025,9,1,False,
bellevue_150th_newport,A7,292,1409365731,1473598638,3485,8,5,4,1,2,0.005,2,1,False,
bellevue_150th_newport,A9,292,1409365731,1473598638,3485,8,5,4,5,4,0.0025,9,1,False,
bellevue_150th_newport,A5,293,1556750491,1137967947,3430,11,4,4,4,4,0.0025,10,1,False,
bellevue_150th_newport,A6,293,1556750491,1137967947,3430,11,4,4,4,4,0.0025,10,1,False,
bellevue_150th_newport,A7,293,1556750491,1137967947,3430,11,4,4,1,2,0.005,2,1,False,
bellevue_150th_newport,A9,293,1556750491,1137967947,3430,11,4,4,4,4,0.0025,10,1,False,
bellevue_150th_newport,A5,294,1953829754,154914583,3384,9,5,4,5,4,0.001,12,0.999704491725768,False,
bellevue_150th_newport,A6,294,1953829754,154914583,3384,9,5,4,5,4,0.001,12,0.999704491725768,False,
bellevue_150th_newport,A7,294,1953829754,154914583,3384,9,5,4,1,2,0.005,2,1,False,
bellevue_150th_newport,A9,294,1953829754,154914583,3384,9,5,4,5,4,0.001,12,0.999704491725768,False,
bellevue_150th_newport,A5,295,1113219570,67325455,2727,9,5,4,4,4,0.01,8,0.99009900990099,False,
bellevue_150th_newport,A6,295,1113219570,67325455,2727,9,5,4,4,4,0.001,10,1,False,
bellevue_150th_newport,A7,295,1113219570,67325455,2727,9,5,4,1,2,0.005,2,1,False,
bellevue_150th_newport,A9,295,1113219570,67325455,2727,9,5,4,4,4,0.001,10,1,False,
bellevue_150th_newport,A5,296,1737190876,970744977,3496,8,5,3,4,3,0.001,11,1,False,
bellevue_150th_newport,A6,296,1737190876,970744977,3496,8,5,3,4,3,0.001,11,1,False,
bellevue_150th_newport,A7,296,1737190876,970744977,3496,8,5,3,1,1,0.005,1,1,False,
bellevue_150th_newport,A9,296,1737190876,970744977,3496,8,5,3,4,3,0.001,11,1,False,
bellevue_150th_newport,A5,297,1544770234,1778912170,2555,7,4,4,4,4,0.0025,10,1,False,
bellevue_150th_newport,A6,297,1544770234,1778912170,2555,7,4,4,4,4,0.0025,10,1,False,
bellevue_150th_newport,A7,297,1544770234,1778912170,2555,7,4,4,1,2,0.005,2,1,False,
bellevue_150th_newport,A9,297,1544770234,1778912170,2555,7,4,4,4,4,0.0025,10,1,False,
bellevue_150th_newport,A5,298,1951733033,881283058,1748,7,4,4,3,4,0.0025,8,1,False,
bellevue_150th_newport,A6,298,1951733033,881283058,1748,7,4,4,3,4,0.0025,8,1,False,
bellevue_150th_newport,A7,298,1951733033,881283058,1748,7,4,4,1,2,0.005,2,1,False,
bellevue_150th_newport,A9,298,1951733033,881283058,1748,7,4,4,3,4,0.0025,8,1,False,
bellevue_150th_newport,A5,299,1276513327,275148417,1570,9,5,3,4,3,0.005,8,0.994904458598726,False,
bellevue_150th_newport,A6,299,1276513327,275148417,1570,9,5,3,4,3,0.001,10,1,False,
bellevue_150th_newport,A7,299,1276513327,275148417,1570,9,5,3,2,1,0.005,2,1,False,
bellevue_150th_newport,A9,299,1276513327,275148417,1570,9,5,3,4,3,0.001,10,1,False,
bellevue_150th_newport,A5,300,1281670501,574542316,2023,8,5,4,4,4,0.005,9,0.993079584775087,False,
bellevue_150th_newport,A6,300,1281670501,574542316,2023,8,5,4,4,4,0.005,9,0.993079584775087,False,
bellevue_150th_newport,A7,300,1281670501,574542316,2023,8,5,4,1,2,0.005,2,1,False,
bellevue_150th_newport,A9,300,1281670501,574542316,2023,8,5,4,4,4,0.005,9,0.993079584775087,False,
bellevue_150th_newport,A5,301,1497228980,1989218791,2459,10,5,4,4,4,0.01,8,0.989426596177308,False,
bellevue_150th_newport,A6,301,1497228980,1989218791,2459,10,5,4,4,4,0.01,8,0.989426596177308,False,
bellevue_150th_newport,A7,301,1497228980,1989218791,2459,10,5,4,1,2,0.005,2,1,False,
bellevue_150th_newport,A9,301,1497228980,1989218791,2459,10,5,4,4,4,0.01,8,0.989426596177308,False,
bellevue_150th_newport,A5,302,961065748,1849420178,2781,10,4,4,4,4,0.0025,10,0.998202085580726,False,
bellevue_150th_newport,A6,302,961065748,1849420178,2781,10,4,4,4,4,0.0025,10,0.998202085580726,False,
bellevue_150th_newport,A7,302,961065748,1849420178,2781,10,4,4,1,2,0.005,2,1,False,
bellevue_150th_newport,A9,302,961065748,1849420178,2781,10,4,4,4,4,0.0025,10,0.998202085580726,False,
bellevue_150th_newport,A5,303,801104071,1255963460,1670,11,4,4,3,4,0.001,8,0.99940119760479,False,
bellevue_150th_newport,A6,303,801104071,1255963460,1670,11,4,4,3,4,0.001,8,0.99940119760479,False,
bellevue_150th_newport,A7,303,801104071,1255963460,1670,11,4,4,1,1,0.005,1,1,False,
bellevue_150th_newport,A9,303,801104071,1255963460,1670,11,4,4,3,4,0.001,8,0.99940119760479,False,
bellevue_150th_newport,A5,304,626285412,1631282278,2228,9,5,4,4,4,0.02,7,0.977109515260323,False,
bellevue_150th_newport,A6,304,626285412,1631282278,2228,9,5,4,4,4,0.02,7,0.977109515260323,False,
bellevue_150th_newport,A7,304,626285412,1631282278,2228,9,5,4,1,2,0.005,2,1,False,
bellevue_150th_newport,A9,304,626285412,1631282278,2228,9,5,4,4,4,0.02,7,0.977109515260323,False,
bellevue_150th_newport,A5,305,471799566,2058287873,2136,8,5,8,3,6,0.0025,14,0.999531835205993,False,
bellevue_150th_newport,A6,305,471799566,2058287873,2136,8,5,8,3,6,0.0025,14,0.999531835205993,False,
bellevue_150th_newport,A7,305,471799566,2058287873,2136,8,5,8,1,1,0.005,1,1,False,
bellevue_150th_newport,A9,305,471799566,2058287873,2136,8,5,8,3,6,0.0025,14,0.999531835205993,False,
bellevue_150th_newport,A5,306,202732320,803248595,4728,7,4,4,4,4,0.0025,10,1,False,
bellevue_150th_newport,A6,306,202732320,803248595,4728,7,4,4,4,4,0.0025,10,1,False,
bellevue_150th_newport,A7,306,202732320,803248595,4728,7,4,4,1,2,0.005,2,1,False,
bellevue_150th_newport,A9,306,202732320,803248595,4728,7,4,4,4,4,0.0025,10,1,False,
bellevue_150th_newport,A5,307,2112207102,2009958511,622,6,6,4,4,2,0.0025,7,1,False,
bellevue_150th_newport,A6,307,2112207102,2009958511,622,6,6,4,4,2,0.0025,7,1,False,
bellevue_150th_newport,A7,307,2112207102,2009958511,622,6,6,4,2,1,0.005,2,1,False,
bellevue_150th_newport,A9,307,2112207102,2009958511,622,6,6,4,4,2,0.0025,7,1,False,
bellevue_150th_newport,A5,308,1202948311,890801465,2279,8,5,4,5,4,0.02,8,0.968407196138657,False,
bellevue_150th_newport,A6,308,1202948311,890801465,2279,8,5,4,5,4,0.02,8,0.968407196138657,False,
bellevue_150th_newport,A7,308,1202948311,890801465,2279,8,5,4,2,2,0.001,4,1,False,
bellevue_150th_newport,A9,308,1202948311,890801465,2279,8,5,4,5,4,0.02,8,0.968407196138657,False,
bellevue_150th_newport,A5,309,2094388141,257472181,2884,11,5,4,5,4,0.005,11,0.997919556171983,False,
bellevue_150th_newport,A6,309,2094388141,257472181,2884,11,5,4,5,4,0.005,11,0.997919556171983,False,
bellevue_150th_newport,A7,309,2094388141,257472181,2884,11,5,4,1,2,0.005,2,1,False,
bellevue_150th_newport,A9,309,2094388141,257472181,2884,11,5,4,5,4,0.005,11,0.997919556171983,False,
bellevue_150th_newport,A5,310,947546949,844031765,1249,9,4,4,3,4,0.001,7,0.99919935948759,False,
bellevue_150th_newport,A6,310,947546949,844031765,1249,9,4,4,3,4,0.001,7,0.99919935948759,False,
bellevue_150th_newport,A7,310,947546949,844031765,1249,9,4,4,1,2,0.005,2,1,False,
bellevue_150th_newport,A9,310,947546949,844031765,1249,9,4,4,3,4,0.001,7,0.99919935948759,False,
bellevue_150th_newport,A5,311,1279883907,12450544,1586,8,4,8,3,6,0.001,16,1,False,
bellevue_150th_newport,A6,311,1279883907,12450544,1586,8,4,8,3,6,0.001,16,1,False,
bellevue_150th_newport,A7,311,1279883907,12450544,1586,8,4,8,1,1,0.005,1,1,False,
bellevue_150th_newport,A9,311,1279883907,12450544,1586,8,4,8,3,6,0.001,16,1,False,
bellevue_150th_newport,A5,312,929298472,1733939896,3877,9,4,4,3,4,0.01,7,0.990456538560743,False,
bellevue_150th_newport,A6,312,929298472,1733939896,3877,9,4,4,3,4,0.01,7,0.990456538560743,False,
bellevue_150th_newport,A7,312,929298472,1733939896,3877,9,4,4,1,1,0.005,1,1,False,
bellevue_150th_newport,A9,312,929298472,1733939896,3877,9,4,4,3,4,0.01,7,0.990456538560743,False,
bellevue_150th_newport,A5,313,1747063365,1988123292,3376,9,5,4,5,4,0.0025,13,0.998222748815166,False,
bellevue_150th_newport,A6,313,1747063365,1988123292,3376,9,5,4,5,4,0.0025,13,0.998222748815166,False,
bellevue_150th_newport,A7,313,1747063365,1988123292,3376,9,5,4,1,2,0.005,2,1,False,
bellevue_150th_newport,A9,313,1747063365,1988123292,3376,9,5,4,5,4,0.0025,13,0.998222748815166,False,
bellevue_150th_newport,A5,314,1714465489,493986094,2493,8,4,4,3,4,0.005,7,0.997994384275973,False,
bellevue_150th_newport,A6,314,1714465489,493986094,2493,8,4,4,3,4,0.005,7,0.997994384275973,False,
bellevue_150th_newport,A7,314,1714465489,493986094,2493,8,4,4,1,2,0.005,2,1,False,
bellevue_150th_newport,A9,314,1714465489,493986094,2493,8,4,4,3,4,0.005,7,0.997994384275973,False,
bellevue_150th_newport,A5,315,1531351019,1238362101,1206,9,6,7,5,4,0.005,11,0.987562189054726,False,
bellevue_150th_newport,A6,315,1531351019,1238362101,1206,9,6,7,5,4,0.005,11,0.987562189054726,False,
bellevue_150th_newport,A7,315,1531351019,1238362101,1206,9,6,7,1,1,0.005,1,1,False,
bellevue_150th_newport,A9,315,1531351019,1238362101,1206,9,6,7,5,4,0.005,11,0.987562189054726,False,
bellevue_150th_newport,A5,316,1443553717,1442690211,1084,8,5,4,4,4,0.02,8,0.982472324723247,False,
bellevue_150th_newport,A6,316,1443553717,1442690211,1084,8,5,4,4,4,0.02,8,0.982472324723247,False,
bellevue_150th_newport,A7,316,1443553717,1442690211,1084,8,5,4,1,2,0.005,2,1,False,
bellevue_150th_newport,A9,316,1443553717,1442690211,1084,8,5,4,4,4,0.02,8,0.982472324723247,False,
bellevue_150th_newport,A5,317,1307438496,1128865120,1768,8,8,4,5,4,0.02,9,0.978506787330317,False,
bellevue_150th_newport,A6,317,1307438496,1128865120,1768,8,8,4,5,4,0.02,9,0.978506787330317,False,
bellevue_150th_newport,A7,317,1307438496,1128865120,1768,8,8,4,1,1,0.005,1,1,False,
bellevue_150th_newport,A9,317,1307438496,1128865120,1768,8,8,4,5,4,0.02,9,0.978506787330317,False,
bellevue_150th_newport,A5,318,1988484744,2008208681,3026,8,5,4,5,4,0.001,12,0.998678122934567,False,
bellevue_150th_newport,A6,318,1988484744,2008208681,3026,8,5,4,5,4,0.001,12,0.998678122934567,False,
bellevue_150th_newport,A7,318,1988484744,2008208681,3026,8,5,4,2,2,0.001,4,1,False,
bellevue_150th_newport,A9,318,1988484744,2008208681,3026,8,5,4,5,4,0.001,12,0.998678122934567,False,
bellevue_150th_newport,A5,319,715091508,530590727,3254,11,4,4,3,4,0.001,8,1,False,
bellevue_150th_newport,A6,319,715091508,530590727,3254,11,4,4,3,4,0.001,8,1,False,
bellevue_150th_newport,A7,319,715091508,530590727,3254,11,4,4,1,2,0.005,2,1,False,
bellevue_150th_newport,A9,319,715091508,530590727,3254,11,4,4,3,4,0.001,8,1,False,
bellevue_150th_newport,A5,320,1202148515,938814176,1667,10,5,4,4,4,0.02,7,0.982603479304139,False,
bellevue_150th_newport,A6,320,1202148515,938814176,1667,10,5,4,4,4,0.02,7,0.982603479304139,False,
bellevue_150th_newport,A7,320,1202148515,938814176,1667,10,5,4,1,2,0.005,2,1,False,
bellevue_150th_newport,A9,320,1202148515,938814176,1667,10,5,4,4,4,0.02,7,0.982603479304139,False,
bellevue_150th_newport,A5,321,1839974522,259777980,2027,10,4,4,3,4,0.001,9,0.999506660088801,False,
bellevue_150th_newport,A6,321,1839974522,259777980,2027,10,4,4,3,4,0.001,9,0.999506660088801,False,
bellevue_150th_newport,A7,321,1839974522,259777980,2027,10,4,4,1,2,0.005,2,1,False,
bellevue_150th_newport,A9,321,1839974522,259777980,2027,10,4,4,3,4,0.001,9,0.999506660088801,False,
bellevue_150th_newport,A5,322,980222905,1626180607,2300,8,5,4,5,4,0.005,9,1,False,
bellevue_150th_newport,A6,322,980222905,1626180607,2300,8,5,4,5,4,0.005,9,1,False,
bellevue_150th_newport,A7,322,980222905,1626180607,2300,8,5,4,1,2,0.005,2,1,False,
bellevue_150th_newport,A9,322,980222905,1626180607,2300,8,5,4,5,4,0.005,9,1,False,
bellevue_150th_newport,A5,323,1680142879,1879015091,1726,7,4,4,3,4,0.02,6,0.989571263035921,False,
bellevue_150th_newport,A6,323,1680142879,1879015091,1726,7,4,4,3,4,0.02,6,0.989571263035921,False,
bellevue_150th_newport,A7,323,1680142879,1879015091,1726,7,4,4,1,2,0.005,2,1,False,
bellevue_150th_newport,A9,323,1680142879,1879015091,1726,7,4,4,3,4,0.02,6,0.989571263035921,False,
bellevue_150th_newport,A5,324,1152865916,1631408687,1544,9,5,4,5,4,0.0025,11,1,False,
bellevue_150th_newport,A6,324,1152865916,1631408687,1544,9,5,4,5,4,0.0025,11,1,False,
bellevue_150th_newport,A7,324,1152865916,1631408687,1544,9,5,4,2,2,0.005,3,1,False,
bellevue_150th_newport,A9,324,1152865916,1631408687,1544,9,5,4,5,4,0.0025,11,1,False,
bellevue_150th_newport,A5,325,707608476,1932350785,1314,8,7,3,5,3,0.001,12,1,False,
bellevue_150th_newport,A6,325,707608476,1932350785,1314,8,7,3,5,3,0.001,12,1,False,
bellevue_150th_newport,A7,325,707608476,1932350785,1314,8,7,3,2,1,0.005,2,1,False,
bellevue_150th_newport,A9,325,707608476,1932350785,1314,8,7,3,5,3,0.001,12,1,False,
bellevue_150th_newport,A5,326,1118282098,1484417133,2193,10,5,4,4,3,0.001,10,0.999544003647971,False,
bellevue_150th_newport,A6,326,1118282098,1484417133,2193,10,5,4,4,3,0.001,10,0.999544003647971,False,
bellevue_150th_newport,A7,326,1118282098,1484417133,2193,10,5,4,2,1,0.005,2,1,False,
bellevue_150th_newport,A9,326,1118282098,1484417133,2193,10,5,4,4,3,0.001,10,0.999544003647971,False,
bellevue_150th_newport,A5,327,1178977052,1406017963,3409,9,4,4,3,4,0.001,8,1,False,
bellevue_150th_newport,A6,327,1178977052,1406017963,3409,9,4,4,3,4,0.001,8,1,False,
bellevue_150th_newport,A7,327,1178977052,1406017963,3409,9,4,4,1,2,0.005,2,1,False,
bellevue_150th_newport,A9,327,1178977052,1406017963,3409,9,4,4,3,4,0.001,8,1,False,
bellevue_150th_newport,A5,328,475367997,1523200560,1504,10,4,4,3,4,0.0025,8,1,False,
bellevue_150th_newport,A6,328,475367997,1523200560,1504,10,4,4,3,4,0.0025,8,1,False,
bellevue_150th_newport,A7,328,475367997,1523200560,1504,10,4,4,1,2,0.005,2,1,False,
bellevue_150th_newport,A9,328,475367997,1523200560,1504,10,4,4,3,4,0.0025,8,1,False,
bellevue_150th_newport,A5,329,268651822,361983440,3009,9,4,4,4,4,0.001,10,0.99933532735128,False,
bellevue_150th_newport,A6,329,268651822,361983440,3009,9,4,4,4,4,0.001,10,0.99933532735128,False,
bellevue_150th_newport,A7,329,268651822,361983440,3009,9,4,4,1,2,0.005,2,1,False,
bellevue_150th_newport,A9,329,268651822,361983440,3009,9,4,4,4,4,0.001,10,0.99933532735128,False,
bellevue_150th_newport,A5,330,2079306570,585450369,2057,11,5,4,5,4,0.001,14,1,False,
bellevue_150th_newport,A6,330,2079306570,585450369,2057,11,5,4,5,4,0.001,14,1,False,
bellevue_150th_newport,A7,330,2079306570,585450369,2057,11,5,4,1,2,0.005,2,1,False,
bellevue_150th_newport,A9,330,2079306570,585450369,2057,11,5,4,5,4,0.001,14,1,False,
bellevue_150th_newport,A5,331,1778402593,941114895,2353,9,5,4,4,4,0.005,9,0.997875053123672,False,
bellevue_150th_newport,A6,331,1778402593,941114895,2353,9,5,4,4,4,0.005,9,0.997875053123672,False,
bellevue_150th_newport,A7,331,1778402593,941114895,2353,9,5,4,2,2,0.0025,4,1,False,
bellevue_150th_newport,A9,331,1778402593,941114895,2353,9,5,4,4,4,0.005,9,0.997875053123672,False,
bellevue_150th_newport,A5,332,6635917,1881100779,2829,9,4,4,4,4,0.005,10,0.997525627430187,False,
bellevue_150th_newport,A6,332,6635917,1881100779,2829,9,4,4,4,4,0.005,10,0.997525627430187,False,
bellevue_150th_newport,A7,332,6635917,1881100779,2829,9,4,4,1,2,0.005,2,1,False,
bellevue_150th_newport,A9,332,6635917,1881100779,2829,9,4,4,4,4,0.005,10,0.997525627430187,False,
bellevue_150th_newport,A5,333,888472040,866700100,1737,10,4,4,3,4,0.0025,8,1,False,
bellevue_150th_newport,A6,333,888472040,866700100,1737,10,4,4,3,4,0.0025,8,1,False,
bellevue_150th_newport,A7,333,888472040,866700100,1737,10,4,4,1,2,0.005,2,1,False,
bellevue_150th_newport,A9,333,888472040,866700100,1737,10,4,4,3,4,0.0025,8,1,False,
bellevue_150th_newport,A5,334,1680782716,1540522780,1787,9,4,4,3,4,0.0025,8,1,False,
bellevue_150th_newport,A6,334,1680782716,1540522780,1787,9,4,4,3,4,0.0025,8,1,False,
bellevue_150th_newport,A7,334,1680782716,1540522780,1787,9,4,4,1,2,0.005,2,1,False,
bellevue_150th_newport,A9,334,1680782716,1540522780,1787,9,4,4,3,4,0.0025,8,1,False,
bellevue_150th_newport,A5,335,2023307912,834216788,2045,9,4,4,3,4,0.0025,8,1,False,
bellevue_150th_newport,A6,335,2023307912,834216788,2045,9,4,4,3,4,0.0025,8,1,False,
bellevue_150th_newport,A7,335,2023307912,834216788,2045,9,4,4,1,2,0.005,2,1,False,
bellevue_150th_newport,A9,335,2023307912,834216788,2045,9,4,4,3,4,0.0025,8,1,False,
bellevue_150th_newport,A5,336,894978765,504751363,1988,10,4,4,4,4,0.0025,10,1,False,
bellevue_150th_newport,A6,336,894978765,504751363,1988,10,4,4,4,4,0.0025,10,1,False,
bellevue_150th_newport,A7,336,894978765,504751363,1988,10,4,4,1,2,0.005,2,1,False,
bellevue_150th_newport,A9,336,894978765,504751363,1988,10,4,4,4,4,0.0025,10,1,False,
bellevue_150th_newport,A5,337,202786971,1319649051,3805,9,5,4,5,4,0.0025,9,1,False,
bellevue_150th_newport,A6,337,202786971,1319649051,3805,9,5,4,5,4,0.0025,9,1,False,
bellevue_150th_newport,A7,337,202786971,1319649051,3805,9,5,4,1,2,0.005,2,1,False,
bellevue_150th_newport,A9,337,202786971,1319649051,3805,9,5,4,5,4,0.0025,9,1,False,
bellevue_150th_newport,A5,338,1222928318,1587432622,2157,9,4,4,4,4,0.0025,10,1,False,
bellevue_150th_newport,A6,338,1222928318,1587432622,2157,9,4,4,4,4,0.0025,10,1,False,
bellevue_150th_newport,A7,338,1222928318,1587432622,2157,9,4,4,1,2,0.005,2,1,False,
bellevue_150th_newport,A9,338,1222928318,1587432622,2157,9,4,4,4,4,0.0025,10,1,False,
bellevue_150th_newport,A5,339,658391428,919264741,2321,9,4,4,3,4,0.02,7,0.986212839293408,False,
bellevue_150th_newport,A6,339,658391428,919264741,2321,9,4,4,3,4,0.02,7,0.986212839293408,False,
bellevue_150th_newport,A7,339,658391428,919264741,2321,9,4,4,1,1,0.005,1,1,False,
bellevue_150th_newport,A9,339,658391428,919264741,2321,9,4,4,3,4,0.02,7,0.986212839293408,False,
bellevue_150th_newport,A5,340,28743971,1122460280,3383,12,4,4,4,4,0.0025,10,1,False,
bellevue_150th_newport,A6,340,28743971,1122460280,3383,12,4,4,4,4,0.0025,10,1,False,
bellevue_150th_newport,A7,340,28743971,1122460280,3383,12,4,4,1,2,0.005,2,1,False,
bellevue_150th_newport,A9,340,28743971,1122460280,3383,12,4,4,4,4,0.0025,10,1,False,
bellevue_150th_newport,A5,341,1386276552,763665354,2076,8,5,4,5,3,0.02,7,0.980250481695568,False,
bellevue_150th_newport,A6,341,1386276552,763665354,2076,8,5,4,5,3,0.02,7,0.980250481695568,False,
bellevue_150th_newport,A7,341,1386276552,763665354,2076,8,5,4,1,1,0.005,1,1,False,
bellevue_150th_newport,A9,341,1386276552,763665354,2076,8,5,4,5,3,0.02,7,0.980250481695568,False,
bellevue_150th_newport,A5,342,1706909340,453431006,2054,9,3,4,2,3,0.001,6,1,False,
bellevue_150th_newport,A6,342,1706909340,453431006,2054,9,3,4,2,3,0.001,6,1,False,
bellevue_150th_newport,A7,342,1706909340,453431006,2054,9,3,4,1,1,0.005,1,1,False,
bellevue_150th_newport,A9,342,1706909340,453431006,2054,9,3,4,2,3,0.001,6,1,False,
bellevue_150th_newport,A5,343,1251657197,1734569382,3101,10,5,4,4,4,0.001,11,1,False,
bellevue_150th_newport,A6,343,1251657197,1734569382,3101,10,5,4,4,4,0.001,11,1,False,
bellevue_150th_newport,A7,343,1251657197,1734569382,3101,10,5,4,1,2,0.005,2,1,False,
bellevue_150th_newport,A9,343,1251657197,1734569382,3101,10,5,4,4,4,0.001,11,1,False,
bellevue_150th_newport,A5,344,326954978,1543595202,1767,9,7,4,6,4,0.02,9,0.977928692699491,False,
bellevue_150th_newport,A6,344,326954978,1543595202,1767,9,7,4,6,4,0.02,9,0.977928692699491,False,
bellevue_150th_newport,A7,344,326954978,1543595202,1767,9,7,4,2,2,0.005,3,0.999434069043577,False,
bellevue_150th_newport,A9,344,326954978,1543595202,1767,9,7,4,6,4,0.02,9,0.977928692699491,False,
bellevue_150th_newport,A5,345,1599629203,1069409300,2301,10,4,4,3,4,0.001,8,1,False,
bellevue_150th_newport,A6,345,1599629203,1069409300,2301,10,4,4,3,4,0.001,8,1,False,
bellevue_150th_newport,A7,345,1599629203,1069409300,2301,10,4,4,1,2,0.005,2,1,False,
bellevue_150th_newport,A9,345,1599629203,1069409300,2301,10,4,4,3,4,0.001,8,1,False,
bellevue_150th_newport,A5,346,149457895,1070139961,3178,8,6,4,5,4,0.02,8,0.975141598489616,False,
bellevue_150th_newport,A6,346,149457895,1070139961,3178,8,6,4,5,4,0.02,8,0.975141598489616,False,
bellevue_150th_newport,A7,346,149457895,1070139961,3178,8,6,4,2,2,0.005,3,1,False,
bellevue_150th_newport,A9,346,149457895,1070139961,3178,8,6,4,5,4,0.02,8,0.975141598489616,False,
bellevue_150th_newport,A5,347,1786258514,1744918661,3945,8,5,4,4,4,0.001,10,1,False,
bellevue_150th_newport,A6,347,1786258514,1744918661,3945,8,5,4,4,4,0.001,10,1,False,
bellevue_150th_newport,A7,347,1786258514,1744918661,3945,8,5,4,1,2,0.005,2,1,False,
bellevue_150th_newport,A9,347,1786258514,1744918661,3945,8,5,4,4,4,0.001,10,1,False,
bellevue_150th_newport,A5,348,56020410,1381183780,2832,7,4,4,3,4,0.0025,8,1,False,
bellevue_150th_newport,A6,348,56020410,1381183780,2832,7,4,4,3,4,0.0025,8,1,False,
bellevue_150th_newport,A7,348,56020410,1381183780,2832,7,4,4,1,2,0.005,2,1,False,
bellevue_150th_newport,A9,348,56020410,1381183780,2832,7,4,4,3,4,0.0025,8,1,False,
bellevue_150th_newport,A5,349,83692199,172959068,1273,10,4,4,4,4,0.001,11,1,False,
bellevue_150th_newport,A6,349,83692199,172959068,1273,10,4,4,4,4,0.001,11,1,False,
bellevue_150th_newport,A7,349,83692199,172959068,1273,10,4,4,1,2,0.005,2,1,False,
bellevue_150th_newport,A9,349,83692199,172959068,1273,10,4,4,4,4,0.001,11,1,False,
bellevue_150th_newport,A5,350,2001399865,1543851531,2964,11,5,4,4,4,0.001,11,0.999325236167341,False,
bellevue_150th_newport,A6,350,2001399865,1543851531,2964,11,5,4,4,4,0.001,11,0.999325236167341,False,
bellevue_150th_newport,A7,350,2001399865,1543851531,2964,11,5,4,2,2,0.0025,4,1,False,
bellevue_150th_newport,A9,350,2001399865,1543851531,2964,11,5,4,4,4,0.001,11,0.999325236167341,False,
bellevue_150th_newport,A5,351,1641628333,547951261,1662,8,5,4,5,4,0.02,8,0.969314079422383,False,
bellevue_150th_newport,A6,351,1641628333,547951261,1662,8,5,4,5,4,0.02,8,0.969314079422383,False,
bellevue_150th_newport,A7,351,1641628333,547951261,1662,8,5,4,2,1,0.005,2,1,False,
bellevue_150th_newport,A9,351,1641628333,547951261,1662,8,5,4,5,4,0.02,8,0.969314079422383,False,
bellevue_150th_newport,A5,352,2144947944,1006709673,3401,7,5,4,5,4,0.0025,9,1,False,
bellevue_150th_newport,A6,352,2144947944,1006709673,3401,7,5,4,5,4,0.0025,9,1,False,
bellevue_150th_newport,A7,352,2144947944,1006709673,3401,7,5,4,1,2,0.005,2,1,False,
bellevue_150th_newport,A9,352,2144947944,1006709673,3401,7,5,4,5,4,0.0025,9,1,False,
bellevue_150th_newport,A5,353,1823169270,1922926715,2276,10,4,4,3,4,0.0025,8,1,False,
bellevue_150th_newport,A6,353,1823169270,1922926715,2276,10,4,4,3,4,0.0025,8,1,False,
bellevue_150th_newport,A7,353,1823169270,1922926715,2276,10,4,4,1,2,0.005,2,1,False,
bellevue_150th_newport,A9,353,1823169270,1922926715,2276,10,4,4,3,4,0.0025,8,1,False,
bellevue_150th_newport,A5,354,1372976372,1345479789,1737,9,6,8,5,6,0.005,15,0.987334484743811,False,
bellevue_150th_newport,A6,354,1372976372,1345479789,1737,9,6,8,5,6,0.005,15,0.987334484743811,False,
bellevue_150th_newport,A7,354,1372976372,1345479789,1737,9,6,8,2,1,0.005,2,1,False,
bellevue_150th_newport,A9,354,1372976372,1345479789,1737,9,6,8,5,6,0.005,15,0.987334484743811,False,
bellevue_150th_newport,A5,355,1799271890,1054291642,3301,11,4,4,3,4,0.001,8,1,False,
bellevue_150th_newport,A6,355,1799271890,1054291642,3301,11,4,4,3,4,0.001,8,1,False,
bellevue_150th_newport,A7,355,1799271890,1054291642,3301,11,4,4,1,2,0.005,2,1,False,
bellevue_150th_newport,A9,355,1799271890,1054291642,3301,11,4,4,3,4,0.001,8,1,False,
bellevue_150th_newport,A5,356,1891453222,654002790,2394,11,4,4,3,4,0.001,8,1,False,
bellevue_150th_newport,A6,356,1891453222,654002790,2394,11,4,4,3,4,0.001,8,1,False,
bellevue_150th_newport,A7,356,1891453222,654002790,2394,11,4,4,1,2,0.005,2,1,False,
bellevue_150th_newport,A9,356,1891453222,654002790,2394,11,4,4,3,4,0.001,8,1,False,
bellevue_150th_newport,A5,357,634781624,710556403,3925,6,4,4,3,4,0.001,8,1,False,
bellevue_150th_newport,A6,357,634781624,710556403,3925,6,4,4,3,4,0.001,8,1,False,
bellevue_150th_newport,A7,357,634781624,710556403,3925,6,4,4,1,2,0.005,2,1,False,
bellevue_150th_newport,A9,357,634781624,710556403,3925,6,4,4,3,4,0.001,8,1,False,
bellevue_150th_newport,A5,358,376115146,269848178,3466,7,5,4,5,4,0.02,8,0.971148297749567,False,
bellevue_150th_newport,A6,358,376115146,269848178,3466,7,5,4,5,4,0.02,8,0.971148297749567,False,
bellevue_150th_newport,A7,358,376115146,269848178,3466,7,5,4,1,2,0.005,2,1,False,
bellevue_150th_newport,A9,358,376115146,269848178,3466,7,5,4,5,4,0.02,8,0.971148297749567,False,
bellevue_150th_newport,A5,359,1871205585,1199623936,3828,10,4,4,4,4,0.001,10,1,False,
bellevue_150th_newport,A6,359,1871205585,1199623936,3828,10,4,4,4,4,0.001,10,1,False,
bellevue_150th_newport,A7,359,1871205585,1199623936,3828,10,4,4,1,2,0.005,2,1,False,
bellevue_150th_newport,A9,359,1871205585,1199623936,3828,10,4,4,4,4,0.001,10,1,False,
bellevue_150th_newport,A5,360,1228696268,865764704,2945,11,5,4,4,4,0.001,11,0.999320882852292,False,
bellevue_150th_newport,A6,360,1228696268,865764704,2945,11,5,4,4,4,0.001,11,0.999320882852292,False,
bellevue_150th_newport,A7,360,1228696268,865764704,2945,11,5,4,1,2,0.005,2,1,False,
bellevue_150th_newport,A9,360,1228696268,865764704,2945,11,5,4,4,4,0.001,11,0.999320882852292,False,
bellevue_150th_newport,A5,361,423193241,1279921939,1982,7,5,4,4,4,0.005,9,1,False,
bellevue_150th_newport,A6,361,423193241,1279921939,1982,7,5,4,4,4,0.005,9,1,False,
bellevue_150th_newport,A7,361,423193241,1279921939,1982,7,5,4,1,2,0.005,2,1,False,
bellevue_150th_newport,A9,361,423193241,1279921939,1982,7,5,4,4,4,0.005,9,1,False,
bellevue_150th_newport,A5,362,1962255984,3596906,3018,10,5,4,4,4,0.001,11,1,False,
bellevue_150th_newport,A6,362,1962255984,3596906,3018,10,5,4,4,4,0.001,11,1,False,
bellevue_150th_newport,A7,362,1962255984,3596906,3018,10,5,4,1,2,0.005,2,1,False,
bellevue_150th_newport,A9,362,1962255984,3596906,3018,10,5,4,4,4,0.001,11,1,False,
bellevue_150th_newport,A5,363,849022252,2106062553,1160,8,5,8,3,4,0.02,8,0.993103448275862,False,
bellevue_150th_newport,A6,363,849022252,2106062553,1160,8,5,8,3,4,0.02,8,0.993103448275862,False,
bellevue_150th_newport,A7,363,849022252,2106062553,1160,8,5,8,2,1,0.005,2,1,False,
bellevue_150th_newport,A9,363,849022252,2106062553,1160,8,5,8,3,4,0.02,8,0.993103448275862,False,
bellevue_150th_newport,A5,364,243420051,1800628313,2676,8,3,3,2,3,0.005,6,1,False,
bellevue_150th_newport,A6,364,243420051,1800628313,2676,8,3,3,2,3,0.005,6,1,False,
bellevue_150th_newport,A7,364,243420051,1800628313,2676,8,3,3,1,1,0.005,1,1,False,
bellevue_150th_newport,A9,364,243420051,1800628313,2676,8,3,3,2,3,0.005,6,1,False,
bellevue_150th_newport,A5,365,1054241102,1124513294,2305,9,4,4,4,4,0.001,11,1,False,
bellevue_150th_newport,A6,365,1054241102,1124513294,2305,9,4,4,4,4,0.001,11,1,False,
bellevue_150th_newport,A7,365,1054241102,1124513294,2305,9,4,4,1,2,0.005,2,1,False,
bellevue_150th_newport,A9,365,1054241102,1124513294,2305,9,4,4,4,4,0.001,11,1,False,
bellevue_150th_newport,A5,366,1494925084,1109440717,3989,8,4,4,4,4,0.02,7,0.972925545249436,False,
bellevue_150th_newport,A6,366,1494925084,1109440717,3989,8,4,4,4,4,0.02,7,0.972925545249436,False,
bellevue_150th_newport,A7,366,1494925084,1109440717,3989,8,4,4,1,2,0.005,2,1,False,
bellevue_150th_newport,A9,366,1494925084,1109440717,3989,8,4,4,4,4,0.02,7,0.972925545249436,False,
bellevue_150th_newport,A5,367,2015715671,1378588494,2921,9,5,4,5,4,0.02,8,0.976377952755906,False,
bellevue_150th_newport,A6,367,2015715671,1378588494,2921,9,5,4,5,4,0.02,8,0.976377952755906,False,
bellevue_150th_newport,A7,367,2015715671,1378588494,2921,9,5,4,2,2,0.005,3,1,False,
bellevue_150th_newport,A9,367,2015715671,1378588494,2921,9,5,4,5,4,0.02,8,0.976377952755906,False,
bellevue_150th_newport,A5,368,765314043,52369695,2255,8,4,4,3,4,0.0025,8,1,False,
bellevue_150th_newport,A6,368,765314043,52369695,2255,8,4,4,3,4,0.0025,8,1,False,
bellevue_150th_newport,A7,368,765314043,52369695,2255,8,4,4,1,2,0.005,2,1,False,
bellevue_150th_newport,A9,368,765314043,52369695,2255,8,4,4,3,4,0.0025,8,1,False,
bellevue_150th_newport,A5,369,78889030,1509022316,1273,8,3,8,2,6,0.001,12,1,False,
bellevue_150th_newport,A6,369,78889030,1509022316,1273,8,3,8,2,6,0.001,12,1,False,
bellevue_150th_newport,A7,369,78889030,1509022316,1273,8,3,8,1,1,0.005,1,1,False,
bellevue_150th_newport,A9,369,78889030,1509022316,1273,8,3,8,2,6,0.001,12,1,False,
bellevue_150th_newport,A5,370,2010549898,339985097,2656,8,8,4,6,4,0.001,15,0.999623493975904,False,
bellevue_150th_newport,A6,370,2010549898,339985097,2656,8,8,4,6,4,0.001,15,0.999623493975904,False,
bellevue_150th_newport,A7,370,2010549898,339985097,2656,8,8,4,1,2,0.005,2,1,False,
bellevue_150th_newport,A9,370,2010549898,339985097,2656,8,8,4,6,4,0.001,15,0.999623493975904,False,
bellevue_150th_newport,A5,371,449249371,333757745,2420,10,5,4,5,4,0.02,8,0.976446280991736,False,
bellevue_150th_newport,A6,371,449249371,333757745,2420,10,5,4,5,4,0.02,8,0.976446280991736,False,
bellevue_150th_newport,A7,371,449249371,333757745,2420,10,5,4,2,2,0.001,4,1,False,
bellevue_150th_newport,A9,371,449249371,333757745,2420,10,5,4,5,4,0.02,8,0.976446280991736,False,
bellevue_150th_newport,A5,372,510121007,1675926336,2211,9,5,4,5,4,0.0025,11,0.999095431931253,False,
bellevue_150th_newport,A6,372,510121007,1675926336,2211,9,5,4,5,4,0.0025,11,0.999095431931253,False,
bellevue_150th_newport,A7,372,510121007,1675926336,2211,9,5,4,1,2,0.005,2,1,False,
bellevue_150th_newport,A9,372,510121007,1675926336,2211,9,5,4,5,4,0.0025,11,0.999095431931253,False,
bellevue_150th_newport,A5,373,126646789,1140499301,3152,10,5,4,4,4,0.001,10,1,False,
bellevue_150th_newport,A6,373,126646789,1140499301,3152,10,5,4,4,4,0.001,10,1,False,
bellevue_150th_newport,A7,373,126646789,1140499301,3152,10,5,4,1,2,0.005,2,1,False,
bellevue_150th_newport,A9,373,126646789,1140499301,3152,10,5,4,4,4,0.001,10,1,False,
bellevue_150th_newport,A5,374,1731821146,1550623594,2693,9,5,4,5,4,0.001,15,0.998514667656888,False,
bellevue_150th_newport,A6,374,1731821146,1550623594,2693,9,5,4,5,4,0.001,15,0.998514667656888,False,
bellevue_150th_newport,A7,374,1731821146,1550623594,2693,9,5,4,1,1,0.005,1,1,False,
bellevue_150th_newport,A9,374,1731821146,1550623594,2693,9,5,4,5,4,0.001,15,0.998514667656888,False,
bellevue_150th_newport,A5,375,544535708,432729976,2081,8,4,4,4,4,0.0025,10,1,False,
bellevue_150th_newport,A6,375,544535708,432729976,2081,8,4,4,4,4,0.0025,10,1,False,
bellevue_150th_newport,A7,375,544535708,432729976,2081,8,4,4,1,2,0.005,2,1,False,
bellevue_150th_newport,A9,375,544535708,432729976,2081,8,4,4,4,4,0.0025,10,1,False,
bellevue_150th_newport,A5,376,1510352452,984922792,2575,11,4,4,3,4,0.001,8,1,False,
bellevue_150th_newport,A6,376,1510352452,984922792,2575,11,4,4,3,4,0.001,8,1,False,
bellevue_150th_newport,A7,376,1510352452,984922792,2575,11,4,4,1,2,0.005,2,1,False,
bellevue_150th_newport,A9,376,1510352452,984922792,2575,11,4,4,3,4,0.001,8,1,False,
bellevue_150th_newport,A5,377,167601132,550307615,2721,8,5,4,5,4,0.001,13,0.999264976111724,False,
bellevue_150th_newport,A6,377,167601132,550307615,2721,8,5,4,5,4,0.001,13,0.999264976111724,False,
bellevue_150th_newport,A7,377,167601132,550307615,2721,8,5,4,1,2,0.005,2,1,False,
bellevue_150th_newport,A9,377,167601132,550307615,2721,8,5,4,5,4,0.001,13,0.999264976111724,False,
bellevue_150th_newport,A5,378,718726544,1327538574,2649,10,4,4,4,4,0.0025,10,0.999622499056248,False,
bellevue_150th_newport,A6,378,718726544,1327538574,2649,10,4,4,4,4,0.0025,10,0.999622499056248,False,
bellevue_150th_newport,A7,378,718726544,1327538574,2649,10,4,4,1,2,0.005,2,1,False,
bellevue_150th_newport,A9,378,718726544,1327538574,2649,10,4,4,4,4,0.0025,10,0.999622499056248,False,
bellevue_150th_newport,A5,379,931368986,408219959,2466,9,4,4,4,4,0.0025,10,1,False,
bellevue_150th_newport,A6,379,931368986,408219959,2466,9,4,4,4,4,0.0025,10,1,False,
bellevue_150th_newport,A7,379,931368986,408219959,2466,9,4,4,1,2,0.005,2,1,False,
bellevue_150th_newport,A9,379,931368986,408219959,2466,9,4,4,4,4,0.0025,10,1,False,
bellevue_150th_newport,A5,380,1232427563,343420395,2568,8,4,4,4,4,0.0025,10,1,False,
bellevue_150th_newport,A6,380,1232427563,343420395,2568,8,4,4,4,4,0.0025,10,1,False,
bellevue_150th_newport,A7,380,1232427563,343420395,2568,8,4,4,1,2,0.005,2,1,False,
bellevue_150th_newport,A9,380,1232427563,343420395,2568,8,4,4,4,4,0.0025,10,1,False,
bellevue_150th_newport,A5,381,1268710121,1204231924,1829,9,8,4,5,3,0.005,9,0.991252050300711,False,
bellevue_150th_newport,A6,381,1268710121,1204231924,1829,9,8,4,5,3,0.005,9,0.991252050300711,False,
bellevue_150th_newport,A7,381,1268710121,1204231924,1829,9,8,4,2,1,0.005,2,1,False,
bellevue_150th_newport,A9,381,1268710121,1204231924,1829,9,8,4,5,3,0.005,9,0.991252050300711,False,
bellevue_150th_newport,A5,382,1638209802,264427702,1822,10,5,4,4,4,0.02,7,0.978046103183315,False,
bellevue_150th_newport,A6,382,1638209802,264427702,1822,10,5,4,4,4,0.02,7,0.978046103183315,False,
bellevue_150th_newport,A7,382,1638209802,264427702,1822,10,5,4,1,2,0.005,2,1,False,
bellevue_150th_newport,A9,382,1638209802,264427702,1822,10,5,4,4,4,0.02,7,0.978046103183315,False,
bellevue_150th_newport,A5,383,1337199330,181366276,2373,10,4,4,4,4,0.0025,10,1,False,
bellevue_150th_newport,A6,383,1337199330,181366276,2373,10,4,4,4,4,0.0025,10,1,False,
bellevue_150th_newport,A7,383,1337199330,181366276,2373,10,4,4,1,2,0.005,2,1,False,
bellevue_150th_newport,A9,383,1337199330,181366276,2373,10,4,4,4,4,0.0025,10,1,False,
bellevue_150th_newport,A5,384,9671763,635142915,1669,9,6,4,4,4,0.0025,12,0.997004194128221,False,
bellevue_150th_newport,A6,384,9671763,635142915,1669,9,6,4,4,4,0.0025,12,0.997004194128221,False,
bellevue_150th_newport,A7,384,9671763,635142915,1669,9,6,4,2,1,0.005,2,1,False,
bellevue_150th_newport,A9,384,9671763,635142915,1669,9,6,4,4,4,0.0025,12,0.997004194128221,False,
bellevue_150th_newport,A5,385,1244337320,313128777,2066,10,5,4,3,3,0.001,8,0.999515972894482,False,
bellevue_150th_newport,A6,385,1244337320,313128777,2066,10,5,4,3,3,0.001,8,0.999515972894482,False,
bellevue_150th_newport,A7,385,1244337320,313128777,2066,10,5,4,2,1,0.005,2,1,False,
bellevue_150th_newport,A9,385,1244337320,313128777,2066,10,5,4,3,3,0.001,8,0.999515972894482,False,
bellevue_150th_newport,A5,386,1791296122,1223084809,2069,10,5,4,5,4,0.02,8,0.974867085548574,False,
bellevue_150th_newport,A6,386,1791296122,1223084809,2069,10,5,4,5,4,0.02,8,0.974867085548574,False,
bellevue_150th_newport,A7,386,1791296122,1223084809,2069,10,5,4,1,2,0.005,2,1,False,
bellevue_150th_newport,A9,386,1791296122,1223084809,2069,10,5,4,5,4,0.02,8,0.974867085548574,False,
bellevue_150th_newport,A5,387,1030637531,252909371,2148,8,4,4,4,4,0.0025,10,1,False,
bellevue_150th_newport,A6,387,1030637531,252909371,2148,8,4,4,4,4,0.0025,10,1,False,
bellevue_150th_newport,A7,387,1030637531,252909371,2148,8,4,4,1,2,0.005,2,1,False,
bellevue_150th_newport,A9,387,1030637531,252909371,2148,8,4,4,4,4,0.0025,10,1,False,
bellevue_150th_newport,A5,388,1321740174,1610749458,4222,8,4,4,4,4,0.0025,10,0.998342018000947,False,
bellevue_150th_newport,A6,388,1321740174,1610749458,4222,8,4,4,4,4,0.0025,10,0.998342018000947,False,
bellevue_150th_newport,A7,388,1321740174,1610749458,4222,8,4,4,1,2,0.005,2,1,False,
bellevue_150th_newport,A9,388,1321740174,1610749458,4222,8,4,4,4,4,0.0025,10,0.998342018000947,False,
bellevue_150th_newport,A5,389,1657295766,946257740,2123,9,5,4,4,4,0.0025,11,0.997644842204428,False,
bellevue_150th_newport,A6,389,1657295766,946257740,2123,9,5,4,4,4,0.0025,11,0.997644842204428,False,
bellevue_150th_newport,A7,389,1657295766,946257740,2123,9,5,4,1,2,0.005,2,1,False,
bellevue_150th_newport,A9,389,1657295766,946257740,2123,9,5,4,4,4,0.0025,11,0.997644842204428,False,
bellevue_150th_newport,A5,390,1772145782,1760406791,2931,10,5,4,4,4,0.0025,11,0.999317639031047,False,
bellevue_150th_newport,A6,390,1772145782,1760406791,2931,10,5,4,4,4,0.0025,11,0.999317639031047,False,
bellevue_150th_newport,A7,390,1772145782,1760406791,2931,10,5,4,1,2,0.005,2,1,False,
bellevue_150th_newport,A9,390,1772145782,1760406791,2931,10,5,4,4,4,0.0025,11,0.999317639031047,False,
bellevue_150th_newport,A5,391,1689814350,1778364930,1850,10,5,4,3,3,0.001,8,1,False,
bellevue_150th_newport,A6,391,1689814350,1778364930,1850,10,5,4,3,3,0.001,8,1,False,
bellevue_150th_newport,A7,391,1689814350,1778364930,1850,10,5,4,2,1,0.005,2,1,False,
bellevue_150th_newport,A9,391,1689814350,1778364930,1850,10,5,4,3,3,0.001,8,1,False,
bellevue_150th_newport,A5,392,72541454,643539392,1835,9,4,4,4,4,0.0025,10,1,False,
bellevue_150th_newport,A6,392,72541454,643539392,1835,9,4,4,4,4,0.0025,10,1,False,
bellevue_150th_newport,A7,392,72541454,643539392,1835,9,4,4,1,2,0.005,2,1,False,
bellevue_150th_newport,A9,392,72541454,643539392,1835,9,4,4,4,4,0.0025,10,1,False,
bellevue_150th_newport,A5,393,1984979613,1580291908,2716,7,5,3,4,3,0.001,10,0.998895434462445,False,
bellevue_150th_newport,A6,393,1984979613,1580291908,2716,7,5,3,4,3,0.001,10,0.998895434462445,False,
bellevue_150th_newport,A7,393,1984979613,1580291908,2716,7,5,3,1,1,0.005,1,1,False,
bellevue_150th_newport,A9,393,1984979613,1580291908,2716,7,5,3,4,3,0.001,10,0.998895434462445,False,
bellevue_150th_newport,A5,394,1475993248,230189380,2152,10,8,3,5,3,0.001,12,0.99814126394052,False,
bellevue_150th_newport,A6,394,1475993248,230189380,2152,10,8,3,5,3,0.001,12,0.99814126394052,False,
bellevue_150th_newport,A7,394,1475993248,230189380,2152,10,8,3,2,1,0.005,2,1,False,
bellevue_150th_newport,A9,394,1475993248,230189380,2152,10,8,3,5,3,0.001,12,0.99814126394052,False,
bellevue_150th_newport,A5,395,660515857,1711856869,2941,11,5,4,5,4,0.005,10,0.993199591975519,False,
bellevue_150th_newport,A6,395,660515857,1711856869,2941,11,5,4,5,4,0.005,10,0.993199591975519,False,
bellevue_150th_newport,A7,395,660515857,1711856869,2941,11,5,4,1,2,0.005,2,1,False,
bellevue_150th_newport,A9,395,660515857,1711856869,2941,11,5,4,5,4,0.005,10,0.993199591975519,False,
bellevue_150th_newport,A5,396,1678281110,339732194,3985,8,4,4,4,4,0.001,12,1,False,
bellevue_150th_newport,A6,396,1678281110,339732194,3985,8,4,4,4,4,0.001,12,1,False,
bellevue_150th_newport,A7,396,1678281110,339732194,3985,8,4,4,1,2,0.005,2,1,False,
bellevue_150th_newport,A9,396,1678281110,339732194,3985,8,4,4,4,4,0.001,12,1,False,
bellevue_150th_newport,A5,397,1029326771,1235550760,2555,11,5,4,5,4,0.02,8,0.956555772994129,False,
bellevue_150th_newport,A6,397,1029326771,1235550760,2555,11,5,4,5,4,0.02,8,0.956555772994129,False,
bellevue_150th_newport,A7,397,1029326771,1235550760,2555,11,5,4,2,1,0.005,2,1,False,
bellevue_150th_newport,A9,397,1029326771,1235550760,2555,11,5,4,5,4,0.02,8,0.956555772994129,False,
bellevue_150th_newport,A5,398,355575609,2032839744,2958,7,8,4,5,3,0.005,10,0.995605138607167,False,
bellevue_150th_newport,A6,398,355575609,2032839744,2958,7,8,4,5,3,0.005,10,0.995605138607167,False,
bellevue_150th_newport,A7,398,355575609,2032839744,2958,7,8,4,2,1,0.005,2,1,False,
bellevue_150th_newport,A9,398,355575609,2032839744,2958,7,8,4,5,3,0.005,10,0.995605138607167,False,
bellevue_150th_newport,A5,399,1006568471,759616108,2804,9,5,4,5,4,0.001,11,1,False,
bellevue_150th_newport,A6,399,1006568471,759616108,2804,9,5,4,5,4,0.001,11,1,False,
bellevue_150th_newport,A7,399,1006568471,759616108,2804,9,5,4,2,2,0.005,3,1,False,
bellevue_150th_newport,A9,399,1006568471,759616108,2804,9,5,4,5,4,0.001,11,1,False,
bellevue_150th_newport,A5,400,1536336998,1613163111,3247,10,4,4,4,4,0.001,10,0.998460117031106,False,
bellevue_150th_newport,A6,400,1536336998,1613163111,3247,10,4,4,4,4,0.001,10,0.998460117031106,False,
bellevue_150th_newport,A7,400,1536336998,1613163111,3247,10,4,4,1,2,0.005,2,1,False,
bellevue_150th_newport,A9,400,1536336998,1613163111,3247,10,4,4,4,4,0.001,10,0.998460117031106,False,
bellevue_150th_newport,A5,401,391467522,482137330,2891,8,5,4,4,4,0.02,7,0.974057419578001,False,
bellevue_150th_newport,A6,401,391467522,482137330,2891,8,5,4,4,4,0.02,7,0.974057419578001,False,
bellevue_150th_newport,A7,401,391467522,482137330,2891,8,5,4,1,2,0.005,2,1,False,
bellevue_150th_newport,A9,401,391467522,482137330,2891,8,5,4,4,4,0.02,7,0.974057419578001,False,
bellevue_150th_newport,A5,402,460553465,1167316966,2797,10,5,4,4,3,0.005,9,0.991061851984269,False,
bellevue_150th_newport,A6,402,460553465,1167316966,2797,10,5,4,4,3,0.005,9,0.991061851984269,False,
bellevue_150th_newport,A7,402,460553465,1167316966,2797,10,5,4,1,1,0.005,1,1,False,
bellevue_150th_newport,A9,402,460553465,1167316966,2797,10,5,4,4,3,0.005,9,0.991061851984269,False,
bellevue_150th_newport,A5,403,1653775441,743778705,1679,9,7,3,5,3,0.0025,12,0.998808814770697,False,
bellevue_150th_newport,A6,403,1653775441,743778705,1679,9,7,3,5,3,0.0025,12,0.998808814770697,False,
bellevue_150th_newport,A7,403,1653775441,743778705,1679,9,7,3,1,1,0.005,1,1,False,
bellevue_150th_newport,A9,403,1653775441,743778705,1679,9,7,3,5,3,0.0025,12,0.998808814770697,False,
bellevue_150th_newport,A5,404,1687608618,1067238097,1579,8,4,4,3,4,0.0025,8,1,False,
bellevue_150th_newport,A6,404,1687608618,1067238097,1579,8,4,4,3,4,0.0025,8,1,False,
bellevue_150th_newport,A7,404,1687608618,1067238097,1579,8,4,4,1,2,0.005,2,1,False,
bellevue_150th_newport,A9,404,1687608618,1067238097,1579,8,4,4,3,4,0.0025,8,1,False,
bellevue_150th_newport,A5,405,1210579607,8812493,2234,11,4,4,4,4,0.0025,10,1,False,
bellevue_150th_newport,A6,405,1210579607,8812493,2234,11,4,4,4,4,0.0025,10,1,False,
bellevue_150th_newport,A7,405,1210579607,8812493,2234,11,4,4,1,2,0.005,2,1,False,
bellevue_150th_newport,A9,405,1210579607,8812493,2234,11,4,4,4,4,0.0025,10,1,False,
bellevue_150th_newport,A5,406,297397998,824479605,2241,9,5,4,5,4,0.01,8,0.98661311914324,False,
bellevue_150th_newport,A6,406,297397998,824479605,2241,9,5,4,5,4,0.01,8,0.98661311914324,False,
bellevue_150th_newport,A7,406,297397998,824479605,2241,9,5,4,1,2,0.005,2,1,False,
bellevue_150th_newport,A9,406,297397998,824479605,2241,9,5,4,5,4,0.01,8,0.98661311914324,False,
bellevue_150th_newport,A5,407,1620299187,2140626904,3203,10,4,4,3,4,0.001,8,1,False,
bellevue_150th_newport,A6,407,1620299187,2140626904,3203,10,4,4,3,4,0.001,8,1,False,
bellevue_150th_newport,A7,407,1620299187,2140626904,3203,10,4,4,1,2,0.005,2,1,False,
bellevue_150th_newport,A9,407,1620299187,2140626904,3203,10,4,4,3,4,0.001,8,1,False,
bellevue_150th_newport,A5,408,47500042,1452061506,3090,11,5,4,5,4,0.0025,11,0.997411003236246,False,
bellevue_150th_newport,A6,408,47500042,1452061506,3090,11,5,4,5,4,0.0025,11,0.997411003236246,False,
bellevue_150th_newport,A7,408,47500042,1452061506,3090,11,5,4,1,2,0.005,2,1,False,
bellevue_150th_newport,A9,408,47500042,1452061506,3090,11,5,4,5,4,0.0025,11,0.997411003236246,False,
bellevue_150th_newport,A5,409,1190028408,561036370,1847,9,5,4,4,3,0.001,11,1,False,
bellevue_150th_newport,A6,409,1190028408,561036370,1847,9,5,4,4,3,0.001,11,1,False,
bellevue_150th_newport,A7,409,1190028408,561036370,1847,9,5,4,2,1,0.005,2,1,False,
bellevue_150th_newport,A9,409,1190028408,561036370,1847,9,5,4,4,3,0.001,11,1,False,
bellevue_150th_newport,A5,410,1748099123,1014886880,2564,9,4,4,4,4,0.001,10,1,False,
bellevue_150th_newport,A6,410,1748099123,1014886880,2564,9,4,4,4,4,0.001,10,1,False,
bellevue_150th_newport,A7,410,1748099123,1014886880,2564,9,4,4,1,2,0.005,2,1,False,
bellevue_150th_newport,A9,410,1748099123,1014886880,2564,9,4,4,4,4,0.001,10,1,False,
bellevue_150th_newport,A5,411,1763631684,1722886414,1737,8,4,4,4,4,0.0025,10,1,False,
bellevue_150th_newport,A6,411,1763631684,1722886414,1737,8,4,4,4,4,0.0025,10,1,False,
bellevue_150th_newport,A7,411,1763631684,1722886414,1737,8,4,4,1,2,0.005,2,1,False,
bellevue_150th_newport,A9,411,1763631684,1722886414,1737,8,4,4,4,4,0.0025,10,1,False,
bellevue_150th_newport,A5,412,2097040561,768732101,2359,11,4,4,3,4,0.001,8,1,False,
bellevue_150th_newport,A6,412,2097040561,768732101,2359,11,4,4,3,4,0.001,8,1,False,
bellevue_150th_newport,A7,412,2097040561,768732101,2359,11,4,4,1,2,0.005,2,1,False,
bellevue_150th_newport,A9,412,2097040561,768732101,2359,11,4,4,3,4,0.001,8,1,False,
bellevue_150th_newport,A5,413,45045050,672631349,2080,9,4,4,4,4,0.0025,10,1,False,
bellevue_150th_newport,A6,413,45045050,672631349,2080,9,4,4,4,4,0.0025,10,1,False,
bellevue_150th_newport,A7,413,45045050,672631349,2080,9,4,4,1,2,0.005,2,1,False,
bellevue_150th_newport,A9,413,45045050,672631349,2080,9,4,4,4,4,0.0025,10,1,False,
bellevue_150th_newport,A5,414,346164469,1394493239,1788,9,5,4,3,4,0.005,8,0.996644295302013,False,
bellevue_150th_newport,A6,414,346164469,1394493239,1788,9,5,4,3,4,0.005,8,0.996644295302013,False,
bellevue_150th_newport,A7,414,346164469,1394493239,1788,9,5,4,1,2,0.005,2,1,False,
bellevue_150th_newport,A9,414,346164469,1394493239,1788,9,5,4,3,4,0.005,8,0.996644295302013,False,
bellevue_150th_newport,A5,415,524153526,984999566,2296,7,4,4,3,4,0.001,8,0.999128919860627,False,
bellevue_150th_newport,A6,415,524153526,984999566,2296,7,4,4,3,4,0.001,8,0.999128919860627,False,
bellevue_150th_newport,A7,415,524153526,984999566,2296,7,4,4,1,1,0.005,1,1,False,
bellevue_150th_newport,A9,415,524153526,984999566,2296,7,4,4,3,4,0.001,8,0.999128919860627,False,
bellevue_150th_newport,A5,416,1215067739,2098613675,1577,9,4,3,3,3,0.005,7,1,False,
bellevue_150th_newport,A6,416,1215067739,2098613675,1577,9,4,3,3,3,0.005,7,1,False,
bellevue_150th_newport,A7,416,1215067739,2098613675,1577,9,4,3,1,1,0.005,1,1,False,
bellevue_150th_newport,A9,416,1215067739,2098613675,1577,9,4,3,3,3,0.005,7,1,False,
bellevue_150th_newport,A5,417,749200623,733569410,3843,8,4,4,3,4,0.0025,8,1,False,
bellevue_150th_newport,A6,417,749200623,733569410,3843,8,4,4,3,4,0.0025,8,1,False,
bellevue_150th_newport,A7,417,749200623,733569410,3843,8,4,4,1,2,0.005,2,1,False,
bellevue_150th_newport,A9,417,749200623,733569410,3843,8,4,4,3,4,0.0025,8,1,False,
bellevue_150th_newport,A5,418,705223271,798118156,3145,11,4,4,3,4,0.0025,8,1,False,
bellevue_150th_newport,A6,418,705223271,798118156,3145,11,4,4,3,4,0.0025,8,1,False,
bellevue_150th_newport,A7,418,705223271,798118156,3145,11,4,4,1,2,0.005,2,1,False,
bellevue_150th_newport,A9,418,705223271,798118156,3145,11,4,4,3,4,0.0025,8,1,False,
bellevue_150th_newport,A5,419,1001149000,1346600033,726,7,4,4,4,4,0.001,10,1,False,
bellevue_150th_newport,A6,419,1001149000,1346600033,726,7,4,4,4,4,0.001,10,1,False,
bellevue_150th_newport,A7,419,1001149000,1346600033,726,7,4,4,1,1,0.005,1,1,False,
bellevue_150th_newport,A9,419,1001149000,1346600033,726,7,4,4,4,4,0.001,10,1,False,
bellevue_150th_newport,A5,420,192523663,790025871,2308,9,5,3,4,2,0.005,7,0.997833622183709,False,
bellevue_150th_newport,A6,420,192523663,790025871,2308,9,5,3,4,2,0.005,7,0.997833622183709,False,
bellevue_150th_newport,A7,420,192523663,790025871,2308,9,5,3,1,1,0.005,1,1,False,
bellevue_150th_newport,A9,420,192523663,790025871,2308,9,5,3,4,2,0.005,7,0.997833622183709,False,
bellevue_150th_newport,A5,421,702796462,1266265225,2073,8,4,4,4,4,0.0025,10,1,False,
bellevue_150th_newport,A6,421,702796462,1266265225,2073,8,4,4,4,4,0.0025,10,1,False,
bellevue_150th_newport,A7,421,702796462,1266265225,2073,8,4,4,1,2,0.005,2,1,False,
bellevue_150th_newport,A9,421,702796462,1266265225,2073,8,4,4,4,4,0.0025,10,1,False,
bellevue_150th_newport,A5,422,1508898484,944195135,1555,8,5,4,3,3,0.001,8,1,False,
bellevue_150th_newport,A6,422,1508898484,944195135,1555,8,5,4,3,3,0.001,8,1,False,
bellevue_150th_newport,A7,422,1508898484,944195135,1555,8,5,4,2,1,0.005,2,1,False,
bellevue_150th_newport,A9,422,1508898484,944195135,1555,8,5,4,3,3,0.001,8,1,False,
bellevue_150th_newport,A5,423,880674214,1181127950,568,7,4,5,4,4,0.001,9,1,False,
bellevue_150th_newport,A6,423,880674214,1181127950,568,7,4,5,4,4,0.001,9,1,False,
bellevue_150th_newport,A7,423,880674214,1181127950,568,7,4,5,1,2,0.005,2,1,False,
bellevue_150th_newport,A9,423,880674214,1181127950,568,7,4,5,4,4,0.001,9,1,False,
bellevue_150th_newport,A5,424,1519530358,223275662,2151,9,4,4,4,4,0.0025,10,1,False,
bellevue_150th_newport,A6,424,1519530358,223275662,2151,9,4,4,4,4,0.0025,10,1,False,
bellevue_150th_newport,A7,424,1519530358,223275662,2151,9,4,4,1,2,0.005,2,1,False,
bellevue_150th_newport,A9,424,1519530358,223275662,2151,9,4,4,4,4,0.0025,10,1,False,
bellevue_150th_newport,A5,425,471242455,1619266000,2606,11,5,4,5,4,0.001,13,0.999232540291635,False,
bellevue_150th_newport,A6,425,471242455,1619266000,2606,11,5,4,5,4,0.001,13,0.999232540291635,False,
bellevue_150th_newport,A7,425,471242455,1619266000,2606,11,5,4,2,2,0.0025,4,1,False,
bellevue_150th_newport,A9,425,471242455,1619266000,2606,11,5,4,5,4,0.001,13,0.999232540291635,False,
bellevue_150th_newport,A5,426,605416641,1887092989,2306,10,5,4,4,4,0.001,12,0.999132697311362,False,
bellevue_150th_newport,A6,426,605416641,1887092989,2306,10,5,4,4,4,0.001,12,0.999132697311362,False,
bellevue_150th_newport,A7,426,605416641,1887092989,2306,10,5,4,1,1,0.005,1,1,False,
bellevue_150th_newport,A9,426,605416641,1887092989,2306,10,5,4,4,4,0.001,12,0.999132697311362,False,
bellevue_150th_newport,A5,427,2049865957,513643775,2268,9,4,4,3,4,0.0025,8,1,False,
bellevue_150th_newport,A6,427,2049865957,513643775,2268,9,4,4,3,4,0.0025,8,1,False,
bellevue_150th_newport,A7,427,2049865957,513643775,2268,9,4,4,1,2,0.005,2,1,False,
bellevue_150th_newport,A9,427,2049865957,513643775,2268,9,4,4,3,4,0.0025,8,1,False,
bellevue_150th_newport,A5,428,1094955206,91798367,2470,7,6,3,5,3,0.005,10,0.993117408906883,False,
bellevue_150th_newport,A6,428,1094955206,91798367,2470,7,6,3,5,3,0.005,10,0.993117408906883,False,
bellevue_150th_newport,A7,428,1094955206,91798367,2470,7,6,3,1,1,0.005,1,1,False,
bellevue_150th_newport,A9,428,1094955206,91798367,2470,7,6,3,5,3,0.005,10,0.993117408906883,False,
bellevue_150th_newport,A5,429,524213382,1973193846,1319,7,5,4,4,3,0.001,10,0.999241849886278,False,
bellevue_150th_newport,A6,429,524213382,1973193846,1319,7,5,4,4,3,0.001,10,0.999241849886278,False,
bellevue_150th_newport,A7,429,524213382,1973193846,1319,7,5,4,1,1,0.005,1,1,False,
bellevue_150th_newport,A9,429,524213382,1973193846,1319,7,5,4,4,3,0.001,10,0.999241849886278,False,
bellevue_150th_newport,A5,430,1857209364,1757374992,3532,9,5,4,5,4,0.001,12,0.998867497168743,False,
bellevue_150th_newport,A6,430,1857209364,1757374992,3532,9,5,4,5,4,0.001,12,0.998867497168743,False,
bellevue_150th_newport,A7,430,1857209364,1757374992,3532,9,5,4,2,2,0.005,3,1,False,
bellevue_150th_newport,A9,430,1857209364,1757374992,3532,9,5,4,5,4,0.001,12,0.998867497168743,False,
bellevue_150th_newport,A5,431,1878004348,2094857296,1391,10,5,3,3,3,0.0025,8,0.999281092739037,False,
bellevue_150th_newport,A6,431,1878004348,2094857296,1391,10,5,3,3,3,0.0025,8,0.999281092739037,False,
bellevue_150th_newport,A7,431,1878004348,2094857296,1391,10,5,3,2,1,0.005,2,1,False,
bellevue_150th_newport,A9,431,1878004348,2094857296,1391,10,5,3,3,3,0.0025,8,0.999281092739037,False,
bellevue_150th_newport,A5,432,1633164072,1183937315,2903,8,4,4,4,4,0.0025,10,1,False,
bellevue_150th_newport,A6,432,1633164072,1183937315,2903,8,4,4,4,4,0.0025,10,1,False,
bellevue_150th_newport,A7,432,1633164072,1183937315,2903,8,4,4,1,2,0.005,2,1,False,
bellevue_150th_newport,A9,432,1633164072,1183937315,2903,8,4,4,4,4,0.0025,10,1,False,
bellevue_150th_newport,A5,433,696449366,752488466,2536,9,3,3,2,3,0.005,6,1,False,
bellevue_150th_newport,A6,433,696449366,752488466,2536,9,3,3,2,3,0.005,6,1,False,
bellevue_150th_newport,A7,433,696449366,752488466,2536,9,3,3,1,1,0.005,1,1,False,
bellevue_150th_newport,A9,433,696449366,752488466,2536,9,3,3,2,3,0.005,6,1,False,
bellevue_150th_newport,A5,434,1403603180,1648251597,2268,8,6,4,4,4,0.001,11,0.999559082892416,False,
bellevue_150th_newport,A6,434,1403603180,1648251597,2268,8,6,4,4,4,0.001,11,0.999559082892416,False,
bellevue_150th_newport,A7,434,1403603180,1648251597,2268,8,6,4,1,2,0.005,2,1,False,
bellevue_150th_newport,A9,434,1403603180,1648251597,2268,8,6,4,4,4,0.001,11,0.999559082892416,False,
bellevue_150th_newport,A5,435,742616760,973694786,1788,9,6,3,5,2,0.001,9,1,False,
bellevue_150th_newport,A6,435,742616760,973694786,1788,9,6,3,5,2,0.001,9,1,False,
bellevue_150th_newport,A7,435,742616760,973694786,1788,9,6,3,1,1,0.005,1,1,False,
bellevue_150th_newport,A9,435,742616760,973694786,1788,9,6,3,5,2,0.001,9,1,False,
bellevue_150th_newport,A5,436,1567281410,1318390515,1526,9,3,4,2,4,0.005,6,1,False,
bellevue_150th_newport,A6,436,1567281410,1318390515,1526,9,3,4,2,4,0.005,6,1,False,
bellevue_150th_newport,A7,436,1567281410,1318390515,1526,9,3,4,1,2,0.005,2,1,False,
bellevue_150th_newport,A9,436,1567281410,1318390515,1526,9,3,4,2,4,0.005,6,1,False,
bellevue_150th_newport,A5,437,1006313415,256887560,1794,11,5,4,3,3,0.001,8,1,False,
bellevue_150th_newport,A6,437,1006313415,256887560,1794,11,5,4,3,3,0.001,8,1,False,
bellevue_150th_newport,A7,437,1006313415,256887560,1794,11,5,4,1,1,0.005,1,1,False,
bellevue_150th_newport,A9,437,1006313415,256887560,1794,11,5,4,3,3,0.001,8,1,False,
bellevue_150th_newport,A5,438,2038083901,1197905635,2164,9,4,4,4,4,0.0025,10,1,False,
bellevue_150th_newport,A6,438,2038083901,1197905635,2164,9,4,4,4,4,0.0025,10,1,False,
bellevue_150th_newport,A7,438,2038083901,1197905635,2164,9,4,4,1,2,0.005,2,1,False,
bellevue_150th_newport,A9,438,2038083901,1197905635,2164,9,4,4,4,4,0.0025,10,1,False,
bellevue_150th_newport,A5,439,911023378,361078759,2090,11,4,4,3,4,0.0025,8,1,False,
bellevue_150th_newport,A6,439,911023378,361078759,2090,11,4,4,3,4,0.0025,8,1,False,
bellevue_150th_newport,A7,439,911023378,361078759,2090,11,4,4,1,2,0.005,2,1,False,
bellevue_150th_newport,A9,439,911023378,361078759,2090,11,4,4,3,4,0.0025,8,1,False,
bellevue_150th_newport,A5,440,874017124,1781784662,2450,9,4,4,4,4,0.005,9,0.995102040816327,False,
bellevue_150th_newport,A6,440,874017124,1781784662,2450,9,4,4,4,4,0.005,9,0.995102040816327,False,
bellevue_150th_newport,A7,440,874017124,1781784662,2450,9,4,4,1,2,0.005,2,1,False,
bellevue_150th_newport,A9,440,874017124,1781784662,2450,9,4,4,4,4,0.005,9,0.995102040816327,False,
bellevue_150th_newport,A5,441,1190824159,939955148,1836,7,5,4,5,4,0.001,9,1,False,
bellevue_150th_newport,A6,441,1190824159,939955148,1836,7,5,4,5,4,0.001,9,1,False,
bellevue_150th_newport,A7,441,1190824159,939955148,1836,7,5,4,1,2,0.005,2,1,False,
bellevue_150th_newport,A9,441,1190824159,939955148,1836,7,5,4,5,4,0.001,9,1,False,
bellevue_150th_newport,A5,442,148668428,81798498,2236,9,4,4,4,4,0.0025,10,1,False,
bellevue_150th_newport,A6,442,148668428,81798498,2236,9,4,4,4,4,0.0025,10,1,False,
bellevue_150th_newport,A7,442,148668428,81798498,2236,9,4,4,1,2,0.005,2,1,False,
bellevue_150th_newport,A9,442,148668428,81798498,2236,9,4,4,4,4,0.0025,10,1,False,
bellevue_150th_newport,A5,443,779038615,827938506,1697,12,8,4,6,3,0.001,16,1,False,
bellevue_150th_newport,A6,443,779038615,827938506,1697,12,8,4,6,3,0.001,16,1,False,
bellevue_150th_newport,A7,443,779038615,827938506,1697,12,8,4,1,1,0.005,1,1,False,
bellevue_150th_newport,A9,443,779038615,827938506,1697,12,8,4,6,3,0.001,16,1,False,
bellevue_150th_newport,A5,444,837177950,1286804753,2523,11,5,4,5,4,0.0025,11,0.997621878715815,False,
bellevue_150th_newport,A6,444,837177950,1286804753,2523,11,5,4,5,4,0.0025,11,0.997621878715815,False,
bellevue_150th_newport,A7,444,837177950,1286804753,2523,11,5,4,1,2,0.005,2,1,False,
bellevue_150th_newport,A9,444,837177950,1286804753,2523,11,5,4,5,4,0.0025,11,0.997621878715815,False,
bellevue_150th_newport,A5,445,686247764,1677822667,3004,9,4,4,3,4,0.0025,8,1,False,
bellevue_150th_newport,A6,445,686247764,1677822667,3004,9,4,4,3,4,0.0025,8,1,False,
bellevue_150th_newport,A7,445,686247764,1677822667,3004,9,4,4,1,2,0.005,2,1,False,
bellevue_150th_newport,A9,445,686247764,1677822667,3004,9,4,4,3,4,0.0025,8,1,False,
bellevue_150th_newport,A5,446,1123342800,1721877711,3211,9,5,4,4,4,0.001,11,1,False,
bellevue_150th_newport,A6,446,1123342800,1721877711,3211,9,5,4,4,4,0.001,11,1,False,
bellevue_150th_newport,A7,446,1123342800,1721877711,3211,9,5,4,1,2,0.005,2,1,False,
bellevue_150th_newport,A9,446,1123342800,1721877711,3211,9,5,4,4,4,0.001,11,1,False,
bellevue_150th_newport,A5,447,1006267662,1735639299,1521,8,4,4,4,4,0.0025,10,1,False,
bellevue_150th_newport,A6,447,1006267662,1735639299,1521,8,4,4,4,4,0.0025,10,1,False,
bellevue_150th_newport,A7,447,1006267662,1735639299,1521,8,4,4,1,2,0.005,2,1,False,
bellevue_150th_newport,A9,447,1006267662,1735639299,1521,8,4,4,4,4,0.0025,10,1,False,
bellevue_150th_newport,A5,448,1579302709,108266389,3761,7,5,4,4,4,0.02,7,0.982983249135868,False,
bellevue_150th_newport,A6,448,1579302709,108266389,3761,7,5,4,4,4,0.02,7,0.982983249135868,False,
bellevue_150th_newport,A7,448,1579302709,108266389,3761,7,5,4,1,2,0.005,2,1,False,
bellevue_150th_newport,A9,448,1579302709,108266389,3761,7,5,4,4,4,0.02,7,0.982983249135868,False,
bellevue_150th_newport,A5,449,827253184,933139481,2308,8,5,4,5,4,0.001,13,1,False,
bellevue_150th_newport,A6,449,827253184,933139481,2308,8,5,4,5,4,0.001,13,1,False,
bellevue_150th_newport,A7,449,827253184,933139481,2308,8,5,4,2,2,0.005,4,1,False,
bellevue_150th_newport,A9,449,827253184,933139481,2308,8,5,4,5,4,0.001,13,1,False,
bellevue_150th_newport,A5,450,92132095,2058307066,1766,8,5,4,5,4,0.005,11,0.991506228765572,False,
bellevue_150th_newport,A6,450,92132095,2058307066,1766,8,5,4,5,4,0.005,11,0.991506228765572,False,
bellevue_150th_newport,A7,450,92132095,2058307066,1766,8,5,4,1,2,0.005,2,1,False,
bellevue_150th_newport,A9,450,92132095,2058307066,1766,8,5,4,5,4,0.005,11,0.991506228765572,False,
bellevue_150th_newport,A5,451,470877225,674399153,3331,9,4,4,4,4,0.0025,10,1,False,
bellevue_150th_newport,A6,451,470877225,674399153,3331,9,4,4,4,4,0.0025,10,1,False,
bellevue_150th_newport,A7,451,470877225,674399153,3331,9,4,4,1,2,0.005,2,1,False,
bellevue_150th_newport,A9,451,470877225,674399153,3331,9,4,4,4,4,0.0025,10,1,False,
bellevue_150th_newport,A5,452,1607758121,1113698453,3945,8,4,4,3,4,0.001,8,1,False,
bellevue_150th_newport,A6,452,1607758121,1113698453,3945,8,4,4,3,4,0.001,8,1,False,
bellevue_150th_newport,A7,452,1607758121,1113698453,3945,8,4,4,1,2,0.005,2,1,False,
bellevue_150th_newport,A9,452,1607758121,1113698453,3945,8,4,4,3,4,0.001,8,1,False,
bellevue_150th_newport,A5,453,355439894,124390140,2053,9,4,4,3,4,0.0025,8,1,False,
bellevue_150th_newport,A6,453,355439894,124390140,2053,9,4,4,3,4,0.0025,8,1,False,
bellevue_150th_newport,A7,453,355439894,124390140,2053,9,4,4,1,2,0.005,2,1,False,
bellevue_150th_newport,A9,453,355439894,124390140,2053,9,4,4,3,4,0.0025,8,1,False,
bellevue_150th_newport,A5,454,1743613737,638061211,2699,9,4,4,3,4,0.0025,8,1,False,
bellevue_150th_newport,A6,454,1743613737,638061211,2699,9,4,4,3,4,0.0025,8,1,False,
bellevue_150th_newport,A7,454,1743613737,638061211,2699,9,4,4,1,2,0.005,2,1,False,
bellevue_150th_newport,A9,454,1743613737,638061211,2699,9,4,4,3,4,0.0025,8,1,False,
bellevue_150th_newport,A5,455,175107996,690591265,2074,9,5,4,4,3,0.001,11,1,False,
bellevue_150th_newport,A6,455,175107996,690591265,2074,9,5,4,4,3,0.001,11,1,False,
bellevue_150th_newport,A7,455,175107996,690591265,2074,9,5,4,1,1,0.005,1,1,False,
bellevue_150th_newport,A9,455,175107996,690591265,2074,9,5,4,4,3,0.001,11,1,False,
bellevue_150th_newport,A5,456,988175127,871356179,2452,9,4,4,4,4,0.0025,10,1,False,
bellevue_150th_newport,A6,456,988175127,871356179,2452,9,4,4,4,4,0.0025,10,1,False,
bellevue_150th_newport,A7,456,988175127,871356179,2452,9,4,4,1,2,0.005,2,1,False,
bellevue_150th_newport,A9,456,988175127,871356179,2452,9,4,4,4,4,0.0025,10,1,False,
bellevue_150th_newport,A5,457,848550364,2089533617,2974,8,4,4,3,4,0.0025,8,1,False,
bellevue_150th_newport,A6,457,848550364,2089533617,2974,8,4,4,3,4,0.0025,8,1,False,
bellevue_150th_newport,A7,457,848550364,2089533617,2974,8,4,4,1,2,0.005,2,1,False,
bellevue_150th_newport,A9,457,848550364,2089533617,2974,8,4,4,3,4,0.0025,8,1,False,
bellevue_150th_newport,A5,458,1725304613,1758990513,2795,9,4,4,3,4,0.0025,8,1,False,
bellevue_150th_newport,A6,458,1725304613,1758990513,2795,9,4,4,3,4,0.0025,8,1,False,
bellevue_150th_newport,A7,458,1725304613,1758990513,2795,9,4,4,1,2,0.005,2,1,False,
bellevue_150th_newport,A9,458,1725304613,1758990513,2795,9,4,4,3,4,0.0025,8,1,False,
bellevue_150th_newport,A5,459,302136753,1070726512,2668,8,4,4,3,4,0.0025,9,0.999625187406297,False,
bellevue_150th_newport,A6,459,302136753,1070726512,2668,8,4,4,3,4,0.0025,9,0.999625187406297,False,
bellevue_150th_newport,A7,459,302136753,1070726512,2668,8,4,4,1,2,0.005,2,1,False,
bellevue_150th_newport,A9,459,302136753,1070726512,2668,8,4,4,3,4,0.0025,9,0.999625187406297,False,
bellevue_150th_newport,A5,460,657658850,265108354,3139,11,4,4,3,4,0.0025,8,1,False,
bellevue_150th_newport,A6,460,657658850,265108354,3139,11,4,4,3,4,0.0025,8,1,False,
bellevue_150th_newport,A7,460,657658850,265108354,3139,11,4,4,1,2,0.005,2,1,False,
bellevue_150th_newport,A9,460,657658850,265108354,3139,11,4,4,3,4,0.0025,8,1,False,
bellevue_150th_newport,A5,461,818804110,1255044423,1509,8,6,4,4,3,0.001,10,1,False,
bellevue_150th_newport,A6,461,818804110,1255044423,1509,8,6,4,4,3,0.001,10,1,False,
bellevue_150th_newport,A7,461,818804110,1255044423,1509,8,6,4,1,1,0.005,1,1,False,
bellevue_150th_newport,A9,461,818804110,1255044423,1509,8,6,4,4,3,0.001,10,1,False,
bellevue_150th_newport,A5,462,955772491,1157666244,2056,8,4,4,4,4,0.0025,10,1,False,
bellevue_150th_newport,A6,462,955772491,1157666244,2056,8,4,4,4,4,0.0025,10,1,False,
bellevue_150th_newport,A7,462,955772491,1157666244,2056,8,4,4,1,2,0.005,2,1,False,
bellevue_150th_newport,A9,462,955772491,1157666244,2056,8,4,4,4,4,0.0025,10,1,False,
bellevue_150th_newport,A5,463,1387512197,12331035,3232,9,4,4,4,4,0.0025,10,1,False,
bellevue_150th_newport,A6,463,1387512197,12331035,3232,9,4,4,4,4,0.0025,10,1,False,
bellevue_150th_newport,A7,463,1387512197,12331035,3232,9,4,4,1,2,0.005,2,1,False,
bellevue_150th_newport,A9,463,1387512197,12331035,3232,9,4,4,4,4,0.0025,10,1,False,
bellevue_150th_newport,A5,464,80941739,1906459047,2499,9,5,4,4,4,0.0025,12,0.998799519807923,False,
bellevue_150th_newport,A6,464,80941739,1906459047,2499,9,5,4,4,4,0.0025,12,0.998799519807923,False,
bellevue_150th_newport,A7,464,80941739,1906459047,2499,9,5,4,2,2,0.0025,4,1,False,
bellevue_150th_newport,A9,464,80941739,1906459047,2499,9,5,4,4,4,0.0025,12,0.998799519807923,False,
bellevue_150th_newport,A5,465,1550863382,31943203,1434,8,4,4,4,4,0.02,7,0.981171548117155,False,
bellevue_150th_newport,A6,465,1550863382,31943203,1434,8,4,4,4,4,0.02,7,0.981171548117155,False,
bellevue_150th_newport,A7,465,1550863382,31943203,1434,8,4,4,1,2,0.005,2,1,False,
bellevue_150th_newport,A9,465,1550863382,31943203,1434,8,4,4,4,4,0.02,7,0.981171548117155,False,
bellevue_150th_newport,A5,466,1881909090,410304539,1776,10,4,4,4,4,0.0025,10,0.999436936936937,False,
bellevue_150th_newport,A6,466,1881909090,410304539,1776,10,4,4,4,4,0.0025,10,0.999436936936937,False,
bellevue_150th_newport,A7,466,1881909090,410304539,1776,10,4,4,1,2,0.005,2,1,False,
bellevue_150th_newport,A9,466,1881909090,410304539,1776,10,4,4,4,4,0.0025,10,0.999436936936937,False,
bellevue_150th_newport,A5,467,31217762,38801143,1438,9,5,4,4,4,0.001,10,1,False,
bellevue_150th_newport,A6,467,31217762,38801143,1438,9,5,4,4,4,0.001,10,1,False,
bellevue_150th_newport,A7,467,31217762,38801143,1438,9,5,4,1,2,0.005,2,1,False,
bellevue_150th_newport,A9,467,31217762,38801143,1438,9,5,4,4,4,0.001,10,1,False,
bellevue_150th_newport,A5,468,298011815,498090777,2472,10,4,4,3,4,0.0025,8,1,False,
bellevue_150th_newport,A6,468,298011815,498090777,2472,10,4,4,3,4,0.0025,8,1,False,
bellevue_150th_newport,A7,468,298011815,498090777,2472,10,4,4,1,2,0.005,2,1,False,
bellevue_150th_newport,A9,468,298011815,498090777,2472,10,4,4,3,4,0.0025,8,1,False,
bellevue_150th_newport,A5,469,1220405458,968165576,3531,8,4,4,4,4,0.001,10,1,False,
bellevue_150th_newport,A6,469,1220405458,968165576,3531,8,4,4,4,4,0.001,10,1,False,
bellevue_150th_newport,A7,469,1220405458,968165576,3531,8,4,4,1,2,0.005,2,1,False,
bellevue_150th_newport,A9,469,1220405458,968165576,3531,8,4,4,4,4,0.001,10,1,False,
bellevue_150th_newport,A5,470,568918169,1571568034,2128,8,4,4,4,4,0.001,10,0.99906015037594,False,
bellevue_150th_newport,A6,470,568918169,1571568034,2128,8,4,4,4,4,0.001,10,0.99906015037594,False,
bellevue_150th_newport,A7,470,568918169,1571568034,2128,8,4,4,1,2,0.005,2,1,False,
bellevue_150th_newport,A9,470,568918169,1571568034,2128,8,4,4,4,4,0.001,10,0.99906015037594,False,
bellevue_150th_newport,A5,471,1044692619,1304494993,2720,8,4,4,3,4,0.001,8,1,False,
bellevue_150th_newport,A6,471,1044692619,1304494993,2720,8,4,4,3,4,0.001,8,1,False,
bellevue_150th_newport,A7,471,1044692619,1304494993,2720,8,4,4,1,2,0.005,2,1,False,
bellevue_150th_newport,A9,471,1044692619,1304494993,2720,8,4,4,3,4,0.001,8,1,False,
bellevue_150th_newport,A5,472,1989385287,1393920166,2825,9,4,4,4,4,0.001,10,0.99929203539823,False,
bellevue_150th_newport,A6,472,1989385287,1393920166,2825,9,4,4,4,4,0.001,10,0.99929203539823,False,
bellevue_150th_newport,A7,472,1989385287,1393920166,2825,9,4,4,1,2,0.005,2,1,False,
bellevue_150th_newport,A9,472,1989385287,1393920166,2825,9,4,4,4,4,0.001,10,0.99929203539823,False,
bellevue_150th_newport,A5,473,1644879516,1143030219,1539,10,4,4,3,4,0.0025,8,1,False,
bellevue_150th_newport,A6,473,1644879516,1143030219,1539,10,4,4,3,4,0.0025,8,1,False,
bellevue_150th_newport,A7,473,1644879516,1143030219,1539,10,4,4,1,2,0.005,2,1,False,
bellevue_150th_newport,A9,473,1644879516,1143030219,1539,10,4,4,3,4,0.0025,8,1,False,
bellevue_150th_newport,A5,474,1001375954,1779888084,1938,9,5,4,3,4,0.01,7,0.992776057791538,False,
bellevue_150th_newport,A6,474,1001375954,1779888084,1938,9,5,4,3,4,0.01,7,0.992776057791538,False,
bellevue_150th_newport,A7,474,1001375954,1779888084,1938,9,5,4,1,2,0.005,2,1,False,
bellevue_150th_newport,A9,474,1001375954,1779888084,1938,9,5,4,3,4,0.01,7,0.992776057791538,False,
bellevue_150th_newport,A5,475,763337552,85703111,1541,9,5,4,5,4,0.0025,12,0.99805321219987,False,
bellevue_150th_newport,A6,475,763337552,85703111,1541,9,5,4,5,4,0.0025,12,0.99805321219987,False,
bellevue_150th_newport,A7,475,763337552,85703111,1541,9,5,4,1,2,0.005,2,1,False,
bellevue_150th_newport,A9,475,763337552,85703111,1541,9,5,4,5,4,0.0025,12,0.99805321219987,False,
bellevue_150th_newport,A5,476,2103804550,1218216891,2589,9,5,4,5,4,0.001,13,1,False,
bellevue_150th_newport,A6,476,2103804550,1218216891,2589,9,5,4,5,4,0.001,13,1,False,
bellevue_150th_newport,A7,476,2103804550,1218216891,2589,9,5,4,2,2,0.001,4,1,False,
bellevue_150th_newport,A9,476,2103804550,1218216891,2589,9,5,4,5,4,0.001,13,1,False,
bellevue_150th_newport,A5,477,1542273887,1630965495,1895,9,4,4,3,4,0.0025,8,1,False,
bellevue_150th_newport,A6,477,1542273887,1630965495,1895,9,4,4,3,4,0.0025,8,1,False,
bellevue_150th_newport,A7,477,1542273887,1630965495,1895,9,4,4,1,2,0.005,2,1,False,
bellevue_150th_newport,A9,477,1542273887,1630965495,1895,9,4,4,3,4,0.0025,8,1,False,
bellevue_150th_newport,A5,478,1957350084,1181621094,2676,11,5,4,3,4,0.005,7,0.993647234678625,False,
bellevue_150th_newport,A6,478,1957350084,1181621094,2676,11,5,4,3,4,0.005,7,0.993647234678625,False,
bellevue_150th_newport,A7,478,1957350084,1181621094,2676,11,5,4,1,2,0.005,2,1,False,
bellevue_150th_newport,A9,478,1957350084,1181621094,2676,11,5,4,3,4,0.005,7,0.993647234678625,False,
bellevue_150th_newport,A5,479,572738813,1780567567,1558,9,4,4,3,4,0.001,8,1,False,
bellevue_150th_newport,A6,479,572738813,1780567567,1558,9,4,4,3,4,0.001,8,1,False,
bellevue_150th_newport,A7,479,572738813,1780567567,1558,9,4,4,1,2,0.005,2,1,False,
bellevue_150th_newport,A9,479,572738813,1780567567,1558,9,4,4,3,4,0.001,8,1,False,
bellevue_150th_newport,A5,480,1267893355,314380985,2281,10,5,4,5,4,0.001,13,0.999123191582639,False,
bellevue_150th_newport,A6,480,1267893355,314380985,2281,10,5,4,5,4,0.001,13,0.999123191582639,False,
bellevue_150th_newport,A7,480,1267893355,314380985,2281,10,5,4,2,2,0.005,3,1,False,
bellevue_150th_newport,A9,480,1267893355,314380985,2281,10,5,4,5,4,0.001,13,0.999123191582639,False,
bellevue_150th_newport,A5,481,58790122,419111070,2248,9,3,4,2,4,0.005,6,0.997775800711744,False,
bellevue_150th_newport,A6,481,58790122,419111070,2248,9,3,4,2,4,0.005,6,0.997775800711744,False,
bellevue_150th_newport,A7,481,58790122,419111070,2248,9,3,4,1,2,0.005,2,1,False,
bellevue_150th_newport,A9,481,58790122,419111070,2248,9,3,4,2,4,0.005,6,0.997775800711744,False,
bellevue_150th_newport,A5,482,1151117751,249970128,3050,7,4,4,4,4,0.0025,10,1,False,
bellevue_150th_newport,A6,482,1151117751,249970128,3050,7,4,4,4,4,0.0025,10,1,False,
bellevue_150th_newport,A7,482,1151117751,249970128,3050,7,4,4,1,2,0.005,2,1,False,
bellevue_150th_newport,A9,482,1151117751,249970128,3050,7,4,4,4,4,0.0025,10,1,False,
bellevue_150th_newport,A5,483,520824716,1768505714,3822,8,5,4,4,4,0.0025,11,0.999476713762428,False,
bellevue_150th_newport,A6,483,520824716,1768505714,3822,8,5,4,4,4,0.0025,11,0.999476713762428,False,
bellevue_150th_newport,A7,483,520824716,1768505714,3822,8,5,4,2,2,0.005,3,1,False,
bellevue_150th_newport,A9,483,520824716,1768505714,3822,8,5,4,4,4,0.0025,11,0.999476713762428,False,
bellevue_150th_newport,A5,484,1154620574,2117066727,1619,9,4,4,3,4,0.001,8,1,False,
bellevue_150th_newport,A6,484,1154620574,2117066727,1619,9,4,4,3,4,0.001,8,1,False,
bellevue_150th_newport,A7,484,1154620574,2117066727,1619,9,4,4,1,1,0.005,1,1,False,
bellevue_150th_newport,A9,484,1154620574,2117066727,1619,9,4,4,3,4,0.001,8,1,False,
bellevue_150th_newport,A5,485,308033513,197574037,2535,11,4,4,3,4,0.001,8,0.999605522682446,False,
bellevue_150th_newport,A6,485,308033513,197574037,2535,11,4,4,3,4,0.001,8,0.999605522682446,False,
bellevue_150th_newport,A7,485,308033513,197574037,2535,11,4,4,1,2,0.005,2,1,False,
bellevue_150th_newport,A9,485,308033513,197574037,2535,11,4,4,3,4,0.001,8,0.999605522682446,False,
bellevue_150th_newport,A5,486,1256872406,2036549604,2475,9,5,4,4,4,0.0025,10,0.999191919191919,False,
bellevue_150th_newport,A6,486,1256872406,2036549604,2475,9,5,4,4,4,0.0025,10,0.999191919191919,False,
bellevue_150th_newport,A7,486,1256872406,2036549604,2475,9,5,4,1,2,0.005,2,1,False,
bellevue_150th_newport,A9,486,1256872406,2036549604,2475,9,5,4,4,4,0.0025,10,0.999191919191919,False,
bellevue_150th_newport,A5,487,1594123022,1246202322,1861,9,4,4,3,4,0.001,8,1,False,
bellevue_150th_newport,A6,487,1594123022,1246202322,1861,9,4,4,3,4,0.001,8,1,False,
bellevue_150th_newport,A7,487,1594123022,1246202322,1861,9,4,4,1,2,0.005,2,1,False,
bellevue_150th_newport,A9,487,1594123022,1246202322,1861,9,4,4,3,4,0.001,8,1,False,
bellevue_150th_newport,A5,488,1941169604,1674006746,1875,7,5,4,4,3,0.005,10,0.998933333333333,False,
bellevue_150th_newport,A6,488,1941169604,1674006746,1875,7,5,4,4,3,0.005,10,0.998933333333333,False,
bellevue_150th_newport,A7,488,1941169604,1674006746,1875,7,5,4,1,1,0.005,1,1,False,
bellevue_150th_newport,A9,488,1941169604,1674006746,1875,7,5,4,4,3,0.005,10,0.998933333333333,False,
bellevue_150th_newport,A5,489,62483320,1972593826,2290,9,4,4,3,4,0.001,10,0.999563318777293,False,
bellevue_150th_newport,A6,489,62483320,1972593826,2290,9,4,4,3,4,0.001,10,0.999563318777293,False,
bellevue_150th_newport,A7,489,62483320,1972593826,2290,9,4,4,1,1,0.005,1,1,False,
bellevue_150th_newport,A9,489,62483320,1972593826,2290,9,4,4,3,4,0.001,10,0.999563318777293,False,
bellevue_150th_newport,A5,490,491181485,1756066851,2612,9,4,4,4,4,0.02,6,0.976646248085758,False,
bellevue_150th_newport,A6,490,491181485,1756066851,2612,9,4,4,4,4,0.02,6,0.976646248085758,False,
bellevue_150th_newport,A7,490,491181485,1756066851,2612,9,4,4,1,2,0.005,2,1,False,
bellevue_150th_newport,A9,490,491181485,1756066851,2612,9,4,4,4,4,0.02,6,0.976646248085758,False,
bellevue_150th_newport,A5,491,1973287484,1209622453,2625,10,4,4,4,4,0.001,10,1,False,
bellevue_150th_newport,A6,491,1973287484,1209622453,2625,10,4,4,4,4,0.001,10,1,False,
bellevue_150th_newport,A7,491,1973287484,1209622453,2625,10,4,4,1,2,0.005,2,1,False,
bellevue_150th_newport,A9,491,1973287484,1209622453,2625,10,4,4,4,4,0.001,10,1,False,
bellevue_150th_newport,A5,492,1475735037,1964568950,2139,8,3,3,2,3,0.005,6,1,False,
bellevue_150th_newport,A6,492,1475735037,1964568950,2139,8,3,3,2,3,0.005,6,1,False,
bellevue_150th_newport,A7,492,1475735037,1964568950,2139,8,3,3,1,1,0.005,1,1,False,
bellevue_150th_newport,A9,492,1475735037,1964568950,2139,8,3,3,2,3,0.005,6,1,False,
bellevue_150th_newport,A5,493,1339914195,1428458784,1791,10,5,4,3,3,0.001,8,1,False,
bellevue_150th_newport,A6,493,1339914195,1428458784,1791,10,5,4,3,3,0.001,8,1,False,
bellevue_150th_newport,A7,493,1339914195,1428458784,1791,10,5,4,1,1,0.005,1,1,False,
bellevue_150th_newport,A9,493,1339914195,1428458784,1791,10,5,4,3,3,0.001,8,1,False,
bellevue_150th_newport,A5,494,1194948705,1634895131,2672,9,5,4,5,4,0.02,8,0.970434131736527,False,
bellevue_150th_newport,A6,494,1194948705,1634895131,2672,9,5,4,5,4,0.02,8,0.970434131736527,False,
bellevue_150th_newport,A7,494,1194948705,1634895131,2672,9,5,4,1,2,0.005,2,1,False,
bellevue_150th_newport,A9,494,1194948705,1634895131,2672,9,5,4,5,4,0.02,8,0.970434131736527,False,
bellevue_150th_newport,A5,495,504437700,2135228301,2255,9,5,4,4,3,0.005,9,0.995565410199557,False,
bellevue_150th_newport,A6,495,504437700,2135228301,2255,9,5,4,4,3,0.005,9,0.995565410199557,False,
bellevue_150th_newport,A7,495,504437700,2135228301,2255,9,5,4,1,1,0.005,1,1,False,
bellevue_150th_newport,A9,495,504437700,2135228301,2255,9,5,4,4,3,0.005,9,0.995565410199557,False,
bellevue_150th_newport,A5,496,1676707047,995989318,3608,11,4,4,4,4,0.0025,10,1,False,
bellevue_150th_newport,A6,496,1676707047,995989318,3608,11,4,4,4,4,0.0025,10,1,False,
bellevue_150th_newport,A7,496,1676707047,995989318,3608,11,4,4,1,2,0.005,2,1,False,
bellevue_150th_newport,A9,496,1676707047,995989318,3608,11,4,4,4,4,0.0025,10,1,False,
bellevue_150th_newport,A5,497,1812036891,711190903,2408,10,4,4,3,4,0.0025,8,1,False,
bellevue_150th_newport,A6,497,1812036891,711190903,2408,10,4,4,3,4,0.0025,8,1,False,
bellevue_150th_newport,A7,497,1812036891,711190903,2408,10,4,4,1,2,0.005,2,1,False,
bellevue_150th_newport,A9,497,1812036891,711190903,2408,10,4,4,3,4,0.0025,8,1,False,
bellevue_150th_newport,A5,498,1663538671,1965605496,1996,11,5,4,5,4,0.02,8,0.974448897795591,False,
bellevue_150th_newport,A6,498,1663538671,1965605496,1996,11,5,4,5,4,0.02,8,0.974448897795591,False,
bellevue_150th_newport,A7,498,1663538671,1965605496,1996,11,5,4,1,2,0.005,2,1,False,
bellevue_150th_newport,A9,498,1663538671,1965605496,1996,11,5,4,5,4,0.02,8,0.974448897795591,False,
bellevue_150th_newport,A5,499,1236702870,710508816,3254,8,5,4,5,4,0.001,13,0.999385371850031,False,
bellevue_150th_newport,A6,499,1236702870,710508816,3254,8,5,4,5,4,0.001,13,0.999385371850031,False,
bellevue_150th_newport,A7,499,1236702870,710508816,3254,8,5,4,1,2,0.005,2,1,False,
bellevue_150th_newport,A9,499,1236702870,710508816,3254,8,5,4,5,4,0.001,13,0.999385371850031,False,
bellevue_150th_eastgate,A5,0,1618939050,1288267060,7701,9,3,4,3,4,0.01,7,0.993247630177899,False,
bellevue_150th_eastgate,A6,0,1618939050,1288267060,7701,9,3,4,3,4,0.01,7,0.993247630177899,False,
bellevue_150th_eastgate,A7,0,1618939050,1288267060,7701,9,3,4,1,2,0.005,2,1,False,
bellevue_150th_eastgate,A9,0,1618939050,1288267060,7701,9,3,4,3,4,0.01,7,0.993247630177899,False,
bellevue_150th_eastgate,A5,1,204018233,496312393,5060,8,4,4,4,4,0.0025,10,1,False,
bellevue_150th_eastgate,A6,1,204018233,496312393,5060,8,4,4,4,4,0.0025,10,1,False,
bellevue_150th_eastgate,A7,1,204018233,496312393,5060,8,4,4,1,3,0.005,3,1,False,
bellevue_150th_eastgate,A9,1,204018233,496312393,5060,8,4,4,4,4,0.0025,10,1,False,
bellevue_150th_eastgate,A5,2,1271385634,194909439,11890,9,4,4,4,4,0.01,9,0.993103448275862,False,
bellevue_150th_eastgate,A6,2,1271385634,194909439,11890,9,4,4,4,4,0.01,9,0.993103448275862,False,
bellevue_150th_eastgate,A7,2,1271385634,194909439,11890,9,4,4,2,2,0.005,4,1,False,
bellevue_150th_eastgate,A9,2,1271385634,194909439,11890,9,4,4,4,4,0.01,9,0.993103448275862,False,
bellevue_150th_eastgate,A5,3,674884284,1066432293,9953,9,3,4,3,4,0.01,7,0.992364111323219,False,
bellevue_150th_eastgate,A6,3,674884284,1066432293,9953,9,3,4,3,4,0.01,7,0.992364111323219,False,
bellevue_150th_eastgate,A7,3,674884284,1066432293,9953,9,3,4,1,2,0.005,2,1,False,
bellevue_150th_eastgate,A9,3,674884284,1066432293,9953,9,3,4,3,4,0.01,7,0.992364111323219,False,
bellevue_150th_eastgate,A5,4,485376573,1342900135,8888,10,3,4,3,4,0.001,9,0.999887488748875,False,
bellevue_150th_eastgate,A6,4,485376573,1342900135,8888,10,3,4,3,4,0.001,9,0.999887488748875,False,
bellevue_150th_eastgate,A7,4,485376573,1342900135,8888,10,3,4,1,2,0.005,2,1,False,
bellevue_150th_eastgate,A9,4,485376573,1342900135,8888,10,3,4,3,4,0.001,9,0.999887488748875,False,
bellevue_150th_eastgate,A5,5,895142293,1579753196,4033,9,3,4,3,4,0.001,9,0.999256136870816,False,
bellevue_150th_eastgate,A6,5,895142293,1579753196,4033,9,3,4,3,4,0.001,9,0.999256136870816,False,
bellevue_150th_eastgate,A7,5,895142293,1579753196,4033,9,3,4,1,2,0.005,2,1,False,
bellevue_150th_eastgate,A9,5,895142293,1579753196,4033,9,3,4,3,4,0.001,9,0.999256136870816,False,
bellevue_150th_eastgate,A5,6,93567054,1156085693,4089,10,4,4,4,4,0.0025,10,1,False,
bellevue_150th_eastgate,A6,6,93567054,1156085693,4089,10,4,4,4,4,0.0025,10,1,False,
bellevue_150th_eastgate,A7,6,93567054,1156085693,4089,10,4,4,1,3,0.005,3,1,False,
bellevue_150th_eastgate,A9,6,93567054,1156085693,4089,10,4,4,4,4,0.0025,10,1,False,
bellevue_150th_eastgate,A5,7,862639866,20690787,5030,11,3,4,3,4,0.02,7,0.993439363817097,False,
bellevue_150th_eastgate,A6,7,862639866,20690787,5030,11,3,4,3,4,0.02,7,0.993439363817097,False,
bellevue_150th_eastgate,A7,7,862639866,20690787,5030,11,3,4,1,2,0.005,2,1,False,
bellevue_150th_eastgate,A9,7,862639866,20690787,5030,11,3,4,3,4,0.02,7,0.993439363817097,False,
bellevue_150th_eastgate,A5,8,853021953,649395047,10921,9,4,4,4,4,0.01,9,0.991026462778134,False,
bellevue_150th_eastgate,A6,8,853021953,649395047,10921,9,4,4,4,4,0.01,9,0.991026462778134,False,
bellevue_150th_eastgate,A7,8,853021953,649395047,10921,9,4,4,2,2,0.005,3,1,False,
bellevue_150th_eastgate,A9,8,853021953,649395047,10921,9,4,4,4,4,0.01,9,0.991026462778134,False,
bellevue_150th_eastgate,A5,9,247294822,252804518,5629,11,4,4,4,4,0.02,8,0.984189021140522,False,
bellevue_150th_eastgate,A6,9,247294822,252804518,5629,11,4,4,4,4,0.02,8,0.984189021140522,False,
bellevue_150th_eastgate,A7,9,247294822,252804518,5629,11,4,4,2,2,0.005,4,1,False,
bellevue_150th_eastgate,A9,9,247294822,252804518,5629,11,4,4,4,4,0.02,8,0.984189021140522,False,
bellevue_150th_eastgate,A5,10,749971292,808452321,7830,13,3,4,3,4,0.01,7,0.993486590038314,False,
bellevue_150th_eastgate,A6,10,749971292,808452321,7830,13,3,4,3,4,0.01,7,0.993486590038314,False,
bellevue_150th_eastgate,A7,10,749971292,808452321,7830,13,3,4,1,2,0.005,2,1,False,
bellevue_150th_eastgate,A9,10,749971292,808452321,7830,13,3,4,3,4,0.01,7,0.993486590038314,False,
bellevue_150th_eastgate,A5,11,1161139597,193931310,5005,10,3,4,3,4,0.001,9,0.999400599400599,False,
bellevue_150th_eastgate,A6,11,1161139597,193931310,5005,10,3,4,3,4,0.001,9,0.999400599400599,False,
bellevue_150th_eastgate,A7,11,1161139597,193931310,5005,10,3,4,1,2,0.005,2,1,False,
bellevue_150th_eastgate,A9,11,1161139597,193931310,5005,10,3,4,3,4,0.001,9,0.999400599400599,False,
bellevue_150th_eastgate,A5,12,653365666,1346694226,6801,10,4,4,4,4,0.001,11,0.999411851198353,False,
bellevue_150th_eastgate,A6,12,653365666,1346694226,6801,10,4,4,4,4,0.001,11,0.999411851198353,False,
bellevue_150th_eastgate,A7,12,653365666,1346694226,6801,10,4,4,2,2,0.005,3,1,False,
bellevue_150th_eastgate,A9,12,653365666,1346694226,6801,10,4,4,4,4,0.001,11,0.999411851198353,False,
bellevue_150th_eastgate,A5,13,801590489,297004120,6694,9,4,4,4,4,0.01,9,0.994173887063042,False,
bellevue_150th_eastgate,A6,13,801590489,297004120,6694,9,4,4,4,4,0.01,9,0.994173887063042,False,
bellevue_150th_eastgate,A7,13,801590489,297004120,6694,9,4,4,1,2,0.005,2,1,False,
bellevue_150th_eastgate,A9,13,801590489,297004120,6694,9,4,4,4,4,0.01,9,0.994173887063042,False,
bellevue_150th_eastgate,A5,14,1517413387,1748741587,11821,8,4,4,4,4,0.01,9,0.992555621351832,False,
bellevue_150th_eastgate,A6,14,1517413387,1748741587,11821,8,4,4,4,4,0.01,9,0.992555621351832,False,
bellevue_150th_eastgate,A7,14,1517413387,1748741587,11821,8,4,4,2,2,0.005,4,1,False,
bellevue_150th_eastgate,A9,14,1517413387,1748741587,11821,8,4,4,4,4,0.01,9,0.992555621351832,False,
bellevue_150th_eastgate,A5,15,400166308,1593290695,8676,9,4,4,4,4,0.02,8,0.980290456431535,False,
bellevue_150th_eastgate,A6,15,400166308,1593290695,8676,9,4,4,4,4,0.02,8,0.980290456431535,False,
bellevue_150th_eastgate,A7,15,400166308,1593290695,8676,9,4,4,1,2,0.005,2,1,False,
bellevue_150th_eastgate,A9,15,400166308,1593290695,8676,9,4,4,4,4,0.02,8,0.980290456431535,False,
bellevue_150th_eastgate,A5,16,1401402122,119087159,8037,9,4,4,4,4,0.005,10,0.997511509269628,False,
bellevue_150th_eastgate,A6,16,1401402122,119087159,8037,9,4,4,4,4,0.005,10,0.997511509269628,False,
bellevue_150th_eastgate,A7,16,1401402122,119087159,8037,9,4,4,2,2,0.005,4,1,False,
bellevue_150th_eastgate,A9,16,1401402122,119087159,8037,9,4,4,4,4,0.005,10,0.997511509269628,False,
bellevue_150th_eastgate,A5,17,380861962,801462966,7584,12,4,4,4,4,0.005,9,0.993802742616034,False,
bellevue_150th_eastgate,A6,17,380861962,801462966,7584,12,4,4,4,4,0.005,9,0.993802742616034,False,
bellevue_150th_eastgate,A7,17,380861962,801462966,7584,12,4,4,2,2,0.005,4,1,False,
bellevue_150th_eastgate,A9,17,380861962,801462966,7584,12,4,4,4,4,0.005,9,0.993802742616034,False,
bellevue_150th_eastgate,A5,18,600753467,144576435,2639,8,4,4,4,4,0.0025,10,0.999242137173172,False,
bellevue_150th_eastgate,A6,18,600753467,144576435,2639,8,4,4,4,4,0.0025,10,0.999242137173172,False,
bellevue_150th_eastgate,A7,18,600753467,144576435,2639,8,4,4,2,2,0.005,4,1,False,
bellevue_150th_eastgate,A9,18,600753467,144576435,2639,8,4,4,4,4,0.0025,10,0.999242137173172,False,
bellevue_150th_eastgate,A5,19,1809642384,1202237472,13440,9,4,4,4,4,0.005,9,0.996205357142857,False,
bellevue_150th_eastgate,A6,19,1809642384,1202237472,13440,9,4,4,4,4,0.005,9,0.996205357142857,False,
bellevue_150th_eastgate,A7,19,1809642384,1202237472,13440,9,4,4,2,2,0.005,4,1,False,
bellevue_150th_eastgate,A9,19,1809642384,1202237472,13440,9,4,4,4,4,0.005,9,0.996205357142857,False,
bellevue_150th_eastgate,A5,20,1160205079,1827735343,13420,8,3,4,3,4,0.005,7,0.994858420268256,False,
bellevue_150th_eastgate,A6,20,1160205079,1827735343,13420,8,3,4,3,4,0.005,7,0.994858420268256,False,
bellevue_150th_eastgate,A7,20,1160205079,1827735343,13420,8,3,4,1,2,0.005,2,1,False,
bellevue_150th_eastgate,A9,20,1160205079,1827735343,13420,8,3,4,3,4,0.005,7,0.994858420268256,False,
bellevue_150th_eastgate,A5,21,34442980,1383563387,8268,10,4,4,4,4,0.01,9,0.992138364779874,False,
bellevue_150th_eastgate,A6,21,34442980,1383563387,8268,10,4,4,4,4,0.01,9,0.992138364779874,False,
bellevue_150th_eastgate,A7,21,34442980,1383563387,8268,10,4,4,2,2,0.005,4,1,False,
bellevue_150th_eastgate,A9,21,34442980,1383563387,8268,10,4,4,4,4,0.01,9,0.992138364779874,False,
bellevue_150th_eastgate,A5,22,1551257878,1859173206,8397,13,4,4,4,4,0.005,9,0.994283672740264,False,
bellevue_150th_eastgate,A6,22,1551257878,1859173206,8397,13,4,4,4,4,0.005,9,0.994283672740264,False,
bellevue_150th_eastgate,A7,22,1551257878,1859173206,8397,13,4,4,2,2,0.005,4,1,False,
bellevue_150th_eastgate,A9,22,1551257878,1859173206,8397,13,4,4,4,4,0.005,9,0.994283672740264,False,
bellevue_150th_eastgate,A5,23,296281874,1302713320,15065,9,4,4,4,4,0.01,9,0.994357782940591,False,
bellevue_150th_eastgate,A6,23,296281874,1302713320,15065,9,4,4,4,4,0.01,9,0.994357782940591,False,
bellevue_150th_eastgate,A7,23,296281874,1302713320,15065,9,4,4,2,2,0.005,4,1,False,
bellevue_150th_eastgate,A9,23,296281874,1302713320,15065,9,4,4,4,4,0.01,9,0.994357782940591,False,
bellevue_150th_eastgate,A5,24,83970021,1227480165,7497,8,4,4,4,4,0.005,10,0.997865812991863,False,
bellevue_150th_eastgate,A6,24,83970021,1227480165,7497,8,4,4,4,4,0.005,10,0.997865812991863,False,
bellevue_150th_eastgate,A7,24,83970021,1227480165,7497,8,4,4,2,2,0.005,4,1,False,
bellevue_150th_eastgate,A9,24,83970021,1227480165,7497,8,4,4,4,4,0.005,10,0.997865812991863,False,
bellevue_150th_eastgate,A5,25,745223659,1283301421,6238,10,4,4,4,4,0.01,9,0.993427380570696,False,
bellevue_150th_eastgate,A6,25,745223659,1283301421,6238,10,4,4,4,4,0.01,9,0.993427380570696,False,
bellevue_150th_eastgate,A7,25,745223659,1283301421,6238,10,4,4,2,2,0.005,4,1,False,
bellevue_150th_eastgate,A9,25,745223659,1283301421,6238,10,4,4,4,4,0.01,9,0.993427380570696,False,
bellevue_150th_eastgate,A5,26,1532941980,742509932,7291,10,4,4,4,4,0.005,9,0.993142230146756,False,
bellevue_150th_eastgate,A6,26,1532941980,742509932,7291,10,4,4,4,4,0.005,9,0.993142230146756,False,
bellevue_150th_eastgate,A7,26,1532941980,742509932,7291,10,4,4,2,2,0.005,3,1,False,
bellevue_150th_eastgate,A9,26,1532941980,742509932,7291,10,4,4,4,4,0.005,9,0.993142230146756,False,
bellevue_150th_eastgate,A5,27,2116768690,1547755726,17271,8,4,4,4,4,0.01,9,0.992415030976782,False,
bellevue_150th_eastgate,A6,27,2116768690,1547755726,17271,8,4,4,4,4,0.01,9,0.992415030976782,False,
bellevue_150th_eastgate,A7,27,2116768690,1547755726,17271,8,4,4,2,2,0.005,4,1,False,
bellevue_150th_eastgate,A9,27,2116768690,1547755726,17271,8,4,4,4,4,0.01,9,0.992415030976782,False,
bellevue_150th_eastgate,A5,28,1779700464,1447096925,8240,8,3,4,3,4,0.005,7,0.99623786407767,False,
bellevue_150th_eastgate,A6,28,1779700464,1447096925,8240,8,3,4,3,4,0.005,7,0.99623786407767,False,
bellevue_150th_eastgate,A7,28,1779700464,1447096925,8240,8,3,4,2,2,0.001,4,1,False,
bellevue_150th_eastgate,A9,28,1779700464,1447096925,8240,8,3,4,3,4,0.005,7,0.99623786407767,False,
bellevue_150th_eastgate,A5,29,886490509,1312576171,13090,8,3,4,3,4,0.02,7,0.99266615737204,False,
bellevue_150th_eastgate,A6,29,886490509,1312576171,13090,8,3,4,3,4,0.02,7,0.99266615737204,False,
bellevue_150th_eastgate,A7,29,886490509,1312576171,13090,8,3,4,1,2,0.005,2,1,False,
bellevue_150th_eastgate,A9,29,886490509,1312576171,13090,8,3,4,3,4,0.02,7,0.99266615737204,False,
bellevue_150th_eastgate,A5,30,1058902044,486640798,7558,9,4,4,4,4,0.001,10,0.999338449325218,False,
bellevue_150th_eastgate,A6,30,1058902044,486640798,7558,9,4,4,4,4,0.001,10,0.999338449325218,False,
bellevue_150th_eastgate,A7,30,1058902044,486640798,7558,9,4,4,2,3,0.005,4,0.999338449325218,False,
bellevue_150th_eastgate,A9,30,1058902044,486640798,7558,9,4,4,4,4,0.001,10,0.999338449325218,False,
bellevue_150th_eastgate,A5,31,1699804837,1923275056,8647,7,3,4,3,4,0.0025,8,0.99942176477391,False,
bellevue_150th_eastgate,A6,31,1699804837,1923275056,8647,7,3,4,3,4,0.0025,8,0.99942176477391,False,
bellevue_150th_eastgate,A7,31,1699804837,1923275056,8647,7,3,4,1,2,0.005,2,1,False,
bellevue_150th_eastgate,A9,31,1699804837,1923275056,8647,7,3,4,3,4,0.0025,8,0.99942176477391,False,
bellevue_150th_eastgate,A5,32,573300333,545766121,10281,10,3,4,3,4,0.01,7,0.99465032584379,False,
bellevue_150th_eastgate,A6,32,573300333,545766121,10281,10,3,4,3,4,0.01,7,0.99465032584379,False,
bellevue_150th_eastgate,A7,32,573300333,545766121,10281,10,3,4,1,2,0.005,2,1,False,
bellevue_150th_eastgate,A9,32,573300333,545766121,10281,10,3,4,3,4,0.01,7,0.99465032584379,False,
bellevue_150th_eastgate,A5,33,1737538181,1246342784,4225,9,4,8,4,7,0.0025,20,0.997869822485207,False,
bellevue_150th_eastgate,A6,33,1737538181,1246342784,4225,9,4,8,4,7,0.0025,20,0.997869822485207,False,
bellevue_150th_eastgate,A7,33,1737538181,1246342784,4225,9,4,8,1,2,0.005,2,1,False,
bellevue_150th_eastgate,A9,33,1737538181,1246342784,4225,9,4,8,4,7,0.0025,20,0.997869822485207,False,
bellevue_150th_eastgate,A5,34,1850966475,512259687,6971,9,4,4,4,4,0.02,9,0.990819107732033,False,
bellevue_150th_eastgate,A6,34,1850966475,512259687,6971,9,4,4,4,4,0.02,9,0.990819107732033,False,
bellevue_150th_eastgate,A7,34,1850966475,512259687,6971,9,4,4,2,2,0.005,4,1,False,
bellevue_150th_eastgate,A9,34,1850966475,512259687,6971,9,4,4,4,4,0.02,9,0.990819107732033,False,
bellevue_150th_eastgate,A5,35,822058291,1908638212,7966,10,4,4,4,4,0.01,9,0.993472257092644,False,
bellevue_150th_eastgate,A6,35,822058291,1908638212,7966,10,4,4,4,4,0.01,9,0.993472257092644,False,
bellevue_150th_eastgate,A7,35,822058291,1908638212,7966,10,4,4,2,2,0.005,3,1,False,
bellevue_150th_eastgate,A9,35,822058291,1908638212,7966,10,4,4,4,4,0.01,9,0.993472257092644,False,
bellevue_150th_eastgate,A5,36,1166658669,224941391,10481,9,4,4,4,4,0.01,9,0.992367140540025,False,
bellevue_150th_eastgate,A6,36,1166658669,224941391,10481,9,4,4,4,4,0.01,9,0.992367140540025,False,
bellevue_150th_eastgate,A7,36,1166658669,224941391,10481,9,4,4,2,2,0.005,4,1,False,
bellevue_150th_eastgate,A9,36,1166658669,224941391,10481,9,4,4,4,4,0.01,9,0.992367140540025,False,
bellevue_150th_eastgate,A5,37,2070991344,1823337872,10088,8,3,4,3,4,0.0025,8,0.999405233941316,False,
bellevue_150th_eastgate,A6,37,2070991344,1823337872,10088,8,3,4,3,4,0.0025,8,0.999405233941316,False,
bellevue_150th_eastgate,A7,37,2070991344,1823337872,10088,8,3,4,1,2,0.005,2,1,False,
bellevue_150th_eastgate,A9,37,2070991344,1823337872,10088,8,3,4,3,4,0.0025,8,0.999405233941316,False,
bellevue_150th_eastgate,A5,38,1088607512,183161943,13126,10,3,4,3,4,0.01,7,0.992229163492305,False,
bellevue_150th_eastgate,A6,38,1088607512,183161943,13126,10,3,4,3,4,0.01,7,0.992229163492305,False,
bellevue_150th_eastgate,A7,38,1088607512,183161943,13126,10,3,4,1,2,0.005,2,1,False,
bellevue_150th_eastgate,A9,38,1088607512,183161943,13126,10,3,4,3,4,0.01,7,0.992229163492305,False,
bellevue_150th_eastgate,A5,39,744394194,2064463000,9231,10,4,4,4,4,0.001,10,0.999241685624526,False,
bellevue_150th_eastgate,A6,39,744394194,2064463000,9231,10,4,4,4,4,0.001,10,0.999241685624526,False,
bellevue_150th_eastgate,A7,39,744394194,2064463000,9231,10,4,4,2,3,0.005,6,1,False,
bellevue_150th_eastgate,A9,39,744394194,2064463000,9231,10,4,4,4,4,0.001,10,0.999241685624526,False,
bellevue_150th_eastgate,A5,40,1748478648,569113285,6768,10,4,4,4,4,0.005,10,0.99822695035461,False,
bellevue_150th_eastgate,A6,40,1748478648,569113285,6768,10,4,4,4,4,0.005,10,0.99822695035461,False,
bellevue_150th_eastgate,A7,40,1748478648,569113285,6768,10,4,4,2,2,0.005,4,1,False,
bellevue_150th_eastgate,A9,40,1748478648,569113285,6768,10,4,4,4,4,0.005,10,0.99822695035461,False,
bellevue_150th_eastgate,A5,41,1883988115,1828642542,6498,9,3,4,3,4,0.02,7,0.991535857186827,False,
bellevue_150th_eastgate,A6,41,1883988115,1828642542,6498,9,3,4,3,4,0.02,7,0.991535857186827,False,
bellevue_150th_eastgate,A7,41,1883988115,1828642542,6498,9,3,4,1,2,0.005,2,1,False,
bellevue_150th_eastgate,A9,41,1883988115,1828642542,6498,9,3,4,3,4,0.02,7,0.991535857186827,False,
bellevue_150th_eastgate,A5,42,2091929714,1560797255,11187,8,4,4,4,4,0.005,10,0.996245642263341,False,
bellevue_150th_eastgate,A6,42,2091929714,1560797255,11187,8,4,4,4,4,0.005,10,0.996245642263341,False,
bellevue_150th_eastgate,A7,42,2091929714,1560797255,11187,8,4,4,2,2,0.005,4,1,False,
bellevue_150th_eastgate,A9,42,2091929714,1560797255,11187,8,4,4,4,4,0.005,10,0.996245642263341,False,
bellevue_150th_eastgate,A5,43,694226653,1787297029,6374,10,4,4,4,4,0.001,10,0.998431126451208,False,
bellevue_150th_eastgate,A6,43,694226653,1787297029,6374,10,4,4,4,4,0.001,10,0.998431126451208,False,
bellevue_150th_eastgate,A7,43,694226653,1787297029,6374,10,4,4,2,2,0.005,4,1,False,
bellevue_150th_eastgate,A9,43,694226653,1787297029,6374,10,4,4,4,4,0.001,10,0.998431126451208,False,
bellevue_150th_eastgate,A5,44,519098747,1495379920,5066,11,4,4,4,4,0.0025,10,1,False,
bellevue_150th_eastgate,A6,44,519098747,1495379920,5066,11,4,4,4,4,0.0025,10,1,False,
bellevue_150th_eastgate,A7,44,519098747,1495379920,5066,11,4,4,2,3,0.0025,6,1,False,
bellevue_150th_eastgate,A9,44,519098747,1495379920,5066,11,4,4,4,4,0.0025,10,1,False,
bellevue_150th_eastgate,A5,45,1523261271,860711392,4102,10,4,4,4,4,0.02,8,0.98488542174549,False,
bellevue_150th_eastgate,A6,45,1523261271,860711392,4102,10,4,4,4,4,0.02,8,0.98488542174549,False,
bellevue_150th_eastgate,A7,45,1523261271,860711392,4102,10,4,4,2,2,0.005,4,1,False,
bellevue_150th_eastgate,A9,45,1523261271,860711392,4102,10,4,4,4,4,0.02,8,0.98488542174549,False,
bellevue_150th_eastgate,A5,46,1473504879,195771962,10820,9,3,4,3,4,0.02,7,0.987800369685767,False,
bellevue_150th_eastgate,A6,46,1473504879,195771962,10820,9,3,4,3,4,0.02,7,0.987800369685767,False,
bellevue_150th_eastgate,A7,46,1473504879,195771962,10820,9,3,4,1,2,0.005,2,1,False,
bellevue_150th_eastgate,A9,46,1473504879,195771962,10820,9,3,4,3,4,0.02,7,0.987800369685767,False,
bellevue_150th_eastgate,A5,47,1151328262,661887083,9864,9,4,4,4,4,0.005,9,0.993714517437145,False,
bellevue_150th_eastgate,A6,47,1151328262,661887083,9864,9,4,4,4,4,0.005,9,0.993714517437145,False,
bellevue_150th_eastgate,A7,47,1151328262,661887083,9864,9,4,4,2,2,0.005,3,1,False,
bellevue_150th_eastgate,A9,47,1151328262,661887083,9864,9,4,4,4,4,0.005,9,0.993714517437145,False,
bellevue_150th_eastgate,A5,48,84355066,532728775,7923,8,4,4,4,4,0.001,11,0.999747570364761,False,
bellevue_150th_eastgate,A6,48,84355066,532728775,7923,8,4,4,4,4,0.001,11,0.999747570364761,False,
bellevue_150th_eastgate,A7,48,84355066,532728775,7923,8,4,4,1,2,0.005,2,1,False,
bellevue_150th_eastgate,A9,48,84355066,532728775,7923,8,4,4,4,4,0.001,11,0.999747570364761,False,
bellevue_150th_eastgate,A5,49,608578419,1383524966,8469,11,4,4,4,4,0.005,9,0.995631125280435,False,
bellevue_150th_eastgate,A6,49,608578419,1383524966,8469,11,4,4,4,4,0.005,9,0.995631125280435,False,
bellevue_150th_eastgate,A7,49,608578419,1383524966,8469,11,4,4,2,2,0.005,4,1,False,
bellevue_150th_eastgate,A9,49,608578419,1383524966,8469,11,4,4,4,4,0.005,9,0.995631125280435,False,
bellevue_150th_eastgate,A5,50,1397710955,1524488111,12978,11,3,4,3,4,0.01,7,0.993989828941285,False,
bellevue_150th_eastgate,A6,50,1397710955,1524488111,12978,11,3,4,3,4,0.01,7,0.993989828941285,False,
bellevue_150th_eastgate,A7,50,1397710955,1524488111,12978,11,3,4,1,2,0.005,2,1,False,
bellevue_150th_eastgate,A9,50,1397710955,1524488111,12978,11,3,4,3,4,0.01,7,0.993989828941285,False,
bellevue_150th_eastgate,A5,51,1416925282,261956207,9871,8,4,4,4,4,0.005,10,0.997062101104245,False,
bellevue_150th_eastgate,A6,51,1416925282,261956207,9871,8,4,4,4,4,0.005,10,0.997062101104245,False,
bellevue_150th_eastgate,A7,51,1416925282,261956207,9871,8,4,4,1,2,0.005,2,1,False,
bellevue_150th_eastgate,A9,51,1416925282,261956207,9871,8,4,4,4,4,0.005,10,0.997062101104245,False,
bellevue_150th_eastgate,A5,52,13246604,720791221,7517,9,4,4,4,4,0.005,10,0.998536650259412,False,
bellevue_150th_eastgate,A6,52,13246604,720791221,7517,9,4,4,4,4,0.005,10,0.998536650259412,False,
bellevue_150th_eastgate,A7,52,13246604,720791221,7517,9,4,4,2,2,0.005,4,1,False,
bellevue_150th_eastgate,A9,52,13246604,720791221,7517,9,4,4,4,4,0.005,10,0.998536650259412,False,
bellevue_150th_eastgate,A5,53,1403204589,1924632327,9893,10,3,4,3,4,0.005,7,0.995855655514,False,
bellevue_150th_eastgate,A6,53,1403204589,1924632327,9893,10,3,4,3,4,0.005,7,0.995855655514,False,
bellevue_150th_eastgate,A7,53,1403204589,1924632327,9893,10,3,4,1,2,0.005,2,1,False,
bellevue_150th_eastgate,A9,53,1403204589,1924632327,9893,10,3,4,3,4,0.005,7,0.995855655514,False,
bellevue_150th_eastgate,A5,54,1580308075,425014701,6926,9,3,4,3,4,0.005,8,0.998411781692174,False,
bellevue_150th_eastgate,A6,54,1580308075,425014701,6926,9,3,4,3,4,0.005,8,0.998411781692174,False,
bellevue_150th_eastgate,A7,54,1580308075,425014701,6926,9,3,4,1,2,0.005,2,1,False,
bellevue_150th_eastgate,A9,54,1580308075,425014701,6926,9,3,4,3,4,0.005,8,0.998411781692174,False,
bellevue_150th_eastgate,A5,55,1682494296,947968612,6180,11,4,4,4,4,0.001,10,0.998220064724919,False,
bellevue_150th_eastgate,A6,55,1682494296,947968612,6180,11,4,4,4,4,0.001,10,0.998220064724919,False,
bellevue_150th_eastgate,A7,55,1682494296,947968612,6180,11,4,4,1,2,0.005,2,1,False,
bellevue_150th_eastgate,A9,55,1682494296,947968612,6180,11,4,4,4,4,0.001,10,0.998220064724919,False,
bellevue_150th_eastgate,A5,56,871157194,1794026673,6015,9,3,4,3,4,0.01,7,0.993682460515378,False,
bellevue_150th_eastgate,A6,56,871157194,1794026673,6015,9,3,4,3,4,0.01,7,0.993682460515378,False,
bellevue_150th_eastgate,A7,56,871157194,1794026673,6015,9,3,4,1,2,0.005,2,1,False,
bellevue_150th_eastgate,A9,56,871157194,1794026673,6015,9,3,4,3,4,0.01,7,0.993682460515378,False,
bellevue_150th_eastgate,A5,57,675172783,189835843,8020,10,4,4,4,4,0.005,9,0.995261845386534,False,
bellevue_150th_eastgate,A6,57,675172783,189835843,8020,10,4,4,4,4,0.005,9,0.995261845386534,False,
bellevue_150th_eastgate,A7,57,675172783,189835843,8020,10,4,4,2,2,0.005,4,1,False,
bellevue_150th_eastgate,A9,57,675172783,189835843,8020,10,4,4,4,4,0.005,9,0.995261845386534,False,
bellevue_150th_eastgate,A5,58,878025069,247980442,7887,11,3,4,3,4,0.02,7,0.99099784455433,False,
bellevue_150th_eastgate,A6,58,878025069,247980442,7887,11,3,4,3,4,0.02,7,0.99099784455433,False,
bellevue_150th_eastgate,A7,58,878025069,247980442,7887,11,3,4,1,3,0.005,3,1,False,
bellevue_150th_eastgate,A9,58,878025069,247980442,7887,11,3,4,3,4,0.02,7,0.99099784455433,False,
bellevue_150th_eastgate,A5,59,862005275,888785787,14892,10,3,4,3,4,0.005,7,0.995232339511147,False,
bellevue_150th_eastgate,A6,59,862005275,888785787,14892,10,3,4,3,4,0.005,7,0.995232339511147,False,
bellevue_150th_eastgate,A7,59,862005275,888785787,14892,10,3,4,1,2,0.005,2,1,False,
bellevue_150th_eastgate,A9,59,862005275,888785787,14892,10,3,4,3,4,0.005,7,0.995232339511147,False,
bellevue_150th_eastgate,A5,60,437161114,610913621,8236,10,4,4,4,4,0.005,9,0.992593491986401,False,
bellevue_150th_eastgate,A6,60,437161114,610913621,8236,10,4,4,4,4,0.005,9,0.992593491986401,False,
bellevue_150th_eastgate,A7,60,437161114,610913621,8236,10,4,4,2,2,0.005,4,1,False,
bellevue_150th_eastgate,A9,60,437161114,610913621,8236,10,4,4,4,4,0.005,9,0.992593491986401,False,
bellevue_150th_eastgate,A5,61,820536505,56058220,9224,11,4,4,4,4,0.001,11,0.999241110147441,False,
bellevue_150th_eastgate,A6,61,820536505,56058220,9224,11,4,4,4,4,0.001,11,0.999241110147441,False,
bellevue_150th_eastgate,A7,61,820536505,56058220,9224,11,4,4,2,2,0.005,4,1,False,
bellevue_150th_eastgate,A9,61,820536505,56058220,9224,11,4,4,4,4,0.001,11,0.999241110147441,False,
bellevue_150th_eastgate,A5,62,2118260278,1302514727,8670,10,4,4,4,4,0.005,9,0.996193771626298,False,
bellevue_150th_eastgate,A6,62,2118260278,1302514727,8670,10,4,4,4,4,0.005,9,0.996193771626298,False,
bellevue_150th_eastgate,A7,62,2118260278,1302514727,8670,10,4,4,2,2,0.005,4,1,False,
bellevue_150th_eastgate,A9,62,2118260278,1302514727,8670,10,4,4,4,4,0.005,9,0.996193771626298,False,
bellevue_150th_eastgate,A5,63,162937445,955261229,10245,11,4,4,4,4,0.01,9,0.993753050268424,False,
bellevue_150th_eastgate,A6,63,162937445,955261229,10245,11,4,4,4,4,0.01,9,0.993753050268424,False,
bellevue_150th_eastgate,A7,63,162937445,955261229,10245,11,4,4,2,2,0.005,4,1,False,
bellevue_150th_eastgate,A9,63,162937445,955261229,10245,11,4,4,4,4,0.01,9,0.993753050268424,False,
bellevue_150th_eastgate,A5,64,459568537,1343303061,5578,9,4,8,4,7,0.005,17,0.991753316600932,False,
bellevue_150th_eastgate,A6,64,459568537,1343303061,5578,9,4,8,4,7,0.005,17,0.991753316600932,False,
bellevue_150th_eastgate,A7,64,459568537,1343303061,5578,9,4,8,1,2,0.005,2,1,False,
bellevue_150th_eastgate,A9,64,459568537,1343303061,5578,9,4,8,4,7,0.005,17,0.991753316600932,False,
bellevue_150th_eastgate,A5,65,1983841398,599622195,14953,10,4,4,4,4,0.02,9,0.992242359392764,False,
bellevue_150th_eastgate,A6,65,1983841398,599622195,14953,10,4,4,4,4,0.02,9,0.992242359392764,False,
bellevue_150th_eastgate,A7,65,1983841398,599622195,14953,10,4,4,2,2,0.005,4,1,False,
bellevue_150th_eastgate,A9,65,1983841398,599622195,14953,10,4,4,4,4,0.02,9,0.992242359392764,False,
bellevue_150th_eastgate,A5,66,240896759,932839060,5670,10,4,8,4,6,0.001,19,0.999118165784832,False,
bellevue_150th_eastgate,A6,66,240896759,932839060,5670,10,4,8,4,6,0.001,19,0.999118165784832,False,
bellevue_150th_eastgate,A7,66,240896759,932839060,5670,10,4,8,1,2,0.005,2,1,False,
bellevue_150th_eastgate,A9,66,240896759,932839060,5670,10,4,8,4,6,0.001,19,0.999118165784832,False,
bellevue_150th_eastgate,A5,67,1419337790,165415887,6326,10,4,4,4,4,0.005,10,0.998103066708821,False,
bellevue_150th_eastgate,A6,67,1419337790,165415887,6326,10,4,4,4,4,0.005,10,0.998103066708821,False,
bellevue_150th_eastgate,A7,67,1419337790,165415887,6326,10,4,4,1,2,0.005,2,1,False,
bellevue_150th_eastgate,A9,67,1419337790,165415887,6326,10,4,4,4,4,0.005,10,0.998103066708821,False,
bellevue_150th_eastgate,A5,68,1489462648,1101025775,11482,9,3,4,3,4,0.02,7,0.989374673401846,False,
bellevue_150th_eastgate,A6,68,1489462648,1101025775,11482,9,3,4,3,4,0.02,7,0.989374673401846,False,
bellevue_150th_eastgate,A7,68,1489462648,1101025775,11482,9,3,4,1,2,0.005,2,1,False,
bellevue_150th_eastgate,A9,68,1489462648,1101025775,11482,9,3,4,3,4,0.02,7,0.989374673401846,False,
bellevue_150th_eastgate,A5,69,413197728,2115656234,9319,10,3,4,3,4,0.02,7,0.990020388453697,False,
bellevue_150th_eastgate,A6,69,413197728,2115656234,9319,10,3,4,3,4,0.02,7,0.990020388453697,False,
bellevue_150th_eastgate,A7,69,413197728,2115656234,9319,10,3,4,1,2,0.005,2,1,False,
bellevue_150th_eastgate,A9,69,413197728,2115656234,9319,10,3,4,3,4,0.02,7,0.990020388453697,False,
bellevue_150th_eastgate,A5,70,1786402056,1319024363,12318,9,4,4,4,4,0.005,9,0.994885533365806,False,
bellevue_150th_eastgate,A6,70,1786402056,1319024363,12318,9,4,4,4,4,0.005,9,0.994885533365806,False,
bellevue_150th_eastgate,A7,70,1786402056,1319024363,12318,9,4,4,2,2,0.005,4,1,False,
bellevue_150th_eastgate,A9,70,1786402056,1319024363,12318,9,4,4,4,4,0.005,9,0.994885533365806,False,
bellevue_150th_eastgate,A5,71,1543864594,1948931578,9715,8,3,4,3,4,0.01,7,0.994750386001029,False,
bellevue_150th_eastgate,A6,71,1543864594,1948931578,9715,8,3,4,3,4,0.01,7,0.994750386001029,False,
bellevue_150th_eastgate,A7,71,1543864594,1948931578,9715,8,3,4,1,2,0.005,2,1,False,
bellevue_150th_eastgate,A9,71,1543864594,1948931578,9715,8,3,4,3,4,0.01,7,0.994750386001029,False,
bellevue_150th_eastgate,A5,72,824407803,2027335021,7003,9,4,4,4,4,0.0025,10,0.999286020277024,False,
bellevue_150th_eastgate,A6,72,824407803,2027335021,7003,9,4,4,4,4,0.0025,10,0.999286020277024,False,
bellevue_150th_eastgate,A7,72,824407803,2027335021,7003,9,4,4,1,2,0.005,2,1,False,
bellevue_150th_eastgate,A9,72,824407803,2027335021,7003,9,4,4,4,4,0.0025,10,0.999286020277024,False,
bellevue_150th_eastgate,A5,73,938339357,669345312,10351,8,3,4,3,4,0.005,8,0.998550864650758,False,
bellevue_150th_eastgate,A6,73,938339357,669345312,10351,8,3,4,3,4,0.005,8,0.998550864650758,False,
bellevue_150th_eastgate,A7,73,938339357,669345312,10351,8,3,4,1,2,0.005,2,1,False,
bellevue_150th_eastgate,A9,73,938339357,669345312,10351,8,3,4,3,4,0.005,8,0.998550864650758,False,
bellevue_150th_eastgate,A5,74,1248192648,496712227,7395,9,4,4,4,4,0.02,9,0.991886409736308,False,
bellevue_150th_eastgate,A6,74,1248192648,496712227,7395,9,4,4,4,4,0.02,9,0.991886409736308,False,
bellevue_150th_eastgate,A7,74,1248192648,496712227,7395,9,4,4,1,2,0.005,2,1,False,
bellevue_150th_eastgate,A9,74,1248192648,496712227,7395,9,4,4,4,4,0.02,9,0.991886409736308,False,
bellevue_150th_eastgate,A5,75,1635065052,1499961801,10539,9,4,4,4,4,0.01,9,0.992883575291773,False,
bellevue_150th_eastgate,A6,75,1635065052,1499961801,10539,9,4,4,4,4,0.01,9,0.992883575291773,False,
bellevue_150th_eastgate,A7,75,1635065052,1499961801,10539,9,4,4,2,2,0.005,4,1,False,
bellevue_150th_eastgate,A9,75,1635065052,1499961801,10539,9,4,4,4,4,0.01,9,0.992883575291773,False,
bellevue_150th_eastgate,A5,76,33871351,1126569361,6678,9,3,4,3,4,0.001,9,0.999550763701707,False,
bellevue_150th_eastgate,A6,76,33871351,1126569361,6678,9,3,4,3,4,0.001,9,0.999550763701707,False,
bellevue_150th_eastgate,A7,76,33871351,1126569361,6678,9,3,4,1,2,0.005,2,1,False,
bellevue_150th_eastgate,A9,76,33871351,1126569361,6678,9,3,4,3,4,0.001,9,0.999550763701707,False,
bellevue_150th_eastgate,A5,77,343460986,1037173717,6473,9,4,4,4,4,0.005,9,0.99691024254596,False,
bellevue_150th_eastgate,A6,77,343460986,1037173717,6473,9,4,4,4,4,0.005,9,0.99691024254596,False,
bellevue_150th_eastgate,A7,77,343460986,1037173717,6473,9,4,4,2,2,0.005,4,1,False,
bellevue_150th_eastgate,A9,77,343460986,1037173717,6473,9,4,4,4,4,0.005,9,0.99691024254596,False,
bellevue_150th_eastgate,A5,78,1322951387,1705651479,9875,10,4,4,4,4,0.02,9,0.991392405063291,False,
bellevue_150th_eastgate,A6,78,1322951387,1705651479,9875,10,4,4,4,4,0.02,9,0.991392405063291,False,
bellevue_150th_eastgate,A7,78,1322951387,1705651479,9875,10,4,4,2,2,0.0025,4,1,False,
bellevue_150th_eastgate,A9,78,1322951387,1705651479,9875,10,4,4,4,4,0.02,9,0.991392405063291,False,
bellevue_150th_eastgate,A5,79,56430720,1091130553,8662,10,4,4,4,4,0.005,9,0.993881320711152,False,
bellevue_150th_eastgate,A6,79,56430720,1091130553,8662,10,4,4,4,4,0.005,9,0.993881320711152,False,
bellevue_150th_eastgate,A7,79,56430720,1091130553,8662,10,4,4,2,2,0.005,4,1,False,
bellevue_150th_eastgate,A9,79,56430720,1091130553,8662,10,4,4,4,4,0.005,9,0.993881320711152,False,
bellevue_150th_eastgate,A5,80,661847169,1214103742,7780,9,4,4,4,4,0.0025,10,0.998457583547558,False,
bellevue_150th_eastgate,A6,80,661847169,1214103742,7780,9,4,4,4,4,0.0025,10,0.998457583547558,False,
bellevue_150th_eastgate,A7,80,661847169,1214103742,7780,9,4,4,2,2,0.005,3,1,False,
bellevue_150th_eastgate,A9,80,661847169,1214103742,7780,9,4,4,4,4,0.0025,10,0.998457583547558,False,
bellevue_150th_eastgate,A5,81,1567806639,2096267991,9751,10,4,4,4,4,0.005,10,0.996923392472567,False,
bellevue_150th_eastgate,A6,81,1567806639,2096267991,9751,10,4,4,4,4,0.005,10,0.996923392472567,False,
bellevue_150th_eastgate,A7,81,1567806639,2096267991,9751,10,4,4,2,2,0.0025,4,1,False,
bellevue_150th_eastgate,A9,81,1567806639,2096267991,9751,10,4,4,4,4,0.005,10,0.996923392472567,False,
bellevue_150th_eastgate,A5,82,1888794426,554752738,13288,10,4,4,4,4,0.01,9,0.992549668874172,False,
bellevue_150th_eastgate,A6,82,1888794426,554752738,13288,10,4,4,4,4,0.01,9,0.992549668874172,False,
bellevue_150th_eastgate,A7,82,1888794426,554752738,13288,10,4,4,2,2,0.005,4,1,False,
bellevue_150th_eastgate,A9,82,1888794426,554752738,13288,10,4,4,4,4,0.01,9,0.992549668874172,False,
bellevue_150th_eastgate,A5,83,416318318,332047085,5836,10,4,4,4,4,0.02,8,0.982350925291295,False,
bellevue_150th_eastgate,A6,83,416318318,332047085,5836,10,4,4,4,4,0.02,8,0.982350925291295,False,
bellevue_150th_eastgate,A7,83,416318318,332047085,5836,10,4,4,2,2,0.005,3,1,False,
bellevue_150th_eastgate,A9,83,416318318,332047085,5836,10,4,4,4,4,0.02,8,0.982350925291295,False,
bellevue_150th_eastgate,A5,84,1583099801,1649768722,6574,8,4,4,4,4,0.01,9,0.992850623668999,False,
bellevue_150th_eastgate,A6,84,1583099801,1649768722,6574,8,4,4,4,4,0.01,9,0.992850623668999,False,
bellevue_150th_eastgate,A7,84,1583099801,1649768722,6574,8,4,4,2,2,0.005,3,1,False,
bellevue_150th_eastgate,A9,84,1583099801,1649768722,6574,8,4,4,4,4,0.01,9,0.992850623668999,False,
bellevue_150th_eastgate,A5,85,854027393,683929316,5005,9,4,4,4,4,0.02,8,0.985814185814186,False,
bellevue_150th_eastgate,A6,85,854027393,683929316,5005,9,4,4,4,4,0.02,8,0.985814185814186,False,
bellevue_150th_eastgate,A7,85,854027393,683929316,5005,9,4,4,2,2,0.005,4,1,False,
bellevue_150th_eastgate,A9,85,854027393,683929316,5005,9,4,4,4,4,0.02,8,0.985814185814186,False,
bellevue_150th_eastgate,A5,86,252182352,330587517,5213,10,3,4,3,4,0.005,8,0.998657203145981,False,
bellevue_150th_eastgate,A6,86,252182352,330587517,5213,10,3,4,3,4,0.005,8,0.998657203145981,False,
bellevue_150th_eastgate,A7,86,252182352,330587517,5213,10,3,4,1,2,0.005,2,1,False,
bellevue_150th_eastgate,A9,86,252182352,330587517,5213,10,3,4,3,4,0.005,8,0.998657203145981,False,
bellevue_150th_eastgate,A5,87,578831103,67104256,7613,11,4,4,4,4,0.005,9,0.994089058189938,False,
bellevue_150th_eastgate,A6,87,578831103,67104256,7613,11,4,4,4,4,0.005,9,0.994089058189938,False,
bellevue_150th_eastgate,A7,87,578831103,67104256,7613,11,4,4,2,2,0.005,4,1,False,
bellevue_150th_eastgate,A9,87,578831103,67104256,7613,11,4,4,4,4,0.005,9,0.994089058189938,False,
bellevue_150th_eastgate,A5,88,163312203,1144097041,12691,10,4,4,4,4,0.005,10,0.99739973209361,False,
bellevue_150th_eastgate,A6,88,163312203,1144097041,12691,10,4,4,4,4,0.005,10,0.99739973209361,False,
bellevue_150th_eastgate,A7,88,163312203,1144097041,12691,10,4,4,2,2,0.005,4,1,False,
bellevue_150th_eastgate,A9,88,163312203,1144097041,12691,10,4,4,4,4,0.005,10,0.99739973209361,False,
bellevue_150th_eastgate,A5,89,1029778704,2096713767,9448,12,4,4,4,4,0.01,9,0.993120237087214,False,
bellevue_150th_eastgate,A6,89,1029778704,2096713767,9448,12,4,4,4,4,0.01,9,0.993120237087214,False,
bellevue_150th_eastgate,A7,89,1029778704,2096713767,9448,12,4,4,2,2,0.005,4,1,False,
bellevue_150th_eastgate,A9,89,1029778704,2096713767,9448,12,4,4,4,4,0.01,9,0.993120237087214,False,
bellevue_150th_eastgate,A5,90,1269298854,1171270067,12092,11,4,4,4,4,0.005,9,0.994376447237843,False,
bellevue_150th_eastgate,A6,90,1269298854,1171270067,12092,11,4,4,4,4,0.005,9,0.994376447237843,False,
bellevue_150th_eastgate,A7,90,1269298854,1171270067,12092,11,4,4,2,2,0.005,4,1,False,
bellevue_150th_eastgate,A9,90,1269298854,1171270067,12092,11,4,4,4,4,0.005,9,0.994376447237843,False,
bellevue_150th_eastgate,A5,91,1776032672,362264497,9282,10,4,4,4,4,0.005,9,0.994505494505495,False,
bellevue_150th_eastgate,A6,91,1776032672,362264497,9282,10,4,4,4,4,0.005,9,0.994505494505495,False,
bellevue_150th_eastgate,A7,91,1776032672,362264497,9282,10,4,4,2,2,0.005,3,1,False,
bellevue_150th_eastgate,A9,91,1776032672,362264497,9282,10,4,4,4,4,0.005,9,0.994505494505495,False,
bellevue_150th_eastgate,A5,92,1486776155,671247674,10758,8,4,4,4,4,0.01,9,0.993586168432794,False,
bellevue_150th_eastgate,A6,92,1486776155,671247674,10758,8,4,4,4,4,0.01,9,0.993586168432794,False,
bellevue_150th_eastgate,A7,92,1486776155,671247674,10758,8,4,4,2,2,0.005,4,1,False,
bellevue_150th_eastgate,A9,92,1486776155,671247674,10758,8,4,4,4,4,0.01,9,0.993586168432794,False,
bellevue_150th_eastgate,A5,93,1431405967,118416328,10865,10,3,4,3,4,0.01,7,0.993005062126093,False,
bellevue_150th_eastgate,A6,93,1431405967,118416328,10865,10,3,4,3,4,0.01,7,0.993005062126093,False,
bellevue_150th_eastgate,A7,93,1431405967,118416328,10865,10,3,4,2,2,0.0025,4,1,False,
bellevue_150th_eastgate,A9,93,1431405967,118416328,10865,10,3,4,3,4,0.01,7,0.993005062126093,False,
bellevue_150th_eastgate,A5,94,902211696,2067704862,7388,12,4,4,4,4,0.01,9,0.994585814834867,False,
bellevue_150th_eastgate,A6,94,902211696,2067704862,7388,12,4,4,4,4,0.01,9,0.994585814834867,False,
bellevue_150th_eastgate,A7,94,902211696,2067704862,7388,12,4,4,2,2,0.005,4,1,False,
bellevue_150th_eastgate,A9,94,902211696,2067704862,7388,12,4,4,4,4,0.01,9,0.994585814834867,False,
bellevue_150th_eastgate,A5,95,962693791,2142127831,13861,11,3,4,3,4,0.02,7,0.992136209508693,False,
bellevue_150th_eastgate,A6,95,962693791,2142127831,13861,11,3,4,3,4,0.02,7,0.992136209508693,False,
bellevue_150th_eastgate,A7,95,962693791,2142127831,13861,11,3,4,2,2,0.0025,4,1,False,
bellevue_150th_eastgate,A9,95,962693791,2142127831,13861,11,3,4,3,4,0.02,7,0.992136209508693,False,
bellevue_150th_eastgate,A5,96,1595031324,2040901846,9774,11,4,4,4,4,0.01,9,0.994168201350522,False,
bellevue_150th_eastgate,A6,96,1595031324,2040901846,9774,11,4,4,4,4,0.01,9,0.994168201350522,False,
bellevue_150th_eastgate,A7,96,1595031324,2040901846,9774,11,4,4,2,2,0.005,4,1,False,
bellevue_150th_eastgate,A9,96,1595031324,2040901846,9774,11,4,4,4,4,0.01,9,0.994168201350522,False,
bellevue_150th_eastgate,A5,97,1179327937,2072142100,10663,11,4,4,4,4,0.005,9,0.994935759167214,False,
bellevue_150th_eastgate,A6,97,1179327937,2072142100,10663,11,4,4,4,4,0.005,9,0.994935759167214,False,
bellevue_150th_eastgate,A7,97,1179327937,2072142100,10663,11,4,4,2,2,0.005,4,1,False,
bellevue_150th_eastgate,A9,97,1179327937,2072142100,10663,11,4,4,4,4,0.005,9,0.994935759167214,False,
bellevue_150th_eastgate,A5,98,250934862,1890851979,5643,9,3,4,3,4,0.02,7,0.992202729044834,False,
bellevue_150th_eastgate,A6,98,250934862,1890851979,5643,9,3,4,3,4,0.02,7,0.992202729044834,False,
bellevue_150th_eastgate,A7,98,250934862,1890851979,5643,9,3,4,1,2,0.005,2,1,False,
bellevue_150th_eastgate,A9,98,250934862,1890851979,5643,9,3,4,3,4,0.02,7,0.992202729044834,False,
bellevue_150th_eastgate,A5,99,1855960871,2071018714,9041,10,4,4,4,4,0.005,9,0.994912067249198,False,
bellevue_150th_eastgate,A6,99,1855960871,2071018714,9041,10,4,4,4,4,0.005,9,0.994912067249198,False,
bellevue_150th_eastgate,A7,99,1855960871,2071018714,9041,10,4,4,2,2,0.005,4,1,False,
bellevue_150th_eastgate,A9,99,1855960871,2071018714,9041,10,4,4,4,4,0.005,9,0.994912067249198,False,
bellevue_150th_eastgate,A5,100,1705994085,2079901939,7819,10,3,4,3,4,0.01,7,0.995140043483821,False,
bellevue_150th_eastgate,A6,100,1705994085,2079901939,7819,10,3,4,3,4,0.01,7,0.995140043483821,False,
bellevue_150th_eastgate,A7,100,1705994085,2079901939,7819,10,3,4,1,2,0.005,2,1,False,
bellevue_150th_eastgate,A9,100,1705994085,2079901939,7819,10,3,4,3,4,0.01,7,0.995140043483821,False,
bellevue_150th_eastgate,A5,101,1599537415,1375427828,10059,12,3,4,3,4,0.02,7,0.990058653941744,False,
bellevue_150th_eastgate,A6,101,1599537415,1375427828,10059,12,3,4,3,4,0.02,7,0.990058653941744,False,
bellevue_150th_eastgate,A7,101,1599537415,1375427828,10059,12,3,4,1,2,0.005,2,1,False,
bellevue_150th_eastgate,A9,101,1599537415,1375427828,10059,12,3,4,3,4,0.02,7,0.990058653941744,False,
bellevue_150th_eastgate,A5,102,2024307049,1806885539,8399,10,4,4,4,4,0.005,9,0.994999404691035,False,
bellevue_150th_eastgate,A6,102,2024307049,1806885539,8399,10,4,4,4,4,0.005,9,0.994999404691035,False,
bellevue_150th_eastgate,A7,102,2024307049,1806885539,8399,10,4,4,2,3,0.005,6,1,False,
bellevue_150th_eastgate,A9,102,2024307049,1806885539,8399,10,4,4,4,4,0.005,9,0.994999404691035,False,
bellevue_150th_eastgate,A5,103,264776796,806325222,9873,8,4,4,4,4,0.01,9,0.992808670110402,False,
bellevue_150th_eastgate,A6,103,264776796,806325222,9873,8,4,4,4,4,0.01,9,0.992808670110402,False,
bellevue_150th_eastgate,A7,103,264776796,806325222,9873,8,4,4,2,2,0.005,4,1,False,
bellevue_150th_eastgate,A9,103,264776796,806325222,9873,8,4,4,4,4,0.01,9,0.992808670110402,False,
bellevue_150th_eastgate,A5,104,498472285,2030068186,7546,10,4,4,4,4,0.005,9,0.993771534587861,False,
bellevue_150th_eastgate,A6,104,498472285,2030068186,7546,10,4,4,4,4,0.005,9,0.993771534587861,False,
bellevue_150th_eastgate,A7,104,498472285,2030068186,7546,10,4,4,2,2,0.005,4,1,False,
bellevue_150th_eastgate,A9,104,498472285,2030068186,7546,10,4,4,4,4,0.005,9,0.993771534587861,False,
bellevue_150th_eastgate,A5,105,423073188,2027584530,8736,8,3,4,3,4,0.02,7,0.991300366300366,False,
bellevue_150th_eastgate,A6,105,423073188,2027584530,8736,8,3,4,3,4,0.02,7,0.991300366300366,False,
bellevue_150th_eastgate,A7,105,423073188,2027584530,8736,8,3,4,1,2,0.005,2,1,False,
bellevue_150th_eastgate,A9,105,423073188,2027584530,8736,8,3,4,3,4,0.02,7,0.991300366300366,False,
bellevue_150th_eastgate,A5,106,1232063509,1741804439,8455,10,4,4,4,4,0.005,10,0.997871082199882,False,
bellevue_150th_eastgate,A6,106,1232063509,1741804439,8455,10,4,4,4,4,0.005,10,0.997871082199882,False,
bellevue_150th_eastgate,A7,106,1232063509,1741804439,8455,10,4,4,2,2,0.005,4,1,False,
bellevue_150th_eastgate,A9,106,1232063509,1741804439,8455,10,4,4,4,4,0.005,10,0.997871082199882,False,
bellevue_150th_eastgate,A5,107,1480305936,1575931820,13511,11,4,4,4,4,0.005,9,0.995189105173562,False,
bellevue_150th_eastgate,A6,107,1480305936,1575931820,13511,11,4,4,4,4,0.005,9,0.995189105173562,False,
bellevue_150th_eastgate,A7,107,1480305936,1575931820,13511,11,4,4,2,2,0.005,4,1,False,
bellevue_150th_eastgate,A9,107,1480305936,1575931820,13511,11,4,4,4,4,0.005,9,0.995189105173562,False,
bellevue_150th_eastgate,A5,108,499035296,2131757546,9059,12,3,4,3,4,0.01,7,0.99392868970085,False,
bellevue_150th_eastgate,A6,108,499035296,2131757546,9059,12,3,4,3,4,0.01,7,0.99392868970085,False,
bellevue_150th_eastgate,A7,108,499035296,2131757546,9059,12,3,4,1,2,0.005,2,1,False,
bellevue_150th_eastgate,A9,108,499035296,2131757546,9059,12,3,4,3,4,0.01,7,0.99392868970085,False,
bellevue_150th_eastgate,A5,109,1474663447,241740025,4612,11,4,6,4,4,0.005,11,0.993278404163053,False,
bellevue_150th_eastgate,A6,109,1474663447,241740025,4612,11,4,6,4,4,0.005,11,0.993278404163053,False,
bellevue_150th_eastgate,A7,109,1474663447,241740025,4612,11,4,6,1,2,0.005,2,1,False,
bellevue_150th_eastgate,A9,109,1474663447,241740025,4612,11,4,6,4,4,0.005,11,0.993278404163053,False,
bellevue_150th_eastgate,A5,110,406589064,2085156724,7050,9,4,4,4,4,0.005,9,0.992056737588653,False,
bellevue_150th_eastgate,A6,110,406589064,2085156724,7050,9,4,4,4,4,0.005,9,0.992056737588653,False,
bellevue_150th_eastgate,A7,110,406589064,2085156724,7050,9,4,4,2,2,0.005,4,1,False,
bellevue_150th_eastgate,A9,110,406589064,2085156724,7050,9,4,4,4,4,0.005,9,0.992056737588653,False,
bellevue_150th_eastgate,A5,111,2106202639,265581814,8106,11,4,4,4,4,0.005,10,0.996669133974833,False,
bellevue_150th_eastgate,A6,111,2106202639,265581814,8106,11,4,4,4,4,0.005,10,0.996669133974833,False,
bellevue_150th_eastgate,A7,111,2106202639,265581814,8106,11,4,4,2,2,0.005,4,1,False,
bellevue_150th_eastgate,A9,111,2106202639,265581814,8106,11,4,4,4,4,0.005,10,0.996669133974833,False,
bellevue_150th_eastgate,A5,112,811655838,1398030165,6396,9,4,4,4,4,0.0025,10,0.999687304565353,False,
bellevue_150th_eastgate,A6,112,811655838,1398030165,6396,9,4,4,4,4,0.0025,10,0.999687304565353,False,
bellevue_150th_eastgate,A7,112,811655838,1398030165,6396,9,4,4,1,3,0.005,3,1,False,
bellevue_150th_eastgate,A9,112,811655838,1398030165,6396,9,4,4,4,4,0.0025,10,0.999687304565353,False,
bellevue_150th_eastgate,A5,113,674709698,615081233,8266,12,4,4,4,4,0.005,9,0.995402855068957,False,
bellevue_150th_eastgate,A6,113,674709698,615081233,8266,12,4,4,4,4,0.005,9,0.995402855068957,False,
bellevue_150th_eastgate,A7,113,674709698,615081233,8266,12,4,4,2,2,0.005,3,1,False,
bellevue_150th_eastgate,A9,113,674709698,615081233,8266,12,4,4,4,4,0.005,9,0.995402855068957,False,
bellevue_150th_eastgate,A5,114,1926103392,1871366677,9430,12,4,4,4,4,0.001,11,0.999363732767762,False,
bellevue_150th_eastgate,A6,114,1926103392,1871366677,9430,12,4,4,4,4,0.001,11,0.999363732767762,False,
bellevue_150th_eastgate,A7,114,1926103392,1871366677,9430,12,4,4,2,2,0.005,4,1,False,
bellevue_150th_eastgate,A9,114,1926103392,1871366677,9430,12,4,4,4,4,0.001,11,0.999363732767762,False,
bellevue_150th_eastgate,A5,115,1274643795,1115505970,11837,7,4,4,4,4,0.005,9,0.995860437610881,False,
bellevue_150th_eastgate,A6,115,1274643795,1115505970,11837,7,4,4,4,4,0.005,9,0.995860437610881,False,
bellevue_150th_eastgate,A7,115,1274643795,1115505970,11837,7,4,4,2,2,0.005,4,1,False,
bellevue_150th_eastgate,A9,115,1274643795,1115505970,11837,7,4,4,4,4,0.005,9,0.995860437610881,False,
bellevue_150th_eastgate,A5,116,2128013520,408009824,6028,9,3,4,3,4,0.0025,8,0.999004644990046,False,
bellevue_150th_eastgate,A6,116,2128013520,408009824,6028,9,3,4,3,4,0.0025,8,0.999004644990046,False,
bellevue_150th_eastgate,A7,116,2128013520,408009824,6028,9,3,4,1,2,0.005,2,1,False,
bellevue_150th_eastgate,A9,116,2128013520,408009824,6028,9,3,4,3,4,0.0025,8,0.999004644990046,False,
bellevue_150th_eastgate,A5,117,1226978117,1541139583,13283,9,4,4,4,4,0.005,9,0.994428969359331,False,
bellevue_150th_eastgate,A6,117,1226978117,1541139583,13283,9,4,4,4,4,0.005,9,0.994428969359331,False,
bellevue_150th_eastgate,A7,117,1226978117,1541139583,13283,9,4,4,2,2,0.005,4,1,False,
bellevue_150th_eastgate,A9,117,1226978117,1541139583,13283,9,4,4,4,4,0.005,9,0.994428969359331,False,
bellevue_150th_eastgate,A5,118,1843901911,1394807428,9554,10,4,4,4,4,0.005,9,0.997383294954993,False,
bellevue_150th_eastgate,A6,118,1843901911,1394807428,9554,10,4,4,4,4,0.005,9,0.997383294954993,False,
bellevue_150th_eastgate,A7,118,1843901911,1394807428,9554,10,4,4,2,2,0.005,3,0.998220640569395,False,
bellevue_150th_eastgate,A9,118,1843901911,1394807428,9554,10,4,4,4,4,0.005,9,0.997383294954993,False,
bellevue_150th_eastgate,A5,119,2131307825,1930958209,7355,10,3,4,3,4,0.01,7,0.992794017675051,False,
bellevue_150th_eastgate,A6,119,2131307825,1930958209,7355,10,3,4,3,4,0.01,7,0.992794017675051,False,
bellevue_150th_eastgate,A7,119,2131307825,1930958209,7355,10,3,4,1,2,0.005,2,1,False,
bellevue_150th_eastgate,A9,119,2131307825,1930958209,7355,10,3,4,3,4,0.01,7,0.992794017675051,False,
bellevue_150th_eastgate,A5,120,1651917956,891125697,7389,11,3,4,3,4,0.005,7,0.994180538638517,False,
bellevue_150th_eastgate,A6,120,1651917956,891125697,7389,11,3,4,3,4,0.005,7,0.994180538638517,False,
bellevue_150th_eastgate,A7,120,1651917956,891125697,7389,11,3,4,1,2,0.005,2,1,False,
bellevue_150th_eastgate,A9,120,1651917956,891125697,7389,11,3,4,3,4,0.005,7,0.994180538638517,False,
bellevue_150th_eastgate,A5,121,195095955,881512070,12817,10,4,4,4,4,0.01,9,0.99399235390497,False,
bellevue_150th_eastgate,A6,121,195095955,881512070,12817,10,4,4,4,4,0.01,9,0.99399235390497,False,
bellevue_150th_eastgate,A7,121,195095955,881512070,12817,10,4,4,2,2,0.005,4,1,False,
bellevue_150th_eastgate,A9,121,195095955,881512070,12817,10,4,4,4,4,0.01,9,0.99399235390497,False,
bellevue_150th_eastgate,A5,122,1303956162,1719372794,9451,10,4,4,4,4,0.005,9,0.995450216908264,False,
bellevue_150th_eastgate,A6,122,1303956162,1719372794,9451,10,4,4,4,4,0.005,9,0.995450216908264,False,
bellevue_150th_eastgate,A7,122,1303956162,1719372794,9451,10,4,4,2,2,0.005,4,1,False,
bellevue_150th_eastgate,A9,122,1303956162,1719372794,9451,10,4,4,4,4,0.005,9,0.995450216908264,False,
bellevue_150th_eastgate,A5,123,727210732,125282667,6584,10,4,4,4,4,0.005,10,0.997721749696233,False,
bellevue_150th_eastgate,A6,123,727210732,125282667,6584,10,4,4,4,4,0.005,10,0.997721749696233,False,
bellevue_150th_eastgate,A7,123,727210732,125282667,6584,10,4,4,1,2,0.005,2,1,False,
bellevue_150th_eastgate,A9,123,727210732,125282667,6584,10,4,4,4,4,0.005,10,0.997721749696233,False,
bellevue_150th_eastgate,A5,124,260719082,218454472,9543,9,4,4,4,4,0.01,9,0.994655768626218,False,
bellevue_150th_eastgate,A6,124,260719082,218454472,9543,9,4,4,4,4,0.01,9,0.994655768626218,False,
bellevue_150th_eastgate,A7,124,260719082,218454472,9543,9,4,4,2,2,0.005,4,1,False,
bellevue_150th_eastgate,A9,124,260719082,218454472,9543,9,4,4,4,4,0.01,9,0.994655768626218,False,
bellevue_150th_eastgate,A5,125,921711222,199589520,7494,9,3,4,3,4,0.001,9,0.999733119829197,False,
bellevue_150th_eastgate,A6,125,921711222,199589520,7494,9,3,4,3,4,0.001,9,0.999733119829197,False,
bellevue_150th_eastgate,A7,125,921711222,199589520,7494,9,3,4,1,2,0.005,2,1,False,
bellevue_150th_eastgate,A9,125,921711222,199589520,7494,9,3,4,3,4,0.001,9,0.999733119829197,False,
bellevue_150th_eastgate,A5,126,279276251,1167757635,7591,9,4,4,4,4,0.005,9,0.996179686470821,False,
bellevue_150th_eastgate,A6,126,279276251,1167757635,7591,9,4,4,4,4,0.005,9,0.996179686470821,False,
bellevue_150th_eastgate,A7,126,279276251,1167757635,7591,9,4,4,2,2,0.005,4,1,False,
bellevue_150th_eastgate,A9,126,279276251,1167757635,7591,9,4,4,4,4,0.005,9,0.996179686470821,False,
bellevue_150th_eastgate,A5,127,1990342274,1522214767,8480,9,4,4,4,4,0.001,11,0.999646226415094,False,
bellevue_150th_eastgate,A6,127,1990342274,1522214767,8480,9,4,4,4,4,0.001,11,0.999646226415094,False,
bellevue_150th_eastgate,A7,127,1990342274,1522214767,8480,9,4,4,1,2,0.005,2,1,False,
bellevue_150th_eastgate,A9,127,1990342274,1522214767,8480,9,4,4,4,4,0.001,11,0.999646226415094,False,
bellevue_150th_eastgate,A5,128,440066933,1219984103,7647,7,4,4,4,4,0.005,10,0.998169216686282,False,
bellevue_150th_eastgate,A6,128,440066933,1219984103,7647,7,4,4,4,4,0.005,10,0.998169216686282,False,
bellevue_150th_eastgate,A7,128,440066933,1219984103,7647,7,4,4,2,2,0.005,3,1,False,
bellevue_150th_eastgate,A9,128,440066933,1219984103,7647,7,4,4,4,4,0.005,10,0.998169216686282,False,
bellevue_150th_eastgate,A5,129,1527990453,997846172,9043,9,3,4,3,4,0.02,7,0.990268716134026,False,
bellevue_150th_eastgate,A6,129,1527990453,997846172,9043,9,3,4,3,4,0.02,7,0.990268716134026,False,
bellevue_150th_eastgate,A7,129,1527990453,997846172,9043,9,3,4,1,2,0.005,2,1,False,
bellevue_150th_eastgate,A9,129,1527990453,997846172,9043,9,3,4,3,4,0.02,7,0.990268716134026,False,
bellevue_150th_eastgate,A5,130,700173441,335487513,11445,10,4,4,4,4,0.01,9,0.99388379204893,False,
bellevue_150th_eastgate,A6,130,700173441,335487513,11445,10,4,4,4,4,0.01,9,0.99388379204893,False,
bellevue_150th_eastgate,A7,130,700173441,335487513,11445,10,4,4,2,2,0.005,4,1,False,
bellevue_150th_eastgate,A9,130,700173441,335487513,11445,10,4,4,4,4,0.01,9,0.99388379204893,False,
bellevue_150th_eastgate,A5,131,188043059,204625268,5619,11,3,4,3,4,0.0025,8,1,False,
bellevue_150th_eastgate,A6,131,188043059,204625268,5619,11,3,4,3,4,0.0025,8,1,False,
bellevue_150th_eastgate,A7,131,188043059,204625268,5619,11,3,4,1,3,0.005,3,1,False,
bellevue_150th_eastgate,A9,131,188043059,204625268,5619,11,3,4,3,4,0.0025,8,1,False,
bellevue_150th_eastgate,A5,132,368617881,1399168396,9791,10,3,4,3,4,0.01,7,0.992952711673986,False,
bellevue_150th_eastgate,A6,132,368617881,1399168396,9791,10,3,4,3,4,0.01,7,0.992952711673986,False,
bellevue_150th_eastgate,A7,132,368617881,1399168396,9791,10,3,4,1,2,0.005,2,1,False,
bellevue_150th_eastgate,A9,132,368617881,1399168396,9791,10,3,4,3,4,0.01,7,0.992952711673986,False,
bellevue_150th_eastgate,A5,133,1468268576,237970510,12468,10,4,4,4,4,0.005,9,0.995909528392685,False,
bellevue_150th_eastgate,A6,133,1468268576,237970510,12468,10,4,4,4,4,0.005,9,0.995909528392685,False,
bellevue_150th_eastgate,A7,133,1468268576,237970510,12468,10,4,4,2,2,0.005,4,1,False,
bellevue_150th_eastgate,A9,133,1468268576,237970510,12468,10,4,4,4,4,0.005,9,0.995909528392685,False,
bellevue_150th_eastgate,A5,134,1419096657,2135498382,8514,10,3,4,3,4,0.02,7,0.986375381724219,False,
bellevue_150th_eastgate,A6,134,1419096657,2135498382,8514,10,3,4,3,4,0.02,7,0.986375381724219,False,
bellevue_150th_eastgate,A7,134,1419096657,2135498382,8514,10,3,4,1,2,0.005,2,1,False,
bellevue_150th_eastgate,A9,134,1419096657,2135498382,8514,10,3,4,3,4,0.02,7,0.986375381724219,False,
bellevue_150th_eastgate,A5,135,1596967652,1131628746,11649,9,4,4,4,4,0.005,9,0.994763499012791,False,
bellevue_150th_eastgate,A6,135,1596967652,1131628746,11649,9,4,4,4,4,0.005,9,0.994763499012791,False,
bellevue_150th_eastgate,A7,135,1596967652,1131628746,11649,9,4,4,2,2,0.005,4,1,False,
bellevue_150th_eastgate,A9,135,1596967652,1131628746,11649,9,4,4,4,4,0.005,9,0.994763499012791,False,
bellevue_150th_eastgate,A5,136,909690725,1864887408,11832,11,4,4,4,4,0.01,9,0.993914807302231,False,
bellevue_150th_eastgate,A6,136,909690725,1864887408,11832,11,4,4,4,4,0.01,9,0.993914807302231,False,
bellevue_150th_eastgate,A7,136,909690725,1864887408,11832,11,4,4,2,2,0.005,4,1,False,
bellevue_150th_eastgate,A9,136,909690725,1864887408,11832,11,4,4,4,4,0.01,9,0.993914807302231,False,
bellevue_150th_eastgate,A5,137,13391586,2099841835,12220,10,4,4,4,4,0.005,9,0.993126022913257,False,
bellevue_150th_eastgate,A6,137,13391586,2099841835,12220,10,4,4,4,4,0.005,9,0.993126022913257,False,
bellevue_150th_eastgate,A7,137,13391586,2099841835,12220,10,4,4,2,2,0.005,4,1,False,
bellevue_150th_eastgate,A9,137,13391586,2099841835,12220,10,4,4,4,4,0.005,9,0.993126022913257,False,
bellevue_150th_eastgate,A5,138,3962179,686148362,11068,10,3,4,3,4,0.01,7,0.992862305746296,False,
bellevue_150th_eastgate,A6,138,3962179,686148362,11068,10,3,4,3,4,0.01,7,0.992862305746296,False,
bellevue_150th_eastgate,A7,138,3962179,686148362,11068,10,3,4,1,2,0.005,2,1,False,
bellevue_150th_eastgate,A9,138,3962179,686148362,11068,10,3,4,3,4,0.01,7,0.992862305746296,False,
bellevue_150th_eastgate,A5,139,1331803382,64240869,8756,10,4,4,4,4,0.02,9,0.989150296939242,False,
bellevue_150th_eastgate,A6,139,1331803382,64240869,8756,10,4,4,4,4,0.02,9,0.989150296939242,False,
bellevue_150th_eastgate,A7,139,1331803382,64240869,8756,10,4,4,1,2,0.005,2,1,False,
bellevue_150th_eastgate,A9,139,1331803382,64240869,8756,10,4,4,4,4,0.02,9,0.989150296939242,False,
bellevue_150th_eastgate,A5,140,1507550245,1917236593,9405,11,4,4,4,4,0.005,9,0.994577352472089,False,
bellevue_150th_eastgate,A6,140,1507550245,1917236593,9405,11,4,4,4,4,0.005,9,0.994577352472089,False,
bellevue_150th_eastgate,A7,140,1507550245,1917236593,9405,11,4,4,2,2,0.005,4,1,False,
bellevue_150th_eastgate,A9,140,1507550245,1917236593,9405,11,4,4,4,4,0.005,9,0.994577352472089,False,
bellevue_150th_eastgate,A5,141,2021930557,795746587,13393,9,4,4,4,4,0.005,10,0.99895467781677,False,
bellevue_150th_eastgate,A6,141,2021930557,795746587,13393,9,4,4,4,4,0.005,10,0.99895467781677,False,
bellevue_150th_eastgate,A7,141,2021930557,795746587,13393,9,4,4,2,2,0.005,4,1,False,
bellevue_150th_eastgate,A9,141,2021930557,795746587,13393,9,4,4,4,4,0.005,10,0.99895467781677,False,
bellevue_150th_eastgate,A5,142,196535858,1044515459,9347,9,4,4,4,4,0.01,9,0.993580828073179,False,
bellevue_150th_eastgate,A6,142,196535858,1044515459,9347,9,4,4,4,4,0.01,9,0.993580828073179,False,
bellevue_150th_eastgate,A7,142,196535858,1044515459,9347,9,4,4,2,2,0.005,4,1,False,
bellevue_150th_eastgate,A9,142,196535858,1044515459,9347,9,4,4,4,4,0.01,9,0.993580828073179,False,
bellevue_150th_eastgate,A5,143,1753565664,2064941321,11592,7,4,4,4,4,0.005,10,0.997412008281574,False,
bellevue_150th_eastgate,A6,143,1753565664,2064941321,11592,7,4,4,4,4,0.005,10,0.997412008281574,False,
bellevue_150th_eastgate,A7,143,1753565664,2064941321,11592,7,4,4,1,2,0.005,2,1,False,
bellevue_150th_eastgate,A9,143,1753565664,2064941321,11592,7,4,4,4,4,0.005,10,0.997412008281574,False,
bellevue_150th_eastgate,A5,144,632754148,1214930173,11550,9,4,4,4,4,0.005,9,0.994891774891775,False,
bellevue_150th_eastgate,A6,144,632754148,1214930173,11550,9,4,4,4,4,0.005,9,0.994891774891775,False,
bellevue_150th_eastgate,A7,144,632754148,1214930173,11550,9,4,4,2,2,0.005,4,1,False,
bellevue_150th_eastgate,A9,144,632754148,1214930173,11550,9,4,4,4,4,0.005,9,0.994891774891775,False,
bellevue_150th_eastgate,A5,145,471525017,974219198,9369,10,3,4,3,4,0.005,8,0.997972035436012,False,
bellevue_150th_eastgate,A6,145,471525017,974219198,9369,10,3,4,3,4,0.005,8,0.997972035436012,False,
bellevue_150th_eastgate,A7,145,471525017,974219198,9369,10,3,4,1,2,0.005,2,1,False,
bellevue_150th_eastgate,A9,145,471525017,974219198,9369,10,3,4,3,4,0.005,8,0.997972035436012,False,
bellevue_150th_eastgate,A5,146,2001071996,472130624,6759,9,4,4,4,4,0.005,10,0.998372540316615,False,
bellevue_150th_eastgate,A6,146,2001071996,472130624,6759,9,4,4,4,4,0.005,10,0.998372540316615,False,
bellevue_150th_eastgate,A7,146,2001071996,472130624,6759,9,4,4,1,2,0.005,2,1,False,
bellevue_150th_eastgate,A9,146,2001071996,472130624,6759,9,4,4,4,4,0.005,10,0.998372540316615,False,
bellevue_150th_eastgate,A5,147,935957895,335735848,8305,11,3,4,3,4,0.02,7,0.990487658037327,False,
bellevue_150th_eastgate,A6,147,935957895,335735848,8305,11,3,4,3,4,0.02,7,0.990487658037327,False,
bellevue_150th_eastgate,A7,147,935957895,335735848,8305,11,3,4,1,2,0.005,2,1,False,
bellevue_150th_eastgate,A9,147,935957895,335735848,8305,11,3,4,3,4,0.02,7,0.990487658037327,False,
bellevue_150th_eastgate,A5,148,675468459,1793858618,3630,9,4,4,4,4,0.001,10,1,False,
bellevue_150th_eastgate,A6,148,675468459,1793858618,3630,9,4,4,4,4,0.001,10,1,False,
bellevue_150th_eastgate,A7,148,675468459,1793858618,3630,9,4,4,1,3,0.005,3,1,False,
bellevue_150th_eastgate,A9,148,675468459,1793858618,3630,9,4,4,4,4,0.001,10,1,False,
bellevue_150th_eastgate,A5,149,511830430,1844826362,3353,8,4,4,4,4,0.0025,10,1,False,
bellevue_150th_eastgate,A6,149,511830430,1844826362,3353,8,4,4,4,4,0.0025,10,1,False,
bellevue_150th_eastgate,A7,149,511830430,1844826362,3353,8,4,4,1,3,0.005,3,1,False,
bellevue_150th_eastgate,A9,149,511830430,1844826362,3353,8,4,4,4,4,0.0025,10,1,False,
bellevue_150th_eastgate,A5,150,745573069,1352859641,6073,10,4,4,4,4,0.005,10,0.99720072451836,False,
bellevue_150th_eastgate,A6,150,745573069,1352859641,6073,10,4,4,4,4,0.005,10,0.99720072451836,False,
bellevue_150th_eastgate,A7,150,745573069,1352859641,6073,10,4,4,1,2,0.005,2,1,False,
bellevue_150th_eastgate,A9,150,745573069,1352859641,6073,10,4,4,4,4,0.005,10,0.99720072451836,False,
bellevue_150th_eastgate,A5,151,2087531691,2041244835,11380,7,4,4,4,4,0.001,11,0.999736379613357,False,
bellevue_150th_eastgate,A6,151,2087531691,2041244835,11380,7,4,4,4,4,0.001,11,0.999736379613357,False,
bellevue_150th_eastgate,A7,151,2087531691,2041244835,11380,7,4,4,2,2,0.005,4,1,False,
bellevue_150th_eastgate,A9,151,2087531691,2041244835,11380,7,4,4,4,4,0.001,11,0.999736379613357,False,
bellevue_150th_eastgate,A5,152,1529558957,1970330572,8479,11,4,4,4,4,0.005,9,0.995400400990683,False,
bellevue_150th_eastgate,A6,152,1529558957,1970330572,8479,11,4,4,4,4,0.005,9,0.995400400990683,False,
bellevue_150th_eastgate,A7,152,1529558957,1970330572,8479,11,4,4,2,2,0.005,4,1,False,
bellevue_150th_eastgate,A9,152,1529558957,1970330572,8479,11,4,4,4,4,0.005,9,0.995400400990683,False,
bellevue_150th_eastgate,A5,153,36747645,1352536238,7530,10,3,4,3,4,0.01,7,0.993227091633466,False,
bellevue_150th_eastgate,A6,153,36747645,1352536238,7530,10,3,4,3,4,0.01,7,0.993227091633466,False,
bellevue_150th_eastgate,A7,153,36747645,1352536238,7530,10,3,4,1,2,0.005,2,1,False,
bellevue_150th_eastgate,A9,153,36747645,1352536238,7530,10,3,4,3,4,0.01,7,0.993227091633466,False,
bellevue_150th_eastgate,A5,154,1690092459,285906879,7706,10,3,4,3,4,0.02,7,0.988839865040228,False,
bellevue_150th_eastgate,A6,154,1690092459,285906879,7706,10,3,4,3,4,0.02,7,0.988839865040228,False,
bellevue_150th_eastgate,A7,154,1690092459,285906879,7706,10,3,4,1,2,0.005,2,1,False,
bellevue_150th_eastgate,A9,154,1690092459,285906879,7706,10,3,4,3,4,0.02,7,0.988839865040228,False,
bellevue_150th_eastgate,A5,155,1319186641,76483217,6201,10,4,4,4,4,0.005,9,0.996613449443638,False,
bellevue_150th_eastgate,A6,155,1319186641,76483217,6201,10,4,4,4,4,0.005,9,0.996613449443638,False,
bellevue_150th_eastgate,A7,155,1319186641,76483217,6201,10,4,4,2,2,0.005,4,1,False,
bellevue_150th_eastgate,A9,155,1319186641,76483217,6201,10,4,4,4,4,0.005,9,0.996613449443638,False,
bellevue_150th_eastgate,A5,156,1031217278,1666039487,9431,10,3,4,3,4,0.02,7,0.987594104548828,False,
bellevue_150th_eastgate,A6,156,1031217278,1666039487,9431,10,3,4,3,4,0.02,7,0.987594104548828,False,
bellevue_150th_eastgate,A7,156,1031217278,1666039487,9431,10,3,4,1,2,0.005,2,1,False,
bellevue_150th_eastgate,A9,156,1031217278,1666039487,9431,10,3,4,3,4,0.02,7,0.987594104548828,False,
bellevue_150th_eastgate,A5,157,2031530582,1067806570,6229,8,3,4,3,4,0.001,9,1,False,
bellevue_150th_eastgate,A6,157,2031530582,1067806570,6229,8,3,4,3,4,0.001,9,1,False,
bellevue_150th_eastgate,A7,157,2031530582,1067806570,6229,8,3,4,1,2,0.005,2,1,False,
bellevue_150th_eastgate,A9,157,2031530582,1067806570,6229,8,3,4,3,4,0.001,9,1,False,
bellevue_150th_eastgate,A5,158,2032734890,1567014650,12670,12,4,4,4,4,0.01,9,0.994080505130229,False,
bellevue_150th_eastgate,A6,158,2032734890,1567014650,12670,12,4,4,4,4,0.01,9,0.994080505130229,False,
bellevue_150th_eastgate,A7,158,2032734890,1567014650,12670,12,4,4,2,2,0.005,3,1,False,
bellevue_150th_eastgate,A9,158,2032734890,1567014650,12670,12,4,4,4,4,0.01,9,0.994080505130229,False,
bellevue_150th_eastgate,A5,159,889618650,1336859247,17780,10,4,4,4,4,0.005,9,0.993757030371204,False,
bellevue_150th_eastgate,A6,159,889618650,1336859247,17780,10,4,4,4,4,0.005,9,0.993757030371204,False,
bellevue_150th_eastgate,A7,159,889618650,1336859247,17780,10,4,4,2,2,0.005,4,1,False,
bellevue_150th_eastgate,A9,159,889618650,1336859247,17780,10,4,4,4,4,0.005,9,0.993757030371204,False,
bellevue_150th_eastgate,A5,160,142798713,535917973,7936,10,4,4,4,4,0.001,10,0.998487903225806,False,
bellevue_150th_eastgate,A6,160,142798713,535917973,7936,10,4,4,4,4,0.001,10,0.998487903225806,False,
bellevue_150th_eastgate,A7,160,142798713,535917973,7936,10,4,4,2,2,0.005,4,1,False,
bellevue_150th_eastgate,A9,160,142798713,535917973,7936,10,4,4,4,4,0.001,10,0.998487903225806,False,
bellevue_150th_eastgate,A5,161,1641873476,1204892211,10619,11,3,4,3,4,0.01,7,0.994820604576702,False,
bellevue_150th_eastgate,A6,161,1641873476,1204892211,10619,11,3,4,3,4,0.01,7,0.994820604576702,False,
bellevue_150th_eastgate,A7,161,1641873476,1204892211,10619,11,3,4,1,2,0.005,2,1,False,
bellevue_150th_eastgate,A9,161,1641873476,1204892211,10619,11,3,4,3,4,0.01,7,0.994820604576702,False,
bellevue_150th_eastgate,A5,162,1831120434,883853363,4353,10,4,6,4,5,0.0025,14,0.997473007121525,False,
bellevue_150th_eastgate,A6,162,1831120434,883853363,4353,10,4,6,4,5,0.0025,14,0.997473007121525,False,
bellevue_150th_eastgate,A7,162,1831120434,883853363,4353,10,4,6,1,3,0.005,3,1,False,
bellevue_150th_eastgate,A9,162,1831120434,883853363,4353,10,4,6,4,5,0.0025,14,0.997473007121525,False,
bellevue_150th_eastgate,A5,163,2098966413,1417508391,7878,8,3,4,3,4,0.02,7,0.99035288144199,False,
bellevue_150th_eastgate,A6,163,2098966413,1417508391,7878,8,3,4,3,4,0.02,7,0.99035288144199,False,
bellevue_150th_eastgate,A7,163,2098966413,1417508391,7878,8,3,4,1,2,0.005,2,1,False,
bellevue_150th_eastgate,A9,163,2098966413,1417508391,7878,8,3,4,3,4,0.02,7,0.99035288144199,False,
bellevue_150th_eastgate,A5,164,1422527026,1903976735,5964,10,4,4,4,4,0.005,9,0.992957746478873,False,
bellevue_150th_eastgate,A6,164,1422527026,1903976735,5964,10,4,4,4,4,0.005,9,0.992957746478873,False,
bellevue_150th_eastgate,A7,164,1422527026,1903976735,5964,10,4,4,2,2,0.005,4,1,False,
bellevue_150th_eastgate,A9,164,1422527026,1903976735,5964,10,4,4,4,4,0.005,9,0.992957746478873,False,
bellevue_150th_eastgate,A5,165,1693055653,716153886,11825,8,3,4,3,4,0.02,7,0.990359408033827,False,
bellevue_150th_eastgate,A6,165,1693055653,716153886,11825,8,3,4,3,4,0.02,7,0.990359408033827,False,
bellevue_150th_eastgate,A7,165,1693055653,716153886,11825,8,3,4,1,2,0.005,2,1,False,
bellevue_150th_eastgate,A9,165,1693055653,716153886,11825,8,3,4,3,4,0.02,7,0.990359408033827,False,
bellevue_150th_eastgate,A5,166,255921393,1797860067,6496,11,4,4,4,4,0.02,8,0.983836206896552,False,
bellevue_150th_eastgate,A6,166,255921393,1797860067,6496,11,4,4,4,4,0.02,8,0.983836206896552,False,
bellevue_150th_eastgate,A7,166,255921393,1797860067,6496,11,4,4,1,2,0.005,2,1,False,
bellevue_150th_eastgate,A9,166,255921393,1797860067,6496,11,4,4,4,4,0.02,8,0.983836206896552,False,
bellevue_150th_eastgate,A5,167,1832240727,1432624270,7333,11,3,4,3,4,0.001,8,0.998090822310105,False,
bellevue_150th_eastgate,A6,167,1832240727,1432624270,7333,11,3,4,3,4,0.001,8,0.998090822310105,False,
bellevue_150th_eastgate,A7,167,1832240727,1432624270,7333,11,3,4,1,2,0.005,2,1,False,
bellevue_150th_eastgate,A9,167,1832240727,1432624270,7333,11,3,4,3,4,0.001,8,0.998090822310105,False,
bellevue_150th_eastgate,A5,168,1890160257,39453016,5272,10,3,4,3,4,0.0025,8,1,False,
bellevue_150th_eastgate,A6,168,1890160257,39453016,5272,10,3,4,3,4,0.0025,8,1,False,
bellevue_150th_eastgate,A7,168,1890160257,39453016,5272,10,3,4,1,3,0.005,3,1,False,
bellevue_150th_eastgate,A9,168,1890160257,39453016,5272,10,3,4,3,4,0.0025,8,1,False,
bellevue_150th_eastgate,A5,169,594828649,598629517,9753,10,3,4,3,4,0.02,7,0.990054342253666,False,
bellevue_150th_eastgate,A6,169,594828649,598629517,9753,10,3,4,3,4,0.02,7,0.990054342253666,False,
bellevue_150th_eastgate,A7,169,594828649,598629517,9753,10,3,4,1,2,0.005,2,1,False,
bellevue_150th_eastgate,A9,169,594828649,598629517,9753,10,3,4,3,4,0.02,7,0.990054342253666,False,
bellevue_150th_eastgate,A5,170,826690416,1655348034,11426,10,3,4,3,4,0.01,7,0.99361106248906,False,
bellevue_150th_eastgate,A6,170,826690416,1655348034,11426,10,3,4,3,4,0.01,7,0.99361106248906,False,
bellevue_150th_eastgate,A7,170,826690416,1655348034,11426,10,3,4,1,2,0.005,2,1,False,
bellevue_150th_eastgate,A9,170,826690416,1655348034,11426,10,3,4,3,4,0.01,7,0.99361106248906,False,
bellevue_150th_eastgate,A5,171,589808624,400188456,9522,10,3,4,3,4,0.01,7,0.994328922495274,False,
bellevue_150th_eastgate,A6,171,589808624,400188456,9522,10,3,4,3,4,0.01,7,0.994328922495274,False,
bellevue_150th_eastgate,A7,171,589808624,400188456,9522,10,3,4,1,2,0.005,2,1,False,
bellevue_150th_eastgate,A9,171,589808624,400188456,9522,10,3,4,3,4,0.01,7,0.994328922495274,False,
bellevue_150th_eastgate,A5,172,927788686,636453193,8519,11,3,4,3,4,0.01,7,0.992956919826271,False,
bellevue_150th_eastgate,A6,172,927788686,636453193,8519,11,3,4,3,4,0.01,7,0.992956919826271,False,
bellevue_150th_eastgate,A7,172,927788686,636453193,8519,11,3,4,1,2,0.005,2,1,False,
bellevue_150th_eastgate,A9,172,927788686,636453193,8519,11,3,4,3,4,0.01,7,0.992956919826271,False,
bellevue_150th_eastgate,A5,173,465506837,1886289438,11237,11,4,4,4,4,0.005,10,0.997686215181988,False,
bellevue_150th_eastgate,A6,173,465506837,1886289438,11237,11,4,4,4,4,0.005,10,0.997686215181988,False,
bellevue_150th_eastgate,A7,173,465506837,1886289438,11237,11,4,4,2,2,0.005,4,1,False,
bellevue_150th_eastgate,A9,173,465506837,1886289438,11237,11,4,4,4,4,0.005,10,0.997686215181988,False,
bellevue_150th_eastgate,A5,174,1597692545,99446869,9832,11,3,4,3,4,0.005,7,0.994100895036615,False,
bellevue_150th_eastgate,A6,174,1597692545,99446869,9832,11,3,4,3,4,0.005,7,0.994100895036615,False,
bellevue_150th_eastgate,A7,174,1597692545,99446869,9832,11,3,4,1,2,0.005,2,1,False,
bellevue_150th_eastgate,A9,174,1597692545,99446869,9832,11,3,4,3,4,0.005,7,0.994100895036615,False,
bellevue_150th_eastgate,A5,175,616904210,450273355,3797,10,4,4,4,4,0.0025,10,1,False,
bellevue_150th_eastgate,A6,175,616904210,450273355,3797,10,4,4,4,4,0.0025,10,1,False,
bellevue_150th_eastgate,A7,175,616904210,450273355,3797,10,4,4,2,2,0.005,4,1,False,
bellevue_150th_eastgate,A9,175,616904210,450273355,3797,10,4,4,4,4,0.0025,10,1,False,
bellevue_150th_eastgate,A5,176,396552706,1841873249,8376,9,4,4,4,4,0.005,9,0.995582617000955,False,
bellevue_150th_eastgate,A6,176,396552706,1841873249,8376,9,4,4,4,4,0.005,9,0.995582617000955,False,
bellevue_150th_eastgate,A7,176,396552706,1841873249,8376,9,4,4,2,2,0.005,4,1,False,
bellevue_150th_eastgate,A9,176,396552706,1841873249,8376,9,4,4,4,4,0.005,9,0.995582617000955,False,
bellevue_150th_eastgate,A5,177,1361568896,133420466,4894,8,4,4,4,4,0.02,9,0.991418062934205,False,
bellevue_150th_eastgate,A6,177,1361568896,133420466,4894,8,4,4,4,4,0.02,9,0.991418062934205,False,
bellevue_150th_eastgate,A7,177,1361568896,133420466,4894,8,4,4,1,2,0.005,2,1,False,
bellevue_150th_eastgate,A9,177,1361568896,133420466,4894,8,4,4,4,4,0.02,9,0.991418062934205,False,
bellevue_150th_eastgate,A5,178,64045818,828662687,9950,11,4,4,4,4,0.005,10,0.997085427135678,False,
bellevue_150th_eastgate,A6,178,64045818,828662687,9950,11,4,4,4,4,0.005,10,0.997085427135678,False,
bellevue_150th_eastgate,A7,178,64045818,828662687,9950,11,4,4,2,2,0.005,4,1,False,
bellevue_150th_eastgate,A9,178,64045818,828662687,9950,11,4,4,4,4,0.005,10,0.997085427135678,False,
bellevue_150th_eastgate,A5,179,98477250,1657961951,9503,12,4,4,4,4,0.005,9,0.994738503630432,False,
bellevue_150th_eastgate,A6,179,98477250,1657961951,9503,12,4,4,4,4,0.005,9,0.994738503630432,False,
bellevue_150th_eastgate,A7,179,98477250,1657961951,9503,12,4,4,2,2,0.005,4,1,False,
bellevue_150th_eastgate,A9,179,98477250,1657961951,9503,12,4,4,4,4,0.005,9,0.994738503630432,False,
bellevue_150th_eastgate,A5,180,736059907,190978586,11467,10,4,4,4,4,0.01,9,0.99354669922386,False,
bellevue_150th_eastgate,A6,180,736059907,190978586,11467,10,4,4,4,4,0.01,9,0.99354669922386,False,
bellevue_150th_eastgate,A7,180,736059907,190978586,11467,10,4,4,2,2,0.005,4,1,False,
bellevue_150th_eastgate,A9,180,736059907,190978586,11467,10,4,4,4,4,0.01,9,0.99354669922386,False,
bellevue_150th_eastgate,A5,181,500263480,653777019,11079,9,4,4,4,4,0.01,9,0.994042783644733,False,
bellevue_150th_eastgate,A6,181,500263480,653777019,11079,9,4,4,4,4,0.01,9,0.994042783644733,False,
bellevue_150th_eastgate,A7,181,500263480,653777019,11079,9,4,4,2,2,0.005,4,1,False,
bellevue_150th_eastgate,A9,181,500263480,653777019,11079,9,4,4,4,4,0.01,9,0.994042783644733,False,
bellevue_150th_eastgate,A5,182,71594888,891285005,9489,8,3,4,3,4,0.005,7,0.993993044577932,False,
bellevue_150th_eastgate,A6,182,71594888,891285005,9489,8,3,4,3,4,0.005,7,0.993993044577932,False,
bellevue_150th_eastgate,A7,182,71594888,891285005,9489,8,3,4,1,2,0.005,2,1,False,
bellevue_150th_eastgate,A9,182,71594888,891285005,9489,8,3,4,3,4,0.005,7,0.993993044577932,False,
bellevue_150th_eastgate,A5,183,1895445075,534760401,13574,11,4,4,4,4,0.005,9,0.995727125386769,False,
bellevue_150th_eastgate,A6,183,1895445075,534760401,13574,11,4,4,4,4,0.005,9,0.995727125386769,False,
bellevue_150th_eastgate,A7,183,1895445075,534760401,13574,11,4,4,2,2,0.005,4,1,False,
bellevue_150th_eastgate,A9,183,1895445075,534760401,13574,11,4,4,4,4,0.005,9,0.995727125386769,False,
bellevue_150th_eastgate,A5,184,76474457,1618629344,7899,11,4,4,4,4,0.005,9,0.994682871249525,False,
bellevue_150th_eastgate,A6,184,76474457,1618629344,7899,11,4,4,4,4,0.005,9,0.994682871249525,False,
bellevue_150th_eastgate,A7,184,76474457,1618629344,7899,11,4,4,2,2,0.005,4,1,False,
bellevue_150th_eastgate,A9,184,76474457,1618629344,7899,11,4,4,4,4,0.005,9,0.994682871249525,False,
bellevue_150th_eastgate,A5,185,934542172,650780646,7226,9,4,4,4,4,0.001,11,0.999723221699419,False,
bellevue_150th_eastgate,A6,185,934542172,650780646,7226,9,4,4,4,4,0.001,11,0.999723221699419,False,
bellevue_150th_eastgate,A7,185,934542172,650780646,7226,9,4,4,2,2,0.005,4,1,False,
bellevue_150th_eastgate,A9,185,934542172,650780646,7226,9,4,4,4,4,0.001,11,0.999723221699419,False,
bellevue_150th_eastgate,A5,186,1842607548,597034572,8201,10,3,4,3,4,0.001,9,1,False,
bellevue_150th_eastgate,A6,186,1842607548,597034572,8201,10,3,4,3,4,0.001,9,1,False,
bellevue_150th_eastgate,A7,186,1842607548,597034572,8201,10,3,4,1,2,0.005,2,1,False,
bellevue_150th_eastgate,A9,186,1842607548,597034572,8201,10,3,4,3,4,0.001,9,1,False,
bellevue_150th_eastgate,A5,187,243997115,1342991098,18351,8,4,4,4,4,0.01,9,0.993896790365648,False,
bellevue_150th_eastgate,A6,187,243997115,1342991098,18351,8,4,4,4,4,0.01,9,0.993896790365648,False,
bellevue_150th_eastgate,A7,187,243997115,1342991098,18351,8,4,4,2,2,0.005,4,1,False,
bellevue_150th_eastgate,A9,187,243997115,1342991098,18351,8,4,4,4,4,0.01,9,0.993896790365648,False,
bellevue_150th_eastgate,A5,188,348327590,1456385362,9116,11,4,4,4,4,0.001,10,0.998354541465555,False,
bellevue_150th_eastgate,A6,188,348327590,1456385362,9116,11,4,4,4,4,0.001,10,0.998354541465555,False,
bellevue_150th_eastgate,A7,188,348327590,1456385362,9116,11,4,4,2,2,0.005,4,1,False,
bellevue_150th_eastgate,A9,188,348327590,1456385362,9116,11,4,4,4,4,0.001,10,0.998354541465555,False,
bellevue_150th_eastgate,A5,189,561909357,1038872773,11263,9,4,4,4,4,0.01,9,0.992453165231288,False,
bellevue_150th_eastgate,A6,189,561909357,1038872773,11263,9,4,4,4,4,0.01,9,0.992453165231288,False,
bellevue_150th_eastgate,A7,189,561909357,1038872773,11263,9,4,4,2,2,0.005,4,1,False,
bellevue_150th_eastgate,A9,189,561909357,1038872773,11263,9,4,4,4,4,0.01,9,0.992453165231288,False,
bellevue_150th_eastgate,A5,190,387763778,1575448614,10998,9,4,4,4,4,0.005,9,0.993998908892526,False,
bellevue_150th_eastgate,A6,190,387763778,1575448614,10998,9,4,4,4,4,0.005,9,0.993998908892526,False,
bellevue_150th_eastgate,A7,190,387763778,1575448614,10998,9,4,4,2,2,0.005,4,1,False,
bellevue_150th_eastgate,A9,190,387763778,1575448614,10998,9,4,4,4,4,0.005,9,0.993998908892526,False,
bellevue_150th_eastgate,A5,191,2100844269,1974534172,13289,9,4,4,4,4,0.01,9,0.99300173075476,False,
bellevue_150th_eastgate,A6,191,2100844269,1974534172,13289,9,4,4,4,4,0.01,9,0.99300173075476,False,
bellevue_150th_eastgate,A7,191,2100844269,1974534172,13289,9,4,4,2,2,0.005,4,1,False,
bellevue_150th_eastgate,A9,191,2100844269,1974534172,13289,9,4,4,4,4,0.01,9,0.99300173075476,False,
bellevue_150th_eastgate,A5,192,1315077207,1893398124,5737,10,4,4,4,4,0.02,8,0.985183894021265,False,
bellevue_150th_eastgate,A6,192,1315077207,1893398124,5737,10,4,4,4,4,0.02,8,0.985183894021265,False,
bellevue_150th_eastgate,A7,192,1315077207,1893398124,5737,10,4,4,2,2,0.005,3,1,False,
bellevue_150th_eastgate,A9,192,1315077207,1893398124,5737,10,4,4,4,4,0.02,8,0.985183894021265,False,
bellevue_150th_eastgate,A5,193,368676715,509845397,8090,10,3,4,3,4,0.001,9,0.999752781211372,False,
bellevue_150th_eastgate,A6,193,368676715,509845397,8090,10,3,4,3,4,0.001,9,0.999752781211372,False,
bellevue_150th_eastgate,A7,193,368676715,509845397,8090,10,3,4,1,2,0.005,2,1,False,
bellevue_150th_eastgate,A9,193,368676715,509845397,8090,10,3,4,3,4,0.001,9,0.999752781211372,False,
bellevue_150th_eastgate,A5,194,1735003365,559198478,9857,9,4,4,4,4,0.005,10,0.99797098508674,False,
bellevue_150th_eastgate,A6,194,1735003365,559198478,9857,9,4,4,4,4,0.005,10,0.99797098508674,False,
bellevue_150th_eastgate,A7,194,1735003365,559198478,9857,9,4,4,2,2,0.005,4,1,False,
bellevue_150th_eastgate,A9,194,1735003365,559198478,9857,9,4,4,4,4,0.005,10,0.99797098508674,False,
bellevue_150th_eastgate,A5,195,1973693364,490869139,9391,11,4,4,4,4,0.01,9,0.991694175274199,False,
bellevue_150th_eastgate,A6,195,1973693364,490869139,9391,11,4,4,4,4,0.01,9,0.991694175274199,False,
bellevue_150th_eastgate,A7,195,1973693364,490869139,9391,11,4,4,2,2,0.005,4,1,False,
bellevue_150th_eastgate,A9,195,1973693364,490869139,9391,11,4,4,4,4,0.01,9,0.991694175274199,False,
bellevue_150th_eastgate,A5,196,510485978,286866569,5213,9,3,4,3,4,0.01,7,0.994245156339919,False,
bellevue_150th_eastgate,A6,196,510485978,286866569,5213,9,3,4,3,4,0.01,7,0.994245156339919,False,
bellevue_150th_eastgate,A7,196,510485978,286866569,5213,9,3,4,1,2,0.005,2,1,False,
bellevue_150th_eastgate,A9,196,510485978,286866569,5213,9,3,4,3,4,0.01,7,0.994245156339919,False,
bellevue_150th_eastgate,A5,197,132423645,1026039197,9325,8,3,4,3,4,0.005,7,0.994316353887399,False,
bellevue_150th_eastgate,A6,197,132423645,1026039197,9325,8,3,4,3,4,0.005,7,0.994316353887399,False,
bellevue_150th_eastgate,A7,197,132423645,1026039197,9325,8,3,4,1,2,0.005,2,1,False,
bellevue_150th_eastgate,A9,197,132423645,1026039197,9325,8,3,4,3,4,0.005,7,0.994316353887399,False,
bellevue_150th_eastgate,A5,198,1115706671,1984131877,8403,8,4,4,4,4,0.005,9,0.997262882303939,False,
bellevue_150th_eastgate,A6,198,1115706671,1984131877,8403,8,4,4,4,4,0.005,9,0.997262882303939,False,
bellevue_150th_eastgate,A7,198,1115706671,1984131877,8403,8,4,4,2,3,0.005,6,1,False,
bellevue_150th_eastgate,A9,198,1115706671,1984131877,8403,8,4,4,4,4,0.005,9,0.997262882303939,False,
bellevue_150th_eastgate,A5,199,613308109,802623321,6825,11,3,4,3,4,0.005,8,0.999120879120879,False,
bellevue_150th_eastgate,A6,199,613308109,802623321,6825,11,3,4,3,4,0.005,8,0.999120879120879,False,
bellevue_150th_eastgate,A7,199,613308109,802623321,6825,11,3,4,1,3,0.005,3,1,False,
bellevue_150th_eastgate,A9,199,613308109,802623321,6825,11,3,4,3,4,0.005,8,0.999120879120879,False,
bellevue_150th_eastgate,A5,200,1564934189,807590394,4672,10,4,4,4,4,0.005,10,1,False,
bellevue_150th_eastgate,A6,200,1564934189,807590394,4672,10,4,4,4,4,0.005,10,1,False,
bellevue_150th_eastgate,A7,200,1564934189,807590394,4672,10,4,4,1,3,0.005,3,1,False,
bellevue_150th_eastgate,A9,200,1564934189,807590394,4672,10,4,4,4,4,0.005,10,1,False,
bellevue_150th_eastgate,A5,201,950568758,340948717,12210,10,4,4,4,4,0.01,9,0.995004095004095,False,
bellevue_150th_eastgate,A6,201,950568758,340948717,12210,10,4,4,4,4,0.01,9,0.995004095004095,False,
bellevue_150th_eastgate,A7,201,950568758,340948717,12210,10,4,4,2,2,0.005,4,1,False,
bellevue_150th_eastgate,A9,201,950568758,340948717,12210,10,4,4,4,4,0.01,9,0.995004095004095,False,
bellevue_150th_eastgate,A5,202,1138424719,1122425126,10955,10,4,4,4,4,0.01,9,0.992879963486992,False,
bellevue_150th_eastgate,A6,202,1138424719,1122425126,10955,10,4,4,4,4,0.01,9,0.992879963486992,False,
bellevue_150th_eastgate,A7,202,1138424719,1122425126,10955,10,4,4,2,2,0.005,4,1,False,
bellevue_150th_eastgate,A9,202,1138424719,1122425126,10955,10,4,4,4,4,0.01,9,0.992879963486992,False,
bellevue_150th_eastgate,A5,203,55672159,1064120520,12368,11,4,4,4,4,0.01,9,0.993046571798189,False,
bellevue_150th_eastgate,A6,203,55672159,1064120520,12368,11,4,4,4,4,0.01,9,0.993046571798189,False,
bellevue_150th_eastgate,A7,203,55672159,1064120520,12368,11,4,4,2,2,0.005,4,1,False,
bellevue_150th_eastgate,A9,203,55672159,1064120520,12368,11,4,4,4,4,0.01,9,0.993046571798189,False,
bellevue_150th_eastgate,A5,204,562000279,1658655168,8532,13,3,4,3,4,0.01,7,0.993670886075949,False,
bellevue_150th_eastgate,A6,204,562000279,1658655168,8532,13,3,4,3,4,0.01,7,0.993670886075949,False,
bellevue_150th_eastgate,A7,204,562000279,1658655168,8532,13,3,4,1,2,0.005,2,1,False,
bellevue_150th_eastgate,A9,204,562000279,1658655168,8532,13,3,4,3,4,0.01,7,0.993670886075949,False,
bellevue_150th_eastgate,A5,205,206911937,723622108,10397,8,3,4,3,4,0.005,7,0.995094738866981,False,
bellevue_150th_eastgate,A6,205,206911937,723622108,10397,8,3,4,3,4,0.005,7,0.995094738866981,False,
bellevue_150th_eastgate,A7,205,206911937,723622108,10397,8,3,4,1,2,0.005,2,1,False,
bellevue_150th_eastgate,A9,205,206911937,723622108,10397,8,3,4,3,4,0.005,7,0.995094738866981,False,
bellevue_150th_eastgate,A5,206,1580376969,782621613,5753,8,3,4,3,4,0.001,9,1,False,
bellevue_150th_eastgate,A6,206,1580376969,782621613,5753,8,3,4,3,4,0.001,9,1,False,
bellevue_150th_eastgate,A7,206,1580376969,782621613,5753,8,3,4,1,2,0.005,2,1,False,
bellevue_150th_eastgate,A9,206,1580376969,782621613,5753,8,3,4,3,4,0.001,9,1,False,
bellevue_150th_eastgate,A5,207,1854599198,1150407148,10559,9,4,4,4,4,0.005,10,0.99876882280519,False,
bellevue_150th_eastgate,A6,207,1854599198,1150407148,10559,9,4,4,4,4,0.005,10,0.99876882280519,False,
bellevue_150th_eastgate,A7,207,1854599198,1150407148,10559,9,4,4,1,2,0.005,2,1,False,
bellevue_150th_eastgate,A9,207,1854599198,1150407148,10559,9,4,4,4,4,0.005,10,0.99876882280519,False,
bellevue_150th_eastgate,A5,208,1603729582,1479297622,8224,10,4,4,4,4,0.005,10,0.997932879377432,False,
bellevue_150th_eastgate,A6,208,1603729582,1479297622,8224,10,4,4,4,4,0.005,10,0.997932879377432,False,
bellevue_150th_eastgate,A7,208,1603729582,1479297622,8224,10,4,4,2,2,0.005,4,1,False,
bellevue_150th_eastgate,A9,208,1603729582,1479297622,8224,10,4,4,4,4,0.005,10,0.997932879377432,False,
bellevue_150th_eastgate,A5,209,943969100,1540040104,11728,10,4,4,4,4,0.01,9,0.994713506139154,False,
bellevue_150th_eastgate,A6,209,943969100,1540040104,11728,10,4,4,4,4,0.01,9,0.994713506139154,False,
bellevue_150th_eastgate,A7,209,943969100,1540040104,11728,10,4,4,2,2,0.005,4,1,False,
bellevue_150th_eastgate,A9,209,943969100,1540040104,11728,10,4,4,4,4,0.01,9,0.994713506139154,False,
bellevue_150th_eastgate,A5,210,1850191923,324201838,8969,8,4,4,4,4,0.005,9,0.996097669751366,False,
bellevue_150th_eastgate,A6,210,1850191923,324201838,8969,8,4,4,4,4,0.005,9,0.996097669751366,False,
bellevue_150th_eastgate,A7,210,1850191923,324201838,8969,8,4,4,2,2,0.005,4,1,False,
bellevue_150th_eastgate,A9,210,1850191923,324201838,8969,8,4,4,4,4,0.005,9,0.996097669751366,False,
bellevue_150th_eastgate,A5,211,1600625305,935988532,11116,12,4,4,4,4,0.005,9,0.99532205829435,False,
bellevue_150th_eastgate,A6,211,1600625305,935988532,11116,12,4,4,4,4,0.005,9,0.99532205829435,False,
bellevue_150th_eastgate,A7,211,1600625305,935988532,11116,12,4,4,2,2,0.001,4,1,False,
bellevue_150th_eastgate,A9,211,1600625305,935988532,11116,12,4,4,4,4,0.005,9,0.99532205829435,False,
bellevue_150th_eastgate,A5,212,786530545,128037138,7878,10,4,4,4,4,0.02,8,0.982102056359482,False,
bellevue_150th_eastgate,A6,212,786530545,128037138,7878,10,4,4,4,4,0.02,8,0.982102056359482,False,
bellevue_150th_eastgate,A7,212,786530545,128037138,7878,10,4,4,2,2,0.005,3,1,False,
bellevue_150th_eastgate,A9,212,786530545,128037138,7878,10,4,4,4,4,0.02,8,0.982102056359482,False,
bellevue_150th_eastgate,A5,213,227333610,1506828405,10343,10,4,4,4,4,0.005,9,0.994682393889587,False,
bellevue_150th_eastgate,A6,213,227333610,1506828405,10343,10,4,4,4,4,0.005,9,0.994682393889587,False,
bellevue_150th_eastgate,A7,213,227333610,1506828405,10343,10,4,4,2,2,0.005,4,1,False,
bellevue_150th_eastgate,A9,213,227333610,1506828405,10343,10,4,4,4,4,0.005,9,0.994682393889587,False,
bellevue_150th_eastgate,A5,214,482033984,2138334964,8849,8,4,4,4,4,0.005,10,0.998191886088824,False,
bellevue_150th_eastgate,A6,214,482033984,2138334964,8849,8,4,4,4,4,0.005,10,0.998191886088824,False,
bellevue_150th_eastgate,A7,214,482033984,2138334964,8849,8,4,4,1,2,0.005,2,1,False,
bellevue_150th_eastgate,A9,214,482033984,2138334964,8849,8,4,4,4,4,0.005,10,0.998191886088824,False,
bellevue_150th_eastgate,A5,215,597927204,82153648,11796,9,4,4,4,4,0.01,9,0.993557138012886,False,
bellevue_150th_eastgate,A6,215,597927204,82153648,11796,9,4,4,4,4,0.01,9,0.993557138012886,False,
bellevue_150th_eastgate,A7,215,597927204,82153648,11796,9,4,4,2,2,0.005,4,1,False,
bellevue_150th_eastgate,A9,215,597927204,82153648,11796,9,4,4,4,4,0.01,9,0.993557138012886,False,
bellevue_150th_eastgate,A5,216,1980458476,1240446660,9501,11,4,4,4,4,0.01,9,0.994526891906115,False,
bellevue_150th_eastgate,A6,216,1980458476,1240446660,9501,11,4,4,4,4,0.01,9,0.994526891906115,False,
bellevue_150th_eastgate,A7,216,1980458476,1240446660,9501,11,4,4,2,2,0.005,4,1,False,
bellevue_150th_eastgate,A9,216,1980458476,1240446660,9501,11,4,4,4,4,0.01,9,0.994526891906115,False,
bellevue_150th_eastgate,A5,217,905122063,1602235233,4305,10,4,4,4,4,0.005,9,0.992566782810685,False,
bellevue_150th_eastgate,A6,217,905122063,1602235233,4305,10,4,4,4,4,0.005,9,0.992566782810685,False,
bellevue_150th_eastgate,A7,217,905122063,1602235233,4305,10,4,4,2,2,0.005,3,1,False,
bellevue_150th_eastgate,A9,217,905122063,1602235233,4305,10,4,4,4,4,0.005,9,0.992566782810685,False,
bellevue_150th_eastgate,A5,218,2078658626,45728976,11811,11,4,4,4,4,0.01,9,0.994327321987977,False,
bellevue_150th_eastgate,A6,218,2078658626,45728976,11811,11,4,4,4,4,0.01,9,0.994327321987977,False,
bellevue_150th_eastgate,A7,218,2078658626,45728976,11811,11,4,4,2,2,0.005,4,1,False,
bellevue_150th_eastgate,A9,218,2078658626,45728976,11811,11,4,4,4,4,0.01,9,0.994327321987977,False,
bellevue_150th_eastgate,A5,219,1639707928,1129555227,7309,10,4,4,4,4,0.02,8,0.98495006156793,False,
bellevue_150th_eastgate,A6,219,1639707928,1129555227,7309,10,4,4,4,4,0.02,8,0.98495006156793,False,
bellevue_150th_eastgate,A7,219,1639707928,1129555227,7309,10,4,4,2,2,0.005,4,1,False,
bellevue_150th_eastgate,A9,219,1639707928,1129555227,7309,10,4,4,4,4,0.02,8,0.98495006156793,False,
bellevue_150th_eastgate,A5,220,1170908174,1291291272,9979,11,4,4,4,4,0.005,9,0.995590740555166,False,
bellevue_150th_eastgate,A6,220,1170908174,1291291272,9979,11,4,4,4,4,0.005,9,0.995590740555166,False,
bellevue_150th_eastgate,A7,220,1170908174,1291291272,9979,11,4,4,2,2,0.005,4,1,False,
bellevue_150th_eastgate,A9,220,1170908174,1291291272,9979,11,4,4,4,4,0.005,9,0.995590740555166,False,
bellevue_150th_eastgate,A5,221,1876106059,2044077679,7503,10,4,4,4,4,0.02,8,0.987604958016793,False,
bellevue_150th_eastgate,A6,221,1876106059,2044077679,7503,10,4,4,4,4,0.02,8,0.987604958016793,False,
bellevue_150th_eastgate,A7,221,1876106059,2044077679,7503,10,4,4,2,2,0.005,4,1,False,
bellevue_150th_eastgate,A9,221,1876106059,2044077679,7503,10,4,4,4,4,0.02,8,0.987604958016793,False,
bellevue_150th_eastgate,A5,222,807386185,956437694,8660,10,4,4,4,4,0.001,11,0.999884526558891,False,
bellevue_150th_eastgate,A6,222,807386185,956437694,8660,10,4,4,4,4,0.001,11,0.999884526558891,False,
bellevue_150th_eastgate,A7,222,807386185,956437694,8660,10,4,4,2,2,0.005,4,1,False,
bellevue_150th_eastgate,A9,222,807386185,956437694,8660,10,4,4,4,4,0.001,11,0.999884526558891,False,
bellevue_150th_eastgate,A5,223,404778635,587669789,11585,9,4,4,4,4,0.005,10,0.99775571860164,False,
bellevue_150th_eastgate,A6,223,404778635,587669789,11585,9,4,4,4,4,0.005,10,0.99775571860164,False,
bellevue_150th_eastgate,A7,223,404778635,587669789,11585,9,4,4,2,2,0.0025,4,1,False,
bellevue_150th_eastgate,A9,223,404778635,587669789,11585,9,4,4,4,4,0.005,10,0.99775571860164,False,
bellevue_150th_eastgate,A5,224,2083410259,1358129079,7150,9,4,4,4,4,0.005,9,0.993566433566434,False,
bellevue_150th_eastgate,A6,224,2083410259,1358129079,7150,9,4,4,4,4,0.005,9,0.993566433566434,False,
bellevue_150th_eastgate,A7,224,2083410259,1358129079,7150,9,4,4,2,2,0.005,4,1,False,
bellevue_150th_eastgate,A9,224,2083410259,1358129079,7150,9,4,4,4,4,0.005,9,0.993566433566434,False,
bellevue_150th_eastgate,A5,225,398541826,2045347659,10563,9,4,4,4,4,0.005,9,0.996213197008426,False,
bellevue_150th_eastgate,A6,225,398541826,2045347659,10563,9,4,4,4,4,0.005,9,0.996213197008426,False,
bellevue_150th_eastgate,A7,225,398541826,2045347659,10563,9,4,4,2,2,0.005,4,1,False,
bellevue_150th_eastgate,A9,225,398541826,2045347659,10563,9,4,4,4,4,0.005,9,0.996213197008426,False,
bellevue_150th_eastgate,A5,226,758005851,1040798310,14299,8,4,4,4,4,0.01,9,0.993356178753759,False,
bellevue_150th_eastgate,A6,226,758005851,1040798310,14299,8,4,4,4,4,0.01,9,0.993356178753759,False,
bellevue_150th_eastgate,A7,226,758005851,1040798310,14299,8,4,4,2,2,0.005,4,1,False,
bellevue_150th_eastgate,A9,226,758005851,1040798310,14299,8,4,4,4,4,0.01,9,0.993356178753759,False,
bellevue_150th_eastgate,A5,227,15221408,1087722590,7498,11,4,4,4,4,0.01,9,0.993064817284609,False,
bellevue_150th_eastgate,A6,227,15221408,1087722590,7498,11,4,4,4,4,0.01,9,0.993064817284609,False,
bellevue_150th_eastgate,A7,227,15221408,1087722590,7498,11,4,4,2,2,0.005,4,1,False,
bellevue_150th_eastgate,A9,227,15221408,1087722590,7498,11,4,4,4,4,0.01,9,0.993064817284609,False,
bellevue_150th_eastgate,A5,228,39359586,379502000,14456,10,4,4,4,4,0.01,9,0.994327614831212,False,
bellevue_150th_eastgate,A6,228,39359586,379502000,14456,10,4,4,4,4,0.01,9,0.994327614831212,False,
bellevue_150th_eastgate,A7,228,39359586,379502000,14456,10,4,4,2,2,0.005,4,1,False,
bellevue_150th_eastgate,A9,228,39359586,379502000,14456,10,4,4,4,4,0.01,9,0.994327614831212,False,
bellevue_150th_eastgate,A5,229,1043199262,2073609534,12561,9,3,4,3,4,0.02,7,0.991322346946899,False,
bellevue_150th_eastgate,A6,229,1043199262,2073609534,12561,9,3,4,3,4,0.02,7,0.991322346946899,False,
bellevue_150th_eastgate,A7,229,1043199262,2073609534,12561,9,3,4,1,2,0.005,2,1,False,
bellevue_150th_eastgate,A9,229,1043199262,2073609534,12561,9,3,4,3,4,0.02,7,0.991322346946899,False,
bellevue_150th_eastgate,A5,230,492717066,206465921,5376,9,4,6,4,5,0.0025,14,0.998325892857143,False,
bellevue_150th_eastgate,A6,230,492717066,206465921,5376,9,4,6,4,5,0.0025,14,0.998325892857143,False,
bellevue_150th_eastgate,A7,230,492717066,206465921,5376,9,4,6,1,2,0.005,2,1,False,
bellevue_150th_eastgate,A9,230,492717066,206465921,5376,9,4,6,4,5,0.0025,14,0.998325892857143,False,
bellevue_150th_eastgate,A5,231,1089969423,1381152254,6284,9,3,4,3,4,0.02,7,0.990929344366645,False,
bellevue_150th_eastgate,A6,231,1089969423,1381152254,6284,9,3,4,3,4,0.02,7,0.990929344366645,False,
bellevue_150th_eastgate,A7,231,1089969423,1381152254,6284,9,3,4,1,2,0.005,2,1,False,
bellevue_150th_eastgate,A9,231,1089969423,1381152254,6284,9,3,4,3,4,0.02,7,0.990929344366645,False,
bellevue_150th_eastgate,A5,232,847908489,953677195,15065,10,4,4,4,4,0.005,10,0.997344839030866,False,
bellevue_150th_eastgate,A6,232,847908489,953677195,15065,10,4,4,4,4,0.005,10,0.997344839030866,False,
bellevue_150th_eastgate,A7,232,847908489,953677195,15065,10,4,4,2,2,0.005,4,1,False,
bellevue_150th_eastgate,A9,232,847908489,953677195,15065,10,4,4,4,4,0.005,10,0.997344839030866,False,
bellevue_150th_eastgate,A5,233,1400297707,1757292271,6187,9,3,4,3,4,0.001,8,0.999030224664619,False,
bellevue_150th_eastgate,A6,233,1400297707,1757292271,6187,9,3,4,3,4,0.001,8,0.999030224664619,False,
bellevue_150th_eastgate,A7,233,1400297707,1757292271,6187,9,3,4,2,3,0.001,5,0.999030224664619,False,
bellevue_150th_eastgate,A9,233,1400297707,1757292271,6187,9,3,4,3,4,0.001,8,0.999030224664619,False,
bellevue_150th_eastgate,A5,234,1752172877,1768171112,11894,9,3,4,3,4,0.01,7,0.994871363712796,False,
bellevue_150th_eastgate,A6,234,1752172877,1768171112,11894,9,3,4,3,4,0.01,7,0.994871363712796,False,
bellevue_150th_eastgate,A7,234,1752172877,1768171112,11894,9,3,4,1,2,0.005,2,1,False,
bellevue_150th_eastgate,A9,234,1752172877,1768171112,11894,9,3,4,3,4,0.01,7,0.994871363712796,False,
bellevue_150th_eastgate,A5,235,1035074067,1719085019,5103,8,4,8,4,6,0.005,16,0.99039780521262,False,
bellevue_150th_eastgate,A6,235,1035074067,1719085019,5103,8,4,8,4,6,0.005,16,0.99039780521262,False,
bellevue_150th_eastgate,A7,235,1035074067,1719085019,5103,8,4,8,1,2,0.005,2,1,False,
bellevue_150th_eastgate,A9,235,1035074067,1719085019,5103,8,4,8,4,6,0.005,16,0.99039780521262,False,
bellevue_150th_eastgate,A5,236,1857684078,167626349,11274,9,3,4,3,4,0.001,9,0.999733901011176,False,
bellevue_150th_eastgate,A6,236,1857684078,167626349,11274,9,3,4,3,4,0.001,9,0.999733901011176,False,
bellevue_150th_eastgate,A7,236,1857684078,167626349,11274,9,3,4,1,2,0.005,2,1,False,
bellevue_150th_eastgate,A9,236,1857684078,167626349,11274,9,3,4,3,4,0.001,9,0.999733901011176,False,
bellevue_150th_eastgate,A5,237,885572815,342679111,10183,12,3,4,3,4,0.01,7,0.993715015221448,False,
bellevue_150th_eastgate,A6,237,885572815,342679111,10183,12,3,4,3,4,0.01,7,0.993715015221448,False,
bellevue_150th_eastgate,A7,237,885572815,342679111,10183,12,3,4,1,2,0.005,2,1,False,
bellevue_150th_eastgate,A9,237,885572815,342679111,10183,12,3,4,3,4,0.01,7,0.993715015221448,False,
bellevue_150th_eastgate,A5,238,322618748,837841082,6729,11,4,4,4,4,0.001,11,1,False,
bellevue_150th_eastgate,A6,238,322618748,837841082,6729,11,4,4,4,4,0.001,11,1,False,
bellevue_150th_eastgate,A7,238,322618748,837841082,6729,11,4,4,1,2,0.005,2,1,False,
bellevue_150th_eastgate,A9,238,322618748,837841082,6729,11,4,4,4,4,0.001,11,1,False,
bellevue_150th_eastgate,A5,239,2077668645,2008360607,9070,11,3,4,3,4,0.02,7,0.991289966923925,False,
bellevue_150th_eastgate,A6,239,2077668645,2008360607,9070,11,3,4,3,4,0.02,7,0.991289966923925,False,
bellevue_150th_eastgate,A7,239,2077668645,2008360607,9070,11,3,4,1,2,0.005,2,1,False,
bellevue_150th_eastgate,A9,239,2077668645,2008360607,9070,11,3,4,3,4,0.02,7,0.991289966923925,False,
bellevue_150th_eastgate,A5,240,421775473,330960591,5819,11,4,4,4,4,0.0025,10,1,False,
bellevue_150th_eastgate,A6,240,421775473,330960591,5819,11,4,4,4,4,0.0025,10,1,False,
bellevue_150th_eastgate,A7,240,421775473,330960591,5819,11,4,4,1,3,0.005,3,1,False,
bellevue_150th_eastgate,A9,240,421775473,330960591,5819,11,4,4,4,4,0.0025,10,1,False,
bellevue_150th_eastgate,A5,241,1083106157,345745117,9058,12,4,4,4,4,0.02,8,0.983771251931994,False,
bellevue_150th_eastgate,A6,241,1083106157,345745117,9058,12,4,4,4,4,0.02,8,0.983771251931994,False,
bellevue_150th_eastgate,A7,241,1083106157,345745117,9058,12,4,4,2,2,0.005,4,1,False,
bellevue_150th_eastgate,A9,241,1083106157,345745117,9058,12,4,4,4,4,0.02,8,0.983771251931994,False,
bellevue_150th_eastgate,A5,242,620247670,331594708,6574,10,4,4,4,4,0.02,9,0.990721022208701,False,
bellevue_150th_eastgate,A6,242,620247670,331594708,6574,10,4,4,4,4,0.02,9,0.990721022208701,False,
bellevue_150th_eastgate,A7,242,620247670,331594708,6574,10,4,4,1,2,0.005,2,1,False,
bellevue_150th_eastgate,A9,242,620247670,331594708,6574,10,4,4,4,4,0.02,9,0.990721022208701,False,
bellevue_150th_eastgate,A5,243,1921241662,847550712,9937,11,4,4,4,4,0.01,9,0.993358156385227,False,
bellevue_150th_eastgate,A6,243,1921241662,847550712,9937,11,4,4,4,4,0.01,9,0.993358156385227,False,
bellevue_150th_eastgate,A7,243,1921241662,847550712,9937,11,4,4,2,2,0.005,4,1,False,
bellevue_150th_eastgate,A9,243,1921241662,847550712,9937,11,4,4,4,4,0.01,9,0.993358156385227,False,
bellevue_150th_eastgate,A5,244,390469750,2066711772,14354,9,3,4,3,4,0.01,7,0.993660303748084,False,
bellevue_150th_eastgate,A6,244,390469750,2066711772,14354,9,3,4,3,4,0.01,7,0.993660303748084,False,
bellevue_150th_eastgate,A7,244,390469750,2066711772,14354,9,3,4,1,2,0.005,2,1,False,
bellevue_150th_eastgate,A9,244,390469750,2066711772,14354,9,3,4,3,4,0.01,7,0.993660303748084,False,
bellevue_150th_eastgate,A5,245,2018646547,1495182661,9146,9,3,4,3,4,0.01,7,0.994423791821561,False,
bellevue_150th_eastgate,A6,245,2018646547,1495182661,9146,9,3,4,3,4,0.01,7,0.994423791821561,False,
bellevue_150th_eastgate,A7,245,2018646547,1495182661,9146,9,3,4,1,2,0.005,2,1,False,
bellevue_150th_eastgate,A9,245,2018646547,1495182661,9146,9,3,4,3,4,0.01,7,0.994423791821561,False,
bellevue_150th_eastgate,A5,246,1686756804,31436086,14384,8,4,4,4,4,0.005,9,0.995759176863181,False,
bellevue_150th_eastgate,A6,246,1686756804,31436086,14384,8,4,4,4,4,0.005,9,0.995759176863181,False,
bellevue_150th_eastgate,A7,246,1686756804,31436086,14384,8,4,4,2,2,0.005,4,1,False,
bellevue_150th_eastgate,A9,246,1686756804,31436086,14384,8,4,4,4,4,0.005,9,0.995759176863181,False,
bellevue_150th_eastgate,A5,247,1833465903,521994752,10545,9,3,4,3,4,0.001,8,0.998862019914652,False,
bellevue_150th_eastgate,A6,247,1833465903,521994752,10545,9,3,4,3,4,0.001,8,0.998862019914652,False,
bellevue_150th_eastgate,A7,247,1833465903,521994752,10545,9,3,4,1,2,0.005,2,1,False,
bellevue_150th_eastgate,A9,247,1833465903,521994752,10545,9,3,4,3,4,0.001,8,0.998862019914652,False,
bellevue_150th_eastgate,A5,248,1183185757,1403983972,5758,9,3,4,3,4,0.01,7,0.993574157693644,False,
bellevue_150th_eastgate,A6,248,1183185757,1403983972,5758,9,3,4,3,4,0.01,7,0.993574157693644,False,
bellevue_150th_eastgate,A7,248,1183185757,1403983972,5758,9,3,4,1,2,0.005,2,1,False,
bellevue_150th_eastgate,A9,248,1183185757,1403983972,5758,9,3,4,3,4,0.01,7,0.993574157693644,False,
bellevue_150th_eastgate,A5,249,814331416,951057998,8816,10,4,4,4,4,0.001,10,0.998865698729583,False,
bellevue_150th_eastgate,A6,249,814331416,951057998,8816,10,4,4,4,4,0.001,10,0.998865698729583,False,
bellevue_150th_eastgate,A7,249,814331416,951057998,8816,10,4,4,2,3,0.005,6,1,False,
bellevue_150th_eastgate,A9,249,814331416,951057998,8816,10,4,4,4,4,0.001,10,0.998865698729583,False,
bellevue_150th_eastgate,A5,250,356128951,1080947260,3712,9,4,4,4,4,0.02,8,0.985991379310345,False,
bellevue_150th_eastgate,A6,250,356128951,1080947260,3712,9,4,4,4,4,0.02,8,0.985991379310345,False,
bellevue_150th_eastgate,A7,250,356128951,1080947260,3712,9,4,4,1,2,0.005,2,1,False,
bellevue_150th_eastgate,A9,250,356128951,1080947260,3712,9,4,4,4,4,0.02,8,0.985991379310345,False,
bellevue_150th_eastgate,A5,251,384822602,1836193357,5068,10,5,4,5,4,0.0025,11,1,False,
bellevue_150th_eastgate,A6,251,384822602,1836193357,5068,10,5,4,5,4,0.0025,11,1,False,
bellevue_150th_eastgate,A7,251,384822602,1836193357,5068,10,5,4,1,3,0.005,3,1,False,
bellevue_150th_eastgate,A9,251,384822602,1836193357,5068,10,5,4,5,4,0.0025,11,1,False,
bellevue_150th_eastgate,A5,252,1136255113,1153837869,11848,11,3,4,3,4,0.02,7,0.992825793382849,False,
bellevue_150th_eastgate,A6,252,1136255113,1153837869,11848,11,3,4,3,4,0.02,7,0.992825793382849,False,
bellevue_150th_eastgate,A7,252,1136255113,1153837869,11848,11,3,4,2,2,0.0025,4,1,False,
bellevue_150th_eastgate,A9,252,1136255113,1153837869,11848,11,3,4,3,4,0.02,7,0.992825793382849,False,
bellevue_150th_eastgate,A5,253,1885599249,566619961,7658,10,4,4,4,4,0.005,9,0.993209715330373,False,
bellevue_150th_eastgate,A6,253,1885599249,566619961,7658,10,4,4,4,4,0.005,9,0.993209715330373,False,
bellevue_150th_eastgate,A7,253,1885599249,566619961,7658,10,4,4,2,2,0.005,3,1,False,
bellevue_150th_eastgate,A9,253,1885599249,566619961,7658,10,4,4,4,4,0.005,9,0.993209715330373,False,
bellevue_150th_eastgate,A5,254,1306550278,533053876,9344,9,4,4,4,4,0.005,10,0.996254280821918,False,
bellevue_150th_eastgate,A6,254,1306550278,533053876,9344,9,4,4,4,4,0.005,10,0.996254280821918,False,
bellevue_150th_eastgate,A7,254,1306550278,533053876,9344,9,4,4,1,2,0.005,2,1,False,
bellevue_150th_eastgate,A9,254,1306550278,533053876,9344,9,4,4,4,4,0.005,10,0.996254280821918,False,
bellevue_150th_eastgate,A5,255,1915445565,1116060992,10854,9,4,4,4,4,0.005,9,0.993827160493827,False,
bellevue_150th_eastgate,A6,255,1915445565,1116060992,10854,9,4,4,4,4,0.005,9,0.993827160493827,False,
bellevue_150th_eastgate,A7,255,1915445565,1116060992,10854,9,4,4,2,2,0.005,3,1,False,
bellevue_150th_eastgate,A9,255,1915445565,1116060992,10854,9,4,4,4,4,0.005,9,0.993827160493827,False,
bellevue_150th_eastgate,A5,256,854444866,1543980735,12056,10,4,4,4,4,0.01,9,0.993447246184472,False,
bellevue_150th_eastgate,A6,256,854444866,1543980735,12056,10,4,4,4,4,0.01,9,0.993447246184472,False,
bellevue_150th_eastgate,A7,256,854444866,1543980735,12056,10,4,4,2,2,0.005,4,1,False,
bellevue_150th_eastgate,A9,256,854444866,1543980735,12056,10,4,4,4,4,0.01,9,0.993447246184472,False,
bellevue_150th_eastgate,A5,257,1818639548,1643840749,13605,9,4,4,4,4,0.005,10,0.99595736861448,False,
bellevue_150th_eastgate,A6,257,1818639548,1643840749,13605,9,4,4,4,4,0.005,10,0.99595736861448,False,
bellevue_150th_eastgate,A7,257,1818639548,1643840749,13605,9,4,4,2,2,0.005,4,1,False,
bellevue_150th_eastgate,A9,257,1818639548,1643840749,13605,9,4,4,4,4,0.005,10,0.99595736861448,False,
bellevue_150th_eastgate,A5,258,891774815,644226665,10748,9,4,4,4,4,0.005,10,0.997953107554894,False,
bellevue_150th_eastgate,A6,258,891774815,644226665,10748,9,4,4,4,4,0.005,10,0.997953107554894,False,
bellevue_150th_eastgate,A7,258,891774815,644226665,10748,9,4,4,2,2,0.005,4,1,False,
bellevue_150th_eastgate,A9,258,891774815,644226665,10748,9,4,4,4,4,0.005,10,0.997953107554894,False,
bellevue_150th_eastgate,A5,259,1565999587,586791020,4094,9,4,4,4,4,0.001,10,1,False,
bellevue_150th_eastgate,A6,259,1565999587,586791020,4094,9,4,4,4,4,0.001,10,1,False,
bellevue_150th_eastgate,A7,259,1565999587,586791020,4094,9,4,4,1,3,0.005,3,1,False,
bellevue_150th_eastgate,A9,259,1565999587,586791020,4094,9,4,4,4,4,0.001,10,1,False,
bellevue_150th_eastgate,A5,260,2116658783,1423418989,7640,8,3,4,3,4,0.005,8,0.997513089005236,False,
bellevue_150th_eastgate,A6,260,2116658783,1423418989,7640,8,3,4,3,4,0.005,8,0.997513089005236,False,
bellevue_150th_eastgate,A7,260,2116658783,1423418989,7640,8,3,4,1,2,0.005,2,1,False,
bellevue_150th_eastgate,A9,260,2116658783,1423418989,7640,8,3,4,3,4,0.005,8,0.997513089005236,False,
bellevue_150th_eastgate,A5,261,1584657168,1999597224,7343,11,4,4,4,4,0.001,11,0.999591447637206,False,
bellevue_150th_eastgate,A6,261,1584657168,1999597224,7343,11,4,4,4,4,0.001,11,0.999591447637206,False,
bellevue_150th_eastgate,A7,261,1584657168,1999597224,7343,11,4,4,2,2,0.005,4,1,False,
bellevue_150th_eastgate,A9,261,1584657168,1999597224,7343,11,4,4,4,4,0.001,11,0.999591447637206,False,
bellevue_150th_eastgate,A5,262,2141229826,2048430730,6204,9,4,4,4,4,0.02,9,0.991779497098646,False,
bellevue_150th_eastgate,A6,262,2141229826,2048430730,6204,9,4,4,4,4,0.02,9,0.991779497098646,False,
bellevue_150th_eastgate,A7,262,2141229826,2048430730,6204,9,4,4,1,2,0.005,2,1,False,
bellevue_150th_eastgate,A9,262,2141229826,2048430730,6204,9,4,4,4,4,0.02,9,0.991779497098646,False,
bellevue_150th_eastgate,A5,263,365246179,1105848933,8516,10,4,4,4,4,0.005,10,0.996946923438234,False,
bellevue_150th_eastgate,A6,263,365246179,1105848933,8516,10,4,4,4,4,0.005,10,0.996946923438234,False,
bellevue_150th_eastgate,A7,263,365246179,1105848933,8516,10,4,4,2,2,0.005,4,1,False,
bellevue_150th_eastgate,A9,263,365246179,1105848933,8516,10,4,4,4,4,0.005,10,0.996946923438234,False,
bellevue_150th_eastgate,A5,264,328503049,661420063,6625,10,4,4,4,4,0.0025,10,0.999849056603774,False,
bellevue_150th_eastgate,A6,264,328503049,661420063,6625,10,4,4,4,4,0.0025,10,0.999849056603774,False,
bellevue_150th_eastgate,A7,264,328503049,661420063,6625,10,4,4,1,3,0.005,3,1,False,
bellevue_150th_eastgate,A9,264,328503049,661420063,6625,10,4,4,4,4,0.0025,10,0.999849056603774,False,
bellevue_150th_eastgate,A5,265,958104521,1575578933,6832,10,4,4,4,4,0.02,8,0.982142857142857,False,
bellevue_150th_eastgate,A6,265,958104521,1575578933,6832,10,4,4,4,4,0.02,8,0.982142857142857,False,
bellevue_150th_eastgate,A7,265,958104521,1575578933,6832,10,4,4,1,2,0.005,2,1,False,
bellevue_150th_eastgate,A9,265,958104521,1575578933,6832,10,4,4,4,4,0.02,8,0.982142857142857,False,
bellevue_150th_eastgate,A5,266,1641741895,1324343934,5693,10,3,4,3,4,0.001,9,0.999824345687687,False,
bellevue_150th_eastgate,A6,266,1641741895,1324343934,5693,10,3,4,3,4,0.001,9,0.999824345687687,False,
bellevue_150th_eastgate,A7,266,1641741895,1324343934,5693,10,3,4,1,2,0.005,2,1,False,
bellevue_150th_eastgate,A9,266,1641741895,1324343934,5693,10,3,4,3,4,0.001,9,0.999824345687687,False,
bellevue_150th_eastgate,A5,267,807899864,325071249,5797,9,5,4,5,4,0.02,9,0.983439710194928,False,
bellevue_150th_eastgate,A6,267,807899864,325071249,5797,9,5,4,5,4,0.02,9,0.983439710194928,False,
bellevue_150th_eastgate,A7,267,807899864,325071249,5797,9,5,4,1,2,0.005,2,1,False,
bellevue_150th_eastgate,A9,267,807899864,325071249,5797,9,5,4,5,4,0.02,9,0.983439710194928,False,
bellevue_150th_eastgate,A5,268,990377163,940569292,12850,10,4,4,4,4,0.001,10,0.998910505836576,False,
bellevue_150th_eastgate,A6,268,990377163,940569292,12850,10,4,4,4,4,0.001,10,0.998910505836576,False,
bellevue_150th_eastgate,A7,268,990377163,940569292,12850,10,4,4,2,2,0.005,4,1,False,
bellevue_150th_eastgate,A9,268,990377163,940569292,12850,10,4,4,4,4,0.001,10,0.998910505836576,False,
bellevue_150th_eastgate,A5,269,1755804588,1932976027,9885,10,3,4,3,4,0.02,7,0.990288315629742,False,
bellevue_150th_eastgate,A6,269,1755804588,1932976027,9885,10,3,4,3,4,0.02,7,0.990288315629742,False,
bellevue_150th_eastgate,A7,269,1755804588,1932976027,9885,10,3,4,1,2,0.005,2,1,False,
bellevue_150th_eastgate,A9,269,1755804588,1932976027,9885,10,3,4,3,4,0.02,7,0.990288315629742,False,
bellevue_150th_eastgate,A5,270,1968094387,67470934,10370,11,3,4,3,4,0.001,9,0.999228543876567,False,
bellevue_150th_eastgate,A6,270,1968094387,67470934,10370,11,3,4,3,4,0.001,9,0.999228543876567,False,
bellevue_150th_eastgate,A7,270,1968094387,67470934,10370,11,3,4,1,2,0.005,2,1,False,
bellevue_150th_eastgate,A9,270,1968094387,67470934,10370,11,3,4,3,4,0.001,9,0.999228543876567,False,
bellevue_150th_eastgate,A5,271,233659574,956886476,10599,11,4,4,4,4,0.005,9,0.994905179733937,False,
bellevue_150th_eastgate,A6,271,233659574,956886476,10599,11,4,4,4,4,0.005,9,0.994905179733937,False,
bellevue_150th_eastgate,A7,271,233659574,956886476,10599,11,4,4,2,2,0.005,4,1,False,
bellevue_150th_eastgate,A9,271,233659574,956886476,10599,11,4,4,4,4,0.005,9,0.994905179733937,False,
bellevue_150th_eastgate,A5,272,1577273457,1501538525,5944,8,4,4,4,4,0.005,9,0.994448183041723,False,
bellevue_150th_eastgate,A6,272,1577273457,1501538525,5944,8,4,4,4,4,0.005,9,0.994448183041723,False,
bellevue_150th_eastgate,A7,272,1577273457,1501538525,5944,8,4,4,2,2,0.005,4,1,False,
bellevue_150th_eastgate,A9,272,1577273457,1501538525,5944,8,4,4,4,4,0.005,9,0.994448183041723,False,
bellevue_150th_eastgate,A5,273,635736915,1134341879,9673,11,4,4,4,4,0.005,9,0.995451256073607,False,
bellevue_150th_eastgate,A6,273,635736915,1134341879,9673,11,4,4,4,4,0.005,9,0.995451256073607,False,
bellevue_150th_eastgate,A7,273,635736915,1134341879,9673,11,4,4,2,2,0.005,4,1,False,
bellevue_150th_eastgate,A9,273,635736915,1134341879,9673,11,4,4,4,4,0.005,9,0.995451256073607,False,
bellevue_150th_eastgate,A5,274,1744274614,2140109977,6618,11,4,4,4,4,0.01,9,0.991538229072227,False,
bellevue_150th_eastgate,A6,274,1744274614,2140109977,6618,11,4,4,4,4,0.01,9,0.991538229072227,False,
bellevue_150th_eastgate,A7,274,1744274614,2140109977,6618,11,4,4,2,2,0.005,4,1,False,
bellevue_150th_eastgate,A9,274,1744274614,2140109977,6618,11,4,4,4,4,0.01,9,0.991538229072227,False,
bellevue_150th_eastgate,A5,275,1027894908,386874217,7152,10,3,4,3,4,0.01,7,0.995665548098434,False,
bellevue_150th_eastgate,A6,275,1027894908,386874217,7152,10,3,4,3,4,0.01,7,0.995665548098434,False,
bellevue_150th_eastgate,A7,275,1027894908,386874217,7152,10,3,4,1,2,0.005,2,1,False,
bellevue_150th_eastgate,A9,275,1027894908,386874217,7152,10,3,4,3,4,0.01,7,0.995665548098434,False,
bellevue_150th_eastgate,A5,276,1666550323,1893012067,6502,9,4,4,4,4,0.02,9,0.989080282989849,False,
bellevue_150th_eastgate,A6,276,1666550323,1893012067,6502,9,4,4,4,4,0.02,9,0.989080282989849,False,
bellevue_150th_eastgate,A7,276,1666550323,1893012067,6502,9,4,4,1,2,0.005,2,1,False,
bellevue_150th_eastgate,A9,276,1666550323,1893012067,6502,9,4,4,4,4,0.02,9,0.989080282989849,False,
bellevue_150th_eastgate,A5,277,47363664,1144623989,4520,11,4,4,4,4,0.0025,10,1,False,
bellevue_150th_eastgate,A6,277,47363664,1144623989,4520,11,4,4,4,4,0.0025,10,1,False,
bellevue_150th_eastgate,A7,277,47363664,1144623989,4520,11,4,4,1,3,0.005,3,1,False,
bellevue_150th_eastgate,A9,277,47363664,1144623989,4520,11,4,4,4,4,0.0025,10,1,False,
bellevue_150th_eastgate,A5,278,730635741,884138111,12941,10,3,4,3,4,0.01,7,0.993586276176493,False,
bellevue_150th_eastgate,A6,278,730635741,884138111,12941,10,3,4,3,4,0.01,7,0.993586276176493,False,
bellevue_150th_eastgate,A7,278,730635741,884138111,12941,10,3,4,1,2,0.005,2,1,False,
bellevue_150th_eastgate,A9,278,730635741,884138111,12941,10,3,4,3,4,0.01,7,0.993586276176493,False,
bellevue_150th_eastgate,A5,279,2049214430,418477128,6718,12,4,4,4,4,0.001,10,0.999255730872283,False,
bellevue_150th_eastgate,A6,279,2049214430,418477128,6718,12,4,4,4,4,0.001,10,0.999255730872283,False,
bellevue_150th_eastgate,A7,279,2049214430,418477128,6718,12,4,4,2,3,0.005,6,1,False,
bellevue_150th_eastgate,A9,279,2049214430,418477128,6718,12,4,4,4,4,0.001,10,0.999255730872283,False,
bellevue_150th_eastgate,A5,280,1566668783,2017596251,15980,9,3,4,3,4,0.005,7,0.994931163954944,False,
bellevue_150th_eastgate,A6,280,1566668783,2017596251,15980,9,3,4,3,4,0.005,7,0.994931163954944,False,
bellevue_150th_eastgate,A7,280,1566668783,2017596251,15980,9,3,4,1,2,0.005,2,1,False,
bellevue_150th_eastgate,A9,280,1566668783,2017596251,15980,9,3,4,3,4,0.005,7,0.994931163954944,False,
bellevue_150th_eastgate,A5,281,369990646,1296130802,6030,10,4,4,4,4,0.001,10,0.999502487562189,False,
bellevue_150th_eastgate,A6,281,369990646,1296130802,6030,10,4,4,4,4,0.001,10,0.999502487562189,False,
bellevue_150th_eastgate,A7,281,369990646,1296130802,6030,10,4,4,2,3,0.005,6,1,False,
bellevue_150th_eastgate,A9,281,369990646,1296130802,6030,10,4,4,4,4,0.001,10,0.999502487562189,False,
bellevue_150th_eastgate,A5,282,303117471,882065938,6507,10,4,4,4,4,0.001,11,0.999846319348394,False,
bellevue_150th_eastgate,A6,282,303117471,882065938,6507,10,4,4,4,4,0.001,11,0.999846319348394,False,
bellevue_150th_eastgate,A7,282,303117471,882065938,6507,10,4,4,1,2,0.005,2,1,False,
bellevue_150th_eastgate,A9,282,303117471,882065938,6507,10,4,4,4,4,0.001,11,0.999846319348394,False,
bellevue_150th_eastgate,A5,283,1083216541,1616562229,6308,10,4,4,4,4,0.005,9,0.994610019023462,False,
bellevue_150th_eastgate,A6,283,1083216541,1616562229,6308,10,4,4,4,4,0.005,9,0.994610019023462,False,
bellevue_150th_eastgate,A7,283,1083216541,1616562229,6308,10,4,4,2,2,0.005,4,1,False,
bellevue_150th_eastgate,A9,283,1083216541,1616562229,6308,10,4,4,4,4,0.005,9,0.994610019023462,False,
bellevue_150th_eastgate,A5,284,1448548618,1567440160,12288,7,4,4,4,4,0.005,9,0.994384765625,False,
bellevue_150th_eastgate,A6,284,1448548618,1567440160,12288,7,4,4,4,4,0.005,9,0.994384765625,False,
bellevue_150th_eastgate,A7,284,1448548618,1567440160,12288,7,4,4,2,2,0.001,4,1,False,
bellevue_150th_eastgate,A9,284,1448548618,1567440160,12288,7,4,4,4,4,0.005,9,0.994384765625,False,
bellevue_150th_eastgate,A5,285,1165871764,574907224,4634,8,3,4,3,4,0.005,8,0.999352611135088,False,
bellevue_150th_eastgate,A6,285,1165871764,574907224,4634,8,3,4,3,4,0.005,8,0.999352611135088,False,
bellevue_150th_eastgate,A7,285,1165871764,574907224,4634,8,3,4,1,2,0.005,2,1,False,
bellevue_150th_eastgate,A9,285,1165871764,574907224,4634,8,3,4,3,4,0.005,8,0.999352611135088,False,
bellevue_150th_eastgate,A5,286,1782824709,44602129,4817,10,4,4,4,4,0.0025,10,0.99916960763961,False,
bellevue_150th_eastgate,A6,286,1782824709,44602129,4817,10,4,4,4,4,0.0025,10,0.99916960763961,False,
bellevue_150th_eastgate,A7,286,1782824709,44602129,4817,10,4,4,1,2,0.005,2,1,False,
bellevue_150th_eastgate,A9,286,1782824709,44602129,4817,10,4,4,4,4,0.0025,10,0.99916960763961,False,
bellevue_150th_eastgate,A5,287,106649639,2064529165,7156,9,3,4,3,4,0.005,8,0.998602571268865,False,
bellevue_150th_eastgate,A6,287,106649639,2064529165,7156,9,3,4,3,4,0.005,8,0.998602571268865,False,
bellevue_150th_eastgate,A7,287,106649639,2064529165,7156,9,3,4,1,2,0.005,2,1,False,
bellevue_150th_eastgate,A9,287,106649639,2064529165,7156,9,3,4,3,4,0.005,8,0.998602571268865,False,
bellevue_150th_eastgate,A5,288,2052978252,1640353350,10352,8,3,4,3,4,0.01,7,0.992561823802164,False,
bellevue_150th_eastgate,A6,288,2052978252,1640353350,10352,8,3,4,3,4,0.01,7,0.992561823802164,False,
bellevue_150th_eastgate,A7,288,2052978252,1640353350,10352,8,3,4,1,2,0.005,2,1,False,
bellevue_150th_eastgate,A9,288,2052978252,1640353350,10352,8,3,4,3,4,0.01,7,0.992561823802164,False,
bellevue_150th_eastgate,A5,289,1299358646,1453946810,5674,12,3,4,3,4,0.01,7,0.994360239689813,False,
bellevue_150th_eastgate,A6,289,1299358646,1453946810,5674,12,3,4,3,4,0.01,7,0.994360239689813,False,
bellevue_150th_eastgate,A7,289,1299358646,1453946810,5674,12,3,4,1,2,0.005,2,1,False,
bellevue_150th_eastgate,A9,289,1299358646,1453946810,5674,12,3,4,3,4,0.01,7,0.994360239689813,False,
bellevue_150th_eastgate,A5,290,1000221124,301939373,10733,10,4,4,4,4,0.02,9,0.99142830522687,False,
bellevue_150th_eastgate,A6,290,1000221124,301939373,10733,10,4,4,4,4,0.02,9,0.99142830522687,False,
bellevue_150th_eastgate,A7,290,1000221124,301939373,10733,10,4,4,2,2,0.005,4,1,False,
bellevue_150th_eastgate,A9,290,1000221124,301939373,10733,10,4,4,4,4,0.02,9,0.99142830522687,False,
bellevue_150th_eastgate,A5,291,1084755557,927435826,8996,12,3,4,3,4,0.001,9,0.999888839484215,False,
bellevue_150th_eastgate,A6,291,1084755557,927435826,8996,12,3,4,3,4,0.001,9,0.999888839484215,False,
bellevue_150th_eastgate,A7,291,1084755557,927435826,8996,12,3,4,1,2,0.005,2,1,False,
bellevue_150th_eastgate,A9,291,1084755557,927435826,8996,12,3,4,3,4,0.001,9,0.999888839484215,False,
bellevue_150th_eastgate,A5,292,1861245711,1198577336,6306,9,4,4,4,4,0.001,11,0.999682841738027,False,
bellevue_150th_eastgate,A6,292,1861245711,1198577336,6306,9,4,4,4,4,0.001,11,0.999682841738027,False,
bellevue_150th_eastgate,A7,292,1861245711,1198577336,6306,9,4,4,1,2,0.005,2,1,False,
bellevue_150th_eastgate,A9,292,1861245711,1198577336,6306,9,4,4,4,4,0.001,11,0.999682841738027,False,
bellevue_150th_eastgate,A5,293,88754,2132478092,8082,7,4,4,4,4,0.02,9,0.990101460034645,False,
bellevue_150th_eastgate,A6,293,88754,2132478092,8082,7,4,4,4,4,0.02,9,0.990101460034645,False,
bellevue_150th_eastgate,A7,293,88754,2132478092,8082,7,4,4,1,2,0.005,2,1,False,
bellevue_150th_eastgate,A9,293,88754,2132478092,8082,7,4,4,4,4,0.02,9,0.990101460034645,False,
bellevue_150th_eastgate,A5,294,1589352691,848217740,11519,10,4,4,4,4,0.001,11,0.999479121451515,False,
bellevue_150th_eastgate,A6,294,1589352691,848217740,11519,10,4,4,4,4,0.001,11,0.999479121451515,False,
bellevue_150th_eastgate,A7,294,1589352691,848217740,11519,10,4,4,1,2,0.005,2,1,False,
bellevue_150th_eastgate,A9,294,1589352691,848217740,11519,10,4,4,4,4,0.001,11,0.999479121451515,False,
bellevue_150th_eastgate,A5,295,2013185241,937437612,11095,11,4,4,4,4,0.005,10,0.997205948625507,False,
bellevue_150th_eastgate,A6,295,2013185241,937437612,11095,11,4,4,4,4,0.005,10,0.997205948625507,False,
bellevue_150th_eastgate,A7,295,2013185241,937437612,11095,11,4,4,2,2,0.005,4,1,False,
bellevue_150th_eastgate,A9,295,2013185241,937437612,11095,11,4,4,4,4,0.005,10,0.997205948625507,False,
bellevue_150th_eastgate,A5,296,2056698439,1762780670,5929,10,3,4,3,4,0.0025,8,0.998482037443076,False,
bellevue_150th_eastgate,A6,296,2056698439,1762780670,5929,10,3,4,3,4,0.0025,8,0.998482037443076,False,
bellevue_150th_eastgate,A7,296,2056698439,1762780670,5929,10,3,4,1,2,0.005,2,1,False,
bellevue_150th_eastgate,A9,296,2056698439,1762780670,5929,10,3,4,3,4,0.0025,8,0.998482037443076,False,
bellevue_150th_eastgate,A5,297,815749247,101205763,10380,11,4,4,4,4,0.01,9,0.993063583815029,False,
bellevue_150th_eastgate,A6,297,815749247,101205763,10380,11,4,4,4,4,0.01,9,0.993063583815029,False,
bellevue_150th_eastgate,A7,297,815749247,101205763,10380,11,4,4,2,2,0.005,4,1,False,
bellevue_150th_eastgate,A9,297,815749247,101205763,10380,11,4,4,4,4,0.01,9,0.993063583815029,False,
bellevue_150th_eastgate,A5,298,556698931,1236582836,4362,9,4,4,4,4,0.0025,10,1,False,
bellevue_150th_eastgate,A6,298,556698931,1236582836,4362,9,4,4,4,4,0.0025,10,1,False,
bellevue_150th_eastgate,A7,298,556698931,1236582836,4362,9,4,4,1,3,0.005,3,1,False,
bellevue_150th_eastgate,A9,298,556698931,1236582836,4362,9,4,4,4,4,0.0025,10,1,False,
bellevue_150th_eastgate,A5,299,190045624,1779490269,13511,10,4,4,4,4,0.005,9,0.996299311671971,False,
bellevue_150th_eastgate,A6,299,190045624,1779490269,13511,10,4,4,4,4,0.005,9,0.996299311671971,False,
bellevue_150th_eastgate,A7,299,190045624,1779490269,13511,10,4,4,2,2,0.005,4,1,False,
bellevue_150th_eastgate,A9,299,190045624,1779490269,13511,10,4,4,4,4,0.005,9,0.996299311671971,False,
bellevue_150th_eastgate,A5,300,1924340333,1575801884,9354,9,3,4,3,4,0.001,9,0.999465469317939,False,
bellevue_150th_eastgate,A6,300,1924340333,1575801884,9354,9,3,4,3,4,0.001,9,0.999465469317939,False,
bellevue_150th_eastgate,A7,300,1924340333,1575801884,9354,9,3,4,1,2,0.005,2,1,False,
bellevue_150th_eastgate,A9,300,1924340333,1575801884,9354,9,3,4,3,4,0.001,9,0.999465469317939,False,
bellevue_150th_eastgate,A5,301,110866575,1251763532,13368,9,4,4,4,4,0.01,9,0.993491921005386,False,
bellevue_150th_eastgate,A6,301,110866575,1251763532,13368,9,4,4,4,4,0.01,9,0.993491921005386,False,
bellevue_150th_eastgate,A7,301,110866575,1251763532,13368,9,4,4,2,2,0.005,4,1,False,
bellevue_150th_eastgate,A9,301,110866575,1251763532,13368,9,4,4,4,4,0.01,9,0.993491921005386,False,
bellevue_150th_eastgate,A5,302,1554923348,463393643,11840,9,4,4,4,4,0.005,9,0.994679054054054,False,
bellevue_150th_eastgate,A6,302,1554923348,463393643,11840,9,4,4,4,4,0.005,9,0.994679054054054,False,
bellevue_150th_eastgate,A7,302,1554923348,463393643,11840,9,4,4,2,2,0.005,4,1,False,
bellevue_150th_eastgate,A9,302,1554923348,463393643,11840,9,4,4,4,4,0.005,9,0.994679054054054,False,
bellevue_150th_eastgate,A5,303,857902517,812225965,10992,12,4,4,4,4,0.005,10,0.997361717612809,False,
bellevue_150th_eastgate,A6,303,857902517,812225965,10992,12,4,4,4,4,0.005,10,0.997361717612809,False,
bellevue_150th_eastgate,A7,303,857902517,812225965,10992,12,4,4,2,2,0.005,4,1,False,
bellevue_150th_eastgate,A9,303,857902517,812225965,10992,12,4,4,4,4,0.005,10,0.997361717612809,False,
bellevue_150th_eastgate,A5,304,1804343629,1806201251,8433,9,3,4,3,4,0.02,7,0.991462113127001,False,
bellevue_150th_eastgate,A6,304,1804343629,1806201251,8433,9,3,4,3,4,0.02,7,0.991462113127001,False,
bellevue_150th_eastgate,A7,304,1804343629,1806201251,8433,9,3,4,1,2,0.005,2,1,False,
bellevue_150th_eastgate,A9,304,1804343629,1806201251,8433,9,3,4,3,4,0.02,7,0.991462113127001,False,
bellevue_150th_eastgate,A5,305,133439498,1581223279,5502,11,4,4,4,4,0.005,10,0.997637222828063,False,
bellevue_150th_eastgate,A6,305,133439498,1581223279,5502,11,4,4,4,4,0.005,10,0.997637222828063,False,
bellevue_150th_eastgate,A7,305,133439498,1581223279,5502,11,4,4,1,2,0.005,2,1,False,
bellevue_150th_eastgate,A9,305,133439498,1581223279,5502,11,4,4,4,4,0.005,10,0.997637222828063,False,
bellevue_150th_eastgate,A5,306,2037319218,1630168910,11284,10,3,4,3,4,0.02,7,0.98963133640553,False,
bellevue_150th_eastgate,A6,306,2037319218,1630168910,11284,10,3,4,3,4,0.02,7,0.98963133640553,False,
bellevue_150th_eastgate,A7,306,2037319218,1630168910,11284,10,3,4,1,2,0.005,2,1,False,
bellevue_150th_eastgate,A9,306,2037319218,1630168910,11284,10,3,4,3,4,0.02,7,0.98963133640553,False,
bellevue_150th_eastgate,A5,307,292033455,1555503471,7677,8,4,4,4,4,0.005,9,0.99465937215058,False,
bellevue_150th_eastgate,A6,307,292033455,1555503471,7677,8,4,4,4,4,0.005,9,0.99465937215058,False,
bellevue_150th_eastgate,A7,307,292033455,1555503471,7677,8,4,4,1,2,0.005,2,1,False,
bellevue_150th_eastgate,A9,307,292033455,1555503471,7677,8,4,4,4,4,0.005,9,0.99465937215058,False,
bellevue_150th_eastgate,A5,308,695697837,2114744006,4131,8,4,8,4,6,0.0025,16,0.996853062212539,False,
bellevue_150th_eastgate,A6,308,695697837,2114744006,4131,8,4,8,4,6,0.0025,16,0.996853062212539,False,
bellevue_150th_eastgate,A7,308,695697837,2114744006,4131,8,4,8,2,2,0.005,4,1,False,
bellevue_150th_eastgate,A9,308,695697837,2114744006,4131,8,4,8,4,6,0.0025,16,0.996853062212539,False,
bellevue_150th_eastgate,A5,309,1197314172,2028502153,8025,9,4,4,4,4,0.005,9,0.993520249221184,False,
bellevue_150th_eastgate,A6,309,1197314172,2028502153,8025,9,4,4,4,4,0.005,9,0.993520249221184,False,
bellevue_150th_eastgate,A7,309,1197314172,2028502153,8025,9,4,4,2,2,0.005,3,1,False,
bellevue_150th_eastgate,A9,309,1197314172,2028502153,8025,9,4,4,4,4,0.005,9,0.993520249221184,False,
bellevue_150th_eastgate,A5,310,748183960,1842709091,9244,11,4,4,4,4,0.001,11,0.999891821722198,False,
bellevue_150th_eastgate,A6,310,748183960,1842709091,9244,11,4,4,4,4,0.001,11,0.999891821722198,False,
bellevue_150th_eastgate,A7,310,748183960,1842709091,9244,11,4,4,2,2,0.005,4,1,False,
bellevue_150th_eastgate,A9,310,748183960,1842709091,9244,11,4,4,4,4,0.001,11,0.999891821722198,False,
bellevue_150th_eastgate,A5,311,442349103,267770888,13217,11,4,4,4,4,0.005,9,0.993493228417947,False,
bellevue_150th_eastgate,A6,311,442349103,267770888,13217,11,4,4,4,4,0.005,9,0.993493228417947,False,
bellevue_150th_eastgate,A7,311,442349103,267770888,13217,11,4,4,2,2,0.005,4,1,False,
bellevue_150th_eastgate,A9,311,442349103,267770888,13217,11,4,4,4,4,0.005,9,0.993493228417947,False,
bellevue_150th_eastgate,A5,312,744306672,593519513,12553,8,4,4,4,4,0.01,9,0.994343981518362,False,
bellevue_150th_eastgate,A6,312,744306672,593519513,12553,8,4,4,4,4,0.01,9,0.994343981518362,False,
bellevue_150th_eastgate,A7,312,744306672,593519513,12553,8,4,4,2,2,0.005,3,1,False,
bellevue_150th_eastgate,A9,312,744306672,593519513,12553,8,4,4,4,4,0.01,9,0.994343981518362,False,
bellevue_150th_eastgate,A5,313,1332338240,834638874,8678,8,4,4,4,4,0.005,9,0.993201198432819,False,
bellevue_150th_eastgate,A6,313,1332338240,834638874,8678,8,4,4,4,4,0.005,9,0.993201198432819,False,
bellevue_150th_eastgate,A7,313,1332338240,834638874,8678,8,4,4,2,2,0.005,4,1,False,
bellevue_150th_eastgate,A9,313,1332338240,834638874,8678,8,4,4,4,4,0.005,9,0.993201198432819,False,
bellevue_150th_eastgate,A5,314,342820793,1366473723,5349,10,4,4,4,4,0.005,9,0.996260983361376,False,
bellevue_150th_eastgate,A6,314,342820793,1366473723,5349,10,4,4,4,4,0.005,9,0.996260983361376,False,
bellevue_150th_eastgate,A7,314,342820793,1366473723,5349,10,4,4,2,2,0.005,4,1,False,
bellevue_150th_eastgate,A9,314,342820793,1366473723,5349,10,4,4,4,4,0.005,9,0.996260983361376,False,
bellevue_150th_eastgate,A5,315,140014221,618559474,8067,9,4,4,4,4,0.005,9,0.994049832651543,False,
bellevue_150th_eastgate,A6,315,140014221,618559474,8067,9,4,4,4,4,0.005,9,0.994049832651543,False,
bellevue_150th_eastgate,A7,315,140014221,618559474,8067,9,4,4,2,2,0.005,4,1,False,
bellevue_150th_eastgate,A9,315,140014221,618559474,8067,9,4,4,4,4,0.005,9,0.994049832651543,False,
bellevue_150th_eastgate,A5,316,568273809,1037973993,12753,8,4,4,4,4,0.005,9,0.994589508350976,False,
bellevue_150th_eastgate,A6,316,568273809,1037973993,12753,8,4,4,4,4,0.005,9,0.994589508350976,False,
bellevue_150th_eastgate,A7,316,568273809,1037973993,12753,8,4,4,2,2,0.005,4,1,False,
bellevue_150th_eastgate,A9,316,568273809,1037973993,12753,8,4,4,4,4,0.005,9,0.994589508350976,False,
bellevue_150th_eastgate,A5,317,882115846,2090430935,13053,8,4,4,4,4,0.01,9,0.993488087029802,False,
bellevue_150th_eastgate,A6,317,882115846,2090430935,13053,8,4,4,4,4,0.01,9,0.993488087029802,False,
bellevue_150th_eastgate,A7,317,882115846,2090430935,13053,8,4,4,2,2,0.005,4,1,False,
bellevue_150th_eastgate,A9,317,882115846,2090430935,13053,8,4,4,4,4,0.01,9,0.993488087029802,False,
bellevue_150th_eastgate,A5,318,169157665,278572571,9005,11,4,4,4,4,0.001,11,0.999888950583009,False,
bellevue_150th_eastgate,A6,318,169157665,278572571,9005,11,4,4,4,4,0.001,11,0.999888950583009,False,
bellevue_150th_eastgate,A7,318,169157665,278572571,9005,11,4,4,2,2,0.005,3,1,False,
bellevue_150th_eastgate,A9,318,169157665,278572571,9005,11,4,4,4,4,0.001,11,0.999888950583009,False,
bellevue_150th_eastgate,A5,319,830088448,2117322932,11385,8,4,4,4,4,0.005,9,0.99481774264383,False,
bellevue_150th_eastgate,A6,319,830088448,2117322932,11385,8,4,4,4,4,0.005,9,0.99481774264383,False,
bellevue_150th_eastgate,A7,319,830088448,2117322932,11385,8,4,4,2,2,0.005,4,1,False,
bellevue_150th_eastgate,A9,319,830088448,2117322932,11385,8,4,4,4,4,0.005,9,0.99481774264383,False,
bellevue_150th_eastgate,A5,320,1164010933,191838379,7578,10,4,4,4,4,0.02,8,0.981657429400897,False,
bellevue_150th_eastgate,A6,320,1164010933,191838379,7578,10,4,4,4,4,0.02,8,0.981657429400897,False,
bellevue_150th_eastgate,A7,320,1164010933,191838379,7578,10,4,4,1,2,0.005,2,1,False,
bellevue_150th_eastgate,A9,320,1164010933,191838379,7578,10,4,4,4,4,0.02,8,0.981657429400897,False,
bellevue_150th_eastgate,A5,321,1890878599,592741465,8436,10,4,4,4,4,0.001,10,0.998340445708867,False,
bellevue_150th_eastgate,A6,321,1890878599,592741465,8436,10,4,4,4,4,0.001,10,0.998340445708867,False,
bellevue_150th_eastgate,A7,321,1890878599,592741465,8436,10,4,4,2,2,0.005,4,1,False,
bellevue_150th_eastgate,A9,321,1890878599,592741465,8436,10,4,4,4,4,0.001,10,0.998340445708867,False,
bellevue_150th_eastgate,A5,322,701612390,701488393,8559,9,4,4,4,4,0.01,9,0.994041359971959,False,
bellevue_150th_eastgate,A6,322,701612390,701488393,8559,9,4,4,4,4,0.01,9,0.994041359971959,False,
bellevue_150th_eastgate,A7,322,701612390,701488393,8559,9,4,4,2,2,0.005,4,1,False,
bellevue_150th_eastgate,A9,322,701612390,701488393,8559,9,4,4,4,4,0.01,9,0.994041359971959,False,
bellevue_150th_eastgate,A5,323,882397185,1979405765,9801,9,4,4,4,4,0.005,9,0.995102540557086,False,
bellevue_150th_eastgate,A6,323,882397185,1979405765,9801,9,4,4,4,4,0.005,9,0.995102540557086,False,
bellevue_150th_eastgate,A7,323,882397185,1979405765,9801,9,4,4,2,2,0.005,4,1,False,
bellevue_150th_eastgate,A9,323,882397185,1979405765,9801,9,4,4,4,4,0.005,9,0.995102540557086,False,
bellevue_150th_eastgate,A5,324,1639275308,869903467,10453,10,4,4,4,4,0.005,10,0.997321343155075,False,
bellevue_150th_eastgate,A6,324,1639275308,869903467,10453,10,4,4,4,4,0.005,10,0.997321343155075,False,
bellevue_150th_eastgate,A7,324,1639275308,869903467,10453,10,4,4,2,2,0.005,3,1,False,
bellevue_150th_eastgate,A9,324,1639275308,869903467,10453,10,4,4,4,4,0.005,10,0.997321343155075,False,
bellevue_150th_eastgate,A5,325,1152341110,696764423,8916,10,3,4,3,4,0.01,7,0.994055630327501,False,
bellevue_150th_eastgate,A6,325,1152341110,696764423,8916,10,3,4,3,4,0.01,7,0.994055630327501,False,
bellevue_150th_eastgate,A7,325,1152341110,696764423,8916,10,3,4,2,2,0.0025,4,1,False,
bellevue_150th_eastgate,A9,325,1152341110,696764423,8916,10,3,4,3,4,0.01,7,0.994055630327501,False,
bellevue_150th_eastgate,A5,326,620190817,1161930124,14199,10,3,4,3,4,0.01,7,0.994999647862525,False,
bellevue_150th_eastgate,A6,326,620190817,1161930124,14199,10,3,4,3,4,0.01,7,0.994999647862525,False,
bellevue_150th_eastgate,A7,326,620190817,1161930124,14199,10,3,4,1,2,0.005,2,1,False,
bellevue_150th_eastgate,A9,326,620190817,1161930124,14199,10,3,4,3,4,0.01,7,0.994999647862525,False,
bellevue_150th_eastgate,A5,327,776601177,1212499387,5699,10,4,4,4,4,0.001,10,0.999298122477628,False,
bellevue_150th_eastgate,A6,327,776601177,1212499387,5699,10,4,4,4,4,0.001,10,0.999298122477628,False,
bellevue_150th_eastgate,A7,327,776601177,1212499387,5699,10,4,4,2,2,0.005,4,1,False,
bellevue_150th_eastgate,A9,327,776601177,1212499387,5699,10,4,4,4,4,0.001,10,0.999298122477628,False,
bellevue_150th_eastgate,A5,328,915084443,1892687343,4824,9,4,8,4,6,0.005,16,0.992951907131012,False,
bellevue_150th_eastgate,A6,328,915084443,1892687343,4824,9,4,8,4,6,0.005,16,0.992951907131012,False,
bellevue_150th_eastgate,A7,328,915084443,1892687343,4824,9,4,8,2,2,0.005,4,1,False,
bellevue_150th_eastgate,A9,328,915084443,1892687343,4824,9,4,8,4,6,0.005,16,0.992951907131012,False,
bellevue_150th_eastgate,A5,329,2106568201,532627853,10546,10,4,4,4,4,0.005,9,0.994879575194387,False,
bellevue_150th_eastgate,A6,329,2106568201,532627853,10546,10,4,4,4,4,0.005,9,0.994879575194387,False,
bellevue_150th_eastgate,A7,329,2106568201,532627853,10546,10,4,4,2,2,0.005,4,1,False,
bellevue_150th_eastgate,A9,329,2106568201,532627853,10546,10,4,4,4,4,0.005,9,0.994879575194387,False,
bellevue_150th_eastgate,A5,330,566494097,683012759,4815,9,4,4,4,4,0.0025,10,1,False,
bellevue_150th_eastgate,A6,330,566494097,683012759,4815,9,4,4,4,4,0.0025,10,1,False,
bellevue_150th_eastgate,A7,330,566494097,683012759,4815,9,4,4,1,3,0.005,3,1,False,
bellevue_150th_eastgate,A9,330,566494097,683012759,4815,9,4,4,4,4,0.0025,10,1,False,
bellevue_150th_eastgate,A5,331,690414398,1238349631,9024,9,4,4,4,4,0.005,9,0.994348404255319,False,
bellevue_150th_eastgate,A6,331,690414398,1238349631,9024,9,4,4,4,4,0.005,9,0.994348404255319,False,
bellevue_150th_eastgate,A7,331,690414398,1238349631,9024,9,4,4,2,2,0.005,4,1,False,
bellevue_150th_eastgate,A9,331,690414398,1238349631,9024,9,4,4,4,4,0.005,9,0.994348404255319,False,
bellevue_150th_eastgate,A5,332,1870517339,1476178586,8967,10,4,4,4,4,0.005,9,0.996096799375488,False,
bellevue_150th_eastgate,A6,332,1870517339,1476178586,8967,10,4,4,4,4,0.005,9,0.996096799375488,False,
bellevue_150th_eastgate,A7,332,1870517339,1476178586,8967,10,4,4,2,2,0.005,4,1,False,
bellevue_150th_eastgate,A9,332,1870517339,1476178586,8967,10,4,4,4,4,0.005,9,0.996096799375488,False,
bellevue_150th_eastgate,A5,333,1313011151,349096321,11706,9,4,4,4,4,0.005,10,0.997437211686315,False,
bellevue_150th_eastgate,A6,333,1313011151,349096321,11706,9,4,4,4,4,0.005,10,0.997437211686315,False,
bellevue_150th_eastgate,A7,333,1313011151,349096321,11706,9,4,4,2,2,0.005,4,1,False,
bellevue_150th_eastgate,A9,333,1313011151,349096321,11706,9,4,4,4,4,0.005,10,0.997437211686315,False,
bellevue_150th_eastgate,A5,334,1177012732,1020112871,11216,10,4,4,4,4,0.02,9,0.98956847360913,False,
bellevue_150th_eastgate,A6,334,1177012732,1020112871,11216,10,4,4,4,4,0.02,9,0.98956847360913,False,
bellevue_150th_eastgate,A7,334,1177012732,1020112871,11216,10,4,4,2,2,0.005,3,1,False,
bellevue_150th_eastgate,A9,334,1177012732,1020112871,11216,10,4,4,4,4,0.02,9,0.98956847360913,False,
bellevue_150th_eastgate,A5,335,264917404,1576486983,11296,12,4,4,4,4,0.01,9,0.993006373937677,False,
bellevue_150th_eastgate,A6,335,264917404,1576486983,11296,12,4,4,4,4,0.01,9,0.993006373937677,False,
bellevue_150th_eastgate,A7,335,264917404,1576486983,11296,12,4,4,2,2,0.005,4,1,False,
bellevue_150th_eastgate,A9,335,264917404,1576486983,11296,12,4,4,4,4,0.01,9,0.993006373937677,False,
bellevue_150th_eastgate,A5,336,96520957,542209802,5966,10,3,4,3,4,0.005,8,0.99832383506537,False,
bellevue_150th_eastgate,A6,336,96520957,542209802,5966,10,3,4,3,4,0.005,8,0.99832383506537,False,
bellevue_150th_eastgate,A7,336,96520957,542209802,5966,10,3,4,1,2,0.005,2,1,False,
bellevue_150th_eastgate,A9,336,96520957,542209802,5966,10,3,4,3,4,0.005,8,0.99832383506537,False,
bellevue_150th_eastgate,A5,337,42403108,2066286369,11894,10,3,4,3,4,0.005,7,0.995123591726921,False,
bellevue_150th_eastgate,A6,337,42403108,2066286369,11894,10,3,4,3,4,0.005,7,0.995123591726921,False,
bellevue_150th_eastgate,A7,337,42403108,2066286369,11894,10,3,4,1,2,0.005,2,1,False,
bellevue_150th_eastgate,A9,337,42403108,2066286369,11894,10,3,4,3,4,0.005,7,0.995123591726921,False,
bellevue_150th_eastgate,A5,338,168644955,1974890156,9957,13,3,4,3,4,0.01,7,0.993873656723913,False,
bellevue_150th_eastgate,A6,338,168644955,1974890156,9957,13,3,4,3,4,0.01,7,0.993873656723913,False,
bellevue_150th_eastgate,A7,338,168644955,1974890156,9957,13,3,4,1,2,0.005,2,1,False,
bellevue_150th_eastgate,A9,338,168644955,1974890156,9957,13,3,4,3,4,0.01,7,0.993873656723913,False,
bellevue_150th_eastgate,A5,339,1358313486,282426501,9928,10,4,4,4,4,0.005,9,0.995165189363417,False,
bellevue_150th_eastgate,A6,339,1358313486,282426501,9928,10,4,4,4,4,0.005,9,0.995165189363417,False,
bellevue_150th_eastgate,A7,339,1358313486,282426501,9928,10,4,4,2,2,0.005,4,1,False,
bellevue_150th_eastgate,A9,339,1358313486,282426501,9928,10,4,4,4,4,0.005,9,0.995165189363417,False,
bellevue_150th_eastgate,A5,340,1290059606,2050835884,5208,8,3,4,3,4,0.0025,8,1,False,
bellevue_150th_eastgate,A6,340,1290059606,2050835884,5208,8,3,4,3,4,0.0025,8,1,False,
bellevue_150th_eastgate,A7,340,1290059606,2050835884,5208,8,3,4,1,3,0.005,3,1,False,
bellevue_150th_eastgate,A9,340,1290059606,2050835884,5208,8,3,4,3,4,0.0025,8,1,False,
bellevue_150th_eastgate,A5,341,1102577658,1700690411,10564,11,4,4,4,4,0.005,10,0.996592199924271,False,
bellevue_150th_eastgate,A6,341,1102577658,1700690411,10564,11,4,4,4,4,0.005,10,0.996592199924271,False,
bellevue_150th_eastgate,A7,341,1102577658,1700690411,10564,11,4,4,2,2,0.005,4,1,False,
bellevue_150th_eastgate,A9,341,1102577658,1700690411,10564,11,4,4,4,4,0.005,10,0.996592199924271,False,
bellevue_150th_eastgate,A5,342,1497447388,2009440347,6797,11,3,4,3,4,0.005,8,0.99867588642048,False,
bellevue_150th_eastgate,A6,342,1497447388,2009440347,6797,11,3,4,3,4,0.005,8,0.99867588642048,False,
bellevue_150th_eastgate,A7,342,1497447388,2009440347,6797,11,3,4,1,2,0.005,2,1,False,
bellevue_150th_eastgate,A9,342,1497447388,2009440347,6797,11,3,4,3,4,0.005,8,0.99867588642048,False,
bellevue_150th_eastgate,A5,343,451412168,813542671,8067,10,3,4,3,4,0.02,7,0.990330978058758,False,
bellevue_150th_eastgate,A6,343,451412168,813542671,8067,10,3,4,3,4,0.02,7,0.990330978058758,False,
bellevue_150th_eastgate,A7,343,451412168,813542671,8067,10,3,4,1,2,0.005,2,1,False,
bellevue_150th_eastgate,A9,343,451412168,813542671,8067,10,3,4,3,4,0.02,7,0.990330978058758,False,
bellevue_150th_eastgate,A5,344,1447321982,621260556,5680,10,3,4,3,4,0.02,7,0.990669014084507,False,
bellevue_150th_eastgate,A6,344,1447321982,621260556,5680,10,3,4,3,4,0.02,7,0.990669014084507,False,
bellevue_150th_eastgate,A7,344,1447321982,621260556,5680,10,3,4,1,2,0.005,2,1,False,
bellevue_150th_eastgate,A9,344,1447321982,621260556,5680,10,3,4,3,4,0.02,7,0.990669014084507,False,
bellevue_150th_eastgate,A5,345,36231832,1767230073,9814,10,4,4,4,4,0.005,9,0.994599551660893,False,
bellevue_150th_eastgate,A6,345,36231832,1767230073,9814,10,4,4,4,4,0.005,9,0.994599551660893,False,
bellevue_150th_eastgate,A7,345,36231832,1767230073,9814,10,4,4,2,2,0.005,4,1,False,
bellevue_150th_eastgate,A9,345,36231832,1767230073,9814,10,4,4,4,4,0.005,9,0.994599551660893,False,
bellevue_150th_eastgate,A5,346,508745670,1575381139,8189,10,4,4,4,4,0.005,9,0.993039443155452,False,
bellevue_150th_eastgate,A6,346,508745670,1575381139,8189,10,4,4,4,4,0.005,9,0.993039443155452,False,
bellevue_150th_eastgate,A7,346,508745670,1575381139,8189,10,4,4,2,2,0.005,3,1,False,
bellevue_150th_eastgate,A9,346,508745670,1575381139,8189,10,4,4,4,4,0.005,9,0.993039443155452,False,
bellevue_150th_eastgate,A5,347,128241398,1447421973,9628,8,3,4,3,4,0.01,7,0.99501454092231,False,
bellevue_150th_eastgate,A6,347,128241398,1447421973,9628,8,3,4,3,4,0.01,7,0.99501454092231,False,
bellevue_150th_eastgate,A7,347,128241398,1447421973,9628,8,3,4,1,2,0.005,2,1,False,
bellevue_150th_eastgate,A9,347,128241398,1447421973,9628,8,3,4,3,4,0.01,7,0.99501454092231,False,
bellevue_150th_eastgate,A5,348,987111042,1966979699,6740,10,3,4,3,4,0.001,8,0.9986646884273,False,
bellevue_150th_eastgate,A6,348,987111042,1966979699,6740,10,3,4,3,4,0.001,8,0.9986646884273,False,
bellevue_150th_eastgate,A7,348,987111042,1966979699,6740,10,3,4,1,2,0.005,2,1,False,
bellevue_150th_eastgate,A9,348,987111042,1966979699,6740,10,3,4,3,4,0.001,8,0.9986646884273,False,
bellevue_150th_eastgate,A5,349,1728820015,508275233,5626,10,5,4,5,4,0.0025,11,0.999466761464629,False,
bellevue_150th_eastgate,A6,349,1728820015,508275233,5626,10,5,4,5,4,0.0025,11,0.999466761464629,False,
bellevue_150th_eastgate,A7,349,1728820015,508275233,5626,10,5,4,1,3,0.005,3,1,False,
bellevue_150th_eastgate,A9,349,1728820015,508275233,5626,10,5,4,5,4,0.0025,11,0.999466761464629,False,
bellevue_150th_eastgate,A5,350,348871785,1575019867,10697,9,4,4,4,4,0.01,9,0.991679910255212,False,
bellevue_150th_eastgate,A6,350,348871785,1575019867,10697,9,4,4,4,4,0.01,9,0.991679910255212,False,
bellevue_150th_eastgate,A7,350,348871785,1575019867,10697,9,4,4,2,2,0.005,4,1,False,
bellevue_150th_eastgate,A9,350,348871785,1575019867,10697,9,4,4,4,4,0.01,9,0.991679910255212,False,
bellevue_150th_eastgate,A5,351,16230310,874375523,7897,10,4,4,4,4,0.005,10,0.998480435608459,False,
bellevue_150th_eastgate,A6,351,16230310,874375523,7897,10,4,4,4,4,0.005,10,0.998480435608459,False,
bellevue_150th_eastgate,A7,351,16230310,874375523,7897,10,4,4,2,2,0.005,4,1,False,
bellevue_150th_eastgate,A9,351,16230310,874375523,7897,10,4,4,4,4,0.005,10,0.998480435608459,False,
bellevue_150th_eastgate,A5,352,1220082288,2045754,7316,8,3,4,3,4,0.001,9,0.999316566429743,False,
bellevue_150th_eastgate,A6,352,1220082288,2045754,7316,8,3,4,3,4,0.001,9,0.999316566429743,False,
bellevue_150th_eastgate,A7,352,1220082288,2045754,7316,8,3,4,1,2,0.005,2,1,False,
bellevue_150th_eastgate,A9,352,1220082288,2045754,7316,8,3,4,3,4,0.001,9,0.999316566429743,False,
bellevue_150th_eastgate,A5,353,1142573027,1822931520,7709,11,3,4,3,4,0.02,7,0.991698015306784,False,
bellevue_150th_eastgate,A6,353,1142573027,1822931520,7709,11,3,4,3,4,0.02,7,0.991698015306784,False,
bellevue_150th_eastgate,A7,353,1142573027,1822931520,7709,11,3,4,1,2,0.005,2,1,False,
bellevue_150th_eastgate,A9,353,1142573027,1822931520,7709,11,3,4,3,4,0.02,7,0.991698015306784,False,
bellevue_150th_eastgate,A5,354,854741135,1258040718,4200,10,3,4,3,4,0.005,8,0.999523809523809,False,
bellevue_150th_eastgate,A6,354,854741135,1258040718,4200,10,3,4,3,4,0.005,8,0.999523809523809,False,
bellevue_150th_eastgate,A7,354,854741135,1258040718,4200,10,3,4,1,3,0.005,3,1,False,
bellevue_150th_eastgate,A9,354,854741135,1258040718,4200,10,3,4,3,4,0.005,8,0.999523809523809,False,
bellevue_150th_eastgate,A5,355,867976366,58729204,3855,8,4,4,4,4,0.001,10,1,False,
bellevue_150th_eastgate,A6,355,867976366,58729204,3855,8,4,4,4,4,0.001,10,1,False,
bellevue_150th_eastgate,A7,355,867976366,58729204,3855,8,4,4,1,4,0.005,4,1,False,
bellevue_150th_eastgate,A9,355,867976366,58729204,3855,8,4,4,4,4,0.001,10,1,False,
bellevue_150th_eastgate,A5,356,1013583306,1380948104,11402,8,4,4,4,4,0.005,9,0.994123837923171,False,
bellevue_150th_eastgate,A6,356,1013583306,1380948104,11402,8,4,4,4,4,0.005,9,0.994123837923171,False,
bellevue_150th_eastgate,A7,356,1013583306,1380948104,11402,8,4,4,2,2,0.005,3,1,False,
bellevue_150th_eastgate,A9,356,1013583306,1380948104,11402,8,4,4,4,4,0.005,9,0.994123837923171,False,
bellevue_150th_eastgate,A5,357,746948937,2001592737,10965,11,4,4,4,4,0.01,9,0.993524851801186,False,
bellevue_150th_eastgate,A6,357,746948937,2001592737,10965,11,4,4,4,4,0.01,9,0.993524851801186,False,
bellevue_150th_eastgate,A7,357,746948937,2001592737,10965,11,4,4,2,2,0.005,4,1,False,
bellevue_150th_eastgate,A9,357,746948937,2001592737,10965,11,4,4,4,4,0.01,9,0.993524851801186,False,
bellevue_150th_eastgate,A5,358,1635907715,281120060,4935,8,4,4,4,4,0.02,9,0.992705167173252,False,
bellevue_150th_eastgate,A6,358,1635907715,281120060,4935,8,4,4,4,4,0.02,9,0.992705167173252,False,
bellevue_150th_eastgate,A7,358,1635907715,281120060,4935,8,4,4,1,2,0.005,2,1,False,
bellevue_150th_eastgate,A9,358,1635907715,281120060,4935,8,4,4,4,4,0.02,9,0.992705167173252,False,
bellevue_150th_eastgate,A5,359,1764002140,395743899,6134,8,4,4,4,4,0.001,10,0.999184871209651,False,
bellevue_150th_eastgate,A6,359,1764002140,395743899,6134,8,4,4,4,4,0.001,10,0.999184871209651,False,
bellevue_150th_eastgate,A7,359,1764002140,395743899,6134,8,4,4,2,2,0.005,4,1,False,
bellevue_150th_eastgate,A9,359,1764002140,395743899,6134,8,4,4,4,4,0.001,10,0.999184871209651,False,
bellevue_150th_eastgate,A5,360,851473114,838458356,11944,10,3,4,3,4,0.02,7,0.990790354989953,False,
bellevue_150th_eastgate,A6,360,851473114,838458356,11944,10,3,4,3,4,0.02,7,0.990790354989953,False,
bellevue_150th_eastgate,A7,360,851473114,838458356,11944,10,3,4,1,2,0.005,2,1,False,
bellevue_150th_eastgate,A9,360,851473114,838458356,11944,10,3,4,3,4,0.02,7,0.990790354989953,False,
bellevue_150th_eastgate,A5,361,626202205,2039424601,10540,10,4,4,4,4,0.005,10,0.998007590132827,False,
bellevue_150th_eastgate,A6,361,626202205,2039424601,10540,10,4,4,4,4,0.005,10,0.998007590132827,False,
bellevue_150th_eastgate,A7,361,626202205,2039424601,10540,10,4,4,2,2,0.005,4,1,False,
bellevue_150th_eastgate,A9,361,626202205,2039424601,10540,10,4,4,4,4,0.005,10,0.998007590132827,False,
bellevue_150th_eastgate,A5,362,1948114848,2073838023,7549,10,4,4,4,4,0.02,9,0.991389588024904,False,
bellevue_150th_eastgate,A6,362,1948114848,2073838023,7549,10,4,4,4,4,0.02,9,0.991389588024904,False,
bellevue_150th_eastgate,A7,362,1948114848,2073838023,7549,10,4,4,2,2,0.005,4,1,False,
bellevue_150th_eastgate,A9,362,1948114848,2073838023,7549,10,4,4,4,4,0.02,9,0.991389588024904,False,
bellevue_150th_eastgate,A5,363,675229439,422675420,11455,10,4,4,4,4,0.01,9,0.993801833260585,False,
bellevue_150th_eastgate,A6,363,675229439,422675420,11455,10,4,4,4,4,0.01,9,0.993801833260585,False,
bellevue_150th_eastgate,A7,363,675229439,422675420,11455,10,4,4,2,2,0.005,3,1,False,
bellevue_150th_eastgate,A9,363,675229439,422675420,11455,10,4,4,4,4,0.01,9,0.993801833260585,False,
bellevue_150th_eastgate,A5,364,1717164064,907782518,8911,9,4,4,4,4,0.005,9,0.995511165974638,False,
bellevue_150th_eastgate,A6,364,1717164064,907782518,8911,9,4,4,4,4,0.005,9,0.995511165974638,False,
bellevue_150th_eastgate,A7,364,1717164064,907782518,8911,9,4,4,2,2,0.005,4,1,False,
bellevue_150th_eastgate,A9,364,1717164064,907782518,8911,9,4,4,4,4,0.005,9,0.995511165974638,False,
bellevue_150th_eastgate,A5,365,746569808,168827973,9261,10,4,4,4,4,0.005,10,0.997408487204406,False,
bellevue_150th_eastgate,A6,365,746569808,168827973,9261,10,4,4,4,4,0.005,10,0.997408487204406,False,
bellevue_150th_eastgate,A7,365,746569808,168827973,9261,10,4,4,2,2,0.005,4,1,False,
bellevue_150th_eastgate,A9,365,746569808,168827973,9261,10,4,4,4,4,0.005,10,0.997408487204406,False,
bellevue_150th_eastgate,A5,366,2015289566,109859086,7579,10,3,4,3,4,0.02,7,0.990500065971764,False,
bellevue_150th_eastgate,A6,366,2015289566,109859086,7579,10,3,4,3,4,0.02,7,0.990500065971764,False,
bellevue_150th_eastgate,A7,366,2015289566,109859086,7579,10,3,4,1,2,0.005,2,1,False,
bellevue_150th_eastgate,A9,366,2015289566,109859086,7579,10,3,4,3,4,0.02,7,0.990500065971764,False,
bellevue_150th_eastgate,A5,367,919428182,2011328640,7520,12,4,4,4,4,0.005,9,0.995744680851064,False,
bellevue_150th_eastgate,A6,367,919428182,2011328640,7520,12,4,4,4,4,0.005,9,0.995744680851064,False,
bellevue_150th_eastgate,A7,367,919428182,2011328640,7520,12,4,4,2,2,0.005,4,1,False,
bellevue_150th_eastgate,A9,367,919428182,2011328640,7520,12,4,4,4,4,0.005,9,0.995744680851064,False,
bellevue_150th_eastgate,A5,368,987642249,238743913,7123,10,4,4,4,4,0.02,9,0.992559314895409,False,
bellevue_150th_eastgate,A6,368,987642249,238743913,7123,10,4,4,4,4,0.02,9,0.992559314895409,False,
bellevue_150th_eastgate,A7,368,987642249,238743913,7123,10,4,4,2,2,0.005,4,1,False,
bellevue_150th_eastgate,A9,368,987642249,238743913,7123,10,4,4,4,4,0.02,9,0.992559314895409,False,
bellevue_150th_eastgate,A5,369,340053631,1455450769,3930,9,3,4,3,4,0.005,8,0.998473282442748,False,
bellevue_150th_eastgate,A6,369,340053631,1455450769,3930,9,3,4,3,4,0.005,8,0.998473282442748,False,
bellevue_150th_eastgate,A7,369,340053631,1455450769,3930,9,3,4,1,2,0.005,2,1,False,
bellevue_150th_eastgate,A9,369,340053631,1455450769,3930,9,3,4,3,4,0.005,8,0.998473282442748,False,
bellevue_150th_eastgate,A5,370,1204806972,955465583,7588,10,3,4,3,4,0.001,9,0.999868212967844,False,
bellevue_150th_eastgate,A6,370,1204806972,955465583,7588,10,3,4,3,4,0.001,9,0.999868212967844,False,
bellevue_150th_eastgate,A7,370,1204806972,955465583,7588,10,3,4,1,2,0.005,2,1,False,
bellevue_150th_eastgate,A9,370,1204806972,955465583,7588,10,3,4,3,4,0.001,9,0.999868212967844,False,
bellevue_150th_eastgate,A5,371,1957772361,1171067919,12732,12,3,4,3,4,0.01,7,0.993795161797047,False,
bellevue_150th_eastgate,A6,371,1957772361,1171067919,12732,12,3,4,3,4,0.01,7,0.993795161797047,False,
bellevue_150th_eastgate,A7,371,1957772361,1171067919,12732,12,3,4,1,2,0.005,2,1,False,
bellevue_150th_eastgate,A9,371,1957772361,1171067919,12732,12,3,4,3,4,0.01,7,0.993795161797047,False,
bellevue_150th_eastgate,A5,372,1639939122,601832227,7283,12,3,4,3,4,0.01,7,0.993546615405739,False,
bellevue_150th_eastgate,A6,372,1639939122,601832227,7283,12,3,4,3,4,0.01,7,0.993546615405739,False,
bellevue_150th_eastgate,A7,372,1639939122,601832227,7283,12,3,4,1,2,0.005,2,1,False,
bellevue_150th_eastgate,A9,372,1639939122,601832227,7283,12,3,4,3,4,0.01,7,0.993546615405739,False,
bellevue_150th_eastgate,A5,373,86766351,1909013251,9018,13,4,4,4,4,0.005,9,0.993568418718119,False,
bellevue_150th_eastgate,A6,373,86766351,1909013251,9018,13,4,4,4,4,0.005,9,0.993568418718119,False,
bellevue_150th_eastgate,A7,373,86766351,1909013251,9018,13,4,4,2,2,0.005,4,1,False,
bellevue_150th_eastgate,A9,373,86766351,1909013251,9018,13,4,4,4,4,0.005,9,0.993568418718119,False,
bellevue_150th_eastgate,A5,374,1756367434,339669356,6842,9,4,4,4,4,0.02,8,0.984068985676703,False,
bellevue_150th_eastgate,A6,374,1756367434,339669356,6842,9,4,4,4,4,0.02,8,0.984068985676703,False,
bellevue_150th_eastgate,A7,374,1756367434,339669356,6842,9,4,4,2,2,0.005,3,1,False,
bellevue_150th_eastgate,A9,374,1756367434,339669356,6842,9,4,4,4,4,0.02,8,0.984068985676703,False,
bellevue_150th_eastgate,A5,375,1927685164,1736504397,12034,10,3,4,3,4,0.02,7,0.99102542795413,False,
bellevue_150th_eastgate,A6,375,1927685164,1736504397,12034,10,3,4,3,4,0.02,7,0.99102542795413,False,
bellevue_150th_eastgate,A7,375,1927685164,1736504397,12034,10,3,4,1,2,0.005,2,1,False,
bellevue_150th_eastgate,A9,375,1927685164,1736504397,12034,10,3,4,3,4,0.02,7,0.99102542795413,False,
bellevue_150th_eastgate,A5,376,1313262783,93559981,10542,10,4,4,4,4,0.005,10,0.997913109466894,False,
bellevue_150th_eastgate,A6,376,1313262783,93559981,10542,10,4,4,4,4,0.005,10,0.997913109466894,False,
bellevue_150th_eastgate,A7,376,1313262783,93559981,10542,10,4,4,1,2,0.005,2,1,False,
bellevue_150th_eastgate,A9,376,1313262783,93559981,10542,10,4,4,4,4,0.005,10,0.997913109466894,False,
bellevue_150th_eastgate,A5,377,526804184,455096296,6406,11,4,4,4,4,0.005,10,0.998438963471745,False,
bellevue_150th_eastgate,A6,377,526804184,455096296,6406,11,4,4,4,4,0.005,10,0.998438963471745,False,
bellevue_150th_eastgate,A7,377,526804184,455096296,6406,11,4,4,1,2,0.005,2,1,False,
bellevue_150th_eastgate,A9,377,526804184,455096296,6406,11,4,4,4,4,0.005,10,0.998438963471745,False,
bellevue_150th_eastgate,A5,378,299513380,1669544713,7956,11,3,4,3,4,0.02,7,0.990573152337858,False,
bellevue_150th_eastgate,A6,378,299513380,1669544713,7956,11,3,4,3,4,0.02,7,0.990573152337858,False,
bellevue_150th_eastgate,A7,378,299513380,1669544713,7956,11,3,4,1,2,0.005,2,1,False,
bellevue_150th_eastgate,A9,378,299513380,1669544713,7956,11,3,4,3,4,0.02,7,0.990573152337858,False,
bellevue_150th_eastgate,A5,379,913135826,822589265,7469,8,4,4,4,4,0.005,9,0.998259472486277,False,
bellevue_150th_eastgate,A6,379,913135826,822589265,7469,8,4,4,4,4,0.005,9,0.998259472486277,False,
bellevue_150th_eastgate,A7,379,913135826,822589265,7469,8,4,4,2,3,0.005,6,1,False,
bellevue_150th_eastgate,A9,379,913135826,822589265,7469,8,4,4,4,4,0.005,9,0.998259472486277,False,
bellevue_150th_eastgate,A5,380,702279163,1632392080,7486,10,4,4,4,4,0.005,9,0.992786534865082,False,
bellevue_150th_eastgate,A6,380,702279163,1632392080,7486,10,4,4,4,4,0.005,9,0.992786534865082,False,
bellevue_150th_eastgate,A7,380,702279163,1632392080,7486,10,4,4,2,2,0.005,4,1,False,
bellevue_150th_eastgate,A9,380,702279163,1632392080,7486,10,4,4,4,4,0.005,9,0.992786534865082,False,
bellevue_150th_eastgate,A5,381,1818422143,1370782705,8662,12,4,4,4,4,0.005,9,0.993419533595013,False,
bellevue_150th_eastgate,A6,381,1818422143,1370782705,8662,12,4,4,4,4,0.005,9,0.993419533595013,False,
bellevue_150th_eastgate,A7,381,1818422143,1370782705,8662,12,4,4,2,2,0.005,4,1,False,
bellevue_150th_eastgate,A9,381,1818422143,1370782705,8662,12,4,4,4,4,0.005,9,0.993419533595013,False,
bellevue_150th_eastgate,A5,382,1525915935,123669209,12281,10,3,4,3,4,0.02,7,0.992183046983145,False,
bellevue_150th_eastgate,A6,382,1525915935,123669209,12281,10,3,4,3,4,0.02,7,0.992183046983145,False,
bellevue_150th_eastgate,A7,382,1525915935,123669209,12281,10,3,4,1,2,0.005,2,1,False,
bellevue_150th_eastgate,A9,382,1525915935,123669209,12281,10,3,4,3,4,0.02,7,0.992183046983145,False,
bellevue_150th_eastgate,A5,383,1222802387,1567633714,4671,11,4,4,4,4,0.005,10,0.998501391564975,False,
bellevue_150th_eastgate,A6,383,1222802387,1567633714,4671,11,4,4,4,4,0.005,10,0.998501391564975,False,
bellevue_150th_eastgate,A7,383,1222802387,1567633714,4671,11,4,4,2,2,0.005,3,1,False,
bellevue_150th_eastgate,A9,383,1222802387,1567633714,4671,11,4,4,4,4,0.005,10,0.998501391564975,False,
bellevue_150th_eastgate,A5,384,1449804674,170670904,8043,9,3,4,3,4,0.02,7,0.988312818600025,False,
bellevue_150th_eastgate,A6,384,1449804674,170670904,8043,9,3,4,3,4,0.02,7,0.988312818600025,False,
bellevue_150th_eastgate,A7,384,1449804674,170670904,8043,9,3,4,1,2,0.005,2,1,False,
bellevue_150th_eastgate,A9,384,1449804674,170670904,8043,9,3,4,3,4,0.02,7,0.988312818600025,False,
bellevue_150th_eastgate,A5,385,1440003833,70558869,8843,9,4,4,4,4,0.005,9,0.992762637114102,False,
bellevue_150th_eastgate,A6,385,1440003833,70558869,8843,9,4,4,4,4,0.005,9,0.992762637114102,False,
bellevue_150th_eastgate,A7,385,1440003833,70558869,8843,9,4,4,2,2,0.005,4,1,False,
bellevue_150th_eastgate,A9,385,1440003833,70558869,8843,9,4,4,4,4,0.005,9,0.992762637114102,False,
bellevue_150th_eastgate,A5,386,1259991267,948963974,6103,9,3,4,3,4,0.001,8,0.999016876945764,False,
bellevue_150th_eastgate,A6,386,1259991267,948963974,6103,9,3,4,3,4,0.001,8,0.999016876945764,False,
bellevue_150th_eastgate,A7,386,1259991267,948963974,6103,9,3,4,1,3,0.005,3,1,False,
bellevue_150th_eastgate,A9,386,1259991267,948963974,6103,9,3,4,3,4,0.001,8,0.999016876945764,False,
bellevue_150th_eastgate,A5,387,1814193033,1960184536,7544,8,4,4,4,4,0.0025,10,1,False,
bellevue_150th_eastgate,A6,387,1814193033,1960184536,7544,8,4,4,4,4,0.0025,10,1,False,
bellevue_150th_eastgate,A7,387,1814193033,1960184536,7544,8,4,4,1,3,0.005,3,1,False,
bellevue_150th_eastgate,A9,387,1814193033,1960184536,7544,8,4,4,4,4,0.0025,10,1,False,
bellevue_150th_eastgate,A5,388,2051427482,1682261191,3588,8,4,7,4,6,0.0025,16,0.995819397993311,False,
bellevue_150th_eastgate,A6,388,2051427482,1682261191,3588,8,4,7,4,6,0.0025,16,0.995819397993311,False,
bellevue_150th_eastgate,A7,388,2051427482,1682261191,3588,8,4,7,1,2,0.005,2,1,False,
bellevue_150th_eastgate,A9,388,2051427482,1682261191,3588,8,4,7,4,6,0.0025,16,0.995819397993311,False,
bellevue_150th_eastgate,A5,389,1690838564,1361905091,7925,9,3,4,3,4,0.02,7,0.988391167192429,False,
bellevue_150th_eastgate,A6,389,1690838564,1361905091,7925,9,3,4,3,4,0.02,7,0.988391167192429,False,
bellevue_150th_eastgate,A7,389,1690838564,1361905091,7925,9,3,4,1,2,0.005,2,1,False,
bellevue_150th_eastgate,A9,389,1690838564,1361905091,7925,9,3,4,3,4,0.02,7,0.988391167192429,False,
bellevue_150th_eastgate,A5,390,840395416,402431783,4910,9,3,4,3,4,0.001,9,0.99959266802444,False,
bellevue_150th_eastgate,A6,390,840395416,402431783,4910,9,3,4,3,4,0.001,9,0.99959266802444,False,
bellevue_150th_eastgate,A7,390,840395416,402431783,4910,9,3,4,1,2,0.005,2,1,False,
bellevue_150th_eastgate,A9,390,840395416,402431783,4910,9,3,4,3,4,0.001,9,0.99959266802444,False,
bellevue_150th_eastgate,A5,391,801923307,224864107,4428,11,4,4,4,4,0.0025,10,1,False,
bellevue_150th_eastgate,A6,391,801923307,224864107,4428,11,4,4,4,4,0.0025,10,1,False,
bellevue_150th_eastgate,A7,391,801923307,224864107,4428,11,4,4,1,3,0.005,3,1,False,
bellevue_150th_eastgate,A9,391,801923307,224864107,4428,11,4,4,4,4,0.0025,10,1,False,
bellevue_150th_eastgate,A5,392,931305400,1571421083,6415,9,4,4,4,4,0.02,8,0.984411535463757,False,
bellevue_150th_eastgate,A6,392,931305400,1571421083,6415,9,4,4,4,4,0.02,8,0.984411535463757,False,
bellevue_150th_eastgate,A7,392,931305400,1571421083,6415,9,4,4,2,2,0.005,3,1,False,
bellevue_150th_eastgate,A9,392,931305400,1571421083,6415,9,4,4,4,4,0.02,8,0.984411535463757,False,
bellevue_150th_eastgate,A5,393,1657721832,53687898,5794,11,3,4,3,4,0.005,8,0.997928891957197,False,
bellevue_150th_eastgate,A6,393,1657721832,53687898,5794,11,3,4,3,4,0.005,8,0.997928891957197,False,
bellevue_150th_eastgate,A7,393,1657721832,53687898,5794,11,3,4,1,2,0.005,2,1,False,
bellevue_150th_eastgate,A9,393,1657721832,53687898,5794,11,3,4,3,4,0.005,8,0.997928891957197,False,
bellevue_150th_eastgate,A5,394,1821450801,385609673,3428,9,3,4,3,4,0.0025,8,1,False,
bellevue_150th_eastgate,A6,394,1821450801,385609673,3428,9,3,4,3,4,0.0025,8,1,False,
bellevue_150th_eastgate,A7,394,1821450801,385609673,3428,9,3,4,1,3,0.005,3,1,False,
bellevue_150th_eastgate,A9,394,1821450801,385609673,3428,9,3,4,3,4,0.0025,8,1,False,
bellevue_150th_eastgate,A5,395,385626723,68694918,10495,11,3,4,3,4,0.01,7,0.99456884230586,False,
bellevue_150th_eastgate,A6,395,385626723,68694918,10495,11,3,4,3,4,0.01,7,0.99456884230586,False,
bellevue_150th_eastgate,A7,395,385626723,68694918,10495,11,3,4,1,2,0.005,2,1,False,
bellevue_150th_eastgate,A9,395,385626723,68694918,10495,11,3,4,3,4,0.01,7,0.99456884230586,False,
bellevue_150th_eastgate,A5,396,2032921348,396725467,9465,9,4,4,4,4,0.005,10,0.997781299524564,False,
bellevue_150th_eastgate,A6,396,2032921348,396725467,9465,9,4,4,4,4,0.005,10,0.997781299524564,False,
bellevue_150th_eastgate,A7,396,2032921348,396725467,9465,9,4,4,1,2,0.005,2,1,False,
bellevue_150th_eastgate,A9,396,2032921348,396725467,9465,9,4,4,4,4,0.005,10,0.997781299524564,False,
bellevue_150th_eastgate,A5,397,173149796,1866751202,4964,12,4,4,4,4,0.02,8,0.983682514101531,False,
bellevue_150th_eastgate,A6,397,173149796,1866751202,4964,12,4,4,4,4,0.02,8,0.983682514101531,False,
bellevue_150th_eastgate,A7,397,173149796,1866751202,4964,12,4,4,1,2,0.005,2,1,False,
bellevue_150th_eastgate,A9,397,173149796,1866751202,4964,12,4,4,4,4,0.02,8,0.983682514101531,False,
bellevue_150th_eastgate,A5,398,2064495503,366901099,10883,9,3,4,3,4,0.02,7,0.991087016447671,False,
bellevue_150th_eastgate,A6,398,2064495503,366901099,10883,9,3,4,3,4,0.02,7,0.991087016447671,False,
bellevue_150th_eastgate,A7,398,2064495503,366901099,10883,9,3,4,1,2,0.005,2,1,False,
bellevue_150th_eastgate,A9,398,2064495503,366901099,10883,9,3,4,3,4,0.02,7,0.991087016447671,False,
bellevue_150th_eastgate,A5,399,2129465579,1421199725,8877,10,4,4,4,4,0.005,9,0.99470541849724,False,
bellevue_150th_eastgate,A6,399,2129465579,1421199725,8877,10,4,4,4,4,0.005,9,0.99470541849724,False,
bellevue_150th_eastgate,A7,399,2129465579,1421199725,8877,10,4,4,2,2,0.005,3,1,False,
bellevue_150th_eastgate,A9,399,2129465579,1421199725,8877,10,4,4,4,4,0.005,9,0.99470541849724,False,
bellevue_150th_eastgate,A5,400,981719553,1226036147,6802,10,4,4,4,4,0.005,9,0.995148485739488,False,
bellevue_150th_eastgate,A6,400,981719553,1226036147,6802,10,4,4,4,4,0.005,9,0.995148485739488,False,
bellevue_150th_eastgate,A7,400,981719553,1226036147,6802,10,4,4,2,2,0.005,4,1,False,
bellevue_150th_eastgate,A9,400,981719553,1226036147,6802,10,4,4,4,4,0.005,9,0.995148485739488,False,
bellevue_150th_eastgate,A5,401,1323061662,784604836,9277,9,3,4,3,4,0.01,7,0.995257087420502,False,
bellevue_150th_eastgate,A6,401,1323061662,784604836,9277,9,3,4,3,4,0.01,7,0.995257087420502,False,
bellevue_150th_eastgate,A7,401,1323061662,784604836,9277,9,3,4,1,2,0.005,2,1,False,
bellevue_150th_eastgate,A9,401,1323061662,784604836,9277,9,3,4,3,4,0.01,7,0.995257087420502,False,
bellevue_150th_eastgate,A5,402,1129336140,385749265,10942,11,3,4,3,4,0.02,7,0.99131785779565,False,
bellevue_150th_eastgate,A6,402,1129336140,385749265,10942,11,3,4,3,4,0.02,7,0.99131785779565,False,
bellevue_150th_eastgate,A7,402,1129336140,385749265,10942,11,3,4,1,2,0.005,2,1,False,
bellevue_150th_eastgate,A9,402,1129336140,385749265,10942,11,3,4,3,4,0.02,7,0.99131785779565,False,
bellevue_150th_eastgate,A5,403,1516680526,589864543,7708,9,4,4,4,4,0.001,10,0.99961079398028,False,
bellevue_150th_eastgate,A6,403,1516680526,589864543,7708,9,4,4,4,4,0.001,10,0.99961079398028,False,
bellevue_150th_eastgate,A7,403,1516680526,589864543,7708,9,4,4,2,3,0.005,6,1,False,
bellevue_150th_eastgate,A9,403,1516680526,589864543,7708,9,4,4,4,4,0.001,10,0.99961079398028,False,
bellevue_150th_eastgate,A5,404,1829091496,1574708738,5688,10,4,4,4,4,0.001,10,0.998769338959212,False,
bellevue_150th_eastgate,A6,404,1829091496,1574708738,5688,10,4,4,4,4,0.001,10,0.998769338959212,False,
bellevue_150th_eastgate,A7,404,1829091496,1574708738,5688,10,4,4,1,2,0.005,2,1,False,
bellevue_150th_eastgate,A9,404,1829091496,1574708738,5688,10,4,4,4,4,0.001,10,0.998769338959212,False,
bellevue_150th_eastgate,A5,405,1793312542,1730269427,12328,10,4,4,4,4,0.01,9,0.993348475016223,False,
bellevue_150th_eastgate,A6,405,1793312542,1730269427,12328,10,4,4,4,4,0.01,9,0.993348475016223,False,
bellevue_150th_eastgate,A7,405,1793312542,1730269427,12328,10,4,4,2,2,0.005,4,1,False,
bellevue_150th_eastgate,A9,405,1793312542,1730269427,12328,10,4,4,4,4,0.01,9,0.993348475016223,False,
bellevue_150th_eastgate,A5,406,648834294,1435678080,6593,10,4,4,4,4,0.005,9,0.994843015319278,False,
bellevue_150th_eastgate,A6,406,648834294,1435678080,6593,10,4,4,4,4,0.005,9,0.994843015319278,False,
bellevue_150th_eastgate,A7,406,648834294,1435678080,6593,10,4,4,2,2,0.005,4,1,False,
bellevue_150th_eastgate,A9,406,648834294,1435678080,6593,10,4,4,4,4,0.005,9,0.994843015319278,False,
bellevue_150th_eastgate,A5,407,1584768895,1734948670,8826,10,3,4,3,4,0.02,7,0.99002945841831,False,
bellevue_150th_eastgate,A6,407,1584768895,1734948670,8826,10,3,4,3,4,0.02,7,0.99002945841831,False,
bellevue_150th_eastgate,A7,407,1584768895,1734948670,8826,10,3,4,1,2,0.005,2,1,False,
bellevue_150th_eastgate,A9,407,1584768895,1734948670,8826,10,3,4,3,4,0.02,7,0.99002945841831,False,
bellevue_150th_eastgate,A5,408,2044948219,957998640,7905,7,4,4,4,4,0.001,10,1,False,
bellevue_150th_eastgate,A6,408,2044948219,957998640,7905,7,4,4,4,4,0.001,10,1,False,
bellevue_150th_eastgate,A7,408,2044948219,957998640,7905,7,4,4,2,3,0.005,4,1,False,
bellevue_150th_eastgate,A9,408,2044948219,957998640,7905,7,4,4,4,4,0.001,10,1,False,
bellevue_150th_eastgate,A5,409,38732775,21129211,11582,10,4,4,4,4,0.01,9,0.99507857019513,False,
bellevue_150th_eastgate,A6,409,38732775,21129211,11582,10,4,4,4,4,0.01,9,0.99507857019513,False,
bellevue_150th_eastgate,A7,409,38732775,21129211,11582,10,4,4,2,2,0.005,4,1,False,
bellevue_150th_eastgate,A9,409,38732775,21129211,11582,10,4,4,4,4,0.01,9,0.99507857019513,False,
bellevue_150th_eastgate,A5,410,1912496250,635169340,10088,11,4,4,4,4,0.01,9,0.992961934972244,False,
bellevue_150th_eastgate,A6,410,1912496250,635169340,10088,11,4,4,4,4,0.01,9,0.992961934972244,False,
bellevue_150th_eastgate,A7,410,1912496250,635169340,10088,11,4,4,2,2,0.005,4,1,False,
bellevue_150th_eastgate,A9,410,1912496250,635169340,10088,11,4,4,4,4,0.01,9,0.992961934972244,False,
bellevue_150th_eastgate,A5,411,1896103137,1887147066,11687,11,3,4,3,4,0.005,7,0.994866090527937,False,
bellevue_150th_eastgate,A6,411,1896103137,1887147066,11687,11,3,4,3,4,0.005,7,0.994866090527937,False,
bellevue_150th_eastgate,A7,411,1896103137,1887147066,11687,11,3,4,1,2,0.005,2,1,False,
bellevue_150th_eastgate,A9,411,1896103137,1887147066,11687,11,3,4,3,4,0.005,7,0.994866090527937,False,
bellevue_150th_eastgate,A5,412,683657663,612027830,7438,10,3,4,3,4,0.01,7,0.994218876041947,False,
bellevue_150th_eastgate,A6,412,683657663,612027830,7438,10,3,4,3,4,0.01,7,0.994218876041947,False,
bellevue_150th_eastgate,A7,412,683657663,612027830,7438,10,3,4,1,2,0.005,2,1,False,
bellevue_150th_eastgate,A9,412,683657663,612027830,7438,10,3,4,3,4,0.01,7,0.994218876041947,False,
bellevue_150th_eastgate,A5,413,430648221,785480672,7842,9,3,4,3,4,0.01,7,0.993879112471308,False,
bellevue_150th_eastgate,A6,413,430648221,785480672,7842,9,3,4,3,4,0.01,7,0.993879112471308,False,
bellevue_150th_eastgate,A7,413,430648221,785480672,7842,9,3,4,1,2,0.005,2,1,False,
bellevue_150th_eastgate,A9,413,430648221,785480672,7842,9,3,4,3,4,0.01,7,0.993879112471308,False,
bellevue_150th_eastgate,A5,414,1231958299,389978325,14897,10,4,4,4,4,0.02,9,0.991072027925086,False,
bellevue_150th_eastgate,A6,414,1231958299,389978325,14897,10,4,4,4,4,0.02,9,0.991072027925086,False,
bellevue_150th_eastgate,A7,414,1231958299,389978325,14897,10,4,4,2,2,0.005,4,1,False,
bellevue_150th_eastgate,A9,414,1231958299,389978325,14897,10,4,4,4,4,0.02,9,0.991072027925086,False,
bellevue_150th_eastgate,A5,415,675687277,1852398791,9712,9,4,4,4,4,0.005,9,0.994336902800659,False,
bellevue_150th_eastgate,A6,415,675687277,1852398791,9712,9,4,4,4,4,0.005,9,0.994336902800659,False,
bellevue_150th_eastgate,A7,415,675687277,1852398791,9712,9,4,4,2,2,0.005,4,1,False,
bellevue_150th_eastgate,A9,415,675687277,1852398791,9712,9,4,4,4,4,0.005,9,0.994336902800659,False,
bellevue_150th_eastgate,A5,416,1177411626,979554380,4423,10,5,4,5,4,0.0025,11,1,False,
bellevue_150th_eastgate,A6,416,1177411626,979554380,4423,10,5,4,5,4,0.0025,11,1,False,
bellevue_150th_eastgate,A7,416,1177411626,979554380,4423,10,5,4,2,2,0.005,4,1,False,
bellevue_150th_eastgate,A9,416,1177411626,979554380,4423,10,5,4,5,4,0.0025,11,1,False,
bellevue_150th_eastgate,A5,417,890565938,1125042271,7513,9,4,4,4,4,0.001,10,0.998535871156662,False,
bellevue_150th_eastgate,A6,417,890565938,1125042271,7513,9,4,4,4,4,0.001,10,0.998535871156662,False,
bellevue_150th_eastgate,A7,417,890565938,1125042271,7513,9,4,4,2,2,0.005,4,1,False,
bellevue_150th_eastgate,A9,417,890565938,1125042271,7513,9,4,4,4,4,0.001,10,0.998535871156662,False,
bellevue_150th_eastgate,A5,418,462214290,492455141,7937,10,3,4,3,4,0.001,9,0.999622023434547,False,
bellevue_150th_eastgate,A6,418,462214290,492455141,7937,10,3,4,3,4,0.001,9,0.999622023434547,False,
bellevue_150th_eastgate,A7,418,462214290,492455141,7937,10,3,4,1,2,0.005,2,1,False,
bellevue_150th_eastgate,A9,418,462214290,492455141,7937,10,3,4,3,4,0.001,9,0.999622023434547,False,
bellevue_150th_eastgate,A5,419,397921110,705531189,6564,9,4,4,4,4,0.001,11,0.999695307739183,False,
bellevue_150th_eastgate,A6,419,397921110,705531189,6564,9,4,4,4,4,0.001,11,0.999695307739183,False,
bellevue_150th_eastgate,A7,419,397921110,705531189,6564,9,4,4,2,2,0.005,4,1,False,
bellevue_150th_eastgate,A9,419,397921110,705531189,6564,9,4,4,4,4,0.001,11,0.999695307739183,False,
bellevue_150th_eastgate,A5,420,717131744,1062506842,5283,9,4,4,4,4,0.0025,10,1,False,
bellevue_150th_eastgate,A6,420,717131744,1062506842,5283,9,4,4,4,4,0.0025,10,1,False,
bellevue_150th_eastgate,A7,420,717131744,1062506842,5283,9,4,4,1,2,0.005,2,1,False,
bellevue_150th_eastgate,A9,420,717131744,1062506842,5283,9,4,4,4,4,0.0025,10,1,False,
bellevue_150th_eastgate,A5,421,370893090,1063524582,10982,9,4,4,4,4,0.005,9,0.994809688581315,False,
bellevue_150th_eastgate,A6,421,370893090,1063524582,10982,9,4,4,4,4,0.005,9,0.994809688581315,False,
bellevue_150th_eastgate,A7,421,370893090,1063524582,10982,9,4,4,2,2,0.005,4,1,False,
bellevue_150th_eastgate,A9,421,370893090,1063524582,10982,9,4,4,4,4,0.005,9,0.994809688581315,False,
bellevue_150th_eastgate,A5,422,265222664,872780480,14565,10,4,4,4,4,0.005,9,0.994301407483694,False,
bellevue_150th_eastgate,A6,422,265222664,872780480,14565,10,4,4,4,4,0.005,9,0.994301407483694,False,
bellevue_150th_eastgate,A7,422,265222664,872780480,14565,10,4,4,2,2,0.005,4,1,False,
bellevue_150th_eastgate,A9,422,265222664,872780480,14565,10,4,4,4,4,0.005,9,0.994301407483694,False,
bellevue_150th_eastgate,A5,423,1692680482,882907175,6734,9,4,4,4,4,0.001,11,0.999405999405999,False,
bellevue_150th_eastgate,A6,423,1692680482,882907175,6734,9,4,4,4,4,0.001,11,0.999405999405999,False,
bellevue_150th_eastgate,A7,423,1692680482,882907175,6734,9,4,4,1,2,0.005,2,1,False,
bellevue_150th_eastgate,A9,423,1692680482,882907175,6734,9,4,4,4,4,0.001,11,0.999405999405999,False,
bellevue_150th_eastgate,A5,424,1584500252,1708808640,6622,8,3,4,3,4,0.02,7,0.992902446390818,False,
bellevue_150th_eastgate,A6,424,1584500252,1708808640,6622,8,3,4,3,4,0.02,7,0.992902446390818,False,
bellevue_150th_eastgate,A7,424,1584500252,1708808640,6622,8,3,4,1,2,0.005,2,1,False,
bellevue_150th_eastgate,A9,424,1584500252,1708808640,6622,8,3,4,3,4,0.02,7,0.992902446390818,False,
bellevue_150th_eastgate,A5,425,1951333108,1425487410,11077,11,4,4,4,4,0.005,9,0.996027805362463,False,
bellevue_150th_eastgate,A6,425,1951333108,1425487410,11077,11,4,4,4,4,0.005,9,0.996027805362463,False,
bellevue_150th_eastgate,A7,425,1951333108,1425487410,11077,11,4,4,2,2,0.005,4,1,False,
bellevue_150th_eastgate,A9,425,1951333108,1425487410,11077,11,4,4,4,4,0.005,9,0.996027805362463,False,
bellevue_150th_eastgate,A5,426,518187384,742208520,11705,11,3,4,3,4,0.01,7,0.993763348996155,False,
bellevue_150th_eastgate,A6,426,518187384,742208520,11705,11,3,4,3,4,0.01,7,0.993763348996155,False,
bellevue_150th_eastgate,A7,426,518187384,742208520,11705,11,3,4,2,2,0.0025,4,1,False,
bellevue_150th_eastgate,A9,426,518187384,742208520,11705,11,3,4,3,4,0.01,7,0.993763348996155,False,
bellevue_150th_eastgate,A5,427,52714858,1981512028,8768,10,4,4,4,4,0.005,9,0.995780109489051,False,
bellevue_150th_eastgate,A6,427,52714858,1981512028,8768,10,4,4,4,4,0.005,9,0.995780109489051,False,
bellevue_150th_eastgate,A7,427,52714858,1981512028,8768,10,4,4,2,2,0.005,4,1,False,
bellevue_150th_eastgate,A9,427,52714858,1981512028,8768,10,4,4,4,4,0.005,9,0.995780109489051,False,
bellevue_150th_eastgate,A5,428,225206977,1896134601,8169,11,4,4,4,4,0.005,10,0.998041375933407,False,
bellevue_150th_eastgate,A6,428,225206977,1896134601,8169,11,4,4,4,4,0.005,10,0.998041375933407,False,
bellevue_150th_eastgate,A7,428,225206977,1896134601,8169,11,4,4,1,2,0.005,2,1,False,
bellevue_150th_eastgate,A9,428,225206977,1896134601,8169,11,4,4,4,4,0.005,10,0.998041375933407,False,
bellevue_150th_eastgate,A5,429,1516434895,1326966430,8959,11,4,4,4,4,0.005,9,0.994865498381516,False,
bellevue_150th_eastgate,A6,429,1516434895,1326966430,8959,11,4,4,4,4,0.005,9,0.994865498381516,False,
bellevue_150th_eastgate,A7,429,1516434895,1326966430,8959,11,4,4,2,2,0.001,4,1,False,
bellevue_150th_eastgate,A9,429,1516434895,1326966430,8959,11,4,4,4,4,0.005,9,0.994865498381516,False,
bellevue_150th_eastgate,A5,430,1443616413,1580584862,12623,13,3,4,3,4,0.01,7,0.993979244236711,False,
bellevue_150th_eastgate,A6,430,1443616413,1580584862,12623,13,3,4,3,4,0.01,7,0.993979244236711,False,
bellevue_150th_eastgate,A7,430,1443616413,1580584862,12623,13,3,4,1,2,0.005,2,1,False,
bellevue_150th_eastgate,A9,430,1443616413,1580584862,12623,13,3,4,3,4,0.01,7,0.993979244236711,False,
bellevue_150th_eastgate,A5,431,1850934303,1287047116,8856,7,3,4,3,4,0.02,7,0.988821138211382,False,
bellevue_150th_eastgate,A6,431,1850934303,1287047116,8856,7,3,4,3,4,0.02,7,0.988821138211382,False,
bellevue_150th_eastgate,A7,431,1850934303,1287047116,8856,7,3,4,1,2,0.005,2,1,False,
bellevue_150th_eastgate,A9,431,1850934303,1287047116,8856,7,3,4,3,4,0.02,7,0.988821138211382,False,
bellevue_150th_eastgate,A5,432,651554519,2040774473,1592,7,4,7,4,5,0.0025,14,0.998115577889447,False,
bellevue_150th_eastgate,A6,432,651554519,2040774473,1592,7,4,7,4,5,0.0025,14,0.998115577889447,False,
bellevue_150th_eastgate,A7,432,651554519,2040774473,1592,7,4,7,1,2,0.005,2,1,False,
bellevue_150th_eastgate,A9,432,651554519,2040774473,1592,7,4,7,4,5,0.0025,14,0.998115577889447,False,
bellevue_150th_eastgate,A5,433,913872710,1360818563,13461,9,4,4,4,4,0.02,9,0.990936780328356,False,
bellevue_150th_eastgate,A6,433,913872710,1360818563,13461,9,4,4,4,4,0.02,9,0.990936780328356,False,
bellevue_150th_eastgate,A7,433,913872710,1360818563,13461,9,4,4,2,2,0.005,3,1,False,
bellevue_150th_eastgate,A9,433,913872710,1360818563,13461,9,4,4,4,4,0.02,9,0.990936780328356,False,
bellevue_150th_eastgate,A5,434,2024499438,1607105659,8859,9,4,4,4,4,0.02,8,0.981826391240546,False,
bellevue_150th_eastgate,A6,434,2024499438,1607105659,8859,9,4,4,4,4,0.02,8,0.981826391240546,False,
bellevue_150th_eastgate,A7,434,2024499438,1607105659,8859,9,4,4,2,2,0.0025,4,1,False,
bellevue_150th_eastgate,A9,434,2024499438,1607105659,8859,9,4,4,4,4,0.02,8,0.981826391240546,False,
bellevue_150th_eastgate,A5,435,113403160,1010988116,10959,10,3,4,3,4,0.02,7,0.991513824254038,False,
bellevue_150th_eastgate,A6,435,113403160,1010988116,10959,10,3,4,3,4,0.02,7,0.991513824254038,False,
bellevue_150th_eastgate,A7,435,113403160,1010988116,10959,10,3,4,1,2,0.005,2,1,False,
bellevue_150th_eastgate,A9,435,113403160,1010988116,10959,10,3,4,3,4,0.02,7,0.991513824254038,False,
bellevue_150th_eastgate,A5,436,333615824,2117259910,8647,8,4,4,4,4,0.005,9,0.99537411819128,False,
bellevue_150th_eastgate,A6,436,333615824,2117259910,8647,8,4,4,4,4,0.005,9,0.99537411819128,False,
bellevue_150th_eastgate,A7,436,333615824,2117259910,8647,8,4,4,2,2,0.005,4,1,False,
bellevue_150th_eastgate,A9,436,333615824,2117259910,8647,8,4,4,4,4,0.005,9,0.99537411819128,False,
bellevue_150th_eastgate,A5,437,127687735,1390697025,6059,9,4,4,4,4,0.0025,10,0.998514606370688,False,
bellevue_150th_eastgate,A6,437,127687735,1390697025,6059,9,4,4,4,4,0.0025,10,0.998514606370688,False,
bellevue_150th_eastgate,A7,437,127687735,1390697025,6059,9,4,4,1,2,0.005,2,1,False,
bellevue_150th_eastgate,A9,437,127687735,1390697025,6059,9,4,4,4,4,0.0025,10,0.998514606370688,False,
bellevue_150th_eastgate,A5,438,1614528311,931514444,9381,10,3,4,3,4,0.001,9,0.999360409338024,False,
bellevue_150th_eastgate,A6,438,1614528311,931514444,9381,10,3,4,3,4,0.001,9,0.999360409338024,False,
bellevue_150th_eastgate,A7,438,1614528311,931514444,9381,10,3,4,1,2,0.005,2,1,False,
bellevue_150th_eastgate,A9,438,1614528311,931514444,9381,10,3,4,3,4,0.001,9,0.999360409338024,False,
bellevue_150th_eastgate,A5,439,1534321959,2032425710,8046,9,4,4,4,4,0.001,10,0.999254287844892,False,
bellevue_150th_eastgate,A6,439,1534321959,2032425710,8046,9,4,4,4,4,0.001,10,0.999254287844892,False,
bellevue_150th_eastgate,A7,439,1534321959,2032425710,8046,9,4,4,2,2,0.005,4,1,False,
bellevue_150th_eastgate,A9,439,1534321959,2032425710,8046,9,4,4,4,4,0.001,10,0.999254287844892,False,
bellevue_150th_eastgate,A5,440,692345520,1459579359,5917,10,4,4,4,4,0.02,9,0.990873753591347,False,
bellevue_150th_eastgate,A6,440,692345520,1459579359,5917,10,4,4,4,4,0.02,9,0.990873753591347,False,
bellevue_150th_eastgate,A7,440,692345520,1459579359,5917,10,4,4,1,2,0.005,2,1,False,
bellevue_150th_eastgate,A9,440,692345520,1459579359,5917,10,4,4,4,4,0.02,9,0.990873753591347,False,
bellevue_150th_eastgate,A5,441,1013141270,980688817,5751,10,3,4,3,4,0.001,8,0.998956703182055,False,
bellevue_150th_eastgate,A6,441,1013141270,980688817,5751,10,3,4,3,4,0.001,8,0.998956703182055,False,
bellevue_150th_eastgate,A7,441,1013141270,980688817,5751,10,3,4,1,3,0.005,3,1,False,
bellevue_150th_eastgate,A9,441,1013141270,980688817,5751,10,3,4,3,4,0.001,8,0.998956703182055,False,
bellevue_150th_eastgate,A5,442,623251951,967931389,11733,10,4,4,4,4,0.005,9,0.996505582544959,False,
bellevue_150th_eastgate,A6,442,623251951,967931389,11733,10,4,4,4,4,0.005,9,0.996505582544959,False,
bellevue_150th_eastgate,A7,442,623251951,967931389,11733,10,4,4,2,2,0.005,4,1,False,
bellevue_150th_eastgate,A9,442,623251951,967931389,11733,10,4,4,4,4,0.005,9,0.996505582544959,False,
bellevue_150th_eastgate,A5,443,133623475,700351701,7546,10,4,4,4,4,0.005,9,0.995626822157434,False,
bellevue_150th_eastgate,A6,443,133623475,700351701,7546,10,4,4,4,4,0.005,9,0.995626822157434,False,
bellevue_150th_eastgate,A7,443,133623475,700351701,7546,10,4,4,2,2,0.005,4,1,False,
bellevue_150th_eastgate,A9,443,133623475,700351701,7546,10,4,4,4,4,0.005,9,0.995626822157434,False,
bellevue_150th_eastgate,A5,444,1742257742,511460965,12337,10,3,4,3,4,0.01,7,0.994731296101159,False,
bellevue_150th_eastgate,A6,444,1742257742,511460965,12337,10,3,4,3,4,0.01,7,0.994731296101159,False,
bellevue_150th_eastgate,A7,444,1742257742,511460965,12337,10,3,4,1,2,0.005,2,1,False,
bellevue_150th_eastgate,A9,444,1742257742,511460965,12337,10,3,4,3,4,0.01,7,0.994731296101159,False,
bellevue_150th_eastgate,A5,445,1182478425,801361156,4737,10,4,4,4,4,0.0025,10,0.999577791851383,False,
bellevue_150th_eastgate,A6,445,1182478425,801361156,4737,10,4,4,4,4,0.0025,10,0.999577791851383,False,
bellevue_150th_eastgate,A7,445,1182478425,801361156,4737,10,4,4,1,3,0.005,3,1,False,
bellevue_150th_eastgate,A9,445,1182478425,801361156,4737,10,4,4,4,4,0.0025,10,0.999577791851383,False,
bellevue_150th_eastgate,A5,446,894236299,1662679154,3768,8,3,4,3,4,0.005,8,0.997876857749469,False,
bellevue_150th_eastgate,A6,446,894236299,1662679154,3768,8,3,4,3,4,0.005,8,0.997876857749469,False,
bellevue_150th_eastgate,A7,446,894236299,1662679154,3768,8,3,4,1,2,0.005,2,1,False,
bellevue_150th_eastgate,A9,446,894236299,1662679154,3768,8,3,4,3,4,0.005,8,0.997876857749469,False,
bellevue_150th_eastgate,A5,447,1935602825,195204430,10759,8,3,4,3,4,0.02,7,0.991356073984571,False,
bellevue_150th_eastgate,A6,447,1935602825,195204430,10759,8,3,4,3,4,0.02,7,0.991356073984571,False,
bellevue_150th_eastgate,A7,447,1935602825,195204430,10759,8,3,4,2,2,0.0025,4,1,False,
bellevue_150th_eastgate,A9,447,1935602825,195204430,10759,8,3,4,3,4,0.02,7,0.991356073984571,False,
bellevue_150th_eastgate,A5,448,201523846,1885735337,10711,11,4,4,4,4,0.01,9,0.993558024460835,False,
bellevue_150th_eastgate,A6,448,201523846,1885735337,10711,11,4,4,4,4,0.01,9,0.993558024460835,False,
bellevue_150th_eastgate,A7,448,201523846,1885735337,10711,11,4,4,2,2,0.005,3,1,False,
bellevue_150th_eastgate,A9,448,201523846,1885735337,10711,11,4,4,4,4,0.01,9,0.993558024460835,False,
bellevue_150th_eastgate,A5,449,74560148,1147769605,4837,10,4,4,4,4,0.001,10,0.999173041141203,False,
bellevue_150th_eastgate,A6,449,74560148,1147769605,4837,10,4,4,4,4,0.001,10,0.999173041141203,False,
bellevue_150th_eastgate,A7,449,74560148,1147769605,4837,10,4,4,2,2,0.005,4,1,False,
bellevue_150th_eastgate,A9,449,74560148,1147769605,4837,10,4,4,4,4,0.001,10,0.999173041141203,False,
bellevue_150th_eastgate,A5,450,711078421,110904413,10457,10,3,4,3,4,0.02,7,0.990723916993402,False,
bellevue_150th_eastgate,A6,450,711078421,110904413,10457,10,3,4,3,4,0.02,7,0.990723916993402,False,
bellevue_150th_eastgate,A7,450,711078421,110904413,10457,10,3,4,2,2,0.0025,4,1,False,
bellevue_150th_eastgate,A9,450,711078421,110904413,10457,10,3,4,3,4,0.02,7,0.990723916993402,False,
bellevue_150th_eastgate,A5,451,196342448,909184351,5898,10,3,4,3,4,0.02,7,0.991861648016277,False,
bellevue_150th_eastgate,A6,451,196342448,909184351,5898,10,3,4,3,4,0.02,7,0.991861648016277,False,
bellevue_150th_eastgate,A7,451,196342448,909184351,5898,10,3,4,1,2,0.005,2,1,False,
bellevue_150th_eastgate,A9,451,196342448,909184351,5898,10,3,4,3,4,0.02,7,0.991861648016277,False,
bellevue_150th_eastgate,A5,452,660313480,1887839085,7154,11,4,4,4,4,0.02,9,0.992591557170813,False,
bellevue_150th_eastgate,A6,452,660313480,1887839085,7154,11,4,4,4,4,0.02,9,0.992591557170813,False,
bellevue_150th_eastgate,A7,452,660313480,1887839085,7154,11,4,4,2,2,0.005,4,1,False,
bellevue_150th_eastgate,A9,452,660313480,1887839085,7154,11,4,4,4,4,0.02,9,0.992591557170813,False,
bellevue_150th_eastgate,A5,453,937055407,1852264468,12099,11,4,4,4,4,0.01,9,0.993305231837342,False,
bellevue_150th_eastgate,A6,453,937055407,1852264468,12099,11,4,4,4,4,0.01,9,0.993305231837342,False,
bellevue_150th_eastgate,A7,453,937055407,1852264468,12099,11,4,4,2,2,0.005,4,1,False,
bellevue_150th_eastgate,A9,453,937055407,1852264468,12099,11,4,4,4,4,0.01,9,0.993305231837342,False,
bellevue_150th_eastgate,A5,454,1581506886,1990287915,7271,9,4,4,4,4,0.02,8,0.986659331591253,False,
bellevue_150th_eastgate,A6,454,1581506886,1990287915,7271,9,4,4,4,4,0.02,8,0.986659331591253,False,
bellevue_150th_eastgate,A7,454,1581506886,1990287915,7271,9,4,4,2,2,0.005,4,1,False,
bellevue_150th_eastgate,A9,454,1581506886,1990287915,7271,9,4,4,4,4,0.02,8,0.986659331591253,False,
bellevue_150th_eastgate,A5,455,1853287939,1795203450,4119,9,4,8,4,6,0.005,15,0.993445010924982,False,
bellevue_150th_eastgate,A6,455,1853287939,1795203450,4119,9,4,8,4,6,0.005,15,0.993445010924982,False,
bellevue_150th_eastgate,A7,455,1853287939,1795203450,4119,9,4,8,1,2,0.005,2,1,False,
bellevue_150th_eastgate,A9,455,1853287939,1795203450,4119,9,4,8,4,6,0.005,15,0.993445010924982,False,
bellevue_150th_eastgate,A5,456,2037455170,1476245247,8997,11,3,4,3,4,0.005,7,0.996109814382572,False,
bellevue_150th_eastgate,A6,456,2037455170,1476245247,8997,11,3,4,3,4,0.005,7,0.996109814382572,False,
bellevue_150th_eastgate,A7,456,2037455170,1476245247,8997,11,3,4,1,2,0.005,2,1,False,
bellevue_150th_eastgate,A9,456,2037455170,1476245247,8997,11,3,4,3,4,0.005,7,0.996109814382572,False,
bellevue_150th_eastgate,A5,457,1889214375,285714835,13476,10,4,4,4,4,0.005,9,0.994657168299199,False,
bellevue_150th_eastgate,A6,457,1889214375,285714835,13476,10,4,4,4,4,0.005,9,0.994657168299199,False,
bellevue_150th_eastgate,A7,457,1889214375,285714835,13476,10,4,4,2,2,0.005,4,1,False,
bellevue_150th_eastgate,A9,457,1889214375,285714835,13476,10,4,4,4,4,0.005,9,0.994657168299199,False,
bellevue_150th_eastgate,A5,458,1978210983,80310418,6052,10,4,4,4,4,0.02,8,0.985459352280238,False,
bellevue_150th_eastgate,A6,458,1978210983,80310418,6052,10,4,4,4,4,0.02,8,0.985459352280238,False,
bellevue_150th_eastgate,A7,458,1978210983,80310418,6052,10,4,4,2,2,0.005,4,1,False,
bellevue_150th_eastgate,A9,458,1978210983,80310418,6052,10,4,4,4,4,0.02,8,0.985459352280238,False,
bellevue_150th_eastgate,A5,459,710265925,1630780169,12496,11,4,4,4,4,0.005,10,0.998159411011524,False,
bellevue_150th_eastgate,A6,459,710265925,1630780169,12496,11,4,4,4,4,0.005,10,0.998159411011524,False,
bellevue_150th_eastgate,A7,459,710265925,1630780169,12496,11,4,4,2,2,0.005,4,1,False,
bellevue_150th_eastgate,A9,459,710265925,1630780169,12496,11,4,4,4,4,0.005,10,0.998159411011524,False,
bellevue_150th_eastgate,A5,460,921839348,140162643,9401,12,4,4,4,4,0.005,10,0.997127965110095,False,
bellevue_150th_eastgate,A6,460,921839348,140162643,9401,12,4,4,4,4,0.005,10,0.997127965110095,False,
bellevue_150th_eastgate,A7,460,921839348,140162643,9401,12,4,4,1,2,0.005,2,1,False,
bellevue_150th_eastgate,A9,460,921839348,140162643,9401,12,4,4,4,4,0.005,10,0.997127965110095,False,
bellevue_150th_eastgate,A5,461,1119737167,639995393,12141,10,4,4,4,4,0.01,9,0.995140433242731,False,
bellevue_150th_eastgate,A6,461,1119737167,639995393,12141,10,4,4,4,4,0.01,9,0.995140433242731,False,
bellevue_150th_eastgate,A7,461,1119737167,639995393,12141,10,4,4,2,2,0.005,4,1,False,
bellevue_150th_eastgate,A9,461,1119737167,639995393,12141,10,4,4,4,4,0.01,9,0.995140433242731,False,
bellevue_150th_eastgate,A5,462,166084201,366719516,6935,10,4,4,4,4,0.0025,10,1,False,
bellevue_150th_eastgate,A6,462,166084201,366719516,6935,10,4,4,4,4,0.0025,10,1,False,
bellevue_150th_eastgate,A7,462,166084201,366719516,6935,10,4,4,1,3,0.005,3,1,False,
bellevue_150th_eastgate,A9,462,166084201,366719516,6935,10,4,4,4,4,0.0025,10,1,False,
bellevue_150th_eastgate,A5,463,343131604,784683438,10191,8,3,4,3,4,0.02,7,0.988421155921892,False,
bellevue_150th_eastgate,A6,463,343131604,784683438,10191,8,3,4,3,4,0.02,7,0.988421155921892,False,
bellevue_150th_eastgate,A7,463,343131604,784683438,10191,8,3,4,1,2,0.005,2,1,False,
bellevue_150th_eastgate,A9,463,343131604,784683438,10191,8,3,4,3,4,0.02,7,0.988421155921892,False,
bellevue_150th_eastgate,A5,464,1982859772,1695488556,8450,9,4,4,4,4,0.001,11,0.999289940828402,False,
bellevue_150th_eastgate,A6,464,1982859772,1695488556,8450,9,4,4,4,4,0.001,11,0.999289940828402,False,
bellevue_150th_eastgate,A7,464,1982859772,1695488556,8450,9,4,4,2,2,0.005,3,1,False,
bellevue_150th_eastgate,A9,464,1982859772,1695488556,8450,9,4,4,4,4,0.001,11,0.999289940828402,False,
bellevue_150th_eastgate,A5,465,1098207111,387401662,7855,10,3,4,3,4,0.02,7,0.990833863781031,False,
bellevue_150th_eastgate,A6,465,1098207111,387401662,7855,10,3,4,3,4,0.02,7,0.990833863781031,False,
bellevue_150th_eastgate,A7,465,1098207111,387401662,7855,10,3,4,1,2,0.005,2,1,False,
bellevue_150th_eastgate,A9,465,1098207111,387401662,7855,10,3,4,3,4,0.02,7,0.990833863781031,False,
bellevue_150th_eastgate,A5,466,1596904570,1514715907,6335,8,4,4,4,4,0.005,10,0.997947908445146,False,
bellevue_150th_eastgate,A6,466,1596904570,1514715907,6335,8,4,4,4,4,0.005,10,0.997947908445146,False,
bellevue_150th_eastgate,A7,466,1596904570,1514715907,6335,8,4,4,2,2,0.005,4,1,False,
bellevue_150th_eastgate,A9,466,1596904570,1514715907,6335,8,4,4,4,4,0.005,10,0.997947908445146,False,
bellevue_150th_eastgate,A5,467,1203628733,2097848913,8639,11,4,4,4,4,0.005,9,0.993865030674847,False,
bellevue_150th_eastgate,A6,467,1203628733,2097848913,8639,11,4,4,4,4,0.005,9,0.993865030674847,False,
bellevue_150th_eastgate,A7,467,1203628733,2097848913,8639,11,4,4,2,2,0.005,4,1,False,
bellevue_150th_eastgate,A9,467,1203628733,2097848913,8639,11,4,4,4,4,0.005,9,0.993865030674847,False,
bellevue_150th_eastgate,A5,468,714686605,54537770,12446,10,4,4,4,4,0.01,9,0.994938132733408,False,
bellevue_150th_eastgate,A6,468,714686605,54537770,12446,10,4,4,4,4,0.01,9,0.994938132733408,False,
bellevue_150th_eastgate,A7,468,714686605,54537770,12446,10,4,4,2,2,0.005,4,1,False,
bellevue_150th_eastgate,A9,468,714686605,54537770,12446,10,4,4,4,4,0.01,9,0.994938132733408,False,
bellevue_150th_eastgate,A5,469,1671676606,1803527397,6118,9,4,4,4,4,0.005,9,0.994606080418437,False,
bellevue_150th_eastgate,A6,469,1671676606,1803527397,6118,9,4,4,4,4,0.005,9,0.994606080418437,False,
bellevue_150th_eastgate,A7,469,1671676606,1803527397,6118,9,4,4,1,2,0.005,2,1,False,
bellevue_150th_eastgate,A9,469,1671676606,1803527397,6118,9,4,4,4,4,0.005,9,0.994606080418437,False,
bellevue_150th_eastgate,A5,470,1724048669,2102632532,11984,9,4,4,4,4,0.005,9,0.994576101468625,False,
bellevue_150th_eastgate,A6,470,1724048669,2102632532,11984,9,4,4,4,4,0.005,9,0.994576101468625,False,
bellevue_150th_eastgate,A7,470,1724048669,2102632532,11984,9,4,4,2,2,0.005,4,1,False,
bellevue_150th_eastgate,A9,470,1724048669,2102632532,11984,9,4,4,4,4,0.005,9,0.994576101468625,False,
bellevue_150th_eastgate,A5,471,786002535,778920216,8164,8,3,4,3,4,0.01,7,0.991915727584517,False,
bellevue_150th_eastgate,A6,471,786002535,778920216,8164,8,3,4,3,4,0.01,7,0.991915727584517,False,
bellevue_150th_eastgate,A7,471,786002535,778920216,8164,8,3,4,1,2,0.005,2,1,False,
bellevue_150th_eastgate,A9,471,786002535,778920216,8164,8,3,4,3,4,0.01,7,0.991915727584517,False,
bellevue_150th_eastgate,A5,472,83005849,1318352421,8255,13,4,4,4,4,0.005,9,0.994064203513022,False,
bellevue_150th_eastgate,A6,472,83005849,1318352421,8255,13,4,4,4,4,0.005,9,0.994064203513022,False,
bellevue_150th_eastgate,A7,472,83005849,1318352421,8255,13,4,4,2,2,0.005,4,1,False,
bellevue_150th_eastgate,A9,472,83005849,1318352421,8255,13,4,4,4,4,0.005,9,0.994064203513022,False,
bellevue_150th_eastgate,A5,473,1210346744,1426624059,5353,9,4,4,4,4,0.001,10,0.998131888660564,False,
bellevue_150th_eastgate,A6,473,1210346744,1426624059,5353,9,4,4,4,4,0.001,10,0.998131888660564,False,
bellevue_150th_eastgate,A7,473,1210346744,1426624059,5353,9,4,4,2,2,0.005,4,1,False,
bellevue_150th_eastgate,A9,473,1210346744,1426624059,5353,9,4,4,4,4,0.001,10,0.998131888660564,False,
bellevue_150th_eastgate,A5,474,665030487,924535265,7937,10,3,4,3,4,0.01,7,0.994204359329722,False,
bellevue_150th_eastgate,A6,474,665030487,924535265,7937,10,3,4,3,4,0.01,7,0.994204359329722,False,
bellevue_150th_eastgate,A7,474,665030487,924535265,7937,10,3,4,1,2,0.005,2,1,False,
bellevue_150th_eastgate,A9,474,665030487,924535265,7937,10,3,4,3,4,0.01,7,0.994204359329722,False,
bellevue_150th_eastgate,A5,475,1427698782,1723638848,7965,12,4,4,4,4,0.01,9,0.992718141870684,False,
bellevue_150th_eastgate,A6,475,1427698782,1723638848,7965,12,4,4,4,4,0.01,9,0.992718141870684,False,
bellevue_150th_eastgate,A7,475,1427698782,1723638848,7965,12,4,4,2,2,0.005,4,1,False,
bellevue_150th_eastgate,A9,475,1427698782,1723638848,7965,12,4,4,4,4,0.01,9,0.992718141870684,False,
bellevue_150th_eastgate,A5,476,1506484565,1660833445,7522,10,3,4,3,4,0.02,7,0.989231587343792,False,
bellevue_150th_eastgate,A6,476,1506484565,1660833445,7522,10,3,4,3,4,0.02,7,0.989231587343792,False,
bellevue_150th_eastgate,A7,476,1506484565,1660833445,7522,10,3,4,1,2,0.005,2,1,False,
bellevue_150th_eastgate,A9,476,1506484565,1660833445,7522,10,3,4,3,4,0.02,7,0.989231587343792,False,
bellevue_150th_eastgate,A5,477,1162468382,2067896056,8355,9,4,4,4,4,0.005,9,0.993536804308797,False,
bellevue_150th_eastgate,A6,477,1162468382,2067896056,8355,9,4,4,4,4,0.005,9,0.993536804308797,False,
bellevue_150th_eastgate,A7,477,1162468382,2067896056,8355,9,4,4,2,2,0.005,4,1,False,
bellevue_150th_eastgate,A9,477,1162468382,2067896056,8355,9,4,4,4,4,0.005,9,0.993536804308797,False,
bellevue_150th_eastgate,A5,478,1574054961,684370777,5152,7,4,4,4,4,0.0025,10,1,False,
bellevue_150th_eastgate,A6,478,1574054961,684370777,5152,7,4,4,4,4,0.0025,10,1,False,
bellevue_150th_eastgate,A7,478,1574054961,684370777,5152,7,4,4,1,3,0.005,3,1,False,
bellevue_150th_eastgate,A9,478,1574054961,684370777,5152,7,4,4,4,4,0.0025,10,1,False,
bellevue_150th_eastgate,A5,479,1449727127,844511415,11397,10,3,4,3,4,0.02,7,0.991927700272001,False,
bellevue_150th_eastgate,A6,479,1449727127,844511415,11397,10,3,4,3,4,0.02,7,0.991927700272001,False,
bellevue_150th_eastgate,A7,479,1449727127,844511415,11397,10,3,4,1,2,0.005,2,1,False,
bellevue_150th_eastgate,A9,479,1449727127,844511415,11397,10,3,4,3,4,0.02,7,0.991927700272001,False,
bellevue_150th_eastgate,A5,480,1589534916,2134642716,7831,7,3,4,3,4,0.01,7,0.995147490741923,False,
bellevue_150th_eastgate,A6,480,1589534916,2134642716,7831,7,3,4,3,4,0.01,7,0.995147490741923,False,
bellevue_150th_eastgate,A7,480,1589534916,2134642716,7831,7,3,4,1,2,0.005,2,1,False,
bellevue_150th_eastgate,A9,480,1589534916,2134642716,7831,7,3,4,3,4,0.01,7,0.995147490741923,False,
bellevue_150th_eastgate,A5,481,214324328,1106146431,13893,10,4,4,4,4,0.005,9,0.995393363564385,False,
bellevue_150th_eastgate,A6,481,214324328,1106146431,13893,10,4,4,4,4,0.005,9,0.995393363564385,False,
bellevue_150th_eastgate,A7,481,214324328,1106146431,13893,10,4,4,2,2,0.005,4,1,False,
bellevue_150th_eastgate,A9,481,214324328,1106146431,13893,10,4,4,4,4,0.005,9,0.995393363564385,False,
bellevue_150th_eastgate,A5,482,826677614,226059696,5243,10,4,4,4,4,0.02,8,0.985123021171085,False,
bellevue_150th_eastgate,A6,482,826677614,226059696,5243,10,4,4,4,4,0.02,8,0.985123021171085,False,
bellevue_150th_eastgate,A7,482,826677614,226059696,5243,10,4,4,1,2,0.005,2,1,False,
bellevue_150th_eastgate,A9,482,826677614,226059696,5243,10,4,4,4,4,0.02,8,0.985123021171085,False,
bellevue_150th_eastgate,A5,483,1914628430,524010357,11402,9,4,4,4,4,0.005,10,0.99763199438695,False,
bellevue_150th_eastgate,A6,483,1914628430,524010357,11402,9,4,4,4,4,0.005,10,0.99763199438695,False,
bellevue_150th_eastgate,A7,483,1914628430,524010357,11402,9,4,4,2,2,0.005,4,1,False,
bellevue_150th_eastgate,A9,483,1914628430,524010357,11402,9,4,4,4,4,0.005,10,0.99763199438695,False,
bellevue_150th_eastgate,A5,484,1139986027,1813607416,5403,8,4,4,4,4,0.01,9,0.993337034980566,False,
bellevue_150th_eastgate,A6,484,1139986027,1813607416,5403,8,4,4,4,4,0.01,9,0.993337034980566,False,
bellevue_150th_eastgate,A7,484,1139986027,1813607416,5403,8,4,4,2,2,0.005,4,1,False,
bellevue_150th_eastgate,A9,484,1139986027,1813607416,5403,8,4,4,4,4,0.01,9,0.993337034980566,False,
bellevue_150th_eastgate,A5,485,169214722,822218663,8209,10,4,4,4,4,0.01,9,0.99269094895846,False,
bellevue_150th_eastgate,A6,485,169214722,822218663,8209,10,4,4,4,4,0.01,9,0.99269094895846,False,
bellevue_150th_eastgate,A7,485,169214722,822218663,8209,10,4,4,2,2,0.005,4,1,False,
bellevue_150th_eastgate,A9,485,169214722,822218663,8209,10,4,4,4,4,0.01,9,0.99269094895846,False,
bellevue_150th_eastgate,A5,486,1882354989,1649844222,8706,9,3,4,3,4,0.001,9,0.999540546749368,False,
bellevue_150th_eastgate,A6,486,1882354989,1649844222,8706,9,3,4,3,4,0.001,9,0.999540546749368,False,
bellevue_150th_eastgate,A7,486,1882354989,1649844222,8706,9,3,4,1,2,0.005,2,1,False,
bellevue_150th_eastgate,A9,486,1882354989,1649844222,8706,9,3,4,3,4,0.001,9,0.999540546749368,False,
bellevue_150th_eastgate,A5,487,1067168857,422128480,5648,10,3,4,3,4,0.005,8,0.997875354107649,False,
bellevue_150th_eastgate,A6,487,1067168857,422128480,5648,10,3,4,3,4,0.005,8,0.997875354107649,False,
bellevue_150th_eastgate,A7,487,1067168857,422128480,5648,10,3,4,1,2,0.005,2,1,False,
bellevue_150th_eastgate,A9,487,1067168857,422128480,5648,10,3,4,3,4,0.005,8,0.997875354107649,False,
bellevue_150th_eastgate,A5,488,2010661660,1063026803,6870,9,4,4,4,4,0.005,9,0.992430858806405,False,
bellevue_150th_eastgate,A6,488,2010661660,1063026803,6870,9,4,4,4,4,0.005,9,0.992430858806405,False,
bellevue_150th_eastgate,A7,488,2010661660,1063026803,6870,9,4,4,2,2,0.005,3,1,False,
bellevue_150th_eastgate,A9,488,2010661660,1063026803,6870,9,4,4,4,4,0.005,9,0.992430858806405,False,
bellevue_150th_eastgate,A5,489,342276949,228668566,11489,8,4,4,4,4,0.005,10,0.99808512490208,False,
bellevue_150th_eastgate,A6,489,342276949,228668566,11489,8,4,4,4,4,0.005,10,0.99808512490208,False,
bellevue_150th_eastgate,A7,489,342276949,228668566,11489,8,4,4,2,2,0.005,3,1,False,
bellevue_150th_eastgate,A9,489,342276949,228668566,11489,8,4,4,4,4,0.005,10,0.99808512490208,False,
bellevue_150th_eastgate,A5,490,971429360,411781289,8199,12,4,4,4,4,0.0025,10,0.999146237346018,False,
bellevue_150th_eastgate,A6,490,971429360,411781289,8199,12,4,4,4,4,0.0025,10,0.999146237346018,False,
bellevue_150th_eastgate,A7,490,971429360,411781289,8199,12,4,4,1,3,0.005,3,1,False,
bellevue_150th_eastgate,A9,490,971429360,411781289,8199,12,4,4,4,4,0.0025,10,0.999146237346018,False,
bellevue_150th_eastgate,A5,491,1278343086,270037433,8562,10,3,4,3,4,0.001,9,0.999182434010745,False,
bellevue_150th_eastgate,A6,491,1278343086,270037433,8562,10,3,4,3,4,0.001,9,0.999182434010745,False,
bellevue_150th_eastgate,A7,491,1278343086,270037433,8562,10,3,4,1,2,0.005,2,1,False,
bellevue_150th_eastgate,A9,491,1278343086,270037433,8562,10,3,4,3,4,0.001,9,0.999182434010745,False,
bellevue_150th_eastgate,A5,492,1080407998,771570928,11404,9,4,4,4,4,0.01,9,0.995352507891968,False,
bellevue_150th_eastgate,A6,492,1080407998,771570928,11404,9,4,4,4,4,0.01,9,0.995352507891968,False,
bellevue_150th_eastgate,A7,492,1080407998,771570928,11404,9,4,4,2,2,0.005,4,1,False,
bellevue_150th_eastgate,A9,492,1080407998,771570928,11404,9,4,4,4,4,0.01,9,0.995352507891968,False,
bellevue_150th_eastgate,A5,493,1741085033,1587225534,11376,8,4,4,4,4,0.02,9,0.990770042194093,False,
bellevue_150th_eastgate,A6,493,1741085033,1587225534,11376,8,4,4,4,4,0.02,9,0.990770042194093,False,
bellevue_150th_eastgate,A7,493,1741085033,1587225534,11376,8,4,4,1,2,0.005,2,1,False,
bellevue_150th_eastgate,A9,493,1741085033,1587225534,11376,8,4,4,4,4,0.02,9,0.990770042194093,False,
bellevue_150th_eastgate,A5,494,153705620,921023421,8938,10,4,4,4,4,0.0025,10,0.998769299619602,False,
bellevue_150th_eastgate,A6,494,153705620,921023421,8938,10,4,4,4,4,0.0025,10,0.998769299619602,False,
bellevue_150th_eastgate,A7,494,153705620,921023421,8938,10,4,4,1,2,0.005,2,1,False,
bellevue_150th_eastgate,A9,494,153705620,921023421,8938,10,4,4,4,4,0.0025,10,0.998769299619602,False,
bellevue_150th_eastgate,A5,495,566014280,1524999687,11567,9,3,4,3,4,0.01,7,0.993861848361719,False,
bellevue_150th_eastgate,A6,495,566014280,1524999687,11567,9,3,4,3,4,0.01,7,0.993861848361719,False,
bellevue_150th_eastgate,A7,495,566014280,1524999687,11567,9,3,4,1,2,0.005,2,1,False,
bellevue_150th_eastgate,A9,495,566014280,1524999687,11567,9,3,4,3,4,0.01,7,0.993861848361719,False,
bellevue_150th_eastgate,A5,496,1222016129,816623490,7697,10,4,4,4,4,0.005,9,0.994023645576198,False,
bellevue_150th_eastgate,A6,496,1222016129,816623490,7697,10,4,4,4,4,0.005,9,0.994023645576198,False,
bellevue_150th_eastgate,A7,496,1222016129,816623490,7697,10,4,4,2,2,0.005,4,1,False,
bellevue_150th_eastgate,A9,496,1222016129,816623490,7697,10,4,4,4,4,0.005,9,0.994023645576198,False,
bellevue_150th_eastgate,A5,497,1594698938,1395799511,11101,9,3,4,3,4,0.01,7,0.994595081524187,False,
bellevue_150th_eastgate,A6,497,1594698938,1395799511,11101,9,3,4,3,4,0.01,7,0.994595081524187,False,
bellevue_150th_eastgate,A7,497,1594698938,1395799511,11101,9,3,4,1,2,0.005,2,1,False,
bellevue_150th_eastgate,A9,497,1594698938,1395799511,11101,9,3,4,3,4,0.01,7,0.994595081524187,False,
bellevue_150th_eastgate,A5,498,804435833,1767570927,8108,9,3,4,3,4,0.02,7,0.990503206709423,False,
bellevue_150th_eastgate,A6,498,804435833,1767570927,8108,9,3,4,3,4,0.02,7,0.990503206709423,False,
bellevue_150th_eastgate,A7,498,804435833,1767570927,8108,9,3,4,1,2,0.005,2,1,False,
bellevue_150th_eastgate,A9,498,804435833,1767570927,8108,9,3,4,3,4,0.02,7,0.990503206709423,False,
bellevue_150th_eastgate,A5,499,2019753536,401804275,8015,11,3,4,3,4,0.02,7,0.990268247036806,False,
bellevue_150th_eastgate,A6,499,2019753536,401804275,8015,11,3,4,3,4,0.02,7,0.990268247036806,False,
bellevue_150th_eastgate,A7,499,2019753536,401804275,8015,11,3,4,1,2,0.005,2,1,False,
bellevue_150th_eastgate,A9,499,2019753536,401804275,8015,11,3,4,3,4,0.02,7,0.990268247036806,False,
bellevue_150th_se38th,A5,0,1504310814,1508300678,1392,9,4,8,2,4,0.0025,8,1,False,
bellevue_150th_se38th,A6,0,1504310814,1508300678,1392,9,4,8,2,4,0.0025,8,1,False,
bellevue_150th_se38th,A7,0,1504310814,1508300678,1392,9,4,8,1,1,0.005,1,1,False,
bellevue_150th_se38th,A9,0,1504310814,1508300678,1392,9,4,8,2,4,0.0025,8,1,False,
bellevue_150th_se38th,A5,1,372614884,521437370,4175,6,7,4,6,2,0.0025,11,1,False,
bellevue_150th_se38th,A6,1,372614884,521437370,4175,6,7,4,6,2,0.0025,11,1,False,
bellevue_150th_se38th,A7,1,372614884,521437370,4175,6,7,4,1,2,0.005,2,1,False,
bellevue_150th_se38th,A9,1,372614884,521437370,4175,6,7,4,6,2,0.0025,11,1,False,
bellevue_150th_se38th,A5,2,371479186,162113137,2034,7,7,3,5,2,0.005,9,0.999508357915438,False,
bellevue_150th_se38th,A6,2,371479186,162113137,2034,7,7,3,5,2,0.005,9,0.999508357915438,False,
bellevue_150th_se38th,A7,2,371479186,162113137,2034,7,7,3,1,1,0.005,1,1,False,
bellevue_150th_se38th,A9,2,371479186,162113137,2034,7,7,3,5,2,0.005,9,0.999508357915438,False,
bellevue_150th_se38th,A5,3,486946338,1558374037,3039,7,8,3,5,2,0.001,10,1,False,
bellevue_150th_se38th,A6,3,486946338,1558374037,3039,7,8,3,5,2,0.001,10,1,False,
bellevue_150th_se38th,A7,3,486946338,1558374037,3039,7,8,3,1,1,0.005,1,1,False,
bellevue_150th_se38th,A9,3,486946338,1558374037,3039,7,8,3,5,2,0.001,10,1,False,
bellevue_150th_se38th,A5,4,703977200,1421822707,2365,9,7,4,5,3,0.02,10,0.98816067653277,False,
bellevue_150th_se38th,A6,4,703977200,1421822707,2365,9,7,4,5,3,0.02,10,0.98816067653277,False,
bellevue_150th_se38th,A7,4,703977200,1421822707,2365,9,7,4,1,1,0.005,1,1,False,
bellevue_150th_se38th,A9,4,703977200,1421822707,2365,9,7,4,5,3,0.02,10,0.98816067653277,False,
bellevue_150th_se38th,A5,5,1844132984,1171468013,3092,8,8,6,6,3,0.0025,17,0.997736093143596,False,
bellevue_150th_se38th,A6,5,1844132984,1171468013,3092,8,8,6,6,3,0.0025,17,0.997736093143596,False,
bellevue_150th_se38th,A7,5,1844132984,1171468013,3092,8,8,6,1,1,0.005,1,1,False,
bellevue_150th_se38th,A9,5,1844132984,1171468013,3092,8,8,6,6,3,0.0025,17,0.997736093143596,False,
bellevue_150th_se38th,A5,6,1658793996,1734979427,3115,8,7,4,6,2,0.005,10,0.996789727126806,False,
bellevue_150th_se38th,A6,6,1658793996,1734979427,3115,8,7,4,6,2,0.005,10,0.996789727126806,False,
bellevue_150th_se38th,A7,6,1658793996,1734979427,3115,8,7,4,1,1,0.005,1,1,False,
bellevue_150th_se38th,A9,6,1658793996,1734979427,3115,8,7,4,6,2,0.005,10,0.996789727126806,False,
bellevue_150th_se38th,A5,7,1299355514,1337134346,3013,8,7,3,5,2,0.005,9,0.998340524394291,False,
bellevue_150th_se38th,A6,7,1299355514,1337134346,3013,8,7,3,5,2,0.005,9,0.998340524394291,False,
bellevue_150th_se38th,A7,7,1299355514,1337134346,3013,8,7,3,1,1,0.005,1,1,False,
bellevue_150th_se38th,A9,7,1299355514,1337134346,3013,8,7,3,5,2,0.005,9,0.998340524394291,False,
bellevue_150th_se38th,A5,8,314200187,2115153700,1341,7,7,8,4,5,0.0025,17,0.996271439224459,False,
bellevue_150th_se38th,A6,8,314200187,2115153700,1341,7,7,8,4,5,0.0025,17,0.996271439224459,False,
bellevue_150th_se38th,A7,8,314200187,2115153700,1341,7,7,8,1,1,0.005,1,1,False,
bellevue_150th_se38th,A9,8,314200187,2115153700,1341,7,7,8,4,5,0.0025,17,0.996271439224459,False,
bellevue_150th_se38th,A5,9,1006559629,1044693703,2747,8,8,3,6,2,0.005,12,1,False,
bellevue_150th_se38th,A6,9,1006559629,1044693703,2747,8,8,3,6,2,0.005,12,1,False,
bellevue_150th_se38th,A7,9,1006559629,1044693703,2747,8,8,3,1,1,0.005,1,1,False,
bellevue_150th_se38th,A9,9,1006559629,1044693703,2747,8,8,3,6,2,0.005,12,1,False,
bellevue_150th_se38th,A5,10,1078879902,911310519,3071,9,7,6,5,3,0.02,10,0.976880494952784,False,
bellevue_150th_se38th,A6,10,1078879902,911310519,3071,9,7,6,5,3,0.02,10,0.976880494952784,False,
bellevue_150th_se38th,A7,10,1078879902,911310519,3071,9,7,6,1,1,0.005,1,1,False,
bellevue_150th_se38th,A9,10,1078879902,911310519,3071,9,7,6,5,3,0.02,10,0.976880494952784,False,
bellevue_150th_se38th,A5,11,201972276,318649596,2360,10,6,6,4,3,0.001,12,1,False,
bellevue_150th_se38th,A6,11,201972276,318649596,2360,10,6,6,4,3,0.001,12,1,False,
bellevue_150th_se38th,A7,11,201972276,318649596,2360,10,6,6,1,1,0.005,1,1,False,
bellevue_150th_se38th,A9,11,201972276,318649596,2360,10,6,6,4,3,0.001,12,1,False,
bellevue_150th_se38th,A5,12,546026686,1341427623,2201,9,8,6,5,2,0.0025,10,1,False,
bellevue_150th_se38th,A6,12,546026686,1341427623,2201,9,8,6,5,2,0.0025,10,1,False,
bellevue_150th_se38th,A7,12,546026686,1341427623,2201,9,8,6,1,1,0.005,1,1,False,
bellevue_150th_se38th,A9,12,546026686,1341427623,2201,9,8,6,5,2,0.0025,10,1,False,
bellevue_150th_se38th,A5,13,1660464757,1775523365,2425,7,7,4,5,2,0.001,10,1,False,
bellevue_150th_se38th,A6,13,1660464757,1775523365,2425,7,7,4,5,2,0.001,10,1,False,
bellevue_150th_se38th,A7,13,1660464757,1775523365,2425,7,7,4,1,1,0.005,1,1,False,
bellevue_150th_se38th,A9,13,1660464757,1775523365,2425,7,7,4,5,2,0.001,10,1,False,
bellevue_150th_se38th,A5,14,402771262,314961126,2904,8,7,3,6,2,0.005,10,0.993801652892562,False,
bellevue_150th_se38th,A6,14,402771262,314961126,2904,8,7,3,6,2,0.005,10,0.993801652892562,False,
bellevue_150th_se38th,A7,14,402771262,314961126,2904,8,7,3,1,1,0.005,1,1,False,
bellevue_150th_se38th,A9,14,402771262,314961126,2904,8,7,3,6,2,0.005,10,0.993801652892562,False,
bellevue_150th_se38th,A5,15,894547970,219263418,1644,10,7,3,5,2,0.005,10,1,False,
bellevue_150th_se38th,A6,15,894547970,219263418,1644,10,7,3,5,2,0.005,10,1,False,
bellevue_150th_se38th,A7,15,894547970,219263418,1644,10,7,3,1,1,0.005,1,1,False,
bellevue_150th_se38th,A9,15,894547970,219263418,1644,10,7,3,5,2,0.005,10,1,False,
bellevue_150th_se38th,A5,16,673686266,1192304228,1876,8,7,3,4,2,0.001,8,1,False,
bellevue_150th_se38th,A6,16,673686266,1192304228,1876,8,7,3,4,2,0.001,8,1,False,
bellevue_150th_se38th,A7,16,673686266,1192304228,1876,8,7,3,1,1,0.005,1,1,False,
bellevue_150th_se38th,A9,16,673686266,1192304228,1876,8,7,3,4,2,0.001,8,1,False,
bellevue_150th_se38th,A5,17,1607812994,1945932037,3112,6,7,3,6,2,0.001,12,1,False,
bellevue_150th_se38th,A6,17,1607812994,1945932037,3112,6,7,3,6,2,0.001,12,1,False,
bellevue_150th_se38th,A7,17,1607812994,1945932037,3112,6,7,3,1,1,0.005,1,1,False,
bellevue_150th_se38th,A9,17,1607812994,1945932037,3112,6,7,3,6,2,0.001,12,1,False,
bellevue_150th_se38th,A5,18,424832328,1350745419,1849,7,8,4,6,3,0.005,13,0.995673336938886,False,
bellevue_150th_se38th,A6,18,424832328,1350745419,1849,7,8,4,6,2,0.005,10,0.999459167117361,False,
bellevue_150th_se38th,A7,18,424832328,1350745419,1849,7,8,4,1,2,0.005,2,1,False,
bellevue_150th_se38th,A9,18,424832328,1350745419,1849,7,8,4,6,2,0.005,10,0.999459167117361,False,
bellevue_150th_se38th,A5,19,669896236,1749441097,2979,8,7,4,5,2,0.01,8,0.993622020812353,False,
bellevue_150th_se38th,A6,19,669896236,1749441097,2979,8,7,4,5,2,0.01,8,0.993622020812353,False,
bellevue_150th_se38th,A7,19,669896236,1749441097,2979,8,7,4,1,1,0.005,1,1,False,
bellevue_150th_se38th,A9,19,669896236,1749441097,2979,8,7,4,5,2,0.01,8,0.993622020812353,False,
bellevue_150th_se38th,A5,20,174500388,1953587990,4949,7,7,4,6,2,0.005,10,0.994746413416852,False,
bellevue_150th_se38th,A6,20,174500388,1953587990,4949,7,7,4,6,2,0.005,10,0.994746413416852,False,
bellevue_150th_se38th,A7,20,174500388,1953587990,4949,7,7,4,1,1,0.005,1,1,False,
bellevue_150th_se38th,A9,20,174500388,1953587990,4949,7,7,4,6,2,0.005,10,0.994746413416852,False,
bellevue_150th_se38th,A5,21,1872571673,1486651503,3127,7,7,8,5,4,0.005,15,0.990725935401343,False,
bellevue_150th_se38th,A6,21,1872571673,1486651503,3127,7,7,8,5,4,0.005,15,0.990725935401343,False,
bellevue_150th_se38th,A7,21,1872571673,1486651503,3127,7,7,8,1,1,0.005,1,1,False,
bellevue_150th_se38th,A9,21,1872571673,1486651503,3127,7,7,8,5,4,0.005,15,0.990725935401343,False,
bellevue_150th_se38th,A5,22,1693651546,1932847563,3404,9,7,4,5,2,0.001,10,1,False,
bellevue_150th_se38th,A6,22,1693651546,1932847563,3404,9,7,4,5,2,0.001,10,1,False,
bellevue_150th_se38th,A7,22,1693651546,1932847563,3404,9,7,4,1,1,0.005,1,1,False,
bellevue_150th_se38th,A9,22,1693651546,1932847563,3404,9,7,4,5,2,0.001,10,1,False,
bellevue_150th_se38th,A5,23,782591617,69028875,2302,8,7,4,5,2,0.005,9,1,False,
bellevue_150th_se38th,A6,23,782591617,69028875,2302,8,7,4,5,2,0.005,9,1,False,
bellevue_150th_se38th,A7,23,782591617,69028875,2302,8,7,4,1,1,0.005,1,1,False,
bellevue_150th_se38th,A9,23,782591617,69028875,2302,8,7,4,5,2,0.005,9,1,False,
bellevue_150th_se38th,A5,24,672057846,1385011943,2568,10,7,4,6,2,0.001,12,1,False,
bellevue_150th_se38th,A6,24,672057846,1385011943,2568,10,7,4,6,2,0.001,12,1,False,
bellevue_150th_se38th,A7,24,672057846,1385011943,2568,10,7,4,1,1,0.005,1,1,False,
bellevue_150th_se38th,A9,24,672057846,1385011943,2568,10,7,4,6,2,0.001,12,1,False,
bellevue_150th_se38th,A5,25,1895788194,1088795460,3086,8,7,4,6,2,0.001,11,0.999675955930006,False,
bellevue_150th_se38th,A6,25,1895788194,1088795460,3086,8,7,4,6,2,0.001,11,0.999675955930006,False,
bellevue_150th_se38th,A7,25,1895788194,1088795460,3086,8,7,4,1,1,0.005,1,1,False,
bellevue_150th_se38th,A9,25,1895788194,1088795460,3086,8,7,4,6,2,0.001,11,0.999675955930006,False,
bellevue_150th_se38th,A5,26,1578583681,8930668,1737,9,7,8,5,4,0.0025,17,0.999424294761082,False,
bellevue_150th_se38th,A6,26,1578583681,8930668,1737,9,7,8,5,4,0.0025,17,0.999424294761082,False,
bellevue_150th_se38th,A7,26,1578583681,8930668,1737,9,7,8,1,1,0.005,1,1,False,
bellevue_150th_se38th,A9,26,1578583681,8930668,1737,9,7,8,5,4,0.0025,17,0.999424294761082,False,
bellevue_150th_se38th,A5,27,951866202,1060601428,2149,9,7,3,5,2,0.001,10,1,False,
bellevue_150th_se38th,A6,27,951866202,1060601428,2149,9,7,3,5,2,0.001,10,1,False,
bellevue_150th_se38th,A7,27,951866202,1060601428,2149,9,7,3,1,1,0.005,1,1,False,
bellevue_150th_se38th,A9,27,951866202,1060601428,2149,9,7,3,5,2,0.001,10,1,False,
bellevue_150th_se38th,A5,28,2137965417,806326800,1995,7,8,8,5,5,0.02,12,0.926817042606516,False,
bellevue_150th_se38th,A6,28,2137965417,806326800,1995,7,8,8,5,5,0.02,12,0.926817042606516,False,
bellevue_150th_se38th,A7,28,2137965417,806326800,1995,7,8,8,1,1,0.005,1,1,False,
bellevue_150th_se38th,A9,28,2137965417,806326800,1995,7,8,8,5,5,0.02,12,0.926817042606516,False,
bellevue_150th_se38th,A5,29,1980884613,1950786459,1130,8,6,8,3,5,0.0025,14,0.999115044247788,False,
bellevue_150th_se38th,A6,29,1980884613,1950786459,1130,8,6,8,3,5,0.0025,14,0.999115044247788,False,
bellevue_150th_se38th,A7,29,1980884613,1950786459,1130,8,6,8,1,1,0.005,1,1,False,
bellevue_150th_se38th,A9,29,1980884613,1950786459,1130,8,6,8,3,5,0.0025,14,0.999115044247788,False,
bellevue_150th_se38th,A5,30,1914292435,346980331,2090,6,8,6,6,4,0.01,14,0.962200956937799,False,
bellevue_150th_se38th,A6,30,1914292435,346980331,2090,6,8,6,6,4,0.01,14,0.962200956937799,False,
bellevue_150th_se38th,A7,30,1914292435,346980331,2090,6,8,6,1,1,0.005,1,1,False,
bellevue_150th_se38th,A9,30,1914292435,346980331,2090,6,8,6,6,4,0.01,14,0.962200956937799,False,
bellevue_150th_se38th,A5,31,1299850488,1720225835,2692,8,7,6,4,3,0.02,8,0.980312035661218,False,
bellevue_150th_se38th,A6,31,1299850488,1720225835,2692,8,7,6,4,3,0.02,8,0.980312035661218,False,
bellevue_150th_se38th,A7,31,1299850488,1720225835,2692,8,7,6,1,1,0.005,1,1,False,
bellevue_150th_se38th,A9,31,1299850488,1720225835,2692,8,7,6,4,3,0.02,8,0.980312035661218,False,
bellevue_150th_se38th,A5,32,340994247,1503838583,2920,7,7,3,5,2,0.005,9,0.997945205479452,False,
bellevue_150th_se38th,A6,32,340994247,1503838583,2920,7,7,3,5,2,0.005,9,0.997945205479452,False,
bellevue_150th_se38th,A7,32,340994247,1503838583,2920,7,7,3,1,1,0.005,1,1,False,
bellevue_150th_se38th,A9,32,340994247,1503838583,2920,7,7,3,5,2,0.005,9,0.997945205479452,False,
bellevue_150th_se38th,A5,33,834222405,789709878,2353,9,8,6,6,3,0.0025,17,0.997875053123672,False,
bellevue_150th_se38th,A6,33,834222405,789709878,2353,9,8,6,6,3,0.0025,17,0.997875053123672,False,
bellevue_150th_se38th,A7,33,834222405,789709878,2353,9,8,6,1,1,0.005,1,1,False,
bellevue_150th_se38th,A9,33,834222405,789709878,2353,9,8,6,6,3,0.0025,17,0.997875053123672,False,
bellevue_150th_se38th,A5,34,685751124,475869920,2725,8,8,3,5,2,0.005,10,1,False,
bellevue_150th_se38th,A6,34,685751124,475869920,2725,8,8,3,5,2,0.005,10,1,False,
bellevue_150th_se38th,A7,34,685751124,475869920,2725,8,8,3,1,1,0.005,1,1,False,
bellevue_150th_se38th,A9,34,685751124,475869920,2725,8,8,3,5,2,0.005,10,1,False,
bellevue_150th_se38th,A5,35,1725190229,1667897737,1483,7,7,4,5,3,0.005,10,0.995954146999326,False,
bellevue_150th_se38th,A6,35,1725190229,1667897737,1483,7,7,4,5,3,0.005,10,0.995954146999326,False,
bellevue_150th_se38th,A7,35,1725190229,1667897737,1483,7,7,4,1,2,0.005,2,1,False,
bellevue_150th_se38th,A9,35,1725190229,1667897737,1483,7,7,4,5,3,0.005,10,0.995954146999326,False,
bellevue_150th_se38th,A5,36,571580689,39571893,1770,9,7,8,4,4,0.0025,12,1,False,
bellevue_150th_se38th,A6,36,571580689,39571893,1770,9,7,8,4,4,0.0025,12,1,False,
bellevue_150th_se38th,A7,36,571580689,39571893,1770,9,7,8,1,1,0.005,1,1,False,
bellevue_150th_se38th,A9,36,571580689,39571893,1770,9,7,8,4,4,0.0025,12,1,False,
bellevue_150th_se38th,A5,37,1302630348,1941180481,2895,8,7,6,6,3,0.02,11,0.97685664939551,False,
bellevue_150th_se38th,A6,37,1302630348,1941180481,2895,8,7,6,6,3,0.02,11,0.97685664939551,False,
bellevue_150th_se38th,A7,37,1302630348,1941180481,2895,8,7,6,1,1,0.005,1,1,False,
bellevue_150th_se38th,A9,37,1302630348,1941180481,2895,8,7,6,6,3,0.02,11,0.97685664939551,False,
bellevue_150th_se38th,A5,38,1461268057,1375910073,2185,8,7,6,5,2,0.0025,10,1,False,
bellevue_150th_se38th,A6,38,1461268057,1375910073,2185,8,7,6,5,2,0.0025,10,1,False,
bellevue_150th_se38th,A7,38,1461268057,1375910073,2185,8,7,6,1,1,0.005,1,1,False,
bellevue_150th_se38th,A9,38,1461268057,1375910073,2185,8,7,6,5,2,0.0025,10,1,False,
bellevue_150th_se38th,A5,39,13211900,149983584,2176,6,7,4,6,2,0.001,11,1,False,
bellevue_150th_se38th,A6,39,13211900,149983584,2176,6,7,4,6,2,0.001,11,1,False,
bellevue_150th_se38th,A7,39,13211900,149983584,2176,6,7,4,1,1,0.005,1,1,False,
bellevue_150th_se38th,A9,39,13211900,149983584,2176,6,7,4,6,2,0.001,11,1,False,
bellevue_150th_se38th,A5,40,1795701897,471158935,3975,7,8,6,5,5,0.02,9,0.925031446540881,False,
bellevue_150th_se38th,A6,40,1795701897,471158935,3975,7,8,6,5,5,0.02,9,0.925031446540881,False,
bellevue_150th_se38th,A7,40,1795701897,471158935,3975,7,8,6,1,2,0.005,2,1,False,
bellevue_150th_se38th,A9,40,1795701897,471158935,3975,7,8,6,5,5,0.02,9,0.925031446540881,False,
bellevue_150th_se38th,A5,41,1095766987,1834512717,2344,6,8,6,5,3,0.02,10,0.974402730375427,False,
bellevue_150th_se38th,A6,41,1095766987,1834512717,2344,6,8,6,5,3,0.02,10,0.974402730375427,False,
bellevue_150th_se38th,A7,41,1095766987,1834512717,2344,6,8,6,1,1,0.005,1,1,False,
bellevue_150th_se38th,A9,41,1095766987,1834512717,2344,6,8,6,5,3,0.02,10,0.974402730375427,False,
bellevue_150th_se38th,A5,42,2019320916,523773686,1573,9,8,6,6,4,0.01,15,0.978385251112524,False,
bellevue_150th_se38th,A6,42,2019320916,523773686,1573,9,8,6,6,4,0.01,15,0.978385251112524,False,
bellevue_150th_se38th,A7,42,2019320916,523773686,1573,9,8,6,1,1,0.005,1,1,False,
bellevue_150th_se38th,A9,42,2019320916,523773686,1573,9,8,6,6,4,0.01,15,0.978385251112524,False,
bellevue_150th_se38th,A5,43,1320896381,941567513,2441,7,7,3,5,2,0.005,9,0.999590331831217,False,
bellevue_150th_se38th,A6,43,1320896381,941567513,2441,7,7,3,5,2,0.005,9,0.999590331831217,False,
bellevue_150th_se38th,A7,43,1320896381,941567513,2441,7,7,3,1,1,0.005,1,1,False,
bellevue_150th_se38th,A9,43,1320896381,941567513,2441,7,7,3,5,2,0.005,9,0.999590331831217,False,
bellevue_150th_se38th,A5,44,1052773565,110597196,1872,7,8,6,5,4,0.0025,19,0.997863247863248,False,
bellevue_150th_se38th,A6,44,1052773565,110597196,1872,7,8,6,5,4,0.0025,19,0.997863247863248,False,
bellevue_150th_se38th,A7,44,1052773565,110597196,1872,7,8,6,1,1,0.005,1,1,False,
bellevue_150th_se38th,A9,44,1052773565,110597196,1872,7,8,6,5,4,0.0025,19,0.997863247863248,False,
bellevue_150th_se38th,A5,45,305020520,1941895749,2994,9,7,6,6,3,0.005,14,0.991315965263861,False,
bellevue_150th_se38th,A6,45,305020520,1941895749,2994,9,7,6,6,3,0.005,14,0.991315965263861,False,
bellevue_150th_se38th,A7,45,305020520,1941895749,2994,9,7,6,1,1,0.005,1,1,False,
bellevue_150th_se38th,A9,45,305020520,1941895749,2994,9,7,6,6,3,0.005,14,0.991315965263861,False,
bellevue_150th_se38th,A5,46,583575829,226597351,1628,9,4,8,2,4,0.0025,8,1,False,
bellevue_150th_se38th,A6,46,583575829,226597351,1628,9,4,8,2,4,0.0025,8,1,False,
bellevue_150th_se38th,A7,46,583575829,226597351,1628,9,4,8,1,1,0.005,1,1,False,
bellevue_150th_se38th,A9,46,583575829,226597351,1628,9,4,8,2,4,0.0025,8,1,False,
bellevue_150th_se38th,A5,47,1659533985,1407096135,2296,9,7,3,5,2,0.0025,9,1,False,
bellevue_150th_se38th,A6,47,1659533985,1407096135,2296,9,7,3,5,2,0.0025,9,1,False,
bellevue_150th_se38th,A7,47,1659533985,1407096135,2296,9,7,3,1,1,0.005,1,1,False,
bellevue_150th_se38th,A9,47,1659533985,1407096135,2296,9,7,3,5,2,0.0025,9,1,False,
bellevue_150th_se38th,A5,48,1993195147,1470158977,2819,9,7,3,5,2,0.005,9,1,False,
bellevue_150th_se38th,A6,48,1993195147,1470158977,2819,9,7,3,5,2,0.005,9,1,False,
bellevue_150th_se38th,A7,48,1993195147,1470158977,2819,9,7,3,1,1,0.005,1,1,False,
bellevue_150th_se38th,A9,48,1993195147,1470158977,2819,9,7,3,5,2,0.005,9,1,False,
bellevue_150th_se38th,A5,49,160793264,1715319006,2639,6,8,6,5,4,0.001,20,1,False,
bellevue_150th_se38th,A6,49,160793264,1715319006,2639,6,8,6,5,4,0.001,20,1,False,
bellevue_150th_se38th,A7,49,160793264,1715319006,2639,6,8,6,1,1,0.005,1,1,False,
bellevue_150th_se38th,A9,49,160793264,1715319006,2639,6,8,6,5,4,0.001,20,1,False,
bellevue_150th_se38th,A5,50,918618108,1773072352,2160,4,4,8,4,5,0.001,20,1,False,
bellevue_150th_se38th,A6,50,918618108,1773072352,2160,4,4,8,4,5,0.001,20,1,False,
bellevue_150th_se38th,A7,50,918618108,1773072352,2160,4,4,8,1,1,0.005,1,1,False,
bellevue_150th_se38th,A9,50,918618108,1773072352,2160,4,4,8,4,5,0.001,20,1,False,
bellevue_150th_se38th,A5,51,960202561,574988416,2104,8,7,3,5,2,0.0025,10,1,False,
bellevue_150th_se38th,A6,51,960202561,574988416,2104,8,7,3,5,2,0.0025,10,1,False,
bellevue_150th_se38th,A7,51,960202561,574988416,2104,8,7,3,1,1,0.005,1,1,False,
bellevue_150th_se38th,A9,51,960202561,574988416,2104,8,7,3,5,2,0.0025,10,1,False,
bellevue_150th_se38th,A5,52,1619655625,693948555,2962,9,7,3,5,2,0.005,9,0.9983119513842,False,
bellevue_150th_se38th,A6,52,1619655625,693948555,2962,9,7,3,5,2,0.005,9,0.9983119513842,False,
bellevue_150th_se38th,A7,52,1619655625,693948555,2962,9,7,3,1,1,0.005,1,1,False,
bellevue_150th_se38th,A9,52,1619655625,693948555,2962,9,7,3,5,2,0.005,9,0.9983119513842,False,
bellevue_150th_se38th,A5,53,1558391329,668463675,2542,7,8,8,5,4,0.0025,17,0.998426435877262,False,
bellevue_150th_se38th,A6,53,1558391329,668463675,2542,7,8,8,5,4,0.0025,17,0.998426435877262,False,
bellevue_150th_se38th,A7,53,1558391329,668463675,2542,7,8,8,1,1,0.005,1,1,False,
bellevue_150th_se38th,A9,53,1558391329,668463675,2542,7,8,8,5,4,0.0025,17,0.998426435877262,False,
bellevue_150th_se38th,A5,54,2098673679,830292453,2820,8,7,4,6,2,0.0025,11,1,False,
bellevue_150th_se38th,A6,54,2098673679,830292453,2820,8,7,4,6,2,0.0025,11,1,False,
bellevue_150th_se38th,A7,54,2098673679,830292453,2820,8,7,4,1,2,0.005,2,1,False,
bellevue_150th_se38th,A9,54,2098673679,830292453,2820,8,7,4,6,2,0.0025,11,1,False,
bellevue_150th_se38th,A5,55,1160608966,576152501,1795,10,8,6,5,2,0.0025,10,1,False,
bellevue_150th_se38th,A6,55,1160608966,576152501,1795,10,8,6,5,2,0.0025,10,1,False,
bellevue_150th_se38th,A7,55,1160608966,576152501,1795,10,8,6,1,1,0.005,1,1,False,
bellevue_150th_se38th,A9,55,1160608966,576152501,1795,10,8,6,5,2,0.0025,10,1,False,
bellevue_150th_se38th,A5,56,64394285,411926294,1907,8,7,6,5,3,0.0025,14,0.999475616151023,False,
bellevue_150th_se38th,A6,56,64394285,411926294,1907,8,7,6,5,3,0.0025,14,0.999475616151023,False,
bellevue_150th_se38th,A7,56,64394285,411926294,1907,8,7,6,1,1,0.005,1,1,False,
bellevue_150th_se38th,A9,56,64394285,411926294,1907,8,7,6,5,3,0.0025,14,0.999475616151023,False,
bellevue_150th_se38th,A5,57,317985674,864893769,3058,6,4,4,4,3,0.0025,10,0.99836494440811,False,
bellevue_150th_se38th,A6,57,317985674,864893769,3058,6,4,4,4,3,0.0025,10,0.99836494440811,False,
bellevue_150th_se38th,A7,57,317985674,864893769,3058,6,4,4,1,2,0.005,2,1,False,
bellevue_150th_se38th,A9,57,317985674,864893769,3058,6,4,4,4,3,0.0025,10,0.99836494440811,False,
bellevue_150th_se38th,A5,58,310953703,1644617788,2007,9,7,3,5,2,0.001,10,1,False,
bellevue_150th_se38th,A6,58,310953703,1644617788,2007,9,7,3,5,2,0.001,10,1,False,
bellevue_150th_se38th,A7,58,310953703,1644617788,2007,9,7,3,1,1,0.005,1,1,False,
bellevue_150th_se38th,A9,58,310953703,1644617788,2007,9,7,3,5,2,0.001,10,1,False,
bellevue_150th_se38th,A5,59,873433079,1044993765,1840,8,7,3,5,2,0.001,10,1,False,
bellevue_150th_se38th,A6,59,873433079,1044993765,1840,8,7,3,5,2,0.001,10,1,False,
bellevue_150th_se38th,A7,59,873433079,1044993765,1840,8,7,3,1,1,0.005,1,1,False,
bellevue_150th_se38th,A9,59,873433079,1044993765,1840,8,7,3,5,2,0.001,10,1,False,
bellevue_150th_se38th,A5,60,919037847,1506306707,3404,7,8,6,6,3,0.02,11,0.968860164512338,False,
bellevue_150th_se38th,A6,60,919037847,1506306707,3404,7,8,6,6,3,0.02,11,0.968860164512338,False,
bellevue_150th_se38th,A7,60,919037847,1506306707,3404,7,8,6,1,1,0.005,1,1,False,
bellevue_150th_se38th,A9,60,919037847,1506306707,3404,7,8,6,6,3,0.02,11,0.968860164512338,False,
bellevue_150th_se38th,A5,61,271459020,326189137,3172,10,7,4,5,2,0.005,9,0.999054224464061,False,
bellevue_150th_se38th,A6,61,271459020,326189137,3172,10,7,4,5,2,0.005,9,0.999054224464061,False,
bellevue_150th_se38th,A7,61,271459020,326189137,3172,10,7,4,1,1,0.005,1,1,False,
bellevue_150th_se38th,A9,61,271459020,326189137,3172,10,7,4,5,2,0.005,9,0.999054224464061,False,
bellevue_150th_se38th,A5,62,1226900190,1435348087,1326,9,4,8,2,5,0.005,10,1,False,
bellevue_150th_se38th,A6,62,1226900190,1435348087,1326,9,4,8,2,5,0.005,10,1,False,
bellevue_150th_se38th,A7,62,1226900190,1435348087,1326,9,4,8,1,1,0.005,1,1,False,
bellevue_150th_se38th,A9,62,1226900190,1435348087,1326,9,4,8,2,5,0.005,10,1,False,
bellevue_150th_se38th,A5,63,513000280,997408809,2163,9,8,6,5,3,0.0025,14,0.997688395746648,False,
bellevue_150th_se38th,A6,63,513000280,997408809,2163,9,8,6,5,3,0.0025,14,0.997688395746648,False,
bellevue_150th_se38th,A7,63,513000280,997408809,2163,9,8,6,1,1,0.005,1,1,False,
bellevue_150th_se38th,A9,63,513000280,997408809,2163,9,8,6,5,3,0.0025,14,0.997688395746648,False,
bellevue_150th_se38th,A5,64,1782788067,1353724952,2260,9,7,3,5,2,0.001,10,1,False,
bellevue_150th_se38th,A6,64,1782788067,1353724952,2260,9,7,3,5,2,0.001,10,1,False,
bellevue_150th_se38th,A7,64,1782788067,1353724952,2260,9,7,3,1,1,0.005,1,1,False,
bellevue_150th_se38th,A9,64,1782788067,1353724952,2260,9,7,3,5,2,0.001,10,1,False,
bellevue_150th_se38th,A5,65,655487773,121505134,2079,7,7,3,6,2,0.001,12,1,False,
bellevue_150th_se38th,A6,65,655487773,121505134,2079,7,7,3,6,2,0.001,12,1,False,
bellevue_150th_se38th,A7,65,655487773,121505134,2079,7,7,3,1,1,0.005,1,1,False,
bellevue_150th_se38th,A9,65,655487773,121505134,2079,7,7,3,6,2,0.001,12,1,False,
bellevue_150th_se38th,A5,66,988560437,277474663,2492,9,7,3,6,2,0.005,11,0.998796147672552,False,
bellevue_150th_se38th,A6,66,988560437,277474663,2492,9,7,3,6,2,0.005,11,0.998796147672552,False,
bellevue_150th_se38th,A7,66,988560437,277474663,2492,9,7,3,1,1,0.005,1,1,False,
bellevue_150th_se38th,A9,66,988560437,277474663,2492,9,7,3,6,2,0.005,11,0.998796147672552,False,
bellevue_150th_se38th,A5,67,1547195999,1396313307,2672,10,7,6,4,3,0.02,10,0.988398203592814,False,
bellevue_150th_se38th,A6,67,1547195999,1396313307,2672,10,7,6,4,3,0.02,10,0.988398203592814,False,
bellevue_150th_se38th,A7,67,1547195999,1396313307,2672,10,7,6,1,1,0.005,1,1,False,
bellevue_150th_se38th,A9,67,1547195999,1396313307,2672,10,7,6,4,3,0.02,10,0.988398203592814,False,
bellevue_150th_se38th,A5,68,1333736519,2123052340,2845,8,7,6,6,3,0.01,11,0.978558875219684,False,
bellevue_150th_se38th,A6,68,1333736519,2123052340,2845,8,7,6,6,3,0.01,11,0.978558875219684,False,
bellevue_150th_se38th,A7,68,1333736519,2123052340,2845,8,7,6,1,2,0.005,2,1,False,
bellevue_150th_se38th,A9,68,1333736519,2123052340,2845,8,7,6,6,3,0.01,11,0.978558875219684,False,
bellevue_150th_se38th,A5,69,1761097024,91851676,1077,6,8,8,6,4,0.0025,17,0.999071494893222,False,
bellevue_150th_se38th,A6,69,1761097024,91851676,1077,6,8,8,6,4,0.0025,17,0.999071494893222,False,
bellevue_150th_se38th,A7,69,1761097024,91851676,1077,6,8,8,1,1,0.005,1,1,False,
bellevue_150th_se38th,A9,69,1761097024,91851676,1077,6,8,8,6,4,0.0025,17,0.999071494893222,False,
bellevue_150th_se38th,A5,70,853761202,1206101788,3907,7,7,3,6,2,0.001,12,1,False,
bellevue_150th_se38th,A6,70,853761202,1206101788,3907,7,7,3,6,2,0.001,12,1,False,
bellevue_150th_se38th,A7,70,853761202,1206101788,3907,7,7,3,1,1,0.005,1,1,False,
bellevue_150th_se38th,A9,70,853761202,1206101788,3907,7,7,3,6,2,0.001,12,1,False,
bellevue_150th_se38th,A5,71,1742683052,1530593622,3096,9,7,3,5,2,0.005,9,0.999677002583979,False,
bellevue_150th_se38th,A6,71,1742683052,1530593622,3096,9,7,3,5,2,0.005,9,0.999677002583979,False,
bellevue_150th_se38th,A7,71,1742683052,1530593622,3096,9,7,3,1,1,0.005,1,1,False,
bellevue_150th_se38th,A9,71,1742683052,1530593622,3096,9,7,3,5,2,0.005,9,0.999677002583979,False,
bellevue_150th_se38th,A5,72,994968520,1793337416,1964,6,7,6,5,3,0.005,12,0.992871690427699,False,
bellevue_150th_se38th,A6,72,994968520,1793337416,1964,6,7,6,5,3,0.005,12,0.992871690427699,False,
bellevue_150th_se38th,A7,72,994968520,1793337416,1964,6,7,6,1,1,0.005,1,1,False,
bellevue_150th_se38th,A9,72,994968520,1793337416,1964,6,7,6,5,3,0.005,12,0.992871690427699,False,
bellevue_150th_se38th,A5,73,465220150,878800120,2461,8,8,3,5,2,0.001,10,1,False,
bellevue_150th_se38th,A6,73,465220150,878800120,2461,8,8,3,5,2,0.001,10,1,False,
bellevue_150th_se38th,A7,73,465220150,878800120,2461,8,8,3,1,1,0.005,1,1,False,
bellevue_150th_se38th,A9,73,465220150,878800120,2461,8,8,3,5,2,0.001,10,1,False,
bellevue_150th_se38th,A5,74,1029709210,179224049,1055,7,6,8,3,5,0.005,14,0.998104265402844,False,
bellevue_150th_se38th,A6,74,1029709210,179224049,1055,7,6,8,3,5,0.005,14,0.998104265402844,False,
bellevue_150th_se38th,A7,74,1029709210,179224049,1055,7,6,8,1,1,0.005,1,1,False,
bellevue_150th_se38th,A9,74,1029709210,179224049,1055,7,6,8,3,5,0.005,14,0.998104265402844,False,
bellevue_150th_se38th,A5,75,1129939661,1761660375,3720,7,7,4,5,2,0.005,9,1,False,
bellevue_150th_se38th,A6,75,1129939661,1761660375,3720,7,7,4,5,2,0.005,9,1,False,
bellevue_150th_se38th,A7,75,1129939661,1761660375,3720,7,7,4,1,2,0.005,2,1,False,
bellevue_150th_se38th,A9,75,1129939661,1761660375,3720,7,7,4,5,2,0.005,9,1,False,
bellevue_150th_se38th,A5,76,29530082,820097812,2401,7,7,4,4,2,0.005,7,1,False,
bellevue_150th_se38th,A6,76,29530082,820097812,2401,7,7,4,4,2,0.005,7,1,False,
bellevue_150th_se38th,A7,76,29530082,820097812,2401,7,7,4,1,2,0.005,2,1,False,
bellevue_150th_se38th,A9,76,29530082,820097812,2401,7,7,4,4,2,0.005,7,1,False,
bellevue_150th_se38th,A5,77,1040050904,1276389854,1645,8,7,3,6,2,0.0025,11,1,False,
bellevue_150th_se38th,A6,77,1040050904,1276389854,1645,8,7,3,6,2,0.0025,11,1,False,
bellevue_150th_se38th,A7,77,1040050904,1276389854,1645,8,7,3,1,1,0.005,1,1,False,
bellevue_150th_se38th,A9,77,1040050904,1276389854,1645,8,7,3,6,2,0.0025,11,1,False,
bellevue_150th_se38th,A5,78,1581560575,1637131017,2406,8,8,6,5,3,0.005,13,0.994181213632585,False,
bellevue_150th_se38th,A6,78,1581560575,1637131017,2406,8,8,6,5,3,0.005,13,0.994181213632585,False,
bellevue_150th_se38th,A7,78,1581560575,1637131017,2406,8,8,6,1,1,0.005,1,1,False,
bellevue_150th_se38th,A9,78,1581560575,1637131017,2406,8,8,6,5,3,0.005,13,0.994181213632585,False,
bellevue_150th_se38th,A5,79,1356745712,1070667990,3121,9,7,3,5,2,0.005,9,0.99807753925024,False,
bellevue_150th_se38th,A6,79,1356745712,1070667990,3121,9,7,3,5,2,0.005,9,0.99807753925024,False,
bellevue_150th_se38th,A7,79,1356745712,1070667990,3121,9,7,3,1,1,0.005,1,1,False,
bellevue_150th_se38th,A9,79,1356745712,1070667990,3121,9,7,3,5,2,0.005,9,0.99807753925024,False,
bellevue_150th_se38th,A5,80,1619432516,1571459067,4259,6,8,3,5,2,0.0025,10,1,False,
bellevue_150th_se38th,A6,80,1619432516,1571459067,4259,6,8,3,5,2,0.0025,10,1,False,
bellevue_150th_se38th,A7,80,1619432516,1571459067,4259,6,8,3,1,1,0.005,1,1,False,
bellevue_150th_se38th,A9,80,1619432516,1571459067,4259,6,8,3,5,2,0.0025,10,1,False,
bellevue_150th_se38th,A5,81,824956499,1085904089,3877,8,7,4,6,2,0.001,11,0.99974206860975,False,
bellevue_150th_se38th,A6,81,824956499,1085904089,3877,8,7,4,6,2,0.001,11,0.99974206860975,False,
bellevue_150th_se38th,A7,81,824956499,1085904089,3877,8,7,4,1,1,0.005,1,1,False,
bellevue_150th_se38th,A9,81,824956499,1085904089,3877,8,7,4,6,2,0.001,11,0.99974206860975,False,
bellevue_150th_se38th,A5,82,1439995089,632655490,2365,7,4,8,3,5,0.001,14,1,False,
bellevue_150th_se38th,A6,82,1439995089,632655490,2365,7,4,8,3,5,0.001,14,1,False,
bellevue_150th_se38th,A7,82,1439995089,632655490,2365,7,4,8,1,1,0.005,1,1,False,
bellevue_150th_se38th,A9,82,1439995089,632655490,2365,7,4,8,3,5,0.001,14,1,False,
bellevue_150th_se38th,A5,83,532810831,1386895809,1633,8,8,8,4,5,0.02,13,0.958971218616044,False,
bellevue_150th_se38th,A6,83,532810831,1386895809,1633,8,8,8,4,5,0.02,13,0.958971218616044,False,
bellevue_150th_se38th,A7,83,532810831,1386895809,1633,8,8,8,1,1,0.005,1,1,False,
bellevue_150th_se38th,A9,83,532810831,1386895809,1633,8,8,8,4,5,0.02,13,0.958971218616044,False,
bellevue_150th_se38th,A5,84,1301378815,1716712310,1780,7,8,8,5,5,0.02,13,0.958426966292135,False,
bellevue_150th_se38th,A6,84,1301378815,1716712310,1780,7,8,8,5,5,0.02,13,0.958426966292135,False,
bellevue_150th_se38th,A7,84,1301378815,1716712310,1780,7,8,8,1,1,0.005,1,1,False,
bellevue_150th_se38th,A9,84,1301378815,1716712310,1780,7,8,8,5,5,0.02,13,0.958426966292135,False,
bellevue_150th_se38th,A5,85,2093891666,1521287885,2248,7,7,3,5,2,0.0025,10,1,False,
bellevue_150th_se38th,A6,85,2093891666,1521287885,2248,7,7,3,5,2,0.0025,10,1,False,
bellevue_150th_se38th,A7,85,2093891666,1521287885,2248,7,7,3,1,1,0.005,1,1,False,
bellevue_150th_se38th,A9,85,2093891666,1521287885,2248,7,7,3,5,2,0.0025,10,1,False,
bellevue_150th_se38th,A5,86,2064654511,1385435642,2237,8,8,6,5,3,0.0025,14,0.998211890925346,False,
bellevue_150th_se38th,A6,86,2064654511,1385435642,2237,8,8,6,5,3,0.0025,14,0.998211890925346,False,
bellevue_150th_se38th,A7,86,2064654511,1385435642,2237,8,8,6,1,1,0.005,1,1,False,
bellevue_150th_se38th,A9,86,2064654511,1385435642,2237,8,8,6,5,3,0.0025,14,0.998211890925346,False,
bellevue_150th_se38th,A5,87,900806132,1044278250,1469,8,7,6,5,2,0.0025,10,1,False,
bellevue_150th_se38th,A6,87,900806132,1044278250,1469,8,7,6,5,2,0.0025,10,1,False,
bellevue_150th_se38th,A7,87,900806132,1044278250,1469,8,7,6,1,1,0.005,1,1,False,
bellevue_150th_se38th,A9,87,900806132,1044278250,1469,8,7,6,5,2,0.0025,10,1,False,
bellevue_150th_se38th,A5,88,7676045,124725873,2368,8,7,6,5,3,0.001,15,1,False,
bellevue_150th_se38th,A6,88,7676045,124725873,2368,8,7,6,5,3,0.001,15,1,False,
bellevue_150th_se38th,A7,88,7676045,124725873,2368,8,7,6,1,1,0.005,1,1,False,
bellevue_150th_se38th,A9,88,7676045,124725873,2368,8,7,6,5,3,0.001,15,1,False,
bellevue_150th_se38th,A5,89,1009471779,1865713761,2747,6,8,6,7,4,0.005,17,0.981798325445941,False,
bellevue_150th_se38th,A6,89,1009471779,1865713761,2747,6,8,6,7,4,0.005,17,0.981798325445941,False,
bellevue_150th_se38th,A7,89,1009471779,1865713761,2747,6,8,6,1,2,0.005,2,1,False,
bellevue_150th_se38th,A9,89,1009471779,1865713761,2747,6,8,6,7,4,0.005,17,0.981798325445941,False,
bellevue_150th_se38th,A5,90,353993974,1688560456,2788,10,8,6,5,2,0.001,10,1,False,
bellevue_150th_se38th,A6,90,353993974,1688560456,2788,10,8,6,5,2,0.001,10,1,False,
bellevue_150th_se38th,A7,90,353993974,1688560456,2788,10,8,6,1,1,0.005,1,1,False,
bellevue_150th_se38th,A9,90,353993974,1688560456,2788,10,8,6,5,2,0.001,10,1,False,
bellevue_150th_se38th,A5,91,686734686,288809045,3162,8,6,6,4,3,0.001,12,1,False,
bellevue_150th_se38th,A6,91,686734686,288809045,3162,8,6,6,4,3,0.001,12,1,False,
bellevue_150th_se38th,A7,91,686734686,288809045,3162,8,6,6,1,1,0.005,1,1,False,
bellevue_150th_se38th,A9,91,686734686,288809045,3162,8,6,6,4,3,0.001,12,1,False,
bellevue_150th_se38th,A5,92,1281317826,550175363,3199,9,7,3,4,2,0.001,8,1,False,
bellevue_150th_se38th,A6,92,1281317826,550175363,3199,9,7,3,4,2,0.001,8,1,False,
bellevue_150th_se38th,A7,92,1281317826,550175363,3199,9,7,3,1,1,0.005,1,1,False,
bellevue_150th_se38th,A9,92,1281317826,550175363,3199,9,7,3,4,2,0.001,8,1,False,
bellevue_150th_se38th,A5,93,606036977,557404209,2426,7,7,3,6,2,0.001,11,0.999175597691674,False,
bellevue_150th_se38th,A6,93,606036977,557404209,2426,7,7,3,6,2,0.001,11,0.999175597691674,False,
bellevue_150th_se38th,A7,93,606036977,557404209,2426,7,7,3,1,1,0.005,1,1,False,
bellevue_150th_se38th,A9,93,606036977,557404209,2426,7,7,3,6,2,0.001,11,0.999175597691674,False,
bellevue_150th_se38th,A5,94,988388277,719917656,2587,11,7,3,5,2,0.0025,10,1,False,
bellevue_150th_se38th,A6,94,988388277,719917656,2587,11,7,3,5,2,0.0025,10,1,False,
bellevue_150th_se38th,A7,94,988388277,719917656,2587,11,7,3,1,1,0.005,1,1,False,
bellevue_150th_se38th,A9,94,988388277,719917656,2587,11,7,3,5,2,0.0025,10,1,False,
bellevue_150th_se38th,A5,95,1120647854,562942026,2168,10,8,6,5,3,0.005,13,0.994926199261993,False,
bellevue_150th_se38th,A6,95,1120647854,562942026,2168,10,8,6,5,3,0.005,13,0.994926199261993,False,
bellevue_150th_se38th,A7,95,1120647854,562942026,2168,10,8,6,1,1,0.005,1,1,False,
bellevue_150th_se38th,A9,95,1120647854,562942026,2168,10,8,6,5,3,0.005,13,0.994926199261993,False,
bellevue_150th_se38th,A5,96,1046584560,627864842,2917,7,7,8,5,6,0.005,16,0.981830647925951,False,
bellevue_150th_se38th,A6,96,1046584560,627864842,2917,7,7,8,5,6,0.005,16,0.981830647925951,False,
bellevue_150th_se38th,A7,96,1046584560,627864842,2917,7,7,8,1,2,0.005,2,1,False,
bellevue_150th_se38th,A9,96,1046584560,627864842,2917,7,7,8,5,6,0.005,16,0.981830647925951,False,
bellevue_150th_se38th,A5,97,540091904,1009555111,684,6,6,4,5,3,0.001,14,1,False,
bellevue_150th_se38th,A6,97,540091904,1009555111,684,6,6,4,5,3,0.001,14,1,False,
bellevue_150th_se38th,A7,97,540091904,1009555111,684,6,6,4,1,1,0.005,1,1,False,
bellevue_150th_se38th,A9,97,540091904,1009555111,684,6,6,4,5,3,0.001,14,1,False,
bellevue_150th_se38th,A5,98,371434990,1616333207,1787,7,8,8,5,5,0.005,16,0.987129266927812,False,
bellevue_150th_se38th,A6,98,371434990,1616333207,1787,7,8,8,5,5,0.005,16,0.987129266927812,False,
bellevue_150th_se38th,A7,98,371434990,1616333207,1787,7,8,8,1,2,0.005,2,1,False,
bellevue_150th_se38th,A9,98,371434990,1616333207,1787,7,8,8,5,5,0.005,16,0.987129266927812,False,
bellevue_150th_se38th,A5,99,27073339,1963136363,3100,9,7,4,6,2,0.005,10,0.998387096774194,False,
bellevue_150th_se38th,A6,99,27073339,1963136363,3100,9,7,4,6,2,0.005,10,0.998387096774194,False,
bellevue_150th_se38th,A7,99,27073339,1963136363,3100,9,7,4,1,2,0.005,2,1,False,
bellevue_150th_se38th,A9,99,27073339,1963136363,3100,9,7,4,6,2,0.005,10,0.998387096774194,False,
bellevue_150th_se38th,A5,100,1822157233,1043665363,1835,9,7,6,6,5,0.001,24,0.997820163487738,False,
bellevue_150th_se38th,A6,100,1822157233,1043665363,1835,9,7,6,6,5,0.001,24,0.997820163487738,False,
bellevue_150th_se38th,A7,100,1822157233,1043665363,1835,9,7,6,1,1,0.005,1,1,False,
bellevue_150th_se38th,A9,100,1822157233,1043665363,1835,9,7,6,6,5,0.001,24,0.997820163487738,False,
bellevue_150th_se38th,A5,101,822778300,1207952791,2586,9,7,3,5,2,0.01,8,0.995746326372776,False,
bellevue_150th_se38th,A6,101,822778300,1207952791,2586,9,7,3,5,2,0.01,8,0.995746326372776,False,
bellevue_150th_se38th,A7,101,822778300,1207952791,2586,9,7,3,1,1,0.005,1,1,False,
bellevue_150th_se38th,A9,101,822778300,1207952791,2586,9,7,3,5,2,0.01,8,0.995746326372776,False,
bellevue_150th_se38th,A5,102,128683732,261982555,3334,7,7,4,6,2,0.01,10,0.994901019796041,False,
bellevue_150th_se38th,A6,102,128683732,261982555,3334,7,7,4,6,2,0.01,10,0.994901019796041,False,
bellevue_150th_se38th,A7,102,128683732,261982555,3334,7,7,4,1,1,0.005,1,1,False,
bellevue_150th_se38th,A9,102,128683732,261982555,3334,7,7,4,6,2,0.01,10,0.994901019796041,False,
bellevue_150th_se38th,A5,103,1887025021,1923903771,3332,8,7,3,6,2,0.005,10,0.997599039615846,False,
bellevue_150th_se38th,A6,103,1887025021,1923903771,3332,8,7,3,6,2,0.005,10,0.997599039615846,False,
bellevue_150th_se38th,A7,103,1887025021,1923903771,3332,8,7,3,1,1,0.005,1,1,False,
bellevue_150th_se38th,A9,103,1887025021,1923903771,3332,8,7,3,6,2,0.005,10,0.997599039615846,False,
bellevue_150th_se38th,A5,104,1781851898,1540930296,3736,7,7,3,5,2,0.005,9,1,False,
bellevue_150th_se38th,A6,104,1781851898,1540930296,3736,7,7,3,5,2,0.005,9,1,False,
bellevue_150th_se38th,A7,104,1781851898,1540930296,3736,7,7,3,1,1,0.005,1,1,False,
bellevue_150th_se38th,A9,104,1781851898,1540930296,3736,7,7,3,5,2,0.005,9,1,False,
bellevue_150th_se38th,A5,105,1531795313,508815889,3827,8,7,4,5,2,0.005,9,0.999477397439247,False,
bellevue_150th_se38th,A6,105,1531795313,508815889,3827,8,7,4,5,2,0.005,9,0.999477397439247,False,
bellevue_150th_se38th,A7,105,1531795313,508815889,3827,8,7,4,1,1,0.005,1,1,False,
bellevue_150th_se38th,A9,105,1531795313,508815889,3827,8,7,4,5,2,0.005,9,0.999477397439247,False,
bellevue_150th_se38th,A5,106,1702314100,519660870,2299,8,8,6,6,3,0.02,11,0.966072205306655,False,
bellevue_150th_se38th,A6,106,1702314100,519660870,2299,8,8,6,6,3,0.02,11,0.966072205306655,False,
bellevue_150th_se38th,A7,106,1702314100,519660870,2299,8,8,6,1,1,0.005,1,1,False,
bellevue_150th_se38th,A9,106,1702314100,519660870,2299,8,8,6,6,3,0.02,11,0.966072205306655,False,
bellevue_150th_se38th,A5,107,757838620,50841230,3864,7,7,4,6,2,0.02,10,0.993530020703934,False,
bellevue_150th_se38th,A6,107,757838620,50841230,3864,7,7,4,6,2,0.02,10,0.993530020703934,False,
bellevue_150th_se38th,A7,107,757838620,50841230,3864,7,7,4,1,1,0.005,1,1,False,
bellevue_150th_se38th,A9,107,757838620,50841230,3864,7,7,4,6,2,0.02,10,0.993530020703934,False,
bellevue_150th_se38th,A5,108,1400744147,370489970,1260,6,5,8,3,5,0.001,15,1,False,
bellevue_150th_se38th,A6,108,1400744147,370489970,1260,6,5,8,3,5,0.001,15,1,False,
bellevue_150th_se38th,A7,108,1400744147,370489970,1260,6,5,8,1,1,0.005,1,1,False,
bellevue_150th_se38th,A9,108,1400744147,370489970,1260,6,5,8,3,5,0.001,15,1,False,
bellevue_150th_se38th,A5,109,1363629866,1240108783,2973,9,7,6,5,3,0.005,9,0.992936427850656,False,
bellevue_150th_se38th,A6,109,1363629866,1240108783,2973,9,7,6,5,3,0.005,9,0.992936427850656,False,
bellevue_150th_se38th,A7,109,1363629866,1240108783,2973,9,7,6,1,1,0.005,1,1,False,
bellevue_150th_se38th,A9,109,1363629866,1240108783,2973,9,7,6,5,3,0.005,9,0.992936427850656,False,
bellevue_150th_se38th,A5,110,699905027,1094535593,1897,10,7,6,5,2,0.005,10,1,False,
bellevue_150th_se38th,A6,110,699905027,1094535593,1897,10,7,6,5,2,0.005,10,1,False,
bellevue_150th_se38th,A7,110,699905027,1094535593,1897,10,7,6,1,1,0.005,1,1,False,
bellevue_150th_se38th,A9,110,699905027,1094535593,1897,10,7,6,5,2,0.005,10,1,False,
bellevue_150th_se38th,A5,111,1445033245,13649398,3036,8,8,6,5,3,0.01,11,0.987483530961792,False,
bellevue_150th_se38th,A6,111,1445033245,13649398,3036,8,8,6,5,3,0.01,11,0.987483530961792,False,
bellevue_150th_se38th,A7,111,1445033245,13649398,3036,8,8,6,1,1,0.005,1,1,False,
bellevue_150th_se38th,A9,111,1445033245,13649398,3036,8,8,6,5,3,0.01,11,0.987483530961792,False,
bellevue_150th_se38th,A5,112,726003769,1062591187,1349,7,8,5,6,5,0.01,13,0.99184581171238,False,
bellevue_150th_se38th,A6,112,726003769,1062591187,1349,7,8,5,6,5,0.01,13,0.99184581171238,False,
bellevue_150th_se38th,A7,112,726003769,1062591187,1349,7,8,5,1,2,0.005,2,1,False,
bellevue_150th_se38th,A9,112,726003769,1062591187,1349,7,8,5,6,5,0.01,13,0.99184581171238,False,
bellevue_150th_se38th,A5,113,507654974,400902336,3456,8,7,6,6,3,0.01,11,0.978877314814815,False,
bellevue_150th_se38th,A6,113,507654974,400902336,3456,8,7,6,6,3,0.01,11,0.978877314814815,False,
bellevue_150th_se38th,A7,113,507654974,400902336,3456,8,7,6,1,1,0.005,1,1,False,
bellevue_150th_se38th,A9,113,507654974,400902336,3456,8,7,6,6,3,0.01,11,0.978877314814815,False,
bellevue_150th_se38th,A5,114,255655705,1069636530,3032,7,7,4,6,2,0.001,12,1,False,
bellevue_150th_se38th,A6,114,255655705,1069636530,3032,7,7,4,6,2,0.001,12,1,False,
bellevue_150th_se38th,A7,114,255655705,1069636530,3032,7,7,4,1,1,0.005,1,1,False,
bellevue_150th_se38th,A9,114,255655705,1069636530,3032,7,7,4,6,2,0.001,12,1,False,
bellevue_150th_se38th,A5,115,576183632,1824285144,2401,7,8,4,6,3,0.001,13,1,False,
bellevue_150th_se38th,A6,115,576183632,1824285144,2401,7,8,4,6,3,0.001,13,1,False,
bellevue_150th_se38th,A7,115,576183632,1824285144,2401,7,8,4,1,2,0.005,2,1,False,
bellevue_150th_se38th,A9,115,576183632,1824285144,2401,7,8,4,6,3,0.001,13,1,False,
bellevue_150th_se38th,A5,116,318081319,822273763,4448,7,8,3,5,2,0.001,10,1,False,
bellevue_150th_se38th,A6,116,318081319,822273763,4448,7,8,3,5,2,0.001,10,1,False,
bellevue_150th_se38th,A7,116,318081319,822273763,4448,7,8,3,1,1,0.005,1,1,False,
bellevue_150th_se38th,A9,116,318081319,822273763,4448,7,8,3,5,2,0.001,10,1,False,
bellevue_150th_se38th,A5,117,995547315,2041068801,1719,7,8,8,6,4,0.005,16,0.984874927283304,False,
bellevue_150th_se38th,A6,117,995547315,2041068801,1719,7,8,8,6,4,0.005,16,0.984874927283304,False,
bellevue_150th_se38th,A7,117,995547315,2041068801,1719,7,8,8,1,1,0.005,1,1,False,
bellevue_150th_se38th,A9,117,995547315,2041068801,1719,7,8,8,6,4,0.005,16,0.984874927283304,False,
bellevue_150th_se38th,A5,118,2133620550,1584454213,3478,8,8,3,6,2,0.005,11,1,False,
bellevue_150th_se38th,A6,118,2133620550,1584454213,3478,8,8,3,6,2,0.005,11,1,False,
bellevue_150th_se38th,A7,118,2133620550,1584454213,3478,8,8,3,1,1,0.005,1,1,False,
bellevue_150th_se38th,A9,118,2133620550,1584454213,3478,8,8,3,6,2,0.005,11,1,False,
bellevue_150th_se38th,A5,119,1105383796,1855282994,1923,7,8,8,5,5,0.001,22,0.999479979199168,False,
bellevue_150th_se38th,A6,119,1105383796,1855282994,1923,7,8,8,5,5,0.001,22,0.999479979199168,False,
bellevue_150th_se38th,A7,119,1105383796,1855282994,1923,7,8,8,1,1,0.005,1,1,False,
bellevue_150th_se38th,A9,119,1105383796,1855282994,1923,7,8,8,5,5,0.001,22,0.999479979199168,False,
bellevue_150th_se38th,A5,120,1092831994,1038843146,2231,8,8,6,5,3,0.001,15,1,False,
bellevue_150th_se38th,A6,120,1092831994,1038843146,2231,8,8,6,5,3,0.001,15,1,False,
bellevue_150th_se38th,A7,120,1092831994,1038843146,2231,8,8,6,1,1,0.005,1,1,False,
bellevue_150th_se38th,A9,120,1092831994,1038843146,2231,8,8,6,5,3,0.001,15,1,False,
bellevue_150th_se38th,A5,121,1088426086,1347474476,1998,7,7,3,4,2,0.005,7,1,False,
bellevue_150th_se38th,A6,121,1088426086,1347474476,1998,7,7,3,4,2,0.005,7,1,False,
bellevue_150th_se38th,A7,121,1088426086,1347474476,1998,7,7,3,1,1,0.005,1,1,False,
bellevue_150th_se38th,A9,121,1088426086,1347474476,1998,7,7,3,4,2,0.005,7,1,False,
bellevue_150th_se38th,A5,122,2014701390,728172085,1931,8,7,3,5,2,0.001,10,1,False,
bellevue_150th_se38th,A6,122,2014701390,728172085,1931,8,7,3,5,2,0.001,10,1,False,
bellevue_150th_se38th,A7,122,2014701390,728172085,1931,8,7,3,1,1,0.005,1,1,False,
bellevue_150th_se38th,A9,122,2014701390,728172085,1931,8,7,3,5,2,0.001,10,1,False,
bellevue_150th_se38th,A5,123,1660532667,1277664785,2239,8,7,8,5,4,0.001,15,0.998660116123269,False,
bellevue_150th_se38th,A6,123,1660532667,1277664785,2239,8,7,8,5,4,0.001,15,0.998660116123269,False,
bellevue_150th_se38th,A7,123,1660532667,1277664785,2239,8,7,8,1,1,0.005,1,1,False,
bellevue_150th_se38th,A9,123,1660532667,1277664785,2239,8,7,8,5,4,0.001,15,0.998660116123269,False,
bellevue_150th_se38th,A5,124,280035278,355600279,1763,9,8,6,5,4,0.001,20,1,False,
bellevue_150th_se38th,A6,124,280035278,355600279,1763,9,8,6,5,4,0.001,20,1,False,
bellevue_150th_se38th,A7,124,280035278,355600279,1763,9,8,6,1,1,0.005,1,1,False,
bellevue_150th_se38th,A9,124,280035278,355600279,1763,9,8,6,5,4,0.001,20,1,False,
bellevue_150th_se38th,A5,125,1467098731,513385467,867,7,8,3,4,2,0.005,8,1,False,
bellevue_150th_se38th,A6,125,1467098731,513385467,867,7,8,3,4,2,0.005,8,1,False,
bellevue_150th_se38th,A7,125,1467098731,513385467,867,7,8,3,1,1,0.005,1,1,False,
bellevue_150th_se38th,A9,125,1467098731,513385467,867,7,8,3,4,2,0.005,8,1,False,
bellevue_150th_se38th,A5,126,1716111083,1527275560,2836,7,7,3,5,2,0.0025,10,1,False,
bellevue_150th_se38th,A6,126,1716111083,1527275560,2836,7,7,3,5,2,0.0025,10,1,False,
bellevue_150th_se38th,A7,126,1716111083,1527275560,2836,7,7,3,1,1,0.005,1,1,False,
bellevue_150th_se38th,A9,126,1716111083,1527275560,2836,7,7,3,5,2,0.0025,10,1,False,
bellevue_150th_se38th,A5,127,123928812,930071527,2336,8,7,4,5,3,0.001,13,1,False,
bellevue_150th_se38th,A6,127,123928812,930071527,2336,8,7,4,5,2,0.0025,9,1,False,
bellevue_150th_se38th,A7,127,123928812,930071527,2336,8,7,4,1,2,0.005,2,1,False,
bellevue_150th_se38th,A9,127,123928812,930071527,2336,8,7,4,5,2,0.0025,9,1,False,
bellevue_150th_se38th,A5,128,438286774,1243901816,2945,8,7,4,4,3,0.005,10,0.999660441426146,False,
bellevue_150th_se38th,A6,128,438286774,1243901816,2945,8,7,4,4,2,0.005,7,1,False,
bellevue_150th_se38th,A7,128,438286774,1243901816,2945,8,7,4,1,2,0.005,2,1,False,
bellevue_150th_se38th,A9,128,438286774,1243901816,2945,8,7,4,4,2,0.005,7,1,False,
bellevue_150th_se38th,A5,129,1176718087,2125335902,2200,8,8,3,5,2,0.005,10,1,False,
bellevue_150th_se38th,A6,129,1176718087,2125335902,2200,8,8,3,5,2,0.005,10,1,False,
bellevue_150th_se38th,A7,129,1176718087,2125335902,2200,8,8,3,1,1,0.005,1,1,False,
bellevue_150th_se38th,A9,129,1176718087,2125335902,2200,8,8,3,5,2,0.005,10,1,False,
bellevue_150th_se38th,A5,130,769442143,1590237814,2404,8,7,3,5,2,0.005,9,0.997504159733777,False,
bellevue_150th_se38th,A6,130,769442143,1590237814,2404,8,7,3,5,2,0.005,9,0.997504159733777,False,
bellevue_150th_se38th,A7,130,769442143,1590237814,2404,8,7,3,1,1,0.005,1,1,False,
bellevue_150th_se38th,A9,130,769442143,1590237814,2404,8,7,3,5,2,0.005,9,0.997504159733777,False,
bellevue_150th_se38th,A5,131,674050777,250033367,2276,8,7,6,5,3,0.01,11,0.990333919156415,False,
bellevue_150th_se38th,A6,131,674050777,250033367,2276,8,7,6,5,3,0.01,11,0.990333919156415,False,
bellevue_150th_se38th,A7,131,674050777,250033367,2276,8,7,6,1,1,0.005,1,1,False,
bellevue_150th_se38th,A9,131,674050777,250033367,2276,8,7,6,5,3,0.01,11,0.990333919156415,False,
bellevue_150th_se38th,A5,132,1444295273,495738207,2861,8,8,6,6,3,0.02,11,0.965047186298497,False,
bellevue_150th_se38th,A6,132,1444295273,495738207,2861,8,8,6,6,3,0.02,11,0.965047186298497,False,
bellevue_150th_se38th,A7,132,1444295273,495738207,2861,8,8,6,1,1,0.005,1,1,False,
bellevue_150th_se38th,A9,132,1444295273,495738207,2861,8,8,6,6,3,0.02,11,0.965047186298497,False,
bellevue_150th_se38th,A5,133,1559892898,71169575,3393,9,7,3,5,2,0.001,10,1,False,
bellevue_150th_se38th,A6,133,1559892898,71169575,3393,9,7,3,5,2,0.001,10,1,False,
bellevue_150th_se38th,A7,133,1559892898,71169575,3393,9,7,3,1,1,0.005,1,1,False,
bellevue_150th_se38th,A9,133,1559892898,71169575,3393,9,7,3,5,2,0.001,10,1,False,
bellevue_150th_se38th,A5,134,2018490006,414860621,3261,9,7,4,5,2,0.005,9,1,False,
bellevue_150th_se38th,A6,134,2018490006,414860621,3261,9,7,4,5,2,0.005,9,1,False,
bellevue_150th_se38th,A7,134,2018490006,414860621,3261,9,7,4,1,1,0.005,1,1,False,
bellevue_150th_se38th,A9,134,2018490006,414860621,3261,9,7,4,5,2,0.005,9,1,False,
bellevue_150th_se38th,A5,135,1301803967,268285627,2398,7,7,4,5,2,0.001,10,1,False,
bellevue_150th_se38th,A6,135,1301803967,268285627,2398,7,7,4,5,2,0.001,10,1,False,
bellevue_150th_se38th,A7,135,1301803967,268285627,2398,7,7,4,1,1,0.005,1,1,False,
bellevue_150th_se38th,A9,135,1301803967,268285627,2398,7,7,4,5,2,0.001,10,1,False,
bellevue_150th_se38th,A5,136,520643101,1896994852,1809,8,7,7,4,5,0.001,18,0.999447208402432,False,
bellevue_150th_se38th,A6,136,520643101,1896994852,1809,8,7,7,4,5,0.001,18,0.999447208402432,False,
bellevue_150th_se38th,A7,136,520643101,1896994852,1809,8,7,7,1,1,0.005,1,1,False,
bellevue_150th_se38th,A9,136,520643101,1896994852,1809,8,7,7,4,5,0.001,18,0.999447208402432,False,
bellevue_150th_se38th,A5,137,1757833367,1231029118,2076,9,7,4,5,2,0.001,9,0.999036608863198,False,
bellevue_150th_se38th,A6,137,1757833367,1231029118,2076,9,7,4,5,2,0.001,9,0.999036608863198,False,
bellevue_150th_se38th,A7,137,1757833367,1231029118,2076,9,7,4,1,1,0.005,1,1,False,
bellevue_150th_se38th,A9,137,1757833367,1231029118,2076,9,7,4,5,2,0.001,9,0.999036608863198,False,
bellevue_150th_se38th,A5,138,1841167722,129362767,4011,7,7,3,6,2,0.005,10,0.995013712291199,False,
bellevue_150th_se38th,A6,138,1841167722,129362767,4011,7,7,3,6,2,0.005,10,0.995013712291199,False,
bellevue_150th_se38th,A7,138,1841167722,129362767,4011,7,7,3,1,1,0.005,1,1,False,
bellevue_150th_se38th,A9,138,1841167722,129362767,4011,7,7,3,6,2,0.005,10,0.995013712291199,False,
bellevue_150th_se38th,A5,139,2043932729,975040860,2243,6,7,4,5,3,0.001,13,0.999554168524298,False,
bellevue_150th_se38th,A6,139,2043932729,975040860,2243,6,7,4,5,3,0.001,13,0.999554168524298,False,
bellevue_150th_se38th,A7,139,2043932729,975040860,2243,6,7,4,1,2,0.005,2,1,False,
bellevue_150th_se38th,A9,139,2043932729,975040860,2243,6,7,4,5,3,0.001,13,0.999554168524298,False,
bellevue_150th_se38th,A5,140,1614589858,573117302,3239,9,7,4,5,2,0.001,10,1,False,
bellevue_150th_se38th,A6,140,1614589858,573117302,3239,9,7,4,5,2,0.001,10,1,False,
bellevue_150th_se38th,A7,140,1614589858,573117302,3239,9,7,4,1,1,0.005,1,1,False,
bellevue_150th_se38th,A9,140,1614589858,573117302,3239,9,7,4,5,2,0.001,10,1,False,
bellevue_150th_se38th,A5,141,1696157474,280626208,2707,8,8,6,5,3,0.001,15,1,False,
bellevue_150th_se38th,A6,141,1696157474,280626208,2707,8,8,6,5,3,0.001,15,1,False,
bellevue_150th_se38th,A7,141,1696157474,280626208,2707,8,8,6,1,1,0.005,1,1,False,
bellevue_150th_se38th,A9,141,1696157474,280626208,2707,8,8,6,5,3,0.001,15,1,False,
bellevue_150th_se38th,A5,142,2102532137,922800066,1963,9,8,8,5,5,0.001,23,0.999490575649516,False,
bellevue_150th_se38th,A6,142,2102532137,922800066,1963,9,8,8,5,5,0.001,23,0.999490575649516,False,
bellevue_150th_se38th,A7,142,2102532137,922800066,1963,9,8,8,1,1,0.005,1,1,False,
bellevue_150th_se38th,A9,142,2102532137,922800066,1963,9,8,8,5,5,0.001,23,0.999490575649516,False,
bellevue_150th_se38th,A5,143,1641326615,646612367,468,5,6,6,4,5,0.02,10,0.976495726495726,False,
bellevue_150th_se38th,A6,143,1641326615,646612367,468,5,6,6,4,5,0.02,10,0.976495726495726,False,
bellevue_150th_se38th,A7,143,1641326615,646612367,468,5,6,6,1,1,0.005,1,1,False,
bellevue_150th_se38th,A9,143,1641326615,646612367,468,5,6,6,4,5,0.02,10,0.976495726495726,False,
bellevue_150th_se38th,A5,144,1966158532,197043763,2688,9,8,3,5,2,0.0025,10,1,False,
bellevue_150th_se38th,A6,144,1966158532,197043763,2688,9,8,3,5,2,0.0025,10,1,False,
bellevue_150th_se38th,A7,144,1966158532,197043763,2688,9,8,3,1,1,0.005,1,1,False,
bellevue_150th_se38th,A9,144,1966158532,197043763,2688,9,8,3,5,2,0.0025,10,1,False,
bellevue_150th_se38th,A5,145,529714406,432171951,4296,7,7,3,5,2,0.005,9,0.997905027932961,False,
bellevue_150th_se38th,A6,145,529714406,432171951,4296,7,7,3,5,2,0.005,9,0.997905027932961,False,
bellevue_150th_se38th,A7,145,529714406,432171951,4296,7,7,3,1,1,0.005,1,1,False,
bellevue_150th_se38th,A9,145,529714406,432171951,4296,7,7,3,5,2,0.005,9,0.997905027932961,False,
bellevue_150th_se38th,A5,146,1319357152,1188522065,2137,7,7,8,5,4,0.001,16,0.998128217126813,False,
bellevue_150th_se38th,A6,146,1319357152,1188522065,2137,7,7,8,5,4,0.001,16,0.998128217126813,False,
bellevue_150th_se38th,A7,146,1319357152,1188522065,2137,7,7,8,1,1,0.005,1,1,False,
bellevue_150th_se38th,A9,146,1319357152,1188522065,2137,7,7,8,5,4,0.001,16,0.998128217126813,False,
bellevue_150th_se38th,A5,147,1579360911,1172087762,3693,6,7,6,6,4,0.005,15,0.98754400216626,False,
bellevue_150th_se38th,A6,147,1579360911,1172087762,3693,6,7,6,6,4,0.005,15,0.98754400216626,False,
bellevue_150th_se38th,A7,147,1579360911,1172087762,3693,6,7,6,1,2,0.005,2,1,False,
bellevue_150th_se38th,A9,147,1579360911,1172087762,3693,6,7,6,6,4,0.005,15,0.98754400216626,False,
bellevue_150th_se38th,A5,148,1164136738,2088287339,1901,7,8,6,6,3,0.001,18,1,False,
bellevue_150th_se38th,A6,148,1164136738,2088287339,1901,7,8,6,6,3,0.001,18,1,False,
bellevue_150th_se38th,A7,148,1164136738,2088287339,1901,7,8,6,1,1,0.005,1,1,False,
bellevue_150th_se38th,A9,148,1164136738,2088287339,1901,7,8,6,6,3,0.001,18,1,False,
bellevue_150th_se38th,A5,149,645842705,1120982887,2422,7,8,6,5,3,0.001,15,1,False,
bellevue_150th_se38th,A6,149,645842705,1120982887,2422,7,8,6,5,3,0.001,15,1,False,
bellevue_150th_se38th,A7,149,645842705,1120982887,2422,7,8,6,1,1,0.005,1,1,False,
bellevue_150th_se38th,A9,149,645842705,1120982887,2422,7,8,6,5,3,0.001,15,1,False,
bellevue_150th_se38th,A5,150,880735055,526227890,2759,6,7,3,5,2,0.001,10,1,False,
bellevue_150th_se38th,A6,150,880735055,526227890,2759,6,7,3,5,2,0.001,10,1,False,
bellevue_150th_se38th,A7,150,880735055,526227890,2759,6,7,3,1,1,0.005,1,1,False,
bellevue_150th_se38th,A9,150,880735055,526227890,2759,6,7,3,5,2,0.001,10,1,False,
bellevue_150th_se38th,A5,151,884675765,28218328,2144,8,8,6,6,3,0.001,18,1,False,
bellevue_150th_se38th,A6,151,884675765,28218328,2144,8,8,6,6,3,0.001,18,1,False,
bellevue_150th_se38th,A7,151,884675765,28218328,2144,8,8,6,1,1,0.005,1,1,False,
bellevue_150th_se38th,A9,151,884675765,28218328,2144,8,8,6,6,3,0.001,18,1,False,
bellevue_150th_se38th,A5,152,700957625,1577284550,1475,8,4,8,2,5,0.0025,10,1,False,
bellevue_150th_se38th,A6,152,700957625,1577284550,1475,8,4,8,2,5,0.0025,10,1,False,
bellevue_150th_se38th,A7,152,700957625,1577284550,1475,8,4,8,1,1,0.005,1,1,False,
bellevue_150th_se38th,A9,152,700957625,1577284550,1475,8,4,8,2,5,0.0025,10,1,False,
bellevue_150th_se38th,A5,153,561231613,747795798,2434,9,7,6,5,3,0.02,10,0.981101068200493,False,
bellevue_150th_se38th,A6,153,561231613,747795798,2434,9,7,6,5,3,0.02,10,0.981101068200493,False,
bellevue_150th_se38th,A7,153,561231613,747795798,2434,9,7,6,1,1,0.005,1,1,False,
bellevue_150th_se38th,A9,153,561231613,747795798,2434,9,7,6,5,3,0.02,10,0.981101068200493,False,
bellevue_150th_se38th,A5,154,323468956,2069126108,2644,8,7,3,6,2,0.005,10,0.994704992435703,False,
bellevue_150th_se38th,A6,154,323468956,2069126108,2644,8,7,3,6,2,0.005,10,0.994704992435703,False,
bellevue_150th_se38th,A7,154,323468956,2069126108,2644,8,7,3,1,1,0.005,1,1,False,
bellevue_150th_se38th,A9,154,323468956,2069126108,2644,8,7,3,6,2,0.005,10,0.994704992435703,False,
bellevue_150th_se38th,A5,155,612279200,1340115152,2120,9,7,4,5,2,0.005,9,1,False,
bellevue_150th_se38th,A6,155,612279200,1340115152,2120,9,7,4,5,2,0.005,9,1,False,
bellevue_150th_se38th,A7,155,612279200,1340115152,2120,9,7,4,1,2,0.005,2,1,False,
bellevue_150th_se38th,A9,155,612279200,1340115152,2120,9,7,4,5,2,0.005,9,1,False,
bellevue_150th_se38th,A5,156,1216279969,1837826205,1982,8,8,6,6,3,0.0025,15,0.998990918264379,False,
bellevue_150th_se38th,A6,156,1216279969,1837826205,1982,8,8,6,6,3,0.0025,15,0.998990918264379,False,
bellevue_150th_se38th,A7,156,1216279969,1837826205,1982,8,8,6,1,1,0.005,1,1,False,
bellevue_150th_se38th,A9,156,1216279969,1837826205,1982,8,8,6,6,3,0.0025,15,0.998990918264379,False,
bellevue_150th_se38th,A5,157,783210328,1088716677,1196,9,7,3,4,2,0.001,8,1,False,
bellevue_150th_se38th,A6,157,783210328,1088716677,1196,9,7,3,4,2,0.001,8,1,False,
bellevue_150th_se38th,A7,157,783210328,1088716677,1196,9,7,3,1,1,0.005,1,1,False,
bellevue_150th_se38th,A9,157,783210328,1088716677,1196,9,7,3,4,2,0.001,8,1,False,
bellevue_150th_se38th,A5,158,234198243,1901686208,1744,7,7,3,4,2,0.005,8,1,False,
bellevue_150th_se38th,A6,158,234198243,1901686208,1744,7,7,3,4,2,0.005,8,1,False,
bellevue_150th_se38th,A7,158,234198243,1901686208,1744,7,7,3,1,1,0.005,1,1,False,
bellevue_150th_se38th,A9,158,234198243,1901686208,1744,7,7,3,4,2,0.005,8,1,False,
bellevue_150th_se38th,A5,159,1125520220,894085264,2668,7,7,3,5,2,0.005,9,0.998875562218891,False,
bellevue_150th_se38th,A6,159,1125520220,894085264,2668,7,7,3,5,2,0.005,9,0.998875562218891,False,
bellevue_150th_se38th,A7,159,1125520220,894085264,2668,7,7,3,1,1,0.005,1,1,False,
bellevue_150th_se38th,A9,159,1125520220,894085264,2668,7,7,3,5,2,0.005,9,0.998875562218891,False,
bellevue_150th_se38th,A5,160,1043146061,35969607,2091,8,6,6,3,4,0.0025,12,1,False,
bellevue_150th_se38th,A6,160,1043146061,35969607,2091,8,6,6,3,4,0.0025,12,1,False,
bellevue_150th_se38th,A7,160,1043146061,35969607,2091,8,6,6,1,1,0.005,1,1,False,
bellevue_150th_se38th,A9,160,1043146061,35969607,2091,8,6,6,3,4,0.0025,12,1,False,
bellevue_150th_se38th,A5,161,1928059116,1340981358,3609,8,7,4,5,2,0.01,8,0.993072873372125,False,
bellevue_150th_se38th,A6,161,1928059116,1340981358,3609,8,7,4,5,2,0.01,8,0.993072873372125,False,
bellevue_150th_se38th,A7,161,1928059116,1340981358,3609,8,7,4,1,1,0.005,1,1,False,
bellevue_150th_se38th,A9,161,1928059116,1340981358,3609,8,7,4,5,2,0.01,8,0.993072873372125,False,
bellevue_150th_se38th,A5,162,1580269799,805145206,2362,10,8,6,5,3,0.02,10,0.980948348856901,False,
bellevue_150th_se38th,A6,162,1580269799,805145206,2362,10,8,6,5,3,0.02,10,0.980948348856901,False,
bellevue_150th_se38th,A7,162,1580269799,805145206,2362,10,8,6,1,1,0.005,1,1,False,
bellevue_150th_se38th,A9,162,1580269799,805145206,2362,10,8,6,5,3,0.02,10,0.980948348856901,False,
bellevue_150th_se38th,A5,163,573373850,661403987,2534,6,7,3,4,2,0.001,8,1,False,
bellevue_150th_se38th,A6,163,573373850,661403987,2534,6,7,3,4,2,0.001,8,1,False,
bellevue_150th_se38th,A7,163,573373850,661403987,2534,6,7,3,1,1,0.005,1,1,False,
bellevue_150th_se38th,A9,163,573373850,661403987,2534,6,7,3,4,2,0.001,8,1,False,
bellevue_150th_se38th,A5,164,1976925599,324586104,1343,7,7,3,5,2,0.005,9,1,False,
bellevue_150th_se38th,A6,164,1976925599,324586104,1343,7,7,3,5,2,0.005,9,1,False,
bellevue_150th_se38th,A7,164,1976925599,324586104,1343,7,7,3,1,1,0.005,1,1,False,
bellevue_150th_se38th,A9,164,1976925599,324586104,1343,7,7,3,5,2,0.005,9,1,False,
bellevue_150th_se38th,A5,165,2136361658,212810124,1395,7,7,4,5,3,0.005,10,0.993548387096774,False,
bellevue_150th_se38th,A6,165,2136361658,212810124,1395,7,7,4,5,3,0.005,10,0.993548387096774,False,
bellevue_150th_se38th,A7,165,2136361658,212810124,1395,7,7,4,1,2,0.005,2,1,False,
bellevue_150th_se38th,A9,165,2136361658,212810124,1395,7,7,4,5,3,0.005,10,0.993548387096774,False,
bellevue_150th_se38th,A5,166,1145039968,598882743,3272,8,7,3,5,2,0.001,10,1,False,
bellevue_150th_se38th,A6,166,1145039968,598882743,3272,8,7,3,5,2,0.001,10,1,False,
bellevue_150th_se38th,A7,166,1145039968,598882743,3272,8,7,3,1,1,0.005,1,1,False,
bellevue_150th_se38th,A9,166,1145039968,598882743,3272,8,7,3,5,2,0.001,10,1,False,
bellevue_150th_se38th,A5,167,1383293826,659262946,2536,6,8,3,5,2,0.005,9,0.998422712933754,False,
bellevue_150th_se38th,A6,167,1383293826,659262946,2536,6,8,3,5,2,0.005,9,0.998422712933754,False,
bellevue_150th_se38th,A7,167,1383293826,659262946,2536,6,8,3,1,1,0.005,1,1,False,
bellevue_150th_se38th,A9,167,1383293826,659262946,2536,6,8,3,5,2,0.005,9,0.998422712933754,False,
bellevue_150th_se38th,A5,168,498597814,1303871216,3641,6,7,3,5,2,0.001,10,1,False,
bellevue_150th_se38th,A6,168,498597814,1303871216,3641,6,7,3,5,2,0.001,10,1,False,
bellevue_150th_se38th,A7,168,498597814,1303871216,3641,6,7,3,1,1,0.005,1,1,False,
bellevue_150th_se38th,A9,168,498597814,1303871216,3641,6,7,3,5,2,0.001,10,1,False,
bellevue_150th_se38th,A5,169,833535053,744658063,2263,9,7,4,5,2,0.005,9,0.999116217410517,False,
bellevue_150th_se38th,A6,169,833535053,744658063,2263,9,7,4,5,2,0.005,9,0.999116217410517,False,
bellevue_150th_se38th,A7,169,833535053,744658063,2263,9,7,4,1,1,0.005,1,1,False,
bellevue_150th_se38th,A9,169,833535053,744658063,2263,9,7,4,5,2,0.005,9,0.999116217410517,False,
bellevue_150th_se38th,A5,170,842793254,937743771,2766,8,7,4,5,2,0.005,9,0.999276934201012,False,
bellevue_150th_se38th,A6,170,842793254,937743771,2766,8,7,4,5,2,0.005,9,0.999276934201012,False,
bellevue_150th_se38th,A7,170,842793254,937743771,2766,8,7,4,1,1,0.005,1,1,False,
bellevue_150th_se38th,A9,170,842793254,937743771,2766,8,7,4,5,2,0.005,9,0.999276934201012,False,
bellevue_150th_se38th,A5,171,706585529,637822186,2676,8,7,3,5,2,0.001,10,1,False,
bellevue_150th_se38th,A6,171,706585529,637822186,2676,8,7,3,5,2,0.001,10,1,False,
bellevue_150th_se38th,A7,171,706585529,637822186,2676,8,7,3,1,1,0.005,1,1,False,
bellevue_150th_se38th,A9,171,706585529,637822186,2676,8,7,3,5,2,0.001,10,1,False,
bellevue_150th_se38th,A5,172,358964980,1313450947,2208,7,6,6,4,3,0.001,11,0.999094202898551,False,
bellevue_150th_se38th,A6,172,358964980,1313450947,2208,7,6,6,4,3,0.001,11,0.999094202898551,False,
bellevue_150th_se38th,A7,172,358964980,1313450947,2208,7,6,6,1,1,0.005,1,1,False,
bellevue_150th_se38th,A9,172,358964980,1313450947,2208,7,6,6,4,3,0.001,11,0.999094202898551,False,
bellevue_150th_se38th,A5,173,692633294,270395410,1610,7,8,8,6,5,0.001,25,0.999378881987578,False,
bellevue_150th_se38th,A6,173,692633294,270395410,1610,7,8,8,6,5,0.001,25,0.999378881987578,False,
bellevue_150th_se38th,A7,173,692633294,270395410,1610,7,8,8,1,1,0.005,1,1,False,
bellevue_150th_se38th,A9,173,692633294,270395410,1610,7,8,8,6,5,0.001,25,0.999378881987578,False,
bellevue_150th_se38th,A5,174,787809606,1356384691,3310,9,7,4,6,2,0.005,10,0.995166163141994,False,
bellevue_150th_se38th,A6,174,787809606,1356384691,3310,9,7,4,6,2,0.005,10,0.995166163141994,False,
bellevue_150th_se38th,A7,174,787809606,1356384691,3310,9,7,4,1,1,0.005,1,1,False,
bellevue_150th_se38th,A9,174,787809606,1356384691,3310,9,7,4,6,2,0.005,10,0.995166163141994,False,
bellevue_150th_se38th,A5,175,1603402160,1623417354,3353,9,7,4,5,2,0.001,9,0.999701759618252,False,
bellevue_150th_se38th,A6,175,1603402160,1623417354,3353,9,7,4,5,2,0.001,9,0.999701759618252,False,
bellevue_150th_se38th,A7,175,1603402160,1623417354,3353,9,7,4,1,1,0.005,1,1,False,
bellevue_150th_se38th,A9,175,1603402160,1623417354,3353,9,7,4,5,2,0.001,9,0.999701759618252,False,
bellevue_150th_se38th,A5,176,1002323219,1353311569,2152,8,8,3,5,2,0.0025,10,1,False,
bellevue_150th_se38th,A6,176,1002323219,1353311569,2152,8,8,3,5,2,0.0025,10,1,False,
bellevue_150th_se38th,A7,176,1002323219,1353311569,2152,8,8,3,1,1,0.005,1,1,False,
bellevue_150th_se38th,A9,176,1002323219,1353311569,2152,8,8,3,5,2,0.0025,10,1,False,
bellevue_150th_se38th,A5,177,437832568,79871946,1973,10,7,8,5,4,0.005,15,0.990876837303599,False,
bellevue_150th_se38th,A6,177,437832568,79871946,1973,10,7,8,5,4,0.005,15,0.990876837303599,False,
bellevue_150th_se38th,A7,177,437832568,79871946,1973,10,7,8,1,1,0.005,1,1,False,
bellevue_150th_se38th,A9,177,437832568,79871946,1973,10,7,8,5,4,0.005,15,0.990876837303599,False,
bellevue_150th_se38th,A5,178,640821253,764086252,1625,7,5,8,3,5,0.001,15,1,False,
bellevue_150th_se38th,A6,178,640821253,764086252,1625,7,5,8,3,5,0.001,15,1,False,
bellevue_150th_se38th,A7,178,640821253,764086252,1625,7,5,8,1,1,0.005,1,1,False,
bellevue_150th_se38th,A9,178,640821253,764086252,1625,7,5,8,3,5,0.001,15,1,False,
bellevue_150th_se38th,A5,179,1447167226,811250180,1311,6,4,8,3,5,0.001,15,1,False,
bellevue_150th_se38th,A6,179,1447167226,811250180,1311,6,4,8,3,5,0.001,15,1,False,
bellevue_150th_se38th,A7,179,1447167226,811250180,1311,6,4,8,1,1,0.005,1,1,False,
bellevue_150th_se38th,A9,179,1447167226,811250180,1311,6,4,8,3,5,0.001,15,1,False,
bellevue_150th_se38th,A5,180,1140566254,922252384,3544,7,7,3,5,2,0.005,9,0.998024830699774,False,
bellevue_150th_se38th,A6,180,1140566254,922252384,3544,7,7,3,5,2,0.005,9,0.998024830699774,False,
bellevue_150th_se38th,A7,180,1140566254,922252384,3544,7,7,3,1,1,0.005,1,1,False,
bellevue_150th_se38th,A9,180,1140566254,922252384,3544,7,7,3,5,2,0.005,9,0.998024830699774,False,
bellevue_150th_se38th,A5,181,1166137570,1308428103,3647,8,7,4,6,2,0.001,11,0.999725802029065,False,
bellevue_150th_se38th,A6,181,1166137570,1308428103,3647,8,7,4,6,2,0.001,11,0.999725802029065,False,
bellevue_150th_se38th,A7,181,1166137570,1308428103,3647,8,7,4,1,1,0.005,1,1,False,
bellevue_150th_se38th,A9,181,1166137570,1308428103,3647,8,7,4,6,2,0.001,11,0.999725802029065,False,
bellevue_150th_se38th,A5,182,1346155548,1459674691,3192,8,7,3,6,2,0.001,12,1,False,
bellevue_150th_se38th,A6,182,1346155548,1459674691,3192,8,7,3,6,2,0.001,12,1,False,
bellevue_150th_se38th,A7,182,1346155548,1459674691,3192,8,7,3,1,1,0.005,1,1,False,
bellevue_150th_se38th,A9,182,1346155548,1459674691,3192,8,7,3,6,2,0.001,12,1,False,
bellevue_150th_se38th,A5,183,1417788771,260456249,2035,7,7,8,5,6,0.02,12,0.92972972972973,False,
bellevue_150th_se38th,A6,183,1417788771,260456249,2035,7,7,8,5,6,0.02,12,0.92972972972973,False,
bellevue_150th_se38th,A7,183,1417788771,260456249,2035,7,7,8,1,1,0.005,1,1,False,
bellevue_150th_se38th,A9,183,1417788771,260456249,2035,7,7,8,5,6,0.02,12,0.92972972972973,False,
bellevue_150th_se38th,A5,184,116577230,1999428835,1742,7,8,6,5,3,0.0025,14,0.998277841561424,False,
bellevue_150th_se38th,A6,184,116577230,1999428835,1742,7,8,6,5,3,0.0025,14,0.998277841561424,False,
bellevue_150th_se38th,A7,184,116577230,1999428835,1742,7,8,6,1,1,0.005,1,1,False,
bellevue_150th_se38th,A9,184,116577230,1999428835,1742,7,8,6,5,3,0.0025,14,0.998277841561424,False,
bellevue_150th_se38th,A5,185,757549130,876837834,2410,6,8,6,6,2,0.0025,12,1,False,
bellevue_150th_se38th,A6,185,757549130,876837834,2410,6,8,6,6,2,0.0025,12,1,False,
bellevue_150th_se38th,A7,185,757549130,876837834,2410,6,8,6,1,1,0.005,1,1,False,
bellevue_150th_se38th,A9,185,757549130,876837834,2410,6,8,6,6,2,0.0025,12,1,False,
bellevue_150th_se38th,A5,186,277487959,1776153610,2138,9,7,4,4,2,0.001,8,1,False,
bellevue_150th_se38th,A6,186,277487959,1776153610,2138,9,7,4,4,2,0.001,8,1,False,
bellevue_150th_se38th,A7,186,277487959,1776153610,2138,9,7,4,1,1,0.005,1,1,False,
bellevue_150th_se38th,A9,186,277487959,1776153610,2138,9,7,4,4,2,0.001,8,1,False,
bellevue_150th_se38th,A5,187,731630855,840159373,1684,8,7,7,5,4,0.0025,17,0.997624703087886,False,
bellevue_150th_se38th,A6,187,731630855,840159373,1684,8,7,7,5,4,0.0025,17,0.997624703087886,False,
bellevue_150th_se38th,A7,187,731630855,840159373,1684,8,7,7,1,2,0.005,2,1,False,
bellevue_150th_se38th,A9,187,731630855,840159373,1684,8,7,7,5,4,0.0025,17,0.997624703087886,False,
bellevue_150th_se38th,A5,188,89553310,1777510306,3078,7,7,4,5,2,0.005,9,0.999675113710201,False,
bellevue_150th_se38th,A6,188,89553310,1777510306,3078,7,7,4,5,2,0.005,9,0.999675113710201,False,
bellevue_150th_se38th,A7,188,89553310,1777510306,3078,7,7,4,1,1,0.005,1,1,False,
bellevue_150th_se38th,A9,188,89553310,1777510306,3078,7,7,4,5,2,0.005,9,0.999675113710201,False,
bellevue_150th_se38th,A5,189,2004680534,395454882,3633,8,7,6,5,2,0.0025,10,1,False,
bellevue_150th_se38th,A6,189,2004680534,395454882,3633,8,7,6,5,2,0.0025,10,1,False,
bellevue_150th_se38th,A7,189,2004680534,395454882,3633,8,7,6,1,1,0.005,1,1,False,
bellevue_150th_se38th,A9,189,2004680534,395454882,3633,8,7,6,5,2,0.0025,10,1,False,
bellevue_150th_se38th,A5,190,1864436870,690082483,3354,7,7,3,6,2,0.005,10,0.994036970781157,False,
bellevue_150th_se38th,A6,190,1864436870,690082483,3354,7,7,3,6,2,0.005,10,0.994036970781157,False,
bellevue_150th_se38th,A7,190,1864436870,690082483,3354,7,7,3,1,1,0.005,1,1,False,
bellevue_150th_se38th,A9,190,1864436870,690082483,3354,7,7,3,6,2,0.005,10,0.994036970781157,False,
bellevue_150th_se38th,A5,191,2087223756,631817442,1759,9,7,8,5,6,0.0025,20,0.99488345650938,False,
bellevue_150th_se38th,A6,191,2087223756,631817442,1759,9,7,8,5,6,0.0025,20,0.99488345650938,False,
bellevue_150th_se38th,A7,191,2087223756,631817442,1759,9,7,8,1,1,0.005,1,1,False,
bellevue_150th_se38th,A9,191,2087223756,631817442,1759,9,7,8,5,6,0.0025,20,0.99488345650938,False,
bellevue_150th_se38th,A5,192,219455063,34471552,1810,8,4,6,2,4,0.0025,8,1,False,
bellevue_150th_se38th,A6,192,219455063,34471552,1810,8,4,6,2,4,0.0025,8,1,False,
bellevue_150th_se38th,A7,192,219455063,34471552,1810,8,4,6,1,1,0.005,1,1,False,
bellevue_150th_se38th,A9,192,219455063,34471552,1810,8,4,6,2,4,0.0025,8,1,False,
bellevue_150th_se38th,A5,193,1921829094,929476819,2344,7,8,6,5,3,0.001,15,1,False,
bellevue_150th_se38th,A6,193,1921829094,929476819,2344,7,8,6,5,3,0.001,15,1,False,
bellevue_150th_se38th,A7,193,1921829094,929476819,2344,7,8,6,1,1,0.005,1,1,False,
bellevue_150th_se38th,A9,193,1921829094,929476819,2344,7,8,6,5,3,0.001,15,1,False,
bellevue_150th_se38th,A5,194,865007338,2086172565,2050,7,7,3,6,2,0.001,11,1,False,
bellevue_150th_se38th,A6,194,865007338,2086172565,2050,7,7,3,6,2,0.001,11,1,False,
bellevue_150th_se38th,A7,194,865007338,2086172565,2050,7,7,3,1,1,0.005,1,1,False,
bellevue_150th_se38th,A9,194,865007338,2086172565,2050,7,7,3,6,2,0.001,11,1,False,
bellevue_150th_se38th,A5,195,1129705325,319353673,2481,9,7,3,5,2,0.0025,10,1,False,
bellevue_150th_se38th,A6,195,1129705325,319353673,2481,9,7,3,5,2,0.0025,10,1,False,
bellevue_150th_se38th,A7,195,1129705325,319353673,2481,9,7,3,1,1,0.005,1,1,False,
bellevue_150th_se38th,A9,195,1129705325,319353673,2481,9,7,3,5,2,0.0025,10,1,False,
bellevue_150th_se38th,A5,196,1691590879,1011967260,2989,10,7,3,5,2,0.005,9,0.997658079625293,False,
bellevue_150th_se38th,A6,196,1691590879,1011967260,2989,10,7,3,5,2,0.005,9,0.997658079625293,False,
bellevue_150th_se38th,A7,196,1691590879,1011967260,2989,10,7,3,1,1,0.005,1,1,False,
bellevue_150th_se38th,A9,196,1691590879,1011967260,2989,10,7,3,5,2,0.005,9,0.997658079625293,False,
bellevue_150th_se38th,A5,197,814894608,1615896041,3318,7,8,3,6,2,0.0025,11,1,False,
bellevue_150th_se38th,A6,197,814894608,1615896041,3318,7,8,3,6,2,0.0025,11,1,False,
bellevue_150th_se38th,A7,197,814894608,1615896041,3318,7,8,3,1,1,0.005,1,1,False,
bellevue_150th_se38th,A9,197,814894608,1615896041,3318,7,8,3,6,2,0.0025,11,1,False,
bellevue_150th_se38th,A5,198,283382988,947589832,2201,7,7,3,5,2,0.001,9,0.999545661063153,False,
bellevue_150th_se38th,A6,198,283382988,947589832,2201,7,7,3,5,2,0.001,9,0.999545661063153,False,
bellevue_150th_se38th,A7,198,283382988,947589832,2201,7,7,3,1,1,0.005,1,1,False,
bellevue_150th_se38th,A9,198,283382988,947589832,2201,7,7,3,5,2,0.001,9,0.999545661063153,False,
bellevue_150th_se38th,A5,199,842270088,216680801,2386,8,8,6,5,3,0.005,12,0.992875104777871,False,
bellevue_150th_se38th,A6,199,842270088,216680801,2386,8,8,6,5,3,0.005,12,0.992875104777871,False,
bellevue_150th_se38th,A7,199,842270088,216680801,2386,8,8,6,1,1,0.005,1,1,False,
bellevue_150th_se38th,A9,199,842270088,216680801,2386,8,8,6,5,3,0.005,12,0.992875104777871,False,
bellevue_150th_se38th,A5,200,702109899,513964563,2156,6,4,6,3,3,0.0025,9,1,False,
bellevue_150th_se38th,A6,200,702109899,513964563,2156,6,4,6,3,3,0.0025,9,1,False,
bellevue_150th_se38th,A7,200,702109899,513964563,2156,6,4,6,1,1,0.005,1,1,False,
bellevue_150th_se38th,A9,200,702109899,513964563,2156,6,4,6,3,3,0.0025,9,1,False,
bellevue_150th_se38th,A5,201,881390085,1750118464,3930,8,8,6,6,3,0.02,11,0.975063613231552,False,
bellevue_150th_se38th,A6,201,881390085,1750118464,3930,8,8,6,6,3,0.02,11,0.975063613231552,False,
bellevue_150th_se38th,A7,201,881390085,1750118464,3930,8,8,6,1,1,0.005,1,1,False,
bellevue_150th_se38th,A9,201,881390085,1750118464,3930,8,8,6,6,3,0.02,11,0.975063613231552,False,
bellevue_150th_se38th,A5,202,1660858075,1586030785,1935,8,7,3,6,2,0.0025,11,1,False,
bellevue_150th_se38th,A6,202,1660858075,1586030785,1935,8,7,3,6,2,0.0025,11,1,False,
bellevue_150th_se38th,A7,202,1660858075,1586030785,1935,8,7,3,1,1,0.005,1,1,False,
bellevue_150th_se38th,A9,202,1660858075,1586030785,1935,8,7,3,6,2,0.0025,11,1,False,
bellevue_150th_se38th,A5,203,859643287,1956649803,1895,8,8,6,6,3,0.02,11,0.962532981530343,False,
bellevue_150th_se38th,A6,203,859643287,1956649803,1895,8,8,6,6,3,0.02,11,0.962532981530343,False,
bellevue_150th_se38th,A7,203,859643287,1956649803,1895,8,8,6,1,1,0.005,1,1,False,
bellevue_150th_se38th,A9,203,859643287,1956649803,1895,8,8,6,6,3,0.02,11,0.962532981530343,False,
bellevue_150th_se38th,A5,204,1032110784,444168399,2658,7,7,3,5,2,0.005,9,0.999247554552295,False,
bellevue_150th_se38th,A6,204,1032110784,444168399,2658,7,7,3,5,2,0.005,9,0.999247554552295,False,
bellevue_150th_se38th,A7,204,1032110784,444168399,2658,7,7,3,1,1,0.005,1,1,False,
bellevue_150th_se38th,A9,204,1032110784,444168399,2658,7,7,3,5,2,0.005,9,0.999247554552295,False,
bellevue_150th_se38th,A5,205,632721892,1493319667,2859,7,8,3,5,2,0.001,10,1,False,
bellevue_150th_se38th,A6,205,632721892,1493319667,2859,7,8,3,5,2,0.001,10,1,False,
bellevue_150th_se38th,A7,205,632721892,1493319667,2859,7,8,3,1,1,0.005,1,1,False,
bellevue_150th_se38th,A9,205,632721892,1493319667,2859,7,8,3,5,2,0.001,10,1,False,
bellevue_150th_se38th,A5,206,1762404294,858844541,1808,9,7,6,5,2,0.001,10,1,False,
bellevue_150th_se38th,A6,206,1762404294,858844541,1808,9,7,6,5,2,0.001,10,1,False,
bellevue_150th_se38th,A7,206,1762404294,858844541,1808,9,7,6,1,1,0.005,1,1,False,
bellevue_150th_se38th,A9,206,1762404294,858844541,1808,9,7,6,5,2,0.001,10,1,False,
bellevue_150th_se38th,A5,207,1899921886,288522341,2164,9,7,4,5,2,0.001,10,1,False,
bellevue_150th_se38th,A6,207,1899921886,288522341,2164,9,7,4,5,2,0.001,10,1,False,
bellevue_150th_se38th,A7,207,1899921886,288522341,2164,9,7,4,1,1,0.005,1,1,False,
bellevue_150th_se38th,A9,207,1899921886,288522341,2164,9,7,4,5,2,0.001,10,1,False,
bellevue_150th_se38th,A5,208,1164567317,899558455,3252,8,7,4,6,2,0.005,10,0.994772447724477,False,
bellevue_150th_se38th,A6,208,1164567317,899558455,3252,8,7,4,6,2,0.005,10,0.994772447724477,False,
bellevue_150th_se38th,A7,208,1164567317,899558455,3252,8,7,4,1,1,0.005,1,1,False,
bellevue_150th_se38th,A9,208,1164567317,899558455,3252,8,7,4,6,2,0.005,10,0.994772447724477,False,
bellevue_150th_se38th,A5,209,746428771,2064267985,1720,7,8,6,5,4,0.0025,17,0.997093023255814,False,
bellevue_150th_se38th,A6,209,746428771,2064267985,1720,7,8,6,5,4,0.0025,17,0.997093023255814,False,
bellevue_150th_se38th,A7,209,746428771,2064267985,1720,7,8,6,1,1,0.005,1,1,False,
bellevue_150th_se38th,A9,209,746428771,2064267985,1720,7,8,6,5,4,0.0025,17,0.997093023255814,False,
bellevue_150th_se38th,A5,210,1425998971,1654750992,2371,8,8,6,5,3,0.02,10,0.982285955293125,False,
bellevue_150th_se38th,A6,210,1425998971,1654750992,2371,8,8,6,5,3,0.02,10,0.982285955293125,False,
bellevue_150th_se38th,A7,210,1425998971,1654750992,2371,8,8,6,1,1,0.005,1,1,False,
bellevue_150th_se38th,A9,210,1425998971,1654750992,2371,8,8,6,5,3,0.02,10,0.982285955293125,False,
bellevue_150th_se38th,A5,211,327293594,757303521,2234,9,7,3,5,2,0.0025,9,0.999104744852283,False,
bellevue_150th_se38th,A6,211,327293594,757303521,2234,9,7,3,5,2,0.0025,9,0.999104744852283,False,
bellevue_150th_se38th,A7,211,327293594,757303521,2234,9,7,3,1,1,0.005,1,1,False,
bellevue_150th_se38th,A9,211,327293594,757303521,2234,9,7,3,5,2,0.0025,9,0.999104744852283,False,
bellevue_150th_se38th,A5,212,544557845,1137831539,1666,7,8,6,5,3,0.001,15,1,False,
bellevue_150th_se38th,A6,212,544557845,1137831539,1666,7,8,6,5,3,0.001,15,1,False,
bellevue_150th_se38th,A7,212,544557845,1137831539,1666,7,8,6,1,1,0.005,1,1,False,
bellevue_150th_se38th,A9,212,544557845,1137831539,1666,7,8,6,5,3,0.001,15,1,False,
bellevue_150th_se38th,A5,213,1300569718,52380207,2161,9,8,3,5,2,0.005,10,1,False,
bellevue_150th_se38th,A6,213,1300569718,52380207,2161,9,8,3,5,2,0.005,10,1,False,
bellevue_150th_se38th,A7,213,1300569718,52380207,2161,9,8,3,1,1,0.005,1,1,False,
bellevue_150th_se38th,A9,213,1300569718,52380207,2161,9,8,3,5,2,0.005,10,1,False,
bellevue_150th_se38th,A5,214,41082671,1402725882,1101,9,6,8,3,5,0.0025,14,1,False,
bellevue_150th_se38th,A6,214,41082671,1402725882,1101,9,6,8,3,5,0.0025,14,1,False,
bellevue_150th_se38th,A7,214,41082671,1402725882,1101,9,6,8,1,1,0.005,1,1,False,
bellevue_150th_se38th,A9,214,41082671,1402725882,1101,9,6,8,3,5,0.0025,14,1,False,
bellevue_150th_se38th,A5,215,1773868703,38182844,2629,7,7,6,6,3,0.001,17,0.99923925446938,False,
bellevue_150th_se38th,A6,215,1773868703,38182844,2629,7,7,6,6,3,0.001,17,0.99923925446938,False,
bellevue_150th_se38th,A7,215,1773868703,38182844,2629,7,7,6,1,1,0.005,1,1,False,
bellevue_150th_se38th,A9,215,1773868703,38182844,2629,7,7,6,6,3,0.001,17,0.99923925446938,False,
bellevue_150th_se38th,A5,216,732524614,172068523,1205,9,4,8,2,4,0.0025,8,1,False,
bellevue_150th_se38th,A6,216,732524614,172068523,1205,9,4,8,2,4,0.0025,8,1,False,
bellevue_150th_se38th,A7,216,732524614,172068523,1205,9,4,8,1,1,0.005,1,1,False,
bellevue_150th_se38th,A9,216,732524614,172068523,1205,9,4,8,2,4,0.0025,8,1,False,
bellevue_150th_se38th,A5,217,359951726,1381954809,2252,8,7,3,6,2,0.001,11,1,False,
bellevue_150th_se38th,A6,217,359951726,1381954809,2252,8,7,3,6,2,0.001,11,1,False,
bellevue_150th_se38th,A7,217,359951726,1381954809,2252,8,7,3,1,1,0.005,1,1,False,
bellevue_150th_se38th,A9,217,359951726,1381954809,2252,8,7,3,6,2,0.001,11,1,False,
bellevue_150th_se38th,A5,218,1135684382,1491133418,2199,7,7,6,5,4,0.02,11,0.963619827194179,False,
bellevue_150th_se38th,A6,218,1135684382,1491133418,2199,7,7,6,5,4,0.02,11,0.963619827194179,False,
bellevue_150th_se38th,A7,218,1135684382,1491133418,2199,7,7,6,1,1,0.005,1,1,False,
bellevue_150th_se38th,A9,218,1135684382,1491133418,2199,7,7,6,5,4,0.02,11,0.963619827194179,False,
bellevue_150th_se38th,A5,219,510586782,628997967,3620,7,7,3,5,2,0.005,9,1,False,
bellevue_150th_se38th,A6,219,510586782,628997967,3620,7,7,3,5,2,0.005,9,1,False,
bellevue_150th_se38th,A7,219,510586782,628997967,3620,7,7,3,1,1,0.005,1,1,False,
bellevue_150th_se38th,A9,219,510586782,628997967,3620,7,7,3,5,2,0.005,9,1,False,
bellevue_150th_se38th,A5,220,1950828933,473000098,1667,7,7,4,5,3,0.01,10,0.992201559688062,False,
bellevue_150th_se38th,A6,220,1950828933,473000098,1667,7,7,4,5,3,0.01,10,0.992201559688062,False,
bellevue_150th_se38th,A7,220,1950828933,473000098,1667,7,7,4,1,2,0.005,2,1,False,
bellevue_150th_se38th,A9,220,1950828933,473000098,1667,7,7,4,5,3,0.01,10,0.992201559688062,False,
bellevue_150th_se38th,A5,221,2124519365,56771104,2208,8,8,6,5,3,0.02,10,0.974184782608696,False,
bellevue_150th_se38th,A6,221,2124519365,56771104,2208,8,8,6,5,3,0.02,10,0.974184782608696,False,
bellevue_150th_se38th,A7,221,2124519365,56771104,2208,8,8,6,1,1,0.005,1,1,False,
bellevue_150th_se38th,A9,221,2124519365,56771104,2208,8,8,6,5,3,0.02,10,0.974184782608696,False,
bellevue_150th_se38th,A5,222,1972518456,1508322836,2493,9,7,3,5,2,0.005,9,0.997593261131167,False,
bellevue_150th_se38th,A6,222,1972518456,1508322836,2493,9,7,3,5,2,0.005,9,0.997593261131167,False,
bellevue_150th_se38th,A7,222,1972518456,1508322836,2493,9,7,3,1,1,0.005,1,1,False,
bellevue_150th_se38th,A9,222,1972518456,1508322836,2493,9,7,3,5,2,0.005,9,0.997593261131167,False,
bellevue_150th_se38th,A5,223,924833509,140886155,3024,7,7,6,5,3,0.02,10,0.981150793650794,False,
bellevue_150th_se38th,A6,223,924833509,140886155,3024,7,7,6,5,3,0.02,10,0.981150793650794,False,
bellevue_150th_se38th,A7,223,924833509,140886155,3024,7,7,6,1,1,0.005,1,1,False,
bellevue_150th_se38th,A9,223,924833509,140886155,3024,7,7,6,5,3,0.02,10,0.981150793650794,False,
bellevue_150th_se38th,A5,224,788369326,2049491579,2977,6,7,4,5,2,0.005,9,1,False,
bellevue_150th_se38th,A6,224,788369326,2049491579,2977,6,7,4,5,2,0.005,9,1,False,
bellevue_150th_se38th,A7,224,788369326,2049491579,2977,6,7,4,1,2,0.005,2,1,False,
bellevue_150th_se38th,A9,224,788369326,2049491579,2977,6,7,4,5,2,0.005,9,1,False,
bellevue_150th_se38th,A5,225,1312887268,450563070,2288,8,8,8,6,4,0.001,22,1,False,
bellevue_150th_se38th,A6,225,1312887268,450563070,2288,8,8,8,6,4,0.001,22,1,False,
bellevue_150th_se38th,A7,225,1312887268,450563070,2288,8,8,8,1,1,0.005,1,1,False,
bellevue_150th_se38th,A9,225,1312887268,450563070,2288,8,8,8,6,4,0.001,22,1,False,
bellevue_150th_se38th,A5,226,1524004514,24657288,1738,6,7,6,4,3,0.005,11,0.997698504027618,False,
bellevue_150th_se38th,A6,226,1524004514,24657288,1738,6,7,6,4,3,0.005,11,0.997698504027618,False,
bellevue_150th_se38th,A7,226,1524004514,24657288,1738,6,7,6,1,1,0.005,1,1,False,
bellevue_150th_se38th,A9,226,1524004514,24657288,1738,6,7,6,4,3,0.005,11,0.997698504027618,False,
bellevue_150th_se38th,A5,227,1114848944,1982886968,2619,9,7,4,5,2,0.005,9,0.999236349751814,False,
bellevue_150th_se38th,A6,227,1114848944,1982886968,2619,9,7,4,5,2,0.005,9,0.999236349751814,False,
bellevue_150th_se38th,A7,227,1114848944,1982886968,2619,9,7,4,1,2,0.005,2,1,False,
bellevue_150th_se38th,A9,227,1114848944,1982886968,2619,9,7,4,5,2,0.005,9,0.999236349751814,False,
bellevue_150th_se38th,A5,228,1558686136,752647247,1788,8,8,8,5,3,0.0025,13,0.998881431767338,False,
bellevue_150th_se38th,A6,228,1558686136,752647247,1788,8,8,8,5,3,0.0025,13,0.998881431767338,False,
bellevue_150th_se38th,A7,228,1558686136,752647247,1788,8,8,8,1,1,0.005,1,1,False,
bellevue_150th_se38th,A9,228,1558686136,752647247,1788,8,8,8,5,3,0.0025,13,0.998881431767338,False,
bellevue_150th_se38th,A5,229,1749710145,2075803542,1645,8,7,8,5,3,0.02,11,0.989057750759878,False,
bellevue_150th_se38th,A6,229,1749710145,2075803542,1645,8,7,8,5,3,0.02,11,0.989057750759878,False,
bellevue_150th_se38th,A7,229,1749710145,2075803542,1645,8,7,8,1,1,0.005,1,1,False,
bellevue_150th_se38th,A9,229,1749710145,2075803542,1645,8,7,8,5,3,0.02,11,0.989057750759878,False,
bellevue_150th_se38th,A5,230,1976186101,1241659423,3669,7,7,3,5,2,0.005,9,0.998909784682475,False,
bellevue_150th_se38th,A6,230,1976186101,1241659423,3669,7,7,3,5,2,0.005,9,0.998909784682475,False,
bellevue_150th_se38th,A7,230,1976186101,1241659423,3669,7,7,3,1,1,0.005,1,1,False,
bellevue_150th_se38th,A9,230,1976186101,1241659423,3669,7,7,3,5,2,0.005,9,0.998909784682475,False,
bellevue_150th_se38th,A5,231,898787819,1173689289,3290,8,7,4,6,2,0.0025,11,0.999392097264438,False,
bellevue_150th_se38th,A6,231,898787819,1173689289,3290,8,7,4,6,2,0.0025,11,0.999392097264438,False,
bellevue_150th_se38th,A7,231,898787819,1173689289,3290,8,7,4,1,1,0.005,1,1,False,
bellevue_150th_se38th,A9,231,898787819,1173689289,3290,8,7,4,6,2,0.0025,11,0.999392097264438,False,
bellevue_150th_se38th,A5,232,1569650379,275000583,2619,8,8,6,5,3,0.0025,14,0.998090874379534,False,
bellevue_150th_se38th,A6,232,1569650379,275000583,2619,8,8,6,5,3,0.0025,14,0.998090874379534,False,
bellevue_150th_se38th,A7,232,1569650379,275000583,2619,8,8,6,1,1,0.005,1,1,False,
bellevue_150th_se38th,A9,232,1569650379,275000583,2619,8,8,6,5,3,0.0025,14,0.998090874379534,False,
bellevue_150th_se38th,A5,233,1885060185,313359893,2841,8,7,4,6,2,0.001,11,1,False,
bellevue_150th_se38th,A6,233,1885060185,313359893,2841,8,7,4,6,2,0.001,11,1,False,
bellevue_150th_se38th,A7,233,1885060185,313359893,2841,8,7,4,1,1,0.005,1,1,False,
bellevue_150th_se38th,A9,233,1885060185,313359893,2841,8,7,4,6,2,0.001,11,1,False,
bellevue_150th_se38th,A5,234,1472846293,197957287,1931,9,7,8,5,5,0.02,11,0.958052822371828,False,
bellevue_150th_se38th,A6,234,1472846293,197957287,1931,9,7,8,5,5,0.02,11,0.958052822371828,False,
bellevue_150th_se38th,A7,234,1472846293,197957287,1931,9,7,8,1,2,0.005,2,1,False,
bellevue_150th_se38th,A9,234,1472846293,197957287,1931,9,7,8,5,5,0.02,11,0.958052822371828,False,
bellevue_150th_se38th,A5,235,1491663602,730106447,1820,8,7,6,5,4,0.01,12,0.975274725274725,False,
bellevue_150th_se38th,A6,235,1491663602,730106447,1820,8,7,6,5,4,0.01,12,0.975274725274725,False,
bellevue_150th_se38th,A7,235,1491663602,730106447,1820,8,7,6,1,1,0.005,1,1,False,
bellevue_150th_se38th,A9,235,1491663602,730106447,1820,8,7,6,5,4,0.01,12,0.975274725274725,False,
bellevue_150th_se38th,A5,236,649284745,482846674,3851,7,7,3,6,2,0.001,11,1,False,
bellevue_150th_se38th,A6,236,649284745,482846674,3851,7,7,3,6,2,0.001,11,1,False,
bellevue_150th_se38th,A7,236,649284745,482846674,3851,7,7,3,1,1,0.005,1,1,False,
bellevue_150th_se38th,A9,236,649284745,482846674,3851,7,7,3,6,2,0.001,11,1,False,
bellevue_150th_se38th,A5,237,227429760,447817107,2270,8,8,8,6,5,0.001,26,0.998678414096916,False,
bellevue_150th_se38th,A6,237,227429760,447817107,2270,8,8,8,6,5,0.001,26,0.998678414096916,False,
bellevue_150th_se38th,A7,237,227429760,447817107,2270,8,8,8,1,1,0.005,1,1,False,
bellevue_150th_se38th,A9,237,227429760,447817107,2270,8,8,8,6,5,0.001,26,0.998678414096916,False,
bellevue_150th_se38th,A5,238,1672484645,1045380813,1904,7,5,8,4,4,0.0025,14,1,False,
bellevue_150th_se38th,A6,238,1672484645,1045380813,1904,7,5,8,4,4,0.0025,14,1,False,
bellevue_150th_se38th,A7,238,1672484645,1045380813,1904,7,5,8,1,1,0.005,1,1,False,
bellevue_150th_se38th,A9,238,1672484645,1045380813,1904,7,5,8,4,4,0.0025,14,1,False,
bellevue_150th_se38th,A5,239,1026986850,799500966,2497,9,7,4,5,2,0.005,9,0.999199038846616,False,
bellevue_150th_se38th,A6,239,1026986850,799500966,2497,9,7,4,5,2,0.005,9,0.999199038846616,False,
bellevue_150th_se38th,A7,239,1026986850,799500966,2497,9,7,4,1,1,0.005,1,1,False,
bellevue_150th_se38th,A9,239,1026986850,799500966,2497,9,7,4,5,2,0.005,9,0.999199038846616,False,
bellevue_150th_se38th,A5,240,554386278,1916516959,2554,9,8,4,6,3,0.0025,13,0.99804228660924,False,
bellevue_150th_se38th,A6,240,554386278,1916516959,2554,9,8,4,6,3,0.0025,13,0.99804228660924,False,
bellevue_150th_se38th,A7,240,554386278,1916516959,2554,9,8,4,1,2,0.005,2,1,False,
bellevue_150th_se38th,A9,240,554386278,1916516959,2554,9,8,4,6,3,0.0025,13,0.99804228660924,False,
bellevue_150th_se38th,A5,241,863876277,367456839,2622,7,8,3,5,2,0.001,10,1,False,
bellevue_150th_se38th,A6,241,863876277,367456839,2622,7,8,3,5,2,0.001,10,1,False,
bellevue_150th_se38th,A7,241,863876277,367456839,2622,7,8,3,1,1,0.005,1,1,False,
bellevue_150th_se38th,A9,241,863876277,367456839,2622,7,8,3,5,2,0.001,10,1,False,
bellevue_150th_se38th,A5,242,1720225620,311290821,947,7,5,8,3,6,0.005,15,0.995776135163675,False,
bellevue_150th_se38th,A6,242,1720225620,311290821,947,7,5,8,3,6,0.005,15,0.995776135163675,False,
bellevue_150th_se38th,A7,242,1720225620,311290821,947,7,5,8,1,1,0.005,1,1,False,
bellevue_150th_se38th,A9,242,1720225620,311290821,947,7,5,8,3,6,0.005,15,0.995776135163675,False,
bellevue_150th_se38th,A5,243,584167374,813903839,2599,6,8,3,5,2,0.0025,10,1,False,
bellevue_150th_se38th,A6,243,584167374,813903839,2599,6,8,3,5,2,0.0025,10,1,False,
bellevue_150th_se38th,A7,243,584167374,813903839,2599,6,8,3,1,1,0.005,1,1,False,
bellevue_150th_se38th,A9,243,584167374,813903839,2599,6,8,3,5,2,0.0025,10,1,False,
bellevue_150th_se38th,A5,244,837121425,805084494,2310,7,4,8,2,5,0.001,10,1,False,
bellevue_150th_se38th,A6,244,837121425,805084494,2310,7,4,8,2,5,0.001,10,1,False,
bellevue_150th_se38th,A7,244,837121425,805084494,2310,7,4,8,1,1,0.005,1,1,False,
bellevue_150th_se38th,A9,244,837121425,805084494,2310,7,4,8,2,5,0.001,10,1,False,
bellevue_150th_se38th,A5,245,989452036,1081612017,2830,6,7,3,6,2,0.0025,11,1,False,
bellevue_150th_se38th,A6,245,989452036,1081612017,2830,6,7,3,6,2,0.0025,11,1,False,
bellevue_150th_se38th,A7,245,989452036,1081612017,2830,6,7,3,1,1,0.005,1,1,False,
bellevue_150th_se38th,A9,245,989452036,1081612017,2830,6,7,3,6,2,0.0025,11,1,False,
bellevue_150th_se38th,A5,246,621596764,555079382,2027,8,7,6,5,3,0.001,13,1,False,
bellevue_150th_se38th,A6,246,621596764,555079382,2027,8,7,6,5,3,0.001,13,1,False,
bellevue_150th_se38th,A7,246,621596764,555079382,2027,8,7,6,1,2,0.005,2,1,False,
bellevue_150th_se38th,A9,246,621596764,555079382,2027,8,7,6,5,3,0.001,13,1,False,
bellevue_150th_se38th,A5,247,1874977659,1549350366,1989,7,4,8,3,5,0.0025,13,0.99798893916541,False,
bellevue_150th_se38th,A6,247,1874977659,1549350366,1989,7,4,8,3,5,0.0025,13,0.99798893916541,False,
bellevue_150th_se38th,A7,247,1874977659,1549350366,1989,7,4,8,1,1,0.005,1,1,False,
bellevue_150th_se38th,A9,247,1874977659,1549350366,1989,7,4,8,3,5,0.0025,13,0.99798893916541,False,
bellevue_150th_se38th,A5,248,1305312941,870926920,2383,8,8,8,6,4,0.0025,19,0.995803608896349,False,
bellevue_150th_se38th,A6,248,1305312941,870926920,2383,8,8,8,6,4,0.0025,19,0.995803608896349,False,
bellevue_150th_se38th,A7,248,1305312941,870926920,2383,8,8,8,1,1,0.005,1,1,False,
bellevue_150th_se38th,A9,248,1305312941,870926920,2383,8,8,8,6,4,0.0025,19,0.995803608896349,False,
bellevue_150th_se38th,A5,249,107757811,421392297,2326,6,4,8,3,5,0.001,14,1,False,
bellevue_150th_se38th,A6,249,107757811,421392297,2326,6,4,8,3,5,0.001,14,1,False,
bellevue_150th_se38th,A7,249,107757811,421392297,2326,6,4,8,1,1,0.005,1,1,False,
bellevue_150th_se38th,A9,249,107757811,421392297,2326,6,4,8,3,5,0.001,14,1,False,
bellevue_150th_se38th,A5,250,852973353,252719247,1858,9,8,8,5,5,0.001,23,0.9994617868676,False,
bellevue_150th_se38th,A6,250,852973353,252719247,1858,9,8,8,5,5,0.001,23,0.9994617868676,False,
bellevue_150th_se38th,A7,250,852973353,252719247,1858,9,8,8,1,1,0.005,1,1,False,
bellevue_150th_se38th,A9,250,852973353,252719247,1858,9,8,8,5,5,0.001,23,0.9994617868676,False,
bellevue_150th_se38th,A5,251,1363436197,1297108262,2571,9,8,6,6,3,0.02,11,0.976273823415014,False,
bellevue_150th_se38th,A6,251,1363436197,1297108262,2571,9,8,6,6,3,0.02,11,0.976273823415014,False,
bellevue_150th_se38th,A7,251,1363436197,1297108262,2571,9,8,6,1,1,0.005,1,1,False,
bellevue_150th_se38th,A9,251,1363436197,1297108262,2571,9,8,6,6,3,0.02,11,0.976273823415014,False,
bellevue_150th_se38th,A5,252,771676466,2075369622,1755,8,7,4,5,2,0.0025,9,1,False,
bellevue_150th_se38th,A6,252,771676466,2075369622,1755,8,7,4,5,2,0.0025,9,1,False,
bellevue_150th_se38th,A7,252,771676466,2075369622,1755,8,7,4,1,2,0.005,2,1,False,
bellevue_150th_se38th,A9,252,771676466,2075369622,1755,8,7,4,5,2,0.0025,9,1,False,
bellevue_150th_se38th,A5,253,1857360755,1411233020,3573,9,8,6,5,3,0.02,10,0.977050097956899,False,
bellevue_150th_se38th,A6,253,1857360755,1411233020,3573,9,8,6,5,3,0.02,10,0.977050097956899,False,
bellevue_150th_se38th,A7,253,1857360755,1411233020,3573,9,8,6,1,1,0.005,1,1,False,
bellevue_150th_se38th,A9,253,1857360755,1411233020,3573,9,8,6,5,3,0.02,10,0.977050097956899,False,
bellevue_150th_se38th,A5,254,1081189729,518583961,2583,8,8,6,5,4,0.001,18,1,False,
bellevue_150th_se38th,A6,254,1081189729,518583961,2583,8,8,6,5,4,0.001,18,1,False,
bellevue_150th_se38th,A7,254,1081189729,518583961,2583,8,8,6,1,1,0.005,1,1,False,
bellevue_150th_se38th,A9,254,1081189729,518583961,2583,8,8,6,5,4,0.001,18,1,False,
bellevue_150th_se38th,A5,255,1187492473,1605153558,4166,7,7,3,6,2,0.001,12,1,False,
bellevue_150th_se38th,A6,255,1187492473,1605153558,4166,7,7,3,6,2,0.001,12,1,False,
bellevue_150th_se38th,A7,255,1187492473,1605153558,4166,7,7,3,1,1,0.005,1,1,False,
bellevue_150th_se38th,A9,255,1187492473,1605153558,4166,7,7,3,6,2,0.001,12,1,False,
bellevue_150th_se38th,A5,256,1097209199,1560286569,2062,7,8,6,6,4,0.005,16,0.982541222114452,False,
bellevue_150th_se38th,A6,256,1097209199,1560286569,2062,7,8,6,6,4,0.005,16,0.982541222114452,False,
bellevue_150th_se38th,A7,256,1097209199,1560286569,2062,7,8,6,1,1,0.005,1,1,False,
bellevue_150th_se38th,A9,256,1097209199,1560286569,2062,7,8,6,6,4,0.005,16,0.982541222114452,False,
bellevue_150th_se38th,A5,257,1631690413,73815398,2443,7,8,3,5,2,0.001,10,1,False,
bellevue_150th_se38th,A6,257,1631690413,73815398,2443,7,8,3,5,2,0.001,10,1,False,
bellevue_150th_se38th,A7,257,1631690413,73815398,2443,7,8,3,1,1,0.005,1,1,False,
bellevue_150th_se38th,A9,257,1631690413,73815398,2443,7,8,3,5,2,0.001,10,1,False,
bellevue_150th_se38th,A5,258,888587188,966890900,2223,6,8,6,6,4,0.001,22,1,False,
bellevue_150th_se38th,A6,258,888587188,966890900,2223,6,8,6,6,4,0.001,22,1,False,
bellevue_150th_se38th,A7,258,888587188,966890900,2223,6,8,6,1,1,0.005,1,1,False,
bellevue_150th_se38th,A9,258,888587188,966890900,2223,6,8,6,6,4,0.001,22,1,False,
bellevue_150th_se38th,A5,259,1159468556,1790678077,2695,5,8,6,6,3,0.001,17,1,False,
bellevue_150th_se38th,A6,259,1159468556,1790678077,2695,5,8,6,6,3,0.001,17,1,False,
bellevue_150th_se38th,A7,259,1159468556,1790678077,2695,5,8,6,1,1,0.005,1,1,False,
bellevue_150th_se38th,A9,259,1159468556,1790678077,2695,5,8,6,6,3,0.001,17,1,False,
bellevue_150th_se38th,A5,260,1321668734,1203043378,3756,7,7,3,5,2,0.001,10,1,False,
bellevue_150th_se38th,A6,260,1321668734,1203043378,3756,7,7,3,5,2,0.001,10,1,False,
bellevue_150th_se38th,A7,260,1321668734,1203043378,3756,7,7,3,1,1,0.005,1,1,False,
bellevue_150th_se38th,A9,260,1321668734,1203043378,3756,7,7,3,5,2,0.001,10,1,False,
bellevue_150th_se38th,A5,261,555463262,1770693671,2358,8,8,6,5,3,0.0025,14,0.997879558948261,False,
bellevue_150th_se38th,A6,261,555463262,1770693671,2358,8,8,6,5,3,0.0025,14,0.997879558948261,False,
bellevue_150th_se38th,A7,261,555463262,1770693671,2358,8,8,6,1,1,0.005,1,1,False,
bellevue_150th_se38th,A9,261,555463262,1770693671,2358,8,8,6,5,3,0.0025,14,0.997879558948261,False,
bellevue_150th_se38th,A5,262,440878170,2109160280,2201,9,8,6,5,3,0.001,15,1,False,
bellevue_150th_se38th,A6,262,440878170,2109160280,2201,9,8,6,5,3,0.001,15,1,False,
bellevue_150th_se38th,A7,262,440878170,2109160280,2201,9,8,6,1,1,0.005,1,1,False,
bellevue_150th_se38th,A9,262,440878170,2109160280,2201,9,8,6,5,3,0.001,15,1,False,
bellevue_150th_se38th,A5,263,1203608704,350604717,3173,9,7,3,5,2,0.001,9,0.99905452253388,False,
bellevue_150th_se38th,A6,263,1203608704,350604717,3173,9,7,3,5,2,0.001,9,0.99905452253388,False,
bellevue_150th_se38th,A7,263,1203608704,350604717,3173,9,7,3,1,1,0.005,1,1,False,
bellevue_150th_se38th,A9,263,1203608704,350604717,3173,9,7,3,5,2,0.001,9,0.99905452253388,False,
bellevue_150th_se38th,A5,264,812606613,426392306,2718,9,7,4,4,2,0.005,7,1,False,
bellevue_150th_se38th,A6,264,812606613,426392306,2718,9,7,4,4,2,0.005,7,1,False,
bellevue_150th_se38th,A7,264,812606613,426392306,2718,9,7,4,1,2,0.005,2,1,False,
bellevue_150th_se38th,A9,264,812606613,426392306,2718,9,7,4,4,2,0.005,7,1,False,
bellevue_150th_se38th,A5,265,504052917,1890066334,1551,8,8,6,5,4,0.001,19,0.999355254674404,False,
bellevue_150th_se38th,A6,265,504052917,1890066334,1551,8,8,6,5,4,0.001,19,0.999355254674404,False,
bellevue_150th_se38th,A7,265,504052917,1890066334,1551,8,8,6,1,1,0.005,1,1,False,
bellevue_150th_se38th,A9,265,504052917,1890066334,1551,8,8,6,5,4,0.001,19,0.999355254674404,False,
bellevue_150th_se38th,A5,266,1372427015,45606061,2887,9,7,4,5,2,0.005,9,0.997575337720817,False,
bellevue_150th_se38th,A6,266,1372427015,45606061,2887,9,7,4,5,2,0.005,9,0.997575337720817,False,
bellevue_150th_se38th,A7,266,1372427015,45606061,2887,9,7,4,1,1,0.005,1,1,False,
bellevue_150th_se38th,A9,266,1372427015,45606061,2887,9,7,4,5,2,0.005,9,0.997575337720817,False,
bellevue_150th_se38th,A5,267,1983991157,781199872,2755,8,7,4,4,2,0.005,7,1,False,
bellevue_150th_se38th,A6,267,1983991157,781199872,2755,8,7,4,4,2,0.005,7,1,False,
bellevue_150th_se38th,A7,267,1983991157,781199872,2755,8,7,4,1,2,0.005,2,1,False,
bellevue_150th_se38th,A9,267,1983991157,781199872,2755,8,7,4,4,2,0.005,7,1,False,
bellevue_150th_se38th,A5,268,220552701,661094711,2450,7,8,6,5,3,0.01,10,0.989795918367347,False,
bellevue_150th_se38th,A6,268,220552701,661094711,2450,7,8,6,5,3,0.01,10,0.989795918367347,False,
bellevue_150th_se38th,A7,268,220552701,661094711,2450,7,8,6,1,1,0.005,1,1,False,
bellevue_150th_se38th,A9,268,220552701,661094711,2450,7,8,6,5,3,0.01,10,0.989795918367347,False,
bellevue_150th_se38th,A5,269,529493379,568694135,2181,8,7,6,4,4,0.001,14,1,False,
bellevue_150th_se38th,A6,269,529493379,568694135,2181,8,7,6,4,4,0.001,14,1,False,
bellevue_150th_se38th,A7,269,529493379,568694135,2181,8,7,6,1,1,0.005,1,1,False,
bellevue_150th_se38th,A9,269,529493379,568694135,2181,8,7,6,4,4,0.001,14,1,False,
bellevue_150th_se38th,A5,270,1772772478,1967181787,2929,10,7,3,6,2,0.001,11,0.99965858654831,False,
bellevue_150th_se38th,A6,270,1772772478,1967181787,2929,10,7,3,6,2,0.001,11,0.99965858654831,False,
bellevue_150th_se38th,A7,270,1772772478,1967181787,2929,10,7,3,1,1,0.005,1,1,False,
bellevue_150th_se38th,A9,270,1772772478,1967181787,2929,10,7,3,6,2,0.001,11,0.99965858654831,False,
bellevue_150th_se38th,A5,271,725183912,1932338834,4242,7,8,6,5,3,0.02,10,0.980669495520981,False,
bellevue_150th_se38th,A6,271,725183912,1932338834,4242,7,8,6,5,3,0.02,10,0.980669495520981,False,
bellevue_150th_se38th,A7,271,725183912,1932338834,4242,7,8,6,1,1,0.005,1,1,False,
bellevue_150th_se38th,A9,271,725183912,1932338834,4242,7,8,6,5,3,0.02,10,0.980669495520981,False,
bellevue_150th_se38th,A5,272,923044326,1805916944,4569,7,7,4,6,2,0.005,10,0.997154738454804,False,
bellevue_150th_se38th,A6,272,923044326,1805916944,4569,7,7,4,6,2,0.005,10,0.997154738454804,False,
bellevue_150th_se38th,A7,272,923044326,1805916944,4569,7,7,4,1,1,0.005,1,1,False,
bellevue_150th_se38th,A9,272,923044326,1805916944,4569,7,7,4,6,2,0.005,10,0.997154738454804,False,
bellevue_150th_se38th,A5,273,2023942736,1910932928,1203,8,7,6,6,4,0.005,15,0.983374896093101,False,
bellevue_150th_se38th,A6,273,2023942736,1910932928,1203,8,7,6,6,4,0.005,15,0.983374896093101,False,
bellevue_150th_se38th,A7,273,2023942736,1910932928,1203,8,7,6,1,1,0.005,1,1,False,
bellevue_150th_se38th,A9,273,2023942736,1910932928,1203,8,7,6,6,4,0.005,15,0.983374896093101,False,
bellevue_150th_se38th,A5,274,724239231,1444783855,2492,6,8,4,6,3,0.001,14,1,False,
bellevue_150th_se38th,A6,274,724239231,1444783855,2492,6,8,4,6,2,0.001,10,1,False,
bellevue_150th_se38th,A7,274,724239231,1444783855,2492,6,8,4,1,2,0.005,2,1,False,
bellevue_150th_se38th,A9,274,724239231,1444783855,2492,6,8,4,6,2,0.001,10,1,False,
bellevue_150th_se38th,A5,275,2112220196,1905343414,1714,7,7,6,4,3,0.02,8,0.986581096849475,False,
bellevue_150th_se38th,A6,275,2112220196,1905343414,1714,7,7,6,4,3,0.02,8,0.986581096849475,False,
bellevue_150th_se38th,A7,275,2112220196,1905343414,1714,7,7,6,1,1,0.005,1,1,False,
bellevue_150th_se38th,A9,275,2112220196,1905343414,1714,7,7,6,4,3,0.02,8,0.986581096849475,False,
bellevue_150th_se38th,A5,276,1483593720,899690506,3055,7,7,3,5,2,0.005,9,1,False,
bellevue_150th_se38th,A6,276,1483593720,899690506,3055,7,7,3,5,2,0.005,9,1,False,
bellevue_150th_se38th,A7,276,1483593720,899690506,3055,7,7,3,1,1,0.005,1,1,False,
bellevue_150th_se38th,A9,276,1483593720,899690506,3055,7,7,3,5,2,0.005,9,1,False,
bellevue_150th_se38th,A5,277,1006427663,1651565845,3350,6,7,4,5,2,0.005,9,0.999701492537313,False,
bellevue_150th_se38th,A6,277,1006427663,1651565845,3350,6,7,4,5,2,0.005,9,0.999701492537313,False,
bellevue_150th_se38th,A7,277,1006427663,1651565845,3350,6,7,4,1,2,0.005,2,1,False,
bellevue_150th_se38th,A9,277,1006427663,1651565845,3350,6,7,4,5,2,0.005,9,0.999701492537313,False,
bellevue_150th_se38th,A5,278,1222338190,1248309131,2606,9,8,8,5,5,0.001,22,0.999232540291635,False,
bellevue_150th_se38th,A6,278,1222338190,1248309131,2606,9,8,8,5,5,0.001,22,0.999232540291635,False,
bellevue_150th_se38th,A7,278,1222338190,1248309131,2606,9,8,8,1,1,0.005,1,1,False,
bellevue_150th_se38th,A9,278,1222338190,1248309131,2606,9,8,8,5,5,0.001,22,0.999232540291635,False,
bellevue_150th_se38th,A5,279,2001471299,1697816586,3230,9,8,6,5,4,0.001,20,1,False,
bellevue_150th_se38th,A6,279,2001471299,1697816586,3230,9,8,6,5,4,0.001,20,1,False,
bellevue_150th_se38th,A7,279,2001471299,1697816586,3230,9,8,6,1,1,0.005,1,1,False,
bellevue_150th_se38th,A9,279,2001471299,1697816586,3230,9,8,6,5,4,0.001,20,1,False,
bellevue_150th_se38th,A5,280,164666400,1022107631,2150,9,7,4,4,2,0.001,8,1,False,
bellevue_150th_se38th,A6,280,164666400,1022107631,2150,9,7,4,4,2,0.001,8,1,False,
bellevue_150th_se38th,A7,280,164666400,1022107631,2150,9,7,4,1,1,0.005,1,1,False,
bellevue_150th_se38th,A9,280,164666400,1022107631,2150,9,7,4,4,2,0.001,8,1,False,
bellevue_150th_se38th,A5,281,755528595,1822168404,2415,6,4,8,2,5,0.0025,10,1,False,
bellevue_150th_se38th,A6,281,755528595,1822168404,2415,6,4,8,2,5,0.0025,10,1,False,
bellevue_150th_se38th,A7,281,755528595,1822168404,2415,6,4,8,1,1,0.005,1,1,False,
bellevue_150th_se38th,A9,281,755528595,1822168404,2415,6,4,8,2,5,0.0025,10,1,False,
bellevue_150th_se38th,A5,282,801752493,818425670,1644,6,4,8,4,4,0.0025,15,0.998175182481752,False,
bellevue_150th_se38th,A6,282,801752493,818425670,1644,6,4,8,4,4,0.0025,15,0.998175182481752,False,
bellevue_150th_se38th,A7,282,801752493,818425670,1644,6,4,8,1,1,0.005,1,1,False,
bellevue_150th_se38th,A9,282,801752493,818425670,1644,6,4,8,4,4,0.0025,15,0.998175182481752,False,
bellevue_150th_se38th,A5,283,1754239314,1419929131,2247,9,7,6,4,3,0.01,8,0.988874054294615,False,
bellevue_150th_se38th,A6,283,1754239314,1419929131,2247,9,7,6,4,3,0.01,8,0.988874054294615,False,
bellevue_150th_se38th,A7,283,1754239314,1419929131,2247,9,7,6,1,1,0.005,1,1,False,
bellevue_150th_se38th,A9,283,1754239314,1419929131,2247,9,7,6,4,3,0.01,8,0.988874054294615,False,
bellevue_150th_se38th,A5,284,1593287508,2130779571,2321,7,7,3,5,2,0.005,9,1,False,
bellevue_150th_se38th,A6,284,1593287508,2130779571,2321,7,7,3,5,2,0.005,9,1,False,
bellevue_150th_se38th,A7,284,1593287508,2130779571,2321,7,7,3,1,1,0.005,1,1,False,
bellevue_150th_se38th,A9,284,1593287508,2130779571,2321,7,7,3,5,2,0.005,9,1,False,
bellevue_150th_se38th,A5,285,905755767,1913525275,2223,7,8,8,5,5,0.001,22,0.999100314889789,False,
bellevue_150th_se38th,A6,285,905755767,1913525275,2223,7,8,8,5,5,0.001,22,0.999100314889789,False,
bellevue_150th_se38th,A7,285,905755767,1913525275,2223,7,8,8,1,1,0.005,1,1,False,
bellevue_150th_se38th,A9,285,905755767,1913525275,2223,7,8,8,5,5,0.001,22,0.999100314889789,False,
bellevue_150th_se38th,A5,286,1995338941,2072161178,1931,9,8,6,5,4,0.001,19,1,False,
bellevue_150th_se38th,A6,286,1995338941,2072161178,1931,9,8,6,5,4,0.001,19,1,False,
bellevue_150th_se38th,A7,286,1995338941,2072161178,1931,9,8,6,1,1,0.005,1,1,False,
bellevue_150th_se38th,A9,286,1995338941,2072161178,1931,9,8,6,5,4,0.001,19,1,False,
bellevue_150th_se38th,A5,287,803022989,1569158173,2257,7,7,4,5,2,0.005,9,1,False,
bellevue_150th_se38th,A6,287,803022989,1569158173,2257,7,7,4,5,2,0.005,9,1,False,
bellevue_150th_se38th,A7,287,803022989,1569158173,2257,7,7,4,1,1,0.005,1,1,False,
bellevue_150th_se38th,A9,287,803022989,1569158173,2257,7,7,4,5,2,0.005,9,1,False,
bellevue_150th_se38th,A5,288,1576205809,605255897,3290,8,7,3,5,2,0.001,10,1,False,
bellevue_150th_se38th,A6,288,1576205809,605255897,3290,8,7,3,5,2,0.001,10,1,False,
bellevue_150th_se38th,A7,288,1576205809,605255897,3290,8,7,3,1,1,0.005,1,1,False,
bellevue_150th_se38th,A9,288,1576205809,605255897,3290,8,7,3,5,2,0.001,10,1,False,
bellevue_150th_se38th,A5,289,1422080947,504828110,2361,8,7,4,5,2,0.005,9,1,False,
bellevue_150th_se38th,A6,289,1422080947,504828110,2361,8,7,4,5,2,0.005,9,1,False,
bellevue_150th_se38th,A7,289,1422080947,504828110,2361,8,7,4,1,2,0.005,2,1,False,
bellevue_150th_se38th,A9,289,1422080947,504828110,2361,8,7,4,5,2,0.005,9,1,False,
bellevue_150th_se38th,A5,290,252955297,559078172,1424,9,3,8,2,5,0.005,10,1,False,
bellevue_150th_se38th,A6,290,252955297,559078172,1424,9,3,8,2,5,0.005,10,1,False,
bellevue_150th_se38th,A7,290,252955297,559078172,1424,9,3,8,1,1,0.005,1,1,False,
bellevue_150th_se38th,A9,290,252955297,559078172,1424,9,3,8,2,5,0.005,10,1,False,
bellevue_150th_se38th,A5,291,931894204,527650451,2223,6,8,6,6,3,0.02,11,0.97480881691408,False,
bellevue_150th_se38th,A6,291,931894204,527650451,2223,6,8,6,6,3,0.02,11,0.97480881691408,False,
bellevue_150th_se38th,A7,291,931894204,527650451,2223,6,8,6,1,1,0.005,1,1,False,
bellevue_150th_se38th,A9,291,931894204,527650451,2223,6,8,6,6,3,0.02,11,0.97480881691408,False,
bellevue_150th_se38th,A5,292,1550138026,2013253903,1293,8,7,6,6,3,0.001,17,0.99922660479505,False,
bellevue_150th_se38th,A6,292,1550138026,2013253903,1293,8,7,6,6,3,0.001,17,0.99922660479505,False,
bellevue_150th_se38th,A7,292,1550138026,2013253903,1293,8,7,6,1,1,0.005,1,1,False,
bellevue_150th_se38th,A9,292,1550138026,2013253903,1293,8,7,6,6,3,0.001,17,0.99922660479505,False,
bellevue_150th_se38th,A5,293,2006685475,1560457337,2177,8,7,8,4,6,0.005,16,0.996784565916399,False,
bellevue_150th_se38th,A6,293,2006685475,1560457337,2177,8,7,8,4,6,0.005,16,0.996784565916399,False,
bellevue_150th_se38th,A7,293,2006685475,1560457337,2177,8,7,8,1,2,0.005,2,1,False,
bellevue_150th_se38th,A9,293,2006685475,1560457337,2177,8,7,8,4,6,0.005,16,0.996784565916399,False,
bellevue_150th_se38th,A5,294,940202236,1512657447,1663,7,8,6,5,4,0.001,19,1,False,
bellevue_150th_se38th,A6,294,940202236,1512657447,1663,7,8,6,5,4,0.001,19,1,False,
bellevue_150th_se38th,A7,294,940202236,1512657447,1663,7,8,6,1,1,0.005,1,1,False,
bellevue_150th_se38th,A9,294,940202236,1512657447,1663,7,8,6,5,4,0.001,19,1,False,
bellevue_150th_se38th,A5,295,1113345788,2091775213,1192,8,7,3,4,2,0.005,8,1,False,
bellevue_150th_se38th,A6,295,1113345788,2091775213,1192,8,7,3,4,2,0.005,8,1,False,
bellevue_150th_se38th,A7,295,1113345788,2091775213,1192,8,7,3,1,1,0.005,1,1,False,
bellevue_150th_se38th,A9,295,1113345788,2091775213,1192,8,7,3,4,2,0.005,8,1,False,
bellevue_150th_se38th,A5,296,1362141586,168702836,3004,8,7,3,5,2,0.005,8,0.996005326231691,False,
bellevue_150th_se38th,A6,296,1362141586,168702836,3004,8,7,3,5,2,0.005,8,0.996005326231691,False,
bellevue_150th_se38th,A7,296,1362141586,168702836,3004,8,7,3,1,1,0.005,1,1,False,
bellevue_150th_se38th,A9,296,1362141586,168702836,3004,8,7,3,5,2,0.005,8,0.996005326231691,False,
bellevue_150th_se38th,A5,297,501641383,1111049772,2991,6,8,8,5,5,0.001,21,1,False,
bellevue_150th_se38th,A6,297,501641383,1111049772,2991,6,8,8,5,5,0.001,21,1,False,
bellevue_150th_se38th,A7,297,501641383,1111049772,2991,6,8,8,1,1,0.005,1,1,False,
bellevue_150th_se38th,A9,297,501641383,1111049772,2991,6,8,8,5,5,0.001,21,1,False,
bellevue_150th_se38th,A5,298,391709159,1056677514,3128,6,7,4,5,2,0.005,8,0.997762148337596,False,
bellevue_150th_se38th,A6,298,391709159,1056677514,3128,6,7,4,5,2,0.005,8,0.997762148337596,False,
bellevue_150th_se38th,A7,298,391709159,1056677514,3128,6,7,4,1,1,0.005,1,1,False,
bellevue_150th_se38th,A9,298,391709159,1056677514,3128,6,7,4,5,2,0.005,8,0.997762148337596,False,
bellevue_150th_se38th,A5,299,767976012,1293077646,2623,8,7,3,4,2,0.005,7,1,False,
bellevue_150th_se38th,A6,299,767976012,1293077646,2623,8,7,3,4,2,0.005,7,1,False,
bellevue_150th_se38th,A7,299,767976012,1293077646,2623,8,7,3,1,1,0.005,1,1,False,
bellevue_150th_se38th,A9,299,767976012,1293077646,2623,8,7,3,4,2,0.005,7,1,False,
bellevue_150th_se38th,A5,300,1238195683,889194805,1843,9,8,6,5,3,0.005,12,0.994031470428649,False,
bellevue_150th_se38th,A6,300,1238195683,889194805,1843,9,8,6,5,3,0.005,12,0.994031470428649,False,
bellevue_150th_se38th,A7,300,1238195683,889194805,1843,9,8,6,1,1,0.005,1,1,False,
bellevue_150th_se38th,A9,300,1238195683,889194805,1843,9,8,6,5,3,0.005,12,0.994031470428649,False,
bellevue_150th_se38th,A5,301,2141012454,1570651552,2232,7,8,8,5,5,0.0025,22,0.996863799283154,False,
bellevue_150th_se38th,A6,301,2141012454,1570651552,2232,7,8,8,5,5,0.0025,22,0.996863799283154,False,
bellevue_150th_se38th,A7,301,2141012454,1570651552,2232,7,8,8,1,1,0.005,1,1,False,
bellevue_150th_se38th,A9,301,2141012454,1570651552,2232,7,8,8,5,5,0.0025,22,0.996863799283154,False,
bellevue_150th_se38th,A5,302,2097531169,1731533795,2766,6,4,6,3,3,0.005,9,1,False,
bellevue_150th_se38th,A6,302,2097531169,1731533795,2766,6,4,6,3,3,0.005,9,1,False,
bellevue_150th_se38th,A7,302,2097531169,1731533795,2766,6,4,6,1,1,0.005,1,1,False,
bellevue_150th_se38th,A9,302,2097531169,1731533795,2766,6,4,6,3,3,0.005,9,1,False,
bellevue_150th_se38th,A5,303,1002305296,471726748,2358,8,6,6,4,4,0.02,9,0.956318914334181,False,
bellevue_150th_se38th,A6,303,1002305296,471726748,2358,8,6,6,4,4,0.02,9,0.956318914334181,False,
bellevue_150th_se38th,A7,303,1002305296,471726748,2358,8,6,6,1,1,0.005,1,1,False,
bellevue_150th_se38th,A9,303,1002305296,471726748,2358,8,6,6,4,4,0.02,9,0.956318914334181,False,
bellevue_150th_se38th,A5,304,217847598,577711420,3146,9,7,4,5,2,0.01,8,0.994596312778131,False,
bellevue_150th_se38th,A6,304,217847598,577711420,3146,9,7,4,5,2,0.01,8,0.994596312778131,False,
bellevue_150th_se38th,A7,304,217847598,577711420,3146,9,7,4,1,1,0.005,1,1,False,
bellevue_150th_se38th,A9,304,217847598,577711420,3146,9,7,4,5,2,0.01,8,0.994596312778131,False,
bellevue_150th_se38th,A5,305,1447114409,1218653306,2536,5,7,6,5,5,0.02,11,0.936908517350158,False,
bellevue_150th_se38th,A6,305,1447114409,1218653306,2536,5,7,6,5,5,0.02,11,0.936908517350158,False,
bellevue_150th_se38th,A7,305,1447114409,1218653306,2536,5,7,6,1,1,0.005,1,1,False,
bellevue_150th_se38th,A9,305,1447114409,1218653306,2536,5,7,6,5,5,0.02,11,0.936908517350158,False,
bellevue_150th_se38th,A5,306,1182995195,1549863194,2991,7,7,3,5,2,0.005,9,1,False,
bellevue_150th_se38th,A6,306,1182995195,1549863194,2991,7,7,3,5,2,0.005,9,1,False,
bellevue_150th_se38th,A7,306,1182995195,1549863194,2991,7,7,3,1,1,0.005,1,1,False,
bellevue_150th_se38th,A9,306,1182995195,1549863194,2991,7,7,3,5,2,0.005,9,1,False,
bellevue_150th_se38th,A5,307,690096101,349355865,2688,8,8,6,5,3,0.001,15,1,False,
bellevue_150th_se38th,A6,307,690096101,349355865,2688,8,8,6,5,3,0.001,15,1,False,
bellevue_150th_se38th,A7,307,690096101,349355865,2688,8,8,6,1,1,0.005,1,1,False,
bellevue_150th_se38th,A9,307,690096101,349355865,2688,8,8,6,5,3,0.001,15,1,False,
bellevue_150th_se38th,A5,308,153671787,60763135,2364,10,8,6,5,3,0.02,10,0.980541455160745,False,
bellevue_150th_se38th,A6,308,153671787,60763135,2364,10,8,6,5,3,0.02,10,0.980541455160745,False,
bellevue_150th_se38th,A7,308,153671787,60763135,2364,10,8,6,1,1,0.005,1,1,False,
bellevue_150th_se38th,A9,308,153671787,60763135,2364,10,8,6,5,3,0.02,10,0.980541455160745,False,
bellevue_150th_se38th,A5,309,94483235,1341754727,2381,6,8,6,6,2,0.0025,12,1,False,
bellevue_150th_se38th,A6,309,94483235,1341754727,2381,6,8,6,6,2,0.0025,12,1,False,
bellevue_150th_se38th,A7,309,94483235,1341754727,2381,6,8,6,1,1,0.005,1,1,False,
bellevue_150th_se38th,A9,309,94483235,1341754727,2381,6,8,6,6,2,0.0025,12,1,False,
bellevue_150th_se38th,A5,310,1860812334,2045761943,1942,8,8,6,5,3,0.02,10,0.973223480947477,False,
bellevue_150th_se38th,A6,310,1860812334,2045761943,1942,8,8,6,5,3,0.02,10,0.973223480947477,False,
bellevue_150th_se38th,A7,310,1860812334,2045761943,1942,8,8,6,1,1,0.005,1,1,False,
bellevue_150th_se38th,A9,310,1860812334,2045761943,1942,8,8,6,5,3,0.02,10,0.973223480947477,False,
bellevue_150th_se38th,A5,311,1714789646,748467983,2284,9,7,3,5,2,0.0025,10,1,False,
bellevue_150th_se38th,A6,311,1714789646,748467983,2284,9,7,3,5,2,0.0025,10,1,False,
bellevue_150th_se38th,A7,311,1714789646,748467983,2284,9,7,3,1,1,0.005,1,1,False,
bellevue_150th_se38th,A9,311,1714789646,748467983,2284,9,7,3,5,2,0.0025,10,1,False,
bellevue_150th_se38th,A5,312,1152264246,1085573223,1739,8,7,7,4,5,0.001,17,0.998849913743531,False,
bellevue_150th_se38th,A6,312,1152264246,1085573223,1739,8,7,7,4,5,0.001,17,0.998849913743531,False,
bellevue_150th_se38th,A7,312,1152264246,1085573223,1739,8,7,7,1,1,0.005,1,1,False,
bellevue_150th_se38th,A9,312,1152264246,1085573223,1739,8,7,7,4,5,0.001,17,0.998849913743531,False,
bellevue_150th_se38th,A5,313,1562815278,1322930286,1759,9,8,6,6,4,0.001,24,1,False,
bellevue_150th_se38th,A6,313,1562815278,1322930286,1759,9,8,6,6,4,0.001,24,1,False,
bellevue_150th_se38th,A7,313,1562815278,1322930286,1759,9,8,6,1,1,0.005,1,1,False,
bellevue_150th_se38th,A9,313,1562815278,1322930286,1759,9,8,6,6,4,0.001,24,1,False,
bellevue_150th_se38th,A5,314,1941719466,1366236489,2847,9,7,6,5,3,0.001,15,1,False,
bellevue_150th_se38th,A6,314,1941719466,1366236489,2847,9,7,6,5,3,0.001,15,1,False,
bellevue_150th_se38th,A7,314,1941719466,1366236489,2847,9,7,6,1,1,0.005,1,1,False,
bellevue_150th_se38th,A9,314,1941719466,1366236489,2847,9,7,6,5,3,0.001,15,1,False,
bellevue_150th_se38th,A5,315,1969431968,1151241387,2998,9,7,4,5,2,0.005,9,1,False,
bellevue_150th_se38th,A6,315,1969431968,1151241387,2998,9,7,4,5,2,0.005,9,1,False,
bellevue_150th_se38th,A7,315,1969431968,1151241387,2998,9,7,4,1,1,0.005,1,1,False,
bellevue_150th_se38th,A9,315,1969431968,1151241387,2998,9,7,4,5,2,0.005,9,1,False,
bellevue_150th_se38th,A5,316,226938908,905477738,1524,8,8,8,5,4,0.001,19,1,False,
bellevue_150th_se38th,A6,316,226938908,905477738,1524,8,8,8,5,4,0.001,19,1,False,
bellevue_150th_se38th,A7,316,226938908,905477738,1524,8,8,8,1,1,0.005,1,1,False,
bellevue_150th_se38th,A9,316,226938908,905477738,1524,8,8,8,5,4,0.001,19,1,False,
bellevue_150th_se38th,A5,317,27023837,1512711964,1536,6,4,6,3,3,0.005,8,0.998046875,False,
bellevue_150th_se38th,A6,317,27023837,1512711964,1536,6,4,6,3,3,0.005,8,0.998046875,False,
bellevue_150th_se38th,A7,317,27023837,1512711964,1536,6,4,6,1,1,0.005,1,1,False,
bellevue_150th_se38th,A9,317,27023837,1512711964,1536,6,4,6,3,3,0.005,8,0.998046875,False,
bellevue_150th_se38th,A5,318,2018681614,1351913867,2638,7,7,4,5,2,0.0025,10,1,False,
bellevue_150th_se38th,A6,318,2018681614,1351913867,2638,7,7,4,5,2,0.0025,10,1,False,
bellevue_150th_se38th,A7,318,2018681614,1351913867,2638,7,7,4,1,1,0.005,1,1,False,
bellevue_150th_se38th,A9,318,2018681614,1351913867,2638,7,7,4,5,2,0.0025,10,1,False,
bellevue_150th_se38th,A5,319,1978045649,1513426083,3405,8,7,3,5,2,0.0025,9,0.999412628487518,False,
bellevue_150th_se38th,A6,319,1978045649,1513426083,3405,8,7,3,5,2,0.0025,9,0.999412628487518,False,
bellevue_150th_se38th,A7,319,1978045649,1513426083,3405,8,7,3,1,1,0.005,1,1,False,
bellevue_150th_se38th,A9,319,1978045649,1513426083,3405,8,7,3,5,2,0.0025,9,0.999412628487518,False,
bellevue_150th_se38th,A5,320,1445661297,1875497945,3492,9,7,3,5,2,0.001,10,1,False,
bellevue_150th_se38th,A6,320,1445661297,1875497945,3492,9,7,3,5,2,0.001,10,1,False,
bellevue_150th_se38th,A7,320,1445661297,1875497945,3492,9,7,3,1,1,0.005,1,1,False,
bellevue_150th_se38th,A9,320,1445661297,1875497945,3492,9,7,3,5,2,0.001,10,1,False,
bellevue_150th_se38th,A5,321,1492920601,1582571582,3741,7,7,3,5,2,0.0025,9,0.999198075380914,False,
bellevue_150th_se38th,A6,321,1492920601,1582571582,3741,7,7,3,5,2,0.0025,9,0.999198075380914,False,
bellevue_150th_se38th,A7,321,1492920601,1582571582,3741,7,7,3,1,1,0.005,1,1,False,
bellevue_150th_se38th,A9,321,1492920601,1582571582,3741,7,7,3,5,2,0.0025,9,0.999198075380914,False,
bellevue_150th_se38th,A5,322,655409542,2091852806,2796,6,8,6,5,3,0.001,15,1,False,
bellevue_150th_se38th,A6,322,655409542,2091852806,2796,6,8,6,5,3,0.001,15,1,False,
bellevue_150th_se38th,A7,322,655409542,2091852806,2796,6,8,6,1,1,0.005,1,1,False,
bellevue_150th_se38th,A9,322,655409542,2091852806,2796,6,8,6,5,3,0.001,15,1,False,
bellevue_150th_se38th,A5,323,113198504,1030675302,2279,6,8,4,6,2,0.001,10,1,False,
bellevue_150th_se38th,A6,323,113198504,1030675302,2279,6,8,4,6,2,0.001,10,1,False,
bellevue_150th_se38th,A7,323,113198504,1030675302,2279,6,8,4,1,2,0.005,2,1,False,
bellevue_150th_se38th,A9,323,113198504,1030675302,2279,6,8,4,6,2,0.001,10,1,False,
bellevue_150th_se38th,A5,324,1562529717,1383277149,2738,9,7,4,5,2,0.005,9,1,False,
bellevue_150th_se38th,A6,324,1562529717,1383277149,2738,9,7,4,5,2,0.005,9,1,False,
bellevue_150th_se38th,A7,324,1562529717,1383277149,2738,9,7,4,1,1,0.005,1,1,False,
bellevue_150th_se38th,A9,324,1562529717,1383277149,2738,9,7,4,5,2,0.005,9,1,False,
bellevue_150th_se38th,A5,325,1690799807,428154181,4609,7,7,4,6,2,0.001,12,1,False,
bellevue_150th_se38th,A6,325,1690799807,428154181,4609,7,7,4,6,2,0.001,12,1,False,
bellevue_150th_se38th,A7,325,1690799807,428154181,4609,7,7,4,1,1,0.005,1,1,False,
bellevue_150th_se38th,A9,325,1690799807,428154181,4609,7,7,4,6,2,0.001,12,1,False,
bellevue_150th_se38th,A5,326,916015533,767252460,2099,7,4,8,3,4,0.01,9,0.991424487851358,False,
bellevue_150th_se38th,A6,326,916015533,767252460,2099,7,4,8,3,4,0.01,9,0.991424487851358,False,
bellevue_150th_se38th,A7,326,916015533,767252460,2099,7,4,8,1,1,0.005,1,1,False,
bellevue_150th_se38th,A9,326,916015533,767252460,2099,7,4,8,3,4,0.01,9,0.991424487851358,False,
bellevue_150th_se38th,A5,327,880899881,1604782226,2474,8,8,3,5,2,0.0025,10,1,False,
bellevue_150th_se38th,A6,327,880899881,1604782226,2474,8,8,3,5,2,0.0025,10,1,False,
bellevue_150th_se38th,A7,327,880899881,1604782226,2474,8,8,3,1,1,0.005,1,1,False,
bellevue_150th_se38th,A9,327,880899881,1604782226,2474,8,8,3,5,2,0.0025,10,1,False,
bellevue_150th_se38th,A5,328,1083046599,845294108,3074,8,8,6,5,4,0.001,18,0.998373454782043,False,
bellevue_150th_se38th,A6,328,1083046599,845294108,3074,8,8,6,5,4,0.001,18,0.998373454782043,False,
bellevue_150th_se38th,A7,328,1083046599,845294108,3074,8,8,6,1,1,0.005,1,1,False,
bellevue_150th_se38th,A9,328,1083046599,845294108,3074,8,8,6,5,4,0.001,18,0.998373454782043,False,
bellevue_150th_se38th,A5,329,1301901538,287521039,1750,7,7,3,5,2,0.02,8,0.990857142857143,False,
bellevue_150th_se38th,A6,329,1301901538,287521039,1750,7,7,3,5,2,0.02,8,0.990857142857143,False,
bellevue_150th_se38th,A7,329,1301901538,287521039,1750,7,7,3,1,1,0.005,1,1,False,
bellevue_150th_se38th,A9,329,1301901538,287521039,1750,7,7,3,5,2,0.02,8,0.990857142857143,False,
bellevue_150th_se38th,A5,330,665030739,1208940965,1396,8,7,6,5,3,0.001,13,1,False,
bellevue_150th_se38th,A6,330,665030739,1208940965,1396,8,7,6,5,3,0.001,13,1,False,
bellevue_150th_se38th,A7,330,665030739,1208940965,1396,8,7,6,1,1,0.005,1,1,False,
bellevue_150th_se38th,A9,330,665030739,1208940965,1396,8,7,6,5,3,0.001,13,1,False,
bellevue_150th_se38th,A5,331,2078356509,138542799,1707,9,7,3,5,2,0.005,9,1,False,
bellevue_150th_se38th,A6,331,2078356509,138542799,1707,9,7,3,5,2,0.005,9,1,False,
bellevue_150th_se38th,A7,331,2078356509,138542799,1707,9,7,3,1,1,0.005,1,1,False,
bellevue_150th_se38th,A9,331,2078356509,138542799,1707,9,7,3,5,2,0.005,9,1,False,
bellevue_150th_se38th,A5,332,609105483,2008431316,3318,10,7,3,5,2,0.005,9,0.998794454490657,False,
bellevue_150th_se38th,A6,332,609105483,2008431316,3318,10,7,3,5,2,0.005,9,0.998794454490657,False,
bellevue_150th_se38th,A7,332,609105483,2008431316,3318,10,7,3,1,1,0.005,1,1,False,
bellevue_150th_se38th,A9,332,609105483,2008431316,3318,10,7,3,5,2,0.005,9,0.998794454490657,False,
bellevue_150th_se38th,A5,333,957164607,1155234929,2958,7,7,4,5,2,0.005,9,0.998647734956051,False,
bellevue_150th_se38th,A6,333,957164607,1155234929,2958,7,7,4,5,2,0.005,9,0.998647734956051,False,
bellevue_150th_se38th,A7,333,957164607,1155234929,2958,7,7,4,1,1,0.005,1,1,False,
bellevue_150th_se38th,A9,333,957164607,1155234929,2958,7,7,4,5,2,0.005,9,0.998647734956051,False,
bellevue_150th_se38th,A5,334,284272616,2135448879,2895,7,8,6,5,3,0.001,15,1,False,
bellevue_150th_se38th,A6,334,284272616,2135448879,2895,7,8,6,5,3,0.001,15,1,False,
bellevue_150th_se38th,A7,334,284272616,2135448879,2895,7,8,6,1,1,0.005,1,1,False,
bellevue_150th_se38th,A9,334,284272616,2135448879,2895,7,8,6,5,3,0.001,15,1,False,
bellevue_150th_se38th,A5,335,444018637,1491791277,3279,9,7,3,5,2,0.001,10,1,False,
bellevue_150th_se38th,A6,335,444018637,1491791277,3279,9,7,3,5,2,0.001,10,1,False,
bellevue_150th_se38th,A7,335,444018637,1491791277,3279,9,7,3,1,1,0.005,1,1,False,
bellevue_150th_se38th,A9,335,444018637,1491791277,3279,9,7,3,5,2,0.001,10,1,False,
bellevue_150th_se38th,A5,336,688014094,1729795096,1973,9,7,6,4,3,0.02,9,0.980739989863153,False,
bellevue_150th_se38th,A6,336,688014094,1729795096,1973,9,7,6,4,3,0.02,9,0.980739989863153,False,
bellevue_150th_se38th,A7,336,688014094,1729795096,1973,9,7,6,1,1,0.005,1,1,False,
bellevue_150th_se38th,A9,336,688014094,1729795096,1973,9,7,6,4,3,0.02,9,0.980739989863153,False,
bellevue_150th_se38th,A5,337,351660789,1678699868,2303,8,7,6,4,4,0.005,11,0.990881458966565,False,
bellevue_150th_se38th,A6,337,351660789,1678699868,2303,8,7,6,4,4,0.005,11,0.990881458966565,False,
bellevue_150th_se38th,A7,337,351660789,1678699868,2303,8,7,6,1,1,0.005,1,1,False,
bellevue_150th_se38th,A9,337,351660789,1678699868,2303,8,7,6,4,4,0.005,11,0.990881458966565,False,
bellevue_150th_se38th,A5,338,2023524804,131803450,2914,5,7,4,4,2,0.005,7,1,False,
bellevue_150th_se38th,A6,338,2023524804,131803450,2914,5,7,4,4,2,0.005,7,1,False,
bellevue_150th_se38th,A7,338,2023524804,131803450,2914,5,7,4,1,1,0.005,1,1,False,
bellevue_150th_se38th,A9,338,2023524804,131803450,2914,5,7,4,4,2,0.005,7,1,False,
bellevue_150th_se38th,A5,339,93277942,1459450763,1835,7,7,8,6,4,0.001,22,1,False,
bellevue_150th_se38th,A6,339,93277942,1459450763,1835,7,7,8,6,4,0.001,22,1,False,
bellevue_150th_se38th,A7,339,93277942,1459450763,1835,7,7,8,1,1,0.005,1,1,False,
bellevue_150th_se38th,A9,339,93277942,1459450763,1835,7,7,8,6,4,0.001,22,1,False,
bellevue_150th_se38th,A5,340,1684745886,1452258653,3101,9,6,6,4,3,0.001,12,1,False,
bellevue_150th_se38th,A6,340,1684745886,1452258653,3101,9,6,6,4,3,0.001,12,1,False,
bellevue_150th_se38th,A7,340,1684745886,1452258653,3101,9,6,6,1,1,0.005,1,1,False,
bellevue_150th_se38th,A9,340,1684745886,1452258653,3101,9,6,6,4,3,0.001,12,1,False,
bellevue_150th_se38th,A5,341,905907704,1044291196,2291,7,7,4,5,2,0.01,8,0.995635093845482,False,
bellevue_150th_se38th,A6,341,905907704,1044291196,2291,7,7,4,5,2,0.01,8,0.995635093845482,False,
bellevue_150th_se38th,A7,341,905907704,1044291196,2291,7,7,4,1,1,0.005,1,1,False,
bellevue_150th_se38th,A9,341,905907704,1044291196,2291,7,7,4,5,2,0.01,8,0.995635093845482,False,
bellevue_150th_se38th,A5,342,191214332,1205300431,2399,8,7,3,6,2,0.001,11,1,False,
bellevue_150th_se38th,A6,342,191214332,1205300431,2399,8,7,3,6,2,0.001,11,1,False,
bellevue_150th_se38th,A7,342,191214332,1205300431,2399,8,7,3,1,1,0.005,1,1,False,
bellevue_150th_se38th,A9,342,191214332,1205300431,2399,8,7,3,6,2,0.001,11,1,False,
bellevue_150th_se38th,A5,343,1669841959,533473552,1450,7,7,3,5,2,0.005,10,1,False,
bellevue_150th_se38th,A6,343,1669841959,533473552,1450,7,7,3,5,2,0.005,10,1,False,
bellevue_150th_se38th,A7,343,1669841959,533473552,1450,7,7,3,1,1,0.005,1,1,False,
bellevue_150th_se38th,A9,343,1669841959,533473552,1450,7,7,3,5,2,0.005,10,1,False,
bellevue_150th_se38th,A5,344,1693718834,1320388599,3240,7,8,6,5,3,0.02,11,0.971604938271605,False,
bellevue_150th_se38th,A6,344,1693718834,1320388599,3240,7,8,6,5,3,0.02,11,0.971604938271605,False,
bellevue_150th_se38th,A7,344,1693718834,1320388599,3240,7,8,6,1,1,0.005,1,1,False,
bellevue_150th_se38th,A9,344,1693718834,1320388599,3240,7,8,6,5,3,0.02,11,0.971604938271605,False,
bellevue_150th_se38th,A5,345,1163570648,888802730,4058,8,7,3,6,2,0.0025,11,0.999507146377526,False,
bellevue_150th_se38th,A6,345,1163570648,888802730,4058,8,7,3,6,2,0.0025,11,0.999507146377526,False,
bellevue_150th_se38th,A7,345,1163570648,888802730,4058,8,7,3,1,1,0.005,1,1,False,
bellevue_150th_se38th,A9,345,1163570648,888802730,4058,8,7,3,6,2,0.0025,11,0.999507146377526,False,
bellevue_150th_se38th,A5,346,1659449765,104612942,3591,8,7,3,6,2,0.001,12,1,False,
bellevue_150th_se38th,A6,346,1659449765,104612942,3591,8,7,3,6,2,0.001,12,1,False,
bellevue_150th_se38th,A7,346,1659449765,104612942,3591,8,7,3,1,1,0.005,1,1,False,
bellevue_150th_se38th,A9,346,1659449765,104612942,3591,8,7,3,6,2,0.001,12,1,False,
bellevue_150th_se38th,A5,347,1711181416,600297194,2518,10,8,6,5,4,0.02,11,0.94241461477363,False,
bellevue_150th_se38th,A6,347,1711181416,600297194,2518,10,8,6,5,4,0.02,11,0.94241461477363,False,
bellevue_150th_se38th,A7,347,1711181416,600297194,2518,10,8,6,1,1,0.005,1,1,False,
bellevue_150th_se38th,A9,347,1711181416,600297194,2518,10,8,6,5,4,0.02,11,0.94241461477363,False,
bellevue_150th_se38th,A5,348,1330733916,917897937,1925,7,7,3,5,2,0.001,10,1,False,
bellevue_150th_se38th,A6,348,1330733916,917897937,1925,7,7,3,5,2,0.001,10,1,False,
bellevue_150th_se38th,A7,348,1330733916,917897937,1925,7,7,3,1,1,0.005,1,1,False,
bellevue_150th_se38th,A9,348,1330733916,917897937,1925,7,7,3,5,2,0.001,10,1,False,
bellevue_150th_se38th,A5,349,22772362,1690754878,4024,7,7,3,5,2,0.01,8,0.995278330019881,False,
bellevue_150th_se38th,A6,349,22772362,1690754878,4024,7,7,3,5,2,0.01,8,0.995278330019881,False,
bellevue_150th_se38th,A7,349,22772362,1690754878,4024,7,7,3,1,1,0.005,1,1,False,
bellevue_150th_se38th,A9,349,22772362,1690754878,4024,7,7,3,5,2,0.01,8,0.995278330019881,False,
bellevue_150th_se38th,A5,350,718700080,2010340020,3279,8,7,4,6,2,0.005,10,0.998780115888991,False,
bellevue_150th_se38th,A6,350,718700080,2010340020,3279,8,7,4,6,2,0.005,10,0.998780115888991,False,
bellevue_150th_se38th,A7,350,718700080,2010340020,3279,8,7,4,1,1,0.005,1,1,False,
bellevue_150th_se38th,A9,350,718700080,2010340020,3279,8,7,4,6,2,0.005,10,0.998780115888991,False,
bellevue_150th_se38th,A5,351,1041742238,1179887645,3858,6,7,4,6,2,0.005,10,0.994038361845516,False,
bellevue_150th_se38th,A6,351,1041742238,1179887645,3858,6,7,4,6,2,0.005,10,0.994038361845516,False,
bellevue_150th_se38th,A7,351,1041742238,1179887645,3858,6,7,4,1,1,0.005,1,1,False,
bellevue_150th_se38th,A9,351,1041742238,1179887645,3858,6,7,4,6,2,0.005,10,0.994038361845516,False,
bellevue_150th_se38th,A5,352,1637670138,690821042,3052,8,7,4,6,2,0.005,10,0.995085190039319,False,
bellevue_150th_se38th,A6,352,1637670138,690821042,3052,8,7,4,6,2,0.005,10,0.995085190039319,False,
bellevue_150th_se38th,A7,352,1637670138,690821042,3052,8,7,4,1,1,0.005,1,1,False,
bellevue_150th_se38th,A9,352,1637670138,690821042,3052,8,7,4,6,2,0.005,10,0.995085190039319,False,
bellevue_150th_se38th,A5,353,963254797,832067901,2075,8,7,3,5,2,0.005,9,0.999518072289157,False,
bellevue_150th_se38th,A6,353,963254797,832067901,2075,8,7,3,5,2,0.005,9,0.999518072289157,False,
bellevue_150th_se38th,A7,353,963254797,832067901,2075,8,7,3,1,1,0.005,1,1,False,
bellevue_150th_se38th,A9,353,963254797,832067901,2075,8,7,3,5,2,0.005,9,0.999518072289157,False,
bellevue_150th_se38th,A5,354,1609217220,1473038046,1971,9,7,6,6,3,0.001,17,0.99949264332826,False,
bellevue_150th_se38th,A6,354,1609217220,1473038046,1971,9,7,6,6,3,0.001,17,0.99949264332826,False,
bellevue_150th_se38th,A7,354,1609217220,1473038046,1971,9,7,6,1,2,0.005,2,1,False,
bellevue_150th_se38th,A9,354,1609217220,1473038046,1971,9,7,6,6,3,0.001,17,0.99949264332826,False,
bellevue_150th_se38th,A5,355,401483582,1790030443,1183,6,7,8,4,5,0.001,19,1,False,
bellevue_150th_se38th,A6,355,401483582,1790030443,1183,6,7,8,4,5,0.001,19,1,False,
bellevue_150th_se38th,A7,355,401483582,1790030443,1183,6,7,8,1,1,0.005,1,1,False,
bellevue_150th_se38th,A9,355,401483582,1790030443,1183,6,7,8,4,5,0.001,19,1,False,
bellevue_150th_se38th,A5,356,725127767,1064953706,3997,7,7,3,5,2,0.005,9,0.998248686514886,False,
bellevue_150th_se38th,A6,356,725127767,1064953706,3997,7,7,3,5,2,0.005,9,0.998248686514886,False,
bellevue_150th_se38th,A7,356,725127767,1064953706,3997,7,7,3,1,1,0.005,1,1,False,
bellevue_150th_se38th,A9,356,725127767,1064953706,3997,7,7,3,5,2,0.005,9,0.998248686514886,False,
bellevue_150th_se38th,A5,357,6532417,1736547752,4035,8,7,4,6,2,0.005,11,0.998017348203222,False,
bellevue_150th_se38th,A6,357,6532417,1736547752,4035,8,7,4,6,2,0.005,11,0.998017348203222,False,
bellevue_150th_se38th,A7,357,6532417,1736547752,4035,8,7,4,1,1,0.005,1,1,False,
bellevue_150th_se38th,A9,357,6532417,1736547752,4035,8,7,4,6,2,0.005,11,0.998017348203222,False,
bellevue_150th_se38th,A5,358,698612478,2104193672,3004,8,7,4,6,2,0.001,11,0.999667110519308,False,
bellevue_150th_se38th,A6,358,698612478,2104193672,3004,8,7,4,6,2,0.001,11,0.999667110519308,False,
bellevue_150th_se38th,A7,358,698612478,2104193672,3004,8,7,4,1,1,0.005,1,1,False,
bellevue_150th_se38th,A9,358,698612478,2104193672,3004,8,7,4,6,2,0.001,11,0.999667110519308,False,
bellevue_150th_se38th,A5,359,1605321980,855956516,3073,9,8,6,5,3,0.001,15,1,False,
bellevue_150th_se38th,A6,359,1605321980,855956516,3073,9,8,6,5,3,0.001,15,1,False,
bellevue_150th_se38th,A7,359,1605321980,855956516,3073,9,8,6,1,1,0.005,1,1,False,
bellevue_150th_se38th,A9,359,1605321980,855956516,3073,9,8,6,5,3,0.001,15,1,False,
bellevue_150th_se38th,A5,360,673496653,1449187985,2269,7,7,3,5,2,0.005,9,0.999118554429264,False,
bellevue_150th_se38th,A6,360,673496653,1449187985,2269,7,7,3,5,2,0.005,9,0.999118554429264,False,
bellevue_150th_se38th,A7,360,673496653,1449187985,2269,7,7,3,1,1,0.005,1,1,False,
bellevue_150th_se38th,A9,360,673496653,1449187985,2269,7,7,3,5,2,0.005,9,0.999118554429264,False,
bellevue_150th_se38th,A5,361,2120029888,201286128,2182,10,8,6,5,4,0.02,12,0.965169569202566,False,
bellevue_150th_se38th,A6,361,2120029888,201286128,2182,10,8,6,5,4,0.02,12,0.965169569202566,False,
bellevue_150th_se38th,A7,361,2120029888,201286128,2182,10,8,6,1,1,0.005,1,1,False,
bellevue_150th_se38th,A9,361,2120029888,201286128,2182,10,8,6,5,4,0.02,12,0.965169569202566,False,
bellevue_150th_se38th,A5,362,1667789819,1771087700,2573,10,7,3,5,2,0.005,9,0.997668091721726,False,
bellevue_150th_se38th,A6,362,1667789819,1771087700,2573,10,7,3,5,2,0.005,9,0.997668091721726,False,
bellevue_150th_se38th,A7,362,1667789819,1771087700,2573,10,7,3,1,1,0.005,1,1,False,
bellevue_150th_se38th,A9,362,1667789819,1771087700,2573,10,7,3,5,2,0.005,9,0.997668091721726,False,
bellevue_150th_se38th,A5,363,2019231888,1561069929,3199,7,8,3,5,2,0.001,10,1,False,
bellevue_150th_se38th,A6,363,2019231888,1561069929,3199,7,8,3,5,2,0.001,10,1,False,
bellevue_150th_se38th,A7,363,2019231888,1561069929,3199,7,8,3,1,1,0.005,1,1,False,
bellevue_150th_se38th,A9,363,2019231888,1561069929,3199,7,8,3,5,2,0.001,10,1,False,
bellevue_150th_se38th,A5,364,1943010712,302847071,2428,7,4,8,3,5,0.001,14,1,False,
bellevue_150th_se38th,A6,364,1943010712,302847071,2428,7,4,8,3,5,0.001,14,1,False,
bellevue_150th_se38th,A7,364,1943010712,302847071,2428,7,4,8,1,1,0.005,1,1,False,
bellevue_150th_se38th,A9,364,1943010712,302847071,2428,7,4,8,3,5,0.001,14,1,False,
bellevue_150th_se38th,A5,365,662337115,869728534,2193,8,7,3,5,2,0.0025,10,1,False,
bellevue_150th_se38th,A6,365,662337115,869728534,2193,8,7,3,5,2,0.0025,10,1,False,
bellevue_150th_se38th,A7,365,662337115,869728534,2193,8,7,3,1,1,0.005,1,1,False,
bellevue_150th_se38th,A9,365,662337115,869728534,2193,8,7,3,5,2,0.0025,10,1,False,
bellevue_150th_se38th,A5,366,2040989227,358368795,2007,8,7,4,5,3,0.02,10,0.988540109616343,False,
bellevue_150th_se38th,A6,366,2040989227,358368795,2007,8,7,4,5,3,0.02,10,0.988540109616343,False,
bellevue_150th_se38th,A7,366,2040989227,358368795,2007,8,7,4,1,2,0.005,2,1,False,
bellevue_150th_se38th,A9,366,2040989227,358368795,2007,8,7,4,5,3,0.02,10,0.988540109616343,False,
bellevue_150th_se38th,A5,367,1797444472,2104701518,1057,8,7,3,5,2,0.005,9,1,False,
bellevue_150th_se38th,A6,367,1797444472,2104701518,1057,8,7,3,5,2,0.005,9,1,False,
bellevue_150th_se38th,A7,367,1797444472,2104701518,1057,8,7,3,1,1,0.005,1,1,False,
bellevue_150th_se38th,A9,367,1797444472,2104701518,1057,8,7,3,5,2,0.005,9,1,False,
bellevue_150th_se38th,A5,368,605126351,1984597688,3032,9,7,4,6,2,0.001,11,1,False,
bellevue_150th_se38th,A6,368,605126351,1984597688,3032,9,7,4,6,2,0.001,11,1,False,
bellevue_150th_se38th,A7,368,605126351,1984597688,3032,9,7,4,1,1,0.005,1,1,False,
bellevue_150th_se38th,A9,368,605126351,1984597688,3032,9,7,4,6,2,0.001,11,1,False,
bellevue_150th_se38th,A5,369,970357868,73913632,2019,7,7,8,5,5,0.001,21,0.999009410599307,False,
bellevue_150th_se38th,A6,369,970357868,73913632,2019,7,7,8,5,5,0.001,21,0.999009410599307,False,
bellevue_150th_se38th,A7,369,970357868,73913632,2019,7,7,8,1,1,0.005,1,1,False,
bellevue_150th_se38th,A9,369,970357868,73913632,2019,7,7,8,5,5,0.001,21,0.999009410599307,False,
bellevue_150th_se38th,A5,370,1198233938,1810408676,1123,7,6,8,4,4,0.01,11,0.983971504897596,False,
bellevue_150th_se38th,A6,370,1198233938,1810408676,1123,7,6,8,4,4,0.01,11,0.983971504897596,False,
bellevue_150th_se38th,A7,370,1198233938,1810408676,1123,7,6,8,1,1,0.005,1,1,False,
bellevue_150th_se38th,A9,370,1198233938,1810408676,1123,7,6,8,4,4,0.01,11,0.983971504897596,False,
bellevue_150th_se38th,A5,371,1946786702,50824666,2380,9,7,3,5,2,0.0025,10,1,False,
bellevue_150th_se38th,A6,371,1946786702,50824666,2380,9,7,3,5,2,0.0025,10,1,False,
bellevue_150th_se38th,A7,371,1946786702,50824666,2380,9,7,3,1,1,0.005,1,1,False,
bellevue_150th_se38th,A9,371,1946786702,50824666,2380,9,7,3,5,2,0.0025,10,1,False,
bellevue_150th_se38th,A5,372,1210681008,1350404124,3222,8,7,4,5,2,0.005,9,1,False,
bellevue_150th_se38th,A6,372,1210681008,1350404124,3222,8,7,4,5,2,0.005,9,1,False,
bellevue_150th_se38th,A7,372,1210681008,1350404124,3222,8,7,4,1,1,0.005,1,1,False,
bellevue_150th_se38th,A9,372,1210681008,1350404124,3222,8,7,4,5,2,0.005,9,1,False,
bellevue_150th_se38th,A5,373,2081669914,772297845,1667,8,4,8,4,4,0.02,10,0.967606478704259,False,
bellevue_150th_se38th,A6,373,2081669914,772297845,1667,8,4,8,4,4,0.02,10,0.967606478704259,False,
bellevue_150th_se38th,A7,373,2081669914,772297845,1667,8,4,8,1,1,0.005,1,1,False,
bellevue_150th_se38th,A9,373,2081669914,772297845,1667,8,4,8,4,4,0.02,10,0.967606478704259,False,
bellevue_150th_se38th,A5,374,19831627,1143222581,3224,8,7,3,6,2,0.0025,11,1,False,
bellevue_150th_se38th,A6,374,19831627,1143222581,3224,8,7,3,6,2,0.0025,11,1,False,
bellevue_150th_se38th,A7,374,19831627,1143222581,3224,8,7,3,1,1,0.005,1,1,False,
bellevue_150th_se38th,A9,374,19831627,1143222581,3224,8,7,3,6,2,0.0025,11,1,False,
bellevue_150th_se38th,A5,375,6796891,1848292737,2171,7,7,4,4,3,0.001,11,0.999078765545831,False,
bellevue_150th_se38th,A6,375,6796891,1848292737,2171,7,7,4,4,2,0.005,7,0.999078765545831,False,
bellevue_150th_se38th,A7,375,6796891,1848292737,2171,7,7,4,1,2,0.005,2,1,False,
bellevue_150th_se38th,A9,375,6796891,1848292737,2171,7,7,4,4,2,0.005,7,0.999078765545831,False,
bellevue_150th_se38th,A5,376,1221299822,965103008,2549,8,7,3,5,2,0.005,9,1,False,
bellevue_150th_se38th,A6,376,1221299822,965103008,2549,8,7,3,5,2,0.005,9,1,False,
bellevue_150th_se38th,A7,376,1221299822,965103008,2549,8,7,3,1,1,0.005,1,1,False,
bellevue_150th_se38th,A9,376,1221299822,965103008,2549,8,7,3,5,2,0.005,9,1,False,
bellevue_150th_se38th,A5,377,1252741961,1621599569,3364,5,8,4,7,3,0.0025,16,0.996135552913199,False,
bellevue_150th_se38th,A6,377,1252741961,1621599569,3364,5,8,4,7,2,0.0025,12,0.999405469678954,False,
bellevue_150th_se38th,A7,377,1252741961,1621599569,3364,5,8,4,1,2,0.005,2,1,False,
bellevue_150th_se38th,A9,377,1252741961,1621599569,3364,5,8,4,7,2,0.0025,12,0.999405469678954,False,
bellevue_150th_se38th,A5,378,1691541964,79003470,841,7,6,3,3,2,0.005,6,1,False,
bellevue_150th_se38th,A6,378,1691541964,79003470,841,7,6,3,3,2,0.005,6,1,False,
bellevue_150th_se38th,A7,378,1691541964,79003470,841,7,6,3,1,1,0.005,1,1,False,
bellevue_150th_se38th,A9,378,1691541964,79003470,841,7,6,3,3,2,0.005,6,1,False,
bellevue_150th_se38th,A5,379,828734390,98537743,2577,10,8,6,5,3,0.02,10,0.979045401629802,False,
bellevue_150th_se38th,A6,379,828734390,98537743,2577,10,8,6,5,3,0.02,10,0.979045401629802,False,
bellevue_150th_se38th,A7,379,828734390,98537743,2577,10,8,6,1,1,0.005,1,1,False,
bellevue_150th_se38th,A9,379,828734390,98537743,2577,10,8,6,5,3,0.02,10,0.979045401629802,False,
bellevue_150th_se38th,A5,380,750853746,866977005,2490,8,8,6,5,3,0.02,10,0.975903614457831,False,
bellevue_150th_se38th,A6,380,750853746,866977005,2490,8,8,6,5,3,0.02,10,0.975903614457831,False,
bellevue_150th_se38th,A7,380,750853746,866977005,2490,8,8,6,1,1,0.005,1,1,False,
bellevue_150th_se38th,A9,380,750853746,866977005,2490,8,8,6,5,3,0.02,10,0.975903614457831,False,
bellevue_150th_se38th,A5,381,26162259,255220827,1002,7,7,3,5,2,0.001,9,0.999001996007984,False,
bellevue_150th_se38th,A6,381,26162259,255220827,1002,7,7,3,5,2,0.001,9,0.999001996007984,False,
bellevue_150th_se38th,A7,381,26162259,255220827,1002,7,7,3,1,1,0.005,1,1,False,
bellevue_150th_se38th,A9,381,26162259,255220827,1002,7,7,3,5,2,0.001,9,0.999001996007984,False,
bellevue_150th_se38th,A5,382,1156546092,1182847847,2411,7,8,6,5,3,0.001,15,1,False,
bellevue_150th_se38th,A6,382,1156546092,1182847847,2411,7,8,6,5,3,0.001,15,1,False,
bellevue_150th_se38th,A7,382,1156546092,1182847847,2411,7,8,6,1,1,0.005,1,1,False,
bellevue_150th_se38th,A9,382,1156546092,1182847847,2411,7,8,6,5,3,0.001,15,1,False,
bellevue_150th_se38th,A5,383,659323888,127312152,2527,8,4,6,3,3,0.02,7,0.989711119905026,False,
bellevue_150th_se38th,A6,383,659323888,127312152,2527,8,4,6,3,3,0.02,7,0.989711119905026,False,
bellevue_150th_se38th,A7,383,659323888,127312152,2527,8,4,6,1,1,0.005,1,1,False,
bellevue_150th_se38th,A9,383,659323888,127312152,2527,8,4,6,3,3,0.02,7,0.989711119905026,False,
bellevue_150th_se38th,A5,384,454196410,710387152,2745,6,8,6,5,4,0.02,11,0.973770491803279,False,
bellevue_150th_se38th,A6,384,454196410,710387152,2745,6,8,6,5,4,0.02,11,0.973770491803279,False,
bellevue_150th_se38th,A7,384,454196410,710387152,2745,6,8,6,1,1,0.005,1,1,False,
bellevue_150th_se38th,A9,384,454196410,710387152,2745,6,8,6,5,4,0.02,11,0.973770491803279,False,
bellevue_150th_se38th,A5,385,2040717849,853670720,1747,8,8,6,5,4,0.01,12,0.969089868345736,False,
bellevue_150th_se38th,A6,385,2040717849,853670720,1747,8,8,6,5,4,0.01,12,0.969089868345736,False,
bellevue_150th_se38th,A7,385,2040717849,853670720,1747,8,8,6,1,1,0.005,1,1,False,
bellevue_150th_se38th,A9,385,2040717849,853670720,1747,8,8,6,5,4,0.01,12,0.969089868345736,False,
bellevue_150th_se38th,A5,386,1507001169,1828834787,2958,6,7,3,4,2,0.005,7,0.998985801217039,False,
bellevue_150th_se38th,A6,386,1507001169,1828834787,2958,6,7,3,4,2,0.005,7,0.998985801217039,False,
bellevue_150th_se38th,A7,386,1507001169,1828834787,2958,6,7,3,1,1,0.005,1,1,False,
bellevue_150th_se38th,A9,386,1507001169,1828834787,2958,6,7,3,4,2,0.005,7,0.998985801217039,False,
bellevue_150th_se38th,A5,387,815831741,1292477709,2222,6,8,6,5,4,0.001,20,1,False,
bellevue_150th_se38th,A6,387,815831741,1292477709,2222,6,8,6,5,4,0.001,20,1,False,
bellevue_150th_se38th,A7,387,815831741,1292477709,2222,6,8,6,1,1,0.005,1,1,False,
bellevue_150th_se38th,A9,387,815831741,1292477709,2222,6,8,6,5,4,0.001,20,1,False,
bellevue_150th_se38th,A5,388,968930089,747405674,2204,8,7,3,5,2,0.005,9,1,False,
bellevue_150th_se38th,A6,388,968930089,747405674,2204,8,7,3,5,2,0.005,9,1,False,
bellevue_150th_se38th,A7,388,968930089,747405674,2204,8,7,3,1,1,0.005,1,1,False,
bellevue_150th_se38th,A9,388,968930089,747405674,2204,8,7,3,5,2,0.005,9,1,False,
bellevue_150th_se38th,A5,389,1780093025,929055419,3738,7,7,6,4,4,0.01,10,0.987426431246656,False,
bellevue_150th_se38th,A6,389,1780093025,929055419,3738,7,7,6,4,4,0.01,10,0.987426431246656,False,
bellevue_150th_se38th,A7,389,1780093025,929055419,3738,7,7,6,1,1,0.005,1,1,False,
bellevue_150th_se38th,A9,389,1780093025,929055419,3738,7,7,6,4,4,0.01,10,0.987426431246656,False,
bellevue_150th_se38th,A5,390,1043876040,1478171490,1596,8,8,6,6,3,0.005,15,0.992481203007519,False,
bellevue_150th_se38th,A6,390,1043876040,1478171490,1596,8,8,6,6,3,0.005,15,0.992481203007519,False,
bellevue_150th_se38th,A7,390,1043876040,1478171490,1596,8,8,6,1,1,0.005,1,1,False,
bellevue_150th_se38th,A9,390,1043876040,1478171490,1596,8,8,6,6,3,0.005,15,0.992481203007519,False,
bellevue_150th_se38th,A5,391,1357896637,2070127221,3216,7,7,4,5,2,0.001,10,1,False,
bellevue_150th_se38th,A6,391,1357896637,2070127221,3216,7,7,4,5,2,0.001,10,1,False,
bellevue_150th_se38th,A7,391,1357896637,2070127221,3216,7,7,4,1,1,0.005,1,1,False,
bellevue_150th_se38th,A9,391,1357896637,2070127221,3216,7,7,4,5,2,0.001,10,1,False,
bellevue_150th_se38th,A5,392,364941655,548248483,2592,8,7,4,5,2,0.01,8,0.99537037037037,False,
bellevue_150th_se38th,A6,392,364941655,548248483,2592,8,7,4,5,2,0.01,8,0.99537037037037,False,
bellevue_150th_se38th,A7,392,364941655,548248483,2592,8,7,4,1,1,0.005,1,1,False,
bellevue_150th_se38th,A9,392,364941655,548248483,2592,8,7,4,5,2,0.01,8,0.99537037037037,False,
bellevue_150th_se38th,A5,393,1155030426,1752721122,2561,7,7,3,4,2,0.005,7,0.998828582584928,False,
bellevue_150th_se38th,A6,393,1155030426,1752721122,2561,7,7,3,4,2,0.005,7,0.998828582584928,False,
bellevue_150th_se38th,A7,393,1155030426,1752721122,2561,7,7,3,1,1,0.005,1,1,False,
bellevue_150th_se38th,A9,393,1155030426,1752721122,2561,7,7,3,4,2,0.005,7,0.998828582584928,False,
bellevue_150th_se38th,A5,394,1205111519,582090946,2955,9,7,3,6,2,0.005,10,0.994585448392555,False,
bellevue_150th_se38th,A6,394,1205111519,582090946,2955,9,7,3,6,2,0.005,10,0.994585448392555,False,
bellevue_150th_se38th,A7,394,1205111519,582090946,2955,9,7,3,1,1,0.005,1,1,False,
bellevue_150th_se38th,A9,394,1205111519,582090946,2955,9,7,3,6,2,0.005,10,0.994585448392555,False,
bellevue_150th_se38th,A5,395,1118190935,1048479920,2097,7,4,8,2,5,0.005,10,1,False,
bellevue_150th_se38th,A6,395,1118190935,1048479920,2097,7,4,8,2,5,0.005,10,1,False,
bellevue_150th_se38th,A7,395,1118190935,1048479920,2097,7,4,8,1,1,0.005,1,1,False,
bellevue_150th_se38th,A9,395,1118190935,1048479920,2097,7,4,8,2,5,0.005,10,1,False,
bellevue_150th_se38th,A5,396,937714108,2048155208,2711,9,8,3,5,2,0.0025,10,1,False,
bellevue_150th_se38th,A6,396,937714108,2048155208,2711,9,8,3,5,2,0.0025,10,1,False,
bellevue_150th_se38th,A7,396,937714108,2048155208,2711,9,8,3,1,1,0.005,1,1,False,
bellevue_150th_se38th,A9,396,937714108,2048155208,2711,9,8,3,5,2,0.0025,10,1,False,
bellevue_150th_se38th,A5,397,1962560931,611705170,2549,10,7,3,4,2,0.005,7,0.999215378579835,False,
bellevue_150th_se38th,A6,397,1962560931,611705170,2549,10,7,3,4,2,0.005,7,0.999215378579835,False,
bellevue_150th_se38th,A7,397,1962560931,611705170,2549,10,7,3,1,1,0.005,1,1,False,
bellevue_150th_se38th,A9,397,1962560931,611705170,2549,10,7,3,4,2,0.005,7,0.999215378579835,False,
bellevue_150th_se38th,A5,398,1837171682,400206862,2776,8,6,8,3,5,0.0025,14,1,False,
bellevue_150th_se38th,A6,398,1837171682,400206862,2776,8,6,8,3,5,0.0025,14,1,False,
bellevue_150th_se38th,A7,398,1837171682,400206862,2776,8,6,8,1,1,0.005,1,1,False,
bellevue_150th_se38th,A9,398,1837171682,400206862,2776,8,6,8,3,5,0.0025,14,1,False,
bellevue_150th_se38th,A5,399,314165056,685309796,2990,6,4,8,2,5,0.0025,10,1,False,
bellevue_150th_se38th,A6,399,314165056,685309796,2990,6,4,8,2,5,0.0025,10,1,False,
bellevue_150th_se38th,A7,399,314165056,685309796,2990,6,4,8,1,1,0.005,1,1,False,
bellevue_150th_se38th,A9,399,314165056,685309796,2990,6,4,8,2,5,0.0025,10,1,False,
bellevue_150th_se38th,A5,400,1027878675,411535401,1725,7,6,7,3,5,0.001,15,1,False,
bellevue_150th_se38th,A6,400,1027878675,411535401,1725,7,6,7,3,5,0.001,15,1,False,
bellevue_150th_se38th,A7,400,1027878675,411535401,1725,7,6,7,1,1,0.005,1,1,False,
bellevue_150th_se38th,A9,400,1027878675,411535401,1725,7,6,7,3,5,0.001,15,1,False,
bellevue_150th_se38th,A5,401,783696172,1506756995,2512,9,8,8,6,5,0.001,26,0.998407643312102,False,
bellevue_150th_se38th,A6,401,783696172,1506756995,2512,9,8,8,6,5,0.001,26,0.998407643312102,False,
bellevue_150th_se38th,A7,401,783696172,1506756995,2512,9,8,8,1,1,0.005,1,1,False,
bellevue_150th_se38th,A9,401,783696172,1506756995,2512,9,8,8,6,5,0.001,26,0.998407643312102,False,
bellevue_150th_se38th,A5,402,1367122599,1592425497,2874,7,8,6,5,4,0.02,11,0.945024356297843,False,
bellevue_150th_se38th,A6,402,1367122599,1592425497,2874,7,8,6,5,4,0.02,11,0.945024356297843,False,
bellevue_150th_se38th,A7,402,1367122599,1592425497,2874,7,8,6,1,1,0.005,1,1,False,
bellevue_150th_se38th,A9,402,1367122599,1592425497,2874,7,8,6,5,4,0.02,11,0.945024356297843,False,
bellevue_150th_se38th,A5,403,2107764186,1621668209,2760,8,7,6,6,2,0.01,10,0.994202898550725,False,
bellevue_150th_se38th,A6,403,2107764186,1621668209,2760,8,7,6,6,2,0.01,10,0.994202898550725,False,
bellevue_150th_se38th,A7,403,2107764186,1621668209,2760,8,7,6,1,1,0.005,1,1,False,
bellevue_150th_se38th,A9,403,2107764186,1621668209,2760,8,7,6,6,2,0.01,10,0.994202898550725,False,
bellevue_150th_se38th,A5,404,2131861491,1240849569,2579,8,7,3,6,2,0.001,11,1,False,
bellevue_150th_se38th,A6,404,2131861491,1240849569,2579,8,7,3,6,2,0.001,11,1,False,
bellevue_150th_se38th,A7,404,2131861491,1240849569,2579,8,7,3,1,1,0.005,1,1,False,
bellevue_150th_se38th,A9,404,2131861491,1240849569,2579,8,7,3,6,2,0.001,11,1,False,
bellevue_150th_se38th,A5,405,701822155,1072024079,3047,8,8,6,5,3,0.02,10,0.976698391860847,False,
bellevue_150th_se38th,A6,405,701822155,1072024079,3047,8,8,6,5,3,0.02,10,0.976698391860847,False,
bellevue_150th_se38th,A7,405,701822155,1072024079,3047,8,8,6,1,1,0.005,1,1,False,
bellevue_150th_se38th,A9,405,701822155,1072024079,3047,8,8,6,5,3,0.02,10,0.976698391860847,False,
bellevue_150th_se38th,A5,406,1592510017,2146611390,848,8,8,8,6,5,0.001,25,1,False,
bellevue_150th_se38th,A6,406,1592510017,2146611390,848,8,8,8,6,5,0.001,25,1,False,
bellevue_150th_se38th,A7,406,1592510017,2146611390,848,8,8,8,1,1,0.005,1,1,False,
bellevue_150th_se38th,A9,406,1592510017,2146611390,848,8,8,8,6,5,0.001,25,1,False,
bellevue_150th_se38th,A5,407,807615601,1989758539,2101,8,7,4,5,2,0.005,9,0.998096144693003,False,
bellevue_150th_se38th,A6,407,807615601,1989758539,2101,8,7,4,5,2,0.005,9,0.998096144693003,False,
bellevue_150th_se38th,A7,407,807615601,1989758539,2101,8,7,4,1,1,0.005,1,1,False,
bellevue_150th_se38th,A9,407,807615601,1989758539,2101,8,7,4,5,2,0.005,9,0.998096144693003,False,
bellevue_150th_se38th,A5,408,1752450052,955724751,4324,6,7,4,6,2,0.005,10,0.995374653098982,False,
bellevue_150th_se38th,A6,408,1752450052,955724751,4324,6,7,4,6,2,0.005,10,0.995374653098982,False,
bellevue_150th_se38th,A7,408,1752450052,955724751,4324,6,7,4,1,1,0.005,1,1,False,
bellevue_150th_se38th,A9,408,1752450052,955724751,4324,6,7,4,6,2,0.005,10,0.995374653098982,False,
bellevue_150th_se38th,A5,409,1118010237,833123108,2224,9,7,3,5,2,0.005,9,0.99910071942446,False,
bellevue_150th_se38th,A6,409,1118010237,833123108,2224,9,7,3,5,2,0.005,9,0.99910071942446,False,
bellevue_150th_se38th,A7,409,1118010237,833123108,2224,9,7,3,1,1,0.005,1,1,False,
bellevue_150th_se38th,A9,409,1118010237,833123108,2224,9,7,3,5,2,0.005,9,0.99910071942446,False,
bellevue_150th_se38th,A5,410,784125302,1915900695,2447,10,6,3,4,2,0.0025,8,1,False,
bellevue_150th_se38th,A6,410,784125302,1915900695,2447,10,6,3,4,2,0.0025,8,1,False,
bellevue_150th_se38th,A7,410,784125302,1915900695,2447,10,6,3,1,1,0.005,1,1,False,
bellevue_150th_se38th,A9,410,784125302,1915900695,2447,10,6,3,4,2,0.0025,8,1,False,
bellevue_150th_se38th,A5,411,1588119634,1097107851,4527,7,7,6,6,3,0.01,11,0.982328252705986,False,
bellevue_150th_se38th,A6,411,1588119634,1097107851,4527,7,7,6,6,3,0.01,11,0.982328252705986,False,
bellevue_150th_se38th,A7,411,1588119634,1097107851,4527,7,7,6,1,1,0.005,1,1,False,
bellevue_150th_se38th,A9,411,1588119634,1097107851,4527,7,7,6,6,3,0.01,11,0.982328252705986,False,
bellevue_150th_se38th,A5,412,890632001,1220998727,1813,10,7,3,5,2,0.001,10,1,False,
bellevue_150th_se38th,A6,412,890632001,1220998727,1813,10,7,3,5,2,0.001,10,1,False,
bellevue_150th_se38th,A7,412,890632001,1220998727,1813,10,7,3,1,1,0.005,1,1,False,
bellevue_150th_se38th,A9,412,890632001,1220998727,1813,10,7,3,5,2,0.001,10,1,False,
bellevue_150th_se38th,A5,413,605651923,11510386,1934,8,8,6,5,4,0.0025,19,1,False,
bellevue_150th_se38th,A6,413,605651923,11510386,1934,8,8,6,5,4,0.0025,19,1,False,
bellevue_150th_se38th,A7,413,605651923,11510386,1934,8,8,6,1,1,0.005,1,1,False,
bellevue_150th_se38th,A9,413,605651923,11510386,1934,8,8,6,5,4,0.0025,19,1,False,
bellevue_150th_se38th,A5,414,696528487,2007136888,1707,7,7,8,5,5,0.005,14,0.987697715289982,False,
bellevue_150th_se38th,A6,414,696528487,2007136888,1707,7,7,8,5,5,0.005,14,0.987697715289982,False,
bellevue_150th_se38th,A7,414,696528487,2007136888,1707,7,7,8,1,2,0.005,2,1,False,
bellevue_150th_se38th,A9,414,696528487,2007136888,1707,7,7,8,5,6,0.01,12,0.967779730521383,False,
bellevue_150th_se38th,A5,415,1736147413,265612599,1842,7,4,8,4,5,0.001,19,1,False,
bellevue_150th_se38th,A6,415,1736147413,265612599,1842,7,4,8,4,5,0.001,19,1,False,
bellevue_150th_se38th,A7,415,1736147413,265612599,1842,7,4,8,1,1,0.005,1,1,False,
bellevue_150th_se38th,A9,415,1736147413,265612599,1842,7,4,8,4,5,0.001,19,1,False,
bellevue_150th_se38th,A5,416,198935452,1265084924,4081,7,7,3,6,2,0.0025,11,1,False,
bellevue_150th_se38th,A6,416,198935452,1265084924,4081,7,7,3,6,2,0.0025,11,1,False,
bellevue_150th_se38th,A7,416,198935452,1265084924,4081,7,7,3,1,1,0.005,1,1,False,
bellevue_150th_se38th,A9,416,198935452,1265084924,4081,7,7,3,6,2,0.0025,11,1,False,
bellevue_150th_se38th,A5,417,424334038,1046498055,3243,6,7,6,6,3,0.005,14,0.991674375578168,False,
bellevue_150th_se38th,A6,417,424334038,1046498055,3243,6,7,6,6,3,0.005,14,0.991674375578168,False,
bellevue_150th_se38th,A7,417,424334038,1046498055,3243,6,7,6,1,1,0.005,1,1,False,
bellevue_150th_se38th,A9,417,424334038,1046498055,3243,6,7,6,6,3,0.005,14,0.991674375578168,False,
bellevue_150th_se38th,A5,418,2033349132,1555218145,1877,7,4,8,2,6,0.001,12,1,False,
bellevue_150th_se38th,A6,418,2033349132,1555218145,1877,7,4,8,2,6,0.001,12,1,False,
bellevue_150th_se38th,A7,418,2033349132,1555218145,1877,7,4,8,1,1,0.005,1,1,False,
bellevue_150th_se38th,A9,418,2033349132,1555218145,1877,7,4,8,2,6,0.001,12,1,False,
bellevue_150th_se38th,A5,419,1191915548,206340445,3679,7,8,3,5,2,0.005,9,0.998097309051373,False,
bellevue_150th_se38th,A6,419,1191915548,206340445,3679,7,8,3,5,2,0.005,9,0.998097309051373,False,
bellevue_150th_se38th,A7,419,1191915548,206340445,3679,7,8,3,1,1,0.005,1,1,False,
bellevue_150th_se38th,A9,419,1191915548,206340445,3679,7,8,3,5,2,0.005,9,0.998097309051373,False,
bellevue_150th_se38th,A5,420,978388588,1912847305,2499,7,7,6,5,3,0.001,14,1,False,
bellevue_150th_se38th,A6,420,978388588,1912847305,2499,7,7,6,5,3,0.001,14,1,False,
bellevue_150th_se38th,A7,420,978388588,1912847305,2499,7,7,6,1,1,0.005,1,1,False,
bellevue_150th_se38th,A9,420,978388588,1912847305,2499,7,7,6,5,3,0.001,14,1,False,
bellevue_150th_se38th,A5,421,169336707,336415055,3261,9,7,4,5,2,0.005,9,1,False,
bellevue_150th_se38th,A6,421,169336707,336415055,3261,9,7,4,5,2,0.005,9,1,False,
bellevue_150th_se38th,A7,421,169336707,336415055,3261,9,7,4,1,2,0.005,2,1,False,
bellevue_150th_se38th,A9,421,169336707,336415055,3261,9,7,4,5,2,0.005,9,1,False,
bellevue_150th_se38th,A5,422,206446845,460408261,1716,7,7,4,5,2,0.001,10,1,False,
bellevue_150th_se38th,A6,422,206446845,460408261,1716,7,7,4,5,2,0.001,10,1,False,
bellevue_150th_se38th,A7,422,206446845,460408261,1716,7,7,4,1,1,0.005,1,1,False,
bellevue_150th_se38th,A9,422,206446845,460408261,1716,7,7,4,5,2,0.001,10,1,False,
bellevue_150th_se38th,A5,423,838106068,1427376514,2168,8,7,4,4,2,0.005,7,0.999538745387454,False,
bellevue_150th_se38th,A6,423,838106068,1427376514,2168,8,7,4,4,2,0.005,7,0.999538745387454,False,
bellevue_150th_se38th,A7,423,838106068,1427376514,2168,8,7,4,1,1,0.005,1,1,False,
bellevue_150th_se38th,A9,423,838106068,1427376514,2168,8,7,4,4,2,0.005,7,0.999538745387454,False,
bellevue_150th_se38th,A5,424,431301909,307968934,1555,6,6,8,4,4,0.005,11,0.994855305466238,False,
bellevue_150th_se38th,A6,424,431301909,307968934,1555,6,6,8,4,4,0.005,11,0.994855305466238,False,
bellevue_150th_se38th,A7,424,431301909,307968934,1555,6,6,8,1,1,0.005,1,1,False,
bellevue_150th_se38th,A9,424,431301909,307968934,1555,6,6,8,4,4,0.005,11,0.994855305466238,False,
bellevue_150th_se38th,A5,425,201881309,1316421598,3122,9,8,3,6,2,0.001,11,0.999359385009609,False,
bellevue_150th_se38th,A6,425,201881309,1316421598,3122,9,8,3,6,2,0.001,11,0.999359385009609,False,
bellevue_150th_se38th,A7,425,201881309,1316421598,3122,9,8,3,1,1,0.005,1,1,False,
bellevue_150th_se38th,A9,425,201881309,1316421598,3122,9,8,3,6,2,0.001,11,0.999359385009609,False,
bellevue_150th_se38th,A5,426,2135408438,1351478310,2896,8,7,3,6,2,0.005,10,0.99792817679558,False,
bellevue_150th_se38th,A6,426,2135408438,1351478310,2896,8,7,3,6,2,0.005,10,0.99792817679558,False,
bellevue_150th_se38th,A7,426,2135408438,1351478310,2896,8,7,3,1,1,0.005,1,1,False,
bellevue_150th_se38th,A9,426,2135408438,1351478310,2896,8,7,3,6,2,0.005,10,0.99792817679558,False,
bellevue_150th_se38th,A5,427,1433173908,44808233,3526,7,8,6,5,3,0.001,15,1,False,
bellevue_150th_se38th,A6,427,1433173908,44808233,3526,7,8,6,5,3,0.001,15,1,False,
bellevue_150th_se38th,A7,427,1433173908,44808233,3526,7,8,6,1,1,0.005,1,1,False,
bellevue_150th_se38th,A9,427,1433173908,44808233,3526,7,8,6,5,3,0.001,15,1,False,
bellevue_150th_se38th,A5,428,1728133517,230570730,2010,10,8,6,6,4,0.001,22,0.999502487562189,False,
bellevue_150th_se38th,A6,428,1728133517,230570730,2010,10,8,6,6,4,0.001,22,0.999502487562189,False,
bellevue_150th_se38th,A7,428,1728133517,230570730,2010,10,8,6,1,1,0.005,1,1,False,
bellevue_150th_se38th,A9,428,1728133517,230570730,2010,10,8,6,6,4,0.001,22,0.999502487562189,False,
bellevue_150th_se38th,A5,429,589341068,1904697739,2386,7,7,3,5,2,0.005,9,0.999161777032691,False,
bellevue_150th_se38th,A6,429,589341068,1904697739,2386,7,7,3,5,2,0.005,9,0.999161777032691,False,
bellevue_150th_se38th,A7,429,589341068,1904697739,2386,7,7,3,1,1,0.005,1,1,False,
bellevue_150th_se38th,A9,429,589341068,1904697739,2386,7,7,3,5,2,0.005,9,0.999161777032691,False,
bellevue_150th_se38th,A5,430,753568670,1775987553,4567,6,8,4,6,2,0.02,8,0.990146704620101,False,
bellevue_150th_se38th,A6,430,753568670,1775987553,4567,6,8,4,6,2,0.02,8,0.990146704620101,False,
bellevue_150th_se38th,A7,430,753568670,1775987553,4567,6,8,4,1,2,0.005,2,1,False,
bellevue_150th_se38th,A9,430,753568670,1775987553,4567,6,8,4,6,2,0.02,8,0.990146704620101,False,
bellevue_150th_se38th,A5,431,1153506867,1883470694,2420,8,7,4,5,2,0.0025,9,0.999173553719008,False,
bellevue_150th_se38th,A6,431,1153506867,1883470694,2420,8,7,4,5,2,0.0025,9,0.999173553719008,False,
bellevue_150th_se38th,A7,431,1153506867,1883470694,2420,8,7,4,1,1,0.005,1,1,False,
bellevue_150th_se38th,A9,431,1153506867,1883470694,2420,8,7,4,5,2,0.0025,9,0.999173553719008,False,
bellevue_150th_se38th,A5,432,1774420641,1966984687,3471,8,7,4,6,2,0.005,10,0.998847594353212,False,
bellevue_150th_se38th,A6,432,1774420641,1966984687,3471,8,7,4,6,2,0.005,10,0.998847594353212,False,
bellevue_150th_se38th,A7,432,1774420641,1966984687,3471,8,7,4,1,2,0.005,2,1,False,
bellevue_150th_se38th,A9,432,1774420641,1966984687,3471,8,7,4,6,2,0.005,10,0.998847594353212,False,
bellevue_150th_se38th,A5,433,598884025,1983282820,1671,8,6,8,4,5,0.02,10,0.946738479952124,False,
bellevue_150th_se38th,A6,433,598884025,1983282820,1671,8,6,8,4,5,0.02,10,0.946738479952124,False,
bellevue_150th_se38th,A7,433,598884025,1983282820,1671,8,6,8,1,1,0.005,1,1,False,
bellevue_150th_se38th,A9,433,598884025,1983282820,1671,8,6,8,4,5,0.02,10,0.946738479952124,False,
bellevue_150th_se38th,A5,434,1300637173,2002452311,2181,10,8,6,5,3,0.02,10,0.978908757450711,False,
bellevue_150th_se38th,A6,434,1300637173,2002452311,2181,10,8,6,5,3,0.02,10,0.978908757450711,False,
bellevue_150th_se38th,A7,434,1300637173,2002452311,2181,10,8,6,1,1,0.005,1,1,False,
bellevue_150th_se38th,A9,434,1300637173,2002452311,2181,10,8,6,5,3,0.02,10,0.978908757450711,False,
bellevue_150th_se38th,A5,435,119933841,1329939693,1771,7,7,4,6,2,0.01,10,0.994353472614342,False,
bellevue_150th_se38th,A6,435,119933841,1329939693,1771,7,7,4,6,2,0.01,10,0.994353472614342,False,
bellevue_150th_se38th,A7,435,119933841,1329939693,1771,7,7,4,2,1,0.005,2,1,False,
bellevue_150th_se38th,A9,435,119933841,1329939693,1771,7,7,4,6,2,0.01,10,0.994353472614342,False,
bellevue_150th_se38th,A5,436,584002222,729718152,1677,7,8,6,5,3,0.0025,15,1,False,
bellevue_150th_se38th,A6,436,584002222,729718152,1677,7,8,6,5,3,0.0025,15,1,False,
bellevue_150th_se38th,A7,436,584002222,729718152,1677,7,8,6,1,1,0.005,1,1,False,
bellevue_150th_se38th,A9,436,584002222,729718152,1677,7,8,6,5,3,0.0025,15,1,False,
bellevue_150th_se38th,A5,437,1252824293,1202701476,2346,10,7,3,5,2,0.001,10,1,False,
bellevue_150th_se38th,A6,437,1252824293,1202701476,2346,10,7,3,5,2,0.001,10,1,False,
bellevue_150th_se38th,A7,437,1252824293,1202701476,2346,10,7,3,1,1,0.005,1,1,False,
bellevue_150th_se38th,A9,437,1252824293,1202701476,2346,10,7,3,5,2,0.001,10,1,False,
bellevue_150th_se38th,A5,438,1295249167,2064032235,1597,8,7,4,5,2,0.005,9,0.99812147777082,False,
bellevue_150th_se38th,A6,438,1295249167,2064032235,1597,8,7,4,5,2,0.005,9,0.99812147777082,False,
bellevue_150th_se38th,A7,438,1295249167,2064032235,1597,8,7,4,1,1,0.005,1,1,False,
bellevue_150th_se38th,A9,438,1295249167,2064032235,1597,8,7,4,5,2,0.005,9,0.99812147777082,False,
bellevue_150th_se38th,A5,439,1874147314,1514989006,2206,7,8,6,5,3,0.001,13,0.99909338168631,False,
bellevue_150th_se38th,A6,439,1874147314,1514989006,2206,7,8,6,5,3,0.001,13,0.99909338168631,False,
bellevue_150th_se38th,A7,439,1874147314,1514989006,2206,7,8,6,1,1,0.005,1,1,False,
bellevue_150th_se38th,A9,439,1874147314,1514989006,2206,7,8,6,5,3,0.001,13,0.99909338168631,False,
bellevue_150th_se38th,A5,440,1416990756,1621939640,3056,7,7,6,6,4,0.001,23,0.99934554973822,False,
bellevue_150th_se38th,A6,440,1416990756,1621939640,3056,7,7,6,6,4,0.001,23,0.99934554973822,False,
bellevue_150th_se38th,A7,440,1416990756,1621939640,3056,7,7,6,1,1,0.005,1,1,False,
bellevue_150th_se38th,A9,440,1416990756,1621939640,3056,7,7,6,6,4,0.001,23,0.99934554973822,False,
bellevue_150th_se38th,A5,441,60755406,681934758,2624,8,7,3,6,2,0.001,11,1,False,
bellevue_150th_se38th,A6,441,60755406,681934758,2624,8,7,3,6,2,0.001,11,1,False,
bellevue_150th_se38th,A7,441,60755406,681934758,2624,8,7,3,1,1,0.005,1,1,False,
bellevue_150th_se38th,A9,441,60755406,681934758,2624,8,7,3,6,2,0.001,11,1,False,
bellevue_150th_se38th,A5,442,524805743,1715807247,2413,6,4,6,3,4,0.001,11,1,False,
bellevue_150th_se38th,A6,442,524805743,1715807247,2413,6,4,6,3,4,0.001,11,1,False,
bellevue_150th_se38th,A7,442,524805743,1715807247,2413,6,4,6,1,1,0.005,1,1,False,
bellevue_150th_se38th,A9,442,524805743,1715807247,2413,6,4,6,3,4,0.001,11,1,False,
bellevue_150th_se38th,A5,443,1289740392,1361211218,2468,7,8,4,6,3,0.001,14,1,False,
bellevue_150th_se38th,A6,443,1289740392,1361211218,2468,7,8,4,6,3,0.001,14,1,False,
bellevue_150th_se38th,A7,443,1289740392,1361211218,2468,7,8,4,1,2,0.005,2,1,False,
bellevue_150th_se38th,A9,443,1289740392,1361211218,2468,7,8,4,6,3,0.001,14,1,False,
bellevue_150th_se38th,A5,444,1785677916,1081270031,2407,9,7,3,4,2,0.0025,8,1,False,
bellevue_150th_se38th,A6,444,1785677916,1081270031,2407,9,7,3,4,2,0.0025,8,1,False,
bellevue_150th_se38th,A7,444,1785677916,1081270031,2407,9,7,3,1,1,0.005,1,1,False,
bellevue_150th_se38th,A9,444,1785677916,1081270031,2407,9,7,3,4,2,0.0025,8,1,False,
bellevue_150th_se38th,A5,445,16673599,886167802,2920,6,8,8,5,5,0.001,22,0.999315068493151,False,
bellevue_150th_se38th,A6,445,16673599,886167802,2920,6,8,8,5,5,0.001,22,0.999315068493151,False,
bellevue_150th_se38th,A7,445,16673599,886167802,2920,6,8,8,1,1,0.005,1,1,False,
bellevue_150th_se38th,A9,445,16673599,886167802,2920,6,8,8,5,5,0.001,22,0.999315068493151,False,
bellevue_150th_se38th,A5,446,1247547489,630972305,2767,7,7,8,6,4,0.001,20,0.998192988796531,False,
bellevue_150th_se38th,A6,446,1247547489,630972305,2767,7,7,8,6,4,0.001,20,0.998192988796531,False,
bellevue_150th_se38th,A7,446,1247547489,630972305,2767,7,7,8,1,1,0.005,1,1,False,
bellevue_150th_se38th,A9,446,1247547489,630972305,2767,7,7,8,6,4,0.001,20,0.998192988796531,False,
bellevue_150th_se38th,A5,447,292113344,1337762665,1589,8,7,4,5,2,0.005,9,1,False,
bellevue_150th_se38th,A6,447,292113344,1337762665,1589,8,7,4,5,2,0.005,9,1,False,
bellevue_150th_se38th,A7,447,292113344,1337762665,1589,8,7,4,1,1,0.005,1,1,False,
bellevue_150th_se38th,A9,447,292113344,1337762665,1589,8,7,4,5,2,0.005,9,1,False,
bellevue_150th_se38th,A5,448,1033953664,112590074,2474,7,8,6,5,3,0.005,14,0.997574777687955,False,
bellevue_150th_se38th,A6,448,1033953664,112590074,2474,7,8,6,5,3,0.005,14,0.997574777687955,False,
bellevue_150th_se38th,A7,448,1033953664,112590074,2474,7,8,6,1,1,0.005,1,1,False,
bellevue_150th_se38th,A9,448,1033953664,112590074,2474,7,8,6,5,3,0.005,14,0.997574777687955,False,
bellevue_150th_se38th,A5,449,95982971,811339145,2716,9,7,3,5,2,0.0025,10,1,False,
bellevue_150th_se38th,A6,449,95982971,811339145,2716,9,7,3,5,2,0.0025,10,1,False,
bellevue_150th_se38th,A7,449,95982971,811339145,2716,9,7,3,1,1,0.005,1,1,False,
bellevue_150th_se38th,A9,449,95982971,811339145,2716,9,7,3,5,2,0.0025,10,1,False,
bellevue_150th_se38th,A5,450,1466835014,1295993082,1919,7,4,5,4,5,0.001,13,0.998957790515894,False,
bellevue_150th_se38th,A6,450,1466835014,1295993082,1919,7,4,5,4,5,0.001,13,0.998957790515894,False,
bellevue_150th_se38th,A7,450,1466835014,1295993082,1919,7,4,5,2,2,0.0025,4,1,False,
bellevue_150th_se38th,A9,450,1466835014,1295993082,1919,7,4,5,4,5,0.001,13,0.998957790515894,False,
bellevue_150th_se38th,A5,451,1402505553,1844557142,3750,7,7,3,5,2,0.01,8,0.993066666666667,False,
bellevue_150th_se38th,A6,451,1402505553,1844557142,3750,7,7,3,5,2,0.01,8,0.993066666666667,False,
bellevue_150th_se38th,A7,451,1402505553,1844557142,3750,7,7,3,1,1,0.005,1,1,False,
bellevue_150th_se38th,A9,451,1402505553,1844557142,3750,7,7,3,5,2,0.01,8,0.993066666666667,False,
bellevue_150th_se38th,A5,452,1814435095,311335079,2085,9,8,6,5,4,0.001,18,1,False,
bellevue_150th_se38th,A6,452,1814435095,311335079,2085,9,8,6,5,4,0.001,18,1,False,
bellevue_150th_se38th,A7,452,1814435095,311335079,2085,9,8,6,1,1,0.005,1,1,False,
bellevue_150th_se38th,A9,452,1814435095,311335079,2085,9,8,6,5,4,0.001,18,1,False,
bellevue_150th_se38th,A5,453,1250573589,1965394316,1318,6,7,8,4,4,0.001,16,1,False,
bellevue_150th_se38th,A6,453,1250573589,1965394316,1318,6,7,8,4,4,0.001,16,1,False,
bellevue_150th_se38th,A7,453,1250573589,1965394316,1318,6,7,8,1,1,0.005,1,1,False,
bellevue_150th_se38th,A9,453,1250573589,1965394316,1318,6,7,8,4,4,0.001,16,1,False,
bellevue_150th_se38th,A5,454,855740585,863803662,2589,8,7,4,6,2,0.005,10,0.998455001931248,False,
bellevue_150th_se38th,A6,454,855740585,863803662,2589,8,7,4,6,2,0.005,10,0.998455001931248,False,
bellevue_150th_se38th,A7,454,855740585,863803662,2589,8,7,4,1,1,0.005,1,1,False,
bellevue_150th_se38th,A9,454,855740585,863803662,2589,8,7,4,6,2,0.005,10,0.998455001931248,False,
bellevue_150th_se38th,A5,455,708294300,585954108,1757,7,8,6,5,3,0.001,15,1,False,
bellevue_150th_se38th,A6,455,708294300,585954108,1757,7,8,6,5,3,0.001,15,1,False,
bellevue_150th_se38th,A7,455,708294300,585954108,1757,7,8,6,1,1,0.005,1,1,False,
bellevue_150th_se38th,A9,455,708294300,585954108,1757,7,8,6,5,3,0.001,15,1,False,
bellevue_150th_se38th,A5,456,942078605,542238338,3450,6,7,4,6,2,0.001,12,1,False,
bellevue_150th_se38th,A6,456,942078605,542238338,3450,6,7,4,6,2,0.001,12,1,False,
bellevue_150th_se38th,A7,456,942078605,542238338,3450,6,7,4,1,1,0.005,1,1,False,
bellevue_150th_se38th,A9,456,942078605,542238338,3450,6,7,4,6,2,0.001,12,1,False,
bellevue_150th_se38th,A5,457,1319445791,276349247,3244,8,7,4,6,2,0.0025,11,1,False,
bellevue_150th_se38th,A6,457,1319445791,276349247,3244,8,7,4,6,2,0.0025,11,1,False,
bellevue_150th_se38th,A7,457,1319445791,276349247,3244,8,7,4,1,2,0.005,2,1,False,
bellevue_150th_se38th,A9,457,1319445791,276349247,3244,8,7,4,6,2,0.0025,11,1,False,
bellevue_150th_se38th,A5,458,255350953,1412880756,1955,7,7,3,4,2,0.005,7,1,False,
bellevue_150th_se38th,A6,458,255350953,1412880756,1955,7,7,3,4,2,0.005,7,1,False,
bellevue_150th_se38th,A7,458,255350953,1412880756,1955,7,7,3,1,1,0.005,1,1,False,
bellevue_150th_se38th,A9,458,255350953,1412880756,1955,7,7,3,4,2,0.005,7,1,False,
bellevue_150th_se38th,A5,459,1701546866,60214254,3341,9,7,3,5,2,0.005,9,0.997605507333134,False,
bellevue_150th_se38th,A6,459,1701546866,60214254,3341,9,7,3,5,2,0.005,9,0.997605507333134,False,
bellevue_150th_se38th,A7,459,1701546866,60214254,3341,9,7,3,1,1,0.005,1,1,False,
bellevue_150th_se38th,A9,459,1701546866,60214254,3341,9,7,3,5,2,0.005,9,0.997605507333134,False,
bellevue_150th_se38th,A5,460,2146995338,2090808142,2070,8,7,6,5,3,0.0025,14,0.998550724637681,False,
bellevue_150th_se38th,A6,460,2146995338,2090808142,2070,8,7,6,5,3,0.0025,14,0.998550724637681,False,
bellevue_150th_se38th,A7,460,2146995338,2090808142,2070,8,7,6,1,1,0.005,1,1,False,
bellevue_150th_se38th,A9,460,2146995338,2090808142,2070,8,7,6,5,3,0.0025,14,0.998550724637681,False,
bellevue_150th_se38th,A5,461,637927299,2019264498,2399,8,7,6,5,2,0.001,10,1,False,
bellevue_150th_se38th,A6,461,637927299,2019264498,2399,8,7,6,5,2,0.001,10,1,False,
bellevue_150th_se38th,A7,461,637927299,2019264498,2399,8,7,6,1,1,0.005,1,1,False,
bellevue_150th_se38th,A9,461,637927299,2019264498,2399,8,7,6,5,2,0.001,10,1,False,
bellevue_150th_se38th,A5,462,266777013,1426762,2417,9,7,3,5,2,0.001,10,1,False,
bellevue_150th_se38th,A6,462,266777013,1426762,2417,9,7,3,5,2,0.001,10,1,False,
bellevue_150th_se38th,A7,462,266777013,1426762,2417,9,7,3,1,1,0.005,1,1,False,
bellevue_150th_se38th,A9,462,266777013,1426762,2417,9,7,3,5,2,0.001,10,1,False,
bellevue_150th_se38th,A5,463,1451510801,317321242,2164,7,8,6,5,3,0.001,15,1,False,
bellevue_150th_se38th,A6,463,1451510801,317321242,2164,7,8,6,5,3,0.001,15,1,False,
bellevue_150th_se38th,A7,463,1451510801,317321242,2164,7,8,6,1,1,0.005,1,1,False,
bellevue_150th_se38th,A9,463,1451510801,317321242,2164,7,8,6,5,3,0.001,15,1,False,
bellevue_150th_se38th,A5,464,1301135824,1677485961,2492,10,7,3,5,2,0.001,10,1,False,
bellevue_150th_se38th,A6,464,1301135824,1677485961,2492,10,7,3,5,2,0.001,10,1,False,
bellevue_150th_se38th,A7,464,1301135824,1677485961,2492,10,7,3,1,1,0.005,1,1,False,
bellevue_150th_se38th,A9,464,1301135824,1677485961,2492,10,7,3,5,2,0.001,10,1,False,
bellevue_150th_se38th,A5,465,936801715,2117674591,1482,6,7,8,4,4,0.001,16,1,False,
bellevue_150th_se38th,A6,465,936801715,2117674591,1482,6,7,8,4,4,0.001,16,1,False,
bellevue_150th_se38th,A7,465,936801715,2117674591,1482,6,7,8,1,1,0.005,1,1,False,
bellevue_150th_se38th,A9,465,936801715,2117674591,1482,6,7,8,4,4,0.001,16,1,False,
bellevue_150th_se38th,A5,466,1069140369,2144502726,2311,7,7,6,5,4,0.001,19,1,False,
bellevue_150th_se38th,A6,466,1069140369,2144502726,2311,7,7,6,5,4,0.001,19,1,False,
bellevue_150th_se38th,A7,466,1069140369,2144502726,2311,7,7,6,1,1,0.005,1,1,False,
bellevue_150th_se38th,A9,466,1069140369,2144502726,2311,7,7,6,5,4,0.001,19,1,False,
bellevue_150th_se38th,A5,467,753151034,1991199073,1979,8,8,6,5,3,0.005,11,0.993936331480546,False,
bellevue_150th_se38th,A6,467,753151034,1991199073,1979,8,8,6,5,3,0.005,11,0.993936331480546,False,
bellevue_150th_se38th,A7,467,753151034,1991199073,1979,8,8,6,1,1,0.005,1,1,False,
bellevue_150th_se38th,A9,467,753151034,1991199073,1979,8,8,6,5,3,0.005,11,0.993936331480546,False,
bellevue_150th_se38th,A5,468,1390059604,567537674,3745,7,7,3,5,2,0.005,9,0.999465954606142,False,
bellevue_150th_se38th,A6,468,1390059604,567537674,3745,7,7,3,5,2,0.005,9,0.999465954606142,False,
bellevue_150th_se38th,A7,468,1390059604,567537674,3745,7,7,3,1,1,0.005,1,1,False,
bellevue_150th_se38th,A9,468,1390059604,567537674,3745,7,7,3,5,2,0.005,9,0.999465954606142,False,
bellevue_150th_se38th,A5,469,1655917421,946416485,1564,8,7,3,5,2,0.001,10,1,False,
bellevue_150th_se38th,A6,469,1655917421,946416485,1564,8,7,3,5,2,0.001,10,1,False,
bellevue_150th_se38th,A7,469,1655917421,946416485,1564,8,7,3,1,1,0.005,1,1,False,
bellevue_150th_se38th,A9,469,1655917421,946416485,1564,8,7,3,5,2,0.001,10,1,False,
bellevue_150th_se38th,A5,470,1893381472,1481270941,2371,6,7,3,5,2,0.005,9,0.997891185153943,False,
bellevue_150th_se38th,A6,470,1893381472,1481270941,2371,6,7,3,5,2,0.005,9,0.997891185153943,False,
bellevue_150th_se38th,A7,470,1893381472,1481270941,2371,6,7,3,1,1,0.005,1,1,False,
bellevue_150th_se38th,A9,470,1893381472,1481270941,2371,6,7,3,5,2,0.005,9,0.997891185153943,False,
bellevue_150th_se38th,A5,471,557491561,1482981173,3318,8,7,3,5,2,0.02,8,0.993670886075949,False,
bellevue_150th_se38th,A6,471,557491561,1482981173,3318,8,7,3,5,2,0.02,8,0.993670886075949,False,
bellevue_150th_se38th,A7,471,557491561,1482981173,3318,8,7,3,1,1,0.005,1,1,False,
bellevue_150th_se38th,A9,471,557491561,1482981173,3318,8,7,3,5,2,0.02,8,0.993670886075949,False,
bellevue_150th_se38th,A5,472,152900548,443443187,3003,10,7,3,5,2,0.005,9,0.998334998334998,False,
bellevue_150th_se38th,A6,472,152900548,443443187,3003,10,7,3,5,2,0.005,9,0.998334998334998,False,
bellevue_150th_se38th,A7,472,152900548,443443187,3003,10,7,3,1,1,0.005,1,1,False,
bellevue_150th_se38th,A9,472,152900548,443443187,3003,10,7,3,5,2,0.005,9,0.998334998334998,False,
bellevue_150th_se38th,A5,473,1024370721,895223990,2309,9,7,3,5,2,0.005,9,0.999566912083153,False,
bellevue_150th_se38th,A6,473,1024370721,895223990,2309,9,7,3,5,2,0.005,9,0.999566912083153,False,
bellevue_150th_se38th,A7,473,1024370721,895223990,2309,9,7,3,1,1,0.005,1,1,False,
bellevue_150th_se38th,A9,473,1024370721,895223990,2309,9,7,3,5,2,0.005,9,0.999566912083153,False,
bellevue_150th_se38th,A5,474,114840813,781600206,1688,6,8,6,5,3,0.02,10,0.984004739336493,False,
bellevue_150th_se38th,A6,474,114840813,781600206,1688,6,8,6,5,3,0.02,10,0.984004739336493,False,
bellevue_150th_se38th,A7,474,114840813,781600206,1688,6,8,6,1,1,0.005,1,1,False,
bellevue_150th_se38th,A9,474,114840813,781600206,1688,6,8,6,5,3,0.02,10,0.984004739336493,False,
bellevue_150th_se38th,A5,475,1650429199,815292904,1994,9,7,4,5,2,0.005,9,0.997993981945838,False,
bellevue_150th_se38th,A6,475,1650429199,815292904,1994,9,7,4,5,2,0.005,9,0.997993981945838,False,
bellevue_150th_se38th,A7,475,1650429199,815292904,1994,9,7,4,1,1,0.005,1,1,False,
bellevue_150th_se38th,A9,475,1650429199,815292904,1994,9,7,4,5,2,0.005,9,0.997993981945838,False,
bellevue_150th_se38th,A5,476,1977807186,331573223,1807,7,7,4,5,2,0.005,8,0.998893193137797,False,
bellevue_150th_se38th,A6,476,1977807186,331573223,1807,7,7,4,5,2,0.005,8,0.998893193137797,False,
bellevue_150th_se38th,A7,476,1977807186,331573223,1807,7,7,4,1,1,0.005,1,1,False,
bellevue_150th_se38th,A9,476,1977807186,331573223,1807,7,7,4,5,2,0.005,8,0.998893193137797,False,
bellevue_150th_se38th,A5,477,1495389390,306217801,2903,9,7,6,6,3,0.01,11,0.982431966930761,False,
bellevue_150th_se38th,A6,477,1495389390,306217801,2903,9,7,6,6,3,0.01,11,0.982431966930761,False,
bellevue_150th_se38th,A7,477,1495389390,306217801,2903,9,7,6,1,1,0.005,1,1,False,
bellevue_150th_se38th,A9,477,1495389390,306217801,2903,9,7,6,6,3,0.01,11,0.982431966930761,False,
bellevue_150th_se38th,A5,478,1977191621,744959180,2709,7,8,8,5,4,0.0025,18,1,False,
bellevue_150th_se38th,A6,478,1977191621,744959180,2709,7,8,8,5,4,0.0025,18,1,False,
bellevue_150th_se38th,A7,478,1977191621,744959180,2709,7,8,8,1,1,0.005,1,1,False,
bellevue_150th_se38th,A9,478,1977191621,744959180,2709,7,8,8,5,4,0.0025,18,1,False,
bellevue_150th_se38th,A5,479,1048950352,39534667,1522,6,7,4,5,2,0.001,10,1,False,
bellevue_150th_se38th,A6,479,1048950352,39534667,1522,6,7,4,5,2,0.001,10,1,False,
bellevue_150th_se38th,A7,479,1048950352,39534667,1522,6,7,4,1,1,0.005,1,1,False,
bellevue_150th_se38th,A9,479,1048950352,39534667,1522,6,7,4,5,2,0.001,10,1,False,
bellevue_150th_se38th,A5,480,146918889,1401215850,2937,8,7,6,5,4,0.02,11,0.948246510044263,False,
bellevue_150th_se38th,A6,480,146918889,1401215850,2937,8,7,6,5,4,0.02,11,0.948246510044263,False,
bellevue_150th_se38th,A7,480,146918889,1401215850,2937,8,7,6,1,1,0.005,1,1,False,
bellevue_150th_se38th,A9,480,146918889,1401215850,2937,8,7,6,5,4,0.02,11,0.948246510044263,False,
bellevue_150th_se38th,A5,481,2064697355,372087934,1664,8,7,6,5,3,0.0025,14,0.998798076923077,False,
bellevue_150th_se38th,A6,481,2064697355,372087934,1664,8,7,6,5,3,0.0025,14,0.998798076923077,False,
bellevue_150th_se38th,A7,481,2064697355,372087934,1664,8,7,6,1,1,0.005,1,1,False,
bellevue_150th_se38th,A9,481,2064697355,372087934,1664,8,7,6,5,3,0.0025,14,0.998798076923077,False,
bellevue_150th_se38th,A5,482,852242886,2113460011,1362,9,7,3,5,2,0.0025,10,1,False,
bellevue_150th_se38th,A6,482,852242886,2113460011,1362,9,7,3,5,2,0.0025,10,1,False,
bellevue_150th_se38th,A7,482,852242886,2113460011,1362,9,7,3,1,1,0.005,1,1,False,
bellevue_150th_se38th,A9,482,852242886,2113460011,1362,9,7,3,5,2,0.0025,10,1,False,
bellevue_150th_se38th,A5,483,530350295,1799468636,1572,6,7,4,5,3,0.01,10,0.994910941475827,False,
bellevue_150th_se38th,A6,483,530350295,1799468636,1572,6,7,4,5,3,0.01,10,0.994910941475827,False,
bellevue_150th_se38th,A7,483,530350295,1799468636,1572,6,7,4,1,2,0.005,2,1,False,
bellevue_150th_se38th,A9,483,530350295,1799468636,1572,6,7,4,5,3,0.01,10,0.994910941475827,False,
bellevue_150th_se38th,A5,484,671467832,1480097132,2479,8,7,4,5,2,0.005,9,1,False,
bellevue_150th_se38th,A6,484,671467832,1480097132,2479,8,7,4,5,2,0.005,9,1,False,
bellevue_150th_se38th,A7,484,671467832,1480097132,2479,8,7,4,1,2,0.005,2,1,False,
bellevue_150th_se38th,A9,484,671467832,1480097132,2479,8,7,4,5,2,0.005,9,1,False,
bellevue_150th_se38th,A5,485,1425821130,1771111355,631,7,7,3,4,2,0.001,8,1,False,
bellevue_150th_se38th,A6,485,1425821130,1771111355,631,7,7,3,4,2,0.001,8,1,False,
bellevue_150th_se38th,A7,485,1425821130,1771111355,631,7,7,3,1,1,0.005,1,1,False,
bellevue_150th_se38th,A9,485,1425821130,1771111355,631,7,7,3,4,2,0.001,8,1,False,
bellevue_150th_se38th,A5,486,223842235,992043711,2700,9,7,4,6,2,0.005,10,0.996296296296296,False,
bellevue_150th_se38th,A6,486,223842235,992043711,2700,9,7,4,6,2,0.005,10,0.996296296296296,False,
bellevue_150th_se38th,A7,486,223842235,992043711,2700,9,7,4,1,1,0.005,1,1,False,
bellevue_150th_se38th,A9,486,223842235,992043711,2700,9,7,4,6,2,0.005,10,0.996296296296296,False,
bellevue_150th_se38th,A5,487,260460165,454264611,1868,6,8,6,5,4,0.001,20,1,False,
bellevue_150th_se38th,A6,487,260460165,454264611,1868,6,8,6,5,4,0.001,20,1,False,
bellevue_150th_se38th,A7,487,260460165,454264611,1868,6,8,6,1,1,0.005,1,1,False,
bellevue_150th_se38th,A9,487,260460165,454264611,1868,6,8,6,5,4,0.001,20,1,False,
bellevue_150th_se38th,A5,488,967938678,1097856824,2244,11,7,4,4,2,0.005,7,0.998663101604278,False,
bellevue_150th_se38th,A6,488,967938678,1097856824,2244,11,7,4,4,2,0.005,7,0.998663101604278,False,
bellevue_150th_se38th,A7,488,967938678,1097856824,2244,11,7,4,1,1,0.005,1,1,False,
bellevue_150th_se38th,A9,488,967938678,1097856824,2244,11,7,4,4,2,0.005,7,0.998663101604278,False,
bellevue_150th_se38th,A5,489,552595580,390362128,2689,6,8,8,5,5,0.0025,22,0.998512458162886,False,
bellevue_150th_se38th,A6,489,552595580,390362128,2689,6,8,8,5,5,0.0025,22,0.998512458162886,False,
bellevue_150th_se38th,A7,489,552595580,390362128,2689,6,8,8,1,1,0.005,1,1,False,
bellevue_150th_se38th,A9,489,552595580,390362128,2689,6,8,8,5,5,0.0025,22,0.998512458162886,False,
bellevue_150th_se38th,A5,490,1772225207,1708933659,1645,8,7,8,5,4,0.005,16,0.987234042553191,False,
bellevue_150th_se38th,A6,490,1772225207,1708933659,1645,8,7,8,5,4,0.005,16,0.987234042553191,False,
bellevue_150th_se38th,A7,490,1772225207,1708933659,1645,8,7,8,1,1,0.005,1,1,False,
bellevue_150th_se38th,A9,490,1772225207,1708933659,1645,8,7,8,5,4,0.005,16,0.987234042553191,False,
bellevue_150th_se38th,A5,491,1438085638,467783903,2586,8,7,3,6,2,0.001,11,0.99922660479505,False,
bellevue_150th_se38th,A6,491,1438085638,467783903,2586,8,7,3,6,2,0.001,11,0.99922660479505,False,
bellevue_150th_se38th,A7,491,1438085638,467783903,2586,8,7,3,1,1,0.005,1,1,False,
bellevue_150th_se38th,A9,491,1438085638,467783903,2586,8,7,3,6,2,0.001,11,0.99922660479505,False,
bellevue_150th_se38th,A5,492,2118229841,1905381384,1576,10,7,3,5,2,0.005,10,1,False,
bellevue_150th_se38th,A6,492,2118229841,1905381384,1576,10,7,3,5,2,0.005,10,1,False,
bellevue_150th_se38th,A7,492,2118229841,1905381384,1576,10,7,3,1,1,0.005,1,1,False,
bellevue_150th_se38th,A9,492,2118229841,1905381384,1576,10,7,3,5,2,0.005,10,1,False,
bellevue_150th_se38th,A5,493,1626161826,1708431692,1620,6,7,5,5,4,0.001,14,0.999382716049383,False,
bellevue_150th_se38th,A6,493,1626161826,1708431692,1620,6,7,5,5,4,0.001,14,0.999382716049383,False,
bellevue_150th_se38th,A7,493,1626161826,1708431692,1620,6,7,5,1,2,0.005,2,1,False,
bellevue_150th_se38th,A9,493,1626161826,1708431692,1620,6,7,5,5,4,0.001,14,0.999382716049383,False,
bellevue_150th_se38th,A5,494,1302468330,2030495276,2153,7,7,6,6,3,0.0025,15,0.997213190896424,False,
bellevue_150th_se38th,A6,494,1302468330,2030495276,2153,7,7,6,6,3,0.0025,15,0.997213190896424,False,
bellevue_150th_se38th,A7,494,1302468330,2030495276,2153,7,7,6,1,1,0.005,1,1,False,
bellevue_150th_se38th,A9,494,1302468330,2030495276,2153,7,7,6,6,3,0.0025,15,0.997213190896424,False,
bellevue_150th_se38th,A5,495,112712688,652527144,1351,7,7,6,6,4,0.001,24,1,False,
bellevue_150th_se38th,A6,495,112712688,652527144,1351,7,7,6,6,4,0.001,24,1,False,
bellevue_150th_se38th,A7,495,112712688,652527144,1351,7,7,6,1,1,0.005,1,1,False,
bellevue_150th_se38th,A9,495,112712688,652527144,1351,7,7,6,6,4,0.001,24,1,False,
bellevue_150th_se38th,A5,496,1758027551,1535914975,2090,9,7,6,5,3,0.02,10,0.980861244019139,False,
bellevue_150th_se38th,A6,496,1758027551,1535914975,2090,9,7,6,5,3,0.02,10,0.980861244019139,False,
bellevue_150th_se38th,A7,496,1758027551,1535914975,2090,9,7,6,1,1,0.005,1,1,False,
bellevue_150th_se38th,A9,496,1758027551,1535914975,2090,9,7,6,5,3,0.02,10,0.980861244019139,False,
bellevue_150th_se38th,A5,497,24872382,1863842224,2775,7,7,6,5,3,0.001,15,1,False,
bellevue_150th_se38th,A6,497,24872382,1863842224,2775,7,7,6,5,3,0.001,15,1,False,
bellevue_150th_se38th,A7,497,24872382,1863842224,2775,7,7,6,1,1,0.005,1,1,False,
bellevue_150th_se38th,A9,497,24872382,1863842224,2775,7,7,6,5,3,0.001,15,1,False,
bellevue_150th_se38th,A5,498,51163365,567732006,3136,7,7,3,5,2,0.005,9,1,False,
bellevue_150th_se38th,A6,498,51163365,567732006,3136,7,7,3,5,2,0.005,9,1,False,
bellevue_150th_se38th,A7,498,51163365,567732006,3136,7,7,3,1,1,0.005,1,1,False,
bellevue_150th_se38th,A9,498,51163365,567732006,3136,7,7,3,5,2,0.005,9,1,False,
bellevue_150th_se38th,A5,499,1469135251,1613381011,2984,5,7,4,6,2,0.01,10,0.994302949061662,False,
bellevue_150th_se38th,A6,499,1469135251,1613381011,2984,5,7,4,6,2,0.01,10,0.994302949061662,False,
bellevue_150th_se38th,A7,499,1469135251,1613381011,2984,5,7,4,1,1,0.005,1,1,False,
bellevue_150th_se38th,A9,499,1469135251,1613381011,2984,5,7,4,6,2,0.01,10,0.994302949061662,False,
bellevue_ne8th,A5,0,1750084928,1119503667,5780,8,4,4,4,4,0.02,8,0.988927335640138,False,
bellevue_ne8th,A6,0,1750084928,1119503667,5780,8,4,4,4,4,0.02,8,0.988927335640138,False,
bellevue_ne8th,A7,0,1750084928,1119503667,5780,8,4,4,1,3,0.005,3,1,False,
bellevue_ne8th,A9,0,1750084928,1119503667,5780,8,4,4,4,4,0.02,8,0.988927335640138,False,
bellevue_ne8th,A5,1,126323649,153416150,6833,8,4,4,4,4,0.001,10,1,False,
bellevue_ne8th,A6,1,126323649,153416150,6833,8,4,4,4,4,0.001,10,1,False,
bellevue_ne8th,A7,1,126323649,153416150,6833,8,4,4,2,3,0.005,5,1,False,
bellevue_ne8th,A9,1,126323649,153416150,6833,8,4,4,4,4,0.001,10,1,False,
bellevue_ne8th,A5,2,704730824,276395087,5443,8,4,4,4,4,0.005,9,0.997611611243799,False,
bellevue_ne8th,A6,2,704730824,276395087,5443,8,4,4,4,4,0.005,9,0.997611611243799,False,
bellevue_ne8th,A7,2,704730824,276395087,5443,8,4,4,1,3,0.005,3,1,False,
bellevue_ne8th,A9,2,704730824,276395087,5443,8,4,4,4,4,0.005,9,0.997611611243799,False,
bellevue_ne8th,A5,3,1832952459,49578742,7556,8,4,4,4,4,0.005,9,0.997353096876654,False,
bellevue_ne8th,A6,3,1832952459,49578742,7556,8,4,4,4,4,0.005,9,0.997353096876654,False,
bellevue_ne8th,A7,3,1832952459,49578742,7556,8,4,4,1,3,0.005,3,1,False,
bellevue_ne8th,A9,3,1832952459,49578742,7556,8,4,4,4,4,0.005,9,0.997353096876654,False,
bellevue_ne8th,A5,4,28530843,1424457326,6438,8,4,4,4,4,0.005,9,0.99798073936005,False,
bellevue_ne8th,A6,4,28530843,1424457326,6438,8,4,4,4,4,0.005,9,0.99798073936005,False,
bellevue_ne8th,A7,4,28530843,1424457326,6438,8,4,4,1,3,0.005,3,1,False,
bellevue_ne8th,A9,4,28530843,1424457326,6438,8,4,4,4,4,0.005,9,0.99798073936005,False,
bellevue_ne8th,A5,5,835297407,1233912283,6978,6,4,4,4,4,0.005,9,0.998996847234164,False,
bellevue_ne8th,A6,5,835297407,1233912283,6978,6,4,4,4,4,0.005,9,0.998996847234164,False,
bellevue_ne8th,A7,5,835297407,1233912283,6978,6,4,4,1,3,0.005,3,1,False,
bellevue_ne8th,A9,5,835297407,1233912283,6978,6,4,4,4,4,0.005,9,0.998996847234164,False,
bellevue_ne8th,A5,6,585424207,1674529899,4126,9,4,4,4,4,0.005,9,0.998061076102763,False,
bellevue_ne8th,A6,6,585424207,1674529899,4126,9,4,4,4,4,0.005,9,0.998061076102763,False,
bellevue_ne8th,A7,6,585424207,1674529899,4126,9,4,4,1,3,0.005,3,1,False,
bellevue_ne8th,A9,6,585424207,1674529899,4126,9,4,4,4,4,0.005,9,0.998061076102763,False,
bellevue_ne8th,A5,7,1389059558,1994939520,3621,7,4,4,4,4,0.005,9,0.997514498757249,False,
bellevue_ne8th,A6,7,1389059558,1994939520,3621,7,4,4,4,4,0.005,9,0.997514498757249,False,
bellevue_ne8th,A7,7,1389059558,1994939520,3621,7,4,4,1,2,0.005,2,1,False,
bellevue_ne8th,A9,7,1389059558,1994939520,3621,7,4,4,4,4,0.005,9,0.997514498757249,False,
bellevue_ne8th,A5,8,1289006769,554768106,3983,7,4,4,4,4,0.001,10,1,False,
bellevue_ne8th,A6,8,1289006769,554768106,3983,7,4,4,4,4,0.001,10,1,False,
bellevue_ne8th,A7,8,1289006769,554768106,3983,7,4,4,2,2,0.0025,4,1,False,
bellevue_ne8th,A9,8,1289006769,554768106,3983,7,4,4,4,4,0.001,10,1,False,
bellevue_ne8th,A5,9,713818594,384063863,4385,8,4,4,4,4,0.001,10,1,False,
bellevue_ne8th,A6,9,713818594,384063863,4385,8,4,4,4,4,0.001,10,1,False,
bellevue_ne8th,A7,9,713818594,384063863,4385,8,4,4,1,3,0.005,3,1,False,
bellevue_ne8th,A9,9,713818594,384063863,4385,8,4,4,4,4,0.001,10,1,False,
bellevue_ne8th,A5,10,1591243580,1227672255,6578,9,4,4,4,4,0.005,9,0.99802371541502,False,
bellevue_ne8th,A6,10,1591243580,1227672255,6578,9,4,4,4,4,0.005,9,0.99802371541502,False,
bellevue_ne8th,A7,10,1591243580,1227672255,6578,9,4,4,1,3,0.005,3,1,False,
bellevue_ne8th,A9,10,1591243580,1227672255,6578,9,4,4,4,4,0.005,9,0.99802371541502,False,
bellevue_ne8th,A5,11,299312904,1911902490,5937,10,4,4,4,4,0.001,10,1,False,
bellevue_ne8th,A6,11,299312904,1911902490,5937,10,4,4,4,4,0.001,10,1,False,
bellevue_ne8th,A7,11,299312904,1911902490,5937,10,4,4,1,3,0.005,3,1,False,
bellevue_ne8th,A9,11,299312904,1911902490,5937,10,4,4,4,4,0.001,10,1,False,
bellevue_ne8th,A5,12,262437639,914250159,3883,9,4,4,4,4,0.001,10,0.999742467164563,False,
bellevue_ne8th,A6,12,262437639,914250159,3883,9,4,4,4,4,0.001,10,0.999742467164563,False,
bellevue_ne8th,A7,12,262437639,914250159,3883,9,4,4,1,3,0.005,3,1,False,
bellevue_ne8th,A9,12,262437639,914250159,3883,9,4,4,4,4,0.001,10,0.999742467164563,False,
bellevue_ne8th,A5,13,1102224883,162707109,4594,10,4,4,4,4,0.001,10,1,False,
bellevue_ne8th,A6,13,1102224883,162707109,4594,10,4,4,4,4,0.001,10,1,False,
bellevue_ne8th,A7,13,1102224883,162707109,4594,10,4,4,1,3,0.005,3,1,False,
bellevue_ne8th,A9,13,1102224883,162707109,4594,10,4,4,4,4,0.001,10,1,False,
bellevue_ne8th,A5,14,1722084777,1156492817,6704,8,4,4,4,4,0.001,10,0.999850835322196,False,
bellevue_ne8th,A6,14,1722084777,1156492817,6704,8,4,4,4,4,0.001,10,0.999850835322196,False,
bellevue_ne8th,A7,14,1722084777,1156492817,6704,8,4,4,1,3,0.005,3,1,False,
bellevue_ne8th,A9,14,1722084777,1156492817,6704,8,4,4,4,4,0.001,10,0.999850835322196,False,
bellevue_ne8th,A5,15,2047535290,1175844273,5321,8,4,4,4,4,0.001,10,1,False,
bellevue_ne8th,A6,15,2047535290,1175844273,5321,8,4,4,4,4,0.001,10,1,False,
bellevue_ne8th,A7,15,2047535290,1175844273,5321,8,4,4,2,3,0.0025,5,1,False,
bellevue_ne8th,A9,15,2047535290,1175844273,5321,8,4,4,4,4,0.001,10,1,False,
bellevue_ne8th,A5,16,1302093608,1437376945,4680,9,4,4,4,4,0.005,9,0.998076923076923,False,
bellevue_ne8th,A6,16,1302093608,1437376945,4680,9,4,4,4,4,0.005,9,0.998076923076923,False,
bellevue_ne8th,A7,16,1302093608,1437376945,4680,9,4,4,1,3,0.005,3,1,False,
bellevue_ne8th,A9,16,1302093608,1437376945,4680,9,4,4,4,4,0.005,9,0.998076923076923,False,
bellevue_ne8th,A5,17,1096592165,1068661722,7407,8,4,4,4,4,0.005,9,0.997974888618874,False,
bellevue_ne8th,A6,17,1096592165,1068661722,7407,8,4,4,4,4,0.005,9,0.997974888618874,False,
bellevue_ne8th,A7,17,1096592165,1068661722,7407,8,4,4,1,3,0.005,3,1,False,
bellevue_ne8th,A9,17,1096592165,1068661722,7407,8,4,4,4,4,0.005,9,0.997974888618874,False,
bellevue_ne8th,A5,18,358698892,501267804,5586,9,4,4,4,4,0.001,10,0.999283924095954,False,
bellevue_ne8th,A6,18,358698892,501267804,5586,9,4,4,4,4,0.001,10,0.999283924095954,False,
bellevue_ne8th,A7,18,358698892,501267804,5586,9,4,4,1,3,0.005,3,1,False,
bellevue_ne8th,A9,18,358698892,501267804,5586,9,4,4,4,4,0.001,10,0.999283924095954,False,
bellevue_ne8th,A5,19,326500326,48123535,6388,10,4,4,4,4,0.005,9,0.99812147777082,False,
bellevue_ne8th,A6,19,326500326,48123535,6388,10,4,4,4,4,0.005,9,0.99812147777082,False,
bellevue_ne8th,A7,19,326500326,48123535,6388,10,4,4,1,3,0.005,3,1,False,
bellevue_ne8th,A9,19,326500326,48123535,6388,10,4,4,4,4,0.005,9,0.99812147777082,False,
bellevue_ne8th,A5,20,2013504852,24058264,2974,7,4,4,4,4,0.005,9,0.998991257565568,False,
bellevue_ne8th,A6,20,2013504852,24058264,2974,7,4,4,4,4,0.005,9,0.998991257565568,False,
bellevue_ne8th,A7,20,2013504852,24058264,2974,7,4,4,2,2,0.005,4,1,False,
bellevue_ne8th,A9,20,2013504852,24058264,2974,7,4,4,4,4,0.005,9,0.998991257565568,False,
bellevue_ne8th,A5,21,962071908,77889893,4840,10,4,4,4,4,0.005,9,0.997933884297521,False,
bellevue_ne8th,A6,21,962071908,77889893,4840,10,4,4,4,4,0.005,9,0.997933884297521,False,
bellevue_ne8th,A7,21,962071908,77889893,4840,10,4,4,1,3,0.005,3,1,False,
bellevue_ne8th,A9,21,962071908,77889893,4840,10,4,4,4,4,0.005,9,0.997933884297521,False,
bellevue_ne8th,A5,22,1648602504,436876979,5356,8,4,4,4,4,0.02,8,0.991411501120239,False,
bellevue_ne8th,A6,22,1648602504,436876979,5356,8,4,4,4,4,0.02,8,0.991411501120239,False,
bellevue_ne8th,A7,22,1648602504,436876979,5356,8,4,4,1,3,0.005,3,1,False,
bellevue_ne8th,A9,22,1648602504,436876979,5356,8,4,4,4,4,0.02,8,0.991411501120239,False,
bellevue_ne8th,A5,23,1324605262,1890210583,4682,8,4,4,4,4,0.001,10,1,False,
bellevue_ne8th,A6,23,1324605262,1890210583,4682,8,4,4,4,4,0.001,10,1,False,
bellevue_ne8th,A7,23,1324605262,1890210583,4682,8,4,4,2,3,0.005,5,1,False,
bellevue_ne8th,A9,23,1324605262,1890210583,4682,8,4,4,4,4,0.001,10,1,False,
bellevue_ne8th,A5,24,1369627657,1203028233,5165,10,4,4,4,4,0.001,10,1,False,
bellevue_ne8th,A6,24,1369627657,1203028233,5165,10,4,4,4,4,0.001,10,1,False,
bellevue_ne8th,A7,24,1369627657,1203028233,5165,10,4,4,1,3,0.005,3,1,False,
bellevue_ne8th,A9,24,1369627657,1203028233,5165,10,4,4,4,4,0.001,10,1,False,
bellevue_ne8th,A5,25,1404426681,691342245,4883,6,4,4,4,4,0.001,10,1,False,
bellevue_ne8th,A6,25,1404426681,691342245,4883,6,4,4,4,4,0.001,10,1,False,
bellevue_ne8th,A7,25,1404426681,691342245,4883,6,4,4,1,3,0.005,3,1,False,
bellevue_ne8th,A9,25,1404426681,691342245,4883,6,4,4,4,4,0.001,10,1,False,
bellevue_ne8th,A5,26,428844263,1304601817,5867,9,4,4,4,4,0.001,10,1,False,
bellevue_ne8th,A6,26,428844263,1304601817,5867,9,4,4,4,4,0.001,10,1,False,
bellevue_ne8th,A7,26,428844263,1304601817,5867,9,4,4,1,3,0.005,3,1,False,
bellevue_ne8th,A9,26,428844263,1304601817,5867,9,4,4,4,4,0.001,10,1,False,
bellevue_ne8th,A5,27,1127454014,1524826174,4928,8,4,4,4,4,0.005,9,0.99898538961039,False,
bellevue_ne8th,A6,27,1127454014,1524826174,4928,8,4,4,4,4,0.005,9,0.99898538961039,False,
bellevue_ne8th,A7,27,1127454014,1524826174,4928,8,4,4,2,3,0.0025,5,1,False,
bellevue_ne8th,A9,27,1127454014,1524826174,4928,8,4,4,4,4,0.005,9,0.99898538961039,False,
bellevue_ne8th,A5,28,493045459,887998300,7138,8,4,4,4,4,0.005,9,0.997758475763519,False,
bellevue_ne8th,A6,28,493045459,887998300,7138,8,4,4,4,4,0.005,9,0.997758475763519,False,
bellevue_ne8th,A7,28,493045459,887998300,7138,8,4,4,1,3,0.005,3,1,False,
bellevue_ne8th,A9,28,493045459,887998300,7138,8,4,4,4,4,0.005,9,0.997758475763519,False,
bellevue_ne8th,A5,29,18843086,322700464,3920,9,4,4,4,4,0.001,10,1,False,
bellevue_ne8th,A6,29,18843086,322700464,3920,9,4,4,4,4,0.001,10,1,False,
bellevue_ne8th,A7,29,18843086,322700464,3920,9,4,4,2,3,0.005,5,1,False,
bellevue_ne8th,A9,29,18843086,322700464,3920,9,4,4,4,4,0.001,10,1,False,
bellevue_ne8th,A5,30,1199629156,2021460628,6570,8,4,4,4,4,0.005,9,0.997716894977169,False,
bellevue_ne8th,A6,30,1199629156,2021460628,6570,8,4,4,4,4,0.005,9,0.997716894977169,False,
bellevue_ne8th,A7,30,1199629156,2021460628,6570,8,4,4,1,3,0.005,3,1,False,
bellevue_ne8th,A9,30,1199629156,2021460628,6570,8,4,4,4,4,0.005,9,0.997716894977169,False,
bellevue_ne8th,A5,31,1702598092,1943934214,7652,11,4,4,4,4,0.005,9,0.99803972817564,False,
bellevue_ne8th,A6,31,1702598092,1943934214,7652,11,4,4,4,4,0.005,9,0.99803972817564,False,
bellevue_ne8th,A7,31,1702598092,1943934214,7652,11,4,4,1,3,0.005,3,1,False,
bellevue_ne8th,A9,31,1702598092,1943934214,7652,11,4,4,4,4,0.005,9,0.99803972817564,False,
bellevue_ne8th,A5,32,109524014,369345405,6011,8,4,4,4,4,0.001,10,1,False,
bellevue_ne8th,A6,32,109524014,369345405,6011,8,4,4,4,4,0.001,10,1,False,
bellevue_ne8th,A7,32,109524014,369345405,6011,8,4,4,1,3,0.005,3,1,False,
bellevue_ne8th,A9,32,109524014,369345405,6011,8,4,4,4,4,0.001,10,1,False,
bellevue_ne8th,A5,33,368023847,1432288040,4477,10,4,4,4,4,0.005,9,0.997766361402725,False,
bellevue_ne8th,A6,33,368023847,1432288040,4477,10,4,4,4,4,0.005,9,0.997766361402725,False,
bellevue_ne8th,A7,33,368023847,1432288040,4477,10,4,4,2,3,0.005,5,1,False,
bellevue_ne8th,A9,33,368023847,1432288040,4477,10,4,4,4,4,0.005,9,0.997766361402725,False,
bellevue_ne8th,A5,34,859982655,1157067545,8272,7,4,4,4,4,0.001,10,1,False,
bellevue_ne8th,A6,34,859982655,1157067545,8272,7,4,4,4,4,0.001,10,1,False,
bellevue_ne8th,A7,34,859982655,1157067545,8272,7,4,4,2,3,0.005,5,1,False,
bellevue_ne8th,A9,34,859982655,1157067545,8272,7,4,4,4,4,0.001,10,1,False,
bellevue_ne8th,A5,35,465853015,1153117751,8988,9,4,4,4,4,0.005,9,0.997997329773031,False,
bellevue_ne8th,A6,35,465853015,1153117751,8988,9,4,4,4,4,0.005,9,0.997997329773031,False,
bellevue_ne8th,A7,35,465853015,1153117751,8988,9,4,4,1,3,0.005,3,1,False,
bellevue_ne8th,A9,35,465853015,1153117751,8988,9,4,4,4,4,0.005,9,0.997997329773031,False,
bellevue_ne8th,A5,36,1507002562,1730716603,6963,9,4,4,4,4,0.005,9,0.997414907367514,False,
bellevue_ne8th,A6,36,1507002562,1730716603,6963,9,4,4,4,4,0.005,9,0.997414907367514,False,
bellevue_ne8th,A7,36,1507002562,1730716603,6963,9,4,4,1,3,0.005,3,1,False,
bellevue_ne8th,A9,36,1507002562,1730716603,6963,9,4,4,4,4,0.005,9,0.997414907367514,False,
bellevue_ne8th,A5,37,25527704,895319370,7276,10,4,4,4,4,0.005,9,0.998213304013194,False,
bellevue_ne8th,A6,37,25527704,895319370,7276,10,4,4,4,4,0.005,9,0.998213304013194,False,
bellevue_ne8th,A7,37,25527704,895319370,7276,10,4,4,1,3,0.005,3,1,False,
bellevue_ne8th,A9,37,25527704,895319370,7276,10,4,4,4,4,0.005,9,0.998213304013194,False,
bellevue_ne8th,A5,38,134432802,1612646561,5433,6,4,4,4,4,0.005,9,0.998527517025584,False,
bellevue_ne8th,A6,38,134432802,1612646561,5433,6,4,4,4,4,0.005,9,0.998527517025584,False,
bellevue_ne8th,A7,38,134432802,1612646561,5433,6,4,4,2,3,0.0025,5,1,False,
bellevue_ne8th,A9,38,134432802,1612646561,5433,6,4,4,4,4,0.005,9,0.998527517025584,False,
bellevue_ne8th,A5,39,1122306921,520774744,3864,8,4,4,4,4,0.001,10,0.999741200828157,False,
bellevue_ne8th,A6,39,1122306921,520774744,3864,8,4,4,4,4,0.001,10,0.999741200828157,False,
bellevue_ne8th,A7,39,1122306921,520774744,3864,8,4,4,2,3,0.0025,5,1,False,
bellevue_ne8th,A9,39,1122306921,520774744,3864,8,4,4,4,4,0.001,10,0.999741200828157,False,
bellevue_ne8th,A5,40,892636178,72559085,3895,8,4,4,4,4,0.005,9,0.997175866495507,False,
bellevue_ne8th,A6,40,892636178,72559085,3895,8,4,4,4,4,0.005,9,0.997175866495507,False,
bellevue_ne8th,A7,40,892636178,72559085,3895,8,4,4,2,3,0.0025,5,1,False,
bellevue_ne8th,A9,40,892636178,72559085,3895,8,4,4,4,4,0.005,9,0.997175866495507,False,
bellevue_ne8th,A5,41,1491210619,1132857068,4643,8,4,4,4,4,0.001,10,1,False,
bellevue_ne8th,A6,41,1491210619,1132857068,4643,8,4,4,4,4,0.001,10,1,False,
bellevue_ne8th,A7,41,1491210619,1132857068,4643,8,4,4,1,3,0.005,3,1,False,
bellevue_ne8th,A9,41,1491210619,1132857068,4643,8,4,4,4,4,0.001,10,1,False,
bellevue_ne8th,A5,42,1268609038,1081508267,6106,8,4,4,4,4,0.005,9,0.998198493285293,False,
bellevue_ne8th,A6,42,1268609038,1081508267,6106,8,4,4,4,4,0.005,9,0.998198493285293,False,
bellevue_ne8th,A7,42,1268609038,1081508267,6106,8,4,4,1,3,0.005,3,1,False,
bellevue_ne8th,A9,42,1268609038,1081508267,6106,8,4,4,4,4,0.005,9,0.998198493285293,False,
bellevue_ne8th,A5,43,1667218172,674947529,6229,9,4,4,4,4,0.005,9,0.998234066463317,False,
bellevue_ne8th,A6,43,1667218172,674947529,6229,9,4,4,4,4,0.005,9,0.998234066463317,False,
bellevue_ne8th,A7,43,1667218172,674947529,6229,9,4,4,2,3,0.005,5,1,False,
bellevue_ne8th,A9,43,1667218172,674947529,6229,9,4,4,4,4,0.005,9,0.998234066463317,False,
bellevue_ne8th,A5,44,1915889028,1296689469,3938,10,4,4,4,4,0.001,10,1,False,
bellevue_ne8th,A6,44,1915889028,1296689469,3938,10,4,4,4,4,0.001,10,1,False,
bellevue_ne8th,A7,44,1915889028,1296689469,3938,10,4,4,2,3,0.0025,5,1,False,
bellevue_ne8th,A9,44,1915889028,1296689469,3938,10,4,4,4,4,0.001,10,1,False,
bellevue_ne8th,A5,45,1328521380,515317733,5527,10,4,4,4,4,0.005,9,0.998009770218925,False,
bellevue_ne8th,A6,45,1328521380,515317733,5527,10,4,4,4,4,0.005,9,0.998009770218925,False,
bellevue_ne8th,A7,45,1328521380,515317733,5527,10,4,4,2,3,0.005,5,1,False,
bellevue_ne8th,A9,45,1328521380,515317733,5527,10,4,4,4,4,0.005,9,0.998009770218925,False,
bellevue_ne8th,A5,46,533337319,1732988409,6116,8,4,4,4,4,0.005,9,0.997710922171354,False,
bellevue_ne8th,A6,46,533337319,1732988409,6116,8,4,4,4,4,0.005,9,0.997710922171354,False,
bellevue_ne8th,A7,46,533337319,1732988409,6116,8,4,4,1,3,0.005,3,1,False,
bellevue_ne8th,A9,46,533337319,1732988409,6116,8,4,4,4,4,0.005,9,0.997710922171354,False,
bellevue_ne8th,A5,47,1918413190,235683423,4169,8,4,4,4,4,0.02,7,0.982249940033581,False,
bellevue_ne8th,A6,47,1918413190,235683423,4169,8,4,4,4,4,0.02,7,0.982249940033581,False,
bellevue_ne8th,A7,47,1918413190,235683423,4169,8,4,4,2,3,0.0025,5,1,False,
bellevue_ne8th,A9,47,1918413190,235683423,4169,8,4,4,4,4,0.02,7,0.982249940033581,False,
bellevue_ne8th,A5,48,59817321,929339314,6629,10,4,4,4,4,0.001,10,1,False,
bellevue_ne8th,A6,48,59817321,929339314,6629,10,4,4,4,4,0.001,10,1,False,
bellevue_ne8th,A7,48,59817321,929339314,6629,10,4,4,1,3,0.005,3,1,False,
bellevue_ne8th,A9,48,59817321,929339314,6629,10,4,4,4,4,0.001,10,1,False,
bellevue_ne8th,A5,49,2057488030,646809982,5035,9,4,4,4,4,0.005,9,0.997815292949355,False,
bellevue_ne8th,A6,49,2057488030,646809982,5035,9,4,4,4,4,0.005,9,0.997815292949355,False,
bellevue_ne8th,A7,49,2057488030,646809982,5035,9,4,4,2,3,0.005,5,1,False,
bellevue_ne8th,A9,49,2057488030,646809982,5035,9,4,4,4,4,0.005,9,0.997815292949355,False,
bellevue_ne8th,A5,50,2143410037,108540909,7511,9,4,4,4,4,0.005,9,0.998402343229929,False,
bellevue_ne8th,A6,50,2143410037,108540909,7511,9,4,4,4,4,0.005,9,0.998402343229929,False,
bellevue_ne8th,A7,50,2143410037,108540909,7511,9,4,4,1,3,0.005,3,1,False,
bellevue_ne8th,A9,50,2143410037,108540909,7511,9,4,4,4,4,0.005,9,0.998402343229929,False,
bellevue_ne8th,A5,51,285025562,1953846487,3345,8,4,4,4,4,0.005,9,0.997907324364724,False,
bellevue_ne8th,A6,51,285025562,1953846487,3345,8,4,4,4,4,0.005,9,0.997907324364724,False,
bellevue_ne8th,A7,51,285025562,1953846487,3345,8,4,4,1,3,0.005,3,1,False,
bellevue_ne8th,A9,51,285025562,1953846487,3345,8,4,4,4,4,0.005,9,0.997907324364724,False,
bellevue_ne8th,A5,52,293579007,1351814934,6243,9,4,4,4,4,0.005,9,0.998558385391639,False,
bellevue_ne8th,A6,52,293579007,1351814934,6243,9,4,4,4,4,0.005,9,0.998558385391639,False,
bellevue_ne8th,A7,52,293579007,1351814934,6243,9,4,4,1,3,0.005,3,1,False,
bellevue_ne8th,A9,52,293579007,1351814934,6243,9,4,4,4,4,0.005,9,0.998558385391639,False,
bellevue_ne8th,A5,53,1256875315,156812925,6792,8,4,4,4,4,0.001,10,1,False,
bellevue_ne8th,A6,53,1256875315,156812925,6792,8,4,4,4,4,0.001,10,1,False,
bellevue_ne8th,A7,53,1256875315,156812925,6792,8,4,4,1,3,0.005,3,1,False,
bellevue_ne8th,A9,53,1256875315,156812925,6792,8,4,4,4,4,0.001,10,1,False,
bellevue_ne8th,A5,54,590670951,205265571,6645,10,4,4,4,4,0.001,10,1,False,
bellevue_ne8th,A6,54,590670951,205265571,6645,10,4,4,4,4,0.001,10,1,False,
bellevue_ne8th,A7,54,590670951,205265571,6645,10,4,4,1,3,0.005,3,1,False,
bellevue_ne8th,A9,54,590670951,205265571,6645,10,4,4,4,4,0.001,10,1,False,
bellevue_ne8th,A5,55,1641961740,266534523,4192,9,4,4,4,4,0.001,10,1,False,
bellevue_ne8th,A6,55,1641961740,266534523,4192,9,4,4,4,4,0.001,10,1,False,
bellevue_ne8th,A7,55,1641961740,266534523,4192,9,4,4,2,3,0.0025,5,1,False,
bellevue_ne8th,A9,55,1641961740,266534523,4192,9,4,4,4,4,0.001,10,1,False,
bellevue_ne8th,A5,56,215090612,2040548431,6256,8,4,4,4,4,0.005,9,0.99824168797954,False,
bellevue_ne8th,A6,56,215090612,2040548431,6256,8,4,4,4,4,0.005,9,0.99824168797954,False,
bellevue_ne8th,A7,56,215090612,2040548431,6256,8,4,4,1,3,0.005,3,1,False,
bellevue_ne8th,A9,56,215090612,2040548431,6256,8,4,4,4,4,0.005,9,0.99824168797954,False,
bellevue_ne8th,A5,57,796689315,1044304149,6145,8,4,4,4,4,0.005,9,0.999023596419853,False,
bellevue_ne8th,A6,57,796689315,1044304149,6145,8,4,4,4,4,0.005,9,0.999023596419853,False,
bellevue_ne8th,A7,57,796689315,1044304149,6145,8,4,4,2,3,0.005,5,1,False,
bellevue_ne8th,A9,57,796689315,1044304149,6145,8,4,4,4,4,0.005,9,0.999023596419853,False,
bellevue_ne8th,A5,58,516883522,9588293,5876,9,4,4,4,4,0.005,9,0.997787610619469,False,
bellevue_ne8th,A6,58,516883522,9588293,5876,9,4,4,4,4,0.005,9,0.997787610619469,False,
bellevue_ne8th,A7,58,516883522,9588293,5876,9,4,4,2,3,0.005,5,1,False,
bellevue_ne8th,A9,58,516883522,9588293,5876,9,4,4,4,4,0.005,9,0.997787610619469,False,
bellevue_ne8th,A5,59,1525486271,882453566,7057,7,4,4,4,4,0.005,9,0.998157857446507,False,
bellevue_ne8th,A6,59,1525486271,882453566,7057,7,4,4,4,4,0.005,9,0.998157857446507,False,
bellevue_ne8th,A7,59,1525486271,882453566,7057,7,4,4,2,3,0.0025,5,1,False,
bellevue_ne8th,A9,59,1525486271,882453566,7057,7,4,4,4,4,0.005,9,0.998157857446507,False,
bellevue_ne8th,A5,60,651357664,1376036354,6927,9,4,4,4,4,0.001,10,1,False,
bellevue_ne8th,A6,60,651357664,1376036354,6927,9,4,4,4,4,0.001,10,1,False,
bellevue_ne8th,A7,60,651357664,1376036354,6927,9,4,4,1,3,0.005,3,1,False,
bellevue_ne8th,A9,60,651357664,1376036354,6927,9,4,4,4,4,0.001,10,1,False,
bellevue_ne8th,A5,61,1397126804,1334478787,5161,8,4,4,4,4,0.0025,9,0.999031195504747,False,
bellevue_ne8th,A6,61,1397126804,1334478787,5161,8,4,4,4,4,0.0025,9,0.999031195504747,False,
bellevue_ne8th,A7,61,1397126804,1334478787,5161,8,4,4,2,3,0.0025,5,1,False,
bellevue_ne8th,A9,61,1397126804,1334478787,5161,8,4,4,4,4,0.0025,9,0.999031195504747,False,
bellevue_ne8th,A5,62,864756147,67725854,5406,11,4,4,4,4,0.001,10,1,False,
bellevue_ne8th,A6,62,864756147,67725854,5406,11,4,4,4,4,0.001,10,1,False,
bellevue_ne8th,A7,62,864756147,67725854,5406,11,4,4,1,3,0.005,3,1,False,
bellevue_ne8th,A9,62,864756147,67725854,5406,11,4,4,4,4,0.001,10,1,False,
bellevue_ne8th,A5,63,36459414,565887648,5528,10,4,4,4,4,0.005,9,0.997829232995659,False,
bellevue_ne8th,A6,63,36459414,565887648,5528,10,4,4,4,4,0.005,9,0.997829232995659,False,
bellevue_ne8th,A7,63,36459414,565887648,5528,10,4,4,2,3,0.005,5,1,False,
bellevue_ne8th,A9,63,36459414,565887648,5528,10,4,4,4,4,0.005,9,0.997829232995659,False,
bellevue_ne8th,A5,64,755804387,1565061024,6877,9,4,4,4,4,0.005,9,0.997527991856914,False,
bellevue_ne8th,A6,64,755804387,1565061024,6877,9,4,4,4,4,0.005,9,0.997527991856914,False,
bellevue_ne8th,A7,64,755804387,1565061024,6877,9,4,4,1,3,0.005,3,1,False,
bellevue_ne8th,A9,64,755804387,1565061024,6877,9,4,4,4,4,0.005,9,0.997527991856914,False,
bellevue_ne8th,A5,65,90246719,1889446902,5952,9,4,4,4,4,0.005,9,0.998319892473118,False,
bellevue_ne8th,A6,65,90246719,1889446902,5952,9,4,4,4,4,0.005,9,0.998319892473118,False,
bellevue_ne8th,A7,65,90246719,1889446902,5952,9,4,4,2,3,0.0025,5,1,False,
bellevue_ne8th,A9,65,90246719,1889446902,5952,9,4,4,4,4,0.005,9,0.998319892473118,False,
bellevue_ne8th,A5,66,1270212103,715466891,5327,8,4,4,4,4,0.005,9,0.998310493711282,False,
bellevue_ne8th,A6,66,1270212103,715466891,5327,8,4,4,4,4,0.005,9,0.998310493711282,False,
bellevue_ne8th,A7,66,1270212103,715466891,5327,8,4,4,2,3,0.005,5,1,False,
bellevue_ne8th,A9,66,1270212103,715466891,5327,8,4,4,4,4,0.005,9,0.998310493711282,False,
bellevue_ne8th,A5,67,2109349332,1591877084,7170,7,4,4,4,4,0.001,10,1,False,
bellevue_ne8th,A6,67,2109349332,1591877084,7170,7,4,4,4,4,0.001,10,1,False,
bellevue_ne8th,A7,67,2109349332,1591877084,7170,7,4,4,1,3,0.005,3,1,False,
bellevue_ne8th,A9,67,2109349332,1591877084,7170,7,4,4,4,4,0.001,10,1,False,
bellevue_ne8th,A5,68,1756273676,375084979,6002,6,4,4,4,4,0.005,9,0.997667444185272,False,
bellevue_ne8th,A6,68,1756273676,375084979,6002,6,4,4,4,4,0.005,9,0.997667444185272,False,
bellevue_ne8th,A7,68,1756273676,375084979,6002,6,4,4,2,3,0.0025,5,1,False,
bellevue_ne8th,A9,68,1756273676,375084979,6002,6,4,4,4,4,0.005,9,0.997667444185272,False,
bellevue_ne8th,A5,69,234754798,285064626,4012,8,4,4,4,4,0.001,10,1,False,
bellevue_ne8th,A6,69,234754798,285064626,4012,8,4,4,4,4,0.001,10,1,False,
bellevue_ne8th,A7,69,234754798,285064626,4012,8,4,4,2,3,0.0025,5,1,False,
bellevue_ne8th,A9,69,234754798,285064626,4012,8,4,4,4,4,0.001,10,1,False,
bellevue_ne8th,A5,70,1925712328,607324030,2808,7,4,4,4,4,0.005,9,0.998219373219373,False,
bellevue_ne8th,A6,70,1925712328,607324030,2808,7,4,4,4,4,0.005,9,0.998219373219373,False,
bellevue_ne8th,A7,70,1925712328,607324030,2808,7,4,4,2,3,0.005,5,1,False,
bellevue_ne8th,A9,70,1925712328,607324030,2808,7,4,4,4,4,0.005,9,0.998219373219373,False,
bellevue_ne8th,A5,71,175286523,581839271,6624,9,4,4,4,4,0.001,10,1,False,
bellevue_ne8th,A6,71,175286523,581839271,6624,9,4,4,4,4,0.001,10,1,False,
bellevue_ne8th,A7,71,175286523,581839271,6624,9,4,4,1,3,0.005,3,1,False,
bellevue_ne8th,A9,71,175286523,581839271,6624,9,4,4,4,4,0.001,10,1,False,
bellevue_ne8th,A5,72,1721532942,1488198207,4663,10,4,4,4,4,0.001,10,1,False,
bellevue_ne8th,A6,72,1721532942,1488198207,4663,10,4,4,4,4,0.001,10,1,False,
bellevue_ne8th,A7,72,1721532942,1488198207,4663,10,4,4,1,3,0.005,3,1,False,
bellevue_ne8th,A9,72,1721532942,1488198207,4663,10,4,4,4,4,0.001,10,1,False,
bellevue_ne8th,A5,73,1018923605,1774885878,4205,9,4,4,4,4,0.0025,10,1,False,
bellevue_ne8th,A6,73,1018923605,1774885878,4205,9,4,4,4,4,0.0025,10,1,False,
bellevue_ne8th,A7,73,1018923605,1774885878,4205,9,4,4,1,3,0.005,3,1,False,
bellevue_ne8th,A9,73,1018923605,1774885878,4205,9,4,4,4,4,0.0025,10,1,False,
bellevue_ne8th,A5,74,1473571503,75313028,4326,9,4,4,4,4,0.005,9,0.997457235321313,False,
bellevue_ne8th,A6,74,1473571503,75313028,4326,9,4,4,4,4,0.005,9,0.997457235321313,False,
bellevue_ne8th,A7,74,1473571503,75313028,4326,9,4,4,1,3,0.005,3,1,False,
bellevue_ne8th,A9,74,1473571503,75313028,4326,9,4,4,4,4,0.005,9,0.997457235321313,False,
bellevue_ne8th,A5,75,1742116735,622852432,5853,8,4,4,4,4,0.005,9,0.998974884674526,False,
bellevue_ne8th,A6,75,1742116735,622852432,5853,8,4,4,4,4,0.005,9,0.998974884674526,False,
bellevue_ne8th,A7,75,1742116735,622852432,5853,8,4,4,1,3,0.005,3,1,False,
bellevue_ne8th,A9,75,1742116735,622852432,5853,8,4,4,4,4,0.005,9,0.998974884674526,False,
bellevue_ne8th,A5,76,89959126,489241391,6740,6,4,4,4,4,0.005,9,0.997329376854599,False,
bellevue_ne8th,A6,76,89959126,489241391,6740,6,4,4,4,4,0.005,9,0.997329376854599,False,
bellevue_ne8th,A7,76,89959126,489241391,6740,6,4,4,2,3,0.0025,5,1,False,
bellevue_ne8th,A9,76,89959126,489241391,6740,6,4,4,4,4,0.005,9,0.997329376854599,False,
bellevue_ne8th,A5,77,117656469,1629767331,3721,9,4,4,4,4,0.005,9,0.997581295350712,False,
bellevue_ne8th,A6,77,117656469,1629767331,3721,9,4,4,4,4,0.005,9,0.997581295350712,False,
bellevue_ne8th,A7,77,117656469,1629767331,3721,9,4,4,1,3,0.005,3,1,False,
bellevue_ne8th,A9,77,117656469,1629767331,3721,9,4,4,4,4,0.005,9,0.997581295350712,False,
bellevue_ne8th,A5,78,1355564458,1115617601,5243,8,4,4,4,4,0.001,10,1,False,
bellevue_ne8th,A6,78,1355564458,1115617601,5243,8,4,4,4,4,0.001,10,1,False,
bellevue_ne8th,A7,78,1355564458,1115617601,5243,8,4,4,2,3,0.005,5,1,False,
bellevue_ne8th,A9,78,1355564458,1115617601,5243,8,4,4,4,4,0.001,10,1,False,
bellevue_ne8th,A5,79,1977245024,1252663208,6147,8,4,4,4,4,0.005,9,0.997559785261103,False,
bellevue_ne8th,A6,79,1977245024,1252663208,6147,8,4,4,4,4,0.005,9,0.997559785261103,False,
bellevue_ne8th,A7,79,1977245024,1252663208,6147,8,4,4,1,3,0.005,3,1,False,
bellevue_ne8th,A9,79,1977245024,1252663208,6147,8,4,4,4,4,0.005,9,0.997559785261103,False,
bellevue_ne8th,A5,80,392637958,1533761209,5597,8,4,4,4,4,0.005,9,0.997677327139539,False,
bellevue_ne8th,A6,80,392637958,1533761209,5597,8,4,4,4,4,0.005,9,0.997677327139539,False,
bellevue_ne8th,A7,80,392637958,1533761209,5597,8,4,4,2,3,0.0025,5,1,False,
bellevue_ne8th,A9,80,392637958,1533761209,5597,8,4,4,4,4,0.005,9,0.997677327139539,False,
bellevue_ne8th,A5,81,21511793,50849447,4151,8,4,4,4,4,0.001,10,1,False,
bellevue_ne8th,A6,81,21511793,50849447,4151,8,4,4,4,4,0.001,10,1,False,
bellevue_ne8th,A7,81,21511793,50849447,4151,8,4,4,1,3,0.005,3,1,False,
bellevue_ne8th,A9,81,21511793,50849447,4151,8,4,4,4,4,0.001,10,1,False,
bellevue_ne8th,A5,82,974756987,71049995,5745,10,4,4,4,4,0.005,9,0.997911227154047,False,
bellevue_ne8th,A6,82,974756987,71049995,5745,10,4,4,4,4,0.005,9,0.997911227154047,False,
bellevue_ne8th,A7,82,974756987,71049995,5745,10,4,4,2,3,0.0025,5,1,False,
bellevue_ne8th,A9,82,974756987,71049995,5745,10,4,4,4,4,0.005,9,0.997911227154047,False,
bellevue_ne8th,A5,83,129897916,379746739,6175,8,4,4,4,4,0.001,10,1,False,
bellevue_ne8th,A6,83,129897916,379746739,6175,8,4,4,4,4,0.001,10,1,False,
bellevue_ne8th,A7,83,129897916,379746739,6175,8,4,4,2,3,0.0025,5,1,False,
bellevue_ne8th,A9,83,129897916,379746739,6175,8,4,4,4,4,0.001,10,1,False,
bellevue_ne8th,A5,84,2101614011,1355030477,4743,11,4,4,4,4,0.005,9,0.998524140839131,False,
bellevue_ne8th,A6,84,2101614011,1355030477,4743,11,4,4,4,4,0.005,9,0.998524140839131,False,
bellevue_ne8th,A7,84,2101614011,1355030477,4743,11,4,4,1,3,0.005,3,1,False,
bellevue_ne8th,A9,84,2101614011,1355030477,4743,11,4,4,4,4,0.005,9,0.998524140839131,False,
bellevue_ne8th,A5,85,729497488,2102954433,5201,8,4,4,4,4,0.005,9,0.998846375696981,False,
bellevue_ne8th,A6,85,729497488,2102954433,5201,8,4,4,4,4,0.005,9,0.998846375696981,False,
bellevue_ne8th,A7,85,729497488,2102954433,5201,8,4,4,1,3,0.005,3,1,False,
bellevue_ne8th,A9,85,729497488,2102954433,5201,8,4,4,4,4,0.005,9,0.998846375696981,False,
bellevue_ne8th,A5,86,322778867,598311659,5141,10,4,4,4,4,0.005,9,0.997665823769695,False,
bellevue_ne8th,A6,86,322778867,598311659,5141,10,4,4,4,4,0.005,9,0.997665823769695,False,
bellevue_ne8th,A7,86,322778867,598311659,5141,10,4,4,1,3,0.005,3,1,False,
bellevue_ne8th,A9,86,322778867,598311659,5141,10,4,4,4,4,0.005,9,0.997665823769695,False,
bellevue_ne8th,A5,87,612402352,745226423,6507,10,4,4,4,4,0.001,10,1,False,
bellevue_ne8th,A6,87,612402352,745226423,6507,10,4,4,4,4,0.001,10,1,False,
bellevue_ne8th,A7,87,612402352,745226423,6507,10,4,4,1,3,0.005,3,1,False,
bellevue_ne8th,A9,87,612402352,745226423,6507,10,4,4,4,4,0.001,10,1,False,
bellevue_ne8th,A5,88,1273520938,2094980043,4170,8,4,4,4,4,0.001,10,1,False,
bellevue_ne8th,A6,88,1273520938,2094980043,4170,8,4,4,4,4,0.001,10,1,False,
bellevue_ne8th,A7,88,1273520938,2094980043,4170,8,4,4,1,3,0.005,3,1,False,
bellevue_ne8th,A9,88,1273520938,2094980043,4170,8,4,4,4,4,0.001,10,1,False,
bellevue_ne8th,A5,89,1664269026,903471456,9910,7,4,4,4,4,0.005,9,0.997981836528759,False,
bellevue_ne8th,A6,89,1664269026,903471456,9910,7,4,4,4,4,0.005,9,0.997981836528759,False,
bellevue_ne8th,A7,89,1664269026,903471456,9910,7,4,4,1,3,0.005,3,1,False,
bellevue_ne8th,A9,89,1664269026,903471456,9910,7,4,4,4,4,0.005,9,0.997981836528759,False,
bellevue_ne8th,A5,90,160098647,819711084,5155,8,4,4,4,4,0.02,8,0.988748787584869,False,
bellevue_ne8th,A6,90,160098647,819711084,5155,8,4,4,4,4,0.02,8,0.988748787584869,False,
bellevue_ne8th,A7,90,160098647,819711084,5155,8,4,4,1,3,0.005,3,1,False,
bellevue_ne8th,A9,90,160098647,819711084,5155,8,4,4,4,4,0.02,8,0.988748787584869,False,
bellevue_ne8th,A5,91,1537024355,1040317651,3353,7,4,4,4,4,0.001,10,1,False,
bellevue_ne8th,A6,91,1537024355,1040317651,3353,7,4,4,4,4,0.001,10,1,False,
bellevue_ne8th,A7,91,1537024355,1040317651,3353,7,4,4,2,3,0.0025,5,1,False,
bellevue_ne8th,A9,91,1537024355,1040317651,3353,7,4,4,4,4,0.001,10,1,False,
bellevue_ne8th,A5,92,932549619,1905611851,6354,9,4,4,4,4,0.005,9,0.997954044696254,False,
bellevue_ne8th,A6,92,932549619,1905611851,6354,9,4,4,4,4,0.005,9,0.997954044696254,False,
bellevue_ne8th,A7,92,932549619,1905611851,6354,9,4,4,1,3,0.005,3,1,False,
bellevue_ne8th,A9,92,932549619,1905611851,6354,9,4,4,4,4,0.005,9,0.997954044696254,False,
bellevue_ne8th,A5,93,2076594333,1479473463,6172,10,4,4,4,4,0.005,9,0.998865845755023,False,
bellevue_ne8th,A6,93,2076594333,1479473463,6172,10,4,4,4,4,0.005,9,0.998865845755023,False,
bellevue_ne8th,A7,93,2076594333,1479473463,6172,10,4,4,1,3,0.005,3,1,False,
bellevue_ne8th,A9,93,2076594333,1479473463,6172,10,4,4,4,4,0.005,9,0.998865845755023,False,
bellevue_ne8th,A5,94,1600127456,1677634658,6627,9,4,4,4,4,0.001,10,1,False,
bellevue_ne8th,A6,94,1600127456,1677634658,6627,9,4,4,4,4,0.001,10,1,False,
bellevue_ne8th,A7,94,1600127456,1677634658,6627,9,4,4,2,3,0.005,5,1,False,
bellevue_ne8th,A9,94,1600127456,1677634658,6627,9,4,4,4,4,0.001,10,1,False,
bellevue_ne8th,A5,95,1584333775,1388572329,6196,8,4,4,4,4,0.001,10,1,False,
bellevue_ne8th,A6,95,1584333775,1388572329,6196,8,4,4,4,4,0.001,10,1,False,
bellevue_ne8th,A7,95,1584333775,1388572329,6196,8,4,4,2,3,0.0025,5,1,False,
bellevue_ne8th,A9,95,1584333775,1388572329,6196,8,4,4,4,4,0.001,10,1,False,
bellevue_ne8th,A5,96,495938475,768864767,3966,8,4,4,4,4,0.005,9,0.998739283913263,False,
bellevue_ne8th,A6,96,495938475,768864767,3966,8,4,4,4,4,0.005,9,0.998739283913263,False,
bellevue_ne8th,A7,96,495938475,768864767,3966,8,4,4,2,3,0.005,5,1,False,
bellevue_ne8th,A9,96,495938475,768864767,3966,8,4,4,4,4,0.005,9,0.998739283913263,False,
bellevue_ne8th,A5,97,762132436,1890592710,5290,6,4,4,4,4,0.001,10,1,False,
bellevue_ne8th,A6,97,762132436,1890592710,5290,6,4,4,4,4,0.001,10,1,False,
bellevue_ne8th,A7,97,762132436,1890592710,5290,6,4,4,1,3,0.005,3,1,False,
bellevue_ne8th,A9,97,762132436,1890592710,5290,6,4,4,4,4,0.001,10,1,False,
bellevue_ne8th,A5,98,202039745,978073826,4081,8,4,4,4,4,0.001,10,1,False,
bellevue_ne8th,A6,98,202039745,978073826,4081,8,4,4,4,4,0.001,10,1,False,
bellevue_ne8th,A7,98,202039745,978073826,4081,8,4,4,1,3,0.005,3,1,False,
bellevue_ne8th,A9,98,202039745,978073826,4081,8,4,4,4,4,0.001,10,1,False,
bellevue_ne8th,A5,99,843250019,1570567323,6461,9,4,4,4,4,0.005,9,0.998607026776041,False,
bellevue_ne8th,A6,99,843250019,1570567323,6461,9,4,4,4,4,0.005,9,0.998607026776041,False,
bellevue_ne8th,A7,99,843250019,1570567323,6461,9,4,4,1,3,0.005,3,1,False,
bellevue_ne8th,A9,99,843250019,1570567323,6461,9,4,4,4,4,0.005,9,0.998607026776041,False,
bellevue_ne8th,A5,100,461605751,1599088223,5697,11,4,4,4,4,0.001,10,0.999648938037564,False,
bellevue_ne8th,A6,100,461605751,1599088223,5697,11,4,4,4,4,0.001,10,0.999648938037564,False,
bellevue_ne8th,A7,100,461605751,1599088223,5697,11,4,4,1,3,0.005,3,1,False,
bellevue_ne8th,A9,100,461605751,1599088223,5697,11,4,4,4,4,0.001,10,0.999648938037564,False,
bellevue_ne8th,A5,101,1820198521,1379095791,4290,8,4,4,4,4,0.001,10,1,False,
bellevue_ne8th,A6,101,1820198521,1379095791,4290,8,4,4,4,4,0.001,10,1,False,
bellevue_ne8th,A7,101,1820198521,1379095791,4290,8,4,4,2,2,0.0025,4,1,False,
bellevue_ne8th,A9,101,1820198521,1379095791,4290,8,4,4,4,4,0.001,10,1,False,
bellevue_ne8th,A5,102,572943697,668847480,4983,10,4,4,4,4,0.005,9,0.997993176801124,False,
bellevue_ne8th,A6,102,572943697,668847480,4983,10,4,4,4,4,0.005,9,0.997993176801124,False,
bellevue_ne8th,A7,102,572943697,668847480,4983,10,4,4,1,3,0.005,3,1,False,
bellevue_ne8th,A9,102,572943697,668847480,4983,10,4,4,4,4,0.005,9,0.997993176801124,False,
bellevue_ne8th,A5,103,1161960124,544215452,8493,7,4,4,4,4,0.005,9,0.999175791828565,False,
bellevue_ne8th,A6,103,1161960124,544215452,8493,7,4,4,4,4,0.005,9,0.999175791828565,False,
bellevue_ne8th,A7,103,1161960124,544215452,8493,7,4,4,1,3,0.005,3,1,False,
bellevue_ne8th,A9,103,1161960124,544215452,8493,7,4,4,4,4,0.005,9,0.999175791828565,False,
bellevue_ne8th,A5,104,1935312726,2034117871,5926,9,4,4,4,4,0.005,9,0.998650016874789,False,
bellevue_ne8th,A6,104,1935312726,2034117871,5926,9,4,4,4,4,0.005,9,0.998650016874789,False,
bellevue_ne8th,A7,104,1935312726,2034117871,5926,9,4,4,1,3,0.005,3,1,False,
bellevue_ne8th,A9,104,1935312726,2034117871,5926,9,4,4,4,4,0.005,9,0.998650016874789,False,
bellevue_ne8th,A5,105,1990430403,1040164263,4974,8,4,4,4,4,0.001,10,0.999597909127463,False,
bellevue_ne8th,A6,105,1990430403,1040164263,4974,8,4,4,4,4,0.001,10,0.999597909127463,False,
bellevue_ne8th,A7,105,1990430403,1040164263,4974,8,4,4,2,3,0.0025,5,1,False,
bellevue_ne8th,A9,105,1990430403,1040164263,4974,8,4,4,4,4,0.001,10,0.999597909127463,False,
bellevue_ne8th,A5,106,1957261088,1762883086,4925,10,4,4,4,4,0.005,9,0.997766497461929,False,
bellevue_ne8th,A6,106,1957261088,1762883086,4925,10,4,4,4,4,0.005,9,0.997766497461929,False,
bellevue_ne8th,A7,106,1957261088,1762883086,4925,10,4,4,1,3,0.005,3,1,False,
bellevue_ne8th,A9,106,1957261088,1762883086,4925,10,4,4,4,4,0.005,9,0.997766497461929,False,
bellevue_ne8th,A5,107,738442558,69466608,4918,8,4,4,4,4,0.001,10,1,False,
bellevue_ne8th,A6,107,738442558,69466608,4918,8,4,4,4,4,0.001,10,1,False,
bellevue_ne8th,A7,107,738442558,69466608,4918,8,4,4,2,3,0.0025,5,1,False,
bellevue_ne8th,A9,107,738442558,69466608,4918,8,4,4,4,4,0.001,10,1,False,
bellevue_ne8th,A5,108,1150474633,850947047,6849,12,4,4,4,4,0.005,9,0.998393926120602,False,
bellevue_ne8th,A6,108,1150474633,850947047,6849,12,4,4,4,4,0.005,9,0.998393926120602,False,
bellevue_ne8th,A7,108,1150474633,850947047,6849,12,4,4,1,3,0.005,3,1,False,
bellevue_ne8th,A9,108,1150474633,850947047,6849,12,4,4,4,4,0.005,9,0.998393926120602,False,
bellevue_ne8th,A5,109,1693618221,531534285,5655,10,4,4,4,4,0.005,9,0.998054818744474,False,
bellevue_ne8th,A6,109,1693618221,531534285,5655,10,4,4,4,4,0.005,9,0.998054818744474,False,
bellevue_ne8th,A7,109,1693618221,531534285,5655,10,4,4,1,3,0.005,3,1,False,
bellevue_ne8th,A9,109,1693618221,531534285,5655,10,4,4,4,4,0.005,9,0.998054818744474,False,
bellevue_ne8th,A5,110,1340941478,2057320075,6225,10,4,4,4,4,0.005,9,0.997751004016064,False,
bellevue_ne8th,A6,110,1340941478,2057320075,6225,10,4,4,4,4,0.005,9,0.997751004016064,False,
bellevue_ne8th,A7,110,1340941478,2057320075,6225,10,4,4,1,3,0.005,3,1,False,
bellevue_ne8th,A9,110,1340941478,2057320075,6225,10,4,4,4,4,0.005,9,0.997751004016064,False,
bellevue_ne8th,A5,111,496697424,1574933428,2828,7,4,5,4,5,0.005,10,0.998231966053748,False,
bellevue_ne8th,A6,111,496697424,1574933428,2828,7,4,5,4,5,0.005,10,0.998231966053748,False,
bellevue_ne8th,A7,111,496697424,1574933428,2828,7,4,5,2,3,0.0025,5,1,False,
bellevue_ne8th,A9,111,496697424,1574933428,2828,7,4,5,4,5,0.005,10,0.998231966053748,False,
bellevue_ne8th,A5,112,378011916,1410815763,5421,8,4,4,4,4,0.001,10,1,False,
bellevue_ne8th,A6,112,378011916,1410815763,5421,8,4,4,4,4,0.001,10,1,False,
bellevue_ne8th,A7,112,378011916,1410815763,5421,8,4,4,1,3,0.005,3,1,False,
bellevue_ne8th,A9,112,378011916,1410815763,5421,8,4,4,4,4,0.001,10,1,False,
bellevue_ne8th,A5,113,380764206,1239213063,3697,8,4,4,4,4,0.001,10,1,False,
bellevue_ne8th,A6,113,380764206,1239213063,3697,8,4,4,4,4,0.001,10,1,False,
bellevue_ne8th,A7,113,380764206,1239213063,3697,8,4,4,1,3,0.005,3,1,False,
bellevue_ne8th,A9,113,380764206,1239213063,3697,8,4,4,4,4,0.001,10,1,False,
bellevue_ne8th,A5,114,2060883944,1903781728,4369,8,4,4,4,4,0.001,10,1,False,
bellevue_ne8th,A6,114,2060883944,1903781728,4369,8,4,4,4,4,0.001,10,1,False,
bellevue_ne8th,A7,114,2060883944,1903781728,4369,8,4,4,2,3,0.0025,5,1,False,
bellevue_ne8th,A9,114,2060883944,1903781728,4369,8,4,4,4,4,0.001,10,1,False,
bellevue_ne8th,A5,115,185358359,921083949,4802,9,4,4,4,4,0.001,10,1,False,
bellevue_ne8th,A6,115,185358359,921083949,4802,9,4,4,4,4,0.001,10,1,False,
bellevue_ne8th,A7,115,185358359,921083949,4802,9,4,4,1,3,0.005,3,1,False,
bellevue_ne8th,A9,115,185358359,921083949,4802,9,4,4,4,4,0.001,10,1,False,
bellevue_ne8th,A5,116,2114178594,776452384,6638,9,4,4,4,4,0.005,9,0.997740283217837,False,
bellevue_ne8th,A6,116,2114178594,776452384,6638,9,4,4,4,4,0.005,9,0.997740283217837,False,
bellevue_ne8th,A7,116,2114178594,776452384,6638,9,4,4,1,3,0.005,3,1,False,
bellevue_ne8th,A9,116,2114178594,776452384,6638,9,4,4,4,4,0.005,9,0.997740283217837,False,
bellevue_ne8th,A5,117,579030079,1092559169,3506,8,4,4,4,4,0.001,10,1,False,
bellevue_ne8th,A6,117,579030079,1092559169,3506,8,4,4,4,4,0.001,10,1,False,
bellevue_ne8th,A7,117,579030079,1092559169,3506,8,4,4,1,3,0.005,3,1,False,
bellevue_ne8th,A9,117,579030079,1092559169,3506,8,4,4,4,4,0.001,10,1,False,
bellevue_ne8th,A5,118,2111773808,1894947464,4215,10,4,4,4,4,0.001,10,0.999762752075919,False,
bellevue_ne8th,A6,118,2111773808,1894947464,4215,10,4,4,4,4,0.001,10,0.999762752075919,False,
bellevue_ne8th,A7,118,2111773808,1894947464,4215,10,4,4,1,3,0.005,3,1,False,
bellevue_ne8th,A9,118,2111773808,1894947464,4215,10,4,4,4,4,0.001,10,0.999762752075919,False,
bellevue_ne8th,A5,119,951316519,2020860259,4651,10,4,4,4,4,0.005,9,0.997634917222103,False,
bellevue_ne8th,A6,119,951316519,2020860259,4651,10,4,4,4,4,0.005,9,0.997634917222103,False,
bellevue_ne8th,A7,119,951316519,2020860259,4651,10,4,4,1,3,0.005,3,1,False,
bellevue_ne8th,A9,119,951316519,2020860259,4651,10,4,4,4,4,0.005,9,0.997634917222103,False,
bellevue_ne8th,A5,120,96339664,1243773672,5724,8,4,4,4,4,0.005,9,0.998602375960867,False,
bellevue_ne8th,A6,120,96339664,1243773672,5724,8,4,4,4,4,0.005,9,0.998602375960867,False,
bellevue_ne8th,A7,120,96339664,1243773672,5724,8,4,4,1,3,0.005,3,1,False,
bellevue_ne8th,A9,120,96339664,1243773672,5724,8,4,4,4,4,0.005,9,0.998602375960867,False,
bellevue_ne8th,A5,121,268685216,237571621,4189,10,4,4,4,4,0.005,9,0.998090236333254,False,
bellevue_ne8th,A6,121,268685216,237571621,4189,10,4,4,4,4,0.005,9,0.998090236333254,False,
bellevue_ne8th,A7,121,268685216,237571621,4189,10,4,4,2,3,0.0025,5,1,False,
bellevue_ne8th,A9,121,268685216,237571621,4189,10,4,4,4,4,0.005,9,0.998090236333254,False,
bellevue_ne8th,A5,122,1025549450,286617630,5328,9,4,4,4,4,0.001,10,1,False,
bellevue_ne8th,A6,122,1025549450,286617630,5328,9,4,4,4,4,0.001,10,1,False,
bellevue_ne8th,A7,122,1025549450,286617630,5328,9,4,4,2,3,0.005,5,1,False,
bellevue_ne8th,A9,122,1025549450,286617630,5328,9,4,4,4,4,0.001,10,1,False,
bellevue_ne8th,A5,123,700376861,899795342,3710,9,4,4,4,4,0.001,10,1,False,
bellevue_ne8th,A6,123,700376861,899795342,3710,9,4,4,4,4,0.001,10,1,False,
bellevue_ne8th,A7,123,700376861,899795342,3710,9,4,4,1,3,0.005,3,1,False,
bellevue_ne8th,A9,123,700376861,899795342,3710,9,4,4,4,4,0.001,10,1,False,
bellevue_ne8th,A5,124,621205676,627997708,4854,8,4,4,4,4,0.001,10,1,False,
bellevue_ne8th,A6,124,621205676,627997708,4854,8,4,4,4,4,0.001,10,1,False,
bellevue_ne8th,A7,124,621205676,627997708,4854,8,4,4,2,3,0.0025,5,1,False,
bellevue_ne8th,A9,124,621205676,627997708,4854,8,4,4,4,4,0.001,10,1,False,
bellevue_ne8th,A5,125,1642860984,1841258735,6313,9,4,4,4,4,0.005,9,0.997782353872961,False,
bellevue_ne8th,A6,125,1642860984,1841258735,6313,9,4,4,4,4,0.005,9,0.997782353872961,False,
bellevue_ne8th,A7,125,1642860984,1841258735,6313,9,4,4,2,3,0.005,5,1,False,
bellevue_ne8th,A9,125,1642860984,1841258735,6313,9,4,4,4,4,0.005,9,0.997782353872961,False,
bellevue_ne8th,A5,126,1339662798,1135926146,7662,9,4,4,4,4,0.005,9,0.998564343513443,False,
bellevue_ne8th,A6,126,1339662798,1135926146,7662,9,4,4,4,4,0.005,9,0.998564343513443,False,
bellevue_ne8th,A7,126,1339662798,1135926146,7662,9,4,4,1,3,0.005,3,1,False,
bellevue_ne8th,A9,126,1339662798,1135926146,7662,9,4,4,4,4,0.005,9,0.998564343513443,False,
bellevue_ne8th,A5,127,513995504,2144655850,2654,7,4,4,4,4,0.0025,10,1,False,
bellevue_ne8th,A6,127,513995504,2144655850,2654,7,4,4,4,4,0.0025,10,1,False,
bellevue_ne8th,A7,127,513995504,2144655850,2654,7,4,4,1,3,0.005,3,1,False,
bellevue_ne8th,A9,127,513995504,2144655850,2654,7,4,4,4,4,0.0025,10,1,False,
bellevue_ne8th,A5,128,875999347,702730235,6936,9,4,4,4,4,0.005,9,0.997693194925029,False,
bellevue_ne8th,A6,128,875999347,702730235,6936,9,4,4,4,4,0.005,9,0.997693194925029,False,
bellevue_ne8th,A7,128,875999347,702730235,6936,9,4,4,1,3,0.005,3,1,False,
bellevue_ne8th,A9,128,875999347,702730235,6936,9,4,4,4,4,0.005,9,0.997693194925029,False,
bellevue_ne8th,A5,129,900277389,780846241,4487,7,4,4,4,4,0.001,10,1,False,
bellevue_ne8th,A6,129,900277389,780846241,4487,7,4,4,4,4,0.001,10,1,False,
bellevue_ne8th,A7,129,900277389,780846241,4487,7,4,4,2,3,0.005,5,1,False,
bellevue_ne8th,A9,129,900277389,780846241,4487,7,4,4,4,4,0.001,10,1,False,
bellevue_ne8th,A5,130,1357152526,1089539103,4868,11,4,4,4,4,0.005,9,0.99835661462613,False,
bellevue_ne8th,A6,130,1357152526,1089539103,4868,11,4,4,4,4,0.005,9,0.99835661462613,False,
bellevue_ne8th,A7,130,1357152526,1089539103,4868,11,4,4,2,3,0.005,5,1,False,
bellevue_ne8th,A9,130,1357152526,1089539103,4868,11,4,4,4,4,0.005,9,0.99835661462613,False,
bellevue_ne8th,A5,131,1019245783,1424684999,3359,8,4,4,4,4,0.001,10,1,False,
bellevue_ne8th,A6,131,1019245783,1424684999,3359,8,4,4,4,4,0.001,10,1,False,
bellevue_ne8th,A7,131,1019245783,1424684999,3359,8,4,4,2,2,0.0025,4,1,False,
bellevue_ne8th,A9,131,1019245783,1424684999,3359,8,4,4,4,4,0.001,10,1,False,
bellevue_ne8th,A5,132,189144753,258200863,4361,7,4,4,4,4,0.005,9,0.998624168768631,False,
bellevue_ne8th,A6,132,189144753,258200863,4361,7,4,4,4,4,0.005,9,0.998624168768631,False,
bellevue_ne8th,A7,132,189144753,258200863,4361,7,4,4,2,3,0.0025,5,1,False,
bellevue_ne8th,A9,132,189144753,258200863,4361,7,4,4,4,4,0.005,9,0.998624168768631,False,
bellevue_ne8th,A5,133,887910915,951045692,4343,8,4,4,4,4,0.001,10,0.999769744416302,False,
bellevue_ne8th,A6,133,887910915,951045692,4343,8,4,4,4,4,0.001,10,0.999769744416302,False,
bellevue_ne8th,A7,133,887910915,951045692,4343,8,4,4,1,3,0.005,3,1,False,
bellevue_ne8th,A9,133,887910915,951045692,4343,8,4,4,4,4,0.001,10,0.999769744416302,False,
bellevue_ne8th,A5,134,1445570049,102029520,4211,7,4,4,4,4,0.001,10,1,False,
bellevue_ne8th,A6,134,1445570049,102029520,4211,7,4,4,4,4,0.001,10,1,False,
bellevue_ne8th,A7,134,1445570049,102029520,4211,7,4,4,2,3,0.005,5,1,False,
bellevue_ne8th,A9,134,1445570049,102029520,4211,7,4,4,4,4,0.001,10,1,False,
bellevue_ne8th,A5,135,1550583315,1851744288,5938,8,4,4,4,4,0.001,10,1,False,
bellevue_ne8th,A6,135,1550583315,1851744288,5938,8,4,4,4,4,0.001,10,1,False,
bellevue_ne8th,A7,135,1550583315,1851744288,5938,8,4,4,2,3,0.0025,5,1,False,
bellevue_ne8th,A9,135,1550583315,1851744288,5938,8,4,4,4,4,0.001,10,1,False,
bellevue_ne8th,A5,136,897911811,1757621118,4013,9,4,4,4,4,0.005,9,0.998255669075505,False,
bellevue_ne8th,A6,136,897911811,1757621118,4013,9,4,4,4,4,0.005,9,0.998255669075505,False,
bellevue_ne8th,A7,136,897911811,1757621118,4013,9,4,4,2,3,0.0025,5,1,False,
bellevue_ne8th,A9,136,897911811,1757621118,4013,9,4,4,4,4,0.005,9,0.998255669075505,False,
bellevue_ne8th,A5,137,1098286896,1544634976,5378,10,4,4,4,4,0.005,9,0.998326515433247,False,
bellevue_ne8th,A6,137,1098286896,1544634976,5378,10,4,4,4,4,0.005,9,0.998326515433247,False,
bellevue_ne8th,A7,137,1098286896,1544634976,5378,10,4,4,1,3,0.005,3,1,False,
bellevue_ne8th,A9,137,1098286896,1544634976,5378,10,4,4,4,4,0.005,9,0.998326515433247,False,
bellevue_ne8th,A5,138,386174843,192552047,5931,6,4,4,4,4,0.001,10,0.999831394368572,False,
bellevue_ne8th,A6,138,386174843,192552047,5931,6,4,4,4,4,0.001,10,0.999831394368572,False,
bellevue_ne8th,A7,138,386174843,192552047,5931,6,4,4,1,3,0.005,3,1,False,
bellevue_ne8th,A9,138,386174843,192552047,5931,6,4,4,4,4,0.001,10,0.999831394368572,False,
bellevue_ne8th,A5,139,1030911233,708088237,5081,7,4,4,4,4,0.001,10,0.999606376697501,False,
bellevue_ne8th,A6,139,1030911233,708088237,5081,7,4,4,4,4,0.001,10,0.999606376697501,False,
bellevue_ne8th,A7,139,1030911233,708088237,5081,7,4,4,1,3,0.005,3,1,False,
bellevue_ne8th,A9,139,1030911233,708088237,5081,7,4,4,4,4,0.001,10,0.999606376697501,False,
bellevue_ne8th,A5,140,1558739713,62877064,6366,10,4,4,4,4,0.005,9,0.997643732327992,False,
bellevue_ne8th,A6,140,1558739713,62877064,6366,10,4,4,4,4,0.005,9,0.997643732327992,False,
bellevue_ne8th,A7,140,1558739713,62877064,6366,10,4,4,1,3,0.005,3,1,False,
bellevue_ne8th,A9,140,1558739713,62877064,6366,10,4,4,4,4,0.005,9,0.997643732327992,False,
bellevue_ne8th,A5,141,174654382,1947791832,6809,9,4,4,4,4,0.001,10,1,False,
bellevue_ne8th,A6,141,174654382,1947791832,6809,9,4,4,4,4,0.001,10,1,False,
bellevue_ne8th,A7,141,174654382,1947791832,6809,9,4,4,2,3,0.005,5,1,False,
bellevue_ne8th,A9,141,174654382,1947791832,6809,9,4,4,4,4,0.001,10,1,False,
bellevue_ne8th,A5,142,1212345421,2021625365,6294,9,4,4,4,4,0.001,10,1,False,
bellevue_ne8th,A6,142,1212345421,2021625365,6294,9,4,4,4,4,0.001,10,1,False,
bellevue_ne8th,A7,142,1212345421,2021625365,6294,9,4,4,1,3,0.005,3,1,False,
bellevue_ne8th,A9,142,1212345421,2021625365,6294,9,4,4,4,4,0.001,10,1,False,
bellevue_ne8th,A5,143,1607586478,7295352,4208,8,4,4,4,4,0.001,10,1,False,
bellevue_ne8th,A6,143,1607586478,7295352,4208,8,4,4,4,4,0.001,10,1,False,
bellevue_ne8th,A7,143,1607586478,7295352,4208,8,4,4,1,3,0.005,3,1,False,
bellevue_ne8th,A9,143,1607586478,7295352,4208,8,4,4,4,4,0.001,10,1,False,
bellevue_ne8th,A5,144,1308012239,933600754,3634,9,4,4,4,4,0.005,9,0.998073747936159,False,
bellevue_ne8th,A6,144,1308012239,933600754,3634,9,4,4,4,4,0.005,9,0.998073747936159,False,
bellevue_ne8th,A7,144,1308012239,933600754,3634,9,4,4,1,3,0.005,3,1,False,
bellevue_ne8th,A9,144,1308012239,933600754,3634,9,4,4,4,4,0.005,9,0.998073747936159,False,
bellevue_ne8th,A5,145,1908033609,1900079589,4042,6,4,4,4,4,0.001,10,1,False,
bellevue_ne8th,A6,145,1908033609,1900079589,4042,6,4,4,4,4,0.001,10,1,False,
bellevue_ne8th,A7,145,1908033609,1900079589,4042,6,4,4,2,3,0.005,5,1,False,
bellevue_ne8th,A9,145,1908033609,1900079589,4042,6,4,4,4,4,0.001,10,1,False,
bellevue_ne8th,A5,146,2051834289,880170776,6485,7,4,4,4,4,0.005,9,0.998766383962992,False,
bellevue_ne8th,A6,146,2051834289,880170776,6485,7,4,4,4,4,0.005,9,0.998766383962992,False,
bellevue_ne8th,A7,146,2051834289,880170776,6485,7,4,4,2,3,0.0025,5,1,False,
bellevue_ne8th,A9,146,2051834289,880170776,6485,7,4,4,4,4,0.005,9,0.998766383962992,False,
bellevue_ne8th,A5,147,880909676,1198301981,6267,9,4,4,4,4,0.005,9,0.998085208233605,False,
bellevue_ne8th,A6,147,880909676,1198301981,6267,9,4,4,4,4,0.005,9,0.998085208233605,False,
bellevue_ne8th,A7,147,880909676,1198301981,6267,9,4,4,1,3,0.005,3,1,False,
bellevue_ne8th,A9,147,880909676,1198301981,6267,9,4,4,4,4,0.005,9,0.998085208233605,False,
bellevue_ne8th,A5,148,751072607,1844209907,7611,8,4,4,4,4,0.005,9,0.996846669294442,False,
bellevue_ne8th,A6,148,751072607,1844209907,7611,8,4,4,4,4,0.005,9,0.996846669294442,False,
bellevue_ne8th,A7,148,751072607,1844209907,7611,8,4,4,1,3,0.005,3,1,False,
bellevue_ne8th,A9,148,751072607,1844209907,7611,8,4,4,4,4,0.005,9,0.996846669294442,False,
bellevue_ne8th,A5,149,1720737963,1064334969,5514,10,4,4,4,4,0.001,10,1,False,
bellevue_ne8th,A6,149,1720737963,1064334969,5514,10,4,4,4,4,0.001,10,1,False,
bellevue_ne8th,A7,149,1720737963,1064334969,5514,10,4,4,1,3,0.005,3,1,False,
bellevue_ne8th,A9,149,1720737963,1064334969,5514,10,4,4,4,4,0.001,10,1,False,
bellevue_ne8th,A5,150,1080128641,839642908,3911,9,4,4,4,4,0.001,10,1,False,
bellevue_ne8th,A6,150,1080128641,839642908,3911,9,4,4,4,4,0.001,10,1,False,
bellevue_ne8th,A7,150,1080128641,839642908,3911,9,4,4,1,3,0.005,3,1,False,
bellevue_ne8th,A9,150,1080128641,839642908,3911,9,4,4,4,4,0.001,10,1,False,
bellevue_ne8th,A5,151,677932145,1603835902,5445,7,4,4,4,4,0.005,9,0.998163452708907,False,
bellevue_ne8th,A6,151,677932145,1603835902,5445,7,4,4,4,4,0.005,9,0.998163452708907,False,
bellevue_ne8th,A7,151,677932145,1603835902,5445,7,4,4,2,3,0.0025,5,1,False,
bellevue_ne8th,A9,151,677932145,1603835902,5445,7,4,4,4,4,0.005,9,0.998163452708907,False,
bellevue_ne8th,A5,152,1060353026,582083143,5047,8,4,4,4,4,0.005,9,0.997622349910838,False,
bellevue_ne8th,A6,152,1060353026,582083143,5047,8,4,4,4,4,0.005,9,0.997622349910838,False,
bellevue_ne8th,A7,152,1060353026,582083143,5047,8,4,4,1,3,0.005,3,1,False,
bellevue_ne8th,A9,152,1060353026,582083143,5047,8,4,4,4,4,0.005,9,0.997622349910838,False,
bellevue_ne8th,A5,153,471225682,1160734465,5502,8,4,4,4,4,0.005,9,0.99818247909851,False,
bellevue_ne8th,A6,153,471225682,1160734465,5502,8,4,4,4,4,0.005,9,0.99818247909851,False,
bellevue_ne8th,A7,153,471225682,1160734465,5502,8,4,4,2,3,0.0025,5,1,False,
bellevue_ne8th,A9,153,471225682,1160734465,5502,8,4,4,4,4,0.005,9,0.99818247909851,False,
bellevue_ne8th,A5,154,1600833592,1605766237,5084,8,4,4,4,4,0.001,10,1,False,
bellevue_ne8th,A6,154,1600833592,1605766237,5084,8,4,4,4,4,0.001,10,1,False,
bellevue_ne8th,A7,154,1600833592,1605766237,5084,8,4,4,1,3,0.005,3,1,False,
bellevue_ne8th,A9,154,1600833592,1605766237,5084,8,4,4,4,4,0.001,10,1,False,
bellevue_ne8th,A5,155,983648232,1548640422,3037,8,4,4,4,4,0.001,10,1,False,
bellevue_ne8th,A6,155,983648232,1548640422,3037,8,4,4,4,4,0.001,10,1,False,
bellevue_ne8th,A7,155,983648232,1548640422,3037,8,4,4,2,2,0.0025,4,1,False,
bellevue_ne8th,A9,155,983648232,1548640422,3037,8,4,4,4,4,0.001,10,1,False,
bellevue_ne8th,A5,156,1710417173,1055886400,7450,10,4,4,4,4,0.005,9,0.998255033557047,False,
bellevue_ne8th,A6,156,1710417173,1055886400,7450,10,4,4,4,4,0.005,9,0.998255033557047,False,
bellevue_ne8th,A7,156,1710417173,1055886400,7450,10,4,4,2,3,0.005,5,1,False,
bellevue_ne8th,A9,156,1710417173,1055886400,7450,10,4,4,4,4,0.005,9,0.998255033557047,False,
bellevue_ne8th,A5,157,1125398697,515938810,4412,8,4,4,4,4,0.001,10,1,False,
bellevue_ne8th,A6,157,1125398697,515938810,4412,8,4,4,4,4,0.001,10,1,False,
bellevue_ne8th,A7,157,1125398697,515938810,4412,8,4,4,2,2,0.0025,4,1,False,
bellevue_ne8th,A9,157,1125398697,515938810,4412,8,4,4,4,4,0.001,10,1,False,
bellevue_ne8th,A5,158,289036332,1849087526,6035,9,4,4,4,4,0.005,9,0.997680198840099,False,
bellevue_ne8th,A6,158,289036332,1849087526,6035,9,4,4,4,4,0.005,9,0.997680198840099,False,
bellevue_ne8th,A7,158,289036332,1849087526,6035,9,4,4,1,3,0.005,3,1,False,
bellevue_ne8th,A9,158,289036332,1849087526,6035,9,4,4,4,4,0.005,9,0.997680198840099,False,
bellevue_ne8th,A5,159,955478963,1616514676,6054,8,4,4,4,4,0.005,9,0.997522299306244,False,
bellevue_ne8th,A6,159,955478963,1616514676,6054,8,4,4,4,4,0.005,9,0.997522299306244,False,
bellevue_ne8th,A7,159,955478963,1616514676,6054,8,4,4,1,3,0.005,3,1,False,
bellevue_ne8th,A9,159,955478963,1616514676,6054,8,4,4,4,4,0.005,9,0.997522299306244,False,
bellevue_ne8th,A5,160,1878028563,270813640,6292,9,4,4,4,4,0.001,10,1,False,
bellevue_ne8th,A6,160,1878028563,270813640,6292,9,4,4,4,4,0.001,10,1,False,
bellevue_ne8th,A7,160,1878028563,270813640,6292,9,4,4,1,3,0.005,3,1,False,
bellevue_ne8th,A9,160,1878028563,270813640,6292,9,4,4,4,4,0.001,10,1,False,
bellevue_ne8th,A5,161,912934597,2058256167,5420,9,4,4,4,4,0.02,7,0.979520295202952,False,
bellevue_ne8th,A6,161,912934597,2058256167,5420,9,4,4,4,4,0.02,7,0.979520295202952,False,
bellevue_ne8th,A7,161,912934597,2058256167,5420,9,4,4,2,3,0.0025,5,1,False,
bellevue_ne8th,A9,161,912934597,2058256167,5420,9,4,4,4,4,0.02,7,0.979520295202952,False,
bellevue_ne8th,A5,162,921018984,934078212,5967,9,4,4,4,4,0.005,9,0.99798893916541,False,
bellevue_ne8th,A6,162,921018984,934078212,5967,9,4,4,4,4,0.005,9,0.99798893916541,False,
bellevue_ne8th,A7,162,921018984,934078212,5967,9,4,4,1,3,0.005,3,1,False,
bellevue_ne8th,A9,162,921018984,934078212,5967,9,4,4,4,4,0.005,9,0.99798893916541,False,
bellevue_ne8th,A5,163,974051983,1291758486,10899,7,8,4,6,4,0.005,11,0.993577392421323,False,
bellevue_ne8th,A6,163,974051983,1291758486,10899,7,8,4,6,4,0.005,11,0.993577392421323,False,
bellevue_ne8th,A7,163,974051983,1291758486,10899,7,8,4,2,3,0.005,5,1,False,
bellevue_ne8th,A9,163,974051983,1291758486,10899,7,8,4,6,4,0.005,11,0.993577392421323,False,
bellevue_ne8th,A5,164,756980526,1896661846,2833,8,4,4,4,4,0.005,9,0.998235086480762,False,
bellevue_ne8th,A6,164,756980526,1896661846,2833,8,4,4,4,4,0.005,9,0.998235086480762,False,
bellevue_ne8th,A7,164,756980526,1896661846,2833,8,4,4,1,2,0.005,2,1,False,
bellevue_ne8th,A9,164,756980526,1896661846,2833,8,4,4,4,4,0.005,9,0.998235086480762,False,
bellevue_ne8th,A5,165,1709807566,2002877810,2315,6,4,4,4,4,0.001,10,1,False,
bellevue_ne8th,A6,165,1709807566,2002877810,2315,6,4,4,4,4,0.001,10,1,False,
bellevue_ne8th,A7,165,1709807566,2002877810,2315,6,4,4,1,3,0.005,3,1,False,
bellevue_ne8th,A9,165,1709807566,2002877810,2315,6,4,4,4,4,0.001,10,1,False,
bellevue_ne8th,A5,166,55810463,841264595,9231,9,4,4,4,4,0.005,9,0.997941718123714,False,
bellevue_ne8th,A6,166,55810463,841264595,9231,9,4,4,4,4,0.005,9,0.997941718123714,False,
bellevue_ne8th,A7,166,55810463,841264595,9231,9,4,4,1,3,0.005,3,1,False,
bellevue_ne8th,A9,166,55810463,841264595,9231,9,4,4,4,4,0.005,9,0.997941718123714,False,
bellevue_ne8th,A5,167,1941264145,1896031718,5626,10,4,4,4,4,0.005,9,0.997867045858514,False,
bellevue_ne8th,A6,167,1941264145,1896031718,5626,10,4,4,4,4,0.005,9,0.997867045858514,False,
bellevue_ne8th,A7,167,1941264145,1896031718,5626,10,4,4,2,3,0.005,5,1,False,
bellevue_ne8th,A9,167,1941264145,1896031718,5626,10,4,4,4,4,0.005,9,0.997867045858514,False,
bellevue_ne8th,A5,168,826086419,743361128,6226,8,4,4,4,4,0.001,10,1,False,
bellevue_ne8th,A6,168,826086419,743361128,6226,8,4,4,4,4,0.001,10,1,False,
bellevue_ne8th,A7,168,826086419,743361128,6226,8,4,4,1,3,0.005,3,1,False,
bellevue_ne8th,A9,168,826086419,743361128,6226,8,4,4,4,4,0.001,10,1,False,
bellevue_ne8th,A5,169,676222894,204846659,4455,8,4,4,4,4,0.001,10,1,False,
bellevue_ne8th,A6,169,676222894,204846659,4455,8,4,4,4,4,0.001,10,1,False,
bellevue_ne8th,A7,169,676222894,204846659,4455,8,4,4,1,3,0.005,3,1,False,
bellevue_ne8th,A9,169,676222894,204846659,4455,8,4,4,4,4,0.001,10,1,False,
bellevue_ne8th,A5,170,2131505955,94524459,6107,10,4,4,4,4,0.005,9,0.996888816112658,False,
bellevue_ne8th,A6,170,2131505955,94524459,6107,10,4,4,4,4,0.005,9,0.996888816112658,False,
bellevue_ne8th,A7,170,2131505955,94524459,6107,10,4,4,2,3,0.005,5,1,False,
bellevue_ne8th,A9,170,2131505955,94524459,6107,10,4,4,4,4,0.005,9,0.996888816112658,False,
bellevue_ne8th,A5,171,1113577628,354563698,4176,9,4,4,4,4,0.005,9,0.997844827586207,False,
bellevue_ne8th,A6,171,1113577628,354563698,4176,9,4,4,4,4,0.005,9,0.997844827586207,False,
bellevue_ne8th,A7,171,1113577628,354563698,4176,9,4,4,1,3,0.005,3,1,False,
bellevue_ne8th,A9,171,1113577628,354563698,4176,9,4,4,4,4,0.005,9,0.997844827586207,False,
bellevue_ne8th,A5,172,1155214506,358005028,5921,9,4,4,4,4,0.005,9,0.997635534538085,False,
bellevue_ne8th,A6,172,1155214506,358005028,5921,9,4,4,4,4,0.005,9,0.997635534538085,False,
bellevue_ne8th,A7,172,1155214506,358005028,5921,9,4,4,2,3,0.005,5,1,False,
bellevue_ne8th,A9,172,1155214506,358005028,5921,9,4,4,4,4,0.005,9,0.997635534538085,False,
bellevue_ne8th,A5,173,2040904051,593781503,5279,9,4,4,4,4,0.001,10,1,False,
bellevue_ne8th,A6,173,2040904051,593781503,5279,9,4,4,4,4,0.001,10,1,False,
bellevue_ne8th,A7,173,2040904051,593781503,5279,9,4,4,1,3,0.005,3,1,False,
bellevue_ne8th,A9,173,2040904051,593781503,5279,9,4,4,4,4,0.001,10,1,False,
bellevue_ne8th,A5,174,825308875,758280578,6760,9,4,4,4,4,0.005,9,0.998372781065089,False,
bellevue_ne8th,A6,174,825308875,758280578,6760,9,4,4,4,4,0.005,9,0.998372781065089,False,
bellevue_ne8th,A7,174,825308875,758280578,6760,9,4,4,1,3,0.005,3,1,False,
bellevue_ne8th,A9,174,825308875,758280578,6760,9,4,4,4,4,0.005,9,0.998372781065089,False,
bellevue_ne8th,A5,175,1729880628,840990020,6110,7,4,4,4,4,0.001,10,1,False,
bellevue_ne8th,A6,175,1729880628,840990020,6110,7,4,4,4,4,0.001,10,1,False,
bellevue_ne8th,A7,175,1729880628,840990020,6110,7,4,4,2,3,0.005,5,1,False,
bellevue_ne8th,A9,175,1729880628,840990020,6110,7,4,4,4,4,0.001,10,1,False,
bellevue_ne8th,A5,176,464464134,1578733771,6464,8,4,4,4,4,0.005,9,0.997679455445545,False,
bellevue_ne8th,A6,176,464464134,1578733771,6464,8,4,4,4,4,0.005,9,0.997679455445545,False,
bellevue_ne8th,A7,176,464464134,1578733771,6464,8,4,4,1,3,0.005,3,1,False,
bellevue_ne8th,A9,176,464464134,1578733771,6464,8,4,4,4,4,0.005,9,0.997679455445545,False,
bellevue_ne8th,A5,177,1913271406,1618093800,4954,8,4,4,4,4,0.001,10,0.999798142914816,False,
bellevue_ne8th,A6,177,1913271406,1618093800,4954,8,4,4,4,4,0.001,10,0.999798142914816,False,
bellevue_ne8th,A7,177,1913271406,1618093800,4954,8,4,4,1,3,0.005,3,1,False,
bellevue_ne8th,A9,177,1913271406,1618093800,4954,8,4,4,4,4,0.001,10,0.999798142914816,False,
bellevue_ne8th,A5,178,71383888,852130053,5208,9,4,4,4,4,0.001,10,0.999615975422427,False,
bellevue_ne8th,A6,178,71383888,852130053,5208,9,4,4,4,4,0.001,10,0.999615975422427,False,
bellevue_ne8th,A7,178,71383888,852130053,5208,9,4,4,1,3,0.005,3,1,False,
bellevue_ne8th,A9,178,71383888,852130053,5208,9,4,4,4,4,0.001,10,0.999615975422427,False,
bellevue_ne8th,A5,179,1754802294,1809432859,3752,9,4,4,4,4,0.005,9,0.998134328358209,False,
bellevue_ne8th,A6,179,1754802294,1809432859,3752,9,4,4,4,4,0.005,9,0.998134328358209,False,
bellevue_ne8th,A7,179,1754802294,1809432859,3752,9,4,4,1,3,0.005,3,1,False,
bellevue_ne8th,A9,179,1754802294,1809432859,3752,9,4,4,4,4,0.005,9,0.998134328358209,False,
bellevue_ne8th,A5,180,469799621,2681632,3403,9,4,4,4,4,0.001,10,1,False,
bellevue_ne8th,A6,180,469799621,2681632,3403,9,4,4,4,4,0.001,10,1,False,
bellevue_ne8th,A7,180,469799621,2681632,3403,9,4,4,1,3,0.005,3,1,False,
bellevue_ne8th,A9,180,469799621,2681632,3403,9,4,4,4,4,0.001,10,1,False,
bellevue_ne8th,A5,181,853978328,734287581,5856,7,4,4,4,4,0.005,9,0.997609289617486,False,
bellevue_ne8th,A6,181,853978328,734287581,5856,7,4,4,4,4,0.005,9,0.997609289617486,False,
bellevue_ne8th,A7,181,853978328,734287581,5856,7,4,4,1,3,0.005,3,1,False,
bellevue_ne8th,A9,181,853978328,734287581,5856,7,4,4,4,4,0.005,9,0.997609289617486,False,
bellevue_ne8th,A5,182,571737862,1468999741,6842,8,4,4,4,4,0.001,10,1,False,
bellevue_ne8th,A6,182,571737862,1468999741,6842,8,4,4,4,4,0.001,10,1,False,
bellevue_ne8th,A7,182,571737862,1468999741,6842,8,4,4,1,3,0.005,3,1,False,
bellevue_ne8th,A9,182,571737862,1468999741,6842,8,4,4,4,4,0.001,10,1,False,
bellevue_ne8th,A5,183,417048786,1969426622,7967,7,4,4,4,4,0.005,9,0.998619304631605,False,
bellevue_ne8th,A6,183,417048786,1969426622,7967,7,4,4,4,4,0.005,9,0.998619304631605,False,
bellevue_ne8th,A7,183,417048786,1969426622,7967,7,4,4,2,3,0.0025,5,1,False,
bellevue_ne8th,A9,183,417048786,1969426622,7967,7,4,4,4,4,0.005,9,0.998619304631605,False,
bellevue_ne8th,A5,184,940344886,280883713,5194,9,4,4,4,4,0.005,9,0.998074701578745,False,
bellevue_ne8th,A6,184,940344886,280883713,5194,9,4,4,4,4,0.005,9,0.998074701578745,False,
bellevue_ne8th,A7,184,940344886,280883713,5194,9,4,4,1,3,0.005,3,1,False,
bellevue_ne8th,A9,184,940344886,280883713,5194,9,4,4,4,4,0.005,9,0.998074701578745,False,
bellevue_ne8th,A5,185,1143044461,688889067,5003,7,4,4,4,4,0.001,10,1,False,
bellevue_ne8th,A6,185,1143044461,688889067,5003,7,4,4,4,4,0.001,10,1,False,
bellevue_ne8th,A7,185,1143044461,688889067,5003,7,4,4,1,3,0.005,3,1,False,
bellevue_ne8th,A9,185,1143044461,688889067,5003,7,4,4,4,4,0.001,10,1,False,
bellevue_ne8th,A5,186,783805824,1502589877,3198,8,4,4,4,4,0.001,10,1,False,
bellevue_ne8th,A6,186,783805824,1502589877,3198,8,4,4,4,4,0.001,10,1,False,
bellevue_ne8th,A7,186,783805824,1502589877,3198,8,4,4,2,2,0.005,4,1,False,
bellevue_ne8th,A9,186,783805824,1502589877,3198,8,4,4,4,4,0.001,10,1,False,
bellevue_ne8th,A5,187,297613625,261121260,7081,9,4,4,4,4,0.001,10,1,False,
bellevue_ne8th,A6,187,297613625,261121260,7081,9,4,4,4,4,0.001,10,1,False,
bellevue_ne8th,A7,187,297613625,261121260,7081,9,4,4,2,3,0.0025,5,1,False,
bellevue_ne8th,A9,187,297613625,261121260,7081,9,4,4,4,4,0.001,10,1,False,
bellevue_ne8th,A5,188,1132678827,180754128,6249,9,4,4,4,4,0.005,9,0.99855976956313,False,
bellevue_ne8th,A6,188,1132678827,180754128,6249,9,4,4,4,4,0.005,9,0.99855976956313,False,
bellevue_ne8th,A7,188,1132678827,180754128,6249,9,4,4,2,3,0.005,5,1,False,
bellevue_ne8th,A9,188,1132678827,180754128,6249,9,4,4,4,4,0.005,9,0.99855976956313,False,
bellevue_ne8th,A5,189,1317153325,1748358709,5637,9,4,4,4,4,0.005,9,0.998935604044705,False,
bellevue_ne8th,A6,189,1317153325,1748358709,5637,9,4,4,4,4,0.005,9,0.998935604044705,False,
bellevue_ne8th,A7,189,1317153325,1748358709,5637,9,4,4,1,3,0.005,3,1,False,
bellevue_ne8th,A9,189,1317153325,1748358709,5637,9,4,4,4,4,0.005,9,0.998935604044705,False,
bellevue_ne8th,A5,190,1083372605,225920762,3912,7,4,4,4,4,0.005,9,0.997955010224949,False,
bellevue_ne8th,A6,190,1083372605,225920762,3912,7,4,4,4,4,0.005,9,0.997955010224949,False,
bellevue_ne8th,A7,190,1083372605,225920762,3912,7,4,4,1,3,0.005,3,1,False,
bellevue_ne8th,A9,190,1083372605,225920762,3912,7,4,4,4,4,0.005,9,0.997955010224949,False,
bellevue_ne8th,A5,191,292833172,1928102412,3190,7,4,4,4,4,0.001,10,1,False,
bellevue_ne8th,A6,191,292833172,1928102412,3190,7,4,4,4,4,0.001,10,1,False,
bellevue_ne8th,A7,191,292833172,1928102412,3190,7,4,4,1,3,0.005,3,1,False,
bellevue_ne8th,A9,191,292833172,1928102412,3190,7,4,4,4,4,0.001,10,1,False,
bellevue_ne8th,A5,192,1522426049,49561874,5106,7,4,4,4,4,0.005,9,0.997845671758715,False,
bellevue_ne8th,A6,192,1522426049,49561874,5106,7,4,4,4,4,0.005,9,0.997845671758715,False,
bellevue_ne8th,A7,192,1522426049,49561874,5106,7,4,4,1,3,0.005,3,1,False,
bellevue_ne8th,A9,192,1522426049,49561874,5106,7,4,4,4,4,0.005,9,0.997845671758715,False,
bellevue_ne8th,A5,193,977015383,219642611,5662,7,4,4,4,4,0.001,10,1,False,
bellevue_ne8th,A6,193,977015383,219642611,5662,7,4,4,4,4,0.001,10,1,False,
bellevue_ne8th,A7,193,977015383,219642611,5662,7,4,4,1,3,0.005,3,1,False,
bellevue_ne8th,A9,193,977015383,219642611,5662,7,4,4,4,4,0.001,10,1,False,
bellevue_ne8th,A5,194,320782471,485007956,8330,7,4,4,4,4,0.005,9,0.997959183673469,False,
bellevue_ne8th,A6,194,320782471,485007956,8330,7,4,4,4,4,0.005,9,0.997959183673469,False,
bellevue_ne8th,A7,194,320782471,485007956,8330,7,4,4,2,3,0.005,5,1,False,
bellevue_ne8th,A9,194,320782471,485007956,8330,7,4,4,4,4,0.005,9,0.997959183673469,False,
bellevue_ne8th,A5,195,1734363348,358488737,3206,8,4,4,4,4,0.001,10,1,False,
bellevue_ne8th,A6,195,1734363348,358488737,3206,8,4,4,4,4,0.001,10,1,False,
bellevue_ne8th,A7,195,1734363348,358488737,3206,8,4,4,2,3,0.0025,5,1,False,
bellevue_ne8th,A9,195,1734363348,358488737,3206,8,4,4,4,4,0.001,10,1,False,
bellevue_ne8th,A5,196,1247347859,481102874,7990,9,4,4,4,4,0.005,9,0.998623279098874,False,
bellevue_ne8th,A6,196,1247347859,481102874,7990,9,4,4,4,4,0.005,9,0.998623279098874,False,
bellevue_ne8th,A7,196,1247347859,481102874,7990,9,4,4,1,3,0.005,3,1,False,
bellevue_ne8th,A9,196,1247347859,481102874,7990,9,4,4,4,4,0.005,9,0.998623279098874,False,
bellevue_ne8th,A5,197,985755273,1857119039,5287,9,4,4,4,4,0.005,9,0.997919425004729,False,
bellevue_ne8th,A6,197,985755273,1857119039,5287,9,4,4,4,4,0.005,9,0.997919425004729,False,
bellevue_ne8th,A7,197,985755273,1857119039,5287,9,4,4,1,3,0.005,3,1,False,
bellevue_ne8th,A9,197,985755273,1857119039,5287,9,4,4,4,4,0.005,9,0.997919425004729,False,
bellevue_ne8th,A5,198,1049574870,373569065,5143,9,4,4,4,4,0.005,9,0.997861170523041,False,
bellevue_ne8th,A6,198,1049574870,373569065,5143,9,4,4,4,4,0.005,9,0.997861170523041,False,
bellevue_ne8th,A7,198,1049574870,373569065,5143,9,4,4,2,3,0.005,5,1,False,
bellevue_ne8th,A9,198,1049574870,373569065,5143,9,4,4,4,4,0.005,9,0.997861170523041,False,
bellevue_ne8th,A5,199,1713713172,2118239005,5925,7,4,4,4,4,0.001,10,0.999662447257384,False,
bellevue_ne8th,A6,199,1713713172,2118239005,5925,7,4,4,4,4,0.001,10,0.999662447257384,False,
bellevue_ne8th,A7,199,1713713172,2118239005,5925,7,4,4,2,3,0.005,5,1,False,
bellevue_ne8th,A9,199,1713713172,2118239005,5925,7,4,4,4,4,0.001,10,0.999662447257384,False,
bellevue_ne8th,A5,200,924217604,1140062954,5942,10,4,4,4,4,0.005,9,0.99781218444968,False,
bellevue_ne8th,A6,200,924217604,1140062954,5942,10,4,4,4,4,0.005,9,0.99781218444968,False,
bellevue_ne8th,A7,200,924217604,1140062954,5942,10,4,4,2,3,0.005,5,1,False,
bellevue_ne8th,A9,200,924217604,1140062954,5942,10,4,4,4,4,0.005,9,0.99781218444968,False,
bellevue_ne8th,A5,201,617935032,560565603,4975,9,4,4,4,4,0.001,10,0.999798994974874,False,
bellevue_ne8th,A6,201,617935032,560565603,4975,9,4,4,4,4,0.001,10,0.999798994974874,False,
bellevue_ne8th,A7,201,617935032,560565603,4975,9,4,4,1,3,0.005,3,1,False,
bellevue_ne8th,A9,201,617935032,560565603,4975,9,4,4,4,4,0.001,10,0.999798994974874,False,
bellevue_ne8th,A5,202,611341735,934387763,5651,8,4,4,4,4,0.005,9,0.998938241019289,False,
bellevue_ne8th,A6,202,611341735,934387763,5651,8,4,4,4,4,0.005,9,0.998938241019289,False,
bellevue_ne8th,A7,202,611341735,934387763,5651,8,4,4,1,3,0.005,3,1,False,
bellevue_ne8th,A9,202,611341735,934387763,5651,8,4,4,4,4,0.005,9,0.998938241019289,False,
bellevue_ne8th,A5,203,1160493666,1584478585,5339,9,4,4,4,4,0.001,10,1,False,
bellevue_ne8th,A6,203,1160493666,1584478585,5339,9,4,4,4,4,0.001,10,1,False,
bellevue_ne8th,A7,203,1160493666,1584478585,5339,9,4,4,1,3,0.005,3,1,False,
bellevue_ne8th,A9,203,1160493666,1584478585,5339,9,4,4,4,4,0.001,10,1,False,
bellevue_ne8th,A5,204,152991231,1436967852,6112,9,4,4,4,4,0.005,9,0.997873036649215,False,
bellevue_ne8th,A6,204,152991231,1436967852,6112,9,4,4,4,4,0.005,9,0.997873036649215,False,
bellevue_ne8th,A7,204,152991231,1436967852,6112,9,4,4,1,3,0.005,3,1,False,
bellevue_ne8th,A9,204,152991231,1436967852,6112,9,4,4,4,4,0.005,9,0.997873036649215,False,
bellevue_ne8th,A5,205,650195967,768735877,3017,10,4,4,4,4,0.001,10,1,False,
bellevue_ne8th,A6,205,650195967,768735877,3017,10,4,4,4,4,0.001,10,1,False,
bellevue_ne8th,A7,205,650195967,768735877,3017,10,4,4,1,3,0.005,3,1,False,
bellevue_ne8th,A9,205,650195967,768735877,3017,10,4,4,4,4,0.001,10,1,False,
bellevue_ne8th,A5,206,1800804793,1873218312,7758,8,4,4,4,4,0.005,9,0.997293116782676,False,
bellevue_ne8th,A6,206,1800804793,1873218312,7758,8,4,4,4,4,0.005,9,0.997293116782676,False,
bellevue_ne8th,A7,206,1800804793,1873218312,7758,8,4,4,2,3,0.0025,5,1,False,
bellevue_ne8th,A9,206,1800804793,1873218312,7758,8,4,4,4,4,0.005,9,0.997293116782676,False,
bellevue_ne8th,A5,207,208036470,618822879,10262,8,4,4,4,4,0.005,9,0.997758721496784,False,
bellevue_ne8th,A6,207,208036470,618822879,10262,8,4,4,4,4,0.005,9,0.997758721496784,False,
bellevue_ne8th,A7,207,208036470,618822879,10262,8,4,4,1,3,0.005,3,1,False,
bellevue_ne8th,A9,207,208036470,618822879,10262,8,4,4,4,4,0.005,9,0.997758721496784,False,
bellevue_ne8th,A5,208,1344221879,715995618,5163,9,4,4,4,4,0.001,10,1,False,
bellevue_ne8th,A6,208,1344221879,715995618,5163,9,4,4,4,4,0.001,10,1,False,
bellevue_ne8th,A7,208,1344221879,715995618,5163,9,4,4,1,3,0.005,3,1,False,
bellevue_ne8th,A9,208,1344221879,715995618,5163,9,4,4,4,4,0.001,10,1,False,
bellevue_ne8th,A5,209,457361845,1137867611,5330,9,4,4,4,4,0.005,9,0.997936210131332,False,
bellevue_ne8th,A6,209,457361845,1137867611,5330,9,4,4,4,4,0.005,9,0.997936210131332,False,
bellevue_ne8th,A7,209,457361845,1137867611,5330,9,4,4,2,3,0.005,5,1,False,
bellevue_ne8th,A9,209,457361845,1137867611,5330,9,4,4,4,4,0.005,9,0.997936210131332,False,
bellevue_ne8th,A5,210,1652797379,194777719,5176,8,4,4,4,4,0.001,10,1,False,
bellevue_ne8th,A6,210,1652797379,194777719,5176,8,4,4,4,4,0.001,10,1,False,
bellevue_ne8th,A7,210,1652797379,194777719,5176,8,4,4,2,3,0.005,5,1,False,
bellevue_ne8th,A9,210,1652797379,194777719,5176,8,4,4,4,4,0.001,10,1,False,
bellevue_ne8th,A5,211,1299011750,1958278513,7113,8,4,4,4,4,0.001,10,0.999718824687192,False,
bellevue_ne8th,A6,211,1299011750,1958278513,7113,8,4,4,4,4,0.001,10,0.999718824687192,False,
bellevue_ne8th,A7,211,1299011750,1958278513,7113,8,4,4,1,3,0.005,3,1,False,
bellevue_ne8th,A9,211,1299011750,1958278513,7113,8,4,4,4,4,0.001,10,0.999718824687192,False,
bellevue_ne8th,A5,212,1328441025,398537174,4273,8,4,4,4,4,0.001,10,1,False,
bellevue_ne8th,A6,212,1328441025,398537174,4273,8,4,4,4,4,0.001,10,1,False,
bellevue_ne8th,A7,212,1328441025,398537174,4273,8,4,4,1,2,0.005,2,1,False,
bellevue_ne8th,A9,212,1328441025,398537174,4273,8,4,4,4,4,0.001,10,1,False,
bellevue_ne8th,A5,213,439898511,1114031064,6431,6,4,4,4,4,0.005,9,0.993158140258125,False,
bellevue_ne8th,A6,213,439898511,1114031064,6431,6,4,4,4,4,0.005,9,0.993158140258125,False,
bellevue_ne8th,A7,213,439898511,1114031064,6431,6,4,4,2,3,0.0025,5,1,False,
bellevue_ne8th,A9,213,439898511,1114031064,6431,6,4,4,4,4,0.005,9,0.993158140258125,False,
bellevue_ne8th,A5,214,1583951545,1800685329,5107,8,4,4,4,4,0.001,10,0.999804190327002,False,
bellevue_ne8th,A6,214,1583951545,1800685329,5107,8,4,4,4,4,0.001,10,0.999804190327002,False,
bellevue_ne8th,A7,214,1583951545,1800685329,5107,8,4,4,1,3,0.005,3,1,False,
bellevue_ne8th,A9,214,1583951545,1800685329,5107,8,4,4,4,4,0.001,10,0.999804190327002,False,
bellevue_ne8th,A5,215,1139857950,485422758,6067,8,4,4,4,4,0.001,10,0.999835173891544,False,
bellevue_ne8th,A6,215,1139857950,485422758,6067,8,4,4,4,4,0.001,10,0.999835173891544,False,
bellevue_ne8th,A7,215,1139857950,485422758,6067,8,4,4,1,3,0.005,3,1,False,
bellevue_ne8th,A9,215,1139857950,485422758,6067,8,4,4,4,4,0.001,10,0.999835173891544,False,
bellevue_ne8th,A5,216,967880566,2108807733,6206,7,4,4,4,4,0.005,9,0.99758298420883,False,
bellevue_ne8th,A6,216,967880566,2108807733,6206,7,4,4,4,4,0.005,9,0.99758298420883,False,
bellevue_ne8th,A7,216,967880566,2108807733,6206,7,4,4,1,3,0.005,3,1,False,
bellevue_ne8th,A9,216,967880566,2108807733,6206,7,4,4,4,4,0.005,9,0.99758298420883,False,
bellevue_ne8th,A5,217,1320205303,2122361451,6576,8,4,4,4,4,0.005,9,0.998935523114355,False,
bellevue_ne8th,A6,217,1320205303,2122361451,6576,8,4,4,4,4,0.005,9,0.998935523114355,False,
bellevue_ne8th,A7,217,1320205303,2122361451,6576,8,4,4,1,3,0.005,3,1,False,
bellevue_ne8th,A9,217,1320205303,2122361451,6576,8,4,4,4,4,0.005,9,0.998935523114355,False,
bellevue_ne8th,A5,218,1744882168,667764281,6780,7,4,4,4,4,0.005,9,0.998377581120944,False,
bellevue_ne8th,A6,218,1744882168,667764281,6780,7,4,4,4,4,0.005,9,0.998377581120944,False,
bellevue_ne8th,A7,218,1744882168,667764281,6780,7,4,4,2,3,0.0025,5,1,False,
bellevue_ne8th,A9,218,1744882168,667764281,6780,7,4,4,4,4,0.005,9,0.998377581120944,False,
bellevue_ne8th,A5,219,697275941,1395078335,4498,8,4,4,4,4,0.001,10,1,False,
bellevue_ne8th,A6,219,697275941,1395078335,4498,8,4,4,4,4,0.001,10,1,False,
bellevue_ne8th,A7,219,697275941,1395078335,4498,8,4,4,1,3,0.005,3,1,False,
bellevue_ne8th,A9,219,697275941,1395078335,4498,8,4,4,4,4,0.001,10,1,False,
bellevue_ne8th,A5,220,1849639459,650398538,6593,7,4,4,4,4,0.005,9,0.998179887759745,False,
bellevue_ne8th,A6,220,1849639459,650398538,6593,7,4,4,4,4,0.005,9,0.998179887759745,False,
bellevue_ne8th,A7,220,1849639459,650398538,6593,7,4,4,2,3,0.005,5,1,False,
bellevue_ne8th,A9,220,1849639459,650398538,6593,7,4,4,4,4,0.005,9,0.998179887759745,False,
bellevue_ne8th,A5,221,780405030,1811114603,8561,8,4,4,4,4,0.005,9,0.998598294591753,False,
bellevue_ne8th,A6,221,780405030,1811114603,8561,8,4,4,4,4,0.005,9,0.998598294591753,False,
bellevue_ne8th,A7,221,780405030,1811114603,8561,8,4,4,1,3,0.005,3,1,False,
bellevue_ne8th,A9,221,780405030,1811114603,8561,8,4,4,4,4,0.005,9,0.998598294591753,False,
bellevue_ne8th,A5,222,470603507,474210164,5438,8,4,4,4,4,0.001,10,1,False,
bellevue_ne8th,A6,222,470603507,474210164,5438,8,4,4,4,4,0.001,10,1,False,
bellevue_ne8th,A7,222,470603507,474210164,5438,8,4,4,1,3,0.005,3,1,False,
bellevue_ne8th,A9,222,470603507,474210164,5438,8,4,4,4,4,0.001,10,1,False,
bellevue_ne8th,A5,223,1359558873,1378353897,10055,8,4,4,4,4,0.005,9,0.997812033814023,False,
bellevue_ne8th,A6,223,1359558873,1378353897,10055,8,4,4,4,4,0.005,9,0.997812033814023,False,
bellevue_ne8th,A7,223,1359558873,1378353897,10055,8,4,4,1,3,0.005,3,1,False,
bellevue_ne8th,A9,223,1359558873,1378353897,10055,8,4,4,4,4,0.005,9,0.997812033814023,False,
bellevue_ne8th,A5,224,179609462,907987770,3793,8,4,4,4,4,0.0025,10,1,False,
bellevue_ne8th,A6,224,179609462,907987770,3793,8,4,4,4,4,0.0025,10,1,False,
bellevue_ne8th,A7,224,179609462,907987770,3793,8,4,4,2,3,0.0025,5,1,False,
bellevue_ne8th,A9,224,179609462,907987770,3793,8,4,4,4,4,0.0025,10,1,False,
bellevue_ne8th,A5,225,1592546444,1659661027,8608,6,4,4,4,4,0.001,10,1,False,
bellevue_ne8th,A6,225,1592546444,1659661027,8608,6,4,4,4,4,0.001,10,1,False,
bellevue_ne8th,A7,225,1592546444,1659661027,8608,6,4,4,1,3,0.005,3,1,False,
bellevue_ne8th,A9,225,1592546444,1659661027,8608,6,4,4,4,4,0.001,10,1,False,
bellevue_ne8th,A5,226,2094820537,1750479831,4845,9,4,4,4,4,0.001,10,0.999587203302374,False,
bellevue_ne8th,A6,226,2094820537,1750479831,4845,9,4,4,4,4,0.001,10,0.999587203302374,False,
bellevue_ne8th,A7,226,2094820537,1750479831,4845,9,4,4,1,3,0.005,3,1,False,
bellevue_ne8th,A9,226,2094820537,1750479831,4845,9,4,4,4,4,0.001,10,0.999587203302374,False,
bellevue_ne8th,A5,227,1003163678,22474616,7921,7,4,4,4,4,0.005,9,0.997727559651559,False,
bellevue_ne8th,A6,227,1003163678,22474616,7921,7,4,4,4,4,0.005,9,0.997727559651559,False,
bellevue_ne8th,A7,227,1003163678,22474616,7921,7,4,4,1,3,0.005,3,1,False,
bellevue_ne8th,A9,227,1003163678,22474616,7921,7,4,4,4,4,0.005,9,0.997727559651559,False,
bellevue_ne8th,A5,228,143451752,1604659651,4603,9,4,4,4,4,0.001,10,1,False,
bellevue_ne8th,A6,228,143451752,1604659651,4603,9,4,4,4,4,0.001,10,1,False,
bellevue_ne8th,A7,228,143451752,1604659651,4603,9,4,4,2,3,0.0025,5,1,False,
bellevue_ne8th,A9,228,143451752,1604659651,4603,9,4,4,4,4,0.001,10,1,False,
bellevue_ne8th,A5,229,331565587,1971263972,4713,8,4,4,4,4,0.005,9,0.997453851050286,False,
bellevue_ne8th,A6,229,331565587,1971263972,4713,8,4,4,4,4,0.005,9,0.997453851050286,False,
bellevue_ne8th,A7,229,331565587,1971263972,4713,8,4,4,1,3,0.005,3,1,False,
bellevue_ne8th,A9,229,331565587,1971263972,4713,8,4,4,4,4,0.005,9,0.997453851050286,False,
bellevue_ne8th,A5,230,965813444,885428686,3346,9,4,4,4,4,0.001,10,1,False,
bellevue_ne8th,A6,230,965813444,885428686,3346,9,4,4,4,4,0.001,10,1,False,
bellevue_ne8th,A7,230,965813444,885428686,3346,9,4,4,2,2,0.005,4,1,False,
bellevue_ne8th,A9,230,965813444,885428686,3346,9,4,4,4,4,0.001,10,1,False,
bellevue_ne8th,A5,231,968326123,897419575,6894,9,4,4,4,4,0.005,9,0.999709892660284,False,
bellevue_ne8th,A6,231,968326123,897419575,6894,9,4,4,4,4,0.005,9,0.999709892660284,False,
bellevue_ne8th,A7,231,968326123,897419575,6894,9,4,4,2,3,0.005,5,1,False,
bellevue_ne8th,A9,231,968326123,897419575,6894,9,4,4,4,4,0.005,9,0.999709892660284,False,
bellevue_ne8th,A5,232,1308342783,67591341,9501,8,4,4,4,4,0.005,9,0.9970529417956,False,
bellevue_ne8th,A6,232,1308342783,67591341,9501,8,4,4,4,4,0.005,9,0.9970529417956,False,
bellevue_ne8th,A7,232,1308342783,67591341,9501,8,4,4,1,3,0.005,3,1,False,
bellevue_ne8th,A9,232,1308342783,67591341,9501,8,4,4,4,4,0.005,9,0.9970529417956,False,
bellevue_ne8th,A5,233,614370222,253391733,6141,8,4,4,4,4,0.005,9,0.997394561146393,False,
bellevue_ne8th,A6,233,614370222,253391733,6141,8,4,4,4,4,0.005,9,0.997394561146393,False,
bellevue_ne8th,A7,233,614370222,253391733,6141,8,4,4,1,3,0.005,3,1,False,
bellevue_ne8th,A9,233,614370222,253391733,6141,8,4,4,4,4,0.005,9,0.997394561146393,False,
bellevue_ne8th,A5,234,1579245675,1735196054,5202,10,4,4,4,4,0.001,10,1,False,
bellevue_ne8th,A6,234,1579245675,1735196054,5202,10,4,4,4,4,0.001,10,1,False,
bellevue_ne8th,A7,234,1579245675,1735196054,5202,10,4,4,2,3,0.005,5,1,False,
bellevue_ne8th,A9,234,1579245675,1735196054,5202,10,4,4,4,4,0.001,10,1,False,
bellevue_ne8th,A5,235,1753646215,1394754661,4431,8,4,4,4,4,0.001,10,1,False,
bellevue_ne8th,A6,235,1753646215,1394754661,4431,8,4,4,4,4,0.001,10,1,False,
bellevue_ne8th,A7,235,1753646215,1394754661,4431,8,4,4,1,3,0.005,3,1,False,
bellevue_ne8th,A9,235,1753646215,1394754661,4431,8,4,4,4,4,0.001,10,1,False,
bellevue_ne8th,A5,236,301995457,66195537,4787,9,4,4,4,4,0.001,10,1,False,
bellevue_ne8th,A6,236,301995457,66195537,4787,9,4,4,4,4,0.001,10,1,False,
bellevue_ne8th,A7,236,301995457,66195537,4787,9,4,4,2,3,0.0025,5,1,False,
bellevue_ne8th,A9,236,301995457,66195537,4787,9,4,4,4,4,0.001,10,1,False,
bellevue_ne8th,A5,237,489083133,723431933,1871,7,4,4,4,4,0.001,10,1,False,
bellevue_ne8th,A6,237,489083133,723431933,1871,7,4,4,4,4,0.001,10,1,False,
bellevue_ne8th,A7,237,489083133,723431933,1871,7,4,4,2,3,0.005,5,1,False,
bellevue_ne8th,A9,237,489083133,723431933,1871,7,4,4,4,4,0.001,10,1,False,
bellevue_ne8th,A5,238,1582045068,1377891050,8443,8,4,4,4,4,0.005,9,0.998104939002724,False,
bellevue_ne8th,A6,238,1582045068,1377891050,8443,8,4,4,4,4,0.005,9,0.998104939002724,False,
bellevue_ne8th,A7,238,1582045068,1377891050,8443,8,4,4,1,3,0.005,3,1,False,
bellevue_ne8th,A9,238,1582045068,1377891050,8443,8,4,4,4,4,0.005,9,0.998104939002724,False,
bellevue_ne8th,A5,239,23279340,1497668664,5019,7,4,4,4,4,0.005,9,0.997609085475194,False,
bellevue_ne8th,A6,239,23279340,1497668664,5019,7,4,4,4,4,0.005,9,0.997609085475194,False,
bellevue_ne8th,A7,239,23279340,1497668664,5019,7,4,4,2,3,0.005,5,1,False,
bellevue_ne8th,A9,239,23279340,1497668664,5019,7,4,4,4,4,0.005,9,0.997609085475194,False,
bellevue_ne8th,A5,240,137353244,92772430,3337,9,4,4,4,4,0.005,9,0.997902307461792,False,
bellevue_ne8th,A6,240,137353244,92772430,3337,9,4,4,4,4,0.005,9,0.997902307461792,False,
bellevue_ne8th,A7,240,137353244,92772430,3337,9,4,4,2,3,0.0025,5,1,False,
bellevue_ne8th,A9,240,137353244,92772430,3337,9,4,4,4,4,0.005,9,0.997902307461792,False,
bellevue_ne8th,A5,241,671686550,1434236445,5210,8,4,4,4,4,0.005,9,0.998080614203455,False,
bellevue_ne8th,A6,241,671686550,1434236445,5210,8,4,4,4,4,0.005,9,0.998080614203455,False,
bellevue_ne8th,A7,241,671686550,1434236445,5210,8,4,4,1,3,0.005,3,1,False,
bellevue_ne8th,A9,241,671686550,1434236445,5210,8,4,4,4,4,0.005,9,0.998080614203455,False,
bellevue_ne8th,A5,242,1922572584,80875596,4912,10,4,4,4,4,0.005,9,0.998167752442997,False,
bellevue_ne8th,A6,242,1922572584,80875596,4912,10,4,4,4,4,0.005,9,0.998167752442997,False,
bellevue_ne8th,A7,242,1922572584,80875596,4912,10,4,4,1,3,0.005,3,1,False,
bellevue_ne8th,A9,242,1922572584,80875596,4912,10,4,4,4,4,0.005,9,0.998167752442997,False,
bellevue_ne8th,A5,243,1327737985,301334679,2787,8,4,4,4,4,0.0025,10,1,False,
bellevue_ne8th,A6,243,1327737985,301334679,2787,8,4,4,4,4,0.0025,10,1,False,
bellevue_ne8th,A7,243,1327737985,301334679,2787,8,4,4,2,3,0.005,5,1,False,
bellevue_ne8th,A9,243,1327737985,301334679,2787,8,4,4,4,4,0.0025,10,1,False,
bellevue_ne8th,A5,244,1638832787,577083472,2556,7,4,4,4,4,0.001,10,1,False,
bellevue_ne8th,A6,244,1638832787,577083472,2556,7,4,4,4,4,0.001,10,1,False,
bellevue_ne8th,A7,244,1638832787,577083472,2556,7,4,4,2,3,0.0025,5,1,False,
bellevue_ne8th,A9,244,1638832787,577083472,2556,7,4,4,4,4,0.001,10,1,False,
bellevue_ne8th,A5,245,1462234121,1390091581,7387,9,4,4,4,4,0.005,9,0.997292540950318,False,
bellevue_ne8th,A6,245,1462234121,1390091581,7387,9,4,4,4,4,0.005,9,0.997292540950318,False,
bellevue_ne8th,A7,245,1462234121,1390091581,7387,9,4,4,1,3,0.005,3,1,False,
bellevue_ne8th,A9,245,1462234121,1390091581,7387,9,4,4,4,4,0.005,9,0.997292540950318,False,
bellevue_ne8th,A5,246,1649112276,1901946955,5905,8,4,4,4,4,0.005,9,0.998306519898391,False,
bellevue_ne8th,A6,246,1649112276,1901946955,5905,8,4,4,4,4,0.005,9,0.998306519898391,False,
bellevue_ne8th,A7,246,1649112276,1901946955,5905,8,4,4,1,3,0.005,3,1,False,
bellevue_ne8th,A9,246,1649112276,1901946955,5905,8,4,4,4,4,0.005,9,0.998306519898391,False,
bellevue_ne8th,A5,247,390848772,1384734107,3957,10,4,4,4,4,0.005,9,0.998989133181703,False,
bellevue_ne8th,A6,247,390848772,1384734107,3957,10,4,4,4,4,0.005,9,0.998989133181703,False,
bellevue_ne8th,A7,247,390848772,1384734107,3957,10,4,4,1,3,0.005,3,1,False,
bellevue_ne8th,A9,247,390848772,1384734107,3957,10,4,4,4,4,0.005,9,0.998989133181703,False,
bellevue_ne8th,A5,248,1065120271,425119404,4710,8,4,4,4,4,0.001,10,1,False,
bellevue_ne8th,A6,248,1065120271,425119404,4710,8,4,4,4,4,0.001,10,1,False,
bellevue_ne8th,A7,248,1065120271,425119404,4710,8,4,4,1,3,0.005,3,1,False,
bellevue_ne8th,A9,248,1065120271,425119404,4710,8,4,4,4,4,0.001,10,1,False,
bellevue_ne8th,A5,249,1875565026,48739118,6696,8,4,4,4,4,0.005,9,0.997013142174432,False,
bellevue_ne8th,A6,249,1875565026,48739118,6696,8,4,4,4,4,0.005,9,0.997013142174432,False,
bellevue_ne8th,A7,249,1875565026,48739118,6696,8,4,4,1,3,0.005,3,1,False,
bellevue_ne8th,A9,249,1875565026,48739118,6696,8,4,4,4,4,0.005,9,0.997013142174432,False,
bellevue_ne8th,A5,250,2083443654,304446232,3568,7,4,4,4,4,0.02,8,0.989069506726457,False,
bellevue_ne8th,A6,250,2083443654,304446232,3568,7,4,4,4,4,0.02,8,0.989069506726457,False,
bellevue_ne8th,A7,250,2083443654,304446232,3568,7,4,4,2,3,0.0025,5,1,False,
bellevue_ne8th,A9,250,2083443654,304446232,3568,7,4,4,4,4,0.02,8,0.989069506726457,False,
bellevue_ne8th,A5,251,1647900210,1444674450,6735,7,4,4,4,4,0.005,9,0.997921306607275,False,
bellevue_ne8th,A6,251,1647900210,1444674450,6735,7,4,4,4,4,0.005,9,0.997921306607275,False,
bellevue_ne8th,A7,251,1647900210,1444674450,6735,7,4,4,2,3,0.0025,5,1,False,
bellevue_ne8th,A9,251,1647900210,1444674450,6735,7,4,4,4,4,0.005,9,0.997921306607275,False,
bellevue_ne8th,A5,252,1287015482,1010007153,3136,5,4,4,4,4,0.02,8,0.988201530612245,False,
bellevue_ne8th,A6,252,1287015482,1010007153,3136,5,4,4,4,4,0.02,8,0.988201530612245,False,
bellevue_ne8th,A7,252,1287015482,1010007153,3136,5,4,4,2,3,0.0025,5,1,False,
bellevue_ne8th,A9,252,1287015482,1010007153,3136,5,4,4,4,4,0.02,8,0.988201530612245,False,
bellevue_ne8th,A5,253,1688487046,1651938396,5605,8,4,4,4,4,0.005,9,0.998751115075825,False,
bellevue_ne8th,A6,253,1688487046,1651938396,5605,8,4,4,4,4,0.005,9,0.998751115075825,False,
bellevue_ne8th,A7,253,1688487046,1651938396,5605,8,4,4,1,3,0.005,3,1,False,
bellevue_ne8th,A9,253,1688487046,1651938396,5605,8,4,4,4,4,0.005,9,0.998751115075825,False,
bellevue_ne8th,A5,254,1279766573,137248231,4435,8,4,4,4,4,0.001,10,1,False,
bellevue_ne8th,A6,254,1279766573,137248231,4435,8,4,4,4,4,0.001,10,1,False,
bellevue_ne8th,A7,254,1279766573,137248231,4435,8,4,4,1,3,0.005,3,1,False,
bellevue_ne8th,A9,254,1279766573,137248231,4435,8,4,4,4,4,0.001,10,1,False,
bellevue_ne8th,A5,255,1633146298,1195530750,5021,7,4,4,4,4,0.005,9,0.998605855407289,False,
bellevue_ne8th,A6,255,1633146298,1195530750,5021,7,4,4,4,4,0.005,9,0.998605855407289,False,
bellevue_ne8th,A7,255,1633146298,1195530750,5021,7,4,4,1,3,0.005,3,1,False,
bellevue_ne8th,A9,255,1633146298,1195530750,5021,7,4,4,4,4,0.005,9,0.998605855407289,False,
bellevue_ne8th,A5,256,337911879,396077493,4892,7,4,4,4,4,0.02,8,0.990801308258381,False,
bellevue_ne8th,A6,256,337911879,396077493,4892,7,4,4,4,4,0.02,8,0.990801308258381,False,
bellevue_ne8th,A7,256,337911879,396077493,4892,7,4,4,1,3,0.005,3,1,False,
bellevue_ne8th,A9,256,337911879,396077493,4892,7,4,4,4,4,0.02,8,0.990801308258381,False,
bellevue_ne8th,A5,257,85916963,1739536006,5622,11,4,4,4,4,0.005,9,0.997154037709,False,
bellevue_ne8th,A6,257,85916963,1739536006,5622,11,4,4,4,4,0.005,9,0.997154037709,False,
bellevue_ne8th,A7,257,85916963,1739536006,5622,11,4,4,1,3,0.005,3,1,False,
bellevue_ne8th,A9,257,85916963,1739536006,5622,11,4,4,4,4,0.005,9,0.997154037709,False,
bellevue_ne8th,A5,258,823835398,646001343,6589,8,4,4,4,4,0.005,9,0.998785855213234,False,
bellevue_ne8th,A6,258,823835398,646001343,6589,8,4,4,4,4,0.005,9,0.998785855213234,False,
bellevue_ne8th,A7,258,823835398,646001343,6589,8,4,4,2,3,0.005,5,1,False,
bellevue_ne8th,A9,258,823835398,646001343,6589,8,4,4,4,4,0.005,9,0.998785855213234,False,
bellevue_ne8th,A5,259,1080276530,77208450,7037,8,4,4,4,4,0.005,9,0.998294727866989,False,
bellevue_ne8th,A6,259,1080276530,77208450,7037,8,4,4,4,4,0.005,9,0.998294727866989,False,
bellevue_ne8th,A7,259,1080276530,77208450,7037,8,4,4,2,3,0.005,5,1,False,
bellevue_ne8th,A9,259,1080276530,77208450,7037,8,4,4,4,4,0.005,9,0.998294727866989,False,
bellevue_ne8th,A5,260,1252368044,1461273426,6382,8,4,4,4,4,0.001,10,0.999843309307427,False,
bellevue_ne8th,A6,260,1252368044,1461273426,6382,8,4,4,4,4,0.001,10,0.999843309307427,False,
bellevue_ne8th,A7,260,1252368044,1461273426,6382,8,4,4,2,3,0.005,5,1,False,
bellevue_ne8th,A9,260,1252368044,1461273426,6382,8,4,4,4,4,0.001,10,0.999843309307427,False,
bellevue_ne8th,A5,261,1484973348,585136372,5008,9,4,4,4,4,0.005,9,0.997603833865815,False,
bellevue_ne8th,A6,261,1484973348,585136372,5008,9,4,4,4,4,0.005,9,0.997603833865815,False,
bellevue_ne8th,A7,261,1484973348,585136372,5008,9,4,4,1,3,0.005,3,1,False,
bellevue_ne8th,A9,261,1484973348,585136372,5008,9,4,4,4,4,0.005,9,0.997603833865815,False,
bellevue_ne8th,A5,262,1001522241,1316325584,7279,7,4,4,4,4,0.005,9,0.997664514356368,False,
bellevue_ne8th,A6,262,1001522241,1316325584,7279,7,4,4,4,4,0.005,9,0.997664514356368,False,
bellevue_ne8th,A7,262,1001522241,1316325584,7279,7,4,4,1,3,0.005,3,1,False,
bellevue_ne8th,A9,262,1001522241,1316325584,7279,7,4,4,4,4,0.005,9,0.997664514356368,False,
bellevue_ne8th,A5,263,541959767,917163845,3699,9,4,4,4,4,0.001,10,1,False,
bellevue_ne8th,A6,263,541959767,917163845,3699,9,4,4,4,4,0.001,10,1,False,
bellevue_ne8th,A7,263,541959767,917163845,3699,9,4,4,1,3,0.005,3,1,False,
bellevue_ne8th,A9,263,541959767,917163845,3699,9,4,4,4,4,0.001,10,1,False,
bellevue_ne8th,A5,264,1023802264,1967708130,6179,9,4,4,4,4,0.001,10,1,False,
bellevue_ne8th,A6,264,1023802264,1967708130,6179,9,4,4,4,4,0.001,10,1,False,
bellevue_ne8th,A7,264,1023802264,1967708130,6179,9,4,4,1,3,0.005,3,1,False,
bellevue_ne8th,A9,264,1023802264,1967708130,6179,9,4,4,4,4,0.001,10,1,False,
bellevue_ne8th,A5,265,72659944,1622100503,5480,11,4,4,4,4,0.001,10,1,False,
bellevue_ne8th,A6,265,72659944,1622100503,5480,11,4,4,4,4,0.001,10,1,False,
bellevue_ne8th,A7,265,72659944,1622100503,5480,11,4,4,1,3,0.005,3,1,False,
bellevue_ne8th,A9,265,72659944,1622100503,5480,11,4,4,4,4,0.001,10,1,False,
bellevue_ne8th,A5,266,395041010,570815670,5330,8,4,4,4,4,0.005,9,0.998874296435272,False,
bellevue_ne8th,A6,266,395041010,570815670,5330,8,4,4,4,4,0.005,9,0.998874296435272,False,
bellevue_ne8th,A7,266,395041010,570815670,5330,8,4,4,1,3,0.005,3,1,False,
bellevue_ne8th,A9,266,395041010,570815670,5330,8,4,4,4,4,0.005,9,0.998874296435272,False,
bellevue_ne8th,A5,267,470850084,1927410756,3849,9,4,4,4,4,0.005,9,0.998700961288646,False,
bellevue_ne8th,A6,267,470850084,1927410756,3849,9,4,4,4,4,0.005,9,0.998700961288646,False,
bellevue_ne8th,A7,267,470850084,1927410756,3849,9,4,4,2,3,0.0025,5,1,False,
bellevue_ne8th,A9,267,470850084,1927410756,3849,9,4,4,4,4,0.005,9,0.998700961288646,False,
bellevue_ne8th,A5,268,23154711,1020731684,4631,7,4,4,4,4,0.005,9,0.998056575253725,False,
bellevue_ne8th,A6,268,23154711,1020731684,4631,7,4,4,4,4,0.005,9,0.998056575253725,False,
bellevue_ne8th,A7,268,23154711,1020731684,4631,7,4,4,2,3,0.005,5,1,False,
bellevue_ne8th,A9,268,23154711,1020731684,4631,7,4,4,4,4,0.005,9,0.998056575253725,False,
bellevue_ne8th,A5,269,1037788073,59168199,6267,6,4,4,4,4,0.001,10,1,False,
bellevue_ne8th,A6,269,1037788073,59168199,6267,6,4,4,4,4,0.001,10,1,False,
bellevue_ne8th,A7,269,1037788073,59168199,6267,6,4,4,2,3,0.005,5,1,False,
bellevue_ne8th,A9,269,1037788073,59168199,6267,6,4,4,4,4,0.001,10,1,False,
bellevue_ne8th,A5,270,1019551125,200953194,7303,8,4,4,4,4,0.005,9,0.998356839654936,False,
bellevue_ne8th,A6,270,1019551125,200953194,7303,8,4,4,4,4,0.005,9,0.998356839654936,False,
bellevue_ne8th,A7,270,1019551125,200953194,7303,8,4,4,1,3,0.005,3,1,False,
bellevue_ne8th,A9,270,1019551125,200953194,7303,8,4,4,4,4,0.005,9,0.998356839654936,False,
bellevue_ne8th,A5,271,1650955429,957204215,5291,10,4,4,4,4,0.005,9,0.997164997164997,False,
bellevue_ne8th,A6,271,1650955429,957204215,5291,10,4,4,4,4,0.005,9,0.997164997164997,False,
bellevue_ne8th,A7,271,1650955429,957204215,5291,10,4,4,2,3,0.005,5,1,False,
bellevue_ne8th,A9,271,1650955429,957204215,5291,10,4,4,4,4,0.005,9,0.997164997164997,False,
bellevue_ne8th,A5,272,484543037,2039343929,5947,10,4,4,4,4,0.005,9,0.998654783924668,False,
bellevue_ne8th,A6,272,484543037,2039343929,5947,10,4,4,4,4,0.005,9,0.998654783924668,False,
bellevue_ne8th,A7,272,484543037,2039343929,5947,10,4,4,2,3,0.005,5,1,False,
bellevue_ne8th,A9,272,484543037,2039343929,5947,10,4,4,4,4,0.005,9,0.998654783924668,False,
bellevue_ne8th,A5,273,727025625,1229464873,4856,11,4,4,4,4,0.001,10,1,False,
bellevue_ne8th,A6,273,727025625,1229464873,4856,11,4,4,4,4,0.001,10,1,False,
bellevue_ne8th,A7,273,727025625,1229464873,4856,11,4,4,1,3,0.005,3,1,False,
bellevue_ne8th,A9,273,727025625,1229464873,4856,11,4,4,4,4,0.001,10,1,False,
bellevue_ne8th,A5,274,2114133114,27195952,4624,9,4,4,4,4,0.005,9,0.998053633217993,False,
bellevue_ne8th,A6,274,2114133114,27195952,4624,9,4,4,4,4,0.005,9,0.998053633217993,False,
bellevue_ne8th,A7,274,2114133114,27195952,4624,9,4,4,2,3,0.005,5,1,False,
bellevue_ne8th,A9,274,2114133114,27195952,4624,9,4,4,4,4,0.005,9,0.998053633217993,False,
bellevue_ne8th,A5,275,583634277,942160877,6664,9,4,4,4,4,0.001,10,0.999699879951981,False,
bellevue_ne8th,A6,275,583634277,942160877,6664,9,4,4,4,4,0.001,10,0.999699879951981,False,
bellevue_ne8th,A7,275,583634277,942160877,6664,9,4,4,2,3,0.005,5,1,False,
bellevue_ne8th,A9,275,583634277,942160877,6664,9,4,4,4,4,0.001,10,0.999699879951981,False,
bellevue_ne8th,A5,276,1352546033,1806779607,6431,8,4,4,4,4,0.005,9,0.99766754781527,False,
bellevue_ne8th,A6,276,1352546033,1806779607,6431,8,4,4,4,4,0.005,9,0.99766754781527,False,
bellevue_ne8th,A7,276,1352546033,1806779607,6431,8,4,4,1,3,0.005,3,1,False,
bellevue_ne8th,A9,276,1352546033,1806779607,6431,8,4,4,4,4,0.005,9,0.99766754781527,False,
bellevue_ne8th,A5,277,1861117514,1900417141,5857,9,4,4,4,4,0.005,9,0.997609697797507,False,
bellevue_ne8th,A6,277,1861117514,1900417141,5857,9,4,4,4,4,0.005,9,0.997609697797507,False,
bellevue_ne8th,A7,277,1861117514,1900417141,5857,9,4,4,1,3,0.005,3,1,False,
bellevue_ne8th,A9,277,1861117514,1900417141,5857,9,4,4,4,4,0.005,9,0.997609697797507,False,
bellevue_ne8th,A5,278,877290882,294363954,2864,7,4,4,4,4,0.001,10,1,False,
bellevue_ne8th,A6,278,877290882,294363954,2864,7,4,4,4,4,0.001,10,1,False,
bellevue_ne8th,A7,278,877290882,294363954,2864,7,4,4,2,2,0.005,4,1,False,
bellevue_ne8th,A9,278,877290882,294363954,2864,7,4,4,4,4,0.001,10,1,False,
bellevue_ne8th,A5,279,1523029661,1393172820,5966,8,4,4,4,4,0.005,9,0.997653369091519,False,
bellevue_ne8th,A6,279,1523029661,1393172820,5966,8,4,4,4,4,0.005,9,0.997653369091519,False,
bellevue_ne8th,A7,279,1523029661,1393172820,5966,8,4,4,2,3,0.005,5,1,False,
bellevue_ne8th,A9,279,1523029661,1393172820,5966,8,4,4,4,4,0.005,9,0.997653369091519,False,
bellevue_ne8th,A5,280,249503933,1700119653,5203,9,4,4,4,4,0.001,10,1,False,
bellevue_ne8th,A6,280,249503933,1700119653,5203,9,4,4,4,4,0.001,10,1,False,
bellevue_ne8th,A7,280,249503933,1700119653,5203,9,4,4,1,3,0.005,3,1,False,
bellevue_ne8th,A9,280,249503933,1700119653,5203,9,4,4,4,4,0.001,10,1,False,
bellevue_ne8th,A5,281,287176868,1160690234,6917,9,4,4,4,4,0.005,9,0.997686858464652,False,
bellevue_ne8th,A6,281,287176868,1160690234,6917,9,4,4,4,4,0.005,9,0.997686858464652,False,
bellevue_ne8th,A7,281,287176868,1160690234,6917,9,4,4,1,3,0.005,3,1,False,
bellevue_ne8th,A9,281,287176868,1160690234,6917,9,4,4,4,4,0.005,9,0.997686858464652,False,
bellevue_ne8th,A5,282,1410894206,1824366505,4373,6,4,4,4,4,0.005,8,0.992911045049165,False,
bellevue_ne8th,A6,282,1410894206,1824366505,4373,6,4,4,4,4,0.005,8,0.992911045049165,False,
bellevue_ne8th,A7,282,1410894206,1824366505,4373,6,4,4,1,3,0.005,3,1,False,
bellevue_ne8th,A9,282,1410894206,1824366505,4373,6,4,4,4,4,0.005,8,0.992911045049165,False,
bellevue_ne8th,A5,283,774353262,192289043,4298,9,4,4,4,4,0.005,9,0.997440670079107,False,
bellevue_ne8th,A6,283,774353262,192289043,4298,9,4,4,4,4,0.005,9,0.997440670079107,False,
bellevue_ne8th,A7,283,774353262,192289043,4298,9,4,4,1,3,0.005,3,1,False,
bellevue_ne8th,A9,283,774353262,192289043,4298,9,4,4,4,4,0.005,9,0.997440670079107,False,
bellevue_ne8th,A5,284,1029523232,1872399255,7883,8,4,4,4,4,0.005,9,0.998097171127743,False,
bellevue_ne8th,A6,284,1029523232,1872399255,7883,8,4,4,4,4,0.005,9,0.998097171127743,False,
bellevue_ne8th,A7,284,1029523232,1872399255,7883,8,4,4,1,3,0.005,3,1,False,
bellevue_ne8th,A9,284,1029523232,1872399255,7883,8,4,4,4,4,0.005,9,0.998097171127743,False,
bellevue_ne8th,A5,285,1545439014,1854766306,5407,10,4,4,4,4,0.005,9,0.997780654706862,False,
bellevue_ne8th,A6,285,1545439014,1854766306,5407,10,4,4,4,4,0.005,9,0.997780654706862,False,
bellevue_ne8th,A7,285,1545439014,1854766306,5407,10,4,4,1,3,0.005,3,1,False,
bellevue_ne8th,A9,285,1545439014,1854766306,5407,10,4,4,4,4,0.005,9,0.997780654706862,False,
bellevue_ne8th,A5,286,931066115,323132593,5736,9,4,4,4,4,0.005,9,0.997733612273361,False,
bellevue_ne8th,A6,286,931066115,323132593,5736,9,4,4,4,4,0.005,9,0.997733612273361,False,
bellevue_ne8th,A7,286,931066115,323132593,5736,9,4,4,2,3,0.005,5,1,False,
bellevue_ne8th,A9,286,931066115,323132593,5736,9,4,4,4,4,0.005,9,0.997733612273361,False,
bellevue_ne8th,A5,287,232647841,62618832,5168,10,4,4,4,4,0.001,10,1,False,
bellevue_ne8th,A6,287,232647841,62618832,5168,10,4,4,4,4,0.001,10,1,False,
bellevue_ne8th,A7,287,232647841,62618832,5168,10,4,4,1,3,0.005,3,1,False,
bellevue_ne8th,A9,287,232647841,62618832,5168,10,4,4,4,4,0.001,10,1,False,
bellevue_ne8th,A5,288,939266977,272513616,1951,8,4,4,4,4,0.001,10,1,False,
bellevue_ne8th,A6,288,939266977,272513616,1951,8,4,4,4,4,0.001,10,1,False,
bellevue_ne8th,A7,288,939266977,272513616,1951,8,4,4,2,2,0.0025,4,1,False,
bellevue_ne8th,A9,288,939266977,272513616,1951,8,4,4,4,4,0.001,10,1,False,
bellevue_ne8th,A5,289,1946103759,2077255931,6891,10,4,4,4,4,0.005,9,0.998258598171528,False,
bellevue_ne8th,A6,289,1946103759,2077255931,6891,10,4,4,4,4,0.005,9,0.998258598171528,False,
bellevue_ne8th,A7,289,1946103759,2077255931,6891,10,4,4,2,3,0.005,5,1,False,
bellevue_ne8th,A9,289,1946103759,2077255931,6891,10,4,4,4,4,0.005,9,0.998258598171528,False,
bellevue_ne8th,A5,290,219721403,1994419374,3747,8,4,4,4,4,0.005,9,0.997864958633573,False,
bellevue_ne8th,A6,290,219721403,1994419374,3747,8,4,4,4,4,0.005,9,0.997864958633573,False,
bellevue_ne8th,A7,290,219721403,1994419374,3747,8,4,4,1,3,0.005,3,1,False,
bellevue_ne8th,A9,290,219721403,1994419374,3747,8,4,4,4,4,0.005,9,0.997864958633573,False,
bellevue_ne8th,A5,291,211764361,641975410,4895,10,4,4,4,4,0.005,9,0.998774259448417,False,
bellevue_ne8th,A6,291,211764361,641975410,4895,10,4,4,4,4,0.005,9,0.998774259448417,False,
bellevue_ne8th,A7,291,211764361,641975410,4895,10,4,4,2,3,0.005,5,1,False,
bellevue_ne8th,A9,291,211764361,641975410,4895,10,4,4,4,4,0.005,9,0.998774259448417,False,
bellevue_ne8th,A5,292,259178901,1756121057,5710,8,4,4,4,4,0.001,10,0.999649737302977,False,
bellevue_ne8th,A6,292,259178901,1756121057,5710,8,4,4,4,4,0.001,10,0.999649737302977,False,
bellevue_ne8th,A7,292,259178901,1756121057,5710,8,4,4,2,3,0.005,5,1,False,
bellevue_ne8th,A9,292,259178901,1756121057,5710,8,4,4,4,4,0.001,10,0.999649737302977,False,
bellevue_ne8th,A5,293,2003950187,1774462301,2768,6,4,4,4,4,0.0025,10,1,False,
bellevue_ne8th,A6,293,2003950187,1774462301,2768,6,4,4,4,4,0.0025,10,1,False,
bellevue_ne8th,A7,293,2003950187,1774462301,2768,6,4,4,2,3,0.0025,5,1,False,
bellevue_ne8th,A9,293,2003950187,1774462301,2768,6,4,4,4,4,0.0025,10,1,False,
bellevue_ne8th,A5,294,1966212614,1880745532,6641,9,4,4,4,4,0.005,9,0.998042463484415,False,
bellevue_ne8th,A6,294,1966212614,1880745532,6641,9,4,4,4,4,0.005,9,0.998042463484415,False,
bellevue_ne8th,A7,294,1966212614,1880745532,6641,9,4,4,2,3,0.0025,5,1,False,
bellevue_ne8th,A9,294,1966212614,1880745532,6641,9,4,4,4,4,0.005,9,0.998042463484415,False,
bellevue_ne8th,A5,295,1944698921,1545302806,5336,9,4,4,4,4,0.001,10,1,False,
bellevue_ne8th,A6,295,1944698921,1545302806,5336,9,4,4,4,4,0.001,10,1,False,
bellevue_ne8th,A7,295,1944698921,1545302806,5336,9,4,4,2,3,0.0025,5,1,False,
bellevue_ne8th,A9,295,1944698921,1545302806,5336,9,4,4,4,4,0.001,10,1,False,
bellevue_ne8th,A5,296,1829750954,1356870322,7307,8,4,4,4,4,0.001,10,1,False,
bellevue_ne8th,A6,296,1829750954,1356870322,7307,8,4,4,4,4,0.001,10,1,False,
bellevue_ne8th,A7,296,1829750954,1356870322,7307,8,4,4,2,3,0.005,5,1,False,
bellevue_ne8th,A9,296,1829750954,1356870322,7307,8,4,4,4,4,0.001,10,1,False,
bellevue_ne8th,A5,297,1785169414,918255297,2700,8,4,4,4,4,0.001,10,1,False,
bellevue_ne8th,A6,297,1785169414,918255297,2700,8,4,4,4,4,0.001,10,1,False,
bellevue_ne8th,A7,297,1785169414,918255297,2700,8,4,4,2,2,0.005,4,1,False,
bellevue_ne8th,A9,297,1785169414,918255297,2700,8,4,4,4,4,0.001,10,1,False,
bellevue_ne8th,A5,298,1373855936,1099670085,4033,9,4,4,4,4,0.0025,10,1,False,
bellevue_ne8th,A6,298,1373855936,1099670085,4033,9,4,4,4,4,0.0025,10,1,False,
bellevue_ne8th,A7,298,1373855936,1099670085,4033,9,4,4,1,3,0.005,3,1,False,
bellevue_ne8th,A9,298,1373855936,1099670085,4033,9,4,4,4,4,0.0025,10,1,False,
bellevue_ne8th,A5,299,1311042949,137426967,3765,8,4,4,4,4,0.001,10,1,False,
bellevue_ne8th,A6,299,1311042949,137426967,3765,8,4,4,4,4,0.001,10,1,False,
bellevue_ne8th,A7,299,1311042949,137426967,3765,8,4,4,2,2,0.005,4,1,False,
bellevue_ne8th,A9,299,1311042949,137426967,3765,8,4,4,4,4,0.001,10,1,False,
bellevue_ne8th,A5,300,2088110758,256792933,2773,9,4,4,4,4,0.001,10,1,False,
bellevue_ne8th,A6,300,2088110758,256792933,2773,9,4,4,4,4,0.001,10,1,False,
bellevue_ne8th,A7,300,2088110758,256792933,2773,9,4,4,2,2,0.0025,4,1,False,
bellevue_ne8th,A9,300,2088110758,256792933,2773,9,4,4,4,4,0.001,10,1,False,
bellevue_ne8th,A5,301,807132254,1384444116,5629,8,4,4,4,4,0.001,10,1,False,
bellevue_ne8th,A6,301,807132254,1384444116,5629,8,4,4,4,4,0.001,10,1,False,
bellevue_ne8th,A7,301,807132254,1384444116,5629,8,4,4,1,3,0.005,3,1,False,
bellevue_ne8th,A9,301,807132254,1384444116,5629,8,4,4,4,4,0.001,10,1,False,
bellevue_ne8th,A5,302,1851367706,1821580555,5095,8,4,4,4,4,0.001,10,0.999018645731109,False,
bellevue_ne8th,A6,302,1851367706,1821580555,5095,8,4,4,4,4,0.001,10,0.999018645731109,False,
bellevue_ne8th,A7,302,1851367706,1821580555,5095,8,4,4,1,3,0.005,3,1,False,
bellevue_ne8th,A9,302,1851367706,1821580555,5095,8,4,4,4,4,0.001,10,0.999018645731109,False,
bellevue_ne8th,A5,303,659475192,1520245486,4617,7,4,4,4,4,0.005,9,0.997834091401343,False,
bellevue_ne8th,A6,303,659475192,1520245486,4617,7,4,4,4,4,0.005,9,0.997834091401343,False,
bellevue_ne8th,A7,303,659475192,1520245486,4617,7,4,4,2,3,0.005,5,1,False,
bellevue_ne8th,A9,303,659475192,1520245486,4617,7,4,4,4,4,0.005,9,0.997834091401343,False,
bellevue_ne8th,A5,304,1742400169,1080108990,7152,7,4,4,4,4,0.001,10,1,False,
bellevue_ne8th,A6,304,1742400169,1080108990,7152,7,4,4,4,4,0.001,10,1,False,
bellevue_ne8th,A7,304,1742400169,1080108990,7152,7,4,4,1,3,0.005,3,1,False,
bellevue_ne8th,A9,304,1742400169,1080108990,7152,7,4,4,4,4,0.001,10,1,False,
bellevue_ne8th,A5,305,1378639290,1549160332,7250,8,4,4,4,4,0.001,10,0.999586206896552,False,
bellevue_ne8th,A6,305,1378639290,1549160332,7250,8,4,4,4,4,0.001,10,0.999586206896552,False,
bellevue_ne8th,A7,305,1378639290,1549160332,7250,8,4,4,1,3,0.005,3,1,False,
bellevue_ne8th,A9,305,1378639290,1549160332,7250,8,4,4,4,4,0.001,10,0.999586206896552,False,
bellevue_ne8th,A5,306,650095858,1998386074,4059,7,4,5,4,5,0.0025,10,0.999260901699926,False,
bellevue_ne8th,A6,306,650095858,1998386074,4059,7,4,5,4,5,0.0025,10,0.999260901699926,False,
bellevue_ne8th,A7,306,650095858,1998386074,4059,7,4,5,1,3,0.005,3,1,False,
bellevue_ne8th,A9,306,650095858,1998386074,4059,7,4,5,4,5,0.0025,10,0.999260901699926,False,
bellevue_ne8th,A5,307,1285409181,1106214448,7451,9,4,4,4,4,0.005,9,0.997852637229902,False,
bellevue_ne8th,A6,307,1285409181,1106214448,7451,9,4,4,4,4,0.005,9,0.997852637229902,False,
bellevue_ne8th,A7,307,1285409181,1106214448,7451,9,4,4,1,3,0.005,3,1,False,
bellevue_ne8th,A9,307,1285409181,1106214448,7451,9,4,4,4,4,0.005,9,0.997852637229902,False,
bellevue_ne8th,A5,308,523050141,1082090420,3924,7,4,4,4,4,0.005,9,0.997706422018349,False,
bellevue_ne8th,A6,308,523050141,1082090420,3924,7,4,4,4,4,0.005,9,0.997706422018349,False,
bellevue_ne8th,A7,308,523050141,1082090420,3924,7,4,4,1,2,0.005,2,1,False,
bellevue_ne8th,A9,308,523050141,1082090420,3924,7,4,4,4,4,0.005,9,0.997706422018349,False,
bellevue_ne8th,A5,309,584514006,1499019139,6825,7,4,4,4,4,0.001,10,0.99985347985348,False,
bellevue_ne8th,A6,309,584514006,1499019139,6825,7,4,4,4,4,0.001,10,0.99985347985348,False,
bellevue_ne8th,A7,309,584514006,1499019139,6825,7,4,4,1,3,0.005,3,1,False,
bellevue_ne8th,A9,309,584514006,1499019139,6825,7,4,4,4,4,0.001,10,0.99985347985348,False,
bellevue_ne8th,A5,310,2039722207,1382238287,8471,9,4,4,4,4,0.005,9,0.997520953842522,False,
bellevue_ne8th,A6,310,2039722207,1382238287,8471,9,4,4,4,4,0.005,9,0.997520953842522,False,
bellevue_ne8th,A7,310,2039722207,1382238287,8471,9,4,4,1,3,0.005,3,1,False,
bellevue_ne8th,A9,310,2039722207,1382238287,8471,9,4,4,4,4,0.005,9,0.997520953842522,False,
bellevue_ne8th,A5,311,714987780,176651609,5022,7,4,4,4,4,0.005,9,0.997610513739546,False,
bellevue_ne8th,A6,311,714987780,176651609,5022,7,4,4,4,4,0.005,9,0.997610513739546,False,
bellevue_ne8th,A7,311,714987780,176651609,5022,7,4,4,2,2,0.0025,4,1,False,
bellevue_ne8th,A9,311,714987780,176651609,5022,7,4,4,4,4,0.005,9,0.997610513739546,False,
bellevue_ne8th,A5,312,1012803075,89056934,3833,6,4,4,4,4,0.0025,9,0.9992173232455,False,
bellevue_ne8th,A6,312,1012803075,89056934,3833,6,4,4,4,4,0.0025,9,0.9992173232455,False,
bellevue_ne8th,A7,312,1012803075,89056934,3833,6,4,4,2,3,0.0025,5,1,False,
bellevue_ne8th,A9,312,1012803075,89056934,3833,6,4,4,4,4,0.0025,9,0.9992173232455,False,
bellevue_ne8th,A5,313,185882527,1536258399,3867,8,4,4,4,4,0.001,10,1,False,
bellevue_ne8th,A6,313,185882527,1536258399,3867,8,4,4,4,4,0.001,10,1,False,
bellevue_ne8th,A7,313,185882527,1536258399,3867,8,4,4,1,3,0.005,3,1,False,
bellevue_ne8th,A9,313,185882527,1536258399,3867,8,4,4,4,4,0.001,10,1,False,
bellevue_ne8th,A5,314,828725679,262226833,5525,6,4,4,4,4,0.005,9,0.998552036199095,False,
bellevue_ne8th,A6,314,828725679,262226833,5525,6,4,4,4,4,0.005,9,0.998552036199095,False,
bellevue_ne8th,A7,314,828725679,262226833,5525,6,4,4,1,3,0.005,3,1,False,
bellevue_ne8th,A9,314,828725679,262226833,5525,6,4,4,4,4,0.005,9,0.998552036199095,False,
bellevue_ne8th,A5,315,1158249049,914717997,8688,7,4,4,4,4,0.005,9,0.99896408839779,False,
bellevue_ne8th,A6,315,1158249049,914717997,8688,7,4,4,4,4,0.005,9,0.99896408839779,False,
bellevue_ne8th,A7,315,1158249049,914717997,8688,7,4,4,1,3,0.005,3,1,False,
bellevue_ne8th,A9,315,1158249049,914717997,8688,7,4,4,4,4,0.005,9,0.99896408839779,False,
bellevue_ne8th,A5,316,612052527,1858959406,6692,10,4,4,4,4,0.005,9,0.997609085475194,False,
bellevue_ne8th,A6,316,612052527,1858959406,6692,10,4,4,4,4,0.005,9,0.997609085475194,False,
bellevue_ne8th,A7,316,612052527,1858959406,6692,10,4,4,1,3,0.005,3,1,False,
bellevue_ne8th,A9,316,612052527,1858959406,6692,10,4,4,4,4,0.005,9,0.997609085475194,False,
bellevue_ne8th,A5,317,362594963,207318336,5120,8,4,4,4,4,0.001,10,1,False,
bellevue_ne8th,A6,317,362594963,207318336,5120,8,4,4,4,4,0.001,10,1,False,
bellevue_ne8th,A7,317,362594963,207318336,5120,8,4,4,1,3,0.005,3,1,False,
bellevue_ne8th,A9,317,362594963,207318336,5120,8,4,4,4,4,0.001,10,1,False,
bellevue_ne8th,A5,318,2110552253,2017066828,8110,8,4,4,4,4,0.005,9,0.998520345252774,False,
bellevue_ne8th,A6,318,2110552253,2017066828,8110,8,4,4,4,4,0.005,9,0.998520345252774,False,
bellevue_ne8th,A7,318,2110552253,2017066828,8110,8,4,4,1,3,0.005,3,1,False,
bellevue_ne8th,A9,318,2110552253,2017066828,8110,8,4,4,4,4,0.005,9,0.998520345252774,False,
bellevue_ne8th,A5,319,550434116,198184329,4341,8,4,4,4,4,0.001,10,1,False,
bellevue_ne8th,A6,319,550434116,198184329,4341,8,4,4,4,4,0.001,10,1,False,
bellevue_ne8th,A7,319,550434116,198184329,4341,8,4,4,1,3,0.005,3,1,False,
bellevue_ne8th,A9,319,550434116,198184329,4341,8,4,4,4,4,0.001,10,1,False,
bellevue_ne8th,A5,320,913337612,809398741,5208,10,4,4,4,4,0.001,10,1,False,
bellevue_ne8th,A6,320,913337612,809398741,5208,10,4,4,4,4,0.001,10,1,False,
bellevue_ne8th,A7,320,913337612,809398741,5208,10,4,4,2,3,0.0025,5,1,False,
bellevue_ne8th,A9,320,913337612,809398741,5208,10,4,4,4,4,0.001,10,1,False,
bellevue_ne8th,A5,321,1142597063,137911628,7711,9,4,4,4,4,0.005,9,0.997925042147581,False,
bellevue_ne8th,A6,321,1142597063,137911628,7711,9,4,4,4,4,0.005,9,0.997925042147581,False,
bellevue_ne8th,A7,321,1142597063,137911628,7711,9,4,4,2,3,0.005,5,1,False,
bellevue_ne8th,A9,321,1142597063,137911628,7711,9,4,4,4,4,0.005,9,0.997925042147581,False,
bellevue_ne8th,A5,322,1710489366,197017799,7373,8,4,4,4,4,0.005,9,0.99742302997423,False,
bellevue_ne8th,A6,322,1710489366,197017799,7373,8,4,4,4,4,0.005,9,0.99742302997423,False,
bellevue_ne8th,A7,322,1710489366,197017799,7373,8,4,4,2,3,0.0025,5,1,False,
bellevue_ne8th,A9,322,1710489366,197017799,7373,8,4,4,4,4,0.005,9,0.99742302997423,False,
bellevue_ne8th,A5,323,672671296,872447898,4645,9,4,4,4,4,0.001,10,1,False,
bellevue_ne8th,A6,323,672671296,872447898,4645,9,4,4,4,4,0.001,10,1,False,
bellevue_ne8th,A7,323,672671296,872447898,4645,9,4,4,1,3,0.005,3,1,False,
bellevue_ne8th,A9,323,672671296,872447898,4645,9,4,4,4,4,0.001,10,1,False,
bellevue_ne8th,A5,324,2046751705,1993316257,7278,6,4,4,4,4,0.0025,9,0.998900796922231,False,
bellevue_ne8th,A6,324,2046751705,1993316257,7278,6,4,4,4,4,0.0025,9,0.998900796922231,False,
bellevue_ne8th,A7,324,2046751705,1993316257,7278,6,4,4,2,3,0.0025,5,1,False,
bellevue_ne8th,A9,324,2046751705,1993316257,7278,6,4,4,4,4,0.0025,9,0.998900796922231,False,
bellevue_ne8th,A5,325,1552840401,1345218829,5380,9,4,4,4,4,0.001,10,1,False,
bellevue_ne8th,A6,325,1552840401,1345218829,5380,9,4,4,4,4,0.001,10,1,False,
bellevue_ne8th,A7,325,1552840401,1345218829,5380,9,4,4,2,3,0.005,5,1,False,
bellevue_ne8th,A9,325,1552840401,1345218829,5380,9,4,4,4,4,0.001,10,1,False,
bellevue_ne8th,A5,326,2079671010,1264466595,5607,8,4,4,4,4,0.005,9,0.997859818084537,False,
bellevue_ne8th,A6,326,2079671010,1264466595,5607,8,4,4,4,4,0.005,9,0.997859818084537,False,
bellevue_ne8th,A7,326,2079671010,1264466595,5607,8,4,4,2,3,0.005,5,1,False,
bellevue_ne8th,A9,326,2079671010,1264466595,5607,8,4,4,4,4,0.005,9,0.997859818084537,False,
bellevue_ne8th,A5,327,1128472170,76040727,7152,10,4,4,4,4,0.001,10,1,False,
bellevue_ne8th,A6,327,1128472170,76040727,7152,10,4,4,4,4,0.001,10,1,False,
bellevue_ne8th,A7,327,1128472170,76040727,7152,10,4,4,2,3,0.005,5,1,False,
bellevue_ne8th,A9,327,1128472170,76040727,7152,10,4,4,4,4,0.001,10,1,False,
bellevue_ne8th,A5,328,2087727199,685151293,6123,7,4,4,4,4,0.001,10,1,False,
bellevue_ne8th,A6,328,2087727199,685151293,6123,7,4,4,4,4,0.001,10,1,False,
bellevue_ne8th,A7,328,2087727199,685151293,6123,7,4,4,1,3,0.005,3,1,False,
bellevue_ne8th,A9,328,2087727199,685151293,6123,7,4,4,4,4,0.001,10,1,False,
bellevue_ne8th,A5,329,522497267,239875811,6523,9,4,4,4,4,0.005,9,0.997700444580714,False,
bellevue_ne8th,A6,329,522497267,239875811,6523,9,4,4,4,4,0.005,9,0.997700444580714,False,
bellevue_ne8th,A7,329,522497267,239875811,6523,9,4,4,2,3,0.005,5,1,False,
bellevue_ne8th,A9,329,522497267,239875811,6523,9,4,4,4,4,0.005,9,0.997700444580714,False,
bellevue_ne8th,A5,330,650504295,128712266,5208,6,4,4,4,4,0.005,9,0.998271889400922,False,
bellevue_ne8th,A6,330,650504295,128712266,5208,6,4,4,4,4,0.005,9,0.998271889400922,False,
bellevue_ne8th,A7,330,650504295,128712266,5208,6,4,4,2,3,0.005,5,1,False,
bellevue_ne8th,A9,330,650504295,128712266,5208,6,4,4,4,4,0.005,9,0.998271889400922,False,
bellevue_ne8th,A5,331,753150766,359866174,5854,9,4,4,4,4,0.001,10,1,False,
bellevue_ne8th,A6,331,753150766,359866174,5854,9,4,4,4,4,0.001,10,1,False,
bellevue_ne8th,A7,331,753150766,359866174,5854,9,4,4,2,3,0.005,5,1,False,
bellevue_ne8th,A9,331,753150766,359866174,5854,9,4,4,4,4,0.001,10,1,False,
bellevue_ne8th,A5,332,1075801003,558152962,2773,7,4,5,4,5,0.005,10,0.998918139199423,False,
bellevue_ne8th,A6,332,1075801003,558152962,2773,7,4,5,4,5,0.005,10,0.998918139199423,False,
bellevue_ne8th,A7,332,1075801003,558152962,2773,7,4,5,2,3,0.0025,5,1,False,
bellevue_ne8th,A9,332,1075801003,558152962,2773,7,4,5,4,5,0.005,10,0.998918139199423,False,
bellevue_ne8th,A5,333,560954844,617992627,5298,9,4,4,4,4,0.001,10,1,False,
bellevue_ne8th,A6,333,560954844,617992627,5298,9,4,4,4,4,0.001,10,1,False,
bellevue_ne8th,A7,333,560954844,617992627,5298,9,4,4,1,3,0.005,3,1,False,
bellevue_ne8th,A9,333,560954844,617992627,5298,9,4,4,4,4,0.001,10,1,False,
bellevue_ne8th,A5,334,1814474681,2074541261,5352,9,4,4,4,4,0.001,10,1,False,
bellevue_ne8th,A6,334,1814474681,2074541261,5352,9,4,4,4,4,0.001,10,1,False,
bellevue_ne8th,A7,334,1814474681,2074541261,5352,9,4,4,1,3,0.005,3,1,False,
bellevue_ne8th,A9,334,1814474681,2074541261,5352,9,4,4,4,4,0.001,10,1,False,
bellevue_ne8th,A5,335,1262564735,1376807547,6581,8,4,4,4,4,0.005,9,0.997720711138125,False,
bellevue_ne8th,A6,335,1262564735,1376807547,6581,8,4,4,4,4,0.005,9,0.997720711138125,False,
bellevue_ne8th,A7,335,1262564735,1376807547,6581,8,4,4,1,3,0.005,3,1,False,
bellevue_ne8th,A9,335,1262564735,1376807547,6581,8,4,4,4,4,0.005,9,0.997720711138125,False,
bellevue_ne8th,A5,336,53192914,1143179209,7003,7,4,4,4,4,0.005,9,0.999143224332429,False,
bellevue_ne8th,A6,336,53192914,1143179209,7003,7,4,4,4,4,0.005,9,0.999143224332429,False,
bellevue_ne8th,A7,336,53192914,1143179209,7003,7,4,4,1,3,0.005,3,1,False,
bellevue_ne8th,A9,336,53192914,1143179209,7003,7,4,4,4,4,0.005,9,0.999143224332429,False,
bellevue_ne8th,A5,337,1861480217,1561148384,2457,8,4,4,4,4,0.001,10,1,False,
bellevue_ne8th,A6,337,1861480217,1561148384,2457,8,4,4,4,4,0.001,10,1,False,
bellevue_ne8th,A7,337,1861480217,1561148384,2457,8,4,4,1,3,0.005,3,1,False,
bellevue_ne8th,A9,337,1861480217,1561148384,2457,8,4,4,4,4,0.001,10,1,False,
bellevue_ne8th,A5,338,2057502308,1335775594,6573,9,4,4,4,4,0.005,9,0.997261524418074,False,
bellevue_ne8th,A6,338,2057502308,1335775594,6573,9,4,4,4,4,0.005,9,0.997261524418074,False,
bellevue_ne8th,A7,338,2057502308,1335775594,6573,9,4,4,2,3,0.005,5,1,False,
bellevue_ne8th,A9,338,2057502308,1335775594,6573,9,4,4,4,4,0.005,9,0.997261524418074,False,
bellevue_ne8th,A5,339,1968939424,1639862469,5196,8,4,4,4,4,0.0025,9,0.999230177059276,False,
bellevue_ne8th,A6,339,1968939424,1639862469,5196,8,4,4,4,4,0.0025,9,0.999230177059276,False,
bellevue_ne8th,A7,339,1968939424,1639862469,5196,8,4,4,2,3,0.0025,5,1,False,
bellevue_ne8th,A9,339,1968939424,1639862469,5196,8,4,4,4,4,0.0025,9,0.999230177059276,False,
bellevue_ne8th,A5,340,457624768,1496695803,4305,8,4,4,4,4,0.0025,10,1,False,
bellevue_ne8th,A6,340,457624768,1496695803,4305,8,4,4,4,4,0.0025,10,1,False,
bellevue_ne8th,A7,340,457624768,1496695803,4305,8,4,4,2,3,0.0025,5,1,False,
bellevue_ne8th,A9,340,457624768,1496695803,4305,8,4,4,4,4,0.0025,10,1,False,
bellevue_ne8th,A5,341,1261056681,396439939,5725,10,4,4,4,4,0.001,10,1,False,
bellevue_ne8th,A6,341,1261056681,396439939,5725,10,4,4,4,4,0.001,10,1,False,
bellevue_ne8th,A7,341,1261056681,396439939,5725,10,4,4,1,3,0.005,3,1,False,
bellevue_ne8th,A9,341,1261056681,396439939,5725,10,4,4,4,4,0.001,10,1,False,
bellevue_ne8th,A5,342,697964213,288802541,7358,6,4,4,4,4,0.001,10,1,False,
bellevue_ne8th,A6,342,697964213,288802541,7358,6,4,4,4,4,0.001,10,1,False,
bellevue_ne8th,A7,342,697964213,288802541,7358,6,4,4,1,3,0.005,3,1,False,
bellevue_ne8th,A9,342,697964213,288802541,7358,6,4,4,4,4,0.001,10,1,False,
bellevue_ne8th,A5,343,44584734,1540866628,4355,7,4,4,4,4,0.001,10,1,False,
bellevue_ne8th,A6,343,44584734,1540866628,4355,7,4,4,4,4,0.001,10,1,False,
bellevue_ne8th,A7,343,44584734,1540866628,4355,7,4,4,2,3,0.0025,5,1,False,
bellevue_ne8th,A9,343,44584734,1540866628,4355,7,4,4,4,4,0.001,10,1,False,
bellevue_ne8th,A5,344,1043843602,1897312629,4759,7,4,4,4,4,0.001,10,1,False,
bellevue_ne8th,A6,344,1043843602,1897312629,4759,7,4,4,4,4,0.001,10,1,False,
bellevue_ne8th,A7,344,1043843602,1897312629,4759,7,4,4,2,3,0.0025,5,1,False,
bellevue_ne8th,A9,344,1043843602,1897312629,4759,7,4,4,4,4,0.001,10,1,False,
bellevue_ne8th,A5,345,1003485146,922986619,4271,8,4,4,4,4,0.001,10,1,False,
bellevue_ne8th,A6,345,1003485146,922986619,4271,8,4,4,4,4,0.001,10,1,False,
bellevue_ne8th,A7,345,1003485146,922986619,4271,8,4,4,1,3,0.005,3,1,False,
bellevue_ne8th,A9,345,1003485146,922986619,4271,8,4,4,4,4,0.001,10,1,False,
bellevue_ne8th,A5,346,2213280,1652856054,9866,7,4,4,4,4,0.005,9,0.99878370160146,False,
bellevue_ne8th,A6,346,2213280,1652856054,9866,7,4,4,4,4,0.005,9,0.99878370160146,False,
bellevue_ne8th,A7,346,2213280,1652856054,9866,7,4,4,1,3,0.005,3,1,False,
bellevue_ne8th,A9,346,2213280,1652856054,9866,7,4,4,4,4,0.005,9,0.99878370160146,False,
bellevue_ne8th,A5,347,1181812499,869126514,8282,7,4,4,4,4,0.001,10,0.999396281091524,False,
bellevue_ne8th,A6,347,1181812499,869126514,8282,7,4,4,4,4,0.001,10,0.999396281091524,False,
bellevue_ne8th,A7,347,1181812499,869126514,8282,7,4,4,1,3,0.005,3,1,False,
bellevue_ne8th,A9,347,1181812499,869126514,8282,7,4,4,4,4,0.001,10,0.999396281091524,False,
bellevue_ne8th,A5,348,1715179891,521758084,3533,7,4,4,4,4,0.005,9,0.999150863288989,False,
bellevue_ne8th,A6,348,1715179891,521758084,3533,7,4,4,4,4,0.005,9,0.999150863288989,False,
bellevue_ne8th,A7,348,1715179891,521758084,3533,7,4,4,1,3,0.005,3,1,False,
bellevue_ne8th,A9,348,1715179891,521758084,3533,7,4,4,4,4,0.005,9,0.999150863288989,False,
bellevue_ne8th,A5,349,299912227,1955321532,3186,9,4,4,4,4,0.001,10,1,False,
bellevue_ne8th,A6,349,299912227,1955321532,3186,9,4,4,4,4,0.001,10,1,False,
bellevue_ne8th,A7,349,299912227,1955321532,3186,9,4,4,2,2,0.0025,4,1,False,
bellevue_ne8th,A9,349,299912227,1955321532,3186,9,4,4,4,4,0.001,10,1,False,
bellevue_ne8th,A5,350,554547931,1680055799,7685,10,4,4,4,4,0.005,9,0.997918022121015,False,
bellevue_ne8th,A6,350,554547931,1680055799,7685,10,4,4,4,4,0.005,9,0.997918022121015,False,
bellevue_ne8th,A7,350,554547931,1680055799,7685,10,4,4,1,3,0.005,3,1,False,
bellevue_ne8th,A9,350,554547931,1680055799,7685,10,4,4,4,4,0.005,9,0.997918022121015,False,
bellevue_ne8th,A5,351,1568887213,1432071944,7170,8,4,4,4,4,0.005,9,0.998186889818689,False,
bellevue_ne8th,A6,351,1568887213,1432071944,7170,8,4,4,4,4,0.005,9,0.998186889818689,False,
bellevue_ne8th,A7,351,1568887213,1432071944,7170,8,4,4,2,3,0.005,5,1,False,
bellevue_ne8th,A9,351,1568887213,1432071944,7170,8,4,4,4,4,0.005,9,0.998186889818689,False,
bellevue_ne8th,A5,352,1919562183,1655920991,8354,7,4,4,4,4,0.005,9,0.997725640411779,False,
bellevue_ne8th,A6,352,1919562183,1655920991,8354,7,4,4,4,4,0.005,9,0.997725640411779,False,
bellevue_ne8th,A7,352,1919562183,1655920991,8354,7,4,4,1,3,0.005,3,1,False,
bellevue_ne8th,A9,352,1919562183,1655920991,8354,7,4,4,4,4,0.005,9,0.997725640411779,False,
bellevue_ne8th,A5,353,928747288,85402091,4693,10,4,4,4,4,0.001,10,1,False,
bellevue_ne8th,A6,353,928747288,85402091,4693,10,4,4,4,4,0.001,10,1,False,
bellevue_ne8th,A7,353,928747288,85402091,4693,10,4,4,1,3,0.005,3,1,False,
bellevue_ne8th,A9,353,928747288,85402091,4693,10,4,4,4,4,0.001,10,1,False,
bellevue_ne8th,A5,354,555279836,1714803455,3910,10,4,4,4,4,0.001,10,1,False,
bellevue_ne8th,A6,354,555279836,1714803455,3910,10,4,4,4,4,0.001,10,1,False,
bellevue_ne8th,A7,354,555279836,1714803455,3910,10,4,4,1,3,0.005,3,1,False,
bellevue_ne8th,A9,354,555279836,1714803455,3910,10,4,4,4,4,0.001,10,1,False,
bellevue_ne8th,A5,355,1489508538,1573945902,7459,7,4,4,4,4,0.005,9,0.999463735085132,False,
bellevue_ne8th,A6,355,1489508538,1573945902,7459,7,4,4,4,4,0.005,9,0.999463735085132,False,
bellevue_ne8th,A7,355,1489508538,1573945902,7459,7,4,4,2,3,0.005,5,1,False,
bellevue_ne8th,A9,355,1489508538,1573945902,7459,7,4,4,4,4,0.005,9,0.999463735085132,False,
bellevue_ne8th,A5,356,1040537825,836152653,3064,8,4,4,4,4,0.001,10,1,False,
bellevue_ne8th,A6,356,1040537825,836152653,3064,8,4,4,4,4,0.001,10,1,False,
bellevue_ne8th,A7,356,1040537825,836152653,3064,8,4,4,2,2,0.005,4,1,False,
bellevue_ne8th,A9,356,1040537825,836152653,3064,8,4,4,4,4,0.001,10,1,False,
bellevue_ne8th,A5,357,1707288032,1821433747,5951,10,4,4,4,4,0.001,10,1,False,
bellevue_ne8th,A6,357,1707288032,1821433747,5951,10,4,4,4,4,0.001,10,1,False,
bellevue_ne8th,A7,357,1707288032,1821433747,5951,10,4,4,2,3,0.005,5,1,False,
bellevue_ne8th,A9,357,1707288032,1821433747,5951,10,4,4,4,4,0.001,10,1,False,
bellevue_ne8th,A5,358,1042705354,973321518,3520,7,4,4,4,4,0.005,8,0.993181818181818,False,
bellevue_ne8th,A6,358,1042705354,973321518,3520,7,4,4,4,4,0.005,8,0.993181818181818,False,
bellevue_ne8th,A7,358,1042705354,973321518,3520,7,4,4,1,3,0.005,3,1,False,
bellevue_ne8th,A9,358,1042705354,973321518,3520,7,4,4,4,4,0.005,8,0.993181818181818,False,
bellevue_ne8th,A5,359,287684510,282878056,6225,8,4,4,4,4,0.005,9,0.997911646586345,False,
bellevue_ne8th,A6,359,287684510,282878056,6225,8,4,4,4,4,0.005,9,0.997911646586345,False,
bellevue_ne8th,A7,359,287684510,282878056,6225,8,4,4,1,3,0.005,3,1,False,
bellevue_ne8th,A9,359,287684510,282878056,6225,8,4,4,4,4,0.005,9,0.997911646586345,False,
bellevue_ne8th,A5,360,20816855,1887198828,5464,8,4,4,4,4,0.005,9,0.997071742313324,False,
bellevue_ne8th,A6,360,20816855,1887198828,5464,8,4,4,4,4,0.005,9,0.997071742313324,False,
bellevue_ne8th,A7,360,20816855,1887198828,5464,8,4,4,1,3,0.005,3,1,False,
bellevue_ne8th,A9,360,20816855,1887198828,5464,8,4,4,4,4,0.005,9,0.997071742313324,False,
bellevue_ne8th,A5,361,1568723957,834487003,6548,9,4,4,4,4,0.005,9,0.998930971288943,False,
bellevue_ne8th,A6,361,1568723957,834487003,6548,9,4,4,4,4,0.005,9,0.998930971288943,False,
bellevue_ne8th,A7,361,1568723957,834487003,6548,9,4,4,1,3,0.005,3,1,False,
bellevue_ne8th,A9,361,1568723957,834487003,6548,9,4,4,4,4,0.005,9,0.998930971288943,False,
bellevue_ne8th,A5,362,119766253,943935871,6559,10,4,4,4,4,0.001,10,0.999847537734411,False,
bellevue_ne8th,A6,362,119766253,943935871,6559,10,4,4,4,4,0.001,10,0.999847537734411,False,
bellevue_ne8th,A7,362,119766253,943935871,6559,10,4,4,2,3,0.005,5,1,False,
bellevue_ne8th,A9,362,119766253,943935871,6559,10,4,4,4,4,0.001,10,0.999847537734411,False,
bellevue_ne8th,A5,363,1141176162,991812803,5533,8,4,4,4,4,0.0025,9,0.999277064883427,False,
bellevue_ne8th,A6,363,1141176162,991812803,5533,8,4,4,4,4,0.0025,9,0.999277064883427,False,
bellevue_ne8th,A7,363,1141176162,991812803,5533,8,4,4,2,3,0.005,5,1,False,
bellevue_ne8th,A9,363,1141176162,991812803,5533,8,4,4,4,4,0.0025,9,0.999277064883427,False,
bellevue_ne8th,A5,364,602770725,1099274480,4198,9,4,4,4,4,0.001,10,1,False,
bellevue_ne8th,A6,364,602770725,1099274480,4198,9,4,4,4,4,0.001,10,1,False,
bellevue_ne8th,A7,364,602770725,1099274480,4198,9,4,4,1,3,0.005,3,1,False,
bellevue_ne8th,A9,364,602770725,1099274480,4198,9,4,4,4,4,0.001,10,1,False,
bellevue_ne8th,A5,365,41000323,1690410850,2932,10,4,4,4,4,0.005,9,0.997953615279673,False,
bellevue_ne8th,A6,365,41000323,1690410850,2932,10,4,4,4,4,0.005,9,0.997953615279673,False,
bellevue_ne8th,A7,365,41000323,1690410850,2932,10,4,4,2,2,0.0025,4,1,False,
bellevue_ne8th,A9,365,41000323,1690410850,2932,10,4,4,4,4,0.005,9,0.997953615279673,False,
bellevue_ne8th,A5,366,1344777474,1044226670,5911,9,4,4,4,4,0.001,10,0.999492471663001,False,
bellevue_ne8th,A6,366,1344777474,1044226670,5911,9,4,4,4,4,0.001,10,0.999492471663001,False,
bellevue_ne8th,A7,366,1344777474,1044226670,5911,9,4,4,1,3,0.005,3,1,False,
bellevue_ne8th,A9,366,1344777474,1044226670,5911,9,4,4,4,4,0.001,10,0.999492471663001,False,
bellevue_ne8th,A5,367,6819502,427249380,5516,9,4,4,4,4,0.005,9,0.998005801305294,False,
bellevue_ne8th,A6,367,6819502,427249380,5516,9,4,4,4,4,0.005,9,0.998005801305294,False,
bellevue_ne8th,A7,367,6819502,427249380,5516,9,4,4,1,3,0.005,3,1,False,
bellevue_ne8th,A9,367,6819502,427249380,5516,9,4,4,4,4,0.005,9,0.998005801305294,False,
bellevue_ne8th,A5,368,361349785,520592899,5622,7,4,4,4,4,0.001,10,1,False,
bellevue_ne8th,A6,368,361349785,520592899,5622,7,4,4,4,4,0.001,10,1,False,
bellevue_ne8th,A7,368,361349785,520592899,5622,7,4,4,1,3,0.005,3,1,False,
bellevue_ne8th,A9,368,361349785,520592899,5622,7,4,4,4,4,0.001,10,1,False,
bellevue_ne8th,A5,369,1776461888,98564738,3681,7,4,4,4,4,0.005,9,0.997826677533279,False,
bellevue_ne8th,A6,369,1776461888,98564738,3681,7,4,4,4,4,0.005,9,0.997826677533279,False,
bellevue_ne8th,A7,369,1776461888,98564738,3681,7,4,4,2,3,0.0025,5,1,False,
bellevue_ne8th,A9,369,1776461888,98564738,3681,7,4,4,4,4,0.005,9,0.997826677533279,False,
bellevue_ne8th,A5,370,42109344,1988072069,3495,8,4,4,4,4,0.001,10,1,False,
bellevue_ne8th,A6,370,42109344,1988072069,3495,8,4,4,4,4,0.001,10,1,False,
bellevue_ne8th,A7,370,42109344,1988072069,3495,8,4,4,2,3,0.0025,5,1,False,
bellevue_ne8th,A9,370,42109344,1988072069,3495,8,4,4,4,4,0.001,10,1,False,
bellevue_ne8th,A5,371,1237533809,2040764884,5086,9,4,4,4,4,0.001,10,1,False,
bellevue_ne8th,A6,371,1237533809,2040764884,5086,9,4,4,4,4,0.001,10,1,False,
bellevue_ne8th,A7,371,1237533809,2040764884,5086,9,4,4,1,3,0.005,3,1,False,
bellevue_ne8th,A9,371,1237533809,2040764884,5086,9,4,4,4,4,0.001,10,1,False,
bellevue_ne8th,A5,372,210979957,1328399279,3093,8,4,4,4,4,0.001,10,1,False,
bellevue_ne8th,A6,372,210979957,1328399279,3093,8,4,4,4,4,0.001,10,1,False,
bellevue_ne8th,A7,372,210979957,1328399279,3093,8,4,4,2,3,0.0025,5,1,False,
bellevue_ne8th,A9,372,210979957,1328399279,3093,8,4,4,4,4,0.001,10,1,False,
bellevue_ne8th,A5,373,605206989,1129416884,3060,7,4,4,4,4,0.0025,10,1,False,
bellevue_ne8th,A6,373,605206989,1129416884,3060,7,4,4,4,4,0.0025,10,1,False,
bellevue_ne8th,A7,373,605206989,1129416884,3060,7,4,4,1,3,0.005,3,1,False,
bellevue_ne8th,A9,373,605206989,1129416884,3060,7,4,4,4,4,0.0025,10,1,False,
bellevue_ne8th,A5,374,1232620992,2037315415,3318,9,4,4,4,4,0.005,9,0.997588908981314,False,
bellevue_ne8th,A6,374,1232620992,2037315415,3318,9,4,4,4,4,0.005,9,0.997588908981314,False,
bellevue_ne8th,A7,374,1232620992,2037315415,3318,9,4,4,2,3,0.0025,5,1,False,
bellevue_ne8th,A9,374,1232620992,2037315415,3318,9,4,4,4,4,0.005,9,0.997588908981314,False,
bellevue_ne8th,A5,375,1132410532,908074332,5043,7,4,4,4,4,0.005,9,0.997620464009518,False,
bellevue_ne8th,A6,375,1132410532,908074332,5043,7,4,4,4,4,0.005,9,0.997620464009518,False,
bellevue_ne8th,A7,375,1132410532,908074332,5043,7,4,4,2,3,0.005,5,1,False,
bellevue_ne8th,A9,375,1132410532,908074332,5043,7,4,4,4,4,0.005,9,0.997620464009518,False,
bellevue_ne8th,A5,376,1122367345,705160317,5323,7,4,4,4,4,0.005,9,0.999060680067631,False,
bellevue_ne8th,A6,376,1122367345,705160317,5323,7,4,4,4,4,0.005,9,0.999060680067631,False,
bellevue_ne8th,A7,376,1122367345,705160317,5323,7,4,4,1,3,0.005,3,1,False,
bellevue_ne8th,A9,376,1122367345,705160317,5323,7,4,4,4,4,0.005,9,0.999060680067631,False,
bellevue_ne8th,A5,377,1952567491,339378288,5054,7,4,4,4,4,0.001,10,1,False,
bellevue_ne8th,A6,377,1952567491,339378288,5054,7,4,4,4,4,0.001,10,1,False,
bellevue_ne8th,A7,377,1952567491,339378288,5054,7,4,4,1,3,0.005,3,1,False,
bellevue_ne8th,A9,377,1952567491,339378288,5054,7,4,4,4,4,0.001,10,1,False,
bellevue_ne8th,A5,378,1015630646,327710371,3817,7,4,4,4,4,0.001,10,1,False,
bellevue_ne8th,A6,378,1015630646,327710371,3817,7,4,4,4,4,0.001,10,1,False,
bellevue_ne8th,A7,378,1015630646,327710371,3817,7,4,4,1,3,0.005,3,1,False,
bellevue_ne8th,A9,378,1015630646,327710371,3817,7,4,4,4,4,0.001,10,1,False,
bellevue_ne8th,A5,379,78080398,521691951,4538,8,4,4,4,4,0.005,9,0.997576024680476,False,
bellevue_ne8th,A6,379,78080398,521691951,4538,8,4,4,4,4,0.005,9,0.997576024680476,False,
bellevue_ne8th,A7,379,78080398,521691951,4538,8,4,4,1,3,0.005,3,1,False,
bellevue_ne8th,A9,379,78080398,521691951,4538,8,4,4,4,4,0.005,9,0.997576024680476,False,
bellevue_ne8th,A5,380,1674305343,1723788973,3668,8,4,4,4,4,0.02,7,0.981461286804798,False,
bellevue_ne8th,A6,380,1674305343,1723788973,3668,8,4,4,4,4,0.02,7,0.981461286804798,False,
bellevue_ne8th,A7,380,1674305343,1723788973,3668,8,4,4,2,3,0.0025,5,1,False,
bellevue_ne8th,A9,380,1674305343,1723788973,3668,8,4,4,4,4,0.02,7,0.981461286804798,False,
bellevue_ne8th,A5,381,695992923,809606226,7404,10,4,4,4,4,0.005,9,0.997298757428417,False,
bellevue_ne8th,A6,381,695992923,809606226,7404,10,4,4,4,4,0.005,9,0.997298757428417,False,
bellevue_ne8th,A7,381,695992923,809606226,7404,10,4,4,1,3,0.005,3,1,False,
bellevue_ne8th,A9,381,695992923,809606226,7404,10,4,4,4,4,0.005,9,0.997298757428417,False,
bellevue_ne8th,A5,382,35535593,1741059898,8832,8,4,4,4,4,0.005,9,0.998301630434783,False,
bellevue_ne8th,A6,382,35535593,1741059898,8832,8,4,4,4,4,0.005,9,0.998301630434783,False,
bellevue_ne8th,A7,382,35535593,1741059898,8832,8,4,4,2,3,0.0025,5,1,False,
bellevue_ne8th,A9,382,35535593,1741059898,8832,8,4,4,4,4,0.005,9,0.998301630434783,False,
bellevue_ne8th,A5,383,78296632,1422358253,7526,9,4,4,4,4,0.005,9,0.998671272920542,False,
bellevue_ne8th,A6,383,78296632,1422358253,7526,9,4,4,4,4,0.005,9,0.998671272920542,False,
bellevue_ne8th,A7,383,78296632,1422358253,7526,9,4,4,1,3,0.005,3,1,False,
bellevue_ne8th,A9,383,78296632,1422358253,7526,9,4,4,4,4,0.005,9,0.998671272920542,False,
bellevue_ne8th,A5,384,501091138,988223597,3840,10,4,4,4,4,0.005,9,0.9984375,False,
bellevue_ne8th,A6,384,501091138,988223597,3840,10,4,4,4,4,0.005,9,0.9984375,False,
bellevue_ne8th,A7,384,501091138,988223597,3840,10,4,4,1,3,0.005,3,1,False,
bellevue_ne8th,A9,384,501091138,988223597,3840,10,4,4,4,4,0.005,9,0.9984375,False,
bellevue_ne8th,A5,385,42443075,2030859947,6528,7,4,4,4,4,0.005,9,0.997855392156863,False,
bellevue_ne8th,A6,385,42443075,2030859947,6528,7,4,4,4,4,0.005,9,0.997855392156863,False,
bellevue_ne8th,A7,385,42443075,2030859947,6528,7,4,4,1,3,0.005,3,1,False,
bellevue_ne8th,A9,385,42443075,2030859947,6528,7,4,4,4,4,0.005,9,0.997855392156863,False,
bellevue_ne8th,A5,386,1737956447,1891977282,6210,9,4,4,4,4,0.005,9,0.998389694041868,False,
bellevue_ne8th,A6,386,1737956447,1891977282,6210,9,4,4,4,4,0.005,9,0.998389694041868,False,
bellevue_ne8th,A7,386,1737956447,1891977282,6210,9,4,4,1,3,0.005,3,1,False,
bellevue_ne8th,A9,386,1737956447,1891977282,6210,9,4,4,4,4,0.005,9,0.998389694041868,False,
bellevue_ne8th,A5,387,207864461,136468853,6772,9,4,4,4,4,0.005,9,0.998375664500886,False,
bellevue_ne8th,A6,387,207864461,136468853,6772,9,4,4,4,4,0.005,9,0.998375664500886,False,
bellevue_ne8th,A7,387,207864461,136468853,6772,9,4,4,2,3,0.0025,5,1,False,
bellevue_ne8th,A9,387,207864461,136468853,6772,9,4,4,4,4,0.005,9,0.998375664500886,False,
bellevue_ne8th,A5,388,1690827564,522804093,6151,8,4,4,4,4,0.005,9,0.997561372134612,False,
bellevue_ne8th,A6,388,1690827564,522804093,6151,8,4,4,4,4,0.005,9,0.997561372134612,False,
bellevue_ne8th,A7,388,1690827564,522804093,6151,8,4,4,1,3,0.005,3,1,False,
bellevue_ne8th,A9,388,1690827564,522804093,6151,8,4,4,4,4,0.005,9,0.997561372134612,False,
bellevue_ne8th,A5,389,188568954,808683177,7377,8,4,4,4,4,0.005,9,0.997831096651756,False,
bellevue_ne8th,A6,389,188568954,808683177,7377,8,4,4,4,4,0.005,9,0.997831096651756,False,
bellevue_ne8th,A7,389,188568954,808683177,7377,8,4,4,2,3,0.005,5,1,False,
bellevue_ne8th,A9,389,188568954,808683177,7377,8,4,4,4,4,0.005,9,0.997831096651756,False,
bellevue_ne8th,A5,390,546842950,728386752,5964,7,4,4,4,4,0.0025,10,1,False,
bellevue_ne8th,A6,390,546842950,728386752,5964,7,4,4,4,4,0.0025,10,1,False,
bellevue_ne8th,A7,390,546842950,728386752,5964,7,4,4,1,3,0.005,3,1,False,
bellevue_ne8th,A9,390,546842950,728386752,5964,7,4,4,4,4,0.0025,10,1,False,
bellevue_ne8th,A5,391,1352267118,2047544238,2779,9,4,4,4,4,0.0025,9,0.999280316660669,False,
bellevue_ne8th,A6,391,1352267118,2047544238,2779,9,4,4,4,4,0.0025,9,0.999280316660669,False,
bellevue_ne8th,A7,391,1352267118,2047544238,2779,9,4,4,1,3,0.005,3,1,False,
bellevue_ne8th,A9,391,1352267118,2047544238,2779,9,4,4,4,4,0.0025,9,0.999280316660669,False,
bellevue_ne8th,A5,392,518919840,1299682904,8672,8,4,4,4,4,0.005,9,0.997924354243542,False,
bellevue_ne8th,A6,392,518919840,1299682904,8672,8,4,4,4,4,0.005,9,0.997924354243542,False,
bellevue_ne8th,A7,392,518919840,1299682904,8672,8,4,4,1,3,0.005,3,1,False,
bellevue_ne8th,A9,392,518919840,1299682904,8672,8,4,4,4,4,0.005,9,0.997924354243542,False,
bellevue_ne8th,A5,393,1091261010,314060398,3208,7,4,4,4,4,0.001,10,1,False,
bellevue_ne8th,A6,393,1091261010,314060398,3208,7,4,4,4,4,0.001,10,1,False,
bellevue_ne8th,A7,393,1091261010,314060398,3208,7,4,4,2,2,0.0025,4,1,False,
bellevue_ne8th,A9,393,1091261010,314060398,3208,7,4,4,4,4,0.001,10,1,False,
bellevue_ne8th,A5,394,747902379,413090343,6919,7,4,4,4,4,0.005,9,0.997687527099292,False,
bellevue_ne8th,A6,394,747902379,413090343,6919,7,4,4,4,4,0.005,9,0.997687527099292,False,
bellevue_ne8th,A7,394,747902379,413090343,6919,7,4,4,2,3,0.005,5,1,False,
bellevue_ne8th,A9,394,747902379,413090343,6919,7,4,4,4,4,0.005,9,0.997687527099292,False,
bellevue_ne8th,A5,395,1174852005,1222414999,6249,8,4,4,4,4,0.001,10,0.999839974395903,False,
bellevue_ne8th,A6,395,1174852005,1222414999,6249,8,4,4,4,4,0.001,10,0.999839974395903,False,
bellevue_ne8th,A7,395,1174852005,1222414999,6249,8,4,4,1,3,0.005,3,1,False,
bellevue_ne8th,A9,395,1174852005,1222414999,6249,8,4,4,4,4,0.001,10,0.999839974395903,False,
bellevue_ne8th,A5,396,2112336498,1973978434,5998,10,4,4,4,4,0.005,9,0.997332444148049,False,
bellevue_ne8th,A6,396,2112336498,1973978434,5998,10,4,4,4,4,0.005,9,0.997332444148049,False,
bellevue_ne8th,A7,396,2112336498,1973978434,5998,10,4,4,1,3,0.005,3,1,False,
bellevue_ne8th,A9,396,2112336498,1973978434,5998,10,4,4,4,4,0.005,9,0.997332444148049,False,
bellevue_ne8th,A5,397,68117453,1172190796,6418,10,4,4,4,4,0.001,10,0.999688376441259,False,
bellevue_ne8th,A6,397,68117453,1172190796,6418,10,4,4,4,4,0.001,10,0.999688376441259,False,
bellevue_ne8th,A7,397,68117453,1172190796,6418,10,4,4,1,3,0.005,3,1,False,
bellevue_ne8th,A9,397,68117453,1172190796,6418,10,4,4,4,4,0.001,10,0.999688376441259,False,
bellevue_ne8th,A5,398,971408606,1249778631,4259,8,4,4,4,4,0.005,9,0.997652030993191,False,
bellevue_ne8th,A6,398,971408606,1249778631,4259,8,4,4,4,4,0.005,9,0.997652030993191,False,
bellevue_ne8th,A7,398,971408606,1249778631,4259,8,4,4,1,3,0.005,3,1,False,
bellevue_ne8th,A9,398,971408606,1249778631,4259,8,4,4,4,4,0.005,9,0.997652030993191,False,
bellevue_ne8th,A5,399,973834254,674414702,2719,7,4,4,4,4,0.001,10,1,False,
bellevue_ne8th,A6,399,973834254,674414702,2719,7,4,4,4,4,0.001,10,1,False,
bellevue_ne8th,A7,399,973834254,674414702,2719,7,4,4,2,3,0.005,5,1,False,
bellevue_ne8th,A9,399,973834254,674414702,2719,7,4,4,4,4,0.001,10,1,False,
bellevue_ne8th,A5,400,1435551717,1179635299,7092,10,4,4,4,4,0.005,9,0.998448956570784,False,
bellevue_ne8th,A6,400,1435551717,1179635299,7092,10,4,4,4,4,0.005,9,0.998448956570784,False,
bellevue_ne8th,A7,400,1435551717,1179635299,7092,10,4,4,1,3,0.005,3,1,False,
bellevue_ne8th,A9,400,1435551717,1179635299,7092,10,4,4,4,4,0.005,9,0.998448956570784,False,
bellevue_ne8th,A5,401,337570046,1770865930,8085,7,4,4,4,4,0.005,9,0.998021026592455,False,
bellevue_ne8th,A6,401,337570046,1770865930,8085,7,4,4,4,4,0.005,9,0.998021026592455,False,
bellevue_ne8th,A7,401,337570046,1770865930,8085,7,4,4,1,3,0.005,3,1,False,
bellevue_ne8th,A9,401,337570046,1770865930,8085,7,4,4,4,4,0.005,9,0.998021026592455,False,
bellevue_ne8th,A5,402,831794844,1055812076,4762,10,4,4,4,4,0.001,10,1,False,
bellevue_ne8th,A6,402,831794844,1055812076,4762,10,4,4,4,4,0.001,10,1,False,
bellevue_ne8th,A7,402,831794844,1055812076,4762,10,4,4,1,3,0.005,3,1,False,
bellevue_ne8th,A9,402,831794844,1055812076,4762,10,4,4,4,4,0.001,10,1,False,
bellevue_ne8th,A5,403,1441322558,1909875648,6961,6,4,4,4,4,0.001,10,1,False,
bellevue_ne8th,A6,403,1441322558,1909875648,6961,6,4,4,4,4,0.001,10,1,False,
bellevue_ne8th,A7,403,1441322558,1909875648,6961,6,4,4,1,3,0.005,3,1,False,
bellevue_ne8th,A9,403,1441322558,1909875648,6961,6,4,4,4,4,0.001,10,1,False,
bellevue_ne8th,A5,404,1561749821,578013827,6534,8,4,4,4,4,0.001,10,1,False,
bellevue_ne8th,A6,404,1561749821,578013827,6534,8,4,4,4,4,0.001,10,1,False,
bellevue_ne8th,A7,404,1561749821,578013827,6534,8,4,4,1,3,0.005,3,1,False,
bellevue_ne8th,A9,404,1561749821,578013827,6534,8,4,4,4,4,0.001,10,1,False,
bellevue_ne8th,A5,405,368881878,913132565,6865,7,4,4,4,4,0.001,10,1,False,
bellevue_ne8th,A6,405,368881878,913132565,6865,7,4,4,4,4,0.001,10,1,False,
bellevue_ne8th,A7,405,368881878,913132565,6865,7,4,4,2,3,0.005,5,1,False,
bellevue_ne8th,A9,405,368881878,913132565,6865,7,4,4,4,4,0.001,10,1,False,
bellevue_ne8th,A5,406,759364890,1879092627,4550,9,4,4,4,4,0.005,9,0.998021978021978,False,
bellevue_ne8th,A6,406,759364890,1879092627,4550,9,4,4,4,4,0.005,9,0.998021978021978,False,
bellevue_ne8th,A7,406,759364890,1879092627,4550,9,4,4,1,3,0.005,3,1,False,
bellevue_ne8th,A9,406,759364890,1879092627,4550,9,4,4,4,4,0.005,9,0.998021978021978,False,
bellevue_ne8th,A5,407,1691875134,1878479464,2675,7,4,4,4,4,0.0025,10,1,False,
bellevue_ne8th,A6,407,1691875134,1878479464,2675,7,4,4,4,4,0.0025,10,1,False,
bellevue_ne8th,A7,407,1691875134,1878479464,2675,7,4,4,1,3,0.005,3,1,False,
bellevue_ne8th,A9,407,1691875134,1878479464,2675,7,4,4,4,4,0.0025,10,1,False,
bellevue_ne8th,A5,408,262788143,850829490,5328,9,4,4,4,4,0.02,8,0.990803303303303,False,
bellevue_ne8th,A6,408,262788143,850829490,5328,9,4,4,4,4,0.02,8,0.990803303303303,False,
bellevue_ne8th,A7,408,262788143,850829490,5328,9,4,4,1,3,0.005,3,1,False,
bellevue_ne8th,A9,408,262788143,850829490,5328,9,4,4,4,4,0.02,8,0.990803303303303,False,
bellevue_ne8th,A5,409,1112617681,1309757194,6952,9,4,4,4,4,0.001,10,1,False,
bellevue_ne8th,A6,409,1112617681,1309757194,6952,9,4,4,4,4,0.001,10,1,False,
bellevue_ne8th,A7,409,1112617681,1309757194,6952,9,4,4,1,3,0.005,3,1,False,
bellevue_ne8th,A9,409,1112617681,1309757194,6952,9,4,4,4,4,0.001,10,1,False,
bellevue_ne8th,A5,410,2095614500,784586813,6123,8,4,4,4,4,0.005,9,0.998530132288094,False,
bellevue_ne8th,A6,410,2095614500,784586813,6123,8,4,4,4,4,0.005,9,0.998530132288094,False,
bellevue_ne8th,A7,410,2095614500,784586813,6123,8,4,4,1,3,0.005,3,1,False,
bellevue_ne8th,A9,410,2095614500,784586813,6123,8,4,4,4,4,0.005,9,0.998530132288094,False,
bellevue_ne8th,A5,411,10556263,539394056,6003,7,4,4,4,4,0.005,9,0.998167582875229,False,
bellevue_ne8th,A6,411,10556263,539394056,6003,7,4,4,4,4,0.005,9,0.998167582875229,False,
bellevue_ne8th,A7,411,10556263,539394056,6003,7,4,4,1,3,0.005,3,1,False,
bellevue_ne8th,A9,411,10556263,539394056,6003,7,4,4,4,4,0.005,9,0.998167582875229,False,
bellevue_ne8th,A5,412,830169286,1422789874,6723,8,4,4,4,4,0.001,10,0.999851256879369,False,
bellevue_ne8th,A6,412,830169286,1422789874,6723,8,4,4,4,4,0.001,10,0.999851256879369,False,
bellevue_ne8th,A7,412,830169286,1422789874,6723,8,4,4,1,3,0.005,3,1,False,
bellevue_ne8th,A9,412,830169286,1422789874,6723,8,4,4,4,4,0.001,10,0.999851256879369,False,
bellevue_ne8th,A5,413,1641339046,558821623,2441,7,4,4,4,4,0.001,10,1,False,
bellevue_ne8th,A6,413,1641339046,558821623,2441,7,4,4,4,4,0.001,10,1,False,
bellevue_ne8th,A7,413,1641339046,558821623,2441,7,4,4,1,2,0.005,2,1,False,
bellevue_ne8th,A9,413,1641339046,558821623,2441,7,4,4,4,4,0.001,10,1,False,
bellevue_ne8th,A5,414,1311795995,1867842652,7613,8,4,4,4,4,0.005,9,0.99842374885065,False,
bellevue_ne8th,A6,414,1311795995,1867842652,7613,8,4,4,4,4,0.005,9,0.99842374885065,False,
bellevue_ne8th,A7,414,1311795995,1867842652,7613,8,4,4,2,3,0.005,5,1,False,
bellevue_ne8th,A9,414,1311795995,1867842652,7613,8,4,4,4,4,0.005,9,0.99842374885065,False,
bellevue_ne8th,A5,415,866176314,1586966788,5095,8,4,4,4,4,0.001,10,1,False,
bellevue_ne8th,A6,415,866176314,1586966788,5095,8,4,4,4,4,0.001,10,1,False,
bellevue_ne8th,A7,415,866176314,1586966788,5095,8,4,4,1,3,0.005,3,1,False,
bellevue_ne8th,A9,415,866176314,1586966788,5095,8,4,4,4,4,0.001,10,1,False,
bellevue_ne8th,A5,416,635948510,823270108,3313,9,4,4,4,4,0.001,10,1,False,
bellevue_ne8th,A6,416,635948510,823270108,3313,9,4,4,4,4,0.001,10,1,False,
bellevue_ne8th,A7,416,635948510,823270108,3313,9,4,4,1,3,0.005,3,1,False,
bellevue_ne8th,A9,416,635948510,823270108,3313,9,4,4,4,4,0.001,10,1,False,
bellevue_ne8th,A5,417,1298347842,210964065,8100,9,4,4,4,4,0.005,9,0.997283950617284,False,
bellevue_ne8th,A6,417,1298347842,210964065,8100,9,4,4,4,4,0.005,9,0.997283950617284,False,
bellevue_ne8th,A7,417,1298347842,210964065,8100,9,4,4,1,3,0.005,3,1,False,
bellevue_ne8th,A9,417,1298347842,210964065,8100,9,4,4,4,4,0.005,9,0.997283950617284,False,
bellevue_ne8th,A5,418,95843882,2121341912,5623,7,4,4,4,4,0.005,9,0.998399430908768,False,
bellevue_ne8th,A6,418,95843882,2121341912,5623,7,4,4,4,4,0.005,9,0.998399430908768,False,
bellevue_ne8th,A7,418,95843882,2121341912,5623,7,4,4,1,3,0.005,3,1,False,
bellevue_ne8th,A9,418,95843882,2121341912,5623,7,4,4,4,4,0.005,9,0.998399430908768,False,
bellevue_ne8th,A5,419,452441708,1369026532,5311,8,4,4,4,4,0.005,9,0.998117115420825,False,
bellevue_ne8th,A6,419,452441708,1369026532,5311,8,4,4,4,4,0.005,9,0.998117115420825,False,
bellevue_ne8th,A7,419,452441708,1369026532,5311,8,4,4,1,3,0.005,3,1,False,
bellevue_ne8th,A9,419,452441708,1369026532,5311,8,4,4,4,4,0.005,9,0.998117115420825,False,
bellevue_ne8th,A5,420,1211632610,874212409,3265,7,4,4,4,4,0.001,10,1,False,
bellevue_ne8th,A6,420,1211632610,874212409,3265,7,4,4,4,4,0.001,10,1,False,
bellevue_ne8th,A7,420,1211632610,874212409,3265,7,4,4,2,2,0.005,4,1,False,
bellevue_ne8th,A9,420,1211632610,874212409,3265,7,4,4,4,4,0.001,10,1,False,
bellevue_ne8th,A5,421,1860594106,1644445053,5935,9,4,4,4,4,0.001,10,1,False,
bellevue_ne8th,A6,421,1860594106,1644445053,5935,9,4,4,4,4,0.001,10,1,False,
bellevue_ne8th,A7,421,1860594106,1644445053,5935,9,4,4,1,3,0.005,3,1,False,
bellevue_ne8th,A9,421,1860594106,1644445053,5935,9,4,4,4,4,0.001,10,1,False,
bellevue_ne8th,A5,422,1917086002,138173545,5475,10,4,4,4,4,0.005,9,0.996712328767123,False,
bellevue_ne8th,A6,422,1917086002,138173545,5475,10,4,4,4,4,0.005,9,0.996712328767123,False,
bellevue_ne8th,A7,422,1917086002,138173545,5475,10,4,4,2,3,0.0025,5,1,False,
bellevue_ne8th,A9,422,1917086002,138173545,5475,10,4,4,4,4,0.005,9,0.996712328767123,False,
bellevue_ne8th,A5,423,1494775789,1515196949,8758,7,4,4,4,4,0.005,9,0.998058917561087,False,
bellevue_ne8th,A6,423,1494775789,1515196949,8758,7,4,4,4,4,0.005,9,0.998058917561087,False,
bellevue_ne8th,A7,423,1494775789,1515196949,8758,7,4,4,1,3,0.005,3,1,False,
bellevue_ne8th,A9,423,1494775789,1515196949,8758,7,4,4,4,4,0.005,9,0.998058917561087,False,
bellevue_ne8th,A5,424,783885344,1820160632,4383,8,4,4,4,4,0.005,9,0.998631074606434,False,
bellevue_ne8th,A6,424,783885344,1820160632,4383,8,4,4,4,4,0.005,9,0.998631074606434,False,
bellevue_ne8th,A7,424,783885344,1820160632,4383,8,4,4,1,2,0.005,2,1,False,
bellevue_ne8th,A9,424,783885344,1820160632,4383,8,4,4,4,4,0.005,9,0.998631074606434,False,
bellevue_ne8th,A5,425,283424262,203468291,6770,7,4,4,4,4,0.001,10,1,False,
bellevue_ne8th,A6,425,283424262,203468291,6770,7,4,4,4,4,0.001,10,1,False,
bellevue_ne8th,A7,425,283424262,203468291,6770,7,4,4,1,3,0.005,3,1,False,
bellevue_ne8th,A9,425,283424262,203468291,6770,7,4,4,4,4,0.001,10,1,False,
bellevue_ne8th,A5,426,2147041027,2135754156,6333,9,4,4,4,4,0.001,10,0.999684193904942,False,
bellevue_ne8th,A6,426,2147041027,2135754156,6333,9,4,4,4,4,0.001,10,0.999684193904942,False,
bellevue_ne8th,A7,426,2147041027,2135754156,6333,9,4,4,1,3,0.005,3,1,False,
bellevue_ne8th,A9,426,2147041027,2135754156,6333,9,4,4,4,4,0.001,10,0.999684193904942,False,
bellevue_ne8th,A5,427,508837715,513755173,3626,9,4,4,4,4,0.001,10,1,False,
bellevue_ne8th,A6,427,508837715,513755173,3626,9,4,4,4,4,0.001,10,1,False,
bellevue_ne8th,A7,427,508837715,513755173,3626,9,4,4,2,3,0.0025,5,1,False,
bellevue_ne8th,A9,427,508837715,513755173,3626,9,4,4,4,4,0.001,10,1,False,
bellevue_ne8th,A5,428,814040438,1664297962,7089,9,4,4,4,4,0.005,9,0.997884045704613,False,
bellevue_ne8th,A6,428,814040438,1664297962,7089,9,4,4,4,4,0.005,9,0.997884045704613,False,
bellevue_ne8th,A7,428,814040438,1664297962,7089,9,4,4,1,3,0.005,3,1,False,
bellevue_ne8th,A9,428,814040438,1664297962,7089,9,4,4,4,4,0.005,9,0.997884045704613,False,
bellevue_ne8th,A5,429,682676420,2102155575,5051,10,4,4,4,4,0.005,9,0.99861413581469,False,
bellevue_ne8th,A6,429,682676420,2102155575,5051,10,4,4,4,4,0.005,9,0.99861413581469,False,
bellevue_ne8th,A7,429,682676420,2102155575,5051,10,4,4,1,3,0.005,3,1,False,
bellevue_ne8th,A9,429,682676420,2102155575,5051,10,4,4,4,4,0.005,9,0.99861413581469,False,
bellevue_ne8th,A5,430,1592179724,1892486765,5953,8,4,4,4,4,0.005,9,0.998320174701831,False,
bellevue_ne8th,A6,430,1592179724,1892486765,5953,8,4,4,4,4,0.005,9,0.998320174701831,False,
bellevue_ne8th,A7,430,1592179724,1892486765,5953,8,4,4,1,3,0.005,3,1,False,
bellevue_ne8th,A9,430,1592179724,1892486765,5953,8,4,4,4,4,0.005,9,0.998320174701831,False,
bellevue_ne8th,A5,431,1402424752,1838675080,6939,7,4,4,4,4,0.005,9,0.999135322092521,False,
bellevue_ne8th,A6,431,1402424752,1838675080,6939,7,4,4,4,4,0.005,9,0.999135322092521,False,
bellevue_ne8th,A7,431,1402424752,1838675080,6939,7,4,4,1,3,0.005,3,1,False,
bellevue_ne8th,A9,431,1402424752,1838675080,6939,7,4,4,4,4,0.005,9,0.999135322092521,False,
bellevue_ne8th,A5,432,66415157,1908257160,3556,8,4,4,4,4,0.005,9,0.998031496062992,False,
bellevue_ne8th,A6,432,66415157,1908257160,3556,8,4,4,4,4,0.005,9,0.998031496062992,False,
bellevue_ne8th,A7,432,66415157,1908257160,3556,8,4,4,1,3,0.005,3,1,False,
bellevue_ne8th,A9,432,66415157,1908257160,3556,8,4,4,4,4,0.005,9,0.998031496062992,False,
bellevue_ne8th,A5,433,452016857,853021092,3978,9,4,4,4,4,0.001,10,1,False,
bellevue_ne8th,A6,433,452016857,853021092,3978,9,4,4,4,4,0.001,10,1,False,
bellevue_ne8th,A7,433,452016857,853021092,3978,9,4,4,1,3,0.005,3,1,False,
bellevue_ne8th,A9,433,452016857,853021092,3978,9,4,4,4,4,0.001,10,1,False,
bellevue_ne8th,A5,434,658574073,770646400,6528,9,4,4,4,4,0.005,9,0.997702205882353,False,
bellevue_ne8th,A6,434,658574073,770646400,6528,9,4,4,4,4,0.005,9,0.997702205882353,False,
bellevue_ne8th,A7,434,658574073,770646400,6528,9,4,4,1,3,0.005,3,1,False,
bellevue_ne8th,A9,434,658574073,770646400,6528,9,4,4,4,4,0.005,9,0.997702205882353,False,
bellevue_ne8th,A5,435,1056345530,676563033,6109,6,4,4,4,4,0.001,10,1,False,
bellevue_ne8th,A6,435,1056345530,676563033,6109,6,4,4,4,4,0.001,10,1,False,
bellevue_ne8th,A7,435,1056345530,676563033,6109,6,4,4,1,3,0.005,3,1,False,
bellevue_ne8th,A9,435,1056345530,676563033,6109,6,4,4,4,4,0.001,10,1,False,
bellevue_ne8th,A5,436,65049901,207826485,6280,5,4,4,4,4,0.005,9,0.997770700636943,False,
bellevue_ne8th,A6,436,65049901,207826485,6280,5,4,4,4,4,0.005,9,0.997770700636943,False,
bellevue_ne8th,A7,436,65049901,207826485,6280,5,4,4,2,3,0.005,5,1,False,
bellevue_ne8th,A9,436,65049901,207826485,6280,5,4,4,4,4,0.005,9,0.997770700636943,False,
bellevue_ne8th,A5,437,715959146,817720060,4087,9,4,4,4,4,0.001,10,1,False,
bellevue_ne8th,A6,437,715959146,817720060,4087,9,4,4,4,4,0.001,10,1,False,
bellevue_ne8th,A7,437,715959146,817720060,4087,9,4,4,1,3,0.005,3,1,False,
bellevue_ne8th,A9,437,715959146,817720060,4087,9,4,4,4,4,0.001,10,1,False,
bellevue_ne8th,A5,438,1091039419,1373813534,5767,7,4,4,4,4,0.001,10,0.999653199237038,False,
bellevue_ne8th,A6,438,1091039419,1373813534,5767,7,4,4,4,4,0.001,10,0.999653199237038,False,
bellevue_ne8th,A7,438,1091039419,1373813534,5767,7,4,4,1,3,0.005,3,1,False,
bellevue_ne8th,A9,438,1091039419,1373813534,5767,7,4,4,4,4,0.001,10,0.999653199237038,False,
bellevue_ne8th,A5,439,409671753,1276893650,3647,8,4,4,4,4,0.001,10,1,False,
bellevue_ne8th,A6,439,409671753,1276893650,3647,8,4,4,4,4,0.001,10,1,False,
bellevue_ne8th,A7,439,409671753,1276893650,3647,8,4,4,2,3,0.005,5,1,False,
bellevue_ne8th,A9,439,409671753,1276893650,3647,8,4,4,4,4,0.001,10,1,False,
bellevue_ne8th,A5,440,1470465561,274037248,5002,7,4,4,4,4,0.001,10,1,False,
bellevue_ne8th,A6,440,1470465561,274037248,5002,7,4,4,4,4,0.001,10,1,False,
bellevue_ne8th,A7,440,1470465561,274037248,5002,7,4,4,1,3,0.005,3,1,False,
bellevue_ne8th,A9,440,1470465561,274037248,5002,7,4,4,4,4,0.001,10,1,False,
bellevue_ne8th,A5,441,1511926383,1780760077,2477,8,4,4,4,4,0.001,10,1,False,
bellevue_ne8th,A6,441,1511926383,1780760077,2477,8,4,4,4,4,0.001,10,1,False,
bellevue_ne8th,A7,441,1511926383,1780760077,2477,8,4,4,2,3,0.0025,5,1,False,
bellevue_ne8th,A9,441,1511926383,1780760077,2477,8,4,4,4,4,0.001,10,1,False,
bellevue_ne8th,A5,442,66071882,1370399053,5818,9,4,4,4,4,0.001,10,1,False,
bellevue_ne8th,A6,442,66071882,1370399053,5818,9,4,4,4,4,0.001,10,1,False,
bellevue_ne8th,A7,442,66071882,1370399053,5818,9,4,4,2,3,0.0025,5,1,False,
bellevue_ne8th,A9,442,66071882,1370399053,5818,9,4,4,4,4,0.001,10,1,False,
bellevue_ne8th,A5,443,1938702262,920426331,7371,8,4,4,4,4,0.005,9,0.997693664360331,False,
bellevue_ne8th,A6,443,1938702262,920426331,7371,8,4,4,4,4,0.005,9,0.997693664360331,False,
bellevue_ne8th,A7,443,1938702262,920426331,7371,8,4,4,1,3,0.005,3,1,False,
bellevue_ne8th,A9,443,1938702262,920426331,7371,8,4,4,4,4,0.005,9,0.997693664360331,False,
bellevue_ne8th,A5,444,215061606,806811308,5443,8,4,4,4,4,0.001,10,0.999632555575969,False,
bellevue_ne8th,A6,444,215061606,806811308,5443,8,4,4,4,4,0.001,10,0.999632555575969,False,
bellevue_ne8th,A7,444,215061606,806811308,5443,8,4,4,1,3,0.005,3,1,False,
bellevue_ne8th,A9,444,215061606,806811308,5443,8,4,4,4,4,0.001,10,0.999632555575969,False,
bellevue_ne8th,A5,445,1987124690,625749937,4697,6,4,4,4,4,0.001,10,1,False,
bellevue_ne8th,A6,445,1987124690,625749937,4697,6,4,4,4,4,0.001,10,1,False,
bellevue_ne8th,A7,445,1987124690,625749937,4697,6,4,4,2,3,0.0025,5,1,False,
bellevue_ne8th,A9,445,1987124690,625749937,4697,6,4,4,4,4,0.001,10,1,False,
bellevue_ne8th,A5,446,457667252,1143644643,4905,8,4,4,4,4,0.001,10,1,False,
bellevue_ne8th,A6,446,457667252,1143644643,4905,8,4,4,4,4,0.001,10,1,False,
bellevue_ne8th,A7,446,457667252,1143644643,4905,8,4,4,1,3,0.005,3,1,False,
bellevue_ne8th,A9,446,457667252,1143644643,4905,8,4,4,4,4,0.001,10,1,False,
bellevue_ne8th,A5,447,779578277,482527114,2950,8,4,5,4,5,0.001,11,1,False,
bellevue_ne8th,A6,447,779578277,482527114,2950,8,4,5,4,5,0.001,11,1,False,
bellevue_ne8th,A7,447,779578277,482527114,2950,8,4,5,1,2,0.005,2,1,False,
bellevue_ne8th,A9,447,779578277,482527114,2950,8,4,5,4,5,0.001,11,1,False,
bellevue_ne8th,A5,448,542211405,532952734,2445,9,4,5,4,5,0.001,11,1,False,
bellevue_ne8th,A6,448,542211405,532952734,2445,9,4,5,4,5,0.001,11,1,False,
bellevue_ne8th,A7,448,542211405,532952734,2445,9,4,5,2,3,0.0025,5,1,False,
bellevue_ne8th,A9,448,542211405,532952734,2445,9,4,5,4,5,0.001,11,1,False,
bellevue_ne8th,A5,449,1247659908,183079527,8352,9,4,4,4,4,0.005,9,0.998204022988506,False,
bellevue_ne8th,A6,449,1247659908,183079527,8352,9,4,4,4,4,0.005,9,0.998204022988506,False,
bellevue_ne8th,A7,449,1247659908,183079527,8352,9,4,4,1,3,0.005,3,1,False,
bellevue_ne8th,A9,449,1247659908,183079527,8352,9,4,4,4,4,0.005,9,0.998204022988506,False,
bellevue_ne8th,A5,450,2015508398,1262766691,9025,7,4,4,4,4,0.02,8,0.991468144044321,False,
bellevue_ne8th,A6,450,2015508398,1262766691,9025,7,4,4,4,4,0.02,8,0.991468144044321,False,
bellevue_ne8th,A7,450,2015508398,1262766691,9025,7,4,4,1,3,0.005,3,1,False,
bellevue_ne8th,A9,450,2015508398,1262766691,9025,7,4,4,4,4,0.02,8,0.991468144044321,False,
bellevue_ne8th,A5,451,522993428,691651906,8841,6,4,4,4,4,0.005,9,0.997964031218188,False,
bellevue_ne8th,A6,451,522993428,691651906,8841,6,4,4,4,4,0.005,9,0.997964031218188,False,
bellevue_ne8th,A7,451,522993428,691651906,8841,6,4,4,1,3,0.005,3,1,False,
bellevue_ne8th,A9,451,522993428,691651906,8841,6,4,4,4,4,0.005,9,0.997964031218188,False,
bellevue_ne8th,A5,452,1623139233,1116888088,5951,9,4,4,4,4,0.005,9,0.99815157116451,False,
bellevue_ne8th,A6,452,1623139233,1116888088,5951,9,4,4,4,4,0.005,9,0.99815157116451,False,
bellevue_ne8th,A7,452,1623139233,1116888088,5951,9,4,4,1,3,0.005,3,1,False,
bellevue_ne8th,A9,452,1623139233,1116888088,5951,9,4,4,4,4,0.005,9,0.99815157116451,False,
bellevue_ne8th,A5,453,939089901,1945071063,6572,8,4,4,4,4,0.005,9,0.998478393183201,False,
bellevue_ne8th,A6,453,939089901,1945071063,6572,8,4,4,4,4,0.005,9,0.998478393183201,False,
bellevue_ne8th,A7,453,939089901,1945071063,6572,8,4,4,2,3,0.005,5,1,False,
bellevue_ne8th,A9,453,939089901,1945071063,6572,8,4,4,4,4,0.005,9,0.998478393183201,False,
bellevue_ne8th,A5,454,648964851,1764768414,8119,6,4,4,4,4,0.005,9,0.998891489099643,False,
bellevue_ne8th,A6,454,648964851,1764768414,8119,6,4,4,4,4,0.005,9,0.998891489099643,False,
bellevue_ne8th,A7,454,648964851,1764768414,8119,6,4,4,1,3,0.005,3,1,False,
bellevue_ne8th,A9,454,648964851,1764768414,8119,6,4,4,4,4,0.005,9,0.998891489099643,False,
bellevue_ne8th,A5,455,1993207069,1539107433,5195,9,4,4,4,4,0.001,10,0.999807507218479,False,
bellevue_ne8th,A6,455,1993207069,1539107433,5195,9,4,4,4,4,0.001,10,0.999807507218479,False,
bellevue_ne8th,A7,455,1993207069,1539107433,5195,9,4,4,2,3,0.005,5,1,False,
bellevue_ne8th,A9,455,1993207069,1539107433,5195,9,4,4,4,4,0.001,10,0.999807507218479,False,
bellevue_ne8th,A5,456,178650293,540468179,4605,9,4,4,4,4,0.001,10,1,False,
bellevue_ne8th,A6,456,178650293,540468179,4605,9,4,4,4,4,0.001,10,1,False,
bellevue_ne8th,A7,456,178650293,540468179,4605,9,4,4,1,3,0.005,3,1,False,
bellevue_ne8th,A9,456,178650293,540468179,4605,9,4,4,4,4,0.001,10,1,False,
bellevue_ne8th,A5,457,1603741987,545669631,6026,8,4,4,4,4,0.001,10,1,False,
bellevue_ne8th,A6,457,1603741987,545669631,6026,8,4,4,4,4,0.001,10,1,False,
bellevue_ne8th,A7,457,1603741987,545669631,6026,8,4,4,1,3,0.005,3,1,False,
bellevue_ne8th,A9,457,1603741987,545669631,6026,8,4,4,4,4,0.001,10,1,False,
bellevue_ne8th,A5,458,372351906,1185288953,7331,8,4,4,4,4,0.005,9,0.998908743691174,False,
bellevue_ne8th,A6,458,372351906,1185288953,7331,8,4,4,4,4,0.005,9,0.998908743691174,False,
bellevue_ne8th,A7,458,372351906,1185288953,7331,8,4,4,1,3,0.005,3,1,False,
bellevue_ne8th,A9,458,372351906,1185288953,7331,8,4,4,4,4,0.005,9,0.998908743691174,False,
bellevue_ne8th,A5,459,1420923662,1795990951,6327,8,4,4,4,4,0.001,10,1,False,
bellevue_ne8th,A6,459,1420923662,1795990951,6327,8,4,4,4,4,0.001,10,1,False,
bellevue_ne8th,A7,459,1420923662,1795990951,6327,8,4,4,2,3,0.0025,5,1,False,
bellevue_ne8th,A9,459,1420923662,1795990951,6327,8,4,4,4,4,0.001,10,1,False,
bellevue_ne8th,A5,460,1057102845,1629081392,5212,9,4,4,4,4,0.005,9,0.998465080583269,False,
bellevue_ne8th,A6,460,1057102845,1629081392,5212,9,4,4,4,4,0.005,9,0.998465080583269,False,
bellevue_ne8th,A7,460,1057102845,1629081392,5212,9,4,4,2,3,0.005,5,1,False,
bellevue_ne8th,A9,460,1057102845,1629081392,5212,9,4,4,4,4,0.005,9,0.998465080583269,False,
bellevue_ne8th,A5,461,1128657267,417819430,4325,7,4,5,4,5,0.02,9,0.990982658959538,False,
bellevue_ne8th,A6,461,1128657267,417819430,4325,7,4,5,4,5,0.02,9,0.990982658959538,False,
bellevue_ne8th,A7,461,1128657267,417819430,4325,7,4,5,1,3,0.005,3,1,False,
bellevue_ne8th,A9,461,1128657267,417819430,4325,7,4,5,4,5,0.02,9,0.990982658959538,False,
bellevue_ne8th,A5,462,197327349,400765510,4228,10,4,4,4,4,0.001,10,1,False,
bellevue_ne8th,A6,462,197327349,400765510,4228,10,4,4,4,4,0.001,10,1,False,
bellevue_ne8th,A7,462,197327349,400765510,4228,10,4,4,1,3,0.005,3,1,False,
bellevue_ne8th,A9,462,197327349,400765510,4228,10,4,4,4,4,0.001,10,1,False,
bellevue_ne8th,A5,463,499469736,498618697,4298,10,4,4,4,4,0.0025,10,1,False,
bellevue_ne8th,A6,463,499469736,498618697,4298,10,4,4,4,4,0.0025,10,1,False,
bellevue_ne8th,A7,463,499469736,498618697,4298,10,4,4,1,3,0.005,3,1,False,
bellevue_ne8th,A9,463,499469736,498618697,4298,10,4,4,4,4,0.0025,10,1,False,
bellevue_ne8th,A5,464,726739354,1797664405,7861,8,4,4,4,4,0.005,9,0.998091845821142,False,
bellevue_ne8th,A6,464,726739354,1797664405,7861,8,4,4,4,4,0.005,9,0.998091845821142,False,
bellevue_ne8th,A7,464,726739354,1797664405,7861,8,4,4,2,3,0.005,5,1,False,
bellevue_ne8th,A9,464,726739354,1797664405,7861,8,4,4,4,4,0.005,9,0.998091845821142,False,
bellevue_ne8th,A5,465,615973862,2002948375,5995,10,4,4,4,4,0.001,10,1,False,
bellevue_ne8th,A6,465,615973862,2002948375,5995,10,4,4,4,4,0.001,10,1,False,
bellevue_ne8th,A7,465,615973862,2002948375,5995,10,4,4,1,3,0.005,3,1,False,
bellevue_ne8th,A9,465,615973862,2002948375,5995,10,4,4,4,4,0.001,10,1,False,
bellevue_ne8th,A5,466,953993093,1791519975,4682,10,4,4,4,4,0.001,10,0.999572832123024,False,
bellevue_ne8th,A6,466,953993093,1791519975,4682,10,4,4,4,4,0.001,10,0.999572832123024,False,
bellevue_ne8th,A7,466,953993093,1791519975,4682,10,4,4,1,3,0.005,3,1,False,
bellevue_ne8th,A9,466,953993093,1791519975,4682,10,4,4,4,4,0.001,10,0.999572832123024,False,
bellevue_ne8th,A5,467,36375387,266039253,4974,8,4,4,4,4,0.001,10,1,False,
bellevue_ne8th,A6,467,36375387,266039253,4974,8,4,4,4,4,0.001,10,1,False,
bellevue_ne8th,A7,467,36375387,266039253,4974,8,4,4,1,3,0.005,3,1,False,
bellevue_ne8th,A9,467,36375387,266039253,4974,8,4,4,4,4,0.001,10,1,False,
bellevue_ne8th,A5,468,1946236441,1326353682,2273,7,4,5,4,5,0.02,8,0.984601847778267,False,
bellevue_ne8th,A6,468,1946236441,1326353682,2273,7,4,5,4,5,0.02,8,0.984601847778267,False,
bellevue_ne8th,A7,468,1946236441,1326353682,2273,7,4,5,2,2,0.001,4,1,False,
bellevue_ne8th,A9,468,1946236441,1326353682,2273,7,4,5,4,5,0.02,8,0.984601847778267,False,
bellevue_ne8th,A5,469,2138477657,358402704,2919,8,4,4,4,4,0.001,10,1,False,
bellevue_ne8th,A6,469,2138477657,358402704,2919,8,4,4,4,4,0.001,10,1,False,
bellevue_ne8th,A7,469,2138477657,358402704,2919,8,4,4,2,2,0.0025,4,1,False,
bellevue_ne8th,A9,469,2138477657,358402704,2919,8,4,4,4,4,0.001,10,1,False,
bellevue_ne8th,A5,470,1286521794,161792544,5249,10,4,4,4,4,0.005,9,0.998285387692894,False,
bellevue_ne8th,A6,470,1286521794,161792544,5249,10,4,4,4,4,0.005,9,0.998285387692894,False,
bellevue_ne8th,A7,470,1286521794,161792544,5249,10,4,4,2,3,0.005,5,1,False,
bellevue_ne8th,A9,470,1286521794,161792544,5249,10,4,4,4,4,0.005,9,0.998285387692894,False,
bellevue_ne8th,A5,471,1364767787,195939691,7154,9,4,4,4,4,0.005,9,0.9979032708974,False,
bellevue_ne8th,A6,471,1364767787,195939691,7154,9,4,4,4,4,0.005,9,0.9979032708974,False,
bellevue_ne8th,A7,471,1364767787,195939691,7154,9,4,4,1,3,0.005,3,1,False,
bellevue_ne8th,A9,471,1364767787,195939691,7154,9,4,4,4,4,0.005,9,0.9979032708974,False,
bellevue_ne8th,A5,472,698288602,1926101314,6503,8,4,4,4,4,0.001,10,1,False,
bellevue_ne8th,A6,472,698288602,1926101314,6503,8,4,4,4,4,0.001,10,1,False,
bellevue_ne8th,A7,472,698288602,1926101314,6503,8,4,4,1,3,0.005,3,1,False,
bellevue_ne8th,A9,472,698288602,1926101314,6503,8,4,4,4,4,0.001,10,1,False,
bellevue_ne8th,A5,473,1975612856,1082726481,5128,7,4,4,4,4,0.005,9,0.99804992199688,False,
bellevue_ne8th,A6,473,1975612856,1082726481,5128,7,4,4,4,4,0.005,9,0.99804992199688,False,
bellevue_ne8th,A7,473,1975612856,1082726481,5128,7,4,4,1,3,0.005,3,1,False,
bellevue_ne8th,A9,473,1975612856,1082726481,5128,7,4,4,4,4,0.005,9,0.99804992199688,False,
bellevue_ne8th,A5,474,2061822205,1996236411,4772,8,4,4,4,4,0.001,10,1,False,
bellevue_ne8th,A6,474,2061822205,1996236411,4772,8,4,4,4,4,0.001,10,1,False,
bellevue_ne8th,A7,474,2061822205,1996236411,4772,8,4,4,1,3,0.005,3,1,False,
bellevue_ne8th,A9,474,2061822205,1996236411,4772,8,4,4,4,4,0.001,10,1,False,
bellevue_ne8th,A5,475,313221644,1353801384,5495,9,4,4,4,4,0.005,9,0.997816196542311,False,
bellevue_ne8th,A6,475,313221644,1353801384,5495,9,4,4,4,4,0.005,9,0.997816196542311,False,
bellevue_ne8th,A7,475,313221644,1353801384,5495,9,4,4,2,3,0.0025,5,1,False,
bellevue_ne8th,A9,475,313221644,1353801384,5495,9,4,4,4,4,0.005,9,0.997816196542311,False,
bellevue_ne8th,A5,476,1303407766,2105674992,10455,5,4,4,4,4,0.005,9,0.999139167862267,False,
bellevue_ne8th,A6,476,1303407766,2105674992,10455,5,4,4,4,4,0.005,9,0.999139167862267,False,
bellevue_ne8th,A7,476,1303407766,2105674992,10455,5,4,4,2,3,0.005,5,1,False,
bellevue_ne8th,A9,476,1303407766,2105674992,10455,5,4,4,4,4,0.005,9,0.999139167862267,False,
bellevue_ne8th,A5,477,1396223274,1704583850,6943,7,4,4,4,4,0.005,9,0.997695520668299,False,
bellevue_ne8th,A6,477,1396223274,1704583850,6943,7,4,4,4,4,0.005,9,0.997695520668299,False,
bellevue_ne8th,A7,477,1396223274,1704583850,6943,7,4,4,2,3,0.0025,5,1,False,
bellevue_ne8th,A9,477,1396223274,1704583850,6943,7,4,4,4,4,0.005,9,0.997695520668299,False,
bellevue_ne8th,A5,478,620634306,1440891202,5648,9,4,4,4,4,0.005,9,0.997521246458923,False,
bellevue_ne8th,A6,478,620634306,1440891202,5648,9,4,4,4,4,0.005,9,0.997521246458923,False,
bellevue_ne8th,A7,478,620634306,1440891202,5648,9,4,4,1,2,0.005,2,1,False,
bellevue_ne8th,A9,478,620634306,1440891202,5648,9,4,4,4,4,0.005,9,0.997521246458923,False,
bellevue_ne8th,A5,479,350123604,840295766,4554,9,4,4,4,4,0.001,10,1,False,
bellevue_ne8th,A6,479,350123604,840295766,4554,9,4,4,4,4,0.001,10,1,False,
bellevue_ne8th,A7,479,350123604,840295766,4554,9,4,4,1,3,0.005,3,1,False,
bellevue_ne8th,A9,479,350123604,840295766,4554,9,4,4,4,4,0.001,10,1,False,
bellevue_ne8th,A5,480,1075417738,1284079216,3864,9,4,4,4,4,0.001,10,1,False,
bellevue_ne8th,A6,480,1075417738,1284079216,3864,9,4,4,4,4,0.001,10,1,False,
bellevue_ne8th,A7,480,1075417738,1284079216,3864,9,4,4,2,3,0.0025,5,1,False,
bellevue_ne8th,A9,480,1075417738,1284079216,3864,9,4,4,4,4,0.001,10,1,False,
bellevue_ne8th,A5,481,121078457,255235815,3107,6,4,4,4,4,0.001,10,1,False,
bellevue_ne8th,A6,481,121078457,255235815,3107,6,4,4,4,4,0.001,10,1,False,
bellevue_ne8th,A7,481,121078457,255235815,3107,6,4,4,1,3,0.005,3,1,False,
bellevue_ne8th,A9,481,121078457,255235815,3107,6,4,4,4,4,0.001,10,1,False,
bellevue_ne8th,A5,482,681204250,1323776199,6182,9,4,4,4,4,0.005,9,0.997897120672921,False,
bellevue_ne8th,A6,482,681204250,1323776199,6182,9,4,4,4,4,0.005,9,0.997897120672921,False,
bellevue_ne8th,A7,482,681204250,1323776199,6182,9,4,4,1,3,0.005,3,1,False,
bellevue_ne8th,A9,482,681204250,1323776199,6182,9,4,4,4,4,0.005,9,0.997897120672921,False,
bellevue_ne8th,A5,483,1370384706,746233092,4100,8,4,4,4,4,0.005,9,0.99780487804878,False,
bellevue_ne8th,A6,483,1370384706,746233092,4100,8,4,4,4,4,0.005,9,0.99780487804878,False,
bellevue_ne8th,A7,483,1370384706,746233092,4100,8,4,4,1,3,0.005,3,1,False,
bellevue_ne8th,A9,483,1370384706,746233092,4100,8,4,4,4,4,0.005,9,0.99780487804878,False,
bellevue_ne8th,A5,484,493940290,1696442483,2906,7,4,4,4,4,0.0025,10,1,False,
bellevue_ne8th,A6,484,493940290,1696442483,2906,7,4,4,4,4,0.0025,10,1,False,
bellevue_ne8th,A7,484,493940290,1696442483,2906,7,4,4,2,3,0.0025,5,1,False,
bellevue_ne8th,A9,484,493940290,1696442483,2906,7,4,4,4,4,0.0025,10,1,False,
bellevue_ne8th,A5,485,1923797185,2104188506,7232,10,4,4,4,4,0.005,9,0.998202433628319,False,
bellevue_ne8th,A6,485,1923797185,2104188506,7232,10,4,4,4,4,0.005,9,0.998202433628319,False,
bellevue_ne8th,A7,485,1923797185,2104188506,7232,10,4,4,1,3,0.005,3,1,False,
bellevue_ne8th,A9,485,1923797185,2104188506,7232,10,4,4,4,4,0.005,9,0.998202433628319,False,
bellevue_ne8th,A5,486,656030403,879057344,3725,9,4,4,4,4,0.001,10,1,False,
bellevue_ne8th,A6,486,656030403,879057344,3725,9,4,4,4,4,0.001,10,1,False,
bellevue_ne8th,A7,486,656030403,879057344,3725,9,4,4,1,3,0.005,3,1,False,
bellevue_ne8th,A9,486,656030403,879057344,3725,9,4,4,4,4,0.001,10,1,False,
bellevue_ne8th,A5,487,1425153386,366303859,6834,9,4,4,4,4,0.005,9,0.998244073748903,False,
bellevue_ne8th,A6,487,1425153386,366303859,6834,9,4,4,4,4,0.005,9,0.998244073748903,False,
bellevue_ne8th,A7,487,1425153386,366303859,6834,9,4,4,2,3,0.0025,5,1,False,
bellevue_ne8th,A9,487,1425153386,366303859,6834,9,4,4,4,4,0.005,9,0.998244073748903,False,
bellevue_ne8th,A5,488,1144868009,1059968234,7328,8,4,4,4,4,0.005,9,0.997680131004367,False,
bellevue_ne8th,A6,488,1144868009,1059968234,7328,8,4,4,4,4,0.005,9,0.997680131004367,False,
bellevue_ne8th,A7,488,1144868009,1059968234,7328,8,4,4,2,3,0.0025,5,1,False,
bellevue_ne8th,A9,488,1144868009,1059968234,7328,8,4,4,4,4,0.005,9,0.997680131004367,False,
bellevue_ne8th,A5,489,1074505921,573743158,6159,9,4,4,4,4,0.005,9,0.998538723818802,False,
bellevue_ne8th,A6,489,1074505921,573743158,6159,9,4,4,4,4,0.005,9,0.998538723818802,False,
bellevue_ne8th,A7,489,1074505921,573743158,6159,9,4,4,1,3,0.005,3,1,False,
bellevue_ne8th,A9,489,1074505921,573743158,6159,9,4,4,4,4,0.005,9,0.998538723818802,False,
bellevue_ne8th,A5,490,449777330,745532984,5214,9,4,4,4,4,0.005,9,0.99789029535865,False,
bellevue_ne8th,A6,490,449777330,745532984,5214,9,4,4,4,4,0.005,9,0.99789029535865,False,
bellevue_ne8th,A7,490,449777330,745532984,5214,9,4,4,1,3,0.005,3,1,False,
bellevue_ne8th,A9,490,449777330,745532984,5214,9,4,4,4,4,0.005,9,0.99789029535865,False,
bellevue_ne8th,A5,491,597434137,328714783,6529,7,4,4,4,4,0.005,9,0.998774697503446,False,
bellevue_ne8th,A6,491,597434137,328714783,6529,7,4,4,4,4,0.005,9,0.998774697503446,False,
bellevue_ne8th,A7,491,597434137,328714783,6529,7,4,4,1,3,0.005,3,1,False,
bellevue_ne8th,A9,491,597434137,328714783,6529,7,4,4,4,4,0.005,9,0.998774697503446,False,
bellevue_ne8th,A5,492,66901440,1654952716,4726,8,4,4,4,4,0.001,10,1,False,
bellevue_ne8th,A6,492,66901440,1654952716,4726,8,4,4,4,4,0.001,10,1,False,
bellevue_ne8th,A7,492,66901440,1654952716,4726,8,4,4,1,3,0.005,3,1,False,
bellevue_ne8th,A9,492,66901440,1654952716,4726,8,4,4,4,4,0.001,10,1,False,
bellevue_ne8th,A5,493,1633508595,103269351,5319,7,4,4,4,4,0.001,10,1,False,
bellevue_ne8th,A6,493,1633508595,103269351,5319,7,4,4,4,4,0.001,10,1,False,
bellevue_ne8th,A7,493,1633508595,103269351,5319,7,4,4,2,3,0.005,5,1,False,
bellevue_ne8th,A9,493,1633508595,103269351,5319,7,4,4,4,4,0.001,10,1,False,
bellevue_ne8th,A5,494,2033663127,1847233774,5028,9,4,4,4,4,0.005,9,0.997613365155131,False,
bellevue_ne8th,A6,494,2033663127,1847233774,5028,9,4,4,4,4,0.005,9,0.997613365155131,False,
bellevue_ne8th,A7,494,2033663127,1847233774,5028,9,4,4,1,3,0.005,3,1,False,
bellevue_ne8th,A9,494,2033663127,1847233774,5028,9,4,4,4,4,0.005,9,0.997613365155131,False,
bellevue_ne8th,A5,495,1765643213,2034629926,6152,9,4,4,4,4,0.001,10,0.999837451235371,False,
bellevue_ne8th,A6,495,1765643213,2034629926,6152,9,4,4,4,4,0.001,10,0.999837451235371,False,
bellevue_ne8th,A7,495,1765643213,2034629926,6152,9,4,4,2,3,0.0025,5,1,False,
bellevue_ne8th,A9,495,1765643213,2034629926,6152,9,4,4,4,4,0.001,10,0.999837451235371,False,
bellevue_ne8th,A5,496,1141563808,1335391413,6954,8,4,4,4,4,0.005,9,0.997555363819384,False,
bellevue_ne8th,A6,496,1141563808,1335391413,6954,8,4,4,4,4,0.005,9,0.997555363819384,False,
bellevue_ne8th,A7,496,1141563808,1335391413,6954,8,4,4,1,3,0.005,3,1,False,
bellevue_ne8th,A9,496,1141563808,1335391413,6954,8,4,4,4,4,0.005,9,0.997555363819384,False,
bellevue_ne8th,A5,497,1772265761,454367656,6383,9,4,4,4,4,0.001,10,0.999686667711108,False,
bellevue_ne8th,A6,497,1772265761,454367656,6383,9,4,4,4,4,0.001,10,0.999686667711108,False,
bellevue_ne8th,A7,497,1772265761,454367656,6383,9,4,4,2,3,0.0025,5,1,False,
bellevue_ne8th,A9,497,1772265761,454367656,6383,9,4,4,4,4,0.001,10,0.999686667711108,False,
bellevue_ne8th,A5,498,959558455,1986016229,5694,10,4,4,4,4,0.005,9,0.998068141903758,False,
bellevue_ne8th,A6,498,959558455,1986016229,5694,10,4,4,4,4,0.005,9,0.998068141903758,False,
bellevue_ne8th,A7,498,959558455,1986016229,5694,10,4,4,1,3,0.005,3,1,False,
bellevue_ne8th,A9,498,959558455,1986016229,5694,10,4,4,4,4,0.005,9,0.998068141903758,False,
bellevue_ne8th,A5,499,978151495,1689293234,6744,10,4,4,4,4,0.001,10,0.99985172004745,False,
bellevue_ne8th,A6,499,978151495,1689293234,6744,10,4,4,4,4,0.001,10,0.99985172004745,False,
bellevue_ne8th,A7,499,978151495,1689293234,6744,10,4,4,2,3,0.0025,5,1,False,
bellevue_ne8th,A9,499,978151495,1689293234,6744,10,4,4,4,4,0.001,10,0.99985172004745,False,
