scenario,T,O,B,S,D,scene,method,candidate_id,trial_index,params_json,score,rank,is_top_ranked,selected_untargeted,selected_hg_expected_aware
original,0.5,0.2,0.1,0.1,0.1,bellevue_116th_ne12th,hdbscan,bellevue_116th_ne12th|hdbscan|trial_001,1,"{""min_cluster_size"": 80, ""min_samples"": 10}",0.6131259878641706,1,True,True,True
original,0.5,0.2,0.1,0.1,0.1,bellevue_116th_ne12th,hdbscan,bellevue_116th_ne12th|hdbscan|trial_002,2,"{""min_cluster_size"": 80, ""min_samples"": 20}",0.5504040417411744,4,False,False,False
original,0.5,0.2,0.1,0.1,0.1,bellevue_116th_ne12th,hdbscan,bellevue_116th_ne12th|hdbscan|trial_003,3,"{""min_cluster_size"": 160, ""min_samples"": 10}",0.5524101672141818,2,False,False,False
original,0.5,0.2,0.1,0.1,0.1,bellevue_116th_ne12th,hdbscan,bellevue_116th_ne12th|hdbscan|trial_004,4,"{""min_cluster_size"": 160, ""min_samples"": 20}",0.5504040417411744,3,False,False,False
original,0.5,0.2,0.1,0.1,0.1,bellevue_116th_ne12th,hdbscan,bellevue_116th_ne12th|hdbscan|trial_005,5,"{""min_cluster_size"": 320, ""min_samples"": 10}",0.15000000000000002,5,False,False,False
original,0.5,0.2,0.1,0.1,0.1,bellevue_116th_ne12th,hdbscan,bellevue_116th_ne12th|hdbscan|trial_006,6,"{""min_cluster_size"": 320, ""min_samples"": 20}",0.15000000000000002,6,False,False,False
reviewer_example,0.4,0.3,0.1,0.1,0.1,bellevue_116th_ne12th,hdbscan,bellevue_116th_ne12th|hdbscan|trial_001,1,"{""min_cluster_size"": 80, ""min_samples"": 10}",0.6724950730376722,1,True,True,True
reviewer_example,0.4,0.3,0.1,0.1,0.1,bellevue_116th_ne12th,hdbscan,bellevue_116th_ne12th|hdbscan|trial_002,2,"{""min_cluster_size"": 80, ""min_samples"": 20}",0.6192999407948021,4,False,False,False
reviewer_example,0.4,0.3,0.1,0.1,0.1,bellevue_116th_ne12th,hdbscan,bellevue_116th_ne12th|hdbscan|trial_003,3,"{""min_cluster_size"": 160, ""min_samples"": 10}",0.6224101672141819,2,False,False,False
reviewer_example,0.4,0.3,0.1,0.1,0.1,bellevue_116th_ne12th,hdbscan,bellevue_116th_ne12th|hdbscan|trial_004,4,"{""min_cluster_size"": 160, ""min_samples"": 20}",0.6192999407948021,3,False,False,False
reviewer_example,0.4,0.3,0.1,0.1,0.1,bellevue_116th_ne12th,hdbscan,bellevue_116th_ne12th|hdbscan|trial_005,5,"{""min_cluster_size"": 320, ""min_samples"": 10}",0.15000000000000002,5,False,False,False
reviewer_example,0.4,0.3,0.1,0.1,0.1,bellevue_116th_ne12th,hdbscan,bellevue_116th_ne12th|hdbscan|trial_006,6,"{""min_cluster_size"": 320, ""min_samples"": 20}",0.15000000000000002,6,False,False,False
moderate_target,0.4,0.2,0.15,0.125,0.125,bellevue_116th_ne12th,hdbscan,bellevue_116th_ne12th|hdbscan|trial_001,1,"{""min_cluster_size"": 80, ""min_samples"": 10}",0.6412864343069546,1,True,True,True
moderate_target,0.4,0.2,0.15,0.125,0.125,bellevue_116th_ne12th,hdbscan,bellevue_116th_ne12th|hdbscan|trial_002,2,"{""min_cluster_size"": 80, ""min_samples"": 20}",0.5855706592684738,4,False,False,False
moderate_target,0.4,0.2,0.15,0.125,0.125,bellevue_116th_ne12th,hdbscan,bellevue_116th_ne12th|hdbscan|trial_003,3,"{""min_cluster_size"": 160, ""min_samples"": 10}",0.5876420465571595,2,False,False,False
moderate_target,0.4,0.2,0.15,0.125,0.125,bellevue_116th_ne12th,hdbscan,bellevue_116th_ne12th|hdbscan|trial_004,4,"{""min_cluster_size"": 160, ""min_samples"": 20}",0.5855706592684738,3,False,False,False
moderate_target,0.4,0.2,0.15,0.125,0.125,bellevue_116th_ne12th,hdbscan,bellevue_116th_ne12th|hdbscan|trial_005,5,"{""min_cluster_size"": 320, ""min_samples"": 10}",0.2,5,False,False,False
moderate_target,0.4,0.2,0.15,0.125,0.125,bellevue_116th_ne12th,hdbscan,bellevue_116th_ne12th|hdbscan|trial_006,6,"{""min_cluster_size"": 320, ""min_samples"": 20}",0.2,6,False,False,False
balanced_task_internal,0.3,0.2,0.15,0.175,0.175,bellevue_116th_ne12th,hdbscan,bellevue_116th_ne12th|hdbscan|trial_001,1,"{""min_cluster_size"": 80, ""min_samples"": 10}",0.6793533589385542,1,True,True,True
balanced_task_internal,0.3,0.2,0.15,0.175,0.175,bellevue_116th_ne12th,hdbscan,bellevue_116th_ne12th|hdbscan|trial_002,2,"{""min_cluster_size"": 80, ""min_samples"": 20}",0.6278496678477935,4,False,False,False
balanced_task_internal,0.3,0.2,0.15,0.175,0.175,bellevue_116th_ne12th,hdbscan,bellevue_116th_ne12th|hdbscan|trial_003,3,"{""min_cluster_size"": 160, ""min_samples"": 10}",0.6295884550853861,2,False,False,False
balanced_task_internal,0.3,0.2,0.15,0.175,0.175,bellevue_116th_ne12th,hdbscan,bellevue_116th_ne12th|hdbscan|trial_004,4,"{""min_cluster_size"": 160, ""min_samples"": 20}",0.6278496678477935,3,False,False,False
balanced_task_internal,0.3,0.2,0.15,0.175,0.175,bellevue_116th_ne12th,hdbscan,bellevue_116th_ne12th|hdbscan|trial_005,5,"{""min_cluster_size"": 320, ""min_samples"": 10}",0.24999999999999997,5,False,False,False
balanced_task_internal,0.3,0.2,0.15,0.175,0.175,bellevue_116th_ne12th,hdbscan,bellevue_116th_ne12th|hdbscan|trial_006,6,"{""min_cluster_size"": 320, ""min_samples"": 20}",0.24999999999999997,6,False,False,False
equal_weights,0.2,0.2,0.2,0.2,0.2,bellevue_116th_ne12th,hdbscan,bellevue_116th_ne12th|hdbscan|trial_001,1,"{""min_cluster_size"": 80, ""min_samples"": 10}",0.7075138053813382,1,True,True,True
equal_weights,0.2,0.2,0.2,0.2,0.2,bellevue_116th_ne12th,hdbscan,bellevue_116th_ne12th|hdbscan|trial_002,2,"{""min_cluster_size"": 80, ""min_samples"": 20}",0.663016285375093,4,False,False,False
equal_weights,0.2,0.2,0.2,0.2,0.2,bellevue_116th_ne12th,hdbscan,bellevue_116th_ne12th|hdbscan|trial_003,3,"{""min_cluster_size"": 160, ""min_samples"": 10}",0.6648203344283636,2,False,False,False
equal_weights,0.2,0.2,0.2,0.2,0.2,bellevue_116th_ne12th,hdbscan,bellevue_116th_ne12th|hdbscan|trial_004,4,"{""min_cluster_size"": 160, ""min_samples"": 20}",0.663016285375093,3,False,False,False
equal_weights,0.2,0.2,0.2,0.2,0.2,bellevue_116th_ne12th,hdbscan,bellevue_116th_ne12th|hdbscan|trial_005,5,"{""min_cluster_size"": 320, ""min_samples"": 10}",0.30000000000000004,5,False,False,False
equal_weights,0.2,0.2,0.2,0.2,0.2,bellevue_116th_ne12th,hdbscan,bellevue_116th_ne12th|hdbscan|trial_006,6,"{""min_cluster_size"": 320, ""min_samples"": 20}",0.30000000000000004,6,False,False,False
target_heavy,0.6,0.15,0.1,0.075,0.075,bellevue_116th_ne12th,hdbscan,bellevue_116th_ne12th|hdbscan|trial_001,1,"{""min_cluster_size"": 80, ""min_samples"": 10}",0.5644079829616201,1,True,True,True
target_heavy,0.6,0.15,0.1,0.075,0.075,bellevue_116th_ne12th,hdbscan,bellevue_116th_ne12th|hdbscan|trial_002,2,"{""min_cluster_size"": 80, ""min_samples"": 20}",0.4948165879247005,4,False,False,False
target_heavy,0.6,0.15,0.1,0.075,0.075,bellevue_116th_ne12th,hdbscan,bellevue_116th_ne12th|hdbscan|trial_003,3,"{""min_cluster_size"": 160, ""min_samples"": 10}",0.4964369629500685,2,False,False,False
target_heavy,0.6,0.15,0.1,0.075,0.075,bellevue_116th_ne12th,hdbscan,bellevue_116th_ne12th|hdbscan|trial_004,4,"{""min_cluster_size"": 160, ""min_samples"": 20}",0.4948165879247005,3,False,False,False
target_heavy,0.6,0.15,0.1,0.075,0.075,bellevue_116th_ne12th,hdbscan,bellevue_116th_ne12th|hdbscan|trial_005,5,"{""min_cluster_size"": 320, ""min_samples"": 10}",0.125,5,False,False,False
target_heavy,0.6,0.15,0.1,0.075,0.075,bellevue_116th_ne12th,hdbscan,bellevue_116th_ne12th|hdbscan|trial_006,6,"{""min_cluster_size"": 320, ""min_samples"": 20}",0.125,6,False,False,False
outlier_heavy,0.35,0.35,0.1,0.1,0.1,bellevue_116th_ne12th,hdbscan,bellevue_116th_ne12th|hdbscan|trial_001,1,"{""min_cluster_size"": 80, ""min_samples"": 10}",0.702179615624423,1,True,True,True
outlier_heavy,0.35,0.35,0.1,0.1,0.1,bellevue_116th_ne12th,hdbscan,bellevue_116th_ne12th|hdbscan|trial_002,2,"{""min_cluster_size"": 80, ""min_samples"": 20}",0.653747890321616,4,False,False,False
outlier_heavy,0.35,0.35,0.1,0.1,0.1,bellevue_116th_ne12th,hdbscan,bellevue_116th_ne12th|hdbscan|trial_003,3,"{""min_cluster_size"": 160, ""min_samples"": 10}",0.6574101672141818,2,False,False,False
outlier_heavy,0.35,0.35,0.1,0.1,0.1,bellevue_116th_ne12th,hdbscan,bellevue_116th_ne12th|hdbscan|trial_004,4,"{""min_cluster_size"": 160, ""min_samples"": 20}",0.653747890321616,3,False,False,False
outlier_heavy,0.35,0.35,0.1,0.1,0.1,bellevue_116th_ne12th,hdbscan,bellevue_116th_ne12th|hdbscan|trial_005,5,"{""min_cluster_size"": 320, ""min_samples"": 10}",0.15000000000000002,5,False,False,False
outlier_heavy,0.35,0.35,0.1,0.1,0.1,bellevue_116th_ne12th,hdbscan,bellevue_116th_ne12th|hdbscan|trial_006,6,"{""min_cluster_size"": 320, ""min_samples"": 20}",0.15000000000000002,6,False,False,False
original,0.5,0.2,0.1,0.1,0.1,bellevue_116th_ne12th,kmeans,bellevue_116th_ne12th|kmeans|trial_001,1,"{""max_iter"": 300, ""n_clusters"": 2, ""n_init"": 10}",0.46135371499081834,18,False,False,False
original,0.5,0.2,0.1,0.1,0.1,bellevue_116th_ne12th,kmeans,bellevue_116th_ne12th|kmeans|trial_002,2,"{""max_iter"": 300, ""n_clusters"": 3, ""n_init"": 10}",0.5524101672141818,15,False,False,False
original,0.5,0.2,0.1,0.1,0.1,bellevue_116th_ne12th,kmeans,bellevue_116th_ne12th|kmeans|trial_003,3,"{""max_iter"": 300, ""n_clusters"": 4, ""n_init"": 10}",0.613933996008798,13,False,False,False
original,0.5,0.2,0.1,0.1,0.1,bellevue_116th_ne12th,kmeans,bellevue_116th_ne12th|kmeans|trial_004,4,"{""max_iter"": 300, ""n_clusters"": 5, ""n_init"": 10}",0.6809873300199524,10,False,False,False
original,0.5,0.2,0.1,0.1,0.1,bellevue_116th_ne12th,kmeans,bellevue_116th_ne12th|kmeans|trial_005,5,"{""max_iter"": 300, ""n_clusters"": 6, ""n_init"": 10}",0.7382559700535173,8,False,False,False
original,0.5,0.2,0.1,0.1,0.1,bellevue_116th_ne12th,kmeans,bellevue_116th_ne12th|kmeans|trial_006,6,"{""max_iter"": 300, ""n_clusters"": 7, ""n_init"": 10}",0.7861236415967479,6,False,False,False
original,0.5,0.2,0.1,0.1,0.1,bellevue_116th_ne12th,kmeans,bellevue_116th_ne12th|kmeans|trial_007,7,"{""max_iter"": 300, ""n_clusters"": 8, ""n_init"": 10}",0.837468444112984,4,False,False,False
original,0.5,0.2,0.1,0.1,0.1,bellevue_116th_ne12th,kmeans,bellevue_116th_ne12th|kmeans|trial_008,8,"{""max_iter"": 300, ""n_clusters"": 9, ""n_init"": 10}",0.8890501847998333,2,False,False,False
original,0.5,0.2,0.1,0.1,0.1,bellevue_116th_ne12th,kmeans,bellevue_116th_ne12th|kmeans|trial_009,9,"{""max_iter"": 300, ""n_clusters"": 10, ""n_init"": 10}",0.9415434312264103,1,True,True,True
original,0.5,0.2,0.1,0.1,0.1,bellevue_116th_ne12th,kmeans,bellevue_116th_ne12th|kmeans|trial_010,10,"{""max_iter"": 300, ""n_clusters"": 11, ""n_init"": 10}",0.8847100910166136,3,False,False,False
original,0.5,0.2,0.1,0.1,0.1,bellevue_116th_ne12th,kmeans,bellevue_116th_ne12th|kmeans|trial_011,11,"{""max_iter"": 300, ""n_clusters"": 12, ""n_init"": 10}",0.8329828692251464,5,False,False,False
original,0.5,0.2,0.1,0.1,0.1,bellevue_116th_ne12th,kmeans,bellevue_116th_ne12th|kmeans|trial_012,12,"{""max_iter"": 300, ""n_clusters"": 13, ""n_init"": 10}",0.7810082924188804,7,False,False,False
original,0.5,0.2,0.1,0.1,0.1,bellevue_116th_ne12th,kmeans,bellevue_116th_ne12th|kmeans|trial_013,13,"{""max_iter"": 300, ""n_clusters"": 14, ""n_init"": 10}",0.730528371314747,9,False,False,False
original,0.5,0.2,0.1,0.1,0.1,bellevue_116th_ne12th,kmeans,bellevue_116th_ne12th|kmeans|trial_014,14,"{""max_iter"": 300, ""n_clusters"": 15, ""n_init"": 10}",0.6795684895479563,11,False,False,False
original,0.5,0.2,0.1,0.1,0.1,bellevue_116th_ne12th,kmeans,bellevue_116th_ne12th|kmeans|trial_015,15,"{""max_iter"": 300, ""n_clusters"": 16, ""n_init"": 10}",0.6297666812994027,12,False,False,False
original,0.5,0.2,0.1,0.1,0.1,bellevue_116th_ne12th,kmeans,bellevue_116th_ne12th|kmeans|trial_016,16,"{""max_iter"": 300, ""n_clusters"": 17, ""n_init"": 10}",0.5846915685276521,14,False,False,False
original,0.5,0.2,0.1,0.1,0.1,bellevue_116th_ne12th,kmeans,bellevue_116th_ne12th|kmeans|trial_017,17,"{""max_iter"": 300, ""n_clusters"": 18, ""n_init"": 10}",0.5305578979204945,16,False,False,False
original,0.5,0.2,0.1,0.1,0.1,bellevue_116th_ne12th,kmeans,bellevue_116th_ne12th|kmeans|trial_018,18,"{""max_iter"": 300, ""n_clusters"": 19, ""n_init"": 10}",0.4821065140865948,17,False,False,False
original,0.5,0.2,0.1,0.1,0.1,bellevue_116th_ne12th,kmeans,bellevue_116th_ne12th|kmeans|trial_019,19,"{""max_iter"": 300, ""n_clusters"": 20, ""n_init"": 10}",0.4223065598177888,24,False,False,False
original,0.5,0.2,0.1,0.1,0.1,bellevue_116th_ne12th,kmeans,bellevue_116th_ne12th|kmeans|trial_020,20,"{""max_iter"": 300, ""n_clusters"": 21, ""n_init"": 10}",0.4259753338961203,19,False,False,False
original,0.5,0.2,0.1,0.1,0.1,bellevue_116th_ne12th,kmeans,bellevue_116th_ne12th|kmeans|trial_021,21,"{""max_iter"": 300, ""n_clusters"": 22, ""n_init"": 10}",0.4212587071751559,27,False,False,False
original,0.5,0.2,0.1,0.1,0.1,bellevue_116th_ne12th,kmeans,bellevue_116th_ne12th|kmeans|trial_022,22,"{""max_iter"": 300, ""n_clusters"": 23, ""n_init"": 10}",0.4219768066306748,25,False,False,False
original,0.5,0.2,0.1,0.1,0.1,bellevue_116th_ne12th,kmeans,bellevue_116th_ne12th|kmeans|trial_023,23,"{""max_iter"": 300, ""n_clusters"": 24, ""n_init"": 10}",0.4204581196795492,29,False,False,False
original,0.5,0.2,0.1,0.1,0.1,bellevue_116th_ne12th,kmeans,bellevue_116th_ne12th|kmeans|trial_024,24,"{""max_iter"": 300, ""n_clusters"": 25, ""n_init"": 10}",0.4213772811566726,26,False,False,False
original,0.5,0.2,0.1,0.1,0.1,bellevue_116th_ne12th,kmeans,bellevue_116th_ne12th|kmeans|trial_025,25,"{""max_iter"": 300, ""n_clusters"": 26, ""n_init"": 10}",0.42403337805336166,21,False,False,False
original,0.5,0.2,0.1,0.1,0.1,bellevue_116th_ne12th,kmeans,bellevue_116th_ne12th|kmeans|trial_026,26,"{""max_iter"": 300, ""n_clusters"": 27, ""n_init"": 10}",0.4240381496305121,20,False,False,False
original,0.5,0.2,0.1,0.1,0.1,bellevue_116th_ne12th,kmeans,bellevue_116th_ne12th|kmeans|trial_027,27,"{""max_iter"": 300, ""n_clusters"": 28, ""n_init"": 10}",0.4239425852029486,22,False,False,False
original,0.5,0.2,0.1,0.1,0.1,bellevue_116th_ne12th,kmeans,bellevue_116th_ne12th|kmeans|trial_028,28,"{""max_iter"": 300, ""n_clusters"": 29, ""n_init"": 10}",0.4229321744969053,23,False,False,False
original,0.5,0.2,0.1,0.1,0.1,bellevue_116th_ne12th,kmeans,bellevue_116th_ne12th|kmeans|trial_029,29,"{""max_iter"": 300, ""n_clusters"": 30, ""n_init"": 10}",0.4206260412620599,28,False,False,False
reviewer_example,0.4,0.3,0.1,0.1,0.1,bellevue_116th_ne12th,kmeans,bellevue_116th_ne12th|kmeans|trial_001,1,"{""max_iter"": 300, ""n_clusters"": 2, ""n_init"": 10}",0.5413537149908183,18,False,False,False
reviewer_example,0.4,0.3,0.1,0.1,0.1,bellevue_116th_ne12th,kmeans,bellevue_116th_ne12th|kmeans|trial_002,2,"{""max_iter"": 300, ""n_clusters"": 3, ""n_init"": 10}",0.6224101672141819,15,False,False,False
reviewer_example,0.4,0.3,0.1,0.1,0.1,bellevue_116th_ne12th,kmeans,bellevue_116th_ne12th|kmeans|trial_003,3,"{""max_iter"": 300, ""n_clusters"": 4, ""n_init"": 10}",0.6739339960087981,13,False,False,False
reviewer_example,0.4,0.3,0.1,0.1,0.1,bellevue_116th_ne12th,kmeans,bellevue_116th_ne12th|kmeans|trial_004,4,"{""max_iter"": 300, ""n_clusters"": 5, ""n_init"": 10}",0.7309873300199524,10,False,False,False
reviewer_example,0.4,0.3,0.1,0.1,0.1,bellevue_116th_ne12th,kmeans,bellevue_116th_ne12th|kmeans|trial_005,5,"{""max_iter"": 300, ""n_clusters"": 6, ""n_init"": 10}",0.7782559700535173,8,False,False,False
reviewer_example,0.4,0.3,0.1,0.1,0.1,bellevue_116th_ne12th,kmeans,bellevue_116th_ne12th|kmeans|trial_006,6,"{""max_iter"": 300, ""n_clusters"": 7, ""n_init"": 10}",0.8161236415967479,6,False,False,False
reviewer_example,0.4,0.3,0.1,0.1,0.1,bellevue_116th_ne12th,kmeans,bellevue_116th_ne12th|kmeans|trial_007,7,"{""max_iter"": 300, ""n_clusters"": 8, ""n_init"": 10}",0.8574684441129841,4,False,False,False
reviewer_example,0.4,0.3,0.1,0.1,0.1,bellevue_116th_ne12th,kmeans,bellevue_116th_ne12th|kmeans|trial_008,8,"{""max_iter"": 300, ""n_clusters"": 9, ""n_init"": 10}",0.8990501847998333,2,False,False,False
reviewer_example,0.4,0.3,0.1,0.1,0.1,bellevue_116th_ne12th,kmeans,bellevue_116th_ne12th|kmeans|trial_009,9,"{""max_iter"": 300, ""n_clusters"": 10, ""n_init"": 10}",0.9415434312264103,1,True,True,True
reviewer_example,0.4,0.3,0.1,0.1,0.1,bellevue_116th_ne12th,kmeans,bellevue_116th_ne12th|kmeans|trial_010,10,"{""max_iter"": 300, ""n_clusters"": 11, ""n_init"": 10}",0.8947100910166136,3,False,False,False
reviewer_example,0.4,0.3,0.1,0.1,0.1,bellevue_116th_ne12th,kmeans,bellevue_116th_ne12th|kmeans|trial_011,11,"{""max_iter"": 300, ""n_clusters"": 12, ""n_init"": 10}",0.8529828692251464,5,False,False,False
reviewer_example,0.4,0.3,0.1,0.1,0.1,bellevue_116th_ne12th,kmeans,bellevue_116th_ne12th|kmeans|trial_012,12,"{""max_iter"": 300, ""n_clusters"": 13, ""n_init"": 10}",0.8110082924188804,7,False,False,False
reviewer_example,0.4,0.3,0.1,0.1,0.1,bellevue_116th_ne12th,kmeans,bellevue_116th_ne12th|kmeans|trial_013,13,"{""max_iter"": 300, ""n_clusters"": 14, ""n_init"": 10}",0.770528371314747,9,False,False,False
reviewer_example,0.4,0.3,0.1,0.1,0.1,bellevue_116th_ne12th,kmeans,bellevue_116th_ne12th|kmeans|trial_014,14,"{""max_iter"": 300, ""n_clusters"": 15, ""n_init"": 10}",0.7295684895479564,11,False,False,False
reviewer_example,0.4,0.3,0.1,0.1,0.1,bellevue_116th_ne12th,kmeans,bellevue_116th_ne12th|kmeans|trial_015,15,"{""max_iter"": 300, ""n_clusters"": 16, ""n_init"": 10}",0.6897666812994027,12,False,False,False
reviewer_example,0.4,0.3,0.1,0.1,0.1,bellevue_116th_ne12th,kmeans,bellevue_116th_ne12th|kmeans|trial_016,16,"{""max_iter"": 300, ""n_clusters"": 17, ""n_init"": 10}",0.6546915685276521,14,False,False,False
reviewer_example,0.4,0.3,0.1,0.1,0.1,bellevue_116th_ne12th,kmeans,bellevue_116th_ne12th|kmeans|trial_017,17,"{""max_iter"": 300, ""n_clusters"": 18, ""n_init"": 10}",0.6105578979204945,16,False,False,False
reviewer_example,0.4,0.3,0.1,0.1,0.1,bellevue_116th_ne12th,kmeans,bellevue_116th_ne12th|kmeans|trial_018,18,"{""max_iter"": 300, ""n_clusters"": 19, ""n_init"": 10}",0.5721065140865947,17,False,False,False
reviewer_example,0.4,0.3,0.1,0.1,0.1,bellevue_116th_ne12th,kmeans,bellevue_116th_ne12th|kmeans|trial_019,19,"{""max_iter"": 300, ""n_clusters"": 20, ""n_init"": 10}",0.5223065598177887,24,False,False,False
reviewer_example,0.4,0.3,0.1,0.1,0.1,bellevue_116th_ne12th,kmeans,bellevue_116th_ne12th|kmeans|trial_020,20,"{""max_iter"": 300, ""n_clusters"": 21, ""n_init"": 10}",0.5259753338961203,19,False,False,False
reviewer_example,0.4,0.3,0.1,0.1,0.1,bellevue_116th_ne12th,kmeans,bellevue_116th_ne12th|kmeans|trial_021,21,"{""max_iter"": 300, ""n_clusters"": 22, ""n_init"": 10}",0.5212587071751559,27,False,False,False
reviewer_example,0.4,0.3,0.1,0.1,0.1,bellevue_116th_ne12th,kmeans,bellevue_116th_ne12th|kmeans|trial_022,22,"{""max_iter"": 300, ""n_clusters"": 23, ""n_init"": 10}",0.5219768066306747,25,False,False,False
reviewer_example,0.4,0.3,0.1,0.1,0.1,bellevue_116th_ne12th,kmeans,bellevue_116th_ne12th|kmeans|trial_023,23,"{""max_iter"": 300, ""n_clusters"": 24, ""n_init"": 10}",0.5204581196795492,29,False,False,False
reviewer_example,0.4,0.3,0.1,0.1,0.1,bellevue_116th_ne12th,kmeans,bellevue_116th_ne12th|kmeans|trial_024,24,"{""max_iter"": 300, ""n_clusters"": 25, ""n_init"": 10}",0.5213772811566726,26,False,False,False
reviewer_example,0.4,0.3,0.1,0.1,0.1,bellevue_116th_ne12th,kmeans,bellevue_116th_ne12th|kmeans|trial_025,25,"{""max_iter"": 300, ""n_clusters"": 26, ""n_init"": 10}",0.5240333780533617,21,False,False,False
reviewer_example,0.4,0.3,0.1,0.1,0.1,bellevue_116th_ne12th,kmeans,bellevue_116th_ne12th|kmeans|trial_026,26,"{""max_iter"": 300, ""n_clusters"": 27, ""n_init"": 10}",0.5240381496305121,20,False,False,False
reviewer_example,0.4,0.3,0.1,0.1,0.1,bellevue_116th_ne12th,kmeans,bellevue_116th_ne12th|kmeans|trial_027,27,"{""max_iter"": 300, ""n_clusters"": 28, ""n_init"": 10}",0.5239425852029486,22,False,False,False
reviewer_example,0.4,0.3,0.1,0.1,0.1,bellevue_116th_ne12th,kmeans,bellevue_116th_ne12th|kmeans|trial_028,28,"{""max_iter"": 300, ""n_clusters"": 29, ""n_init"": 10}",0.5229321744969053,23,False,False,False
reviewer_example,0.4,0.3,0.1,0.1,0.1,bellevue_116th_ne12th,kmeans,bellevue_116th_ne12th|kmeans|trial_029,29,"{""max_iter"": 300, ""n_clusters"": 30, ""n_init"": 10}",0.5206260412620598,28,False,False,False
moderate_target,0.4,0.2,0.15,0.125,0.125,bellevue_116th_ne12th,kmeans,bellevue_116th_ne12th|kmeans|trial_001,1,"{""max_iter"": 300, ""n_clusters"": 2, ""n_init"": 10}",0.48961801124640936,29,False,False,False
moderate_target,0.4,0.2,0.15,0.125,0.125,bellevue_116th_ne12th,kmeans,bellevue_116th_ne12th|kmeans|trial_002,2,"{""max_iter"": 300, ""n_clusters"": 3, ""n_init"": 10}",0.5876420465571595,16,False,False,False
moderate_target,0.4,0.2,0.15,0.125,0.125,bellevue_116th_ne12th,kmeans,bellevue_116th_ne12th|kmeans|trial_003,3,"{""max_iter"": 300, ""n_clusters"": 4, ""n_init"": 10}",0.6420468325504297,13,False,False,False
moderate_target,0.4,0.2,0.15,0.125,0.125,bellevue_116th_ne12th,kmeans,bellevue_116th_ne12th|kmeans|trial_004,4,"{""max_iter"": 300, ""n_clusters"": 5, ""n_init"": 10}",0.7060843202536472,11,False,False,False
moderate_target,0.4,0.2,0.15,0.125,0.125,bellevue_116th_ne12th,kmeans,bellevue_116th_ne12th|kmeans|trial_005,5,"{""max_iter"": 300, ""n_clusters"": 6, ""n_init"": 10}",0.755879899475414,8,False,False,False
moderate_target,0.4,0.2,0.15,0.125,0.125,bellevue_116th_ne12th,kmeans,bellevue_116th_ne12th|kmeans|trial_006,6,"{""max_iter"": 300, ""n_clusters"": 7, ""n_init"": 10}",0.7932144889044522,6,False,False,False
moderate_target,0.4,0.2,0.15,0.125,0.125,bellevue_116th_ne12th,kmeans,bellevue_116th_ne12th|kmeans|trial_007,7,"{""max_iter"": 300, ""n_clusters"": 8, ""n_init"": 10}",0.8349349242264036,4,False,False,False
moderate_target,0.4,0.2,0.15,0.125,0.125,bellevue_116th_ne12th,kmeans,bellevue_116th_ne12th|kmeans|trial_008,8,"{""max_iter"": 300, ""n_clusters"": 9, ""n_init"": 10}",0.8769121000849651,2,False,False,False
moderate_target,0.4,0.2,0.15,0.125,0.125,bellevue_116th_ne12th,kmeans,bellevue_116th_ne12th|kmeans|trial_009,9,"{""max_iter"": 300, ""n_clusters"": 10, ""n_init"": 10}",0.9200286581181863,1,True,True,True
moderate_target,0.4,0.2,0.15,0.125,0.125,bellevue_116th_ne12th,kmeans,bellevue_116th_ne12th|kmeans|trial_010,10,"{""max_iter"": 300, ""n_clusters"": 11, ""n_init"": 10}",0.8718418724458458,3,False,False,False
moderate_target,0.4,0.2,0.15,0.125,0.125,bellevue_116th_ne12th,kmeans,bellevue_116th_ne12th|kmeans|trial_011,11,"{""max_iter"": 300, ""n_clusters"": 12, ""n_init"": 10}",0.8296828452065119,5,False,False,False
moderate_target,0.4,0.2,0.15,0.125,0.125,bellevue_116th_ne12th,kmeans,bellevue_116th_ne12th|kmeans|trial_012,12,"{""max_iter"": 300, ""n_clusters"": 13, ""n_init"": 10}",0.7878061068485216,7,False,False,False
moderate_target,0.4,0.2,0.15,0.125,0.125,bellevue_116th_ne12th,kmeans,bellevue_116th_ne12th|kmeans|trial_013,13,"{""max_iter"": 300, ""n_clusters"": 14, ""n_init"": 10}",0.7473245019983235,9,False,False,False
moderate_target,0.4,0.2,0.15,0.125,0.125,bellevue_116th_ne12th,kmeans,bellevue_116th_ne12th|kmeans|trial_014,14,"{""max_iter"": 300, ""n_clusters"": 15, ""n_init"": 10}",0.706124649789835,10,False,False,False
moderate_target,0.4,0.2,0.15,0.125,0.125,bellevue_116th_ne12th,kmeans,bellevue_116th_ne12th|kmeans|trial_015,15,"{""max_iter"": 300, ""n_clusters"": 16, ""n_init"": 10}",0.6670821686589536,12,False,False,False
moderate_target,0.4,0.2,0.15,0.125,0.125,bellevue_116th_ne12th,kmeans,bellevue_116th_ne12th|kmeans|trial_016,16,"{""max_iter"": 300, ""n_clusters"": 17, ""n_init"": 10}",0.6344606751706061,14,False,False,False
moderate_target,0.4,0.2,0.15,0.125,0.125,bellevue_116th_ne12th,kmeans,bellevue_116th_ne12th|kmeans|trial_017,17,"{""max_iter"": 300, ""n_clusters"": 18, ""n_init"": 10}",0.5892935869116592,15,False,False,False
moderate_target,0.4,0.2,0.15,0.125,0.125,bellevue_116th_ne12th,kmeans,bellevue_116th_ne12th|kmeans|trial_018,18,"{""max_iter"": 300, ""n_clusters"": 19, ""n_init"": 10}",0.5513870858259091,17,False,False,False
moderate_target,0.4,0.2,0.15,0.125,0.125,bellevue_116th_ne12th,kmeans,bellevue_116th_ne12th|kmeans|trial_019,19,"{""max_iter"": 300, ""n_clusters"": 20, ""n_init"": 10}",0.498979414283277,24,False,False,False
moderate_target,0.4,0.2,0.15,0.125,0.125,bellevue_116th_ne12th,kmeans,bellevue_116th_ne12th|kmeans|trial_020,20,"{""max_iter"": 300, ""n_clusters"": 21, ""n_init"": 10}",0.5038414071177845,18,False,False,False
moderate_target,0.4,0.2,0.15,0.125,0.125,bellevue_116th_ne12th,kmeans,bellevue_116th_ne12th|kmeans|trial_021,21,"{""max_iter"": 300, ""n_clusters"": 22, ""n_init"": 10}",0.4981033524232036,26,False,False,False
moderate_target,0.4,0.2,0.15,0.125,0.125,bellevue_116th_ne12th,kmeans,bellevue_116th_ne12th|kmeans|trial_022,22,"{""max_iter"": 300, ""n_clusters"": 23, ""n_init"": 10}",0.49911927327257055,23,False,False,False
moderate_target,0.4,0.2,0.15,0.125,0.125,bellevue_116th_ne12th,kmeans,bellevue_116th_ne12th|kmeans|trial_023,23,"{""max_iter"": 300, ""n_clusters"": 24, ""n_init"": 10}",0.4972209145836637,28,False,False,False
moderate_target,0.4,0.2,0.15,0.125,0.125,bellevue_116th_ne12th,kmeans,bellevue_116th_ne12th|kmeans|trial_024,24,"{""max_iter"": 300, ""n_clusters"": 25, ""n_init"": 10}",0.4983698664300679,25,False,False,False
moderate_target,0.4,0.2,0.15,0.125,0.125,bellevue_116th_ne12th,kmeans,bellevue_116th_ne12th|kmeans|trial_025,25,"{""max_iter"": 300, ""n_clusters"": 26, ""n_init"": 10}",0.5018082840808977,19,False,False,False
moderate_target,0.4,0.2,0.15,0.125,0.125,bellevue_116th_ne12th,kmeans,bellevue_116th_ne12th|kmeans|trial_026,26,"{""max_iter"": 300, ""n_clusters"": 27, ""n_init"": 10}",0.5014987911390866,21,False,False,False
moderate_target,0.4,0.2,0.15,0.125,0.125,bellevue_116th_ne12th,kmeans,bellevue_116th_ne12th|kmeans|trial_027,27,"{""max_iter"": 300, ""n_clusters"": 28, ""n_init"": 10}",0.5017736573711936,20,False,False,False
moderate_target,0.4,0.2,0.15,0.125,0.125,bellevue_116th_ne12th,kmeans,bellevue_116th_ne12th|kmeans|trial_028,28,"{""max_iter"": 300, ""n_clusters"": 29, ""n_init"": 10}",0.5004317796353271,22,False,False,False
moderate_target,0.4,0.2,0.15,0.125,0.125,bellevue_116th_ne12th,kmeans,bellevue_116th_ne12th|kmeans|trial_029,29,"{""max_iter"": 300, ""n_clusters"": 30, ""n_init"": 10}",0.4975491130917704,27,False,False,False
balanced_task_internal,0.3,0.2,0.15,0.175,0.175,bellevue_116th_ne12th,kmeans,bellevue_116th_ne12th|kmeans|trial_001,1,"{""max_iter"": 300, ""n_clusters"": 2, ""n_init"": 10}",0.5344431337260457,29,False,False,False
balanced_task_internal,0.3,0.2,0.15,0.175,0.175,bellevue_116th_ne12th,kmeans,bellevue_116th_ne12th|kmeans|trial_002,2,"{""max_iter"": 300, ""n_clusters"": 3, ""n_init"": 10}",0.6295884550853861,16,False,False,False
balanced_task_internal,0.3,0.2,0.15,0.175,0.175,bellevue_116th_ne12th,kmeans,bellevue_116th_ne12th|kmeans|trial_003,3,"{""max_iter"": 300, ""n_clusters"": 4, ""n_init"": 10}",0.6797551554759644,13,False,False,False
balanced_task_internal,0.3,0.2,0.15,0.175,0.175,bellevue_116th_ne12th,kmeans,bellevue_116th_ne12th|kmeans|trial_004,4,"{""max_iter"": 300, ""n_clusters"": 5, ""n_init"": 10}",0.7368776698062101,10,False,False,False
balanced_task_internal,0.3,0.2,0.15,0.175,0.175,bellevue_116th_ne12th,kmeans,bellevue_116th_ne12th|kmeans|trial_005,5,"{""max_iter"": 300, ""n_clusters"": 6, ""n_init"": 10}",0.7788880106851379,8,False,False,False
balanced_task_internal,0.3,0.2,0.15,0.175,0.175,bellevue_116th_ne12th,kmeans,bellevue_116th_ne12th|kmeans|trial_006,6,"{""max_iter"": 300, ""n_clusters"": 7, ""n_init"": 10}",0.8051564358857916,6,False,False,False
balanced_task_internal,0.3,0.2,0.15,0.175,0.175,bellevue_116th_ne12th,kmeans,bellevue_116th_ne12th|kmeans|trial_007,7,"{""max_iter"": 300, ""n_clusters"": 8, ""n_init"": 10}",0.8374704081125486,4,False,False,False
balanced_task_internal,0.3,0.2,0.15,0.175,0.175,bellevue_116th_ne12th,kmeans,bellevue_116th_ne12th|kmeans|trial_008,8,"{""max_iter"": 300, ""n_clusters"": 9, ""n_init"": 10}",0.8702384543145345,2,False,False,False
balanced_task_internal,0.3,0.2,0.15,0.175,0.175,bellevue_116th_ne12th,kmeans,bellevue_116th_ne12th|kmeans|trial_009,9,"{""max_iter"": 300, ""n_clusters"": 10, ""n_init"": 10}",0.9046016355610443,1,True,True,True
balanced_task_internal,0.3,0.2,0.15,0.175,0.175,bellevue_116th_ne12th,kmeans,bellevue_116th_ne12th|kmeans|trial_010,10,"{""max_iter"": 300, ""n_clusters"": 11, ""n_init"": 10}",0.8622884006039948,3,False,False,False
balanced_task_internal,0.3,0.2,0.15,0.175,0.175,bellevue_116th_ne12th,kmeans,bellevue_116th_ne12th|kmeans|trial_011,11,"{""max_iter"": 300, ""n_clusters"": 12, ""n_init"": 10}",0.8292657624689271,5,False,False,False
balanced_task_internal,0.3,0.2,0.15,0.175,0.175,bellevue_116th_ne12th,kmeans,bellevue_116th_ne12th|kmeans|trial_012,12,"{""max_iter"": 300, ""n_clusters"": 13, ""n_init"": 10}",0.7952187704081196,7,False,False,False
balanced_task_internal,0.3,0.2,0.15,0.175,0.175,bellevue_116th_ne12th,kmeans,bellevue_116th_ne12th|kmeans|trial_013,13,"{""max_iter"": 300, ""n_clusters"": 14, ""n_init"": 10}",0.7642606119459179,9,False,False,False
balanced_task_internal,0.3,0.2,0.15,0.175,0.175,bellevue_116th_ne12th,kmeans,bellevue_116th_ne12th|kmeans|trial_014,14,"{""max_iter"": 300, ""n_clusters"": 15, ""n_init"": 10}",0.732580818854034,11,False,False,False
balanced_task_internal,0.3,0.2,0.15,0.175,0.175,bellevue_116th_ne12th,kmeans,bellevue_116th_ne12th|kmeans|trial_015,15,"{""max_iter"": 300, ""n_clusters"": 16, ""n_init"": 10}",0.7022178752392543,12,False,False,False
balanced_task_internal,0.3,0.2,0.15,0.175,0.175,bellevue_116th_ne12th,kmeans,bellevue_116th_ne12th|kmeans|trial_016,16,"{""max_iter"": 300, ""n_clusters"": 17, ""n_init"": 10}",0.6796140304123502,14,False,False,False
balanced_task_internal,0.3,0.2,0.15,0.175,0.175,bellevue_116th_ne12th,kmeans,bellevue_116th_ne12th|kmeans|trial_017,17,"{""max_iter"": 300, ""n_clusters"": 18, ""n_init"": 10}",0.6423801068498243,15,False,False,False
balanced_task_internal,0.3,0.2,0.15,0.175,0.175,bellevue_116th_ne12th,kmeans,bellevue_116th_ne12th|kmeans|trial_018,18,"{""max_iter"": 300, ""n_clusters"": 19, ""n_init"": 10}",0.6149324564338753,17,False,False,False
balanced_task_internal,0.3,0.2,0.15,0.175,0.175,bellevue_116th_ne12th,kmeans,bellevue_116th_ne12th|kmeans|trial_019,19,"{""max_iter"": 300, ""n_clusters"": 20, ""n_init"": 10}",0.5679402651700893,23,False,False,False
balanced_task_internal,0.3,0.2,0.15,0.175,0.175,bellevue_116th_ne12th,kmeans,bellevue_116th_ne12th|kmeans|trial_020,20,"{""max_iter"": 300, ""n_clusters"": 21, ""n_init"": 10}",0.5740845945705764,18,False,False,False
balanced_task_internal,0.3,0.2,0.15,0.175,0.175,bellevue_116th_ne12th,kmeans,bellevue_116th_ne12th|kmeans|trial_021,21,"{""max_iter"": 300, ""n_clusters"": 22, ""n_init"": 10}",0.5656727691022642,26,False,False,False
balanced_task_internal,0.3,0.2,0.15,0.175,0.175,bellevue_116th_ne12th,kmeans,bellevue_116th_ne12th|kmeans|trial_022,22,"{""max_iter"": 300, ""n_clusters"": 23, ""n_init"": 10}",0.5668111466194536,24,False,False,False
balanced_task_internal,0.3,0.2,0.15,0.175,0.175,bellevue_116th_ne12th,kmeans,bellevue_116th_ne12th|kmeans|trial_023,23,"{""max_iter"": 300, ""n_clusters"": 24, ""n_init"": 10}",0.5641534444549839,28,False,False,False
balanced_task_internal,0.3,0.2,0.15,0.175,0.175,bellevue_116th_ne12th,kmeans,bellevue_116th_ne12th|kmeans|trial_024,24,"{""max_iter"": 300, ""n_clusters"": 25, ""n_init"": 10}",0.5657619770399499,25,False,False,False
balanced_task_internal,0.3,0.2,0.15,0.175,0.175,bellevue_116th_ne12th,kmeans,bellevue_116th_ne12th|kmeans|trial_025,25,"{""max_iter"": 300, ""n_clusters"": 26, ""n_init"": 10}",0.5702918500791873,20,False,False,False
balanced_task_internal,0.3,0.2,0.15,0.175,0.175,bellevue_116th_ne12th,kmeans,bellevue_116th_ne12th|kmeans|trial_026,26,"{""max_iter"": 300, ""n_clusters"": 27, ""n_init"": 10}",0.5706156577524498,19,False,False,False
balanced_task_internal,0.3,0.2,0.15,0.175,0.175,bellevue_116th_ne12th,kmeans,bellevue_116th_ne12th|kmeans|trial_027,27,"{""max_iter"": 300, ""n_clusters"": 28, ""n_init"": 10}",0.5700540982376521,21,False,False,False
balanced_task_internal,0.3,0.2,0.15,0.175,0.175,bellevue_116th_ne12th,kmeans,bellevue_116th_ne12th|kmeans|trial_028,28,"{""max_iter"": 300, ""n_clusters"": 29, ""n_init"": 10}",0.5683647438553886,22,False,False,False
balanced_task_internal,0.3,0.2,0.15,0.175,0.175,bellevue_116th_ne12th,kmeans,bellevue_116th_ne12th|kmeans|trial_029,29,"{""max_iter"": 300, ""n_clusters"": 30, ""n_init"": 10}",0.5643290106944092,27,False,False,False
equal_weights,0.2,0.2,0.2,0.2,0.2,bellevue_116th_ne12th,kmeans,bellevue_116th_ne12th|kmeans|trial_001,1,"{""max_iter"": 300, ""n_clusters"": 2, ""n_init"": 10}",0.5627074299816367,29,False,False,False
equal_weights,0.2,0.2,0.2,0.2,0.2,bellevue_116th_ne12th,kmeans,bellevue_116th_ne12th|kmeans|trial_002,2,"{""max_iter"": 300, ""n_clusters"": 3, ""n_init"": 10}",0.6648203344283636,17,False,False,False
equal_weights,0.2,0.2,0.2,0.2,0.2,bellevue_116th_ne12th,kmeans,bellevue_116th_ne12th|kmeans|trial_003,3,"{""max_iter"": 300, ""n_clusters"": 4, ""n_init"": 10}",0.7078679920175962,14,False,False,False
equal_weights,0.2,0.2,0.2,0.2,0.2,bellevue_116th_ne12th,kmeans,bellevue_116th_ne12th|kmeans|trial_004,4,"{""max_iter"": 300, ""n_clusters"": 5, ""n_init"": 10}",0.7619746600399049,10,False,False,False
equal_weights,0.2,0.2,0.2,0.2,0.2,bellevue_116th_ne12th,kmeans,bellevue_116th_ne12th|kmeans|trial_005,5,"{""max_iter"": 300, ""n_clusters"": 6, ""n_init"": 10}",0.7965119401070346,8,False,False,False
equal_weights,0.2,0.2,0.2,0.2,0.2,bellevue_116th_ne12th,kmeans,bellevue_116th_ne12th|kmeans|trial_006,6,"{""max_iter"": 300, ""n_clusters"": 7, ""n_init"": 10}",0.8122472831934959,6,False,False,False
equal_weights,0.2,0.2,0.2,0.2,0.2,bellevue_116th_ne12th,kmeans,bellevue_116th_ne12th|kmeans|trial_007,7,"{""max_iter"": 300, ""n_clusters"": 8, ""n_init"": 10}",0.834936888225968,4,False,False,False
equal_weights,0.2,0.2,0.2,0.2,0.2,bellevue_116th_ne12th,kmeans,bellevue_116th_ne12th|kmeans|trial_008,8,"{""max_iter"": 300, ""n_clusters"": 9, ""n_init"": 10}",0.8581003695996664,2,False,False,False
equal_weights,0.2,0.2,0.2,0.2,0.2,bellevue_116th_ne12th,kmeans,bellevue_116th_ne12th|kmeans|trial_009,9,"{""max_iter"": 300, ""n_clusters"": 10, ""n_init"": 10}",0.8830868624528205,1,True,True,True
equal_weights,0.2,0.2,0.2,0.2,0.2,bellevue_116th_ne12th,kmeans,bellevue_116th_ne12th|kmeans|trial_010,10,"{""max_iter"": 300, ""n_clusters"": 11, ""n_init"": 10}",0.849420182033227,3,False,False,False
equal_weights,0.2,0.2,0.2,0.2,0.2,bellevue_116th_ne12th,kmeans,bellevue_116th_ne12th|kmeans|trial_011,11,"{""max_iter"": 300, ""n_clusters"": 12, ""n_init"": 10}",0.8259657384502926,5,False,False,False
equal_weights,0.2,0.2,0.2,0.2,0.2,bellevue_116th_ne12th,kmeans,bellevue_116th_ne12th|kmeans|trial_012,12,"{""max_iter"": 300, ""n_clusters"": 13, ""n_init"": 10}",0.802016584837761,7,False,False,False
equal_weights,0.2,0.2,0.2,0.2,0.2,bellevue_116th_ne12th,kmeans,bellevue_116th_ne12th|kmeans|trial_013,13,"{""max_iter"": 300, ""n_clusters"": 14, ""n_init"": 10}",0.7810567426294942,9,False,False,False
equal_weights,0.2,0.2,0.2,0.2,0.2,bellevue_116th_ne12th,kmeans,bellevue_116th_ne12th|kmeans|trial_014,14,"{""max_iter"": 300, ""n_clusters"": 15, ""n_init"": 10}",0.7591369790959126,11,False,False,False
equal_weights,0.2,0.2,0.2,0.2,0.2,bellevue_116th_ne12th,kmeans,bellevue_116th_ne12th|kmeans|trial_015,15,"{""max_iter"": 300, ""n_clusters"": 16, ""n_init"": 10}",0.7395333625988054,12,False,False,False
equal_weights,0.2,0.2,0.2,0.2,0.2,bellevue_116th_ne12th,kmeans,bellevue_116th_ne12th|kmeans|trial_016,16,"{""max_iter"": 300, ""n_clusters"": 17, ""n_init"": 10}",0.7293831370553043,13,False,False,False
equal_weights,0.2,0.2,0.2,0.2,0.2,bellevue_116th_ne12th,kmeans,bellevue_116th_ne12th|kmeans|trial_017,17,"{""max_iter"": 300, ""n_clusters"": 18, ""n_init"": 10}",0.7011157958409889,15,False,False,False
equal_weights,0.2,0.2,0.2,0.2,0.2,bellevue_116th_ne12th,kmeans,bellevue_116th_ne12th|kmeans|trial_018,18,"{""max_iter"": 300, ""n_clusters"": 19, ""n_init"": 10}",0.6842130281731896,16,False,False,False
equal_weights,0.2,0.2,0.2,0.2,0.2,bellevue_116th_ne12th,kmeans,bellevue_116th_ne12th|kmeans|trial_019,19,"{""max_iter"": 300, ""n_clusters"": 20, ""n_init"": 10}",0.6446131196355777,23,False,False,False
equal_weights,0.2,0.2,0.2,0.2,0.2,bellevue_116th_ne12th,kmeans,bellevue_116th_ne12th|kmeans|trial_020,20,"{""max_iter"": 300, ""n_clusters"": 21, ""n_init"": 10}",0.6519506677922406,18,False,False,False
equal_weights,0.2,0.2,0.2,0.2,0.2,bellevue_116th_ne12th,kmeans,bellevue_116th_ne12th|kmeans|trial_021,21,"{""max_iter"": 300, ""n_clusters"": 22, ""n_init"": 10}",0.6425174143503118,26,False,False,False
equal_weights,0.2,0.2,0.2,0.2,0.2,bellevue_116th_ne12th,kmeans,bellevue_116th_ne12th|kmeans|trial_022,22,"{""max_iter"": 300, ""n_clusters"": 23, ""n_init"": 10}",0.6439536132613496,24,False,False,False
equal_weights,0.2,0.2,0.2,0.2,0.2,bellevue_116th_ne12th,kmeans,bellevue_116th_ne12th|kmeans|trial_023,23,"{""max_iter"": 300, ""n_clusters"": 24, ""n_init"": 10}",0.6409162393590985,28,False,False,False
equal_weights,0.2,0.2,0.2,0.2,0.2,bellevue_116th_ne12th,kmeans,bellevue_116th_ne12th|kmeans|trial_024,24,"{""max_iter"": 300, ""n_clusters"": 25, ""n_init"": 10}",0.6427545623133453,25,False,False,False
equal_weights,0.2,0.2,0.2,0.2,0.2,bellevue_116th_ne12th,kmeans,bellevue_116th_ne12th|kmeans|trial_025,25,"{""max_iter"": 300, ""n_clusters"": 26, ""n_init"": 10}",0.6480667561067234,20,False,False,False
equal_weights,0.2,0.2,0.2,0.2,0.2,bellevue_116th_ne12th,kmeans,bellevue_116th_ne12th|kmeans|trial_026,26,"{""max_iter"": 300, ""n_clusters"": 27, ""n_init"": 10}",0.6480762992610243,19,False,False,False
equal_weights,0.2,0.2,0.2,0.2,0.2,bellevue_116th_ne12th,kmeans,bellevue_116th_ne12th|kmeans|trial_027,27,"{""max_iter"": 300, ""n_clusters"": 28, ""n_init"": 10}",0.6478851704058971,21,False,False,False
equal_weights,0.2,0.2,0.2,0.2,0.2,bellevue_116th_ne12th,kmeans,bellevue_116th_ne12th|kmeans|trial_028,28,"{""max_iter"": 300, ""n_clusters"": 29, ""n_init"": 10}",0.6458643489938106,22,False,False,False
equal_weights,0.2,0.2,0.2,0.2,0.2,bellevue_116th_ne12th,kmeans,bellevue_116th_ne12th|kmeans|trial_029,29,"{""max_iter"": 300, ""n_clusters"": 30, ""n_init"": 10}",0.6412520825241198,27,False,False,False
target_heavy,0.6,0.15,0.1,0.075,0.075,bellevue_116th_ne12th,kmeans,bellevue_116th_ne12th|kmeans|trial_001,1,"{""max_iter"": 300, ""n_clusters"": 2, ""n_init"": 10}",0.39894115375100014,18,False,False,False
target_heavy,0.6,0.15,0.1,0.075,0.075,bellevue_116th_ne12th,kmeans,bellevue_116th_ne12th|kmeans|trial_002,2,"{""max_iter"": 300, ""n_clusters"": 3, ""n_init"": 10}",0.4964369629500685,15,False,False,False
target_heavy,0.6,0.15,0.1,0.075,0.075,bellevue_116th_ne12th,kmeans,bellevue_116th_ne12th|kmeans|trial_003,3,"{""max_iter"": 300, ""n_clusters"": 4, ""n_init"": 10}",0.5650798345460307,13,False,False,False
target_heavy,0.6,0.15,0.1,0.075,0.075,bellevue_116th_ne12th,kmeans,bellevue_116th_ne12th|kmeans|trial_004,4,"{""max_iter"": 300, ""n_clusters"": 5, ""n_init"": 10}",0.6405906552436709,11,False,False,False
target_heavy,0.6,0.15,0.1,0.075,0.075,bellevue_116th_ne12th,kmeans,bellevue_116th_ne12th|kmeans|trial_005,5,"{""max_iter"": 300, ""n_clusters"": 6, ""n_init"": 10}",0.7067519144486553,8,False,False,False
target_heavy,0.6,0.15,0.1,0.075,0.075,bellevue_116th_ne12th,kmeans,bellevue_116th_ne12th|kmeans|trial_006,6,"{""max_iter"": 300, ""n_clusters"": 7, ""n_init"": 10}",0.7651526681060783,6,False,False,False
target_heavy,0.6,0.15,0.1,0.075,0.075,bellevue_116th_ne12th,kmeans,bellevue_116th_ne12th|kmeans|trial_007,7,"{""max_iter"": 300, ""n_clusters"": 8, ""n_init"": 10}",0.8262007021699115,4,False,False,False
target_heavy,0.6,0.15,0.1,0.075,0.075,bellevue_116th_ne12th,kmeans,bellevue_116th_ne12th|kmeans|trial_008,8,"{""max_iter"": 300, ""n_clusters"": 9, ""n_init"": 10}",0.8873870076850484,2,False,False,False
target_heavy,0.6,0.15,0.1,0.075,0.075,bellevue_116th_ne12th,kmeans,bellevue_116th_ne12th|kmeans|trial_009,9,"{""max_iter"": 300, ""n_clusters"": 10, ""n_init"": 10}",0.9492569425049812,1,True,True,True
target_heavy,0.6,0.15,0.1,0.075,0.075,bellevue_116th_ne12th,kmeans,bellevue_116th_ne12th|kmeans|trial_010,10,"{""max_iter"": 300, ""n_clusters"": 11, ""n_init"": 10}",0.884486826937539,3,False,False,False
target_heavy,0.6,0.15,0.1,0.075,0.075,bellevue_116th_ne12th,kmeans,bellevue_116th_ne12th|kmeans|trial_011,11,"{""max_iter"": 300, ""n_clusters"": 12, ""n_init"": 10}",0.8231914105939386,5,False,False,False
target_heavy,0.6,0.15,0.1,0.075,0.075,bellevue_116th_ne12th,kmeans,bellevue_116th_ne12th|kmeans|trial_012,12,"{""max_iter"": 300, ""n_clusters"": 13, ""n_init"": 10}",0.7623019606390814,7,False,False,False
target_heavy,0.6,0.15,0.1,0.075,0.075,bellevue_116th_ne12th,kmeans,bellevue_116th_ne12th|kmeans|trial_013,13,"{""max_iter"": 300, ""n_clusters"": 14, ""n_init"": 10}",0.7020603163409498,9,False,False,False
target_heavy,0.6,0.15,0.1,0.075,0.075,bellevue_116th_ne12th,kmeans,bellevue_116th_ne12th|kmeans|trial_014,14,"{""max_iter"": 300, ""n_clusters"": 15, ""n_init"": 10}",0.6413404050158568,10,False,False,False
target_heavy,0.6,0.15,0.1,0.075,0.075,bellevue_116th_ne12th,kmeans,bellevue_116th_ne12th|kmeans|trial_015,15,"{""max_iter"": 300, ""n_clusters"": 16, ""n_init"": 10}",0.5821988280092523,12,False,False,False
target_heavy,0.6,0.15,0.1,0.075,0.075,bellevue_116th_ne12th,kmeans,bellevue_116th_ne12th|kmeans|trial_016,16,"{""max_iter"": 300, ""n_clusters"": 17, ""n_init"": 10}",0.5271148909067801,14,False,False,False
target_heavy,0.6,0.15,0.1,0.075,0.075,bellevue_116th_ne12th,kmeans,bellevue_116th_ne12th|kmeans|trial_017,17,"{""max_iter"": 300, ""n_clusters"": 18, ""n_init"": 10}",0.46401463795141185,16,False,False,False
target_heavy,0.6,0.15,0.1,0.075,0.075,bellevue_116th_ne12th,kmeans,bellevue_116th_ne12th|kmeans|trial_018,18,"{""max_iter"": 300, ""n_clusters"": 19, ""n_init"": 10}",0.40533382878261165,17,False,False,False
target_heavy,0.6,0.15,0.1,0.075,0.075,bellevue_116th_ne12th,kmeans,bellevue_116th_ne12th|kmeans|trial_019,19,"{""max_iter"": 300, ""n_clusters"": 20, ""n_init"": 10}",0.33782613437438264,25,False,False,False
target_heavy,0.6,0.15,0.1,0.075,0.075,bellevue_116th_ne12th,kmeans,bellevue_116th_ne12th|kmeans|trial_020,20,"{""max_iter"": 300, ""n_clusters"": 21, ""n_init"": 10}",0.3408537401697243,19,False,False,False
target_heavy,0.6,0.15,0.1,0.075,0.075,bellevue_116th_ne12th,kmeans,bellevue_116th_ne12th|kmeans|trial_021,21,"{""max_iter"": 300, ""n_clusters"": 22, ""n_init"": 10}",0.33747399883562557,27,False,False,False
target_heavy,0.6,0.15,0.1,0.075,0.075,bellevue_116th_ne12th,kmeans,bellevue_116th_ne12th|kmeans|trial_022,22,"{""max_iter"": 300, ""n_clusters"": 23, ""n_init"": 10}",0.3381308699572332,24,False,False,False
target_heavy,0.6,0.15,0.1,0.075,0.075,bellevue_116th_ne12th,kmeans,bellevue_116th_ne12th|kmeans|trial_023,23,"{""max_iter"": 300, ""n_clusters"": 24, ""n_init"": 10}",0.33699185474388904,29,False,False,False
target_heavy,0.6,0.15,0.1,0.075,0.075,bellevue_116th_ne12th,kmeans,bellevue_116th_ne12th|kmeans|trial_024,24,"{""max_iter"": 300, ""n_clusters"": 25, ""n_init"": 10}",0.33768122585173155,26,False,False,False
target_heavy,0.6,0.15,0.1,0.075,0.075,bellevue_116th_ne12th,kmeans,bellevue_116th_ne12th|kmeans|trial_025,25,"{""max_iter"": 300, ""n_clusters"": 26, ""n_init"": 10}",0.3397915950542168,21,False,False,False
target_heavy,0.6,0.15,0.1,0.075,0.075,bellevue_116th_ne12th,kmeans,bellevue_116th_ne12th|kmeans|trial_026,26,"{""max_iter"": 300, ""n_clusters"": 27, ""n_init"": 10}",0.33947971632383045,22,False,False,False
target_heavy,0.6,0.15,0.1,0.075,0.075,bellevue_116th_ne12th,kmeans,bellevue_116th_ne12th|kmeans|trial_027,27,"{""max_iter"": 300, ""n_clusters"": 28, ""n_init"": 10}",0.3398023647697193,20,False,False,False
target_heavy,0.6,0.15,0.1,0.075,0.075,bellevue_116th_ne12th,kmeans,bellevue_116th_ne12th|kmeans|trial_028,28,"{""max_iter"": 300, ""n_clusters"": 29, ""n_init"": 10}",0.3389656923868746,23,False,False,False
target_heavy,0.6,0.15,0.1,0.075,0.075,bellevue_116th_ne12th,kmeans,bellevue_116th_ne12th|kmeans|trial_029,29,"{""max_iter"": 300, ""n_clusters"": 30, ""n_init"": 10}",0.3372360924607405,28,False,False,False
outlier_heavy,0.35,0.35,0.1,0.1,0.1,bellevue_116th_ne12th,kmeans,bellevue_116th_ne12th|kmeans|trial_001,1,"{""max_iter"": 300, ""n_clusters"": 2, ""n_init"": 10}",0.5813537149908182,18,False,False,False
outlier_heavy,0.35,0.35,0.1,0.1,0.1,bellevue_116th_ne12th,kmeans,bellevue_116th_ne12th|kmeans|trial_002,2,"{""max_iter"": 300, ""n_clusters"": 3, ""n_init"": 10}",0.6574101672141818,15,False,False,False
outlier_heavy,0.35,0.35,0.1,0.1,0.1,bellevue_116th_ne12th,kmeans,bellevue_116th_ne12th|kmeans|trial_003,3,"{""max_iter"": 300, ""n_clusters"": 4, ""n_init"": 10}",0.7039339960087981,13,False,False,False
outlier_heavy,0.35,0.35,0.1,0.1,0.1,bellevue_116th_ne12th,kmeans,bellevue_116th_ne12th|kmeans|trial_004,4,"{""max_iter"": 300, ""n_clusters"": 5, ""n_init"": 10}",0.7559873300199523,10,False,False,False
outlier_heavy,0.35,0.35,0.1,0.1,0.1,bellevue_116th_ne12th,kmeans,bellevue_116th_ne12th|kmeans|trial_005,5,"{""max_iter"": 300, ""n_clusters"": 6, ""n_init"": 10}",0.7982559700535173,8,False,False,False
outlier_heavy,0.35,0.35,0.1,0.1,0.1,bellevue_116th_ne12th,kmeans,bellevue_116th_ne12th|kmeans|trial_006,6,"{""max_iter"": 300, ""n_clusters"": 7, ""n_init"": 10}",0.8311236415967479,6,False,False,False
outlier_heavy,0.35,0.35,0.1,0.1,0.1,bellevue_116th_ne12th,kmeans,bellevue_116th_ne12th|kmeans|trial_007,7,"{""max_iter"": 300, ""n_clusters"": 8, ""n_init"": 10}",0.867468444112984,4,False,False,False
outlier_heavy,0.35,0.35,0.1,0.1,0.1,bellevue_116th_ne12th,kmeans,bellevue_116th_ne12th|kmeans|trial_008,8,"{""max_iter"": 300, ""n_clusters"": 9, ""n_init"": 10}",0.9040501847998332,2,False,False,False
outlier_heavy,0.35,0.35,0.1,0.1,0.1,bellevue_116th_ne12th,kmeans,bellevue_116th_ne12th|kmeans|trial_009,9,"{""max_iter"": 300, ""n_clusters"": 10, ""n_init"": 10}",0.9415434312264102,1,True,True,True
outlier_heavy,0.35,0.35,0.1,0.1,0.1,bellevue_116th_ne12th,kmeans,bellevue_116th_ne12th|kmeans|trial_010,10,"{""max_iter"": 300, ""n_clusters"": 11, ""n_init"": 10}",0.8997100910166135,3,False,False,False
outlier_heavy,0.35,0.35,0.1,0.1,0.1,bellevue_116th_ne12th,kmeans,bellevue_116th_ne12th|kmeans|trial_011,11,"{""max_iter"": 300, ""n_clusters"": 12, ""n_init"": 10}",0.8629828692251463,5,False,False,False
outlier_heavy,0.35,0.35,0.1,0.1,0.1,bellevue_116th_ne12th,kmeans,bellevue_116th_ne12th|kmeans|trial_012,12,"{""max_iter"": 300, ""n_clusters"": 13, ""n_init"": 10}",0.8260082924188803,7,False,False,False
outlier_heavy,0.35,0.35,0.1,0.1,0.1,bellevue_116th_ne12th,kmeans,bellevue_116th_ne12th|kmeans|trial_013,13,"{""max_iter"": 300, ""n_clusters"": 14, ""n_init"": 10}",0.7905283713147471,9,False,False,False
outlier_heavy,0.35,0.35,0.1,0.1,0.1,bellevue_116th_ne12th,kmeans,bellevue_116th_ne12th|kmeans|trial_014,14,"{""max_iter"": 300, ""n_clusters"": 15, ""n_init"": 10}",0.7545684895479563,11,False,False,False
outlier_heavy,0.35,0.35,0.1,0.1,0.1,bellevue_116th_ne12th,kmeans,bellevue_116th_ne12th|kmeans|trial_015,15,"{""max_iter"": 300, ""n_clusters"": 16, ""n_init"": 10}",0.7197666812994026,12,False,False,False
outlier_heavy,0.35,0.35,0.1,0.1,0.1,bellevue_116th_ne12th,kmeans,bellevue_116th_ne12th|kmeans|trial_016,16,"{""max_iter"": 300, ""n_clusters"": 17, ""n_init"": 10}",0.6896915685276521,14,False,False,False
outlier_heavy,0.35,0.35,0.1,0.1,0.1,bellevue_116th_ne12th,kmeans,bellevue_116th_ne12th|kmeans|trial_017,17,"{""max_iter"": 300, ""n_clusters"": 18, ""n_init"": 10}",0.6505578979204945,16,False,False,False
outlier_heavy,0.35,0.35,0.1,0.1,0.1,bellevue_116th_ne12th,kmeans,bellevue_116th_ne12th|kmeans|trial_018,18,"{""max_iter"": 300, ""n_clusters"": 19, ""n_init"": 10}",0.6171065140865948,17,False,False,False
outlier_heavy,0.35,0.35,0.1,0.1,0.1,bellevue_116th_ne12th,kmeans,bellevue_116th_ne12th|kmeans|trial_019,19,"{""max_iter"": 300, ""n_clusters"": 20, ""n_init"": 10}",0.5723065598177888,24,False,False,False
outlier_heavy,0.35,0.35,0.1,0.1,0.1,bellevue_116th_ne12th,kmeans,bellevue_116th_ne12th|kmeans|trial_020,20,"{""max_iter"": 300, ""n_clusters"": 21, ""n_init"": 10}",0.5759753338961203,19,False,False,False
outlier_heavy,0.35,0.35,0.1,0.1,0.1,bellevue_116th_ne12th,kmeans,bellevue_116th_ne12th|kmeans|trial_021,21,"{""max_iter"": 300, ""n_clusters"": 22, ""n_init"": 10}",0.5712587071751559,27,False,False,False
outlier_heavy,0.35,0.35,0.1,0.1,0.1,bellevue_116th_ne12th,kmeans,bellevue_116th_ne12th|kmeans|trial_022,22,"{""max_iter"": 300, ""n_clusters"": 23, ""n_init"": 10}",0.5719768066306746,25,False,False,False
outlier_heavy,0.35,0.35,0.1,0.1,0.1,bellevue_116th_ne12th,kmeans,bellevue_116th_ne12th|kmeans|trial_023,23,"{""max_iter"": 300, ""n_clusters"": 24, ""n_init"": 10}",0.5704581196795492,29,False,False,False
outlier_heavy,0.35,0.35,0.1,0.1,0.1,bellevue_116th_ne12th,kmeans,bellevue_116th_ne12th|kmeans|trial_024,24,"{""max_iter"": 300, ""n_clusters"": 25, ""n_init"": 10}",0.5713772811566726,26,False,False,False
outlier_heavy,0.35,0.35,0.1,0.1,0.1,bellevue_116th_ne12th,kmeans,bellevue_116th_ne12th|kmeans|trial_025,25,"{""max_iter"": 300, ""n_clusters"": 26, ""n_init"": 10}",0.5740333780533616,21,False,False,False
outlier_heavy,0.35,0.35,0.1,0.1,0.1,bellevue_116th_ne12th,kmeans,bellevue_116th_ne12th|kmeans|trial_026,26,"{""max_iter"": 300, ""n_clusters"": 27, ""n_init"": 10}",0.574038149630512,20,False,False,False
outlier_heavy,0.35,0.35,0.1,0.1,0.1,bellevue_116th_ne12th,kmeans,bellevue_116th_ne12th|kmeans|trial_027,27,"{""max_iter"": 300, ""n_clusters"": 28, ""n_init"": 10}",0.5739425852029486,22,False,False,False
outlier_heavy,0.35,0.35,0.1,0.1,0.1,bellevue_116th_ne12th,kmeans,bellevue_116th_ne12th|kmeans|trial_028,28,"{""max_iter"": 300, ""n_clusters"": 29, ""n_init"": 10}",0.5729321744969051,23,False,False,False
outlier_heavy,0.35,0.35,0.1,0.1,0.1,bellevue_116th_ne12th,kmeans,bellevue_116th_ne12th|kmeans|trial_029,29,"{""max_iter"": 300, ""n_clusters"": 30, ""n_init"": 10}",0.57062604126206,28,False,False,False
original,0.5,0.2,0.1,0.1,0.1,bellevue_116th_ne12th,optics,bellevue_116th_ne12th|optics|trial_001,1,"{""max_eps"": 0.028528990860990387, ""min_samples"": 40, ""xi"": 0.05}",0.4641762069469917,11,False,True,False
original,0.5,0.2,0.1,0.1,0.1,bellevue_116th_ne12th,optics,bellevue_116th_ne12th|optics|trial_002,2,"{""max_eps"": 0.0425915111606225, ""min_samples"": 40, ""xi"": 0.05}",0.5704080568864385,5,False,False,False
original,0.5,0.2,0.1,0.1,0.1,bellevue_116th_ne12th,optics,bellevue_116th_ne12th|optics|trial_003,3,"{""max_eps"": 0.11784142357479498, ""min_samples"": 40, ""xi"": 0.05}",0.6532451621380561,3,False,False,False
original,0.5,0.2,0.1,0.1,0.1,bellevue_116th_ne12th,optics,bellevue_116th_ne12th|optics|trial_004,4,"{""max_eps"": 0.31873943664454396, ""min_samples"": 40, ""xi"": 0.05}",0.6568767845677861,1,True,False,True
original,0.5,0.2,0.1,0.1,0.1,bellevue_116th_ne12th,optics,bellevue_116th_ne12th|optics|trial_005,5,"{""max_eps"": 0.028528990860990387, ""min_samples"": 40, ""xi"": 0.07}",0.4641762069469917,12,False,False,False
original,0.5,0.2,0.1,0.1,0.1,bellevue_116th_ne12th,optics,bellevue_116th_ne12th|optics|trial_006,6,"{""max_eps"": 0.0425915111606225, ""min_samples"": 40, ""xi"": 0.07}",0.5704080568864385,6,False,False,False
original,0.5,0.2,0.1,0.1,0.1,bellevue_116th_ne12th,optics,bellevue_116th_ne12th|optics|trial_007,7,"{""max_eps"": 0.11784142357479498, ""min_samples"": 40, ""xi"": 0.07}",0.6532451621380561,4,False,False,False
original,0.5,0.2,0.1,0.1,0.1,bellevue_116th_ne12th,optics,bellevue_116th_ne12th|optics|trial_008,8,"{""max_eps"": 0.31873943664454396, ""min_samples"": 40, ""xi"": 0.07}",0.6568767845677861,2,False,False,False
original,0.5,0.2,0.1,0.1,0.1,bellevue_116th_ne12th,optics,bellevue_116th_ne12th|optics|trial_009,9,"{""max_eps"": 0.028528990860990387, ""min_samples"": 80, ""xi"": 0.05}",0.15000000000000002,15,False,False,False
original,0.5,0.2,0.1,0.1,0.1,bellevue_116th_ne12th,optics,bellevue_116th_ne12th|optics|trial_010,10,"{""max_eps"": 0.0425915111606225, ""min_samples"": 80, ""xi"": 0.05}",0.18533123028391169,13,False,False,False
original,0.5,0.2,0.1,0.1,0.1,bellevue_116th_ne12th,optics,bellevue_116th_ne12th|optics|trial_011,11,"{""max_eps"": 0.11784142357479498, ""min_samples"": 80, ""xi"": 0.05}",0.5260424528978814,9,False,False,False
original,0.5,0.2,0.1,0.1,0.1,bellevue_116th_ne12th,optics,bellevue_116th_ne12th|optics|trial_012,12,"{""max_eps"": 0.31873943664454396, ""min_samples"": 80, ""xi"": 0.05}",0.5268219015398746,8,False,False,False
original,0.5,0.2,0.1,0.1,0.1,bellevue_116th_ne12th,optics,bellevue_116th_ne12th|optics|trial_013,13,"{""max_eps"": 0.028528990860990387, ""min_samples"": 80, ""xi"": 0.07}",0.15000000000000002,16,False,False,False
original,0.5,0.2,0.1,0.1,0.1,bellevue_116th_ne12th,optics,bellevue_116th_ne12th|optics|trial_014,14,"{""max_eps"": 0.0425915111606225, ""min_samples"": 80, ""xi"": 0.07}",0.18533123028391169,14,False,False,False
original,0.5,0.2,0.1,0.1,0.1,bellevue_116th_ne12th,optics,bellevue_116th_ne12th|optics|trial_015,15,"{""max_eps"": 0.11784142357479498, ""min_samples"": 80, ""xi"": 0.07}",0.5260424528978814,10,False,False,False
original,0.5,0.2,0.1,0.1,0.1,bellevue_116th_ne12th,optics,bellevue_116th_ne12th|optics|trial_016,16,"{""max_eps"": 0.31873943664454396, ""min_samples"": 80, ""xi"": 0.07}",0.5275632154900696,7,False,False,False
reviewer_example,0.4,0.3,0.1,0.1,0.1,bellevue_116th_ne12th,optics,bellevue_116th_ne12th|optics|trial_001,1,"{""max_eps"": 0.028528990860990387, ""min_samples"": 40, ""xi"": 0.05}",0.4657219482719128,11,False,True,False
reviewer_example,0.4,0.3,0.1,0.1,0.1,bellevue_116th_ne12th,optics,bellevue_116th_ne12th|optics|trial_002,2,"{""max_eps"": 0.0425915111606225, ""min_samples"": 40, ""xi"": 0.05}",0.588609949630918,5,False,False,False
reviewer_example,0.4,0.3,0.1,0.1,0.1,bellevue_116th_ne12th,optics,bellevue_116th_ne12th|optics|trial_003,3,"{""max_eps"": 0.11784142357479498, ""min_samples"": 40, ""xi"": 0.05}",0.680847685797362,3,False,False,False
reviewer_example,0.4,0.3,0.1,0.1,0.1,bellevue_116th_ne12th,optics,bellevue_116th_ne12th|optics|trial_004,4,"{""max_eps"": 0.31873943664454396, ""min_samples"": 40, ""xi"": 0.05}",0.6899998129589533,1,True,False,True
reviewer_example,0.4,0.3,0.1,0.1,0.1,bellevue_116th_ne12th,optics,bellevue_116th_ne12th|optics|trial_005,5,"{""max_eps"": 0.028528990860990387, ""min_samples"": 40, ""xi"": 0.07}",0.4657219482719128,12,False,False,False
reviewer_example,0.4,0.3,0.1,0.1,0.1,bellevue_116th_ne12th,optics,bellevue_116th_ne12th|optics|trial_006,6,"{""max_eps"": 0.0425915111606225, ""min_samples"": 40, ""xi"": 0.07}",0.588609949630918,6,False,False,False
reviewer_example,0.4,0.3,0.1,0.1,0.1,bellevue_116th_ne12th,optics,bellevue_116th_ne12th|optics|trial_007,7,"{""max_eps"": 0.11784142357479498, ""min_samples"": 40, ""xi"": 0.07}",0.680847685797362,4,False,False,False
reviewer_example,0.4,0.3,0.1,0.1,0.1,bellevue_116th_ne12th,optics,bellevue_116th_ne12th|optics|trial_008,8,"{""max_eps"": 0.31873943664454396, ""min_samples"": 40, ""xi"": 0.07}",0.6899998129589533,2,False,False,False
reviewer_example,0.4,0.3,0.1,0.1,0.1,bellevue_116th_ne12th,optics,bellevue_116th_ne12th|optics|trial_009,9,"{""max_eps"": 0.028528990860990387, ""min_samples"": 80, ""xi"": 0.05}",0.15000000000000002,15,False,False,False
reviewer_example,0.4,0.3,0.1,0.1,0.1,bellevue_116th_ne12th,optics,bellevue_116th_ne12th|optics|trial_010,10,"{""max_eps"": 0.0425915111606225, ""min_samples"": 80, ""xi"": 0.05}",0.19299684542586748,13,False,False,False
reviewer_example,0.4,0.3,0.1,0.1,0.1,bellevue_116th_ne12th,optics,bellevue_116th_ne12th|optics|trial_011,11,"{""max_eps"": 0.11784142357479498, ""min_samples"": 80, ""xi"": 0.05}",0.5629194245067142,9,False,False,False
reviewer_example,0.4,0.3,0.1,0.1,0.1,bellevue_116th_ne12th,optics,bellevue_116th_ne12th|optics|trial_012,12,"{""max_eps"": 0.31873943664454396, ""min_samples"": 80, ""xi"": 0.05}",0.5807335734641648,7,False,False,False
reviewer_example,0.4,0.3,0.1,0.1,0.1,bellevue_116th_ne12th,optics,bellevue_116th_ne12th|optics|trial_013,13,"{""max_eps"": 0.028528990860990387, ""min_samples"": 80, ""xi"": 0.07}",0.15000000000000002,16,False,False,False
reviewer_example,0.4,0.3,0.1,0.1,0.1,bellevue_116th_ne12th,optics,bellevue_116th_ne12th|optics|trial_014,14,"{""max_eps"": 0.0425915111606225, ""min_samples"": 80, ""xi"": 0.07}",0.19299684542586748,14,False,False,False
reviewer_example,0.4,0.3,0.1,0.1,0.1,bellevue_116th_ne12th,optics,bellevue_116th_ne12th|optics|trial_015,15,"{""max_eps"": 0.11784142357479498, ""min_samples"": 80, ""xi"": 0.07}",0.5629194245067142,10,False,False,False
reviewer_example,0.4,0.3,0.1,0.1,0.1,bellevue_116th_ne12th,optics,bellevue_116th_ne12th|optics|trial_016,16,"{""max_eps"": 0.31873943664454396, ""min_samples"": 80, ""xi"": 0.07}",0.5679102186446436,8,False,False,False
moderate_target,0.4,0.2,0.15,0.125,0.125,bellevue_116th_ne12th,optics,bellevue_116th_ne12th|optics|trial_001,1,"{""max_eps"": 0.028528990860990387, ""min_samples"": 40, ""xi"": 0.05}",0.5113223880212789,11,False,True,False
moderate_target,0.4,0.2,0.15,0.125,0.125,bellevue_116th_ne12th,optics,bellevue_116th_ne12th|optics|trial_002,2,"{""max_eps"": 0.0425915111606225, ""min_samples"": 40, ""xi"": 0.05}",0.6107112927574886,5,False,False,False
moderate_target,0.4,0.2,0.15,0.125,0.125,bellevue_116th_ne12th,optics,bellevue_116th_ne12th|optics|trial_003,3,"{""max_eps"": 0.11784142357479498, ""min_samples"": 40, ""xi"": 0.05}",0.6818710445014537,3,False,False,False
moderate_target,0.4,0.2,0.15,0.125,0.125,bellevue_116th_ne12th,optics,bellevue_116th_ne12th|optics|trial_004,4,"{""max_eps"": 0.31873943664454396, ""min_samples"": 40, ""xi"": 0.05}",0.684112265375629,1,True,False,True
moderate_target,0.4,0.2,0.15,0.125,0.125,bellevue_116th_ne12th,optics,bellevue_116th_ne12th|optics|trial_005,5,"{""max_eps"": 0.028528990860990387, ""min_samples"": 40, ""xi"": 0.07}",0.5113223880212789,12,False,False,False
moderate_target,0.4,0.2,0.15,0.125,0.125,bellevue_116th_ne12th,optics,bellevue_116th_ne12th|optics|trial_006,6,"{""max_eps"": 0.0425915111606225, ""min_samples"": 40, ""xi"": 0.07}",0.6107112927574886,6,False,False,False
moderate_target,0.4,0.2,0.15,0.125,0.125,bellevue_116th_ne12th,optics,bellevue_116th_ne12th|optics|trial_007,7,"{""max_eps"": 0.11784142357479498, ""min_samples"": 40, ""xi"": 0.07}",0.6818710445014537,4,False,False,False
moderate_target,0.4,0.2,0.15,0.125,0.125,bellevue_116th_ne12th,optics,bellevue_116th_ne12th|optics|trial_008,8,"{""max_eps"": 0.31873943664454396, ""min_samples"": 40, ""xi"": 0.07}",0.684112265375629,2,False,False,False
moderate_target,0.4,0.2,0.15,0.125,0.125,bellevue_116th_ne12th,optics,bellevue_116th_ne12th|optics|trial_009,9,"{""max_eps"": 0.028528990860990387, ""min_samples"": 80, ""xi"": 0.05}",0.2,15,False,False,False
moderate_target,0.4,0.2,0.15,0.125,0.125,bellevue_116th_ne12th,optics,bellevue_116th_ne12th|optics|trial_010,10,"{""max_eps"": 0.0425915111606225, ""min_samples"": 80, ""xi"": 0.05}",0.20033123028391167,13,False,False,False
moderate_target,0.4,0.2,0.15,0.125,0.125,bellevue_116th_ne12th,optics,bellevue_116th_ne12th|optics|trial_011,11,"{""max_eps"": 0.11784142357479498, ""min_samples"": 80, ""xi"": 0.05}",0.5718858067330297,7,False,False,False
moderate_target,0.4,0.2,0.15,0.125,0.125,bellevue_116th_ne12th,optics,bellevue_116th_ne12th|optics|trial_012,12,"{""max_eps"": 0.31873943664454396, ""min_samples"": 80, ""xi"": 0.05}",0.5617125184063072,10,False,False,False
moderate_target,0.4,0.2,0.15,0.125,0.125,bellevue_116th_ne12th,optics,bellevue_116th_ne12th|optics|trial_013,13,"{""max_eps"": 0.028528990860990387, ""min_samples"": 80, ""xi"": 0.07}",0.2,16,False,False,False
moderate_target,0.4,0.2,0.15,0.125,0.125,bellevue_116th_ne12th,optics,bellevue_116th_ne12th|optics|trial_014,14,"{""max_eps"": 0.0425915111606225, ""min_samples"": 80, ""xi"": 0.07}",0.20033123028391167,14,False,False,False
moderate_target,0.4,0.2,0.15,0.125,0.125,bellevue_116th_ne12th,optics,bellevue_116th_ne12th|optics|trial_015,15,"{""max_eps"": 0.11784142357479498, ""min_samples"": 80, ""xi"": 0.07}",0.5718858067330297,8,False,False,False
moderate_target,0.4,0.2,0.15,0.125,0.125,bellevue_116th_ne12th,optics,bellevue_116th_ne12th|optics|trial_016,16,"{""max_eps"": 0.31873943664454396, ""min_samples"": 80, ""xi"": 0.07}",0.5718589931216227,9,False,False,False
balanced_task_internal,0.3,0.2,0.15,0.175,0.175,bellevue_116th_ne12th,optics,bellevue_116th_ne12th|optics|trial_001,1,"{""max_eps"": 0.028528990860990387, ""min_samples"": 40, ""xi"": 0.05}",0.5781147501698536,11,False,True,False
balanced_task_internal,0.3,0.2,0.15,0.175,0.175,bellevue_116th_ne12th,optics,bellevue_116th_ne12th|optics|trial_002,2,"{""max_eps"": 0.0425915111606225, ""min_samples"": 40, ""xi"": 0.05}",0.6641090924128679,5,False,False,False
balanced_task_internal,0.3,0.2,0.15,0.175,0.175,bellevue_116th_ne12th,optics,bellevue_116th_ne12th|optics|trial_003,3,"{""max_eps"": 0.11784142357479498, ""min_samples"": 40, ""xi"": 0.05}",0.7226593945941024,1,True,False,False
balanced_task_internal,0.3,0.2,0.15,0.175,0.175,bellevue_116th_ne12th,optics,bellevue_116th_ne12th|optics|trial_004,4,"{""max_eps"": 0.31873943664454396, ""min_samples"": 40, ""xi"": 0.05}",0.7202720315453945,3,False,False,True
balanced_task_internal,0.3,0.2,0.15,0.175,0.175,bellevue_116th_ne12th,optics,bellevue_116th_ne12th|optics|trial_005,5,"{""max_eps"": 0.028528990860990387, ""min_samples"": 40, ""xi"": 0.07}",0.5781147501698536,12,False,False,False
balanced_task_internal,0.3,0.2,0.15,0.175,0.175,bellevue_116th_ne12th,optics,bellevue_116th_ne12th|optics|trial_006,6,"{""max_eps"": 0.0425915111606225, ""min_samples"": 40, ""xi"": 0.07}",0.6641090924128679,6,False,False,False
balanced_task_internal,0.3,0.2,0.15,0.175,0.175,bellevue_116th_ne12th,optics,bellevue_116th_ne12th|optics|trial_007,7,"{""max_eps"": 0.11784142357479498, ""min_samples"": 40, ""xi"": 0.07}",0.7226593945941024,2,False,False,False
balanced_task_internal,0.3,0.2,0.15,0.175,0.175,bellevue_116th_ne12th,optics,bellevue_116th_ne12th|optics|trial_008,8,"{""max_eps"": 0.31873943664454396, ""min_samples"": 40, ""xi"": 0.07}",0.7202720315453945,4,False,False,False
balanced_task_internal,0.3,0.2,0.15,0.175,0.175,bellevue_116th_ne12th,optics,bellevue_116th_ne12th|optics|trial_009,9,"{""max_eps"": 0.028528990860990387, ""min_samples"": 80, ""xi"": 0.05}",0.24999999999999997,13,False,False,False
balanced_task_internal,0.3,0.2,0.15,0.175,0.175,bellevue_116th_ne12th,optics,bellevue_116th_ne12th|optics|trial_010,10,"{""max_eps"": 0.0425915111606225, ""min_samples"": 80, ""xi"": 0.05}",0.24033123028391165,15,False,False,False
balanced_task_internal,0.3,0.2,0.15,0.175,0.175,bellevue_116th_ne12th,optics,bellevue_116th_ne12th|optics|trial_011,11,"{""max_eps"": 0.11784142357479498, ""min_samples"": 80, ""xi"": 0.05}",0.6324876087429488,7,False,False,False
balanced_task_internal,0.3,0.2,0.15,0.175,0.175,bellevue_116th_ne12th,optics,bellevue_116th_ne12th|optics|trial_012,12,"{""max_eps"": 0.31873943664454396, ""min_samples"": 80, ""xi"": 0.05}",0.6109298423647362,10,False,False,False
balanced_task_internal,0.3,0.2,0.15,0.175,0.175,bellevue_116th_ne12th,optics,bellevue_116th_ne12th|optics|trial_013,13,"{""max_eps"": 0.028528990860990387, ""min_samples"": 80, ""xi"": 0.07}",0.24999999999999997,14,False,False,False
balanced_task_internal,0.3,0.2,0.15,0.175,0.175,bellevue_116th_ne12th,optics,bellevue_116th_ne12th|optics|trial_014,14,"{""max_eps"": 0.0425915111606225, ""min_samples"": 80, ""xi"": 0.07}",0.24033123028391165,16,False,False,False
balanced_task_internal,0.3,0.2,0.15,0.175,0.175,bellevue_116th_ne12th,optics,bellevue_116th_ne12th|optics|trial_015,15,"{""max_eps"": 0.11784142357479498, ""min_samples"": 80, ""xi"": 0.07}",0.6324876087429488,8,False,False,False
balanced_task_internal,0.3,0.2,0.15,0.175,0.175,bellevue_116th_ne12th,optics,bellevue_116th_ne12th|optics|trial_016,16,"{""max_eps"": 0.31873943664454396, ""min_samples"": 80, ""xi"": 0.07}",0.6301366470394376,9,False,False,False
equal_weights,0.2,0.2,0.2,0.2,0.2,bellevue_116th_ne12th,optics,bellevue_116th_ne12th|optics|trial_001,1,"{""max_eps"": 0.028528990860990387, ""min_samples"": 40, ""xi"": 0.05}",0.6252609312441408,11,False,True,False
equal_weights,0.2,0.2,0.2,0.2,0.2,bellevue_116th_ne12th,optics,bellevue_116th_ne12th|optics|trial_002,2,"{""max_eps"": 0.0425915111606225, ""min_samples"": 40, ""xi"": 0.05}",0.7044123282839181,5,False,False,False
equal_weights,0.2,0.2,0.2,0.2,0.2,bellevue_116th_ne12th,optics,bellevue_116th_ne12th|optics|trial_003,3,"{""max_eps"": 0.11784142357479498, ""min_samples"": 40, ""xi"": 0.05}",0.7512852769575,1,True,False,False
equal_weights,0.2,0.2,0.2,0.2,0.2,bellevue_116th_ne12th,optics,bellevue_116th_ne12th|optics|trial_004,4,"{""max_eps"": 0.31873943664454396, ""min_samples"": 40, ""xi"": 0.05}",0.7475075123532376,3,False,False,True
equal_weights,0.2,0.2,0.2,0.2,0.2,bellevue_116th_ne12th,optics,bellevue_116th_ne12th|optics|trial_005,5,"{""max_eps"": 0.028528990860990387, ""min_samples"": 40, ""xi"": 0.07}",0.6252609312441408,12,False,False,False
equal_weights,0.2,0.2,0.2,0.2,0.2,bellevue_116th_ne12th,optics,bellevue_116th_ne12th|optics|trial_006,6,"{""max_eps"": 0.0425915111606225, ""min_samples"": 40, ""xi"": 0.07}",0.7044123282839181,6,False,False,False
equal_weights,0.2,0.2,0.2,0.2,0.2,bellevue_116th_ne12th,optics,bellevue_116th_ne12th|optics|trial_007,7,"{""max_eps"": 0.11784142357479498, ""min_samples"": 40, ""xi"": 0.07}",0.7512852769575,2,False,False,False
equal_weights,0.2,0.2,0.2,0.2,0.2,bellevue_116th_ne12th,optics,bellevue_116th_ne12th|optics|trial_008,8,"{""max_eps"": 0.31873943664454396, ""min_samples"": 40, ""xi"": 0.07}",0.7475075123532376,4,False,False,False
equal_weights,0.2,0.2,0.2,0.2,0.2,bellevue_116th_ne12th,optics,bellevue_116th_ne12th|optics|trial_009,9,"{""max_eps"": 0.028528990860990387, ""min_samples"": 80, ""xi"": 0.05}",0.30000000000000004,13,False,False,False
equal_weights,0.2,0.2,0.2,0.2,0.2,bellevue_116th_ne12th,optics,bellevue_116th_ne12th|optics|trial_010,10,"{""max_eps"": 0.0425915111606225, ""min_samples"": 80, ""xi"": 0.05}",0.2553312302839117,15,False,False,False
equal_weights,0.2,0.2,0.2,0.2,0.2,bellevue_116th_ne12th,optics,bellevue_116th_ne12th|optics|trial_011,11,"{""max_eps"": 0.11784142357479498, ""min_samples"": 80, ""xi"": 0.05}",0.6783309625780971,7,False,False,False
equal_weights,0.2,0.2,0.2,0.2,0.2,bellevue_116th_ne12th,optics,bellevue_116th_ne12th|optics|trial_012,12,"{""max_eps"": 0.31873943664454396, ""min_samples"": 80, ""xi"": 0.05}",0.6458204592311688,10,False,False,False
equal_weights,0.2,0.2,0.2,0.2,0.2,bellevue_116th_ne12th,optics,bellevue_116th_ne12th|optics|trial_013,13,"{""max_eps"": 0.028528990860990387, ""min_samples"": 80, ""xi"": 0.07}",0.30000000000000004,14,False,False,False
equal_weights,0.2,0.2,0.2,0.2,0.2,bellevue_116th_ne12th,optics,bellevue_116th_ne12th|optics|trial_014,14,"{""max_eps"": 0.0425915111606225, ""min_samples"": 80, ""xi"": 0.07}",0.2553312302839117,16,False,False,False
equal_weights,0.2,0.2,0.2,0.2,0.2,bellevue_116th_ne12th,optics,bellevue_116th_ne12th|optics|trial_015,15,"{""max_eps"": 0.11784142357479498, ""min_samples"": 80, ""xi"": 0.07}",0.6783309625780971,8,False,False,False
equal_weights,0.2,0.2,0.2,0.2,0.2,bellevue_116th_ne12th,optics,bellevue_116th_ne12th|optics|trial_016,16,"{""max_eps"": 0.31873943664454396, ""min_samples"": 80, ""xi"": 0.07}",0.6744324246709907,9,False,False,False
target_heavy,0.6,0.15,0.1,0.075,0.075,bellevue_116th_ne12th,optics,bellevue_116th_ne12th|optics|trial_001,1,"{""max_eps"": 0.028528990860990387, ""min_samples"": 40, ""xi"": 0.05}",0.4300071552102437,11,False,True,False
target_heavy,0.6,0.15,0.1,0.075,0.075,bellevue_116th_ne12th,optics,bellevue_116th_ne12th|optics|trial_002,2,"{""max_eps"": 0.0425915111606225, ""min_samples"": 40, ""xi"": 0.05}",0.5346082106865091,5,False,False,False
target_heavy,0.6,0.15,0.1,0.075,0.075,bellevue_116th_ne12th,optics,bellevue_116th_ne12th|optics|trial_003,3,"{""max_eps"": 0.11784142357479498, ""min_samples"": 40, ""xi"": 0.05}",0.6190497252620786,3,False,False,False
target_heavy,0.6,0.15,0.1,0.075,0.075,bellevue_116th_ne12th,optics,bellevue_116th_ne12th|optics|trial_004,4,"{""max_eps"": 0.31873943664454396, ""min_samples"": 40, ""xi"": 0.05}",0.6222353872873195,1,True,False,True
target_heavy,0.6,0.15,0.1,0.075,0.075,bellevue_116th_ne12th,optics,bellevue_116th_ne12th|optics|trial_005,5,"{""max_eps"": 0.028528990860990387, ""min_samples"": 40, ""xi"": 0.07}",0.4300071552102437,12,False,False,False
target_heavy,0.6,0.15,0.1,0.075,0.075,bellevue_116th_ne12th,optics,bellevue_116th_ne12th|optics|trial_006,6,"{""max_eps"": 0.0425915111606225, ""min_samples"": 40, ""xi"": 0.07}",0.5346082106865091,6,False,False,False
target_heavy,0.6,0.15,0.1,0.075,0.075,bellevue_116th_ne12th,optics,bellevue_116th_ne12th|optics|trial_007,7,"{""max_eps"": 0.11784142357479498, ""min_samples"": 40, ""xi"": 0.07}",0.6190497252620786,4,False,False,False
target_heavy,0.6,0.15,0.1,0.075,0.075,bellevue_116th_ne12th,optics,bellevue_116th_ne12th|optics|trial_008,8,"{""max_eps"": 0.31873943664454396, ""min_samples"": 40, ""xi"": 0.07}",0.6222353872873195,2,False,False,False
target_heavy,0.6,0.15,0.1,0.075,0.075,bellevue_116th_ne12th,optics,bellevue_116th_ne12th|optics|trial_009,9,"{""max_eps"": 0.028528990860990387, ""min_samples"": 80, ""xi"": 0.05}",0.125,15,False,False,False
target_heavy,0.6,0.15,0.1,0.075,0.075,bellevue_116th_ne12th,optics,bellevue_116th_ne12th|optics|trial_010,10,"{""max_eps"": 0.0425915111606225, ""min_samples"": 80, ""xi"": 0.05}",0.16149842271293374,13,False,False,False
target_heavy,0.6,0.15,0.1,0.075,0.075,bellevue_116th_ne12th,optics,bellevue_116th_ne12th|optics|trial_011,11,"{""max_eps"": 0.11784142357479498, ""min_samples"": 80, ""xi"": 0.05}",0.4773030660885054,8,False,False,False
target_heavy,0.6,0.15,0.1,0.075,0.075,bellevue_116th_ne12th,optics,bellevue_116th_ne12th|optics|trial_012,12,"{""max_eps"": 0.31873943664454396, ""min_samples"": 80, ""xi"": 0.05}",0.475257403598515,10,False,False,False
target_heavy,0.6,0.15,0.1,0.075,0.075,bellevue_116th_ne12th,optics,bellevue_116th_ne12th|optics|trial_013,13,"{""max_eps"": 0.028528990860990387, ""min_samples"": 80, ""xi"": 0.07}",0.125,16,False,False,False
target_heavy,0.6,0.15,0.1,0.075,0.075,bellevue_116th_ne12th,optics,bellevue_116th_ne12th|optics|trial_014,14,"{""max_eps"": 0.0425915111606225, ""min_samples"": 80, ""xi"": 0.07}",0.16149842271293374,14,False,False,False
target_heavy,0.6,0.15,0.1,0.075,0.075,bellevue_116th_ne12th,optics,bellevue_116th_ne12th|optics|trial_015,15,"{""max_eps"": 0.11784142357479498, ""min_samples"": 80, ""xi"": 0.07}",0.4773030660885054,9,False,False,False
target_heavy,0.6,0.15,0.1,0.075,0.075,bellevue_116th_ne12th,optics,bellevue_116th_ne12th|optics|trial_016,16,"{""max_eps"": 0.31873943664454396, ""min_samples"": 80, ""xi"": 0.07}",0.47825088695387497,7,False,False,False
outlier_heavy,0.35,0.35,0.1,0.1,0.1,bellevue_116th_ne12th,optics,bellevue_116th_ne12th|optics|trial_001,1,"{""max_eps"": 0.028528990860990387, ""min_samples"": 40, ""xi"": 0.05}",0.4664948189343733,11,False,True,False
outlier_heavy,0.35,0.35,0.1,0.1,0.1,bellevue_116th_ne12th,optics,bellevue_116th_ne12th|optics|trial_002,2,"{""max_eps"": 0.0425915111606225, ""min_samples"": 40, ""xi"": 0.05}",0.5977108960031577,6,False,False,False
outlier_heavy,0.35,0.35,0.1,0.1,0.1,bellevue_116th_ne12th,optics,bellevue_116th_ne12th|optics|trial_003,3,"{""max_eps"": 0.11784142357479498, ""min_samples"": 40, ""xi"": 0.05}",0.694648947627015,3,False,False,False
outlier_heavy,0.35,0.35,0.1,0.1,0.1,bellevue_116th_ne12th,optics,bellevue_116th_ne12th|optics|trial_004,4,"{""max_eps"": 0.31873943664454396, ""min_samples"": 40, ""xi"": 0.05}",0.7065613271545368,1,True,False,True
outlier_heavy,0.35,0.35,0.1,0.1,0.1,bellevue_116th_ne12th,optics,bellevue_116th_ne12th|optics|trial_005,5,"{""max_eps"": 0.028528990860990387, ""min_samples"": 40, ""xi"": 0.07}",0.4664948189343733,12,False,False,False
outlier_heavy,0.35,0.35,0.1,0.1,0.1,bellevue_116th_ne12th,optics,bellevue_116th_ne12th|optics|trial_006,6,"{""max_eps"": 0.0425915111606225, ""min_samples"": 40, ""xi"": 0.07}",0.5977108960031577,7,False,False,False
outlier_heavy,0.35,0.35,0.1,0.1,0.1,bellevue_116th_ne12th,optics,bellevue_116th_ne12th|optics|trial_007,7,"{""max_eps"": 0.11784142357479498, ""min_samples"": 40, ""xi"": 0.07}",0.694648947627015,4,False,False,False
outlier_heavy,0.35,0.35,0.1,0.1,0.1,bellevue_116th_ne12th,optics,bellevue_116th_ne12th|optics|trial_008,8,"{""max_eps"": 0.31873943664454396, ""min_samples"": 40, ""xi"": 0.07}",0.7065613271545368,2,False,False,False
outlier_heavy,0.35,0.35,0.1,0.1,0.1,bellevue_116th_ne12th,optics,bellevue_116th_ne12th|optics|trial_009,9,"{""max_eps"": 0.028528990860990387, ""min_samples"": 80, ""xi"": 0.05}",0.15000000000000002,15,False,False,False
outlier_heavy,0.35,0.35,0.1,0.1,0.1,bellevue_116th_ne12th,optics,bellevue_116th_ne12th|optics|trial_010,10,"{""max_eps"": 0.0425915111606225, ""min_samples"": 80, ""xi"": 0.05}",0.1968296529968454,13,False,False,False
outlier_heavy,0.35,0.35,0.1,0.1,0.1,bellevue_116th_ne12th,optics,bellevue_116th_ne12th|optics|trial_011,11,"{""max_eps"": 0.11784142357479498, ""min_samples"": 80, ""xi"": 0.05}",0.5813579103111306,9,False,False,False
outlier_heavy,0.35,0.35,0.1,0.1,0.1,bellevue_116th_ne12th,optics,bellevue_116th_ne12th|optics|trial_012,12,"{""max_eps"": 0.31873943664454396, ""min_samples"": 80, ""xi"": 0.05}",0.6076894094263099,5,False,False,False
outlier_heavy,0.35,0.35,0.1,0.1,0.1,bellevue_116th_ne12th,optics,bellevue_116th_ne12th|optics|trial_013,13,"{""max_eps"": 0.028528990860990387, ""min_samples"": 80, ""xi"": 0.07}",0.15000000000000002,16,False,False,False
outlier_heavy,0.35,0.35,0.1,0.1,0.1,bellevue_116th_ne12th,optics,bellevue_116th_ne12th|optics|trial_014,14,"{""max_eps"": 0.0425915111606225, ""min_samples"": 80, ""xi"": 0.07}",0.1968296529968454,14,False,False,False
outlier_heavy,0.35,0.35,0.1,0.1,0.1,bellevue_116th_ne12th,optics,bellevue_116th_ne12th|optics|trial_015,15,"{""max_eps"": 0.11784142357479498, ""min_samples"": 80, ""xi"": 0.07}",0.5813579103111306,10,False,False,False
outlier_heavy,0.35,0.35,0.1,0.1,0.1,bellevue_116th_ne12th,optics,bellevue_116th_ne12th|optics|trial_016,16,"{""max_eps"": 0.31873943664454396, ""min_samples"": 80, ""xi"": 0.07}",0.5880837202219307,8,False,False,False
original,0.5,0.2,0.1,0.1,0.1,bellevue_150th_eastgate,hdbscan,bellevue_150th_eastgate|hdbscan|trial_001,1,"{""min_cluster_size"": 80, ""min_samples"": 10}",0.5954395585781475,5,False,False,False
original,0.5,0.2,0.1,0.1,0.1,bellevue_150th_eastgate,hdbscan,bellevue_150th_eastgate|hdbscan|trial_002,2,"{""min_cluster_size"": 80, ""min_samples"": 20}",0.5909740106610161,6,False,False,False
original,0.5,0.2,0.1,0.1,0.1,bellevue_150th_eastgate,hdbscan,bellevue_150th_eastgate|hdbscan|trial_003,3,"{""min_cluster_size"": 160, ""min_samples"": 10}",0.7755093484649455,3,False,True,False
original,0.5,0.2,0.1,0.1,0.1,bellevue_150th_eastgate,hdbscan,bellevue_150th_eastgate|hdbscan|trial_004,4,"{""min_cluster_size"": 160, ""min_samples"": 20}",0.7753792948919151,4,False,False,False
original,0.5,0.2,0.1,0.1,0.1,bellevue_150th_eastgate,hdbscan,bellevue_150th_eastgate|hdbscan|trial_005,5,"{""min_cluster_size"": 320, ""min_samples"": 10}",0.8822865345854425,1,True,False,False
original,0.5,0.2,0.1,0.1,0.1,bellevue_150th_eastgate,hdbscan,bellevue_150th_eastgate|hdbscan|trial_006,6,"{""min_cluster_size"": 320, ""min_samples"": 20}",0.8819131259579891,2,False,False,True
reviewer_example,0.4,0.3,0.1,0.1,0.1,bellevue_150th_eastgate,hdbscan,bellevue_150th_eastgate|hdbscan|trial_001,1,"{""min_cluster_size"": 80, ""min_samples"": 10}",0.6551705751196485,5,False,False,False
reviewer_example,0.4,0.3,0.1,0.1,0.1,bellevue_150th_eastgate,hdbscan,bellevue_150th_eastgate|hdbscan|trial_002,2,"{""min_cluster_size"": 80, ""min_samples"": 20}",0.6490557855591655,6,False,False,False
reviewer_example,0.4,0.3,0.1,0.1,0.1,bellevue_150th_eastgate,hdbscan,bellevue_150th_eastgate|hdbscan|trial_003,3,"{""min_cluster_size"": 160, ""min_samples"": 10}",0.8059123328069668,3,False,True,False
reviewer_example,0.4,0.3,0.1,0.1,0.1,bellevue_150th_eastgate,hdbscan,bellevue_150th_eastgate|hdbscan|trial_004,4,"{""min_cluster_size"": 160, ""min_samples"": 20}",0.8057675538621207,4,False,False,False
reviewer_example,0.4,0.3,0.1,0.1,0.1,bellevue_150th_eastgate,hdbscan,bellevue_150th_eastgate|hdbscan|trial_005,5,"{""min_cluster_size"": 320, ""min_samples"": 10}",0.8904967474488727,1,True,False,False
reviewer_example,0.4,0.3,0.1,0.1,0.1,bellevue_150th_eastgate,hdbscan,bellevue_150th_eastgate|hdbscan|trial_006,6,"{""min_cluster_size"": 320, ""min_samples"": 20}",0.8901527895650507,2,False,False,True
moderate_target,0.4,0.2,0.15,0.125,0.125,bellevue_150th_eastgate,hdbscan,bellevue_150th_eastgate|hdbscan|trial_001,1,"{""min_cluster_size"": 80, ""min_samples"": 10}",0.6437917986017229,5,False,False,False
moderate_target,0.4,0.2,0.15,0.125,0.125,bellevue_150th_eastgate,hdbscan,bellevue_150th_eastgate|hdbscan|trial_002,2,"{""min_cluster_size"": 80, ""min_samples"": 20}",0.6389063831796008,6,False,False,False
moderate_target,0.4,0.2,0.15,0.125,0.125,bellevue_150th_eastgate,hdbscan,bellevue_150th_eastgate|hdbscan|trial_003,3,"{""min_cluster_size"": 160, ""min_samples"": 10}",0.7917484013389737,3,False,True,False
moderate_target,0.4,0.2,0.15,0.125,0.125,bellevue_150th_eastgate,hdbscan,bellevue_150th_eastgate|hdbscan|trial_004,4,"{""min_cluster_size"": 160, ""min_samples"": 20}",0.7915925744734416,4,False,False,False
moderate_target,0.4,0.2,0.15,0.125,0.125,bellevue_150th_eastgate,hdbscan,bellevue_150th_eastgate|hdbscan|trial_005,5,"{""min_cluster_size"": 320, ""min_samples"": 10}",0.8752064032215822,1,True,False,False
moderate_target,0.4,0.2,0.15,0.125,0.125,bellevue_150th_eastgate,hdbscan,bellevue_150th_eastgate|hdbscan|trial_006,6,"{""min_cluster_size"": 320, ""min_samples"": 20}",0.8747261609144898,2,False,False,True
balanced_task_internal,0.3,0.2,0.15,0.175,0.175,bellevue_150th_eastgate,hdbscan,bellevue_150th_eastgate|hdbscan|trial_001,1,"{""min_cluster_size"": 80, ""min_samples"": 10}",0.6897315107163844,5,False,False,False
balanced_task_internal,0.3,0.2,0.15,0.175,0.175,bellevue_150th_eastgate,hdbscan,bellevue_150th_eastgate|hdbscan|trial_002,2,"{""min_cluster_size"": 80, ""min_samples"": 20}",0.6845187656738149,6,False,False,False
balanced_task_internal,0.3,0.2,0.15,0.175,0.175,bellevue_150th_eastgate,hdbscan,bellevue_150th_eastgate|hdbscan|trial_003,3,"{""min_cluster_size"": 160, ""min_samples"": 10}",0.8073070087051533,3,False,True,False
balanced_task_internal,0.3,0.2,0.15,0.175,0.175,bellevue_150th_eastgate,hdbscan,bellevue_150th_eastgate|hdbscan|trial_004,4,"{""min_cluster_size"": 160, ""min_samples"": 20}",0.8071021255952258,4,False,False,False
balanced_task_internal,0.3,0.2,0.15,0.175,0.175,bellevue_150th_eastgate,hdbscan,bellevue_150th_eastgate|hdbscan|trial_005,5,"{""min_cluster_size"": 320, ""min_samples"": 10}",0.8663438859189956,1,True,False,False
balanced_task_internal,0.3,0.2,0.15,0.175,0.175,bellevue_150th_eastgate,hdbscan,bellevue_150th_eastgate|hdbscan|trial_006,6,"{""min_cluster_size"": 320, ""min_samples"": 20}",0.8656450008564651,2,False,False,True
equal_weights,0.2,0.2,0.2,0.2,0.2,bellevue_150th_eastgate,hdbscan,bellevue_150th_eastgate|hdbscan|trial_001,1,"{""min_cluster_size"": 80, ""min_samples"": 10}",0.7380837507399597,5,False,False,False
equal_weights,0.2,0.2,0.2,0.2,0.2,bellevue_150th_eastgate,hdbscan,bellevue_150th_eastgate|hdbscan|trial_002,2,"{""min_cluster_size"": 80, ""min_samples"": 20}",0.7324511381923997,6,False,False,False
equal_weights,0.2,0.2,0.2,0.2,0.2,bellevue_150th_eastgate,hdbscan,bellevue_150th_eastgate|hdbscan|trial_003,3,"{""min_cluster_size"": 160, ""min_samples"": 10}",0.8235460615791816,3,False,True,False
equal_weights,0.2,0.2,0.2,0.2,0.2,bellevue_150th_eastgate,hdbscan,bellevue_150th_eastgate|hdbscan|trial_004,4,"{""min_cluster_size"": 160, ""min_samples"": 20}",0.8233154051767523,4,False,False,False
equal_weights,0.2,0.2,0.2,0.2,0.2,bellevue_150th_eastgate,hdbscan,bellevue_150th_eastgate|hdbscan|trial_005,5,"{""min_cluster_size"": 320, ""min_samples"": 10}",0.8592637545551354,1,True,False,False
equal_weights,0.2,0.2,0.2,0.2,0.2,bellevue_150th_eastgate,hdbscan,bellevue_150th_eastgate|hdbscan|trial_006,6,"{""min_cluster_size"": 320, ""min_samples"": 20}",0.8584580358129661,2,False,False,True
target_heavy,0.6,0.15,0.1,0.075,0.075,bellevue_150th_eastgate,hdbscan,bellevue_150th_eastgate|hdbscan|trial_001,1,"{""min_cluster_size"": 80, ""min_samples"": 10}",0.5426041942500663,5,False,False,False
target_heavy,0.6,0.15,0.1,0.075,0.075,bellevue_150th_eastgate,hdbscan,bellevue_150th_eastgate|hdbscan|trial_002,2,"{""min_cluster_size"": 80, ""min_samples"": 20}",0.5391269319648342,6,False,False,False
target_heavy,0.6,0.15,0.1,0.075,0.075,bellevue_150th_eastgate,hdbscan,bellevue_150th_eastgate|hdbscan|trial_003,3,"{""min_cluster_size"": 160, ""min_samples"": 10}",0.752528552610845,3,False,True,False
target_heavy,0.6,0.15,0.1,0.075,0.075,bellevue_150th_eastgate,hdbscan,bellevue_150th_eastgate|hdbscan|trial_004,4,"{""min_cluster_size"": 160, ""min_samples"": 20}",0.7524303898459201,4,False,False,False
target_heavy,0.6,0.15,0.1,0.075,0.075,bellevue_150th_eastgate,hdbscan,bellevue_150th_eastgate|hdbscan|trial_005,5,"{""min_cluster_size"": 320, ""min_samples"": 10}",0.8826126868050207,1,True,False,False
target_heavy,0.6,0.15,0.1,0.075,0.075,bellevue_150th_eastgate,hdbscan,bellevue_150th_eastgate|hdbscan|trial_006,6,"{""min_cluster_size"": 320, ""min_samples"": 20}",0.8823338741834705,2,False,False,True
outlier_heavy,0.35,0.35,0.1,0.1,0.1,bellevue_150th_eastgate,hdbscan,bellevue_150th_eastgate|hdbscan|trial_001,1,"{""min_cluster_size"": 80, ""min_samples"": 10}",0.6850360833903989,5,False,False,False
outlier_heavy,0.35,0.35,0.1,0.1,0.1,bellevue_150th_eastgate,hdbscan,bellevue_150th_eastgate|hdbscan|trial_002,2,"{""min_cluster_size"": 80, ""min_samples"": 20}",0.6780966730082403,6,False,False,False
outlier_heavy,0.35,0.35,0.1,0.1,0.1,bellevue_150th_eastgate,hdbscan,bellevue_150th_eastgate|hdbscan|trial_003,3,"{""min_cluster_size"": 160, ""min_samples"": 10}",0.8211138249779774,3,False,True,False
outlier_heavy,0.35,0.35,0.1,0.1,0.1,bellevue_150th_eastgate,hdbscan,bellevue_150th_eastgate|hdbscan|trial_004,4,"{""min_cluster_size"": 160, ""min_samples"": 20}",0.8209616833472235,4,False,False,False
outlier_heavy,0.35,0.35,0.1,0.1,0.1,bellevue_150th_eastgate,hdbscan,bellevue_150th_eastgate|hdbscan|trial_005,5,"{""min_cluster_size"": 320, ""min_samples"": 10}",0.894601853880588,1,True,False,False
outlier_heavy,0.35,0.35,0.1,0.1,0.1,bellevue_150th_eastgate,hdbscan,bellevue_150th_eastgate|hdbscan|trial_006,6,"{""min_cluster_size"": 320, ""min_samples"": 20}",0.8942726213685814,2,False,False,True
original,0.5,0.2,0.1,0.1,0.1,bellevue_150th_eastgate,kmeans,bellevue_150th_eastgate|kmeans|trial_001,1,"{""max_iter"": 300, ""n_clusters"": 2, ""n_init"": 10}",0.4740514270672617,16,False,False,False
original,0.5,0.2,0.1,0.1,0.1,bellevue_150th_eastgate,kmeans,bellevue_150th_eastgate|kmeans|trial_002,2,"{""max_iter"": 300, ""n_clusters"": 3, ""n_init"": 10}",0.5730764294669795,13,False,False,False
original,0.5,0.2,0.1,0.1,0.1,bellevue_150th_eastgate,kmeans,bellevue_150th_eastgate|kmeans|trial_003,3,"{""max_iter"": 300, ""n_clusters"": 4, ""n_init"": 10}",0.6357330117515883,11,False,False,False
original,0.5,0.2,0.1,0.1,0.1,bellevue_150th_eastgate,kmeans,bellevue_150th_eastgate|kmeans|trial_004,4,"{""max_iter"": 300, ""n_clusters"": 5, ""n_init"": 10}",0.7018865444050385,9,False,False,False
original,0.5,0.2,0.1,0.1,0.1,bellevue_150th_eastgate,kmeans,bellevue_150th_eastgate|kmeans|trial_005,5,"{""max_iter"": 300, ""n_clusters"": 6, ""n_init"": 10}",0.7616991943701934,7,False,False,False
original,0.5,0.2,0.1,0.1,0.1,bellevue_150th_eastgate,kmeans,bellevue_150th_eastgate|kmeans|trial_006,6,"{""max_iter"": 300, ""n_clusters"": 7, ""n_init"": 10}",0.821864689523803,5,False,False,False
original,0.5,0.2,0.1,0.1,0.1,bellevue_150th_eastgate,kmeans,bellevue_150th_eastgate|kmeans|trial_007,7,"{""max_iter"": 300, ""n_clusters"": 8, ""n_init"": 10}",0.8860491763055393,3,False,False,False
original,0.5,0.2,0.1,0.1,0.1,bellevue_150th_eastgate,kmeans,bellevue_150th_eastgate|kmeans|trial_008,8,"{""max_iter"": 300, ""n_clusters"": 9, ""n_init"": 10}",0.9451511583649386,1,True,False,True
original,0.5,0.2,0.1,0.1,0.1,bellevue_150th_eastgate,kmeans,bellevue_150th_eastgate|kmeans|trial_009,9,"{""max_iter"": 300, ""n_clusters"": 10, ""n_init"": 10}",0.8906516568883212,2,False,False,False
original,0.5,0.2,0.1,0.1,0.1,bellevue_150th_eastgate,kmeans,bellevue_150th_eastgate|kmeans|trial_010,10,"{""max_iter"": 300, ""n_clusters"": 11, ""n_init"": 10}",0.836214173272999,4,False,True,False
original,0.5,0.2,0.1,0.1,0.1,bellevue_150th_eastgate,kmeans,bellevue_150th_eastgate|kmeans|trial_011,11,"{""max_iter"": 300, ""n_clusters"": 12, ""n_init"": 10}",0.7767319462362611,6,False,False,False
original,0.5,0.2,0.1,0.1,0.1,bellevue_150th_eastgate,kmeans,bellevue_150th_eastgate|kmeans|trial_012,12,"{""max_iter"": 300, ""n_clusters"": 13, ""n_init"": 10}",0.716910661327014,8,False,False,False
original,0.5,0.2,0.1,0.1,0.1,bellevue_150th_eastgate,kmeans,bellevue_150th_eastgate|kmeans|trial_013,13,"{""max_iter"": 300, ""n_clusters"": 14, ""n_init"": 10}",0.6610924264678805,10,False,False,False
original,0.5,0.2,0.1,0.1,0.1,bellevue_150th_eastgate,kmeans,bellevue_150th_eastgate|kmeans|trial_014,14,"{""max_iter"": 300, ""n_clusters"": 15, ""n_init"": 10}",0.6027847516836802,12,False,False,False
original,0.5,0.2,0.1,0.1,0.1,bellevue_150th_eastgate,kmeans,bellevue_150th_eastgate|kmeans|trial_015,15,"{""max_iter"": 300, ""n_clusters"": 16, ""n_init"": 10}",0.5458080972954211,14,False,False,False
original,0.5,0.2,0.1,0.1,0.1,bellevue_150th_eastgate,kmeans,bellevue_150th_eastgate|kmeans|trial_016,16,"{""max_iter"": 300, ""n_clusters"": 17, ""n_init"": 10}",0.48729631338828683,15,False,False,False
original,0.5,0.2,0.1,0.1,0.1,bellevue_150th_eastgate,kmeans,bellevue_150th_eastgate|kmeans|trial_017,17,"{""max_iter"": 300, ""n_clusters"": 18, ""n_init"": 10}",0.43430787411893806,17,False,False,False
original,0.5,0.2,0.1,0.1,0.1,bellevue_150th_eastgate,kmeans,bellevue_150th_eastgate|kmeans|trial_018,18,"{""max_iter"": 300, ""n_clusters"": 19, ""n_init"": 10}",0.43179098325721016,18,False,False,False
original,0.5,0.2,0.1,0.1,0.1,bellevue_150th_eastgate,kmeans,bellevue_150th_eastgate|kmeans|trial_019,19,"{""max_iter"": 300, ""n_clusters"": 20, ""n_init"": 10}",0.4314394653480179,19,False,False,False
original,0.5,0.2,0.1,0.1,0.1,bellevue_150th_eastgate,kmeans,bellevue_150th_eastgate|kmeans|trial_020,20,"{""max_iter"": 300, ""n_clusters"": 21, ""n_init"": 10}",0.42914815406459594,21,False,False,False
original,0.5,0.2,0.1,0.1,0.1,bellevue_150th_eastgate,kmeans,bellevue_150th_eastgate|kmeans|trial_021,21,"{""max_iter"": 300, ""n_clusters"": 22, ""n_init"": 10}",0.42421102840917607,24,False,False,False
original,0.5,0.2,0.1,0.1,0.1,bellevue_150th_eastgate,kmeans,bellevue_150th_eastgate|kmeans|trial_022,22,"{""max_iter"": 300, ""n_clusters"": 23, ""n_init"": 10}",0.42945272503449083,20,False,False,False
original,0.5,0.2,0.1,0.1,0.1,bellevue_150th_eastgate,kmeans,bellevue_150th_eastgate|kmeans|trial_023,23,"{""max_iter"": 300, ""n_clusters"": 24, ""n_init"": 10}",0.42409497057720685,26,False,False,False
original,0.5,0.2,0.1,0.1,0.1,bellevue_150th_eastgate,kmeans,bellevue_150th_eastgate|kmeans|trial_024,24,"{""max_iter"": 300, ""n_clusters"": 25, ""n_init"": 10}",0.4249135692838537,22,False,False,False
original,0.5,0.2,0.1,0.1,0.1,bellevue_150th_eastgate,kmeans,bellevue_150th_eastgate|kmeans|trial_025,25,"{""max_iter"": 300, ""n_clusters"": 26, ""n_init"": 10}",0.4241441051105373,25,False,False,False
original,0.5,0.2,0.1,0.1,0.1,bellevue_150th_eastgate,kmeans,bellevue_150th_eastgate|kmeans|trial_026,26,"{""max_iter"": 300, ""n_clusters"": 27, ""n_init"": 10}",0.4227068436204863,28,False,False,False
original,0.5,0.2,0.1,0.1,0.1,bellevue_150th_eastgate,kmeans,bellevue_150th_eastgate|kmeans|trial_027,27,"{""max_iter"": 300, ""n_clusters"": 28, ""n_init"": 10}",0.4237163209655884,27,False,False,False
original,0.5,0.2,0.1,0.1,0.1,bellevue_150th_eastgate,kmeans,bellevue_150th_eastgate|kmeans|trial_028,28,"{""max_iter"": 300, ""n_clusters"": 29, ""n_init"": 10}",0.4243048887118137,23,False,False,False
original,0.5,0.2,0.1,0.1,0.1,bellevue_150th_eastgate,kmeans,bellevue_150th_eastgate|kmeans|trial_029,29,"{""max_iter"": 300, ""n_clusters"": 30, ""n_init"": 10}",0.42266906416291616,29,False,False,False
reviewer_example,0.4,0.3,0.1,0.1,0.1,bellevue_150th_eastgate,kmeans,bellevue_150th_eastgate|kmeans|trial_001,1,"{""max_iter"": 300, ""n_clusters"": 2, ""n_init"": 10}",0.5518292048450395,16,False,False,False
reviewer_example,0.4,0.3,0.1,0.1,0.1,bellevue_150th_eastgate,kmeans,bellevue_150th_eastgate|kmeans|trial_002,2,"{""max_iter"": 300, ""n_clusters"": 3, ""n_init"": 10}",0.6397430961336461,13,False,False,False
reviewer_example,0.4,0.3,0.1,0.1,0.1,bellevue_150th_eastgate,kmeans,bellevue_150th_eastgate|kmeans|trial_003,3,"{""max_iter"": 300, ""n_clusters"": 4, ""n_init"": 10}",0.6912885673071438,11,False,False,False
reviewer_example,0.4,0.3,0.1,0.1,0.1,bellevue_150th_eastgate,kmeans,bellevue_150th_eastgate|kmeans|trial_004,4,"{""max_iter"": 300, ""n_clusters"": 5, ""n_init"": 10}",0.746330988849483,9,False,False,False
reviewer_example,0.4,0.3,0.1,0.1,0.1,bellevue_150th_eastgate,kmeans,bellevue_150th_eastgate|kmeans|trial_005,5,"{""max_iter"": 300, ""n_clusters"": 6, ""n_init"": 10}",0.7950325277035266,7,False,False,False
reviewer_example,0.4,0.3,0.1,0.1,0.1,bellevue_150th_eastgate,kmeans,bellevue_150th_eastgate|kmeans|trial_006,6,"{""max_iter"": 300, ""n_clusters"": 7, ""n_init"": 10}",0.8440869117460252,5,False,False,False
reviewer_example,0.4,0.3,0.1,0.1,0.1,bellevue_150th_eastgate,kmeans,bellevue_150th_eastgate|kmeans|trial_007,7,"{""max_iter"": 300, ""n_clusters"": 8, ""n_init"": 10}",0.8971602874166503,3,False,False,False
reviewer_example,0.4,0.3,0.1,0.1,0.1,bellevue_150th_eastgate,kmeans,bellevue_150th_eastgate|kmeans|trial_008,8,"{""max_iter"": 300, ""n_clusters"": 9, ""n_init"": 10}",0.9451511583649386,1,True,False,True
reviewer_example,0.4,0.3,0.1,0.1,0.1,bellevue_150th_eastgate,kmeans,bellevue_150th_eastgate|kmeans|trial_009,9,"{""max_iter"": 300, ""n_clusters"": 10, ""n_init"": 10}",0.9017627679994323,2,False,False,False
reviewer_example,0.4,0.3,0.1,0.1,0.1,bellevue_150th_eastgate,kmeans,bellevue_150th_eastgate|kmeans|trial_010,10,"{""max_iter"": 300, ""n_clusters"": 11, ""n_init"": 10}",0.8584363954952212,4,False,True,False
reviewer_example,0.4,0.3,0.1,0.1,0.1,bellevue_150th_eastgate,kmeans,bellevue_150th_eastgate|kmeans|trial_011,11,"{""max_iter"": 300, ""n_clusters"": 12, ""n_init"": 10}",0.8100652795695944,6,False,False,False
reviewer_example,0.4,0.3,0.1,0.1,0.1,bellevue_150th_eastgate,kmeans,bellevue_150th_eastgate|kmeans|trial_012,12,"{""max_iter"": 300, ""n_clusters"": 13, ""n_init"": 10}",0.7613551057714584,8,False,False,False
reviewer_example,0.4,0.3,0.1,0.1,0.1,bellevue_150th_eastgate,kmeans,bellevue_150th_eastgate|kmeans|trial_013,13,"{""max_iter"": 300, ""n_clusters"": 14, ""n_init"": 10}",0.7166479820234359,10,False,False,False
reviewer_example,0.4,0.3,0.1,0.1,0.1,bellevue_150th_eastgate,kmeans,bellevue_150th_eastgate|kmeans|trial_014,14,"{""max_iter"": 300, ""n_clusters"": 15, ""n_init"": 10}",0.6694514183503468,12,False,False,False
reviewer_example,0.4,0.3,0.1,0.1,0.1,bellevue_150th_eastgate,kmeans,bellevue_150th_eastgate|kmeans|trial_015,15,"{""max_iter"": 300, ""n_clusters"": 16, ""n_init"": 10}",0.6235858750731988,14,False,False,False
reviewer_example,0.4,0.3,0.1,0.1,0.1,bellevue_150th_eastgate,kmeans,bellevue_150th_eastgate|kmeans|trial_016,16,"{""max_iter"": 300, ""n_clusters"": 17, ""n_init"": 10}",0.5761852022771757,15,False,False,False
reviewer_example,0.4,0.3,0.1,0.1,0.1,bellevue_150th_eastgate,kmeans,bellevue_150th_eastgate|kmeans|trial_017,17,"{""max_iter"": 300, ""n_clusters"": 18, ""n_init"": 10}",0.534307874118938,17,False,False,False
reviewer_example,0.4,0.3,0.1,0.1,0.1,bellevue_150th_eastgate,kmeans,bellevue_150th_eastgate|kmeans|trial_018,18,"{""max_iter"": 300, ""n_clusters"": 19, ""n_init"": 10}",0.5317909832572101,18,False,False,False
reviewer_example,0.4,0.3,0.1,0.1,0.1,bellevue_150th_eastgate,kmeans,bellevue_150th_eastgate|kmeans|trial_019,19,"{""max_iter"": 300, ""n_clusters"": 20, ""n_init"": 10}",0.5314394653480179,19,False,False,False
reviewer_example,0.4,0.3,0.1,0.1,0.1,bellevue_150th_eastgate,kmeans,bellevue_150th_eastgate|kmeans|trial_020,20,"{""max_iter"": 300, ""n_clusters"": 21, ""n_init"": 10}",0.5291481540645959,21,False,False,False
reviewer_example,0.4,0.3,0.1,0.1,0.1,bellevue_150th_eastgate,kmeans,bellevue_150th_eastgate|kmeans|trial_021,21,"{""max_iter"": 300, ""n_clusters"": 22, ""n_init"": 10}",0.524211028409176,24,False,False,False
reviewer_example,0.4,0.3,0.1,0.1,0.1,bellevue_150th_eastgate,kmeans,bellevue_150th_eastgate|kmeans|trial_022,22,"{""max_iter"": 300, ""n_clusters"": 23, ""n_init"": 10}",0.5294527250344908,20,False,False,False
reviewer_example,0.4,0.3,0.1,0.1,0.1,bellevue_150th_eastgate,kmeans,bellevue_150th_eastgate|kmeans|trial_023,23,"{""max_iter"": 300, ""n_clusters"": 24, ""n_init"": 10}",0.5240949705772068,26,False,False,False
reviewer_example,0.4,0.3,0.1,0.1,0.1,bellevue_150th_eastgate,kmeans,bellevue_150th_eastgate|kmeans|trial_024,24,"{""max_iter"": 300, ""n_clusters"": 25, ""n_init"": 10}",0.5249135692838537,22,False,False,False
reviewer_example,0.4,0.3,0.1,0.1,0.1,bellevue_150th_eastgate,kmeans,bellevue_150th_eastgate|kmeans|trial_025,25,"{""max_iter"": 300, ""n_clusters"": 26, ""n_init"": 10}",0.5241441051105372,25,False,False,False
reviewer_example,0.4,0.3,0.1,0.1,0.1,bellevue_150th_eastgate,kmeans,bellevue_150th_eastgate|kmeans|trial_026,26,"{""max_iter"": 300, ""n_clusters"": 27, ""n_init"": 10}",0.5227068436204863,28,False,False,False
reviewer_example,0.4,0.3,0.1,0.1,0.1,bellevue_150th_eastgate,kmeans,bellevue_150th_eastgate|kmeans|trial_027,27,"{""max_iter"": 300, ""n_clusters"": 28, ""n_init"": 10}",0.5237163209655884,27,False,False,False
reviewer_example,0.4,0.3,0.1,0.1,0.1,bellevue_150th_eastgate,kmeans,bellevue_150th_eastgate|kmeans|trial_028,28,"{""max_iter"": 300, ""n_clusters"": 29, ""n_init"": 10}",0.5243048887118137,23,False,False,False
reviewer_example,0.4,0.3,0.1,0.1,0.1,bellevue_150th_eastgate,kmeans,bellevue_150th_eastgate|kmeans|trial_029,29,"{""max_iter"": 300, ""n_clusters"": 30, ""n_init"": 10}",0.5226690641629161,29,False,False,False
moderate_target,0.4,0.2,0.15,0.125,0.125,bellevue_150th_eastgate,kmeans,bellevue_150th_eastgate|kmeans|trial_001,1,"{""max_iter"": 300, ""n_clusters"": 2, ""n_init"": 10}",0.501855993449745,24,False,False,False
moderate_target,0.4,0.2,0.15,0.125,0.125,bellevue_150th_eastgate,kmeans,bellevue_150th_eastgate|kmeans|trial_002,2,"{""max_iter"": 300, ""n_clusters"": 3, ""n_init"": 10}",0.6070538272180565,13,False,False,False
moderate_target,0.4,0.2,0.15,0.125,0.125,bellevue_150th_eastgate,kmeans,bellevue_150th_eastgate|kmeans|trial_003,3,"{""max_iter"": 300, ""n_clusters"": 4, ""n_init"": 10}",0.6603745550738175,11,False,False,False
moderate_target,0.4,0.2,0.15,0.125,0.125,bellevue_150th_eastgate,kmeans,bellevue_150th_eastgate|kmeans|trial_004,4,"{""max_iter"": 300, ""n_clusters"": 5, ""n_init"": 10}",0.7201906057750362,9,False,False,False
moderate_target,0.4,0.2,0.15,0.125,0.125,bellevue_150th_eastgate,kmeans,bellevue_150th_eastgate|kmeans|trial_005,5,"{""max_iter"": 300, ""n_clusters"": 6, ""n_init"": 10}",0.7699564182314798,7,False,False,False
moderate_target,0.4,0.2,0.15,0.125,0.125,bellevue_150th_eastgate,kmeans,bellevue_150th_eastgate|kmeans|trial_006,6,"{""max_iter"": 300, ""n_clusters"": 7, ""n_init"": 10}",0.8203768050648187,5,False,False,False
moderate_target,0.4,0.2,0.15,0.125,0.125,bellevue_150th_eastgate,kmeans,bellevue_150th_eastgate|kmeans|trial_007,7,"{""max_iter"": 300, ""n_clusters"": 8, ""n_init"": 10}",0.8768001686590554,3,False,False,False
moderate_target,0.4,0.2,0.15,0.125,0.125,bellevue_150th_eastgate,kmeans,bellevue_150th_eastgate|kmeans|trial_008,8,"{""max_iter"": 300, ""n_clusters"": 9, ""n_init"": 10}",0.9256997342910283,1,True,False,True
moderate_target,0.4,0.2,0.15,0.125,0.125,bellevue_150th_eastgate,kmeans,bellevue_150th_eastgate|kmeans|trial_009,9,"{""max_iter"": 300, ""n_clusters"": 10, ""n_init"": 10}",0.8825753574452564,2,False,False,False
moderate_target,0.4,0.2,0.15,0.125,0.125,bellevue_150th_eastgate,kmeans,bellevue_150th_eastgate|kmeans|trial_010,10,"{""max_iter"": 300, ""n_clusters"": 11, ""n_init"": 10}",0.8395285029261036,4,False,True,False
moderate_target,0.4,0.2,0.15,0.125,0.125,bellevue_150th_eastgate,kmeans,bellevue_150th_eastgate|kmeans|trial_011,11,"{""max_iter"": 300, ""n_clusters"": 12, ""n_init"": 10}",0.7901757191301813,6,False,False,False
moderate_target,0.4,0.2,0.15,0.125,0.125,bellevue_150th_eastgate,kmeans,bellevue_150th_eastgate|kmeans|trial_012,12,"{""max_iter"": 300, ""n_clusters"": 13, ""n_init"": 10}",0.7403991129936224,8,False,False,False
moderate_target,0.4,0.2,0.15,0.125,0.125,bellevue_150th_eastgate,kmeans,bellevue_150th_eastgate|kmeans|trial_013,13,"{""max_iter"": 300, ""n_clusters"": 14, ""n_init"": 10}",0.6974080894093978,10,False,False,False
moderate_target,0.4,0.2,0.15,0.125,0.125,bellevue_150th_eastgate,kmeans,bellevue_150th_eastgate|kmeans|trial_014,14,"{""max_iter"": 300, ""n_clusters"": 15, ""n_init"": 10}",0.6495271772721012,12,False,False,False
moderate_target,0.4,0.2,0.15,0.125,0.125,bellevue_150th_eastgate,kmeans,bellevue_150th_eastgate|kmeans|trial_015,15,"{""max_iter"": 300, ""n_clusters"": 16, ""n_init"": 10}",0.6033137219726853,14,False,False,False
moderate_target,0.4,0.2,0.15,0.125,0.125,bellevue_150th_eastgate,kmeans,bellevue_150th_eastgate|kmeans|trial_016,16,"{""max_iter"": 300, ""n_clusters"": 17, ""n_init"": 10}",0.5551703107458135,15,False,False,False
moderate_target,0.4,0.2,0.15,0.125,0.125,bellevue_150th_eastgate,kmeans,bellevue_150th_eastgate|kmeans|trial_017,17,"{""max_iter"": 300, ""n_clusters"": 18, ""n_init"": 10}",0.5143360280411038,16,False,False,False
moderate_target,0.4,0.2,0.15,0.125,0.125,bellevue_150th_eastgate,kmeans,bellevue_150th_eastgate|kmeans|trial_018,18,"{""max_iter"": 300, ""n_clusters"": 19, ""n_init"": 10}",0.5111935958068977,17,False,False,False
moderate_target,0.4,0.2,0.15,0.125,0.125,bellevue_150th_eastgate,kmeans,bellevue_150th_eastgate|kmeans|trial_019,19,"{""max_iter"": 300, ""n_clusters"": 20, ""n_init"": 10}",0.5107505170774537,18,False,False,False
moderate_target,0.4,0.2,0.15,0.125,0.125,bellevue_150th_eastgate,kmeans,bellevue_150th_eastgate|kmeans|trial_020,20,"{""max_iter"": 300, ""n_clusters"": 21, ""n_init"": 10}",0.50789005931613,20,False,False,False
moderate_target,0.4,0.2,0.15,0.125,0.125,bellevue_150th_eastgate,kmeans,bellevue_150th_eastgate|kmeans|trial_021,21,"{""max_iter"": 300, ""n_clusters"": 22, ""n_init"": 10}",0.5018732686509193,23,False,False,False
moderate_target,0.4,0.2,0.15,0.125,0.125,bellevue_150th_eastgate,kmeans,bellevue_150th_eastgate|kmeans|trial_022,22,"{""max_iter"": 300, ""n_clusters"": 23, ""n_init"": 10}",0.5082707730284985,19,False,False,False
moderate_target,0.4,0.2,0.15,0.125,0.125,bellevue_150th_eastgate,kmeans,bellevue_150th_eastgate|kmeans|trial_023,23,"{""max_iter"": 300, ""n_clusters"": 24, ""n_init"": 10}",0.5015735799568936,27,False,False,False
moderate_target,0.4,0.2,0.15,0.125,0.125,bellevue_150th_eastgate,kmeans,bellevue_150th_eastgate|kmeans|trial_024,24,"{""max_iter"": 300, ""n_clusters"": 25, ""n_init"": 10}",0.5025931469972483,22,False,False,False
moderate_target,0.4,0.2,0.15,0.125,0.125,bellevue_150th_eastgate,kmeans,bellevue_150th_eastgate|kmeans|trial_025,25,"{""max_iter"": 300, ""n_clusters"": 26, ""n_init"": 10}",0.5016349981235566,26,False,False,False
moderate_target,0.4,0.2,0.15,0.125,0.125,bellevue_150th_eastgate,kmeans,bellevue_150th_eastgate|kmeans|trial_026,26,"{""max_iter"": 300, ""n_clusters"": 27, ""n_init"": 10}",0.49983473991803895,29,False,False,False
moderate_target,0.4,0.2,0.15,0.125,0.125,bellevue_150th_eastgate,kmeans,bellevue_150th_eastgate|kmeans|trial_027,27,"{""max_iter"": 300, ""n_clusters"": 28, ""n_init"": 10}",0.5018512619049681,25,False,False,False
moderate_target,0.4,0.2,0.15,0.125,0.125,bellevue_150th_eastgate,kmeans,bellevue_150th_eastgate|kmeans|trial_028,28,"{""max_iter"": 300, ""n_clusters"": 29, ""n_init"": 10}",0.5026274663602427,21,False,False,False
moderate_target,0.4,0.2,0.15,0.125,0.125,bellevue_150th_eastgate,kmeans,bellevue_150th_eastgate|kmeans|trial_029,29,"{""max_iter"": 300, ""n_clusters"": 30, ""n_init"": 10}",0.5006931259627381,28,False,False,False
balanced_task_internal,0.3,0.2,0.15,0.175,0.175,bellevue_150th_eastgate,kmeans,bellevue_150th_eastgate|kmeans|trial_001,1,"{""max_iter"": 300, ""n_clusters"": 2, ""n_init"": 10}",0.5425205099742624,29,False,False,False
balanced_task_internal,0.3,0.2,0.15,0.175,0.175,bellevue_150th_eastgate,kmeans,bellevue_150th_eastgate|kmeans|trial_002,2,"{""max_iter"": 300, ""n_clusters"": 3, ""n_init"": 10}",0.645508794516215,14,False,False,False
balanced_task_internal,0.3,0.2,0.15,0.175,0.175,bellevue_150th_eastgate,kmeans,bellevue_150th_eastgate|kmeans|trial_003,3,"{""max_iter"": 300, ""n_clusters"": 4, ""n_init"": 10}",0.6912689246253917,12,False,False,False
balanced_task_internal,0.3,0.2,0.15,0.175,0.175,bellevue_150th_eastgate,kmeans,bellevue_150th_eastgate|kmeans|trial_004,4,"{""max_iter"": 300, ""n_clusters"": 5, ""n_init"": 10}",0.741024582995635,9,False,False,False
balanced_task_internal,0.3,0.2,0.15,0.175,0.175,bellevue_150th_eastgate,kmeans,bellevue_150th_eastgate|kmeans|trial_005,5,"{""max_iter"": 300, ""n_clusters"": 6, ""n_init"": 10}",0.7818078315457669,7,False,False,False
balanced_task_internal,0.3,0.2,0.15,0.175,0.175,bellevue_150th_eastgate,kmeans,bellevue_150th_eastgate|kmeans|trial_006,6,"{""max_iter"": 300, ""n_clusters"": 7, ""n_init"": 10}",0.8229950412843683,5,False,False,False
balanced_task_internal,0.3,0.2,0.15,0.175,0.175,bellevue_150th_eastgate,kmeans,bellevue_150th_eastgate|kmeans|trial_007,7,"{""max_iter"": 300, ""n_clusters"": 8, ""n_init"": 10}",0.8702362491464508,3,False,False,False
balanced_task_internal,0.3,0.2,0.15,0.175,0.175,bellevue_150th_eastgate,kmeans,bellevue_150th_eastgate|kmeans|trial_008,8,"{""max_iter"": 300, ""n_clusters"": 9, ""n_init"": 10}",0.9097537408037877,1,True,False,True
balanced_task_internal,0.3,0.2,0.15,0.175,0.175,bellevue_150th_eastgate,kmeans,bellevue_150th_eastgate|kmeans|trial_009,9,"{""max_iter"": 300, ""n_clusters"": 10, ""n_init"": 10}",0.878268502108596,2,False,False,False
balanced_task_internal,0.3,0.2,0.15,0.175,0.175,bellevue_150th_eastgate,kmeans,bellevue_150th_eastgate|kmeans|trial_010,10,"{""max_iter"": 300, ""n_clusters"": 11, ""n_init"": 10}",0.846891794670671,4,False,True,False
balanced_task_internal,0.3,0.2,0.15,0.175,0.175,bellevue_150th_eastgate,kmeans,bellevue_150th_eastgate|kmeans|trial_011,11,"{""max_iter"": 300, ""n_clusters"": 12, ""n_init"": 10}",0.8066867862452685,6,False,False,False
balanced_task_internal,0.3,0.2,0.15,0.175,0.175,bellevue_150th_eastgate,kmeans,bellevue_150th_eastgate|kmeans|trial_012,12,"{""max_iter"": 300, ""n_clusters"": 13, ""n_init"": 10}",0.765888426542975,8,False,False,False
balanced_task_internal,0.3,0.2,0.15,0.175,0.175,bellevue_150th_eastgate,kmeans,bellevue_150th_eastgate|kmeans|trial_013,13,"{""max_iter"": 300, ""n_clusters"": 14, ""n_init"": 10}",0.7303136344386881,10,False,False,False
balanced_task_internal,0.3,0.2,0.15,0.175,0.175,bellevue_150th_eastgate,kmeans,bellevue_150th_eastgate|kmeans|trial_014,14,"{""max_iter"": 300, ""n_clusters"": 15, ""n_init"": 10}",0.6921604111122723,11,False,False,False
balanced_task_internal,0.3,0.2,0.15,0.175,0.175,bellevue_150th_eastgate,kmeans,bellevue_150th_eastgate|kmeans|trial_015,15,"{""max_iter"": 300, ""n_clusters"": 16, ""n_init"": 10}",0.6563327921358002,13,False,False,False
balanced_task_internal,0.3,0.2,0.15,0.175,0.175,bellevue_150th_eastgate,kmeans,bellevue_150th_eastgate|kmeans|trial_016,16,"{""max_iter"": 300, ""n_clusters"": 17, ""n_init"": 10}",0.6178297405301579,15,False,False,False
balanced_task_internal,0.3,0.2,0.15,0.175,0.175,bellevue_150th_eastgate,kmeans,bellevue_150th_eastgate|kmeans|trial_017,17,"{""max_iter"": 300, ""n_clusters"": 18, ""n_init"": 10}",0.5885875943157104,16,False,False,False
balanced_task_internal,0.3,0.2,0.15,0.175,0.175,bellevue_150th_eastgate,kmeans,bellevue_150th_eastgate|kmeans|trial_018,18,"{""max_iter"": 300, ""n_clusters"": 19, ""n_init"": 10}",0.5841793539647326,17,False,False,False
balanced_task_internal,0.3,0.2,0.15,0.175,0.175,bellevue_150th_eastgate,kmeans,bellevue_150th_eastgate|kmeans|trial_019,19,"{""max_iter"": 300, ""n_clusters"": 20, ""n_init"": 10}",0.5835678789666002,18,False,False,False
balanced_task_internal,0.3,0.2,0.15,0.175,0.175,bellevue_150th_eastgate,kmeans,bellevue_150th_eastgate|kmeans|trial_020,20,"{""max_iter"": 300, ""n_clusters"": 21, ""n_init"": 10}",0.5795544028776578,20,False,False,False
balanced_task_internal,0.3,0.2,0.15,0.175,0.175,bellevue_150th_eastgate,kmeans,bellevue_150th_eastgate|kmeans|trial_021,21,"{""max_iter"": 300, ""n_clusters"": 22, ""n_init"": 10}",0.5707598165766088,23,False,False,False
balanced_task_internal,0.3,0.2,0.15,0.175,0.175,bellevue_150th_eastgate,kmeans,bellevue_150th_eastgate|kmeans|trial_022,22,"{""max_iter"": 300, ""n_clusters"": 23, ""n_init"": 10}",0.5800874020749739,19,False,False,False
balanced_task_internal,0.3,0.2,0.15,0.175,0.175,bellevue_150th_eastgate,kmeans,bellevue_150th_eastgate|kmeans|trial_023,23,"{""max_iter"": 300, ""n_clusters"": 24, ""n_init"": 10}",0.5707113317747269,24,False,False,False
balanced_task_internal,0.3,0.2,0.15,0.175,0.175,bellevue_150th_eastgate,kmeans,bellevue_150th_eastgate|kmeans|trial_024,24,"{""max_iter"": 300, ""n_clusters"": 25, ""n_init"": 10}",0.5721475608543127,21,False,False,False
balanced_task_internal,0.3,0.2,0.15,0.175,0.175,bellevue_150th_eastgate,kmeans,bellevue_150th_eastgate|kmeans|trial_025,25,"{""max_iter"": 300, ""n_clusters"": 26, ""n_init"": 10}",0.5707973172080552,22,False,False,False
balanced_task_internal,0.3,0.2,0.15,0.175,0.175,bellevue_150th_eastgate,kmeans,bellevue_150th_eastgate|kmeans|trial_026,26,"{""max_iter"": 300, ""n_clusters"": 27, ""n_init"": 10}",0.5682857909434197,27,False,False,False
balanced_task_internal,0.3,0.2,0.15,0.175,0.175,bellevue_150th_eastgate,kmeans,bellevue_150th_eastgate|kmeans|trial_027,27,"{""max_iter"": 300, ""n_clusters"": 28, ""n_init"": 10}",0.5692977009917971,26,False,False,False
balanced_task_internal,0.3,0.2,0.15,0.175,0.175,bellevue_150th_eastgate,kmeans,bellevue_150th_eastgate|kmeans|trial_028,28,"{""max_iter"": 300, ""n_clusters"": 29, ""n_init"": 10}",0.5702871997751984,25,False,False,False
balanced_task_internal,0.3,0.2,0.15,0.175,0.175,bellevue_150th_eastgate,kmeans,bellevue_150th_eastgate|kmeans|trial_029,29,"{""max_iter"": 300, ""n_clusters"": 30, ""n_init"": 10}",0.5673140665260102,28,False,False,False
equal_weights,0.2,0.2,0.2,0.2,0.2,bellevue_150th_eastgate,kmeans,bellevue_150th_eastgate|kmeans|trial_001,1,"{""max_iter"": 300, ""n_clusters"": 2, ""n_init"": 10}",0.5703250763567457,29,False,False,False
equal_weights,0.2,0.2,0.2,0.2,0.2,bellevue_150th_eastgate,kmeans,bellevue_150th_eastgate|kmeans|trial_002,2,"{""max_iter"": 300, ""n_clusters"": 3, ""n_init"": 10}",0.6794861922672921,15,False,False,False
equal_weights,0.2,0.2,0.2,0.2,0.2,bellevue_150th_eastgate,kmeans,bellevue_150th_eastgate|kmeans|trial_003,3,"{""max_iter"": 300, ""n_clusters"": 4, ""n_init"": 10}",0.7159104679476209,12,False,False,False
equal_weights,0.2,0.2,0.2,0.2,0.2,bellevue_150th_eastgate,kmeans,bellevue_150th_eastgate|kmeans|trial_004,4,"{""max_iter"": 300, ""n_clusters"": 5, ""n_init"": 10}",0.7593286443656327,10,False,False,False
equal_weights,0.2,0.2,0.2,0.2,0.2,bellevue_150th_eastgate,kmeans,bellevue_150th_eastgate|kmeans|trial_005,5,"{""max_iter"": 300, ""n_clusters"": 6, ""n_init"": 10}",0.7900650554070534,7,False,False,False
equal_weights,0.2,0.2,0.2,0.2,0.2,bellevue_150th_eastgate,kmeans,bellevue_150th_eastgate|kmeans|trial_006,6,"{""max_iter"": 300, ""n_clusters"": 7, ""n_init"": 10}",0.821507156825384,5,False,False,False
equal_weights,0.2,0.2,0.2,0.2,0.2,bellevue_150th_eastgate,kmeans,bellevue_150th_eastgate|kmeans|trial_007,7,"{""max_iter"": 300, ""n_clusters"": 8, ""n_init"": 10}",0.8609872414999673,3,False,False,False
equal_weights,0.2,0.2,0.2,0.2,0.2,bellevue_150th_eastgate,kmeans,bellevue_150th_eastgate|kmeans|trial_008,8,"{""max_iter"": 300, ""n_clusters"": 9, ""n_init"": 10}",0.8903023167298774,1,True,False,True
equal_weights,0.2,0.2,0.2,0.2,0.2,bellevue_150th_eastgate,kmeans,bellevue_150th_eastgate|kmeans|trial_009,9,"{""max_iter"": 300, ""n_clusters"": 10, ""n_init"": 10}",0.8701922026655313,2,False,False,False
equal_weights,0.2,0.2,0.2,0.2,0.2,bellevue_150th_eastgate,kmeans,bellevue_150th_eastgate|kmeans|trial_010,10,"{""max_iter"": 300, ""n_clusters"": 11, ""n_init"": 10}",0.8502061243237757,4,False,True,False
equal_weights,0.2,0.2,0.2,0.2,0.2,bellevue_150th_eastgate,kmeans,bellevue_150th_eastgate|kmeans|trial_011,11,"{""max_iter"": 300, ""n_clusters"": 12, ""n_init"": 10}",0.8201305591391888,6,False,False,False
equal_weights,0.2,0.2,0.2,0.2,0.2,bellevue_150th_eastgate,kmeans,bellevue_150th_eastgate|kmeans|trial_012,12,"{""max_iter"": 300, ""n_clusters"": 13, ""n_init"": 10}",0.7893768782095834,8,False,False,False
equal_weights,0.2,0.2,0.2,0.2,0.2,bellevue_150th_eastgate,kmeans,bellevue_150th_eastgate|kmeans|trial_013,13,"{""max_iter"": 300, ""n_clusters"": 14, ""n_init"": 10}",0.7666292973802054,9,False,False,False
equal_weights,0.2,0.2,0.2,0.2,0.2,bellevue_150th_eastgate,kmeans,bellevue_150th_eastgate|kmeans|trial_014,14,"{""max_iter"": 300, ""n_clusters"": 15, ""n_init"": 10}",0.7389028367006936,11,False,False,False
equal_weights,0.2,0.2,0.2,0.2,0.2,bellevue_150th_eastgate,kmeans,bellevue_150th_eastgate|kmeans|trial_015,15,"{""max_iter"": 300, ""n_clusters"": 16, ""n_init"": 10}",0.7138384168130645,13,False,False,False
equal_weights,0.2,0.2,0.2,0.2,0.2,bellevue_150th_eastgate,kmeans,bellevue_150th_eastgate|kmeans|trial_016,16,"{""max_iter"": 300, ""n_clusters"": 17, ""n_init"": 10}",0.6857037378876847,14,False,False,False
equal_weights,0.2,0.2,0.2,0.2,0.2,bellevue_150th_eastgate,kmeans,bellevue_150th_eastgate|kmeans|trial_017,17,"{""max_iter"": 300, ""n_clusters"": 18, ""n_init"": 10}",0.6686157482378762,16,False,False,False
equal_weights,0.2,0.2,0.2,0.2,0.2,bellevue_150th_eastgate,kmeans,bellevue_150th_eastgate|kmeans|trial_018,18,"{""max_iter"": 300, ""n_clusters"": 19, ""n_init"": 10}",0.6635819665144204,17,False,False,False
equal_weights,0.2,0.2,0.2,0.2,0.2,bellevue_150th_eastgate,kmeans,bellevue_150th_eastgate|kmeans|trial_019,19,"{""max_iter"": 300, ""n_clusters"": 20, ""n_init"": 10}",0.6628789306960359,18,False,False,False
equal_weights,0.2,0.2,0.2,0.2,0.2,bellevue_150th_eastgate,kmeans,bellevue_150th_eastgate|kmeans|trial_020,20,"{""max_iter"": 300, ""n_clusters"": 21, ""n_init"": 10}",0.6582963081291919,20,False,False,False
equal_weights,0.2,0.2,0.2,0.2,0.2,bellevue_150th_eastgate,kmeans,bellevue_150th_eastgate|kmeans|trial_021,21,"{""max_iter"": 300, ""n_clusters"": 22, ""n_init"": 10}",0.6484220568183521,23,False,False,False
equal_weights,0.2,0.2,0.2,0.2,0.2,bellevue_150th_eastgate,kmeans,bellevue_150th_eastgate|kmeans|trial_022,22,"{""max_iter"": 300, ""n_clusters"": 23, ""n_init"": 10}",0.6589054500689817,19,False,False,False
equal_weights,0.2,0.2,0.2,0.2,0.2,bellevue_150th_eastgate,kmeans,bellevue_150th_eastgate|kmeans|trial_023,23,"{""max_iter"": 300, ""n_clusters"": 24, ""n_init"": 10}",0.6481899411544136,25,False,False,False
equal_weights,0.2,0.2,0.2,0.2,0.2,bellevue_150th_eastgate,kmeans,bellevue_150th_eastgate|kmeans|trial_024,24,"{""max_iter"": 300, ""n_clusters"": 25, ""n_init"": 10}",0.6498271385677075,21,False,False,False
equal_weights,0.2,0.2,0.2,0.2,0.2,bellevue_150th_eastgate,kmeans,bellevue_150th_eastgate|kmeans|trial_025,25,"{""max_iter"": 300, ""n_clusters"": 26, ""n_init"": 10}",0.6482882102210745,24,False,False,False
equal_weights,0.2,0.2,0.2,0.2,0.2,bellevue_150th_eastgate,kmeans,bellevue_150th_eastgate|kmeans|trial_026,26,"{""max_iter"": 300, ""n_clusters"": 27, ""n_init"": 10}",0.6454136872409724,27,False,False,False
equal_weights,0.2,0.2,0.2,0.2,0.2,bellevue_150th_eastgate,kmeans,bellevue_150th_eastgate|kmeans|trial_027,27,"{""max_iter"": 300, ""n_clusters"": 28, ""n_init"": 10}",0.6474326419311769,26,False,False,False
equal_weights,0.2,0.2,0.2,0.2,0.2,bellevue_150th_eastgate,kmeans,bellevue_150th_eastgate|kmeans|trial_028,28,"{""max_iter"": 300, ""n_clusters"": 29, ""n_init"": 10}",0.6486097774236274,22,False,False,False
equal_weights,0.2,0.2,0.2,0.2,0.2,bellevue_150th_eastgate,kmeans,bellevue_150th_eastgate|kmeans|trial_029,29,"{""max_iter"": 300, ""n_clusters"": 30, ""n_init"": 10}",0.6453381283258323,28,False,False,False
target_heavy,0.6,0.15,0.1,0.075,0.075,bellevue_150th_eastgate,kmeans,bellevue_150th_eastgate|kmeans|trial_001,1,"{""max_iter"": 300, ""n_clusters"": 2, ""n_init"": 10}",0.41483027991611404,15,False,False,False
target_heavy,0.6,0.15,0.1,0.075,0.075,bellevue_150th_eastgate,kmeans,bellevue_150th_eastgate|kmeans|trial_002,2,"{""max_iter"": 300, ""n_clusters"": 3, ""n_init"": 10}",0.5205156124845668,13,False,False,False
target_heavy,0.6,0.15,0.1,0.075,0.075,bellevue_150th_eastgate,kmeans,bellevue_150th_eastgate|kmeans|trial_003,3,"{""max_iter"": 300, ""n_clusters"": 4, ""n_init"": 10}",0.5925080491980234,11,False,False,False
target_heavy,0.6,0.15,0.1,0.075,0.075,bellevue_150th_eastgate,kmeans,bellevue_150th_eastgate|kmeans|trial_004,4,"{""max_iter"": 300, ""n_clusters"": 5, ""n_init"": 10}",0.669247333572517,9,False,False,False
target_heavy,0.6,0.15,0.1,0.075,0.075,bellevue_150th_eastgate,kmeans,bellevue_150th_eastgate|kmeans|trial_005,5,"{""max_iter"": 300, ""n_clusters"": 6, ""n_init"": 10}",0.739106821046383,7,False,False,False
target_heavy,0.6,0.15,0.1,0.075,0.075,bellevue_150th_eastgate,kmeans,bellevue_150th_eastgate|kmeans|trial_006,6,"{""max_iter"": 300, ""n_clusters"": 7, ""n_init"": 10}",0.8094444603029172,5,False,False,False
target_heavy,0.6,0.15,0.1,0.075,0.075,bellevue_150th_eastgate,kmeans,bellevue_150th_eastgate|kmeans|trial_007,7,"{""max_iter"": 300, ""n_clusters"": 8, ""n_init"": 10}",0.8837755805062859,3,False,False,False
target_heavy,0.6,0.15,0.1,0.075,0.075,bellevue_150th_eastgate,kmeans,bellevue_150th_eastgate|kmeans|trial_008,8,"{""max_iter"": 300, ""n_clusters"": 9, ""n_init"": 10}",0.9531241551085589,1,True,False,True
target_heavy,0.6,0.15,0.1,0.075,0.075,bellevue_150th_eastgate,kmeans,bellevue_150th_eastgate|kmeans|trial_009,9,"{""max_iter"": 300, ""n_clusters"": 10, ""n_init"": 10}",0.8872495290010959,2,False,False,False
target_heavy,0.6,0.15,0.1,0.075,0.075,bellevue_150th_eastgate,kmeans,bellevue_150th_eastgate|kmeans|trial_010,10,"{""max_iter"": 300, ""n_clusters"": 11, ""n_init"": 10}",0.8214214162896041,4,False,True,False
target_heavy,0.6,0.15,0.1,0.075,0.075,bellevue_150th_eastgate,kmeans,bellevue_150th_eastgate|kmeans|trial_011,11,"{""max_iter"": 300, ""n_clusters"": 12, ""n_init"": 10}",0.7518097460120508,6,False,False,False
target_heavy,0.6,0.15,0.1,0.075,0.075,bellevue_150th_eastgate,kmeans,bellevue_150th_eastgate|kmeans|trial_012,12,"{""max_iter"": 300, ""n_clusters"": 13, ""n_init"": 10}",0.6819437823301153,8,False,False,False
target_heavy,0.6,0.15,0.1,0.075,0.075,bellevue_150th_eastgate,kmeans,bellevue_150th_eastgate|kmeans|trial_013,13,"{""max_iter"": 300, ""n_clusters"": 14, ""n_init"": 10}",0.6168618761754575,10,False,False,False
target_heavy,0.6,0.15,0.1,0.075,0.075,bellevue_150th_eastgate,kmeans,bellevue_150th_eastgate|kmeans|trial_014,14,"{""max_iter"": 300, ""n_clusters"": 15, ""n_init"": 10}",0.5481348014302612,12,False,False,False
target_heavy,0.6,0.15,0.1,0.075,0.075,bellevue_150th_eastgate,kmeans,bellevue_150th_eastgate|kmeans|trial_015,15,"{""max_iter"": 300, ""n_clusters"": 16, ""n_init"": 10}",0.4804096733249747,14,False,False,False
target_heavy,0.6,0.15,0.1,0.075,0.075,bellevue_150th_eastgate,kmeans,bellevue_150th_eastgate|kmeans|trial_016,16,"{""max_iter"": 300, ""n_clusters"": 17, ""n_init"": 10}",0.41152215405167014,16,False,False,False
target_heavy,0.6,0.15,0.1,0.075,0.075,bellevue_150th_eastgate,kmeans,bellevue_150th_eastgate|kmeans|trial_017,17,"{""max_iter"": 300, ""n_clusters"": 18, ""n_init"": 10}",0.3471820909816347,17,False,False,False
target_heavy,0.6,0.15,0.1,0.075,0.075,bellevue_150th_eastgate,kmeans,bellevue_150th_eastgate|kmeans|trial_018,18,"{""max_iter"": 300, ""n_clusters"": 19, ""n_init"": 10}",0.34529810417829265,18,False,False,False
target_heavy,0.6,0.15,0.1,0.075,0.075,bellevue_150th_eastgate,kmeans,bellevue_150th_eastgate|kmeans|trial_019,19,"{""max_iter"": 300, ""n_clusters"": 20, ""n_init"": 10}",0.34503078440344465,19,False,False,False
target_heavy,0.6,0.15,0.1,0.075,0.075,bellevue_150th_eastgate,kmeans,bellevue_150th_eastgate|kmeans|trial_020,20,"{""max_iter"": 300, ""n_clusters"": 21, ""n_init"": 10}",0.34331598228383203,21,False,False,False
target_heavy,0.6,0.15,0.1,0.075,0.075,bellevue_150th_eastgate,kmeans,bellevue_150th_eastgate|kmeans|trial_021,21,"{""max_iter"": 300, ""n_clusters"": 22, ""n_init"": 10}",0.3397677544463313,25,False,False,False
target_heavy,0.6,0.15,0.1,0.075,0.075,bellevue_150th_eastgate,kmeans,bellevue_150th_eastgate|kmeans|trial_022,22,"{""max_iter"": 300, ""n_clusters"": 23, ""n_init"": 10}",0.3435444105112532,20,False,False,False
target_heavy,0.6,0.15,0.1,0.075,0.075,bellevue_150th_eastgate,kmeans,bellevue_150th_eastgate|kmeans|trial_023,23,"{""max_iter"": 300, ""n_clusters"": 24, ""n_init"": 10}",0.33952609466829015,27,False,False,False
target_heavy,0.6,0.15,0.1,0.075,0.075,bellevue_150th_eastgate,kmeans,bellevue_150th_eastgate|kmeans|trial_024,24,"{""max_iter"": 300, ""n_clusters"": 25, ""n_init"": 10}",0.3401363623553214,23,False,False,False
target_heavy,0.6,0.15,0.1,0.075,0.075,bellevue_150th_eastgate,kmeans,bellevue_150th_eastgate|kmeans|trial_025,25,"{""max_iter"": 300, ""n_clusters"": 26, ""n_init"": 10}",0.33956294556828803,26,False,False,False
target_heavy,0.6,0.15,0.1,0.075,0.075,bellevue_150th_eastgate,kmeans,bellevue_150th_eastgate|kmeans|trial_026,26,"{""max_iter"": 300, ""n_clusters"": 27, ""n_init"": 10}",0.3384813181077958,29,False,False,False
target_heavy,0.6,0.15,0.1,0.075,0.075,bellevue_150th_eastgate,kmeans,bellevue_150th_eastgate|kmeans|trial_027,27,"{""max_iter"": 300, ""n_clusters"": 28, ""n_init"": 10}",0.33999310142217387,24,False,False,False
target_heavy,0.6,0.15,0.1,0.075,0.075,bellevue_150th_eastgate,kmeans,bellevue_150th_eastgate|kmeans|trial_028,28,"{""max_iter"": 300, ""n_clusters"": 29, ""n_init"": 10}",0.3404750220043359,22,False,False,False
target_heavy,0.6,0.15,0.1,0.075,0.075,bellevue_150th_eastgate,kmeans,bellevue_150th_eastgate|kmeans|trial_029,29,"{""max_iter"": 300, ""n_clusters"": 30, ""n_init"": 10}",0.33935859388128,28,False,False,False
outlier_heavy,0.35,0.35,0.1,0.1,0.1,bellevue_150th_eastgate,kmeans,bellevue_150th_eastgate|kmeans|trial_001,1,"{""max_iter"": 300, ""n_clusters"": 2, ""n_init"": 10}",0.5907180937339284,16,False,False,False
outlier_heavy,0.35,0.35,0.1,0.1,0.1,bellevue_150th_eastgate,kmeans,bellevue_150th_eastgate|kmeans|trial_002,2,"{""max_iter"": 300, ""n_clusters"": 3, ""n_init"": 10}",0.6730764294669793,13,False,False,False
outlier_heavy,0.35,0.35,0.1,0.1,0.1,bellevue_150th_eastgate,kmeans,bellevue_150th_eastgate|kmeans|trial_003,3,"{""max_iter"": 300, ""n_clusters"": 4, ""n_init"": 10}",0.7190663450849215,11,False,False,False
outlier_heavy,0.35,0.35,0.1,0.1,0.1,bellevue_150th_eastgate,kmeans,bellevue_150th_eastgate|kmeans|trial_004,4,"{""max_iter"": 300, ""n_clusters"": 5, ""n_init"": 10}",0.7685532110717052,9,False,False,False
outlier_heavy,0.35,0.35,0.1,0.1,0.1,bellevue_150th_eastgate,kmeans,bellevue_150th_eastgate|kmeans|trial_005,5,"{""max_iter"": 300, ""n_clusters"": 6, ""n_init"": 10}",0.8116991943701932,7,False,False,False
outlier_heavy,0.35,0.35,0.1,0.1,0.1,bellevue_150th_eastgate,kmeans,bellevue_150th_eastgate|kmeans|trial_006,6,"{""max_iter"": 300, ""n_clusters"": 7, ""n_init"": 10}",0.8551980228571363,5,False,False,False
outlier_heavy,0.35,0.35,0.1,0.1,0.1,bellevue_150th_eastgate,kmeans,bellevue_150th_eastgate|kmeans|trial_007,7,"{""max_iter"": 300, ""n_clusters"": 8, ""n_init"": 10}",0.9027158429722058,3,False,False,False
outlier_heavy,0.35,0.35,0.1,0.1,0.1,bellevue_150th_eastgate,kmeans,bellevue_150th_eastgate|kmeans|trial_008,8,"{""max_iter"": 300, ""n_clusters"": 9, ""n_init"": 10}",0.9451511583649386,1,True,False,True
outlier_heavy,0.35,0.35,0.1,0.1,0.1,bellevue_150th_eastgate,kmeans,bellevue_150th_eastgate|kmeans|trial_009,9,"{""max_iter"": 300, ""n_clusters"": 10, ""n_init"": 10}",0.9073183235549878,2,False,False,False
outlier_heavy,0.35,0.35,0.1,0.1,0.1,bellevue_150th_eastgate,kmeans,bellevue_150th_eastgate|kmeans|trial_010,10,"{""max_iter"": 300, ""n_clusters"": 11, ""n_init"": 10}",0.8695475066063323,4,False,True,False
outlier_heavy,0.35,0.35,0.1,0.1,0.1,bellevue_150th_eastgate,kmeans,bellevue_150th_eastgate|kmeans|trial_011,11,"{""max_iter"": 300, ""n_clusters"": 12, ""n_init"": 10}",0.826731946236261,6,False,False,False
outlier_heavy,0.35,0.35,0.1,0.1,0.1,bellevue_150th_eastgate,kmeans,bellevue_150th_eastgate|kmeans|trial_012,12,"{""max_iter"": 300, ""n_clusters"": 13, ""n_init"": 10}",0.7835773279936806,8,False,False,False
outlier_heavy,0.35,0.35,0.1,0.1,0.1,bellevue_150th_eastgate,kmeans,bellevue_150th_eastgate|kmeans|trial_013,13,"{""max_iter"": 300, ""n_clusters"": 14, ""n_init"": 10}",0.7444257598012137,10,False,False,False
outlier_heavy,0.35,0.35,0.1,0.1,0.1,bellevue_150th_eastgate,kmeans,bellevue_150th_eastgate|kmeans|trial_014,14,"{""max_iter"": 300, ""n_clusters"": 15, ""n_init"": 10}",0.70278475168368,12,False,False,False
outlier_heavy,0.35,0.35,0.1,0.1,0.1,bellevue_150th_eastgate,kmeans,bellevue_150th_eastgate|kmeans|trial_015,15,"{""max_iter"": 300, ""n_clusters"": 16, ""n_init"": 10}",0.6624747639620877,14,False,False,False
outlier_heavy,0.35,0.35,0.1,0.1,0.1,bellevue_150th_eastgate,kmeans,bellevue_150th_eastgate|kmeans|trial_016,16,"{""max_iter"": 300, ""n_clusters"": 17, ""n_init"": 10}",0.6206296467216201,15,False,False,False
outlier_heavy,0.35,0.35,0.1,0.1,0.1,bellevue_150th_eastgate,kmeans,bellevue_150th_eastgate|kmeans|trial_017,17,"{""max_iter"": 300, ""n_clusters"": 18, ""n_init"": 10}",0.5843078741189379,17,False,False,False
outlier_heavy,0.35,0.35,0.1,0.1,0.1,bellevue_150th_eastgate,kmeans,bellevue_150th_eastgate|kmeans|trial_018,18,"{""max_iter"": 300, ""n_clusters"": 19, ""n_init"": 10}",0.5817909832572101,18,False,False,False
outlier_heavy,0.35,0.35,0.1,0.1,0.1,bellevue_150th_eastgate,kmeans,bellevue_150th_eastgate|kmeans|trial_019,19,"{""max_iter"": 300, ""n_clusters"": 20, ""n_init"": 10}",0.5814394653480179,19,False,False,False
outlier_heavy,0.35,0.35,0.1,0.1,0.1,bellevue_150th_eastgate,kmeans,bellevue_150th_eastgate|kmeans|trial_020,20,"{""max_iter"": 300, ""n_clusters"": 21, ""n_init"": 10}",0.579148154064596,21,False,False,False
outlier_heavy,0.35,0.35,0.1,0.1,0.1,bellevue_150th_eastgate,kmeans,bellevue_150th_eastgate|kmeans|trial_021,21,"{""max_iter"": 300, ""n_clusters"": 22, ""n_init"": 10}",0.574211028409176,24,False,False,False
outlier_heavy,0.35,0.35,0.1,0.1,0.1,bellevue_150th_eastgate,kmeans,bellevue_150th_eastgate|kmeans|trial_022,22,"{""max_iter"": 300, ""n_clusters"": 23, ""n_init"": 10}",0.5794527250344907,20,False,False,False
outlier_heavy,0.35,0.35,0.1,0.1,0.1,bellevue_150th_eastgate,kmeans,bellevue_150th_eastgate|kmeans|trial_023,23,"{""max_iter"": 300, ""n_clusters"": 24, ""n_init"": 10}",0.5740949705772067,26,False,False,False
outlier_heavy,0.35,0.35,0.1,0.1,0.1,bellevue_150th_eastgate,kmeans,bellevue_150th_eastgate|kmeans|trial_024,24,"{""max_iter"": 300, ""n_clusters"": 25, ""n_init"": 10}",0.5749135692838537,22,False,False,False
outlier_heavy,0.35,0.35,0.1,0.1,0.1,bellevue_150th_eastgate,kmeans,bellevue_150th_eastgate|kmeans|trial_025,25,"{""max_iter"": 300, ""n_clusters"": 26, ""n_init"": 10}",0.5741441051105373,25,False,False,False
outlier_heavy,0.35,0.35,0.1,0.1,0.1,bellevue_150th_eastgate,kmeans,bellevue_150th_eastgate|kmeans|trial_026,26,"{""max_iter"": 300, ""n_clusters"": 27, ""n_init"": 10}",0.5727068436204862,28,False,False,False
outlier_heavy,0.35,0.35,0.1,0.1,0.1,bellevue_150th_eastgate,kmeans,bellevue_150th_eastgate|kmeans|trial_027,27,"{""max_iter"": 300, ""n_clusters"": 28, ""n_init"": 10}",0.5737163209655884,27,False,False,False
outlier_heavy,0.35,0.35,0.1,0.1,0.1,bellevue_150th_eastgate,kmeans,bellevue_150th_eastgate|kmeans|trial_028,28,"{""max_iter"": 300, ""n_clusters"": 29, ""n_init"": 10}",0.5743048887118137,23,False,False,False
outlier_heavy,0.35,0.35,0.1,0.1,0.1,bellevue_150th_eastgate,kmeans,bellevue_150th_eastgate|kmeans|trial_029,29,"{""max_iter"": 300, ""n_clusters"": 30, ""n_init"": 10}",0.5726690641629162,29,False,False,False
original,0.5,0.2,0.1,0.1,0.1,bellevue_150th_eastgate,optics,bellevue_150th_eastgate|optics|trial_001,1,"{""max_eps"": 0.008633872024647457, ""min_samples"": 40, ""xi"": 0.05}",0.800741479983818,6,False,False,False
original,0.5,0.2,0.1,0.1,0.1,bellevue_150th_eastgate,optics,bellevue_150th_eastgate|optics|trial_002,2,"{""max_eps"": 0.013009795194133568, ""min_samples"": 40, ""xi"": 0.05}",0.5771995923550368,16,False,False,False
original,0.5,0.2,0.1,0.1,0.1,bellevue_150th_eastgate,optics,bellevue_150th_eastgate|optics|trial_003,3,"{""max_eps"": 0.022171253230168272, ""min_samples"": 40, ""xi"": 0.05}",0.7003018103120854,14,False,False,False
original,0.5,0.2,0.1,0.1,0.1,bellevue_150th_eastgate,optics,bellevue_150th_eastgate|optics|trial_004,4,"{""max_eps"": 0.0391223809812431, ""min_samples"": 40, ""xi"": 0.05}",0.7048086751020434,12,False,False,False
original,0.5,0.2,0.1,0.1,0.1,bellevue_150th_eastgate,optics,bellevue_150th_eastgate|optics|trial_005,5,"{""max_eps"": 0.008633872024647457, ""min_samples"": 40, ""xi"": 0.07}",0.8010517037697853,5,False,False,False
original,0.5,0.2,0.1,0.1,0.1,bellevue_150th_eastgate,optics,bellevue_150th_eastgate|optics|trial_006,6,"{""max_eps"": 0.013009795194133568, ""min_samples"": 40, ""xi"": 0.07}",0.5956505854397548,15,False,False,False
original,0.5,0.2,0.1,0.1,0.1,bellevue_150th_eastgate,optics,bellevue_150th_eastgate|optics|trial_007,7,"{""max_eps"": 0.022171253230168272, ""min_samples"": 40, ""xi"": 0.07}",0.7297865807002863,9,False,False,False
original,0.5,0.2,0.1,0.1,0.1,bellevue_150th_eastgate,optics,bellevue_150th_eastgate|optics|trial_008,8,"{""max_eps"": 0.0391223809812431, ""min_samples"": 40, ""xi"": 0.07}",0.755547240750957,7,False,True,False
original,0.5,0.2,0.1,0.1,0.1,bellevue_150th_eastgate,optics,bellevue_150th_eastgate|optics|trial_009,9,"{""max_eps"": 0.008633872024647457, ""min_samples"": 80, ""xi"": 0.05}",0.7203891283080718,10,False,False,False
original,0.5,0.2,0.1,0.1,0.1,bellevue_150th_eastgate,optics,bellevue_150th_eastgate|optics|trial_010,10,"{""max_eps"": 0.013009795194133568, ""min_samples"": 80, ""xi"": 0.05}",0.810530092691439,3,False,False,False
original,0.5,0.2,0.1,0.1,0.1,bellevue_150th_eastgate,optics,bellevue_150th_eastgate|optics|trial_011,11,"{""max_eps"": 0.022171253230168272, ""min_samples"": 80, ""xi"": 0.05}",0.8037784186213733,4,False,False,False
original,0.5,0.2,0.1,0.1,0.1,bellevue_150th_eastgate,optics,bellevue_150th_eastgate|optics|trial_012,12,"{""max_eps"": 0.0391223809812431, ""min_samples"": 80, ""xi"": 0.05}",0.7045066201689713,13,False,False,False
original,0.5,0.2,0.1,0.1,0.1,bellevue_150th_eastgate,optics,bellevue_150th_eastgate|optics|trial_013,13,"{""max_eps"": 0.008633872024647457, ""min_samples"": 80, ""xi"": 0.07}",0.7203891283080718,11,False,False,False
original,0.5,0.2,0.1,0.1,0.1,bellevue_150th_eastgate,optics,bellevue_150th_eastgate|optics|trial_014,14,"{""max_eps"": 0.013009795194133568, ""min_samples"": 80, ""xi"": 0.07}",0.8124165974528866,2,False,False,False
original,0.5,0.2,0.1,0.1,0.1,bellevue_150th_eastgate,optics,bellevue_150th_eastgate|optics|trial_015,15,"{""max_eps"": 0.022171253230168272, ""min_samples"": 80, ""xi"": 0.07}",0.8522772465309955,1,True,False,True
original,0.5,0.2,0.1,0.1,0.1,bellevue_150th_eastgate,optics,bellevue_150th_eastgate|optics|trial_016,16,"{""max_eps"": 0.0391223809812431, ""min_samples"": 80, ""xi"": 0.07}",0.751935950181778,8,False,False,False
reviewer_example,0.4,0.3,0.1,0.1,0.1,bellevue_150th_eastgate,optics,bellevue_150th_eastgate|optics|trial_001,1,"{""max_eps"": 0.008633872024647457, ""min_samples"": 40, ""xi"": 0.05}",0.7667340518518132,7,False,False,False
reviewer_example,0.4,0.3,0.1,0.1,0.1,bellevue_150th_eastgate,optics,bellevue_150th_eastgate|optics|trial_002,2,"{""max_eps"": 0.013009795194133568, ""min_samples"": 40, ""xi"": 0.05}",0.5904638800560789,16,False,False,False
reviewer_example,0.4,0.3,0.1,0.1,0.1,bellevue_150th_eastgate,optics,bellevue_150th_eastgate|optics|trial_003,3,"{""max_eps"": 0.022171253230168272, ""min_samples"": 40, ""xi"": 0.05}",0.6954522545274685,12,False,False,False
reviewer_example,0.4,0.3,0.1,0.1,0.1,bellevue_150th_eastgate,optics,bellevue_150th_eastgate|optics|trial_004,4,"{""max_eps"": 0.0391223809812431, ""min_samples"": 40, ""xi"": 0.05}",0.7030514473987105,11,False,False,False
reviewer_example,0.4,0.3,0.1,0.1,0.1,bellevue_150th_eastgate,optics,bellevue_150th_eastgate|optics|trial_005,5,"{""max_eps"": 0.008633872024647457, ""min_samples"": 40, ""xi"": 0.07}",0.7670442756377805,6,False,False,False
reviewer_example,0.4,0.3,0.1,0.1,0.1,bellevue_150th_eastgate,optics,bellevue_150th_eastgate|optics|trial_006,6,"{""max_eps"": 0.013009795194133568, ""min_samples"": 40, ""xi"": 0.07}",0.6166309679721915,15,False,False,False
reviewer_example,0.4,0.3,0.1,0.1,0.1,bellevue_150th_eastgate,optics,bellevue_150th_eastgate|optics|trial_007,7,"{""max_eps"": 0.022171253230168272, ""min_samples"": 40, ""xi"": 0.07}",0.7377186476516434,10,False,False,False
reviewer_example,0.4,0.3,0.1,0.1,0.1,bellevue_150th_eastgate,optics,bellevue_150th_eastgate|optics|trial_008,8,"{""max_eps"": 0.0391223809812431, ""min_samples"": 40, ""xi"": 0.07}",0.7407351528568488,8,False,True,False
reviewer_example,0.4,0.3,0.1,0.1,0.1,bellevue_150th_eastgate,optics,bellevue_150th_eastgate|optics|trial_009,9,"{""max_eps"": 0.008633872024647457, ""min_samples"": 80, ""xi"": 0.05}",0.6844608572303381,13,False,False,False
reviewer_example,0.4,0.3,0.1,0.1,0.1,bellevue_150th_eastgate,optics,bellevue_150th_eastgate|optics|trial_010,10,"{""max_eps"": 0.013009795194133568, ""min_samples"": 80, ""xi"": 0.05}",0.7817796222976171,4,False,False,False
reviewer_example,0.4,0.3,0.1,0.1,0.1,bellevue_150th_eastgate,optics,bellevue_150th_eastgate|optics|trial_011,11,"{""max_eps"": 0.022171253230168272, ""min_samples"": 80, ""xi"": 0.05}",0.8074908484713381,2,False,False,False
reviewer_example,0.4,0.3,0.1,0.1,0.1,bellevue_150th_eastgate,optics,bellevue_150th_eastgate|optics|trial_012,12,"{""max_eps"": 0.0391223809812431, ""min_samples"": 80, ""xi"": 0.05}",0.7388494595478878,9,False,False,False
reviewer_example,0.4,0.3,0.1,0.1,0.1,bellevue_150th_eastgate,optics,bellevue_150th_eastgate|optics|trial_013,13,"{""max_eps"": 0.008633872024647457, ""min_samples"": 80, ""xi"": 0.07}",0.6844608572303381,14,False,False,False
reviewer_example,0.4,0.3,0.1,0.1,0.1,bellevue_150th_eastgate,optics,bellevue_150th_eastgate|optics|trial_014,14,"{""max_eps"": 0.013009795194133568, ""min_samples"": 80, ""xi"": 0.07}",0.7858454820877793,3,False,False,False
reviewer_example,0.4,0.3,0.1,0.1,0.1,bellevue_150th_eastgate,optics,bellevue_150th_eastgate|optics|trial_015,15,"{""max_eps"": 0.022171253230168272, ""min_samples"": 80, ""xi"": 0.07}",0.8412708491750177,1,True,False,True
reviewer_example,0.4,0.3,0.1,0.1,0.1,bellevue_150th_eastgate,optics,bellevue_150th_eastgate|optics|trial_016,16,"{""max_eps"": 0.0391223809812431, ""min_samples"": 80, ""xi"": 0.07}",0.771559962354752,5,False,False,False
moderate_target,0.4,0.2,0.15,0.125,0.125,bellevue_150th_eastgate,optics,bellevue_150th_eastgate|optics|trial_001,1,"{""max_eps"": 0.008633872024647457, ""min_samples"": 40, ""xi"": 0.05}",0.7931735357537318,6,False,False,False
moderate_target,0.4,0.2,0.15,0.125,0.125,bellevue_150th_eastgate,optics,bellevue_150th_eastgate|optics|trial_002,2,"{""max_eps"": 0.013009795194133568, ""min_samples"": 40, ""xi"": 0.05}",0.611584904927317,16,False,False,False
moderate_target,0.4,0.2,0.15,0.125,0.125,bellevue_150th_eastgate,optics,bellevue_150th_eastgate|optics|trial_003,3,"{""max_eps"": 0.022171253230168272, ""min_samples"": 40, ""xi"": 0.05}",0.7105716135948656,14,False,False,False
moderate_target,0.4,0.2,0.15,0.125,0.125,bellevue_150th_eastgate,optics,bellevue_150th_eastgate|optics|trial_004,4,"{""max_eps"": 0.0391223809812431, ""min_samples"": 40, ""xi"": 0.05}",0.7148446906390815,13,False,False,False
moderate_target,0.4,0.2,0.15,0.125,0.125,bellevue_150th_eastgate,optics,bellevue_150th_eastgate|optics|trial_005,5,"{""max_eps"": 0.008633872024647457, ""min_samples"": 40, ""xi"": 0.07}",0.793561315486191,5,False,False,False
moderate_target,0.4,0.2,0.15,0.125,0.125,bellevue_150th_eastgate,optics,bellevue_150th_eastgate|optics|trial_006,6,"{""max_eps"": 0.013009795194133568, ""min_samples"": 40, ""xi"": 0.07}",0.6315053310278859,15,False,False,False
moderate_target,0.4,0.2,0.15,0.125,0.125,bellevue_150th_eastgate,optics,bellevue_150th_eastgate|optics|trial_007,7,"{""max_eps"": 0.022171253230168272, ""min_samples"": 40, ""xi"": 0.07}",0.7425611784504753,9,False,False,False
moderate_target,0.4,0.2,0.15,0.125,0.125,bellevue_150th_eastgate,optics,bellevue_150th_eastgate|optics|trial_008,8,"{""max_eps"": 0.0391223809812431, ""min_samples"": 40, ""xi"": 0.07}",0.7539708505244573,8,False,True,False
moderate_target,0.4,0.2,0.15,0.125,0.125,bellevue_150th_eastgate,optics,bellevue_150th_eastgate|optics|trial_009,9,"{""max_eps"": 0.008633872024647457, ""min_samples"": 80, ""xi"": 0.05}",0.7229641904622316,11,False,False,False
moderate_target,0.4,0.2,0.15,0.125,0.125,bellevue_150th_eastgate,optics,bellevue_150th_eastgate|optics|trial_010,10,"{""max_eps"": 0.013009795194133568, ""min_samples"": 80, ""xi"": 0.05}",0.8027493811515352,4,False,False,False
moderate_target,0.4,0.2,0.15,0.125,0.125,bellevue_150th_eastgate,optics,bellevue_150th_eastgate|optics|trial_011,11,"{""max_eps"": 0.022171253230168272, ""min_samples"": 80, ""xi"": 0.05}",0.807323600706069,2,False,False,False
moderate_target,0.4,0.2,0.15,0.125,0.125,bellevue_150th_eastgate,optics,bellevue_150th_eastgate|optics|trial_012,12,"{""max_eps"": 0.0391223809812431, ""min_samples"": 80, ""xi"": 0.05}",0.7294269114868118,10,False,False,False
moderate_target,0.4,0.2,0.15,0.125,0.125,bellevue_150th_eastgate,optics,bellevue_150th_eastgate|optics|trial_013,13,"{""max_eps"": 0.008633872024647457, ""min_samples"": 80, ""xi"": 0.07}",0.7229641904622316,12,False,False,False
moderate_target,0.4,0.2,0.15,0.125,0.125,bellevue_150th_eastgate,optics,bellevue_150th_eastgate|optics|trial_014,14,"{""max_eps"": 0.013009795194133568, ""min_samples"": 80, ""xi"": 0.07}",0.8042047239483575,3,False,False,False
moderate_target,0.4,0.2,0.15,0.125,0.125,bellevue_150th_eastgate,optics,bellevue_150th_eastgate|optics|trial_015,15,"{""max_eps"": 0.022171253230168272, ""min_samples"": 80, ""xi"": 0.07}",0.8444427485856042,1,True,False,True
moderate_target,0.4,0.2,0.15,0.125,0.125,bellevue_150th_eastgate,optics,bellevue_150th_eastgate|optics|trial_016,16,"{""max_eps"": 0.0391223809812431, ""min_samples"": 80, ""xi"": 0.07}",0.7652558269763441,7,False,False,False
balanced_task_internal,0.3,0.2,0.15,0.175,0.175,bellevue_150th_eastgate,optics,bellevue_150th_eastgate|optics|trial_001,1,"{""max_eps"": 0.008633872024647457, ""min_samples"": 40, ""xi"": 0.05}",0.7881768715728426,6,False,False,False
balanced_task_internal,0.3,0.2,0.15,0.175,0.175,bellevue_150th_eastgate,optics,bellevue_150th_eastgate|optics|trial_002,2,"{""max_eps"": 0.013009795194133568, ""min_samples"": 40, ""xi"": 0.05}",0.6490408522912645,16,False,False,False
balanced_task_internal,0.3,0.2,0.15,0.175,0.175,bellevue_150th_eastgate,optics,bellevue_150th_eastgate|optics|trial_003,3,"{""max_eps"": 0.022171253230168272, ""min_samples"": 40, ""xi"": 0.05}",0.7333662622439578,12,False,False,False
balanced_task_internal,0.3,0.2,0.15,0.175,0.175,bellevue_150th_eastgate,optics,bellevue_150th_eastgate|optics|trial_004,4,"{""max_eps"": 0.0391223809812431, ""min_samples"": 40, ""xi"": 0.05}",0.7364291234070476,11,False,False,False
balanced_task_internal,0.3,0.2,0.15,0.175,0.175,bellevue_150th_eastgate,optics,bellevue_150th_eastgate|optics|trial_005,5,"{""max_eps"": 0.008633872024647457, ""min_samples"": 40, ""xi"": 0.07}",0.7887197631982855,5,False,False,False
balanced_task_internal,0.3,0.2,0.15,0.175,0.175,bellevue_150th_eastgate,optics,bellevue_150th_eastgate|optics|trial_006,6,"{""max_eps"": 0.013009795194133568, ""min_samples"": 40, ""xi"": 0.07}",0.6690412157820607,15,False,False,False
balanced_task_internal,0.3,0.2,0.15,0.175,0.175,bellevue_150th_eastgate,optics,bellevue_150th_eastgate|optics|trial_007,7,"{""max_eps"": 0.022171253230168272, ""min_samples"": 40, ""xi"": 0.07}",0.7642677630810022,9,False,False,False
balanced_task_internal,0.3,0.2,0.15,0.175,0.175,bellevue_150th_eastgate,optics,bellevue_150th_eastgate|optics|trial_008,8,"{""max_eps"": 0.0391223809812431, ""min_samples"": 40, ""xi"": 0.07}",0.7645172697388521,8,False,True,False
balanced_task_internal,0.3,0.2,0.15,0.175,0.175,bellevue_150th_eastgate,optics,bellevue_150th_eastgate|optics|trial_009,9,"{""max_eps"": 0.008633872024647457, ""min_samples"": 80, ""xi"": 0.05}",0.7322819588396732,13,False,False,False
balanced_task_internal,0.3,0.2,0.15,0.175,0.175,bellevue_150th_eastgate,optics,bellevue_150th_eastgate|optics|trial_010,10,"{""max_eps"": 0.013009795194133568, ""min_samples"": 80, ""xi"": 0.05}",0.7974529488215369,3,False,False,False
balanced_task_internal,0.3,0.2,0.15,0.175,0.175,bellevue_150th_eastgate,optics,bellevue_150th_eastgate|optics|trial_011,11,"{""max_eps"": 0.022171253230168272, ""min_samples"": 80, ""xi"": 0.05}",0.8188090176803435,2,False,False,False
balanced_task_internal,0.3,0.2,0.15,0.175,0.175,bellevue_150th_eastgate,optics,bellevue_150th_eastgate|optics|trial_012,12,"{""max_eps"": 0.0391223809812431, ""min_samples"": 80, ""xi"": 0.05}",0.7598517147067134,10,False,False,False
balanced_task_internal,0.3,0.2,0.15,0.175,0.175,bellevue_150th_eastgate,optics,bellevue_150th_eastgate|optics|trial_013,13,"{""max_eps"": 0.008633872024647457, ""min_samples"": 80, ""xi"": 0.07}",0.7322819588396732,14,False,False,False
balanced_task_internal,0.3,0.2,0.15,0.175,0.175,bellevue_150th_eastgate,optics,bellevue_150th_eastgate|optics|trial_014,14,"{""max_eps"": 0.013009795194133568, ""min_samples"": 80, ""xi"": 0.07}",0.7972984102516284,4,False,False,False
balanced_task_internal,0.3,0.2,0.15,0.175,0.175,bellevue_150th_eastgate,optics,bellevue_150th_eastgate|optics|trial_015,15,"{""max_eps"": 0.022171253230168272, ""min_samples"": 80, ""xi"": 0.07}",0.8455128968304488,1,True,False,True
balanced_task_internal,0.3,0.2,0.15,0.175,0.175,bellevue_150th_eastgate,optics,bellevue_150th_eastgate|optics|trial_016,16,"{""max_eps"": 0.0391223809812431, ""min_samples"": 80, ""xi"": 0.07}",0.784637332556375,7,False,False,False
equal_weights,0.2,0.2,0.2,0.2,0.2,bellevue_150th_eastgate,optics,bellevue_150th_eastgate|optics|trial_001,1,"{""max_eps"": 0.008633872024647457, ""min_samples"": 40, ""xi"": 0.05}",0.7806089273427566,8,False,False,False
equal_weights,0.2,0.2,0.2,0.2,0.2,bellevue_150th_eastgate,optics,bellevue_150th_eastgate|optics|trial_002,2,"{""max_eps"": 0.013009795194133568, ""min_samples"": 40, ""xi"": 0.05}",0.6834261648635447,16,False,False,False
equal_weights,0.2,0.2,0.2,0.2,0.2,bellevue_150th_eastgate,optics,bellevue_150th_eastgate|optics|trial_003,3,"{""max_eps"": 0.022171253230168272, ""min_samples"": 40, ""xi"": 0.05}",0.743636065526738,12,False,False,False
equal_weights,0.2,0.2,0.2,0.2,0.2,bellevue_150th_eastgate,optics,bellevue_150th_eastgate|optics|trial_004,4,"{""max_eps"": 0.0391223809812431, ""min_samples"": 40, ""xi"": 0.05}",0.7464651389440857,11,False,False,False
equal_weights,0.2,0.2,0.2,0.2,0.2,bellevue_150th_eastgate,optics,bellevue_150th_eastgate|optics|trial_005,5,"{""max_eps"": 0.008633872024647457, ""min_samples"": 40, ""xi"": 0.07}",0.7812293749146912,7,False,False,False
equal_weights,0.2,0.2,0.2,0.2,0.2,bellevue_150th_eastgate,optics,bellevue_150th_eastgate|optics|trial_006,6,"{""max_eps"": 0.013009795194133568, ""min_samples"": 40, ""xi"": 0.07}",0.7048959613701917,15,False,False,False
equal_weights,0.2,0.2,0.2,0.2,0.2,bellevue_150th_eastgate,optics,bellevue_150th_eastgate|optics|trial_007,7,"{""max_eps"": 0.022171253230168272, ""min_samples"": 40, ""xi"": 0.07}",0.7770423608311916,9,False,False,False
equal_weights,0.2,0.2,0.2,0.2,0.2,bellevue_150th_eastgate,optics,bellevue_150th_eastgate|optics|trial_008,8,"{""max_eps"": 0.0391223809812431, ""min_samples"": 40, ""xi"": 0.07}",0.7629408795123527,10,False,True,False
equal_weights,0.2,0.2,0.2,0.2,0.2,bellevue_150th_eastgate,optics,bellevue_150th_eastgate|optics|trial_009,9,"{""max_eps"": 0.008633872024647457, ""min_samples"": 80, ""xi"": 0.05}",0.734857020993833,13,False,False,False
equal_weights,0.2,0.2,0.2,0.2,0.2,bellevue_150th_eastgate,optics,bellevue_150th_eastgate|optics|trial_010,10,"{""max_eps"": 0.013009795194133568, ""min_samples"": 80, ""xi"": 0.05}",0.789672237281633,4,False,False,False
equal_weights,0.2,0.2,0.2,0.2,0.2,bellevue_150th_eastgate,optics,bellevue_150th_eastgate|optics|trial_011,11,"{""max_eps"": 0.022171253230168272, ""min_samples"": 80, ""xi"": 0.05}",0.8223541997650392,2,False,False,False
equal_weights,0.2,0.2,0.2,0.2,0.2,bellevue_150th_eastgate,optics,bellevue_150th_eastgate|optics|trial_012,12,"{""max_eps"": 0.0391223809812431, ""min_samples"": 80, ""xi"": 0.05}",0.784772006024554,6,False,False,False
equal_weights,0.2,0.2,0.2,0.2,0.2,bellevue_150th_eastgate,optics,bellevue_150th_eastgate|optics|trial_013,13,"{""max_eps"": 0.008633872024647457, ""min_samples"": 80, ""xi"": 0.07}",0.734857020993833,14,False,False,False
equal_weights,0.2,0.2,0.2,0.2,0.2,bellevue_150th_eastgate,optics,bellevue_150th_eastgate|optics|trial_014,14,"{""max_eps"": 0.013009795194133568, ""min_samples"": 80, ""xi"": 0.07}",0.7890865367470993,5,False,False,False
equal_weights,0.2,0.2,0.2,0.2,0.2,bellevue_150th_eastgate,optics,bellevue_150th_eastgate|optics|trial_015,15,"{""max_eps"": 0.022171253230168272, ""min_samples"": 80, ""xi"": 0.07}",0.8376783988850576,1,True,False,True
equal_weights,0.2,0.2,0.2,0.2,0.2,bellevue_150th_eastgate,optics,bellevue_150th_eastgate|optics|trial_016,16,"{""max_eps"": 0.0391223809812431, ""min_samples"": 80, ""xi"": 0.07}",0.7979572093509412,3,False,False,False
target_heavy,0.6,0.15,0.1,0.075,0.075,bellevue_150th_eastgate,optics,bellevue_150th_eastgate|optics|trial_001,1,"{""max_eps"": 0.008633872024647457, ""min_samples"": 40, ""xi"": 0.05}",0.8202435261402649,5,False,False,False
target_heavy,0.6,0.15,0.1,0.075,0.075,bellevue_150th_eastgate,optics,bellevue_150th_eastgate|optics|trial_002,2,"{""max_eps"": 0.013009795194133568, ""min_samples"": 40, ""xi"": 0.05}",0.5518394748225419,16,False,False,False
target_heavy,0.6,0.15,0.1,0.075,0.075,bellevue_150th_eastgate,optics,bellevue_150th_eastgate|optics|trial_003,3,"{""max_eps"": 0.022171253230168272, ""min_samples"": 40, ""xi"": 0.05}",0.6913292638798478,13,False,False,False
target_heavy,0.6,0.15,0.1,0.075,0.075,bellevue_150th_eastgate,optics,bellevue_150th_eastgate|optics|trial_004,4,"{""max_eps"": 0.0391223809812431, ""min_samples"": 40, ""xi"": 0.05}",0.6948950725697268,12,False,False,False
target_heavy,0.6,0.15,0.1,0.075,0.075,bellevue_150th_eastgate,optics,bellevue_150th_eastgate|optics|trial_005,5,"{""max_eps"": 0.008633872024647457, ""min_samples"": 40, ""xi"": 0.07}",0.8204761939797404,4,False,False,False
target_heavy,0.6,0.15,0.1,0.075,0.075,bellevue_150th_eastgate,optics,bellevue_150th_eastgate|optics|trial_006,6,"{""max_eps"": 0.013009795194133568, ""min_samples"": 40, ""xi"": 0.07}",0.5663924517964489,15,False,False,False
target_heavy,0.6,0.15,0.1,0.075,0.075,bellevue_150th_eastgate,optics,bellevue_150th_eastgate|optics|trial_007,7,"{""max_eps"": 0.022171253230168272, ""min_samples"": 40, ""xi"": 0.07}",0.7149672549093442,11,False,False,False
target_heavy,0.6,0.15,0.1,0.075,0.075,bellevue_150th_eastgate,optics,bellevue_150th_eastgate|optics|trial_008,8,"{""max_eps"": 0.0391223809812431, ""min_samples"": 40, ""xi"": 0.07}",0.7576800750908136,7,False,True,False
target_heavy,0.6,0.15,0.1,0.075,0.075,bellevue_150th_eastgate,optics,bellevue_150th_eastgate|optics|trial_009,9,"{""max_eps"": 0.008633872024647457, ""min_samples"": 80, ""xi"": 0.05}",0.7336943796582178,8,False,False,False
target_heavy,0.6,0.15,0.1,0.075,0.075,bellevue_150th_eastgate,optics,bellevue_150th_eastgate|optics|trial_010,10,"{""max_eps"": 0.013009795194133568, ""min_samples"": 80, ""xi"": 0.05}",0.827553544053349,3,False,False,False
target_heavy,0.6,0.15,0.1,0.075,0.075,bellevue_150th_eastgate,optics,bellevue_150th_eastgate|optics|trial_011,11,"{""max_eps"": 0.022171253230168272, ""min_samples"": 80, ""xi"": 0.05}",0.7961794952092538,6,False,False,False
target_heavy,0.6,0.15,0.1,0.075,0.075,bellevue_150th_eastgate,optics,bellevue_150th_eastgate|optics|trial_012,12,"{""max_eps"": 0.0391223809812431, ""min_samples"": 80, ""xi"": 0.05}",0.672122798869562,14,False,False,False
target_heavy,0.6,0.15,0.1,0.075,0.075,bellevue_150th_eastgate,optics,bellevue_150th_eastgate|optics|trial_013,13,"{""max_eps"": 0.008633872024647457, ""min_samples"": 80, ""xi"": 0.07}",0.7336943796582178,9,False,False,False
target_heavy,0.6,0.15,0.1,0.075,0.075,bellevue_150th_eastgate,optics,bellevue_150th_eastgate|optics|trial_014,14,"{""max_eps"": 0.013009795194133568, ""min_samples"": 80, ""xi"": 0.07}",0.8291553119838049,2,False,False,False
target_heavy,0.6,0.15,0.1,0.075,0.075,bellevue_150th_eastgate,optics,bellevue_150th_eastgate|optics|trial_015,15,"{""max_eps"": 0.022171253230168272, ""min_samples"": 80, ""xi"": 0.07}",0.857245371086562,1,True,False,True
target_heavy,0.6,0.15,0.1,0.075,0.075,bellevue_150th_eastgate,optics,bellevue_150th_eastgate|optics|trial_016,16,"{""max_eps"": 0.0391223809812431, ""min_samples"": 80, ""xi"": 0.07}",0.7324331913052754,10,False,False,False
outlier_heavy,0.35,0.35,0.1,0.1,0.1,bellevue_150th_eastgate,optics,bellevue_150th_eastgate|optics|trial_001,1,"{""max_eps"": 0.008633872024647457, ""min_samples"": 40, ""xi"": 0.05}",0.7497303377858107,8,False,False,False
outlier_heavy,0.35,0.35,0.1,0.1,0.1,bellevue_150th_eastgate,optics,bellevue_150th_eastgate|optics|trial_002,2,"{""max_eps"": 0.013009795194133568, ""min_samples"": 40, ""xi"": 0.05}",0.5970960239066001,16,False,False,False
outlier_heavy,0.35,0.35,0.1,0.1,0.1,bellevue_150th_eastgate,optics,bellevue_150th_eastgate|optics|trial_003,3,"{""max_eps"": 0.022171253230168272, ""min_samples"": 40, ""xi"": 0.05}",0.69302747663516,12,False,False,False
outlier_heavy,0.35,0.35,0.1,0.1,0.1,bellevue_150th_eastgate,optics,bellevue_150th_eastgate|optics|trial_004,4,"{""max_eps"": 0.0391223809812431, ""min_samples"": 40, ""xi"": 0.05}",0.7021728335470441,11,False,False,False
outlier_heavy,0.35,0.35,0.1,0.1,0.1,bellevue_150th_eastgate,optics,bellevue_150th_eastgate|optics|trial_005,5,"{""max_eps"": 0.008633872024647457, ""min_samples"": 40, ""xi"": 0.07}",0.750040561571778,7,False,False,False
outlier_heavy,0.35,0.35,0.1,0.1,0.1,bellevue_150th_eastgate,optics,bellevue_150th_eastgate|optics|trial_006,6,"{""max_eps"": 0.013009795194133568, ""min_samples"": 40, ""xi"": 0.07}",0.6271211592384098,15,False,False,False
outlier_heavy,0.35,0.35,0.1,0.1,0.1,bellevue_150th_eastgate,optics,bellevue_150th_eastgate|optics|trial_007,7,"{""max_eps"": 0.022171253230168272, ""min_samples"": 40, ""xi"": 0.07}",0.741684681127322,9,False,False,False
outlier_heavy,0.35,0.35,0.1,0.1,0.1,bellevue_150th_eastgate,optics,bellevue_150th_eastgate|optics|trial_008,8,"{""max_eps"": 0.0391223809812431, ""min_samples"": 40, ""xi"": 0.07}",0.7333291089097946,10,False,True,False
outlier_heavy,0.35,0.35,0.1,0.1,0.1,bellevue_150th_eastgate,optics,bellevue_150th_eastgate|optics|trial_009,9,"{""max_eps"": 0.008633872024647457, ""min_samples"": 80, ""xi"": 0.05}",0.6664967216914713,13,False,False,False
outlier_heavy,0.35,0.35,0.1,0.1,0.1,bellevue_150th_eastgate,optics,bellevue_150th_eastgate|optics|trial_010,10,"{""max_eps"": 0.013009795194133568, ""min_samples"": 80, ""xi"": 0.05}",0.7674043871007061,5,False,False,False
outlier_heavy,0.35,0.35,0.1,0.1,0.1,bellevue_150th_eastgate,optics,bellevue_150th_eastgate|optics|trial_011,11,"{""max_eps"": 0.022171253230168272, ""min_samples"": 80, ""xi"": 0.05}",0.8093470633963205,2,False,False,False
outlier_heavy,0.35,0.35,0.1,0.1,0.1,bellevue_150th_eastgate,optics,bellevue_150th_eastgate|optics|trial_012,12,"{""max_eps"": 0.0391223809812431, ""min_samples"": 80, ""xi"": 0.05}",0.7560208792373461,6,False,False,False
outlier_heavy,0.35,0.35,0.1,0.1,0.1,bellevue_150th_eastgate,optics,bellevue_150th_eastgate|optics|trial_013,13,"{""max_eps"": 0.008633872024647457, ""min_samples"": 80, ""xi"": 0.07}",0.6664967216914713,14,False,False,False
outlier_heavy,0.35,0.35,0.1,0.1,0.1,bellevue_150th_eastgate,optics,bellevue_150th_eastgate|optics|trial_014,14,"{""max_eps"": 0.013009795194133568, ""min_samples"": 80, ""xi"": 0.07}",0.7725599244052255,4,False,False,False
outlier_heavy,0.35,0.35,0.1,0.1,0.1,bellevue_150th_eastgate,optics,bellevue_150th_eastgate|optics|trial_015,15,"{""max_eps"": 0.022171253230168272, ""min_samples"": 80, ""xi"": 0.07}",0.8357676504970288,1,True,False,True
outlier_heavy,0.35,0.35,0.1,0.1,0.1,bellevue_150th_eastgate,optics,bellevue_150th_eastgate|optics|trial_016,16,"{""max_eps"": 0.0391223809812431, ""min_samples"": 80, ""xi"": 0.07}",0.781371968441239,3,False,False,False
original,0.5,0.2,0.1,0.1,0.1,bellevue_150th_newport,hdbscan,bellevue_150th_newport|hdbscan|trial_001,1,"{""min_cluster_size"": 80, ""min_samples"": 10}",0.692508282405212,1,True,False,True
original,0.5,0.2,0.1,0.1,0.1,bellevue_150th_newport,hdbscan,bellevue_150th_newport|hdbscan|trial_002,2,"{""min_cluster_size"": 80, ""min_samples"": 20}",0.6924639792369912,2,False,True,False
original,0.5,0.2,0.1,0.1,0.1,bellevue_150th_newport,hdbscan,bellevue_150th_newport|hdbscan|trial_003,3,"{""min_cluster_size"": 160, ""min_samples"": 10}",0.6394509579671479,3,False,False,False
original,0.5,0.2,0.1,0.1,0.1,bellevue_150th_newport,hdbscan,bellevue_150th_newport|hdbscan|trial_004,4,"{""min_cluster_size"": 160, ""min_samples"": 20}",0.6392400639787749,4,False,False,False
original,0.5,0.2,0.1,0.1,0.1,bellevue_150th_newport,hdbscan,bellevue_150th_newport|hdbscan|trial_005,5,"{""min_cluster_size"": 320, ""min_samples"": 10}",0.5936177567062557,6,False,False,False
original,0.5,0.2,0.1,0.1,0.1,bellevue_150th_newport,hdbscan,bellevue_150th_newport|hdbscan|trial_006,6,"{""min_cluster_size"": 320, ""min_samples"": 20}",0.5937588405025802,5,False,False,False
reviewer_example,0.4,0.3,0.1,0.1,0.1,bellevue_150th_newport,hdbscan,bellevue_150th_newport|hdbscan|trial_001,1,"{""min_cluster_size"": 80, ""min_samples"": 10}",0.7411861282613874,1,True,False,True
reviewer_example,0.4,0.3,0.1,0.1,0.1,bellevue_150th_newport,hdbscan,bellevue_150th_newport|hdbscan|trial_002,2,"{""min_cluster_size"": 80, ""min_samples"": 20}",0.741109577431122,2,False,True,False
reviewer_example,0.4,0.3,0.1,0.1,0.1,bellevue_150th_newport,hdbscan,bellevue_150th_newport|hdbscan|trial_003,3,"{""min_cluster_size"": 160, ""min_samples"": 10}",0.6964943848187013,3,False,False,False
reviewer_example,0.4,0.3,0.1,0.1,0.1,bellevue_150th_newport,hdbscan,bellevue_150th_newport|hdbscan|trial_004,4,"{""min_cluster_size"": 160, ""min_samples"": 20}",0.6962512431682836,4,False,False,False
reviewer_example,0.4,0.3,0.1,0.1,0.1,bellevue_150th_newport,hdbscan,bellevue_150th_newport|hdbscan|trial_005,5,"{""min_cluster_size"": 320, ""min_samples"": 10}",0.6589945168911423,6,False,False,False
reviewer_example,0.4,0.3,0.1,0.1,0.1,bellevue_150th_newport,hdbscan,bellevue_150th_newport|hdbscan|trial_006,6,"{""min_cluster_size"": 320, ""min_samples"": 20}",0.6591033530254223,5,False,False,False
moderate_target,0.4,0.2,0.15,0.125,0.125,bellevue_150th_newport,hdbscan,bellevue_150th_newport|hdbscan|trial_001,1,"{""min_cluster_size"": 80, ""min_samples"": 10}",0.7195644039346365,1,True,False,True
moderate_target,0.4,0.2,0.15,0.125,0.125,bellevue_150th_newport,hdbscan,bellevue_150th_newport|hdbscan|trial_002,2,"{""min_cluster_size"": 80, ""min_samples"": 20}",0.7195303034225308,2,False,True,False
moderate_target,0.4,0.2,0.15,0.125,0.125,bellevue_150th_newport,hdbscan,bellevue_150th_newport|hdbscan|trial_003,3,"{""min_cluster_size"": 160, ""min_samples"": 10}",0.6719796405724157,3,False,False,False
moderate_target,0.4,0.2,0.15,0.125,0.125,bellevue_150th_newport,hdbscan,bellevue_150th_newport|hdbscan|trial_004,4,"{""min_cluster_size"": 160, ""min_samples"": 20}",0.6717373008362306,4,False,False,False
moderate_target,0.4,0.2,0.15,0.125,0.125,bellevue_150th_newport,hdbscan,bellevue_150th_newport|hdbscan|trial_005,5,"{""min_cluster_size"": 320, ""min_samples"": 10}",0.6334381389963004,6,False,False,False
moderate_target,0.4,0.2,0.15,0.125,0.125,bellevue_150th_newport,hdbscan,bellevue_150th_newport|hdbscan|trial_006,6,"{""min_cluster_size"": 320, ""min_samples"": 20}",0.6336357714909873,5,False,False,False
balanced_task_internal,0.3,0.2,0.15,0.175,0.175,bellevue_150th_newport,hdbscan,bellevue_150th_newport|hdbscan|trial_001,1,"{""min_cluster_size"": 80, ""min_samples"": 10}",0.7606047515686487,1,True,False,True
balanced_task_internal,0.3,0.2,0.15,0.175,0.175,bellevue_150th_newport,hdbscan,bellevue_150th_newport|hdbscan|trial_002,2,"{""min_cluster_size"": 80, ""min_samples"": 20}",0.760570437900181,2,False,True,False
balanced_task_internal,0.3,0.2,0.15,0.175,0.175,bellevue_150th_newport,hdbscan,bellevue_150th_newport|hdbscan|trial_003,3,"{""min_cluster_size"": 160, ""min_samples"": 10}",0.7156197129592552,3,False,False,False
balanced_task_internal,0.3,0.2,0.15,0.175,0.175,bellevue_150th_newport,hdbscan,bellevue_150th_newport|hdbscan|trial_004,4,"{""min_cluster_size"": 160, ""min_samples"": 20}",0.7152938660544099,4,False,False,False
balanced_task_internal,0.3,0.2,0.15,0.175,0.175,bellevue_150th_newport,hdbscan,bellevue_150th_newport|hdbscan|trial_005,5,"{""min_cluster_size"": 320, ""min_samples"": 10}",0.6833282774193603,6,False,False,False
balanced_task_internal,0.3,0.2,0.15,0.175,0.175,bellevue_150th_newport,hdbscan,bellevue_150th_newport|hdbscan|trial_006,6,"{""min_cluster_size"": 320, ""min_samples"": 20}",0.6836183916377359,5,False,False,False
equal_weights,0.2,0.2,0.2,0.2,0.2,bellevue_150th_newport,hdbscan,bellevue_150th_newport|hdbscan|trial_001,1,"{""min_cluster_size"": 80, ""min_samples"": 10}",0.7876608730980732,1,True,False,True
equal_weights,0.2,0.2,0.2,0.2,0.2,bellevue_150th_newport,hdbscan,bellevue_150th_newport|hdbscan|trial_002,2,"{""min_cluster_size"": 80, ""min_samples"": 20}",0.7876367620857206,2,False,True,False
equal_weights,0.2,0.2,0.2,0.2,0.2,bellevue_150th_newport,hdbscan,bellevue_150th_newport|hdbscan|trial_003,3,"{""min_cluster_size"": 160, ""min_samples"": 10}",0.7481483955645228,3,False,False,False
equal_weights,0.2,0.2,0.2,0.2,0.2,bellevue_150th_newport,hdbscan,bellevue_150th_newport|hdbscan|trial_004,4,"{""min_cluster_size"": 160, ""min_samples"": 20}",0.7477911029118657,4,False,False,False
equal_weights,0.2,0.2,0.2,0.2,0.2,bellevue_150th_newport,hdbscan,bellevue_150th_newport|hdbscan|trial_005,5,"{""min_cluster_size"": 320, ""min_samples"": 10}",0.723148659709405,6,False,False,False
equal_weights,0.2,0.2,0.2,0.2,0.2,bellevue_150th_newport,hdbscan,bellevue_150th_newport|hdbscan|trial_006,6,"{""min_cluster_size"": 320, ""min_samples"": 20}",0.7234953226261429,5,False,False,False
target_heavy,0.6,0.15,0.1,0.075,0.075,bellevue_150th_newport,hdbscan,bellevue_150th_newport|hdbscan|trial_001,1,"{""min_cluster_size"": 80, ""min_samples"": 10}",0.6476491856601181,1,True,False,True
target_heavy,0.6,0.15,0.1,0.075,0.075,bellevue_150th_newport,hdbscan,bellevue_150th_newport|hdbscan|trial_002,2,"{""min_cluster_size"": 80, ""min_samples"": 20}",0.6476211129011007,2,False,True,False
target_heavy,0.6,0.15,0.1,0.075,0.075,bellevue_150th_newport,hdbscan,bellevue_150th_newport|hdbscan|trial_003,3,"{""min_cluster_size"": 160, ""min_samples"": 10}",0.5891092083479517,3,False,False,False
target_heavy,0.6,0.15,0.1,0.075,0.075,bellevue_150th_newport,hdbscan,bellevue_150th_newport|hdbscan|trial_004,4,"{""min_cluster_size"": 160, ""min_samples"": 20}",0.5889561917749309,4,False,False,False
target_heavy,0.6,0.15,0.1,0.075,0.075,bellevue_150th_newport,hdbscan,bellevue_150th_newport|hdbscan|trial_005,5,"{""min_cluster_size"": 320, ""min_samples"": 10}",0.5359843074022824,6,False,False,False
target_heavy,0.6,0.15,0.1,0.075,0.075,bellevue_150th_newport,hdbscan,bellevue_150th_newport|hdbscan|trial_006,6,"{""min_cluster_size"": 320, ""min_samples"": 20}",0.5360952741677848,5,False,False,False
outlier_heavy,0.35,0.35,0.1,0.1,0.1,bellevue_150th_newport,hdbscan,bellevue_150th_newport|hdbscan|trial_001,1,"{""min_cluster_size"": 80, ""min_samples"": 10}",0.7655250511894751,1,True,False,True
outlier_heavy,0.35,0.35,0.1,0.1,0.1,bellevue_150th_newport,hdbscan,bellevue_150th_newport|hdbscan|trial_002,2,"{""min_cluster_size"": 80, ""min_samples"": 20}",0.7654323765281875,2,False,True,False
outlier_heavy,0.35,0.35,0.1,0.1,0.1,bellevue_150th_newport,hdbscan,bellevue_150th_newport|hdbscan|trial_003,3,"{""min_cluster_size"": 160, ""min_samples"": 10}",0.7250160982444779,3,False,False,False
outlier_heavy,0.35,0.35,0.1,0.1,0.1,bellevue_150th_newport,hdbscan,bellevue_150th_newport|hdbscan|trial_004,4,"{""min_cluster_size"": 160, ""min_samples"": 20}",0.7247568327630379,4,False,False,False
outlier_heavy,0.35,0.35,0.1,0.1,0.1,bellevue_150th_newport,hdbscan,bellevue_150th_newport|hdbscan|trial_005,5,"{""min_cluster_size"": 320, ""min_samples"": 10}",0.6916828969835855,6,False,False,False
outlier_heavy,0.35,0.35,0.1,0.1,0.1,bellevue_150th_newport,hdbscan,bellevue_150th_newport|hdbscan|trial_006,6,"{""min_cluster_size"": 320, ""min_samples"": 20}",0.6917756092868435,5,False,False,False
original,0.5,0.2,0.1,0.1,0.1,bellevue_150th_newport,kmeans,bellevue_150th_newport|kmeans|trial_001,1,"{""max_iter"": 300, ""n_clusters"": 2, ""n_init"": 10}",0.4504602803982127,22,False,False,False
original,0.5,0.2,0.1,0.1,0.1,bellevue_150th_newport,kmeans,bellevue_150th_newport|kmeans|trial_002,2,"{""max_iter"": 300, ""n_clusters"": 3, ""n_init"": 10}",0.5307003704764479,19,False,False,False
original,0.5,0.2,0.1,0.1,0.1,bellevue_150th_newport,kmeans,bellevue_150th_newport|kmeans|trial_003,3,"{""max_iter"": 300, ""n_clusters"": 4, ""n_init"": 10}",0.5936304097687369,16,False,False,False
original,0.5,0.2,0.1,0.1,0.1,bellevue_150th_newport,kmeans,bellevue_150th_newport|kmeans|trial_004,4,"{""max_iter"": 300, ""n_clusters"": 5, ""n_init"": 10}",0.6392095825698303,14,False,False,False
original,0.5,0.2,0.1,0.1,0.1,bellevue_150th_newport,kmeans,bellevue_150th_newport|kmeans|trial_005,5,"{""max_iter"": 300, ""n_clusters"": 6, ""n_init"": 10}",0.6872135706355063,12,False,False,False
original,0.5,0.2,0.1,0.1,0.1,bellevue_150th_newport,kmeans,bellevue_150th_newport|kmeans|trial_006,6,"{""max_iter"": 300, ""n_clusters"": 7, ""n_init"": 10}",0.7362042590439848,10,False,True,False
original,0.5,0.2,0.1,0.1,0.1,bellevue_150th_newport,kmeans,bellevue_150th_newport|kmeans|trial_007,7,"{""max_iter"": 300, ""n_clusters"": 8, ""n_init"": 10}",0.7768587388689442,8,False,False,False
original,0.5,0.2,0.1,0.1,0.1,bellevue_150th_newport,kmeans,bellevue_150th_newport|kmeans|trial_008,8,"{""max_iter"": 300, ""n_clusters"": 9, ""n_init"": 10}",0.8157241955646231,6,False,False,False
original,0.5,0.2,0.1,0.1,0.1,bellevue_150th_newport,kmeans,bellevue_150th_newport|kmeans|trial_009,9,"{""max_iter"": 300, ""n_clusters"": 10, ""n_init"": 10}",0.856403013062285,4,False,False,False
original,0.5,0.2,0.1,0.1,0.1,bellevue_150th_newport,kmeans,bellevue_150th_newport|kmeans|trial_010,10,"{""max_iter"": 300, ""n_clusters"": 11, ""n_init"": 10}",0.8876013427803909,2,False,False,False
original,0.5,0.2,0.1,0.1,0.1,bellevue_150th_newport,kmeans,bellevue_150th_newport|kmeans|trial_011,11,"{""max_iter"": 300, ""n_clusters"": 12, ""n_init"": 10}",0.9235568988842722,1,True,False,True
original,0.5,0.2,0.1,0.1,0.1,bellevue_150th_newport,kmeans,bellevue_150th_newport|kmeans|trial_012,12,"{""max_iter"": 300, ""n_clusters"": 13, ""n_init"": 10}",0.8834001014080525,3,False,False,False
original,0.5,0.2,0.1,0.1,0.1,bellevue_150th_newport,kmeans,bellevue_150th_newport|kmeans|trial_013,13,"{""max_iter"": 300, ""n_clusters"": 14, ""n_init"": 10}",0.838691911864715,5,False,False,False
original,0.5,0.2,0.1,0.1,0.1,bellevue_150th_newport,kmeans,bellevue_150th_newport|kmeans|trial_014,14,"{""max_iter"": 300, ""n_clusters"": 15, ""n_init"": 10}",0.7973431769428547,7,False,False,False
original,0.5,0.2,0.1,0.1,0.1,bellevue_150th_newport,kmeans,bellevue_150th_newport|kmeans|trial_015,15,"{""max_iter"": 300, ""n_clusters"": 16, ""n_init"": 10}",0.7557736239893011,9,False,False,False
original,0.5,0.2,0.1,0.1,0.1,bellevue_150th_newport,kmeans,bellevue_150th_newport|kmeans|trial_016,16,"{""max_iter"": 300, ""n_clusters"": 17, ""n_init"": 10}",0.7100313803193692,11,False,False,False
original,0.5,0.2,0.1,0.1,0.1,bellevue_150th_newport,kmeans,bellevue_150th_newport|kmeans|trial_017,17,"{""max_iter"": 300, ""n_clusters"": 18, ""n_init"": 10}",0.6689039602249561,13,False,False,False
original,0.5,0.2,0.1,0.1,0.1,bellevue_150th_newport,kmeans,bellevue_150th_newport|kmeans|trial_018,18,"{""max_iter"": 300, ""n_clusters"": 19, ""n_init"": 10}",0.6242437464299667,15,False,False,False
original,0.5,0.2,0.1,0.1,0.1,bellevue_150th_newport,kmeans,bellevue_150th_newport|kmeans|trial_019,19,"{""max_iter"": 300, ""n_clusters"": 20, ""n_init"": 10}",0.5804802937832843,17,False,False,False
original,0.5,0.2,0.1,0.1,0.1,bellevue_150th_newport,kmeans,bellevue_150th_newport|kmeans|trial_020,20,"{""max_iter"": 300, ""n_clusters"": 21, ""n_init"": 10}",0.5393582115475839,18,False,False,False
original,0.5,0.2,0.1,0.1,0.1,bellevue_150th_newport,kmeans,bellevue_150th_newport|kmeans|trial_021,21,"{""max_iter"": 300, ""n_clusters"": 22, ""n_init"": 10}",0.4957115910180053,20,False,False,False
original,0.5,0.2,0.1,0.1,0.1,bellevue_150th_newport,kmeans,bellevue_150th_newport|kmeans|trial_022,22,"{""max_iter"": 300, ""n_clusters"": 23, ""n_init"": 10}",0.4548710272731282,21,False,False,False
original,0.5,0.2,0.1,0.1,0.1,bellevue_150th_newport,kmeans,bellevue_150th_newport|kmeans|trial_023,23,"{""max_iter"": 300, ""n_clusters"": 24, ""n_init"": 10}",0.41029413989745345,28,False,False,False
original,0.5,0.2,0.1,0.1,0.1,bellevue_150th_newport,kmeans,bellevue_150th_newport|kmeans|trial_024,24,"{""max_iter"": 300, ""n_clusters"": 25, ""n_init"": 10}",0.41148843288754355,25,False,False,False
original,0.5,0.2,0.1,0.1,0.1,bellevue_150th_newport,kmeans,bellevue_150th_newport|kmeans|trial_025,25,"{""max_iter"": 300, ""n_clusters"": 26, ""n_init"": 10}",0.41231583810204697,23,False,False,False
original,0.5,0.2,0.1,0.1,0.1,bellevue_150th_newport,kmeans,bellevue_150th_newport|kmeans|trial_026,26,"{""max_iter"": 300, ""n_clusters"": 27, ""n_init"": 10}",0.410422086767921,27,False,False,False
original,0.5,0.2,0.1,0.1,0.1,bellevue_150th_newport,kmeans,bellevue_150th_newport|kmeans|trial_027,27,"{""max_iter"": 300, ""n_clusters"": 28, ""n_init"": 10}",0.4087187537842934,29,False,False,False
original,0.5,0.2,0.1,0.1,0.1,bellevue_150th_newport,kmeans,bellevue_150th_newport|kmeans|trial_028,28,"{""max_iter"": 300, ""n_clusters"": 29, ""n_init"": 10}",0.4117638338883677,24,False,False,False
original,0.5,0.2,0.1,0.1,0.1,bellevue_150th_newport,kmeans,bellevue_150th_newport|kmeans|trial_029,29,"{""max_iter"": 300, ""n_clusters"": 30, ""n_init"": 10}",0.41100150833471494,26,False,False,False
reviewer_example,0.4,0.3,0.1,0.1,0.1,bellevue_150th_newport,kmeans,bellevue_150th_newport|kmeans|trial_001,1,"{""max_iter"": 300, ""n_clusters"": 2, ""n_init"": 10}",0.533793613731546,22,False,False,False
reviewer_example,0.4,0.3,0.1,0.1,0.1,bellevue_150th_newport,kmeans,bellevue_150th_newport|kmeans|trial_002,2,"{""max_iter"": 300, ""n_clusters"": 3, ""n_init"": 10}",0.6057003704764479,19,False,False,False
reviewer_example,0.4,0.3,0.1,0.1,0.1,bellevue_150th_newport,kmeans,bellevue_150th_newport|kmeans|trial_003,3,"{""max_iter"": 300, ""n_clusters"": 4, ""n_init"": 10}",0.6602970764354036,16,False,False,False
reviewer_example,0.4,0.3,0.1,0.1,0.1,bellevue_150th_newport,kmeans,bellevue_150th_newport|kmeans|trial_004,4,"{""max_iter"": 300, ""n_clusters"": 5, ""n_init"": 10}",0.6975429159031636,14,False,False,False
reviewer_example,0.4,0.3,0.1,0.1,0.1,bellevue_150th_newport,kmeans,bellevue_150th_newport|kmeans|trial_005,5,"{""max_iter"": 300, ""n_clusters"": 6, ""n_init"": 10}",0.7372135706355062,12,False,False,False
reviewer_example,0.4,0.3,0.1,0.1,0.1,bellevue_150th_newport,kmeans,bellevue_150th_newport|kmeans|trial_006,6,"{""max_iter"": 300, ""n_clusters"": 7, ""n_init"": 10}",0.7778709257106513,10,False,True,False
reviewer_example,0.4,0.3,0.1,0.1,0.1,bellevue_150th_newport,kmeans,bellevue_150th_newport|kmeans|trial_007,7,"{""max_iter"": 300, ""n_clusters"": 8, ""n_init"": 10}",0.8101920722022774,8,False,False,False
reviewer_example,0.4,0.3,0.1,0.1,0.1,bellevue_150th_newport,kmeans,bellevue_150th_newport|kmeans|trial_008,8,"{""max_iter"": 300, ""n_clusters"": 9, ""n_init"": 10}",0.8407241955646231,6,False,False,False
reviewer_example,0.4,0.3,0.1,0.1,0.1,bellevue_150th_newport,kmeans,bellevue_150th_newport|kmeans|trial_009,9,"{""max_iter"": 300, ""n_clusters"": 10, ""n_init"": 10}",0.8730696797289516,4,False,False,False
reviewer_example,0.4,0.3,0.1,0.1,0.1,bellevue_150th_newport,kmeans,bellevue_150th_newport|kmeans|trial_010,10,"{""max_iter"": 300, ""n_clusters"": 11, ""n_init"": 10}",0.8959346761137242,2,False,False,False
reviewer_example,0.4,0.3,0.1,0.1,0.1,bellevue_150th_newport,kmeans,bellevue_150th_newport|kmeans|trial_011,11,"{""max_iter"": 300, ""n_clusters"": 12, ""n_init"": 10}",0.9235568988842722,1,True,False,True
reviewer_example,0.4,0.3,0.1,0.1,0.1,bellevue_150th_newport,kmeans,bellevue_150th_newport|kmeans|trial_012,12,"{""max_iter"": 300, ""n_clusters"": 13, ""n_init"": 10}",0.8917334347413859,3,False,False,False
reviewer_example,0.4,0.3,0.1,0.1,0.1,bellevue_150th_newport,kmeans,bellevue_150th_newport|kmeans|trial_013,13,"{""max_iter"": 300, ""n_clusters"": 14, ""n_init"": 10}",0.8553585785313818,5,False,False,False
reviewer_example,0.4,0.3,0.1,0.1,0.1,bellevue_150th_newport,kmeans,bellevue_150th_newport|kmeans|trial_014,14,"{""max_iter"": 300, ""n_clusters"": 15, ""n_init"": 10}",0.8223431769428549,7,False,False,False
reviewer_example,0.4,0.3,0.1,0.1,0.1,bellevue_150th_newport,kmeans,bellevue_150th_newport|kmeans|trial_015,15,"{""max_iter"": 300, ""n_clusters"": 16, ""n_init"": 10}",0.7891069573226344,9,False,False,False
reviewer_example,0.4,0.3,0.1,0.1,0.1,bellevue_150th_newport,kmeans,bellevue_150th_newport|kmeans|trial_016,16,"{""max_iter"": 300, ""n_clusters"": 17, ""n_init"": 10}",0.7516980469860358,11,False,False,False
reviewer_example,0.4,0.3,0.1,0.1,0.1,bellevue_150th_newport,kmeans,bellevue_150th_newport|kmeans|trial_017,17,"{""max_iter"": 300, ""n_clusters"": 18, ""n_init"": 10}",0.7189039602249562,13,False,False,False
reviewer_example,0.4,0.3,0.1,0.1,0.1,bellevue_150th_newport,kmeans,bellevue_150th_newport|kmeans|trial_018,18,"{""max_iter"": 300, ""n_clusters"": 19, ""n_init"": 10}",0.6825770797633001,15,False,False,False
reviewer_example,0.4,0.3,0.1,0.1,0.1,bellevue_150th_newport,kmeans,bellevue_150th_newport|kmeans|trial_019,19,"{""max_iter"": 300, ""n_clusters"": 20, ""n_init"": 10}",0.6471469604499509,17,False,False,False
reviewer_example,0.4,0.3,0.1,0.1,0.1,bellevue_150th_newport,kmeans,bellevue_150th_newport|kmeans|trial_020,20,"{""max_iter"": 300, ""n_clusters"": 21, ""n_init"": 10}",0.6143582115475839,18,False,False,False
reviewer_example,0.4,0.3,0.1,0.1,0.1,bellevue_150th_newport,kmeans,bellevue_150th_newport|kmeans|trial_021,21,"{""max_iter"": 300, ""n_clusters"": 22, ""n_init"": 10}",0.5790449243513386,20,False,False,False
reviewer_example,0.4,0.3,0.1,0.1,0.1,bellevue_150th_newport,kmeans,bellevue_150th_newport|kmeans|trial_022,22,"{""max_iter"": 300, ""n_clusters"": 23, ""n_init"": 10}",0.5465376939397949,21,False,False,False
reviewer_example,0.4,0.3,0.1,0.1,0.1,bellevue_150th_newport,kmeans,bellevue_150th_newport|kmeans|trial_023,23,"{""max_iter"": 300, ""n_clusters"": 24, ""n_init"": 10}",0.5102941398974534,28,False,False,False
reviewer_example,0.4,0.3,0.1,0.1,0.1,bellevue_150th_newport,kmeans,bellevue_150th_newport|kmeans|trial_024,24,"{""max_iter"": 300, ""n_clusters"": 25, ""n_init"": 10}",0.5114884328875435,25,False,False,False
reviewer_example,0.4,0.3,0.1,0.1,0.1,bellevue_150th_newport,kmeans,bellevue_150th_newport|kmeans|trial_025,25,"{""max_iter"": 300, ""n_clusters"": 26, ""n_init"": 10}",0.512315838102047,23,False,False,False
reviewer_example,0.4,0.3,0.1,0.1,0.1,bellevue_150th_newport,kmeans,bellevue_150th_newport|kmeans|trial_026,26,"{""max_iter"": 300, ""n_clusters"": 27, ""n_init"": 10}",0.510422086767921,27,False,False,False
reviewer_example,0.4,0.3,0.1,0.1,0.1,bellevue_150th_newport,kmeans,bellevue_150th_newport|kmeans|trial_027,27,"{""max_iter"": 300, ""n_clusters"": 28, ""n_init"": 10}",0.5087187537842934,29,False,False,False
reviewer_example,0.4,0.3,0.1,0.1,0.1,bellevue_150th_newport,kmeans,bellevue_150th_newport|kmeans|trial_028,28,"{""max_iter"": 300, ""n_clusters"": 29, ""n_init"": 10}",0.5117638338883677,24,False,False,False
reviewer_example,0.4,0.3,0.1,0.1,0.1,bellevue_150th_newport,kmeans,bellevue_150th_newport|kmeans|trial_029,29,"{""max_iter"": 300, ""n_clusters"": 30, ""n_init"": 10}",0.5110015083347149,26,False,False,False
moderate_target,0.4,0.2,0.15,0.125,0.125,bellevue_150th_newport,kmeans,bellevue_150th_newport|kmeans|trial_001,1,"{""max_iter"": 300, ""n_clusters"": 2, ""n_init"": 10}",0.4821055020617775,29,False,False,False
moderate_target,0.4,0.2,0.15,0.125,0.125,bellevue_150th_newport,kmeans,bellevue_150th_newport|kmeans|trial_002,2,"{""max_iter"": 300, ""n_clusters"": 3, ""n_init"": 10}",0.5685330735438024,19,False,False,False
moderate_target,0.4,0.2,0.15,0.125,0.125,bellevue_150th_newport,kmeans,bellevue_150th_newport|kmeans|trial_003,3,"{""max_iter"": 300, ""n_clusters"": 4, ""n_init"": 10}",0.6328796761902827,16,False,False,False
moderate_target,0.4,0.2,0.15,0.125,0.125,bellevue_150th_newport,kmeans,bellevue_150th_newport|kmeans|trial_004,4,"{""max_iter"": 300, ""n_clusters"": 5, ""n_init"": 10}",0.6711036421916495,14,False,False,False
moderate_target,0.4,0.2,0.15,0.125,0.125,bellevue_150th_newport,kmeans,bellevue_150th_newport|kmeans|trial_005,5,"{""max_iter"": 300, ""n_clusters"": 6, ""n_init"": 10}",0.7123586272737442,12,False,False,False
moderate_target,0.4,0.2,0.15,0.125,0.125,bellevue_150th_newport,kmeans,bellevue_150th_newport|kmeans|trial_006,6,"{""max_iter"": 300, ""n_clusters"": 7, ""n_init"": 10}",0.7548469877843423,10,False,True,False
moderate_target,0.4,0.2,0.15,0.125,0.125,bellevue_150th_newport,kmeans,bellevue_150th_newport|kmeans|trial_007,7,"{""max_iter"": 300, ""n_clusters"": 8, ""n_init"": 10}",0.7869150875655417,8,False,False,False
moderate_target,0.4,0.2,0.15,0.125,0.125,bellevue_150th_newport,kmeans,bellevue_150th_newport|kmeans|trial_008,8,"{""max_iter"": 300, ""n_clusters"": 9, ""n_init"": 10}",0.8167469084351403,6,False,False,False
moderate_target,0.4,0.2,0.15,0.125,0.125,bellevue_150th_newport,kmeans,bellevue_150th_newport|kmeans|trial_009,9,"{""max_iter"": 300, ""n_clusters"": 10, ""n_init"": 10}",0.8489099256313066,4,False,False,False
moderate_target,0.4,0.2,0.15,0.125,0.125,bellevue_150th_newport,kmeans,bellevue_150th_newport|kmeans|trial_010,10,"{""max_iter"": 300, ""n_clusters"": 11, ""n_init"": 10}",0.8701575153023187,2,False,False,False
moderate_target,0.4,0.2,0.15,0.125,0.125,bellevue_150th_newport,kmeans,bellevue_150th_newport|kmeans|trial_011,11,"{""max_iter"": 300, ""n_clusters"": 12, ""n_init"": 10}",0.8965938178975041,1,True,False,True
moderate_target,0.4,0.2,0.15,0.125,0.125,bellevue_150th_newport,kmeans,bellevue_150th_newport|kmeans|trial_012,12,"{""max_iter"": 300, ""n_clusters"": 13, ""n_init"": 10}",0.8674535288884113,3,False,False,False
moderate_target,0.4,0.2,0.15,0.125,0.125,bellevue_150th_newport,kmeans,bellevue_150th_newport|kmeans|trial_013,13,"{""max_iter"": 300, ""n_clusters"": 14, ""n_init"": 10}",0.8303182919592395,5,False,False,False
moderate_target,0.4,0.2,0.15,0.125,0.125,bellevue_150th_newport,kmeans,bellevue_150th_newport|kmeans|trial_014,14,"{""max_iter"": 300, ""n_clusters"": 15, ""n_init"": 10}",0.7973823733069143,7,False,False,False
moderate_target,0.4,0.2,0.15,0.125,0.125,bellevue_150th_newport,kmeans,bellevue_150th_newport|kmeans|trial_015,15,"{""max_iter"": 300, ""n_clusters"": 16, ""n_init"": 10}",0.7656618864845303,9,False,False,False
moderate_target,0.4,0.2,0.15,0.125,0.125,bellevue_150th_newport,kmeans,bellevue_150th_newport|kmeans|trial_016,16,"{""max_iter"": 300, ""n_clusters"": 17, ""n_init"": 10}",0.7258232466826684,11,False,False,False
moderate_target,0.4,0.2,0.15,0.125,0.125,bellevue_150th_newport,kmeans,bellevue_150th_newport|kmeans|trial_017,17,"{""max_iter"": 300, ""n_clusters"": 18, ""n_init"": 10}",0.6932607145507856,13,False,False,False
moderate_target,0.4,0.2,0.15,0.125,0.125,bellevue_150th_newport,kmeans,bellevue_150th_newport|kmeans|trial_018,18,"{""max_iter"": 300, ""n_clusters"": 19, ""n_init"": 10}",0.657604344437007,15,False,False,False
moderate_target,0.4,0.2,0.15,0.125,0.125,bellevue_150th_newport,kmeans,bellevue_150th_newport|kmeans|trial_019,19,"{""max_iter"": 300, ""n_clusters"": 20, ""n_init"": 10}",0.6218273907698986,17,False,False,False
moderate_target,0.4,0.2,0.15,0.125,0.125,bellevue_150th_newport,kmeans,bellevue_150th_newport|kmeans|trial_020,20,"{""max_iter"": 300, ""n_clusters"": 21, ""n_init"": 10}",0.5891989737218065,18,False,False,False
moderate_target,0.4,0.2,0.15,0.125,0.125,bellevue_150th_newport,kmeans,bellevue_150th_newport|kmeans|trial_021,21,"{""max_iter"": 300, ""n_clusters"": 22, ""n_init"": 10}",0.5533745742288112,20,False,False,False
moderate_target,0.4,0.2,0.15,0.125,0.125,bellevue_150th_newport,kmeans,bellevue_150th_newport|kmeans|trial_022,22,"{""max_iter"": 300, ""n_clusters"": 23, ""n_init"": 10}",0.5212189840269149,21,False,False,False
moderate_target,0.4,0.2,0.15,0.125,0.125,bellevue_150th_newport,kmeans,bellevue_150th_newport|kmeans|trial_023,23,"{""max_iter"": 300, ""n_clusters"": 24, ""n_init"": 10}",0.48411888415914345,27,False,False,False
moderate_target,0.4,0.2,0.15,0.125,0.125,bellevue_150th_newport,kmeans,bellevue_150th_newport|kmeans|trial_024,24,"{""max_iter"": 300, ""n_clusters"": 25, ""n_init"": 10}",0.48559562656573385,24,False,False,False
moderate_target,0.4,0.2,0.15,0.125,0.125,bellevue_150th_newport,kmeans,bellevue_150th_newport|kmeans|trial_025,25,"{""max_iter"": 300, ""n_clusters"": 26, ""n_init"": 10}",0.4866782545769299,22,False,False,False
moderate_target,0.4,0.2,0.15,0.125,0.125,bellevue_150th_newport,kmeans,bellevue_150th_newport|kmeans|trial_026,26,"{""max_iter"": 300, ""n_clusters"": 27, ""n_init"": 10}",0.4842788177472279,26,False,False,False
moderate_target,0.4,0.2,0.15,0.125,0.125,bellevue_150th_newport,kmeans,bellevue_150th_newport|kmeans|trial_027,27,"{""max_iter"": 300, ""n_clusters"": 28, ""n_init"": 10}",0.48214158960218223,28,False,False,False
moderate_target,0.4,0.2,0.15,0.125,0.125,bellevue_150th_newport,kmeans,bellevue_150th_newport|kmeans|trial_028,28,"{""max_iter"": 300, ""n_clusters"": 29, ""n_init"": 10}",0.48595600164778624,23,False,False,False
moderate_target,0.4,0.2,0.15,0.125,0.125,bellevue_150th_newport,kmeans,bellevue_150th_newport|kmeans|trial_029,29,"{""max_iter"": 300, ""n_clusters"": 30, ""n_init"": 10}",0.48499503279020917,25,False,False,False
balanced_task_internal,0.3,0.2,0.15,0.175,0.175,bellevue_150th_newport,kmeans,bellevue_150th_newport|kmeans|trial_001,1,"{""max_iter"": 300, ""n_clusters"": 2, ""n_init"": 10}",0.5359420057995272,29,False,False,False
balanced_task_internal,0.3,0.2,0.15,0.175,0.175,bellevue_150th_newport,kmeans,bellevue_150th_newport|kmeans|trial_002,2,"{""max_iter"": 300, ""n_clusters"": 3, ""n_init"": 10}",0.6235680378855414,19,False,False,False
balanced_task_internal,0.3,0.2,0.15,0.175,0.175,bellevue_150th_newport,kmeans,bellevue_150th_newport|kmeans|trial_003,3,"{""max_iter"": 300, ""n_clusters"": 4, ""n_init"": 10}",0.6813448864492614,16,False,False,False
balanced_task_internal,0.3,0.2,0.15,0.175,0.175,bellevue_150th_newport,kmeans,bellevue_150th_newport|kmeans|trial_004,4,"{""max_iter"": 300, ""n_clusters"": 5, ""n_init"": 10}",0.7131917721845084,14,False,False,False
balanced_task_internal,0.3,0.2,0.15,0.175,0.175,bellevue_150th_newport,kmeans,bellevue_150th_newport|kmeans|trial_005,5,"{""max_iter"": 300, ""n_clusters"": 6, ""n_init"": 10}",0.7492820846327742,11,False,False,False
balanced_task_internal,0.3,0.2,0.15,0.175,0.175,bellevue_150th_newport,kmeans,bellevue_150th_newport|kmeans|trial_006,6,"{""max_iter"": 300, ""n_clusters"": 7, ""n_init"": 10}",0.7870991226809451,9,False,True,False
balanced_task_internal,0.3,0.2,0.15,0.175,0.175,bellevue_150th_newport,kmeans,bellevue_150th_newport|kmeans|trial_007,7,"{""max_iter"": 300, ""n_clusters"": 8, ""n_init"": 10}",0.8103277957079573,7,False,False,False
balanced_task_internal,0.3,0.2,0.15,0.175,0.175,bellevue_150th_newport,kmeans,bellevue_150th_newport|kmeans|trial_008,8,"{""max_iter"": 300, ""n_clusters"": 9, ""n_init"": 10}",0.8304256782587288,5,False,False,False
balanced_task_internal,0.3,0.2,0.15,0.175,0.175,bellevue_150th_newport,kmeans,bellevue_150th_newport|kmeans|trial_009,9,"{""max_iter"": 300, ""n_clusters"": 10, ""n_init"": 10}",0.8536324468888814,3,False,False,False
balanced_task_internal,0.3,0.2,0.15,0.175,0.175,bellevue_150th_newport,kmeans,bellevue_150th_newport|kmeans|trial_010,10,"{""max_iter"": 300, ""n_clusters"": 11, ""n_init"": 10}",0.8593131797055205,2,False,False,False
balanced_task_internal,0.3,0.2,0.15,0.175,0.175,bellevue_150th_newport,kmeans,bellevue_150th_newport|kmeans|trial_011,11,"{""max_iter"": 300, ""n_clusters"": 12, ""n_init"": 10}",0.8740768787553126,1,True,False,True
balanced_task_internal,0.3,0.2,0.15,0.175,0.175,bellevue_150th_newport,kmeans,bellevue_150th_newport|kmeans|trial_012,12,"{""max_iter"": 300, ""n_clusters"": 13, ""n_init"": 10}",0.849413442002413,4,False,False,False
balanced_task_internal,0.3,0.2,0.15,0.175,0.175,bellevue_150th_newport,kmeans,bellevue_150th_newport|kmeans|trial_013,13,"{""max_iter"": 300, ""n_clusters"": 14, ""n_init"": 10}",0.819090776968239,6,False,False,False
balanced_task_internal,0.3,0.2,0.15,0.175,0.175,bellevue_150th_newport,kmeans,bellevue_150th_newport|kmeans|trial_014,14,"{""max_iter"": 300, ""n_clusters"": 15, ""n_init"": 10}",0.7946471575216502,8,False,False,False
balanced_task_internal,0.3,0.2,0.15,0.175,0.175,bellevue_150th_newport,kmeans,bellevue_150th_newport|kmeans|trial_015,15,"{""max_iter"": 300, ""n_clusters"": 16, ""n_init"": 10}",0.7683256521500397,10,False,False,False
balanced_task_internal,0.3,0.2,0.15,0.175,0.175,bellevue_150th_newport,kmeans,bellevue_150th_newport|kmeans|trial_016,16,"{""max_iter"": 300, ""n_clusters"": 17, ""n_init"": 10}",0.7376042276087725,12,False,False,False
balanced_task_internal,0.3,0.2,0.15,0.175,0.175,bellevue_150th_newport,kmeans,bellevue_150th_newport|kmeans|trial_017,17,"{""max_iter"": 300, ""n_clusters"": 18, ""n_init"": 10}",0.7134511661240828,13,False,False,False
balanced_task_internal,0.3,0.2,0.15,0.175,0.175,bellevue_150th_newport,kmeans,bellevue_150th_newport|kmeans|trial_018,18,"{""max_iter"": 300, ""n_clusters"": 19, ""n_init"": 10}",0.6817935615195599,15,False,False,False
balanced_task_internal,0.3,0.2,0.15,0.175,0.175,bellevue_150th_newport,kmeans,bellevue_150th_newport|kmeans|trial_019,19,"{""max_iter"": 300, ""n_clusters"": 20, ""n_init"": 10}",0.6529468239132874,17,False,False,False
balanced_task_internal,0.3,0.2,0.15,0.175,0.175,bellevue_150th_newport,kmeans,bellevue_150th_newport|kmeans|trial_020,20,"{""max_iter"": 300, ""n_clusters"": 21, ""n_init"": 10}",0.628875660920945,18,False,False,False
balanced_task_internal,0.3,0.2,0.15,0.175,0.175,bellevue_150th_newport,kmeans,bellevue_150th_newport|kmeans|trial_021,21,"{""max_iter"": 300, ""n_clusters"": 22, ""n_init"": 10}",0.6004268654918716,20,False,False,False
balanced_task_internal,0.3,0.2,0.15,0.175,0.175,bellevue_150th_newport,kmeans,bellevue_150th_newport|kmeans|trial_022,22,"{""max_iter"": 300, ""n_clusters"": 23, ""n_init"": 10}",0.5767274311258029,21,False,False,False
balanced_task_internal,0.3,0.2,0.15,0.175,0.175,bellevue_150th_newport,kmeans,bellevue_150th_newport|kmeans|trial_023,23,"{""max_iter"": 300, ""n_clusters"": 24, ""n_init"": 10}",0.5467635355332169,27,False,False,False
balanced_task_internal,0.3,0.2,0.15,0.175,0.175,bellevue_150th_newport,kmeans,bellevue_150th_newport|kmeans|trial_024,24,"{""max_iter"": 300, ""n_clusters"": 25, ""n_init"": 10}",0.5488696720968969,24,False,False,False
balanced_task_internal,0.3,0.2,0.15,0.175,0.175,bellevue_150th_newport,kmeans,bellevue_150th_newport|kmeans|trial_025,25,"{""max_iter"": 300, ""n_clusters"": 26, ""n_init"": 10}",0.550269259729211,22,False,False,False
balanced_task_internal,0.3,0.2,0.15,0.175,0.175,bellevue_150th_newport,kmeans,bellevue_150th_newport|kmeans|trial_026,26,"{""max_iter"": 300, ""n_clusters"": 27, ""n_init"": 10}",0.5469874425565351,26,False,False,False
balanced_task_internal,0.3,0.2,0.15,0.175,0.175,bellevue_150th_newport,kmeans,bellevue_150th_newport|kmeans|trial_027,27,"{""max_iter"": 300, ""n_clusters"": 28, ""n_init"": 10}",0.5440146717506977,28,False,False,False
balanced_task_internal,0.3,0.2,0.15,0.175,0.175,bellevue_150th_newport,kmeans,bellevue_150th_newport|kmeans|trial_028,28,"{""max_iter"": 300, ""n_clusters"": 29, ""n_init"": 10}",0.5493355000173167,23,False,False,False
balanced_task_internal,0.3,0.2,0.15,0.175,0.175,bellevue_150th_newport,kmeans,bellevue_150th_newport|kmeans|trial_029,29,"{""max_iter"": 300, ""n_clusters"": 30, ""n_init"": 10}",0.5480094922139356,25,False,False,False
equal_weights,0.2,0.2,0.2,0.2,0.2,bellevue_150th_newport,kmeans,bellevue_150th_newport|kmeans|trial_001,1,"{""max_iter"": 300, ""n_clusters"": 2, ""n_init"": 10}",0.5675872274630921,29,False,False,False
equal_weights,0.2,0.2,0.2,0.2,0.2,bellevue_150th_newport,kmeans,bellevue_150th_newport|kmeans|trial_002,2,"{""max_iter"": 300, ""n_clusters"": 3, ""n_init"": 10}",0.6614007409528959,19,False,False,False
equal_weights,0.2,0.2,0.2,0.2,0.2,bellevue_150th_newport,kmeans,bellevue_150th_newport|kmeans|trial_003,3,"{""max_iter"": 300, ""n_clusters"": 4, ""n_init"": 10}",0.7205941528708071,15,False,False,False
equal_weights,0.2,0.2,0.2,0.2,0.2,bellevue_150th_newport,kmeans,bellevue_150th_newport|kmeans|trial_004,4,"{""max_iter"": 300, ""n_clusters"": 5, ""n_init"": 10}",0.7450858318063274,13,False,False,False
equal_weights,0.2,0.2,0.2,0.2,0.2,bellevue_150th_newport,kmeans,bellevue_150th_newport|kmeans|trial_005,5,"{""max_iter"": 300, ""n_clusters"": 6, ""n_init"": 10}",0.7744271412710124,11,False,False,False
equal_weights,0.2,0.2,0.2,0.2,0.2,bellevue_150th_newport,kmeans,bellevue_150th_newport|kmeans|trial_006,6,"{""max_iter"": 300, ""n_clusters"": 7, ""n_init"": 10}",0.8057418514213028,8,False,True,False
equal_weights,0.2,0.2,0.2,0.2,0.2,bellevue_150th_newport,kmeans,bellevue_150th_newport|kmeans|trial_007,7,"{""max_iter"": 300, ""n_clusters"": 8, ""n_init"": 10}",0.820384144404555,6,False,False,False
equal_weights,0.2,0.2,0.2,0.2,0.2,bellevue_150th_newport,kmeans,bellevue_150th_newport|kmeans|trial_008,8,"{""max_iter"": 300, ""n_clusters"": 9, ""n_init"": 10}",0.8314483911292461,5,False,False,False
equal_weights,0.2,0.2,0.2,0.2,0.2,bellevue_150th_newport,kmeans,bellevue_150th_newport|kmeans|trial_009,9,"{""max_iter"": 300, ""n_clusters"": 10, ""n_init"": 10}",0.8461393594579032,2,False,False,False
equal_weights,0.2,0.2,0.2,0.2,0.2,bellevue_150th_newport,kmeans,bellevue_150th_newport|kmeans|trial_010,10,"{""max_iter"": 300, ""n_clusters"": 11, ""n_init"": 10}",0.8418693522274483,3,False,False,False
equal_weights,0.2,0.2,0.2,0.2,0.2,bellevue_150th_newport,kmeans,bellevue_150th_newport|kmeans|trial_011,11,"{""max_iter"": 300, ""n_clusters"": 12, ""n_init"": 10}",0.8471137977685445,1,True,False,True
equal_weights,0.2,0.2,0.2,0.2,0.2,bellevue_150th_newport,kmeans,bellevue_150th_newport|kmeans|trial_012,12,"{""max_iter"": 300, ""n_clusters"": 13, ""n_init"": 10}",0.8334668694827718,4,False,False,False
equal_weights,0.2,0.2,0.2,0.2,0.2,bellevue_150th_newport,kmeans,bellevue_150th_newport|kmeans|trial_013,13,"{""max_iter"": 300, ""n_clusters"": 14, ""n_init"": 10}",0.8107171570627635,7,False,False,False
equal_weights,0.2,0.2,0.2,0.2,0.2,bellevue_150th_newport,kmeans,bellevue_150th_newport|kmeans|trial_014,14,"{""max_iter"": 300, ""n_clusters"": 15, ""n_init"": 10}",0.7946863538857096,9,False,False,False
equal_weights,0.2,0.2,0.2,0.2,0.2,bellevue_150th_newport,kmeans,bellevue_150th_newport|kmeans|trial_015,15,"{""max_iter"": 300, ""n_clusters"": 16, ""n_init"": 10}",0.7782139146452689,10,False,False,False
equal_weights,0.2,0.2,0.2,0.2,0.2,bellevue_150th_newport,kmeans,bellevue_150th_newport|kmeans|trial_016,16,"{""max_iter"": 300, ""n_clusters"": 17, ""n_init"": 10}",0.7533960939720719,12,False,False,False
equal_weights,0.2,0.2,0.2,0.2,0.2,bellevue_150th_newport,kmeans,bellevue_150th_newport|kmeans|trial_017,17,"{""max_iter"": 300, ""n_clusters"": 18, ""n_init"": 10}",0.7378079204499125,14,False,False,False
equal_weights,0.2,0.2,0.2,0.2,0.2,bellevue_150th_newport,kmeans,bellevue_150th_newport|kmeans|trial_018,18,"{""max_iter"": 300, ""n_clusters"": 19, ""n_init"": 10}",0.7151541595266002,16,False,False,False
equal_weights,0.2,0.2,0.2,0.2,0.2,bellevue_150th_newport,kmeans,bellevue_150th_newport|kmeans|trial_019,19,"{""max_iter"": 300, ""n_clusters"": 20, ""n_init"": 10}",0.6942939208999018,17,False,False,False
equal_weights,0.2,0.2,0.2,0.2,0.2,bellevue_150th_newport,kmeans,bellevue_150th_newport|kmeans|trial_020,20,"{""max_iter"": 300, ""n_clusters"": 21, ""n_init"": 10}",0.6787164230951678,18,False,False,False
equal_weights,0.2,0.2,0.2,0.2,0.2,bellevue_150th_newport,kmeans,bellevue_150th_newport|kmeans|trial_021,21,"{""max_iter"": 300, ""n_clusters"": 22, ""n_init"": 10}",0.6580898487026774,20,False,False,False
equal_weights,0.2,0.2,0.2,0.2,0.2,bellevue_150th_newport,kmeans,bellevue_150th_newport|kmeans|trial_022,22,"{""max_iter"": 300, ""n_clusters"": 23, ""n_init"": 10}",0.6430753878795896,21,False,False,False
equal_weights,0.2,0.2,0.2,0.2,0.2,bellevue_150th_newport,kmeans,bellevue_150th_newport|kmeans|trial_023,23,"{""max_iter"": 300, ""n_clusters"": 24, ""n_init"": 10}",0.6205882797949069,27,False,False,False
equal_weights,0.2,0.2,0.2,0.2,0.2,bellevue_150th_newport,kmeans,bellevue_150th_newport|kmeans|trial_024,24,"{""max_iter"": 300, ""n_clusters"": 25, ""n_init"": 10}",0.6229768657750872,24,False,False,False
equal_weights,0.2,0.2,0.2,0.2,0.2,bellevue_150th_newport,kmeans,bellevue_150th_newport|kmeans|trial_025,25,"{""max_iter"": 300, ""n_clusters"": 26, ""n_init"": 10}",0.624631676204094,22,False,False,False
equal_weights,0.2,0.2,0.2,0.2,0.2,bellevue_150th_newport,kmeans,bellevue_150th_newport|kmeans|trial_026,26,"{""max_iter"": 300, ""n_clusters"": 27, ""n_init"": 10}",0.6208441735358421,26,False,False,False
equal_weights,0.2,0.2,0.2,0.2,0.2,bellevue_150th_newport,kmeans,bellevue_150th_newport|kmeans|trial_027,27,"{""max_iter"": 300, ""n_clusters"": 28, ""n_init"": 10}",0.6174375075685866,28,False,False,False
equal_weights,0.2,0.2,0.2,0.2,0.2,bellevue_150th_newport,kmeans,bellevue_150th_newport|kmeans|trial_028,28,"{""max_iter"": 300, ""n_clusters"": 29, ""n_init"": 10}",0.6235276677767354,23,False,False,False
equal_weights,0.2,0.2,0.2,0.2,0.2,bellevue_150th_newport,kmeans,bellevue_150th_newport|kmeans|trial_029,29,"{""max_iter"": 300, ""n_clusters"": 30, ""n_init"": 10}",0.6220030166694298,25,False,False,False
target_heavy,0.6,0.15,0.1,0.075,0.075,bellevue_150th_newport,kmeans,bellevue_150th_newport|kmeans|trial_001,1,"{""max_iter"": 300, ""n_clusters"": 2, ""n_init"": 10}",0.3818753618626711,21,False,False,False
target_heavy,0.6,0.15,0.1,0.075,0.075,bellevue_150th_newport,kmeans,bellevue_150th_newport|kmeans|trial_002,2,"{""max_iter"": 300, ""n_clusters"": 3, ""n_init"": 10}",0.46568288830557847,19,False,False,False
target_heavy,0.6,0.15,0.1,0.075,0.075,bellevue_150th_newport,kmeans,bellevue_150th_newport|kmeans|trial_003,3,"{""max_iter"": 300, ""n_clusters"": 4, ""n_init"": 10}",0.5360644713059142,16,False,False,False
target_heavy,0.6,0.15,0.1,0.075,0.075,bellevue_150th_newport,kmeans,bellevue_150th_newport|kmeans|trial_004,4,"{""max_iter"": 300, ""n_clusters"": 5, ""n_init"": 10}",0.5889988509067342,14,False,False,False
target_heavy,0.6,0.15,0.1,0.075,0.075,bellevue_150th_newport,kmeans,bellevue_150th_newport|kmeans|trial_005,5,"{""max_iter"": 300, ""n_clusters"": 6, ""n_init"": 10}",0.6437518419559911,12,False,False,False
target_heavy,0.6,0.15,0.1,0.075,0.075,bellevue_150th_newport,kmeans,bellevue_150th_newport|kmeans|trial_006,6,"{""max_iter"": 300, ""n_clusters"": 7, ""n_init"": 10}",0.69924485826235,10,False,True,False
target_heavy,0.6,0.15,0.1,0.075,0.075,bellevue_150th_newport,kmeans,bellevue_150th_newport|kmeans|trial_007,7,"{""max_iter"": 300, ""n_clusters"": 8, ""n_init"": 10}",0.7484857181310696,8,False,False,False
target_heavy,0.6,0.15,0.1,0.075,0.075,bellevue_150th_newport,kmeans,bellevue_150th_newport|kmeans|trial_008,8,"{""max_iter"": 300, ""n_clusters"": 9, ""n_init"": 10}",0.7963848106528286,6,False,False,False
target_heavy,0.6,0.15,0.1,0.075,0.075,bellevue_150th_newport,kmeans,bellevue_150th_newport|kmeans|trial_009,9,"{""max_iter"": 300, ""n_clusters"": 10, ""n_init"": 10}",0.8457084191001641,4,False,False,False
target_heavy,0.6,0.15,0.1,0.075,0.075,bellevue_150th_newport,kmeans,bellevue_150th_newport|kmeans|trial_010,10,"{""max_iter"": 300, ""n_clusters"": 11, ""n_init"": 10}",0.888856843912123,2,False,False,False
target_heavy,0.6,0.15,0.1,0.075,0.075,bellevue_150th_newport,kmeans,bellevue_150th_newport|kmeans|trial_011,11,"{""max_iter"": 300, ""n_clusters"": 12, ""n_init"": 10}",0.934815368455368,1,True,False,True
target_heavy,0.6,0.15,0.1,0.075,0.075,bellevue_150th_newport,kmeans,bellevue_150th_newport|kmeans|trial_012,12,"{""max_iter"": 300, ""n_clusters"": 13, ""n_init"": 10}",0.888253478184385,3,False,False,False
target_heavy,0.6,0.15,0.1,0.075,0.075,bellevue_150th_newport,kmeans,bellevue_150th_newport|kmeans|trial_013,13,"{""max_iter"": 300, ""n_clusters"": 14, ""n_init"": 10}",0.8359723360268819,5,False,False,False
target_heavy,0.6,0.15,0.1,0.075,0.075,bellevue_150th_newport,kmeans,bellevue_150th_newport|kmeans|trial_014,14,"{""max_iter"": 300, ""n_clusters"": 15, ""n_init"": 10}",0.7862107848354868,7,False,False,False
target_heavy,0.6,0.15,0.1,0.075,0.075,bellevue_150th_newport,kmeans,bellevue_150th_newport|kmeans|trial_015,15,"{""max_iter"": 300, ""n_clusters"": 16, ""n_init"": 10}",0.7377750744898797,9,False,False,False
target_heavy,0.6,0.15,0.1,0.075,0.075,bellevue_150th_newport,kmeans,bellevue_150th_newport|kmeans|trial_016,16,"{""max_iter"": 300, ""n_clusters"": 17, ""n_init"": 10}",0.6833075565229838,11,False,False,False
target_heavy,0.6,0.15,0.1,0.075,0.075,bellevue_150th_newport,kmeans,bellevue_150th_newport|kmeans|trial_017,17,"{""max_iter"": 300, ""n_clusters"": 18, ""n_init"": 10}",0.6338087344383077,13,False,False,False
target_heavy,0.6,0.15,0.1,0.075,0.075,bellevue_150th_newport,kmeans,bellevue_150th_newport|kmeans|trial_018,18,"{""max_iter"": 300, ""n_clusters"": 19, ""n_init"": 10}",0.5829824712220236,15,False,False,False
target_heavy,0.6,0.15,0.1,0.075,0.075,bellevue_150th_newport,kmeans,bellevue_150th_newport|kmeans|trial_019,19,"{""max_iter"": 300, ""n_clusters"": 20, ""n_init"": 10}",0.5315872438782565,17,False,False,False
target_heavy,0.6,0.15,0.1,0.075,0.075,bellevue_150th_newport,kmeans,bellevue_150th_newport|kmeans|trial_020,20,"{""max_iter"": 300, ""n_clusters"": 21, ""n_init"": 10}",0.4820198679480146,18,False,False,False
target_heavy,0.6,0.15,0.1,0.075,0.075,bellevue_150th_newport,kmeans,bellevue_150th_newport|kmeans|trial_021,21,"{""max_iter"": 300, ""n_clusters"": 22, ""n_init"": 10}",0.4305187787198084,20,False,False,False
target_heavy,0.6,0.15,0.1,0.075,0.075,bellevue_150th_newport,kmeans,bellevue_150th_newport|kmeans|trial_022,22,"{""max_iter"": 300, ""n_clusters"": 23, ""n_init"": 10}",0.38128347039035076,22,False,False,False
target_heavy,0.6,0.15,0.1,0.075,0.075,bellevue_150th_newport,kmeans,bellevue_150th_newport|kmeans|trial_023,23,"{""max_iter"": 300, ""n_clusters"": 24, ""n_init"": 10}",0.3289718142104167,28,False,False,False
target_heavy,0.6,0.15,0.1,0.075,0.075,bellevue_150th_newport,kmeans,bellevue_150th_newport|kmeans|trial_024,24,"{""max_iter"": 300, ""n_clusters"": 25, ""n_init"": 10}",0.3298514101219621,25,False,False,False
target_heavy,0.6,0.15,0.1,0.075,0.075,bellevue_150th_newport,kmeans,bellevue_150th_newport|kmeans|trial_025,25,"{""max_iter"": 300, ""n_clusters"": 26, ""n_init"": 10}",0.3305203355259064,23,False,False,False
target_heavy,0.6,0.15,0.1,0.075,0.075,bellevue_150th_newport,kmeans,bellevue_150th_newport|kmeans|trial_026,26,"{""max_iter"": 300, ""n_clusters"": 27, ""n_init"": 10}",0.3290677743632674,27,False,False,False
target_heavy,0.6,0.15,0.1,0.075,0.075,bellevue_150th_newport,kmeans,bellevue_150th_newport|kmeans|trial_027,27,"{""max_iter"": 300, ""n_clusters"": 28, ""n_init"": 10}",0.32778221271003555,29,False,False,False
target_heavy,0.6,0.15,0.1,0.075,0.075,bellevue_150th_newport,kmeans,bellevue_150th_newport|kmeans|trial_028,28,"{""max_iter"": 300, ""n_clusters"": 29, ""n_init"": 10}",0.3300740847036024,24,False,False,False
target_heavy,0.6,0.15,0.1,0.075,0.075,bellevue_150th_newport,kmeans,bellevue_150th_newport|kmeans|trial_029,29,"{""max_iter"": 300, ""n_clusters"": 30, ""n_init"": 10}",0.32949427862285174,26,False,False,False
outlier_heavy,0.35,0.35,0.1,0.1,0.1,bellevue_150th_newport,kmeans,bellevue_150th_newport|kmeans|trial_001,1,"{""max_iter"": 300, ""n_clusters"": 2, ""n_init"": 10}",0.5754602803982126,22,False,False,False
outlier_heavy,0.35,0.35,0.1,0.1,0.1,bellevue_150th_newport,kmeans,bellevue_150th_newport|kmeans|trial_002,2,"{""max_iter"": 300, ""n_clusters"": 3, ""n_init"": 10}",0.643200370476448,19,False,False,False
outlier_heavy,0.35,0.35,0.1,0.1,0.1,bellevue_150th_newport,kmeans,bellevue_150th_newport|kmeans|trial_003,3,"{""max_iter"": 300, ""n_clusters"": 4, ""n_init"": 10}",0.6936304097687369,16,False,False,False
outlier_heavy,0.35,0.35,0.1,0.1,0.1,bellevue_150th_newport,kmeans,bellevue_150th_newport|kmeans|trial_004,4,"{""max_iter"": 300, ""n_clusters"": 5, ""n_init"": 10}",0.7267095825698303,14,False,False,False
outlier_heavy,0.35,0.35,0.1,0.1,0.1,bellevue_150th_newport,kmeans,bellevue_150th_newport|kmeans|trial_005,5,"{""max_iter"": 300, ""n_clusters"": 6, ""n_init"": 10}",0.7622135706355062,12,False,False,False
outlier_heavy,0.35,0.35,0.1,0.1,0.1,bellevue_150th_newport,kmeans,bellevue_150th_newport|kmeans|trial_006,6,"{""max_iter"": 300, ""n_clusters"": 7, ""n_init"": 10}",0.7987042590439846,10,False,True,False
outlier_heavy,0.35,0.35,0.1,0.1,0.1,bellevue_150th_newport,kmeans,bellevue_150th_newport|kmeans|trial_007,7,"{""max_iter"": 300, ""n_clusters"": 8, ""n_init"": 10}",0.826858738868944,8,False,False,False
outlier_heavy,0.35,0.35,0.1,0.1,0.1,bellevue_150th_newport,kmeans,bellevue_150th_newport|kmeans|trial_008,8,"{""max_iter"": 300, ""n_clusters"": 9, ""n_init"": 10}",0.8532241955646229,6,False,False,False
outlier_heavy,0.35,0.35,0.1,0.1,0.1,bellevue_150th_newport,kmeans,bellevue_150th_newport|kmeans|trial_009,9,"{""max_iter"": 300, ""n_clusters"": 10, ""n_init"": 10}",0.8814030130622849,4,False,False,False
outlier_heavy,0.35,0.35,0.1,0.1,0.1,bellevue_150th_newport,kmeans,bellevue_150th_newport|kmeans|trial_010,10,"{""max_iter"": 300, ""n_clusters"": 11, ""n_init"": 10}",0.9001013427803908,2,False,False,False
outlier_heavy,0.35,0.35,0.1,0.1,0.1,bellevue_150th_newport,kmeans,bellevue_150th_newport|kmeans|trial_011,11,"{""max_iter"": 300, ""n_clusters"": 12, ""n_init"": 10}",0.9235568988842722,1,True,False,True
outlier_heavy,0.35,0.35,0.1,0.1,0.1,bellevue_150th_newport,kmeans,bellevue_150th_newport|kmeans|trial_012,12,"{""max_iter"": 300, ""n_clusters"": 13, ""n_init"": 10}",0.8959001014080524,3,False,False,False
outlier_heavy,0.35,0.35,0.1,0.1,0.1,bellevue_150th_newport,kmeans,bellevue_150th_newport|kmeans|trial_013,13,"{""max_iter"": 300, ""n_clusters"": 14, ""n_init"": 10}",0.8636919118647151,5,False,False,False
outlier_heavy,0.35,0.35,0.1,0.1,0.1,bellevue_150th_newport,kmeans,bellevue_150th_newport|kmeans|trial_014,14,"{""max_iter"": 300, ""n_clusters"": 15, ""n_init"": 10}",0.8348431769428547,7,False,False,False
outlier_heavy,0.35,0.35,0.1,0.1,0.1,bellevue_150th_newport,kmeans,bellevue_150th_newport|kmeans|trial_015,15,"{""max_iter"": 300, ""n_clusters"": 16, ""n_init"": 10}",0.805773623989301,9,False,False,False
outlier_heavy,0.35,0.35,0.1,0.1,0.1,bellevue_150th_newport,kmeans,bellevue_150th_newport|kmeans|trial_016,16,"{""max_iter"": 300, ""n_clusters"": 17, ""n_init"": 10}",0.7725313803193692,11,False,False,False
outlier_heavy,0.35,0.35,0.1,0.1,0.1,bellevue_150th_newport,kmeans,bellevue_150th_newport|kmeans|trial_017,17,"{""max_iter"": 300, ""n_clusters"": 18, ""n_init"": 10}",0.7439039602249561,13,False,False,False
outlier_heavy,0.35,0.35,0.1,0.1,0.1,bellevue_150th_newport,kmeans,bellevue_150th_newport|kmeans|trial_018,18,"{""max_iter"": 300, ""n_clusters"": 19, ""n_init"": 10}",0.7117437464299667,15,False,False,False
outlier_heavy,0.35,0.35,0.1,0.1,0.1,bellevue_150th_newport,kmeans,bellevue_150th_newport|kmeans|trial_019,19,"{""max_iter"": 300, ""n_clusters"": 20, ""n_init"": 10}",0.6804802937832843,17,False,False,False
outlier_heavy,0.35,0.35,0.1,0.1,0.1,bellevue_150th_newport,kmeans,bellevue_150th_newport|kmeans|trial_020,20,"{""max_iter"": 300, ""n_clusters"": 21, ""n_init"": 10}",0.6518582115475838,18,False,False,False
outlier_heavy,0.35,0.35,0.1,0.1,0.1,bellevue_150th_newport,kmeans,bellevue_150th_newport|kmeans|trial_021,21,"{""max_iter"": 300, ""n_clusters"": 22, ""n_init"": 10}",0.6207115910180052,20,False,False,False
outlier_heavy,0.35,0.35,0.1,0.1,0.1,bellevue_150th_newport,kmeans,bellevue_150th_newport|kmeans|trial_022,22,"{""max_iter"": 300, ""n_clusters"": 23, ""n_init"": 10}",0.5923710272731282,21,False,False,False
outlier_heavy,0.35,0.35,0.1,0.1,0.1,bellevue_150th_newport,kmeans,bellevue_150th_newport|kmeans|trial_023,23,"{""max_iter"": 300, ""n_clusters"": 24, ""n_init"": 10}",0.5602941398974534,28,False,False,False
outlier_heavy,0.35,0.35,0.1,0.1,0.1,bellevue_150th_newport,kmeans,bellevue_150th_newport|kmeans|trial_024,24,"{""max_iter"": 300, ""n_clusters"": 25, ""n_init"": 10}",0.5614884328875436,25,False,False,False
outlier_heavy,0.35,0.35,0.1,0.1,0.1,bellevue_150th_newport,kmeans,bellevue_150th_newport|kmeans|trial_025,25,"{""max_iter"": 300, ""n_clusters"": 26, ""n_init"": 10}",0.562315838102047,23,False,False,False
outlier_heavy,0.35,0.35,0.1,0.1,0.1,bellevue_150th_newport,kmeans,bellevue_150th_newport|kmeans|trial_026,26,"{""max_iter"": 300, ""n_clusters"": 27, ""n_init"": 10}",0.5604220867679209,27,False,False,False
outlier_heavy,0.35,0.35,0.1,0.1,0.1,bellevue_150th_newport,kmeans,bellevue_150th_newport|kmeans|trial_027,27,"{""max_iter"": 300, ""n_clusters"": 28, ""n_init"": 10}",0.5587187537842933,29,False,False,False
outlier_heavy,0.35,0.35,0.1,0.1,0.1,bellevue_150th_newport,kmeans,bellevue_150th_newport|kmeans|trial_028,28,"{""max_iter"": 300, ""n_clusters"": 29, ""n_init"": 10}",0.5617638338883676,24,False,False,False
outlier_heavy,0.35,0.35,0.1,0.1,0.1,bellevue_150th_newport,kmeans,bellevue_150th_newport|kmeans|trial_029,29,"{""max_iter"": 300, ""n_clusters"": 30, ""n_init"": 10}",0.5610015083347148,26,False,False,False
original,0.5,0.2,0.1,0.1,0.1,bellevue_150th_newport,optics,bellevue_150th_newport|optics|trial_001,1,"{""max_eps"": 0.009519037609703348, ""min_samples"": 40, ""xi"": 0.05}",0.5840720034731722,12,False,False,False
original,0.5,0.2,0.1,0.1,0.1,bellevue_150th_newport,optics,bellevue_150th_newport|optics|trial_002,2,"{""max_eps"": 0.012798475487971639, ""min_samples"": 40, ""xi"": 0.05}",0.6741609510305739,6,False,False,False
original,0.5,0.2,0.1,0.1,0.1,bellevue_150th_newport,optics,bellevue_150th_newport|optics|trial_003,3,"{""max_eps"": 0.01872090448460329, ""min_samples"": 40, ""xi"": 0.05}",0.6427670756956353,10,False,False,False
original,0.5,0.2,0.1,0.1,0.1,bellevue_150th_newport,optics,bellevue_150th_newport|optics|trial_004,4,"{""max_eps"": 0.036343618402565836, ""min_samples"": 40, ""xi"": 0.05}",0.690356024407832,2,False,False,False
original,0.5,0.2,0.1,0.1,0.1,bellevue_150th_newport,optics,bellevue_150th_newport|optics|trial_005,5,"{""max_eps"": 0.009519037609703348, ""min_samples"": 40, ""xi"": 0.07}",0.5921404471256492,11,False,False,False
original,0.5,0.2,0.1,0.1,0.1,bellevue_150th_newport,optics,bellevue_150th_newport|optics|trial_006,6,"{""max_eps"": 0.012798475487971639, ""min_samples"": 40, ""xi"": 0.07}",0.6806028812647191,5,False,False,False
original,0.5,0.2,0.1,0.1,0.1,bellevue_150th_newport,optics,bellevue_150th_newport|optics|trial_007,7,"{""max_eps"": 0.01872090448460329, ""min_samples"": 40, ""xi"": 0.07}",0.6679093478321714,7,False,False,False
original,0.5,0.2,0.1,0.1,0.1,bellevue_150th_newport,optics,bellevue_150th_newport|optics|trial_008,8,"{""max_eps"": 0.036343618402565836, ""min_samples"": 40, ""xi"": 0.07}",0.7183601988894607,1,True,False,True
original,0.5,0.2,0.1,0.1,0.1,bellevue_150th_newport,optics,bellevue_150th_newport|optics|trial_009,9,"{""max_eps"": 0.009519037609703348, ""min_samples"": 80, ""xi"": 0.05}",0.16972213264538322,15,False,False,False
original,0.5,0.2,0.1,0.1,0.1,bellevue_150th_newport,optics,bellevue_150th_newport|optics|trial_010,10,"{""max_eps"": 0.012798475487971639, ""min_samples"": 80, ""xi"": 0.05}",0.523605610881617,13,False,True,False
original,0.5,0.2,0.1,0.1,0.1,bellevue_150th_newport,optics,bellevue_150th_newport|optics|trial_011,11,"{""max_eps"": 0.01872090448460329, ""min_samples"": 80, ""xi"": 0.05}",0.6451004257340307,8,False,False,False
original,0.5,0.2,0.1,0.1,0.1,bellevue_150th_newport,optics,bellevue_150th_newport|optics|trial_012,12,"{""max_eps"": 0.036343618402565836, ""min_samples"": 80, ""xi"": 0.05}",0.6806195596750008,3,False,False,False
original,0.5,0.2,0.1,0.1,0.1,bellevue_150th_newport,optics,bellevue_150th_newport|optics|trial_013,13,"{""max_eps"": 0.009519037609703348, ""min_samples"": 80, ""xi"": 0.07}",0.16972213264538322,16,False,False,False
original,0.5,0.2,0.1,0.1,0.1,bellevue_150th_newport,optics,bellevue_150th_newport|optics|trial_014,14,"{""max_eps"": 0.012798475487971639, ""min_samples"": 80, ""xi"": 0.07}",0.523605610881617,14,False,False,False
original,0.5,0.2,0.1,0.1,0.1,bellevue_150th_newport,optics,bellevue_150th_newport|optics|trial_015,15,"{""max_eps"": 0.01872090448460329, ""min_samples"": 80, ""xi"": 0.07}",0.6451004257340307,9,False,False,False
original,0.5,0.2,0.1,0.1,0.1,bellevue_150th_newport,optics,bellevue_150th_newport|optics|trial_016,16,"{""max_eps"": 0.036343618402565836, ""min_samples"": 80, ""xi"": 0.07}",0.6806195596750008,4,False,False,False
reviewer_example,0.4,0.3,0.1,0.1,0.1,bellevue_150th_newport,optics,bellevue_150th_newport|optics|trial_001,1,"{""max_eps"": 0.009519037609703348, ""min_samples"": 40, ""xi"": 0.05}",0.5827982208224144,12,False,False,False
reviewer_example,0.4,0.3,0.1,0.1,0.1,bellevue_150th_newport,optics,bellevue_150th_newport|optics|trial_002,2,"{""max_eps"": 0.012798475487971639, ""min_samples"": 40, ""xi"": 0.05}",0.6844828901899849,7,False,False,False
reviewer_example,0.4,0.3,0.1,0.1,0.1,bellevue_150th_newport,optics,bellevue_150th_newport|optics|trial_003,3,"{""max_eps"": 0.01872090448460329, ""min_samples"": 40, ""xi"": 0.05}",0.666452983467322,10,False,False,False
reviewer_example,0.4,0.3,0.1,0.1,0.1,bellevue_150th_newport,optics,bellevue_150th_newport|optics|trial_004,4,"{""max_eps"": 0.036343618402565836, ""min_samples"": 40, ""xi"": 0.05}",0.7118356546346405,4,False,False,False
reviewer_example,0.4,0.3,0.1,0.1,0.1,bellevue_150th_newport,optics,bellevue_150th_newport|optics|trial_005,5,"{""max_eps"": 0.009519037609703348, ""min_samples"": 40, ""xi"": 0.07}",0.59386569704503,11,False,False,False
reviewer_example,0.4,0.3,0.1,0.1,0.1,bellevue_150th_newport,optics,bellevue_150th_newport|optics|trial_006,6,"{""max_eps"": 0.012798475487971639, ""min_samples"": 40, ""xi"": 0.07}",0.6949557781796929,6,False,False,False
reviewer_example,0.4,0.3,0.1,0.1,0.1,bellevue_150th_newport,optics,bellevue_150th_newport|optics|trial_007,7,"{""max_eps"": 0.01872090448460329, ""min_samples"": 40, ""xi"": 0.07}",0.7025917083610329,5,False,False,False
reviewer_example,0.4,0.3,0.1,0.1,0.1,bellevue_150th_newport,optics,bellevue_150th_newport|optics|trial_008,8,"{""max_eps"": 0.036343618402565836, ""min_samples"": 40, ""xi"": 0.07}",0.7520294453690909,1,True,False,True
reviewer_example,0.4,0.3,0.1,0.1,0.1,bellevue_150th_newport,optics,bellevue_150th_newport|optics|trial_009,9,"{""max_eps"": 0.009519037609703348, ""min_samples"": 80, ""xi"": 0.05}",0.17541653230140813,15,False,False,False
reviewer_example,0.4,0.3,0.1,0.1,0.1,bellevue_150th_newport,optics,bellevue_150th_newport|optics|trial_010,10,"{""max_eps"": 0.012798475487971639, ""min_samples"": 80, ""xi"": 0.05}",0.5439001395282901,13,False,True,False
reviewer_example,0.4,0.3,0.1,0.1,0.1,bellevue_150th_newport,optics,bellevue_150th_newport|optics|trial_011,11,"{""max_eps"": 0.01872090448460329, ""min_samples"": 80, ""xi"": 0.05}",0.6746876556598611,8,False,False,False
reviewer_example,0.4,0.3,0.1,0.1,0.1,bellevue_150th_newport,optics,bellevue_150th_newport|optics|trial_012,12,"{""max_eps"": 0.036343618402565836, ""min_samples"": 80, ""xi"": 0.05}",0.7223319105295637,2,False,False,False
reviewer_example,0.4,0.3,0.1,0.1,0.1,bellevue_150th_newport,optics,bellevue_150th_newport|optics|trial_013,13,"{""max_eps"": 0.009519037609703348, ""min_samples"": 80, ""xi"": 0.07}",0.17541653230140813,16,False,False,False
reviewer_example,0.4,0.3,0.1,0.1,0.1,bellevue_150th_newport,optics,bellevue_150th_newport|optics|trial_014,14,"{""max_eps"": 0.012798475487971639, ""min_samples"": 80, ""xi"": 0.07}",0.5439001395282901,14,False,False,False
reviewer_example,0.4,0.3,0.1,0.1,0.1,bellevue_150th_newport,optics,bellevue_150th_newport|optics|trial_015,15,"{""max_eps"": 0.01872090448460329, ""min_samples"": 80, ""xi"": 0.07}",0.6746876556598611,9,False,False,False
reviewer_example,0.4,0.3,0.1,0.1,0.1,bellevue_150th_newport,optics,bellevue_150th_newport|optics|trial_016,16,"{""max_eps"": 0.036343618402565836, ""min_samples"": 80, ""xi"": 0.07}",0.7223319105295637,3,False,False,False
moderate_target,0.4,0.2,0.15,0.125,0.125,bellevue_150th_newport,optics,bellevue_150th_newport|optics|trial_001,1,"{""max_eps"": 0.009519037609703348, ""min_samples"": 40, ""xi"": 0.05}",0.6083824218084724,12,False,False,False
moderate_target,0.4,0.2,0.15,0.125,0.125,bellevue_150th_newport,optics,bellevue_150th_newport|optics|trial_002,2,"{""max_eps"": 0.012798475487971639, ""min_samples"": 40, ""xi"": 0.05}",0.6921423407053023,7,False,False,False
moderate_target,0.4,0.2,0.15,0.125,0.125,bellevue_150th_newport,optics,bellevue_150th_newport|optics|trial_003,3,"{""max_eps"": 0.01872090448460329, ""min_samples"": 40, ""xi"": 0.05}",0.667857685044423,10,False,False,False
moderate_target,0.4,0.2,0.15,0.125,0.125,bellevue_150th_newport,optics,bellevue_150th_newport|optics|trial_004,4,"{""max_eps"": 0.036343618402565836, ""min_samples"": 40, ""xi"": 0.05}",0.7057279426691129,4,False,False,False
moderate_target,0.4,0.2,0.15,0.125,0.125,bellevue_150th_newport,optics,bellevue_150th_newport|optics|trial_005,5,"{""max_eps"": 0.009519037609703348, ""min_samples"": 40, ""xi"": 0.07}",0.6175392431743036,11,False,False,False
moderate_target,0.4,0.2,0.15,0.125,0.125,bellevue_150th_newport,optics,bellevue_150th_newport|optics|trial_006,6,"{""max_eps"": 0.012798475487971639, ""min_samples"": 40, ""xi"": 0.07}",0.6987328023396204,5,False,False,False
moderate_target,0.4,0.2,0.15,0.125,0.125,bellevue_150th_newport,optics,bellevue_150th_newport|optics|trial_007,7,"{""max_eps"": 0.01872090448460329, ""min_samples"": 40, ""xi"": 0.07}",0.695249236437436,6,False,False,False
moderate_target,0.4,0.2,0.15,0.125,0.125,bellevue_150th_newport,optics,bellevue_150th_newport|optics|trial_008,8,"{""max_eps"": 0.036343618402565836, ""min_samples"": 40, ""xi"": 0.07}",0.736103795719014,1,True,False,True
moderate_target,0.4,0.2,0.15,0.125,0.125,bellevue_150th_newport,optics,bellevue_150th_newport|optics|trial_009,9,"{""max_eps"": 0.009519037609703348, ""min_samples"": 80, ""xi"": 0.05}",0.18638879931204988,15,False,False,False
moderate_target,0.4,0.2,0.15,0.125,0.125,bellevue_150th_newport,optics,bellevue_150th_newport|optics|trial_010,10,"{""max_eps"": 0.012798475487971639, ""min_samples"": 80, ""xi"": 0.05}",0.5668091379337258,13,False,True,False
moderate_target,0.4,0.2,0.15,0.125,0.125,bellevue_150th_newport,optics,bellevue_150th_newport|optics|trial_011,11,"{""max_eps"": 0.01872090448460329, ""min_samples"": 80, ""xi"": 0.05}",0.6692865363294206,8,False,False,False
moderate_target,0.4,0.2,0.15,0.125,0.125,bellevue_150th_newport,optics,bellevue_150th_newport|optics|trial_012,12,"{""max_eps"": 0.036343618402565836, ""min_samples"": 80, ""xi"": 0.05}",0.7078191180483258,2,False,False,False
moderate_target,0.4,0.2,0.15,0.125,0.125,bellevue_150th_newport,optics,bellevue_150th_newport|optics|trial_013,13,"{""max_eps"": 0.009519037609703348, ""min_samples"": 80, ""xi"": 0.07}",0.18638879931204988,16,False,False,False
moderate_target,0.4,0.2,0.15,0.125,0.125,bellevue_150th_newport,optics,bellevue_150th_newport|optics|trial_014,14,"{""max_eps"": 0.012798475487971639, ""min_samples"": 80, ""xi"": 0.07}",0.5668091379337258,14,False,False,False
moderate_target,0.4,0.2,0.15,0.125,0.125,bellevue_150th_newport,optics,bellevue_150th_newport|optics|trial_015,15,"{""max_eps"": 0.01872090448460329, ""min_samples"": 80, ""xi"": 0.07}",0.6692865363294206,9,False,False,False
moderate_target,0.4,0.2,0.15,0.125,0.125,bellevue_150th_newport,optics,bellevue_150th_newport|optics|trial_016,16,"{""max_eps"": 0.036343618402565836, ""min_samples"": 80, ""xi"": 0.07}",0.7078191180483258,3,False,False,False
balanced_task_internal,0.3,0.2,0.15,0.175,0.175,bellevue_150th_newport,optics,bellevue_150th_newport|optics|trial_001,1,"{""max_eps"": 0.009519037609703348, ""min_samples"": 40, ""xi"": 0.05}",0.6463811539125601,12,False,False,False
balanced_task_internal,0.3,0.2,0.15,0.175,0.175,bellevue_150th_newport,optics,bellevue_150th_newport|optics|trial_002,2,"{""max_eps"": 0.012798475487971639, ""min_samples"": 40, ""xi"": 0.05}",0.7263633007342644,7,False,False,False
balanced_task_internal,0.3,0.2,0.15,0.175,0.175,bellevue_150th_newport,optics,bellevue_150th_newport|optics|trial_003,3,"{""max_eps"": 0.01872090448460329, ""min_samples"": 40, ""xi"": 0.05}",0.7130717264991098,8,False,False,False
balanced_task_internal,0.3,0.2,0.15,0.175,0.175,bellevue_150th_newport,optics,bellevue_150th_newport|optics|trial_004,4,"{""max_eps"": 0.036343618402565836, ""min_samples"": 40, ""xi"": 0.05}",0.7390475367674325,5,False,False,False
balanced_task_internal,0.3,0.2,0.15,0.175,0.175,bellevue_150th_newport,optics,bellevue_150th_newport|optics|trial_005,5,"{""max_eps"": 0.009519037609703348, ""min_samples"": 40, ""xi"": 0.07}",0.6554315983638821,11,False,False,False
balanced_task_internal,0.3,0.2,0.15,0.175,0.175,bellevue_150th_newport,optics,bellevue_150th_newport|optics|trial_006,6,"{""max_eps"": 0.012798475487971639, ""min_samples"": 40, ""xi"": 0.07}",0.7310367142912565,6,False,False,False
balanced_task_internal,0.3,0.2,0.15,0.175,0.175,bellevue_150th_newport,optics,bellevue_150th_newport|optics|trial_007,7,"{""max_eps"": 0.01872090448460329, ""min_samples"": 40, ""xi"": 0.07}",0.7391140860013545,4,False,False,False
balanced_task_internal,0.3,0.2,0.15,0.175,0.175,bellevue_150th_newport,optics,bellevue_150th_newport|optics|trial_008,8,"{""max_eps"": 0.036343618402565836, ""min_samples"": 40, ""xi"": 0.07}",0.7683049746567744,1,True,False,True
balanced_task_internal,0.3,0.2,0.15,0.175,0.175,bellevue_150th_newport,optics,bellevue_150th_newport|optics|trial_009,9,"{""max_eps"": 0.009519037609703348, ""min_samples"": 80, ""xi"": 0.05}",0.22805546597871654,15,False,False,False
balanced_task_internal,0.3,0.2,0.15,0.175,0.175,bellevue_150th_newport,optics,bellevue_150th_newport|optics|trial_010,10,"{""max_eps"": 0.012798475487971639, ""min_samples"": 80, ""xi"": 0.05}",0.6300853040844455,13,False,True,False
balanced_task_internal,0.3,0.2,0.15,0.175,0.175,bellevue_150th_newport,optics,bellevue_150th_newport|optics|trial_011,11,"{""max_eps"": 0.01872090448460329, ""min_samples"": 80, ""xi"": 0.05}",0.7068402810210108,9,False,False,False
balanced_task_internal,0.3,0.2,0.15,0.175,0.175,bellevue_150th_newport,optics,bellevue_150th_newport|optics|trial_012,12,"{""max_eps"": 0.036343618402565836, ""min_samples"": 80, ""xi"": 0.05}",0.75061485926755,2,False,False,False
balanced_task_internal,0.3,0.2,0.15,0.175,0.175,bellevue_150th_newport,optics,bellevue_150th_newport|optics|trial_013,13,"{""max_eps"": 0.009519037609703348, ""min_samples"": 80, ""xi"": 0.07}",0.22805546597871654,16,False,False,False
balanced_task_internal,0.3,0.2,0.15,0.175,0.175,bellevue_150th_newport,optics,bellevue_150th_newport|optics|trial_014,14,"{""max_eps"": 0.012798475487971639, ""min_samples"": 80, ""xi"": 0.07}",0.6300853040844455,14,False,False,False
balanced_task_internal,0.3,0.2,0.15,0.175,0.175,bellevue_150th_newport,optics,bellevue_150th_newport|optics|trial_015,15,"{""max_eps"": 0.01872090448460329, ""min_samples"": 80, ""xi"": 0.07}",0.7068402810210108,10,False,False,False
balanced_task_internal,0.3,0.2,0.15,0.175,0.175,bellevue_150th_newport,optics,bellevue_150th_newport|optics|trial_016,16,"{""max_eps"": 0.036343618402565836, ""min_samples"": 80, ""xi"": 0.07}",0.75061485926755,3,False,False,False
equal_weights,0.2,0.2,0.2,0.2,0.2,bellevue_150th_newport,optics,bellevue_150th_newport|optics|trial_001,1,"{""max_eps"": 0.009519037609703348, ""min_samples"": 40, ""xi"": 0.05}",0.6706915722478601,14,False,False,False
equal_weights,0.2,0.2,0.2,0.2,0.2,bellevue_150th_newport,optics,bellevue_150th_newport|optics|trial_002,2,"{""max_eps"": 0.012798475487971639, ""min_samples"": 40, ""xi"": 0.05}",0.7443446904089926,7,False,False,False
equal_weights,0.2,0.2,0.2,0.2,0.2,bellevue_150th_newport,optics,bellevue_150th_newport|optics|trial_003,3,"{""max_eps"": 0.01872090448460329, ""min_samples"": 40, ""xi"": 0.05}",0.7381623358478976,8,False,False,False
equal_weights,0.2,0.2,0.2,0.2,0.2,bellevue_150th_newport,optics,bellevue_150th_newport|optics|trial_004,4,"{""max_eps"": 0.036343618402565836, ""min_samples"": 40, ""xi"": 0.05}",0.7544194550287135,5,False,False,False
equal_weights,0.2,0.2,0.2,0.2,0.2,bellevue_150th_newport,optics,bellevue_150th_newport|optics|trial_005,5,"{""max_eps"": 0.009519037609703348, ""min_samples"": 40, ""xi"": 0.07}",0.6808303944125367,11,False,False,False
equal_weights,0.2,0.2,0.2,0.2,0.2,bellevue_150th_newport,optics,bellevue_150th_newport|optics|trial_006,6,"{""max_eps"": 0.012798475487971639, ""min_samples"": 40, ""xi"": 0.07}",0.7491666353661577,6,False,False,False
equal_weights,0.2,0.2,0.2,0.2,0.2,bellevue_150th_newport,optics,bellevue_150th_newport|optics|trial_007,7,"{""max_eps"": 0.01872090448460329, ""min_samples"": 40, ""xi"": 0.07}",0.7664539746066191,4,False,False,False
equal_weights,0.2,0.2,0.2,0.2,0.2,bellevue_150th_newport,optics,bellevue_150th_newport|optics|trial_008,8,"{""max_eps"": 0.036343618402565836, ""min_samples"": 40, ""xi"": 0.07}",0.7860485714863277,1,True,False,True
equal_weights,0.2,0.2,0.2,0.2,0.2,bellevue_150th_newport,optics,bellevue_150th_newport|optics|trial_009,9,"{""max_eps"": 0.009519037609703348, ""min_samples"": 80, ""xi"": 0.05}",0.2447221326453832,15,False,False,False
equal_weights,0.2,0.2,0.2,0.2,0.2,bellevue_150th_newport,optics,bellevue_150th_newport|optics|trial_010,10,"{""max_eps"": 0.012798475487971639, ""min_samples"": 80, ""xi"": 0.05}",0.6732888311365544,12,False,True,False
equal_weights,0.2,0.2,0.2,0.2,0.2,bellevue_150th_newport,optics,bellevue_150th_newport|optics|trial_011,11,"{""max_eps"": 0.01872090448460329, ""min_samples"": 80, ""xi"": 0.05}",0.7310263916164008,9,False,False,False
equal_weights,0.2,0.2,0.2,0.2,0.2,bellevue_150th_newport,optics,bellevue_150th_newport|optics|trial_012,12,"{""max_eps"": 0.036343618402565836, ""min_samples"": 80, ""xi"": 0.05}",0.7778144176408752,2,False,False,False
equal_weights,0.2,0.2,0.2,0.2,0.2,bellevue_150th_newport,optics,bellevue_150th_newport|optics|trial_013,13,"{""max_eps"": 0.009519037609703348, ""min_samples"": 80, ""xi"": 0.07}",0.2447221326453832,16,False,False,False
equal_weights,0.2,0.2,0.2,0.2,0.2,bellevue_150th_newport,optics,bellevue_150th_newport|optics|trial_014,14,"{""max_eps"": 0.012798475487971639, ""min_samples"": 80, ""xi"": 0.07}",0.6732888311365544,13,False,False,False
equal_weights,0.2,0.2,0.2,0.2,0.2,bellevue_150th_newport,optics,bellevue_150th_newport|optics|trial_015,15,"{""max_eps"": 0.01872090448460329, ""min_samples"": 80, ""xi"": 0.07}",0.7310263916164008,10,False,False,False
equal_weights,0.2,0.2,0.2,0.2,0.2,bellevue_150th_newport,optics,bellevue_150th_newport|optics|trial_016,16,"{""max_eps"": 0.036343618402565836, ""min_samples"": 80, ""xi"": 0.07}",0.7778144176408752,3,False,False,False
target_heavy,0.6,0.15,0.1,0.075,0.075,bellevue_150th_newport,optics,bellevue_150th_newport|optics|trial_001,1,"{""max_eps"": 0.009519037609703348, ""min_samples"": 40, ""xi"": 0.05}",0.5657095287465072,12,False,False,False
target_heavy,0.6,0.15,0.1,0.075,0.075,bellevue_150th_newport,optics,bellevue_150th_newport|optics|trial_002,2,"{""max_eps"": 0.012798475487971639, ""min_samples"": 40, ""xi"": 0.05}",0.6518895014363875,4,False,False,False
target_heavy,0.6,0.15,0.1,0.075,0.075,bellevue_150th_newport,optics,bellevue_150th_newport|optics|trial_003,3,"{""max_eps"": 0.01872090448460329, ""min_samples"": 40, ""xi"": 0.05}",0.6083171010824486,10,False,False,False
target_heavy,0.6,0.15,0.1,0.075,0.075,bellevue_150th_newport,optics,bellevue_150th_newport|optics|trial_004,4,"{""max_eps"": 0.036343618402565836, ""min_samples"": 40, ""xi"": 0.05}",0.6629564122452679,2,False,False,False
target_heavy,0.6,0.15,0.1,0.075,0.075,bellevue_150th_newport,optics,bellevue_150th_newport|optics|trial_005,5,"{""max_eps"": 0.009519037609703348, ""min_samples"": 40, ""xi"": 0.07}",0.5723316445711695,11,False,False,False
target_heavy,0.6,0.15,0.1,0.075,0.075,bellevue_150th_newport,optics,bellevue_150th_newport|optics|trial_006,6,"{""max_eps"": 0.012798475487971639, ""min_samples"": 40, ""xi"": 0.07}",0.6572744768314143,3,False,False,False
target_heavy,0.6,0.15,0.1,0.075,0.075,bellevue_150th_newport,optics,bellevue_150th_newport|optics|trial_007,7,"{""max_eps"": 0.01872090448460329, ""min_samples"": 40, ""xi"": 0.07}",0.628635742785781,7,False,False,False
target_heavy,0.6,0.15,0.1,0.075,0.075,bellevue_150th_newport,optics,bellevue_150th_newport|optics|trial_008,8,"{""max_eps"": 0.036343618402565836, ""min_samples"": 40, ""xi"": 0.07}",0.6854249861807653,1,True,False,True
target_heavy,0.6,0.15,0.1,0.075,0.075,bellevue_150th_newport,optics,bellevue_150th_newport|optics|trial_009,9,"{""max_eps"": 0.009519037609703348, ""min_samples"": 80, ""xi"": 0.05}",0.14604159948403742,15,False,False,False
target_heavy,0.6,0.15,0.1,0.075,0.075,bellevue_150th_newport,optics,bellevue_150th_newport|optics|trial_010,10,"{""max_eps"": 0.012798475487971639, ""min_samples"": 80, ""xi"": 0.05}",0.4818202634829205,13,False,True,False
target_heavy,0.6,0.15,0.1,0.075,0.075,bellevue_150th_newport,optics,bellevue_150th_newport|optics|trial_011,11,"{""max_eps"": 0.01872090448460329, ""min_samples"": 80, ""xi"": 0.05}",0.6115299384253204,8,False,False,False
target_heavy,0.6,0.15,0.1,0.075,0.075,bellevue_150th_newport,optics,bellevue_150th_newport|optics|trial_012,12,"{""max_eps"": 0.036343618402565836, ""min_samples"": 80, ""xi"": 0.05}",0.638365513638107,5,False,False,False
target_heavy,0.6,0.15,0.1,0.075,0.075,bellevue_150th_newport,optics,bellevue_150th_newport|optics|trial_013,13,"{""max_eps"": 0.009519037609703348, ""min_samples"": 80, ""xi"": 0.07}",0.14604159948403742,16,False,False,False
target_heavy,0.6,0.15,0.1,0.075,0.075,bellevue_150th_newport,optics,bellevue_150th_newport|optics|trial_014,14,"{""max_eps"": 0.012798475487971639, ""min_samples"": 80, ""xi"": 0.07}",0.4818202634829205,14,False,False,False
target_heavy,0.6,0.15,0.1,0.075,0.075,bellevue_150th_newport,optics,bellevue_150th_newport|optics|trial_015,15,"{""max_eps"": 0.01872090448460329, ""min_samples"": 80, ""xi"": 0.07}",0.6115299384253204,9,False,False,False
target_heavy,0.6,0.15,0.1,0.075,0.075,bellevue_150th_newport,optics,bellevue_150th_newport|optics|trial_016,16,"{""max_eps"": 0.036343618402565836, ""min_samples"": 80, ""xi"": 0.07}",0.638365513638107,6,False,False,False
outlier_heavy,0.35,0.35,0.1,0.1,0.1,bellevue_150th_newport,optics,bellevue_150th_newport|optics|trial_001,1,"{""max_eps"": 0.009519037609703348, ""min_samples"": 40, ""xi"": 0.05}",0.5821613294970355,12,False,False,False
outlier_heavy,0.35,0.35,0.1,0.1,0.1,bellevue_150th_newport,optics,bellevue_150th_newport|optics|trial_002,2,"{""max_eps"": 0.012798475487971639, ""min_samples"": 40, ""xi"": 0.05}",0.6896438597696903,7,False,False,False
outlier_heavy,0.35,0.35,0.1,0.1,0.1,bellevue_150th_newport,optics,bellevue_150th_newport|optics|trial_003,3,"{""max_eps"": 0.01872090448460329, ""min_samples"": 40, ""xi"": 0.05}",0.6782959373531652,10,False,False,False
outlier_heavy,0.35,0.35,0.1,0.1,0.1,bellevue_150th_newport,optics,bellevue_150th_newport|optics|trial_004,4,"{""max_eps"": 0.036343618402565836, ""min_samples"": 40, ""xi"": 0.05}",0.7225754697480448,4,False,False,False
outlier_heavy,0.35,0.35,0.1,0.1,0.1,bellevue_150th_newport,optics,bellevue_150th_newport|optics|trial_005,5,"{""max_eps"": 0.009519037609703348, ""min_samples"": 40, ""xi"": 0.07}",0.5947283220047204,11,False,False,False
outlier_heavy,0.35,0.35,0.1,0.1,0.1,bellevue_150th_newport,optics,bellevue_150th_newport|optics|trial_006,6,"{""max_eps"": 0.012798475487971639, ""min_samples"": 40, ""xi"": 0.07}",0.7021322266371797,6,False,False,False
outlier_heavy,0.35,0.35,0.1,0.1,0.1,bellevue_150th_newport,optics,bellevue_150th_newport|optics|trial_007,7,"{""max_eps"": 0.01872090448460329, ""min_samples"": 40, ""xi"": 0.07}",0.7199328886254638,5,False,False,False
outlier_heavy,0.35,0.35,0.1,0.1,0.1,bellevue_150th_newport,optics,bellevue_150th_newport|optics|trial_008,8,"{""max_eps"": 0.036343618402565836, ""min_samples"": 40, ""xi"": 0.07}",0.768864068608906,1,True,False,True
outlier_heavy,0.35,0.35,0.1,0.1,0.1,bellevue_150th_newport,optics,bellevue_150th_newport|optics|trial_009,9,"{""max_eps"": 0.009519037609703348, ""min_samples"": 80, ""xi"": 0.05}",0.1782637321294206,15,False,False,False
outlier_heavy,0.35,0.35,0.1,0.1,0.1,bellevue_150th_newport,optics,bellevue_150th_newport|optics|trial_010,10,"{""max_eps"": 0.012798475487971639, ""min_samples"": 80, ""xi"": 0.05}",0.5540474038516265,13,False,True,False
outlier_heavy,0.35,0.35,0.1,0.1,0.1,bellevue_150th_newport,optics,bellevue_150th_newport|optics|trial_011,11,"{""max_eps"": 0.01872090448460329, ""min_samples"": 80, ""xi"": 0.05}",0.6894812706227762,8,False,False,False
outlier_heavy,0.35,0.35,0.1,0.1,0.1,bellevue_150th_newport,optics,bellevue_150th_newport|optics|trial_012,12,"{""max_eps"": 0.036343618402565836, ""min_samples"": 80, ""xi"": 0.05}",0.7431880859568453,2,False,False,False
outlier_heavy,0.35,0.35,0.1,0.1,0.1,bellevue_150th_newport,optics,bellevue_150th_newport|optics|trial_013,13,"{""max_eps"": 0.009519037609703348, ""min_samples"": 80, ""xi"": 0.07}",0.1782637321294206,16,False,False,False
outlier_heavy,0.35,0.35,0.1,0.1,0.1,bellevue_150th_newport,optics,bellevue_150th_newport|optics|trial_014,14,"{""max_eps"": 0.012798475487971639, ""min_samples"": 80, ""xi"": 0.07}",0.5540474038516265,14,False,False,False
outlier_heavy,0.35,0.35,0.1,0.1,0.1,bellevue_150th_newport,optics,bellevue_150th_newport|optics|trial_015,15,"{""max_eps"": 0.01872090448460329, ""min_samples"": 80, ""xi"": 0.07}",0.6894812706227762,9,False,False,False
outlier_heavy,0.35,0.35,0.1,0.1,0.1,bellevue_150th_newport,optics,bellevue_150th_newport|optics|trial_016,16,"{""max_eps"": 0.036343618402565836, ""min_samples"": 80, ""xi"": 0.07}",0.7431880859568453,3,False,False,False
original,0.5,0.2,0.1,0.1,0.1,bellevue_150th_se38th,hdbscan,bellevue_150th_se38th|hdbscan|trial_001,1,"{""min_cluster_size"": 80, ""min_samples"": 10}",0.602065007395811,2,False,False,True
original,0.5,0.2,0.1,0.1,0.1,bellevue_150th_se38th,hdbscan,bellevue_150th_se38th|hdbscan|trial_002,2,"{""min_cluster_size"": 80, ""min_samples"": 20}",0.6042337609684472,1,True,False,False
original,0.5,0.2,0.1,0.1,0.1,bellevue_150th_se38th,hdbscan,bellevue_150th_se38th|hdbscan|trial_003,3,"{""min_cluster_size"": 160, ""min_samples"": 10}",0.5275169919026174,3,False,False,False
original,0.5,0.2,0.1,0.1,0.1,bellevue_150th_se38th,hdbscan,bellevue_150th_se38th|hdbscan|trial_004,4,"{""min_cluster_size"": 160, ""min_samples"": 20}",0.49633398286453057,5,False,True,False
original,0.5,0.2,0.1,0.1,0.1,bellevue_150th_se38th,hdbscan,bellevue_150th_se38th|hdbscan|trial_005,5,"{""min_cluster_size"": 320, ""min_samples"": 10}",0.49689385692433097,4,False,False,False
original,0.5,0.2,0.1,0.1,0.1,bellevue_150th_se38th,hdbscan,bellevue_150th_se38th|hdbscan|trial_006,6,"{""min_cluster_size"": 320, ""min_samples"": 20}",0.49633398286453057,6,False,False,False
reviewer_example,0.4,0.3,0.1,0.1,0.1,bellevue_150th_se38th,hdbscan,bellevue_150th_se38th|hdbscan|trial_001,1,"{""min_cluster_size"": 80, ""min_samples"": 10}",0.6568584919798716,1,True,False,True
reviewer_example,0.4,0.3,0.1,0.1,0.1,bellevue_150th_se38th,hdbscan,bellevue_150th_se38th|hdbscan|trial_002,2,"{""min_cluster_size"": 80, ""min_samples"": 20}",0.6559556923238865,2,False,False,False
reviewer_example,0.4,0.3,0.1,0.1,0.1,bellevue_150th_se38th,hdbscan,bellevue_150th_se38th|hdbscan|trial_003,3,"{""min_cluster_size"": 160, ""min_samples"": 10}",0.5982092548461893,3,False,False,False
reviewer_example,0.4,0.3,0.1,0.1,0.1,bellevue_150th_se38th,hdbscan,bellevue_150th_se38th|hdbscan|trial_004,4,"{""min_cluster_size"": 160, ""min_samples"": 20}",0.5660198467388762,5,False,True,False
reviewer_example,0.4,0.3,0.1,0.1,0.1,bellevue_150th_se38th,hdbscan,bellevue_150th_se38th|hdbscan|trial_005,5,"{""min_cluster_size"": 320, ""min_samples"": 10}",0.5675570331896015,4,False,False,False
reviewer_example,0.4,0.3,0.1,0.1,0.1,bellevue_150th_se38th,hdbscan,bellevue_150th_se38th|hdbscan|trial_006,6,"{""min_cluster_size"": 320, ""min_samples"": 20}",0.5660198467388762,6,False,False,False
moderate_target,0.4,0.2,0.15,0.125,0.125,bellevue_150th_se38th,hdbscan,bellevue_150th_se38th|hdbscan|trial_001,1,"{""min_cluster_size"": 80, ""min_samples"": 10}",0.635918910064176,2,False,False,True
moderate_target,0.4,0.2,0.15,0.125,0.125,bellevue_150th_se38th,hdbscan,bellevue_150th_se38th|hdbscan|trial_002,2,"{""min_cluster_size"": 80, ""min_samples"": 20}",0.6399463442471006,1,True,False,False
moderate_target,0.4,0.2,0.15,0.125,0.125,bellevue_150th_se38th,hdbscan,bellevue_150th_se38th|hdbscan|trial_003,3,"{""min_cluster_size"": 160, ""min_samples"": 10}",0.579280094214984,3,False,False,False
moderate_target,0.4,0.2,0.15,0.125,0.125,bellevue_150th_se38th,hdbscan,bellevue_150th_se38th|hdbscan|trial_004,4,"{""min_cluster_size"": 160, ""min_samples"": 20}",0.5554950532454845,5,False,True,False
moderate_target,0.4,0.2,0.15,0.125,0.125,bellevue_150th_se38th,hdbscan,bellevue_150th_se38th|hdbscan|trial_005,5,"{""min_cluster_size"": 320, ""min_samples"": 10}",0.555739769793362,4,False,False,False
moderate_target,0.4,0.2,0.15,0.125,0.125,bellevue_150th_se38th,hdbscan,bellevue_150th_se38th|hdbscan|trial_006,6,"{""min_cluster_size"": 320, ""min_samples"": 20}",0.5554950532454844,6,False,False,False
balanced_task_internal,0.3,0.2,0.15,0.175,0.175,bellevue_150th_se38th,hdbscan,bellevue_150th_se38th|hdbscan|trial_001,1,"{""min_cluster_size"": 80, ""min_samples"": 10}",0.6718002540662474,2,False,False,True
balanced_task_internal,0.3,0.2,0.15,0.175,0.175,bellevue_150th_se38th,hdbscan,bellevue_150th_se38th|hdbscan|trial_002,2,"{""min_cluster_size"": 80, ""min_samples"": 20}",0.6804221870584736,1,True,False,False
balanced_task_internal,0.3,0.2,0.15,0.175,0.175,bellevue_150th_se38th,hdbscan,bellevue_150th_se38th|hdbscan|trial_003,3,"{""min_cluster_size"": 160, ""min_samples"": 10}",0.6396641333835023,3,False,False,False
balanced_task_internal,0.3,0.2,0.15,0.175,0.175,bellevue_150th_se38th,hdbscan,bellevue_150th_se38th|hdbscan|trial_004,4,"{""min_cluster_size"": 160, ""min_samples"": 20}",0.6274685009327494,4,False,True,False
balanced_task_internal,0.3,0.2,0.15,0.175,0.175,bellevue_150th_se38th,hdbscan,bellevue_150th_se38th|hdbscan|trial_005,5,"{""min_cluster_size"": 320, ""min_samples"": 10}",0.6269487817824233,6,False,False,False
balanced_task_internal,0.3,0.2,0.15,0.175,0.175,bellevue_150th_se38th,hdbscan,bellevue_150th_se38th|hdbscan|trial_006,6,"{""min_cluster_size"": 320, ""min_samples"": 20}",0.6274685009327494,5,False,False,False
equal_weights,0.2,0.2,0.2,0.2,0.2,bellevue_150th_se38th,hdbscan,bellevue_150th_se38th|hdbscan|trial_001,1,"{""min_cluster_size"": 80, ""min_samples"": 10}",0.7056541567346123,2,False,False,True
equal_weights,0.2,0.2,0.2,0.2,0.2,bellevue_150th_se38th,hdbscan,bellevue_150th_se38th|hdbscan|trial_002,2,"{""min_cluster_size"": 80, ""min_samples"": 20}",0.7161347703371271,1,True,False,False
equal_weights,0.2,0.2,0.2,0.2,0.2,bellevue_150th_se38th,hdbscan,bellevue_150th_se38th|hdbscan|trial_003,3,"{""min_cluster_size"": 160, ""min_samples"": 10}",0.691427235695869,3,False,False,False
equal_weights,0.2,0.2,0.2,0.2,0.2,bellevue_150th_se38th,hdbscan,bellevue_150th_se38th|hdbscan|trial_004,4,"{""min_cluster_size"": 160, ""min_samples"": 20}",0.6866295713137034,4,False,True,False
equal_weights,0.2,0.2,0.2,0.2,0.2,bellevue_150th_se38th,hdbscan,bellevue_150th_se38th|hdbscan|trial_005,5,"{""min_cluster_size"": 320, ""min_samples"": 10}",0.6857946946514544,6,False,False,False
equal_weights,0.2,0.2,0.2,0.2,0.2,bellevue_150th_se38th,hdbscan,bellevue_150th_se38th|hdbscan|trial_006,6,"{""min_cluster_size"": 320, ""min_samples"": 20}",0.6866295713137034,5,False,False,False
target_heavy,0.6,0.15,0.1,0.075,0.075,bellevue_150th_se38th,hdbscan,bellevue_150th_se38th|hdbscan|trial_001,1,"{""min_cluster_size"": 80, ""min_samples"": 10}",0.556727593102745,2,False,False,True
target_heavy,0.6,0.15,0.1,0.075,0.075,bellevue_150th_se38th,hdbscan,bellevue_150th_se38th|hdbscan|trial_002,2,"{""min_cluster_size"": 80, ""min_samples"": 20}",0.558134873885041,1,True,False,False
target_heavy,0.6,0.15,0.1,0.075,0.075,bellevue_150th_se38th,hdbscan,bellevue_150th_se38th|hdbscan|trial_003,3,"{""min_cluster_size"": 160, ""min_samples"": 10}",0.46197884084657237,3,False,False,False
target_heavy,0.6,0.15,0.1,0.075,0.075,bellevue_150th_se38th,hdbscan,bellevue_150th_se38th|hdbscan|trial_004,4,"{""min_cluster_size"": 160, ""min_samples"": 20}",0.4255043270837253,5,False,True,False
target_heavy,0.6,0.15,0.1,0.075,0.075,bellevue_150th_se38th,hdbscan,bellevue_150th_se38th|hdbscan|trial_005,5,"{""min_cluster_size"": 320, ""min_samples"": 10}",0.425957762797165,4,False,False,False
target_heavy,0.6,0.15,0.1,0.075,0.075,bellevue_150th_se38th,hdbscan,bellevue_150th_se38th|hdbscan|trial_006,6,"{""min_cluster_size"": 320, ""min_samples"": 20}",0.42550432708372526,6,False,False,False
outlier_heavy,0.35,0.35,0.1,0.1,0.1,bellevue_150th_se38th,hdbscan,bellevue_150th_se38th|hdbscan|trial_001,1,"{""min_cluster_size"": 80, ""min_samples"": 10}",0.6842552342719018,1,True,False,True
outlier_heavy,0.35,0.35,0.1,0.1,0.1,bellevue_150th_se38th,hdbscan,bellevue_150th_se38th|hdbscan|trial_002,2,"{""min_cluster_size"": 80, ""min_samples"": 20}",0.6818166580016061,2,False,False,False
outlier_heavy,0.35,0.35,0.1,0.1,0.1,bellevue_150th_se38th,hdbscan,bellevue_150th_se38th|hdbscan|trial_003,3,"{""min_cluster_size"": 160, ""min_samples"": 10}",0.6335553863179751,3,False,False,False
outlier_heavy,0.35,0.35,0.1,0.1,0.1,bellevue_150th_se38th,hdbscan,bellevue_150th_se38th|hdbscan|trial_004,4,"{""min_cluster_size"": 160, ""min_samples"": 20}",0.6008627786760489,5,False,True,False
outlier_heavy,0.35,0.35,0.1,0.1,0.1,bellevue_150th_se38th,hdbscan,bellevue_150th_se38th|hdbscan|trial_005,5,"{""min_cluster_size"": 320, ""min_samples"": 10}",0.6028886213222366,4,False,False,False
outlier_heavy,0.35,0.35,0.1,0.1,0.1,bellevue_150th_se38th,hdbscan,bellevue_150th_se38th|hdbscan|trial_006,6,"{""min_cluster_size"": 320, ""min_samples"": 20}",0.6008627786760489,6,False,False,False
original,0.5,0.2,0.1,0.1,0.1,bellevue_150th_se38th,kmeans,bellevue_150th_se38th|kmeans|trial_001,1,"{""max_iter"": 300, ""n_clusters"": 2, ""n_init"": 10}",0.44454331337431274,29,False,False,False
original,0.5,0.2,0.1,0.1,0.1,bellevue_150th_se38th,kmeans,bellevue_150th_se38th|kmeans|trial_002,2,"{""max_iter"": 300, ""n_clusters"": 3, ""n_init"": 10}",0.49210966601241396,28,False,False,False
original,0.5,0.2,0.1,0.1,0.1,bellevue_150th_se38th,kmeans,bellevue_150th_se38th|kmeans|trial_003,3,"{""max_iter"": 300, ""n_clusters"": 4, ""n_init"": 10}",0.5299623221028434,27,False,False,False
original,0.5,0.2,0.1,0.1,0.1,bellevue_150th_se38th,kmeans,bellevue_150th_se38th|kmeans|trial_004,4,"{""max_iter"": 300, ""n_clusters"": 5, ""n_init"": 10}",0.5597767757848554,26,False,False,False
original,0.5,0.2,0.1,0.1,0.1,bellevue_150th_se38th,kmeans,bellevue_150th_se38th|kmeans|trial_005,5,"{""max_iter"": 300, ""n_clusters"": 6, ""n_init"": 10}",0.5847851843189744,24,False,False,False
original,0.5,0.2,0.1,0.1,0.1,bellevue_150th_se38th,kmeans,bellevue_150th_se38th|kmeans|trial_006,6,"{""max_iter"": 300, ""n_clusters"": 7, ""n_init"": 10}",0.6224911844538842,22,False,False,False
original,0.5,0.2,0.1,0.1,0.1,bellevue_150th_se38th,kmeans,bellevue_150th_se38th|kmeans|trial_007,7,"{""max_iter"": 300, ""n_clusters"": 8, ""n_init"": 10}",0.6505924814443367,20,False,False,False
original,0.5,0.2,0.1,0.1,0.1,bellevue_150th_se38th,kmeans,bellevue_150th_se38th|kmeans|trial_008,8,"{""max_iter"": 300, ""n_clusters"": 9, ""n_init"": 10}",0.6825487887653329,18,False,False,False
original,0.5,0.2,0.1,0.1,0.1,bellevue_150th_se38th,kmeans,bellevue_150th_se38th|kmeans|trial_009,9,"{""max_iter"": 300, ""n_clusters"": 10, ""n_init"": 10}",0.7141657912239132,16,False,False,False
original,0.5,0.2,0.1,0.1,0.1,bellevue_150th_se38th,kmeans,bellevue_150th_se38th|kmeans|trial_010,10,"{""max_iter"": 300, ""n_clusters"": 11, ""n_init"": 10}",0.7413981378840084,14,False,False,False
original,0.5,0.2,0.1,0.1,0.1,bellevue_150th_se38th,kmeans,bellevue_150th_se38th|kmeans|trial_011,11,"{""max_iter"": 300, ""n_clusters"": 12, ""n_init"": 10}",0.7722490998129846,12,False,True,False
original,0.5,0.2,0.1,0.1,0.1,bellevue_150th_se38th,kmeans,bellevue_150th_se38th|kmeans|trial_012,12,"{""max_iter"": 300, ""n_clusters"": 13, ""n_init"": 10}",0.789345025932211,10,False,False,False
original,0.5,0.2,0.1,0.1,0.1,bellevue_150th_se38th,kmeans,bellevue_150th_se38th|kmeans|trial_013,13,"{""max_iter"": 300, ""n_clusters"": 14, ""n_init"": 10}",0.816174140944646,8,False,False,False
original,0.5,0.2,0.1,0.1,0.1,bellevue_150th_se38th,kmeans,bellevue_150th_se38th|kmeans|trial_014,14,"{""max_iter"": 300, ""n_clusters"": 15, ""n_init"": 10}",0.8431648269151918,6,False,False,False
original,0.5,0.2,0.1,0.1,0.1,bellevue_150th_se38th,kmeans,bellevue_150th_se38th|kmeans|trial_015,15,"{""max_iter"": 300, ""n_clusters"": 16, ""n_init"": 10}",0.8687707986580472,4,False,False,False
original,0.5,0.2,0.1,0.1,0.1,bellevue_150th_se38th,kmeans,bellevue_150th_se38th|kmeans|trial_016,16,"{""max_iter"": 300, ""n_clusters"": 17, ""n_init"": 10}",0.8996421776025971,2,False,False,False
original,0.5,0.2,0.1,0.1,0.1,bellevue_150th_se38th,kmeans,bellevue_150th_se38th|kmeans|trial_017,17,"{""max_iter"": 300, ""n_clusters"": 18, ""n_init"": 10}",0.9260389533222189,1,True,False,True
original,0.5,0.2,0.1,0.1,0.1,bellevue_150th_se38th,kmeans,bellevue_150th_se38th|kmeans|trial_018,18,"{""max_iter"": 300, ""n_clusters"": 19, ""n_init"": 10}",0.8910702160171946,3,False,False,False
original,0.5,0.2,0.1,0.1,0.1,bellevue_150th_se38th,kmeans,bellevue_150th_se38th|kmeans|trial_019,19,"{""max_iter"": 300, ""n_clusters"": 20, ""n_init"": 10}",0.8656773761102733,5,False,False,False
original,0.5,0.2,0.1,0.1,0.1,bellevue_150th_se38th,kmeans,bellevue_150th_se38th|kmeans|trial_020,20,"{""max_iter"": 300, ""n_clusters"": 21, ""n_init"": 10}",0.8339521307819744,7,False,False,False
original,0.5,0.2,0.1,0.1,0.1,bellevue_150th_se38th,kmeans,bellevue_150th_se38th|kmeans|trial_021,21,"{""max_iter"": 300, ""n_clusters"": 22, ""n_init"": 10}",0.8052997688679965,9,False,False,False
original,0.5,0.2,0.1,0.1,0.1,bellevue_150th_se38th,kmeans,bellevue_150th_se38th|kmeans|trial_022,22,"{""max_iter"": 300, ""n_clusters"": 23, ""n_init"": 10}",0.7815761609275393,11,False,False,False
original,0.5,0.2,0.1,0.1,0.1,bellevue_150th_se38th,kmeans,bellevue_150th_se38th|kmeans|trial_023,23,"{""max_iter"": 300, ""n_clusters"": 24, ""n_init"": 10}",0.7538877672928395,13,False,False,False
original,0.5,0.2,0.1,0.1,0.1,bellevue_150th_se38th,kmeans,bellevue_150th_se38th|kmeans|trial_024,24,"{""max_iter"": 300, ""n_clusters"": 25, ""n_init"": 10}",0.7242988270841014,15,False,False,False
original,0.5,0.2,0.1,0.1,0.1,bellevue_150th_se38th,kmeans,bellevue_150th_se38th|kmeans|trial_025,25,"{""max_iter"": 300, ""n_clusters"": 26, ""n_init"": 10}",0.698279079660584,17,False,False,False
original,0.5,0.2,0.1,0.1,0.1,bellevue_150th_se38th,kmeans,bellevue_150th_se38th|kmeans|trial_026,26,"{""max_iter"": 300, ""n_clusters"": 27, ""n_init"": 10}",0.6686833881679399,19,False,False,False
original,0.5,0.2,0.1,0.1,0.1,bellevue_150th_se38th,kmeans,bellevue_150th_se38th|kmeans|trial_027,27,"{""max_iter"": 300, ""n_clusters"": 28, ""n_init"": 10}",0.6422993793071918,21,False,False,False
original,0.5,0.2,0.1,0.1,0.1,bellevue_150th_se38th,kmeans,bellevue_150th_se38th|kmeans|trial_028,28,"{""max_iter"": 300, ""n_clusters"": 29, ""n_init"": 10}",0.6139299799149962,23,False,False,False
original,0.5,0.2,0.1,0.1,0.1,bellevue_150th_se38th,kmeans,bellevue_150th_se38th|kmeans|trial_029,29,"{""max_iter"": 300, ""n_clusters"": 30, ""n_init"": 10}",0.5835650583616838,25,False,False,False
reviewer_example,0.4,0.3,0.1,0.1,0.1,bellevue_150th_se38th,kmeans,bellevue_150th_se38th|kmeans|trial_001,1,"{""max_iter"": 300, ""n_clusters"": 2, ""n_init"": 10}",0.5334322022632016,29,False,False,False
reviewer_example,0.4,0.3,0.1,0.1,0.1,bellevue_150th_se38th,kmeans,bellevue_150th_se38th|kmeans|trial_002,2,"{""max_iter"": 300, ""n_clusters"": 3, ""n_init"": 10}",0.5754429993457473,28,False,False,False
reviewer_example,0.4,0.3,0.1,0.1,0.1,bellevue_150th_se38th,kmeans,bellevue_150th_se38th|kmeans|trial_003,3,"{""max_iter"": 300, ""n_clusters"": 4, ""n_init"": 10}",0.6077400998806213,27,False,False,False
reviewer_example,0.4,0.3,0.1,0.1,0.1,bellevue_150th_se38th,kmeans,bellevue_150th_se38th|kmeans|trial_004,4,"{""max_iter"": 300, ""n_clusters"": 5, ""n_init"": 10}",0.6319989980070777,26,False,False,False
reviewer_example,0.4,0.3,0.1,0.1,0.1,bellevue_150th_se38th,kmeans,bellevue_150th_se38th|kmeans|trial_005,5,"{""max_iter"": 300, ""n_clusters"": 6, ""n_init"": 10}",0.6514518509856411,24,False,False,False
reviewer_example,0.4,0.3,0.1,0.1,0.1,bellevue_150th_se38th,kmeans,bellevue_150th_se38th|kmeans|trial_006,6,"{""max_iter"": 300, ""n_clusters"": 7, ""n_init"": 10}",0.6836022955649953,22,False,False,False
reviewer_example,0.4,0.3,0.1,0.1,0.1,bellevue_150th_se38th,kmeans,bellevue_150th_se38th|kmeans|trial_007,7,"{""max_iter"": 300, ""n_clusters"": 8, ""n_init"": 10}",0.7061480369998923,20,False,False,False
reviewer_example,0.4,0.3,0.1,0.1,0.1,bellevue_150th_se38th,kmeans,bellevue_150th_se38th|kmeans|trial_008,8,"{""max_iter"": 300, ""n_clusters"": 9, ""n_init"": 10}",0.7325487887653329,18,False,False,False
reviewer_example,0.4,0.3,0.1,0.1,0.1,bellevue_150th_se38th,kmeans,bellevue_150th_se38th|kmeans|trial_009,9,"{""max_iter"": 300, ""n_clusters"": 10, ""n_init"": 10}",0.7586102356683576,16,False,False,False
reviewer_example,0.4,0.3,0.1,0.1,0.1,bellevue_150th_se38th,kmeans,bellevue_150th_se38th|kmeans|trial_010,10,"{""max_iter"": 300, ""n_clusters"": 11, ""n_init"": 10}",0.7802870267728972,14,False,False,False
reviewer_example,0.4,0.3,0.1,0.1,0.1,bellevue_150th_se38th,kmeans,bellevue_150th_se38th|kmeans|trial_011,11,"{""max_iter"": 300, ""n_clusters"": 12, ""n_init"": 10}",0.805582433146318,12,False,True,False
reviewer_example,0.4,0.3,0.1,0.1,0.1,bellevue_150th_se38th,kmeans,bellevue_150th_se38th|kmeans|trial_012,12,"{""max_iter"": 300, ""n_clusters"": 13, ""n_init"": 10}",0.8171228037099887,10,False,False,False
reviewer_example,0.4,0.3,0.1,0.1,0.1,bellevue_150th_se38th,kmeans,bellevue_150th_se38th|kmeans|trial_013,13,"{""max_iter"": 300, ""n_clusters"": 14, ""n_init"": 10}",0.8383963631668683,8,False,False,False
reviewer_example,0.4,0.3,0.1,0.1,0.1,bellevue_150th_se38th,kmeans,bellevue_150th_se38th|kmeans|trial_014,14,"{""max_iter"": 300, ""n_clusters"": 15, ""n_init"": 10}",0.8598314935818584,6,False,False,False
reviewer_example,0.4,0.3,0.1,0.1,0.1,bellevue_150th_se38th,kmeans,bellevue_150th_se38th|kmeans|trial_015,15,"{""max_iter"": 300, ""n_clusters"": 16, ""n_init"": 10}",0.8798819097691584,4,False,False,False
reviewer_example,0.4,0.3,0.1,0.1,0.1,bellevue_150th_se38th,kmeans,bellevue_150th_se38th|kmeans|trial_016,16,"{""max_iter"": 300, ""n_clusters"": 17, ""n_init"": 10}",0.9051977331581527,2,False,False,False
reviewer_example,0.4,0.3,0.1,0.1,0.1,bellevue_150th_se38th,kmeans,bellevue_150th_se38th|kmeans|trial_017,17,"{""max_iter"": 300, ""n_clusters"": 18, ""n_init"": 10}",0.9260389533222189,1,True,False,True
reviewer_example,0.4,0.3,0.1,0.1,0.1,bellevue_150th_se38th,kmeans,bellevue_150th_se38th|kmeans|trial_018,18,"{""max_iter"": 300, ""n_clusters"": 19, ""n_init"": 10}",0.8966257715727501,3,False,False,False
reviewer_example,0.4,0.3,0.1,0.1,0.1,bellevue_150th_se38th,kmeans,bellevue_150th_se38th|kmeans|trial_019,19,"{""max_iter"": 300, ""n_clusters"": 20, ""n_init"": 10}",0.8767884872213845,5,False,False,False
reviewer_example,0.4,0.3,0.1,0.1,0.1,bellevue_150th_se38th,kmeans,bellevue_150th_se38th|kmeans|trial_020,20,"{""max_iter"": 300, ""n_clusters"": 21, ""n_init"": 10}",0.850618797448641,7,False,False,False
reviewer_example,0.4,0.3,0.1,0.1,0.1,bellevue_150th_se38th,kmeans,bellevue_150th_se38th|kmeans|trial_021,21,"{""max_iter"": 300, ""n_clusters"": 22, ""n_init"": 10}",0.8275219910902186,9,False,False,False
reviewer_example,0.4,0.3,0.1,0.1,0.1,bellevue_150th_se38th,kmeans,bellevue_150th_se38th|kmeans|trial_022,22,"{""max_iter"": 300, ""n_clusters"": 23, ""n_init"": 10}",0.8093539387053171,11,False,False,False
reviewer_example,0.4,0.3,0.1,0.1,0.1,bellevue_150th_se38th,kmeans,bellevue_150th_se38th|kmeans|trial_023,23,"{""max_iter"": 300, ""n_clusters"": 24, ""n_init"": 10}",0.7872211006261728,13,False,False,False
reviewer_example,0.4,0.3,0.1,0.1,0.1,bellevue_150th_se38th,kmeans,bellevue_150th_se38th|kmeans|trial_024,24,"{""max_iter"": 300, ""n_clusters"": 25, ""n_init"": 10}",0.7631877159729902,15,False,False,False
reviewer_example,0.4,0.3,0.1,0.1,0.1,bellevue_150th_se38th,kmeans,bellevue_150th_se38th|kmeans|trial_025,25,"{""max_iter"": 300, ""n_clusters"": 26, ""n_init"": 10}",0.7427235241050284,17,False,False,False
reviewer_example,0.4,0.3,0.1,0.1,0.1,bellevue_150th_se38th,kmeans,bellevue_150th_se38th|kmeans|trial_026,26,"{""max_iter"": 300, ""n_clusters"": 27, ""n_init"": 10}",0.71868338816794,19,False,False,False
reviewer_example,0.4,0.3,0.1,0.1,0.1,bellevue_150th_se38th,kmeans,bellevue_150th_se38th|kmeans|trial_027,27,"{""max_iter"": 300, ""n_clusters"": 28, ""n_init"": 10}",0.6978549348627474,21,False,False,False
reviewer_example,0.4,0.3,0.1,0.1,0.1,bellevue_150th_se38th,kmeans,bellevue_150th_se38th|kmeans|trial_028,28,"{""max_iter"": 300, ""n_clusters"": 29, ""n_init"": 10}",0.6750410910261073,23,False,False,False
reviewer_example,0.4,0.3,0.1,0.1,0.1,bellevue_150th_se38th,kmeans,bellevue_150th_se38th|kmeans|trial_029,29,"{""max_iter"": 300, ""n_clusters"": 30, ""n_init"": 10}",0.6502317250283505,25,False,False,False
moderate_target,0.4,0.2,0.15,0.125,0.125,bellevue_150th_se38th,kmeans,bellevue_150th_se38th|kmeans|trial_001,1,"{""max_iter"": 300, ""n_clusters"": 2, ""n_init"": 10}",0.4887419689430218,29,False,False,False
moderate_target,0.4,0.2,0.15,0.125,0.125,bellevue_150th_se38th,kmeans,bellevue_150th_se38th|kmeans|trial_002,2,"{""max_iter"": 300, ""n_clusters"": 3, ""n_init"": 10}",0.5437452849587985,28,False,False,False
moderate_target,0.4,0.2,0.15,0.125,0.125,bellevue_150th_se38th,kmeans,bellevue_150th_se38th|kmeans|trial_003,3,"{""max_iter"": 300, ""n_clusters"": 4, ""n_init"": 10}",0.5787443511451337,27,False,False,False
moderate_target,0.4,0.2,0.15,0.125,0.125,bellevue_150th_se38th,kmeans,bellevue_150th_se38th|kmeans|trial_004,4,"{""max_iter"": 300, ""n_clusters"": 5, ""n_init"": 10}",0.6042454025408424,26,False,False,False
moderate_target,0.4,0.2,0.15,0.125,0.125,bellevue_150th_se38th,kmeans,bellevue_150th_se38th|kmeans|trial_005,5,"{""max_iter"": 300, ""n_clusters"": 6, ""n_init"": 10}",0.6236778154772519,25,False,False,False
moderate_target,0.4,0.2,0.15,0.125,0.125,bellevue_150th_se38th,kmeans,bellevue_150th_se38th|kmeans|trial_006,6,"{""max_iter"": 300, ""n_clusters"": 7, ""n_init"": 10}",0.6583626716668318,22,False,False,False
moderate_target,0.4,0.2,0.15,0.125,0.125,bellevue_150th_se38th,kmeans,bellevue_150th_se38th|kmeans|trial_007,7,"{""max_iter"": 300, ""n_clusters"": 8, ""n_init"": 10}",0.6813296070410231,20,False,False,False
moderate_target,0.4,0.2,0.15,0.125,0.125,bellevue_150th_se38th,kmeans,bellevue_150th_se38th|kmeans|trial_008,8,"{""max_iter"": 300, ""n_clusters"": 9, ""n_init"": 10}",0.7087749911922683,18,False,False,False
moderate_target,0.4,0.2,0.15,0.125,0.125,bellevue_150th_se38th,kmeans,bellevue_150th_se38th|kmeans|trial_009,9,"{""max_iter"": 300, ""n_clusters"": 10, ""n_init"": 10}",0.7357962442654937,16,False,False,False
moderate_target,0.4,0.2,0.15,0.125,0.125,bellevue_150th_se38th,kmeans,bellevue_150th_se38th|kmeans|trial_010,10,"{""max_iter"": 300, ""n_clusters"": 11, ""n_init"": 10}",0.7573366775906126,14,False,False,False
moderate_target,0.4,0.2,0.15,0.125,0.125,bellevue_150th_se38th,kmeans,bellevue_150th_se38th|kmeans|trial_011,11,"{""max_iter"": 300, ""n_clusters"": 12, ""n_init"": 10}",0.7834003800018329,12,False,True,False
moderate_target,0.4,0.2,0.15,0.125,0.125,bellevue_150th_se38th,kmeans,bellevue_150th_se38th|kmeans|trial_012,12,"{""max_iter"": 300, ""n_clusters"": 13, ""n_init"": 10}",0.7923139176683178,10,False,False,False
moderate_target,0.4,0.2,0.15,0.125,0.125,bellevue_150th_se38th,kmeans,bellevue_150th_se38th|kmeans|trial_013,13,"{""max_iter"": 300, ""n_clusters"": 14, ""n_init"": 10}",0.8133503114338616,8,False,False,False
moderate_target,0.4,0.2,0.15,0.125,0.125,bellevue_150th_se38th,kmeans,bellevue_150th_se38th|kmeans|trial_014,14,"{""max_iter"": 300, ""n_clusters"": 15, ""n_init"": 10}",0.8345886688970438,6,False,False,False
moderate_target,0.4,0.2,0.15,0.125,0.125,bellevue_150th_se38th,kmeans,bellevue_150th_se38th|kmeans|trial_015,15,"{""max_iter"": 300, ""n_clusters"": 16, ""n_init"": 10}",0.8541048595791035,4,False,False,False
moderate_target,0.4,0.2,0.15,0.125,0.125,bellevue_150th_se38th,kmeans,bellevue_150th_se38th|kmeans|trial_016,16,"{""max_iter"": 300, ""n_clusters"": 17, ""n_init"": 10}",0.880194083259791,2,False,False,False
moderate_target,0.4,0.2,0.15,0.125,0.125,bellevue_150th_se38th,kmeans,bellevue_150th_se38th|kmeans|trial_017,17,"{""max_iter"": 300, ""n_clusters"": 18, ""n_init"": 10}",0.900690052909318,1,True,False,True
moderate_target,0.4,0.2,0.15,0.125,0.125,bellevue_150th_se38th,kmeans,bellevue_150th_se38th|kmeans|trial_018,18,"{""max_iter"": 300, ""n_clusters"": 19, ""n_init"": 10}",0.869479131278038,3,False,False,False
moderate_target,0.4,0.2,0.15,0.125,0.125,bellevue_150th_se38th,kmeans,bellevue_150th_se38th|kmeans|trial_019,19,"{""max_iter"": 300, ""n_clusters"": 20, ""n_init"": 10}",0.8502380813943862,5,False,False,False
moderate_target,0.4,0.2,0.15,0.125,0.125,bellevue_150th_se38th,kmeans,bellevue_150th_se38th|kmeans|trial_020,20,"{""max_iter"": 300, ""n_clusters"": 21, ""n_init"": 10}",0.8243816992540822,7,False,False,False
moderate_target,0.4,0.2,0.15,0.125,0.125,bellevue_150th_se38th,kmeans,bellevue_150th_se38th|kmeans|trial_021,21,"{""max_iter"": 300, ""n_clusters"": 22, ""n_init"": 10}",0.8010662468616098,9,False,False,False
moderate_target,0.4,0.2,0.15,0.125,0.125,bellevue_150th_se38th,kmeans,bellevue_150th_se38th|kmeans|trial_022,22,"{""max_iter"": 300, ""n_clusters"": 23, ""n_init"": 10}",0.7857965536899651,11,False,False,False
moderate_target,0.4,0.2,0.15,0.125,0.125,bellevue_150th_se38th,kmeans,bellevue_150th_se38th|kmeans|trial_023,23,"{""max_iter"": 300, ""n_clusters"": 24, ""n_init"": 10}",0.7637558696745135,13,False,False,False
moderate_target,0.4,0.2,0.15,0.125,0.125,bellevue_150th_se38th,kmeans,bellevue_150th_se38th|kmeans|trial_024,24,"{""max_iter"": 300, ""n_clusters"": 25, ""n_init"": 10}",0.7392609684101005,15,False,False,False
moderate_target,0.4,0.2,0.15,0.125,0.125,bellevue_150th_se38th,kmeans,bellevue_150th_se38th|kmeans|trial_025,25,"{""max_iter"": 300, ""n_clusters"": 26, ""n_init"": 10}",0.7192450101341942,17,False,False,False
moderate_target,0.4,0.2,0.15,0.125,0.125,bellevue_150th_se38th,kmeans,bellevue_150th_se38th|kmeans|trial_026,26,"{""max_iter"": 300, ""n_clusters"": 27, ""n_init"": 10}",0.6947591217718795,19,False,False,False
moderate_target,0.4,0.2,0.15,0.125,0.125,bellevue_150th_se38th,kmeans,bellevue_150th_se38th|kmeans|trial_027,27,"{""max_iter"": 300, ""n_clusters"": 28, ""n_init"": 10}",0.6742703846924539,21,False,False,False
moderate_target,0.4,0.2,0.15,0.125,0.125,bellevue_150th_se38th,kmeans,bellevue_150th_se38th|kmeans|trial_028,28,"{""max_iter"": 300, ""n_clusters"": 29, ""n_init"": 10}",0.6519020036895568,23,False,False,False
moderate_target,0.4,0.2,0.15,0.125,0.125,bellevue_150th_se38th,kmeans,bellevue_150th_se38th|kmeans|trial_029,29,"{""max_iter"": 300, ""n_clusters"": 30, ""n_init"": 10}",0.6258524835105689,24,False,False,False
balanced_task_internal,0.3,0.2,0.15,0.175,0.175,bellevue_150th_se38th,kmeans,bellevue_150th_se38th|kmeans|trial_001,1,"{""max_iter"": 300, ""n_clusters"": 2, ""n_init"": 10}",0.5559990822910275,29,False,False,False
balanced_task_internal,0.3,0.2,0.15,0.175,0.175,bellevue_150th_se38th,kmeans,bellevue_150th_se38th|kmeans|trial_002,2,"{""max_iter"": 300, ""n_clusters"": 3, ""n_init"": 10}",0.5992503797451102,28,False,False,False
balanced_task_internal,0.3,0.2,0.15,0.175,0.175,bellevue_150th_se38th,kmeans,bellevue_150th_se38th|kmeans|trial_003,3,"{""max_iter"": 300, ""n_clusters"": 4, ""n_init"": 10}",0.6333648373856188,27,False,False,False
balanced_task_internal,0.3,0.2,0.15,0.175,0.175,bellevue_150th_se38th,kmeans,bellevue_150th_se38th|kmeans|trial_004,4,"{""max_iter"": 300, ""n_clusters"": 5, ""n_init"": 10}",0.6528627025915015,26,False,False,False
balanced_task_internal,0.3,0.2,0.15,0.175,0.175,bellevue_150th_se38th,kmeans,bellevue_150th_se38th|kmeans|trial_005,5,"{""max_iter"": 300, ""n_clusters"": 6, ""n_init"": 10}",0.6640110708130044,24,False,False,False
balanced_task_internal,0.3,0.2,0.15,0.175,0.175,bellevue_150th_se38th,kmeans,bellevue_150th_se38th|kmeans|trial_006,6,"{""max_iter"": 300, ""n_clusters"": 7, ""n_init"": 10}",0.6979997705837098,21,False,False,False
balanced_task_internal,0.3,0.2,0.15,0.175,0.175,bellevue_150th_se38th,kmeans,bellevue_150th_se38th|kmeans|trial_007,7,"{""max_iter"": 300, ""n_clusters"": 8, ""n_init"": 10}",0.7148922817364316,19,False,False,False
balanced_task_internal,0.3,0.2,0.15,0.175,0.175,bellevue_150th_se38th,kmeans,bellevue_150th_se38th|kmeans|trial_008,8,"{""max_iter"": 300, ""n_clusters"": 9, ""n_init"": 10}",0.7388713751037306,17,False,False,False
balanced_task_internal,0.3,0.2,0.15,0.175,0.175,bellevue_150th_se38th,kmeans,bellevue_150th_se38th|kmeans|trial_009,9,"{""max_iter"": 300, ""n_clusters"": 10, ""n_init"": 10}",0.7622566849618017,15,False,False,False
balanced_task_internal,0.3,0.2,0.15,0.175,0.175,bellevue_150th_se38th,kmeans,bellevue_150th_se38th|kmeans|trial_010,10,"{""max_iter"": 300, ""n_clusters"": 11, ""n_init"": 10}",0.7779688471725236,13,False,False,False
balanced_task_internal,0.3,0.2,0.15,0.175,0.175,bellevue_150th_se38th,kmeans,bellevue_150th_se38th|kmeans|trial_011,11,"{""max_iter"": 300, ""n_clusters"": 12, ""n_init"": 10}",0.8000135861037876,9,False,True,False
balanced_task_internal,0.3,0.2,0.15,0.175,0.175,bellevue_150th_se38th,kmeans,bellevue_150th_se38th|kmeans|trial_012,12,"{""max_iter"": 300, ""n_clusters"": 13, ""n_init"": 10}",0.7979433823505373,10,False,False,False
balanced_task_internal,0.3,0.2,0.15,0.175,0.175,bellevue_150th_se38th,kmeans,bellevue_150th_se38th|kmeans|trial_013,13,"{""max_iter"": 300, ""n_clusters"": 14, ""n_init"": 10}",0.8129498891778543,7,False,False,False
balanced_task_internal,0.3,0.2,0.15,0.175,0.175,bellevue_150th_se38th,kmeans,bellevue_150th_se38th|kmeans|trial_014,14,"{""max_iter"": 300, ""n_clusters"": 15, ""n_init"": 10}",0.8282391451818647,6,False,False,False
balanced_task_internal,0.3,0.2,0.15,0.175,0.175,bellevue_150th_se38th,kmeans,bellevue_150th_se38th|kmeans|trial_015,15,"{""max_iter"": 300, ""n_clusters"": 16, ""n_init"": 10}",0.8410964252839269,4,False,False,False
balanced_task_internal,0.3,0.2,0.15,0.175,0.175,bellevue_150th_se38th,kmeans,bellevue_150th_se38th|kmeans|trial_016,16,"{""max_iter"": 300, ""n_clusters"": 17, ""n_init"": 10}",0.863176893992445,2,False,False,False
balanced_task_internal,0.3,0.2,0.15,0.175,0.175,bellevue_150th_se38th,kmeans,bellevue_150th_se38th|kmeans|trial_017,17,"{""max_iter"": 300, ""n_clusters"": 18, ""n_init"": 10}",0.8774268070573384,1,True,False,True
balanced_task_internal,0.3,0.2,0.15,0.175,0.175,bellevue_150th_se38th,kmeans,bellevue_150th_se38th|kmeans|trial_018,18,"{""max_iter"": 300, ""n_clusters"": 19, ""n_init"": 10}",0.8481759612179907,3,False,False,False
balanced_task_internal,0.3,0.2,0.15,0.175,0.175,bellevue_150th_se38th,kmeans,bellevue_150th_se38th|kmeans|trial_019,19,"{""max_iter"": 300, ""n_clusters"": 20, ""n_init"": 10}",0.8356829358253226,5,False,False,False
balanced_task_internal,0.3,0.2,0.15,0.175,0.175,bellevue_150th_se38th,kmeans,bellevue_150th_se38th|kmeans|trial_020,20,"{""max_iter"": 300, ""n_clusters"": 21, ""n_init"": 10}",0.8108080264251742,8,False,False,False
balanced_task_internal,0.3,0.2,0.15,0.175,0.175,bellevue_150th_se38th,kmeans,bellevue_150th_se38th|kmeans|trial_021,21,"{""max_iter"": 300, ""n_clusters"": 22, ""n_init"": 10}",0.7926108375201572,11,False,False,False
balanced_task_internal,0.3,0.2,0.15,0.175,0.175,bellevue_150th_se38th,kmeans,bellevue_150th_se38th|kmeans|trial_022,22,"{""max_iter"": 300, ""n_clusters"": 23, ""n_init"": 10}",0.7811541513148751,12,False,False,False
balanced_task_internal,0.3,0.2,0.15,0.175,0.175,bellevue_150th_se38th,kmeans,bellevue_150th_se38th|kmeans|trial_023,23,"{""max_iter"": 300, ""n_clusters"": 24, ""n_init"": 10}",0.7645740988706713,14,False,False,False
balanced_task_internal,0.3,0.2,0.15,0.175,0.175,bellevue_150th_se38th,kmeans,bellevue_150th_se38th|kmeans|trial_024,24,"{""max_iter"": 300, ""n_clusters"": 25, ""n_init"": 10}",0.7447466239533146,16,False,False,False
balanced_task_internal,0.3,0.2,0.15,0.175,0.175,bellevue_150th_se38th,kmeans,bellevue_150th_se38th|kmeans|trial_025,25,"{""max_iter"": 300, ""n_clusters"": 26, ""n_init"": 10}",0.7311477844031131,18,False,False,False
balanced_task_internal,0.3,0.2,0.15,0.175,0.175,bellevue_150th_se38th,kmeans,bellevue_150th_se38th|kmeans|trial_026,26,"{""max_iter"": 300, ""n_clusters"": 27, ""n_init"": 10}",0.7112910427319402,20,False,False,False
balanced_task_internal,0.3,0.2,0.15,0.175,0.175,bellevue_150th_se38th,kmeans,bellevue_150th_se38th|kmeans|trial_027,27,"{""max_iter"": 300, ""n_clusters"": 28, ""n_init"": 10}",0.6970721976735659,22,False,False,False
balanced_task_internal,0.3,0.2,0.15,0.175,0.175,bellevue_150th_se38th,kmeans,bellevue_150th_se38th|kmeans|trial_028,28,"{""max_iter"": 300, ""n_clusters"": 29, ""n_init"": 10}",0.6787768249443206,23,False,False,False
balanced_task_internal,0.3,0.2,0.15,0.175,0.175,bellevue_150th_se38th,kmeans,bellevue_150th_se38th|kmeans|trial_029,29,"{""max_iter"": 300, ""n_clusters"": 30, ""n_init"": 10}",0.6581760249078157,25,False,False,False
equal_weights,0.2,0.2,0.2,0.2,0.2,bellevue_150th_se38th,kmeans,bellevue_150th_se38th|kmeans|trial_001,1,"{""max_iter"": 300, ""n_clusters"": 2, ""n_init"": 10}",0.6001977378597365,29,False,False,False
equal_weights,0.2,0.2,0.2,0.2,0.2,bellevue_150th_se38th,kmeans,bellevue_150th_se38th|kmeans|trial_002,2,"{""max_iter"": 300, ""n_clusters"": 3, ""n_init"": 10}",0.6508859986914947,28,False,False,False
equal_weights,0.2,0.2,0.2,0.2,0.2,bellevue_150th_se38th,kmeans,bellevue_150th_se38th|kmeans|trial_003,3,"{""max_iter"": 300, ""n_clusters"": 4, ""n_init"": 10}",0.6821468664279091,27,False,False,False
equal_weights,0.2,0.2,0.2,0.2,0.2,bellevue_150th_se38th,kmeans,bellevue_150th_se38th|kmeans|trial_004,4,"{""max_iter"": 300, ""n_clusters"": 5, ""n_init"": 10}",0.6973313293474885,26,False,False,False
equal_weights,0.2,0.2,0.2,0.2,0.2,bellevue_150th_se38th,kmeans,bellevue_150th_se38th|kmeans|trial_005,5,"{""max_iter"": 300, ""n_clusters"": 6, ""n_init"": 10}",0.7029037019712819,24,False,False,False
equal_weights,0.2,0.2,0.2,0.2,0.2,bellevue_150th_se38th,kmeans,bellevue_150th_se38th|kmeans|trial_006,6,"{""max_iter"": 300, ""n_clusters"": 7, ""n_init"": 10}",0.7338712577966573,21,False,False,False
equal_weights,0.2,0.2,0.2,0.2,0.2,bellevue_150th_se38th,kmeans,bellevue_150th_se38th|kmeans|trial_007,7,"{""max_iter"": 300, ""n_clusters"": 8, ""n_init"": 10}",0.7456294073331179,19,False,False,False
equal_weights,0.2,0.2,0.2,0.2,0.2,bellevue_150th_se38th,kmeans,bellevue_150th_se38th|kmeans|trial_008,8,"{""max_iter"": 300, ""n_clusters"": 9, ""n_init"": 10}",0.7650975775306659,16,False,False,False
equal_weights,0.2,0.2,0.2,0.2,0.2,bellevue_150th_se38th,kmeans,bellevue_150th_se38th|kmeans|trial_009,9,"{""max_iter"": 300, ""n_clusters"": 10, ""n_init"": 10}",0.7838871380033822,14,False,False,False
equal_weights,0.2,0.2,0.2,0.2,0.2,bellevue_150th_se38th,kmeans,bellevue_150th_se38th|kmeans|trial_010,10,"{""max_iter"": 300, ""n_clusters"": 11, ""n_init"": 10}",0.7939073868791279,11,False,False,False
equal_weights,0.2,0.2,0.2,0.2,0.2,bellevue_150th_se38th,kmeans,bellevue_150th_se38th|kmeans|trial_011,11,"{""max_iter"": 300, ""n_clusters"": 12, ""n_init"": 10}",0.8111648662926361,7,False,True,False
equal_weights,0.2,0.2,0.2,0.2,0.2,bellevue_150th_se38th,kmeans,bellevue_150th_se38th|kmeans|trial_012,12,"{""max_iter"": 300, ""n_clusters"": 13, ""n_init"": 10}",0.8009122740866441,10,False,False,False
equal_weights,0.2,0.2,0.2,0.2,0.2,bellevue_150th_se38th,kmeans,bellevue_150th_se38th|kmeans|trial_013,13,"{""max_iter"": 300, ""n_clusters"": 14, ""n_init"": 10}",0.8101260596670699,8,False,False,False
equal_weights,0.2,0.2,0.2,0.2,0.2,bellevue_150th_se38th,kmeans,bellevue_150th_se38th|kmeans|trial_014,14,"{""max_iter"": 300, ""n_clusters"": 15, ""n_init"": 10}",0.8196629871637169,6,False,False,False
equal_weights,0.2,0.2,0.2,0.2,0.2,bellevue_150th_se38th,kmeans,bellevue_150th_se38th|kmeans|trial_015,15,"{""max_iter"": 300, ""n_clusters"": 16, ""n_init"": 10}",0.8264304862049834,4,False,False,False
equal_weights,0.2,0.2,0.2,0.2,0.2,bellevue_150th_se38th,kmeans,bellevue_150th_se38th|kmeans|trial_016,16,"{""max_iter"": 300, ""n_clusters"": 17, ""n_init"": 10}",0.8437287996496389,2,False,False,False
equal_weights,0.2,0.2,0.2,0.2,0.2,bellevue_150th_se38th,kmeans,bellevue_150th_se38th|kmeans|trial_017,17,"{""max_iter"": 300, ""n_clusters"": 18, ""n_init"": 10}",0.8520779066444377,1,True,False,True
equal_weights,0.2,0.2,0.2,0.2,0.2,bellevue_150th_se38th,kmeans,bellevue_150th_se38th|kmeans|trial_018,18,"{""max_iter"": 300, ""n_clusters"": 19, ""n_init"": 10}",0.8265848764788339,3,False,False,False
equal_weights,0.2,0.2,0.2,0.2,0.2,bellevue_150th_se38th,kmeans,bellevue_150th_se38th|kmeans|trial_019,19,"{""max_iter"": 300, ""n_clusters"": 20, ""n_init"": 10}",0.8202436411094356,5,False,False,False
equal_weights,0.2,0.2,0.2,0.2,0.2,bellevue_150th_se38th,kmeans,bellevue_150th_se38th|kmeans|trial_020,20,"{""max_iter"": 300, ""n_clusters"": 21, ""n_init"": 10}",0.8012375948972822,9,False,False,False
equal_weights,0.2,0.2,0.2,0.2,0.2,bellevue_150th_se38th,kmeans,bellevue_150th_se38th|kmeans|trial_021,21,"{""max_iter"": 300, ""n_clusters"": 22, ""n_init"": 10}",0.7883773155137708,12,False,False,False
equal_weights,0.2,0.2,0.2,0.2,0.2,bellevue_150th_se38th,kmeans,bellevue_150th_se38th|kmeans|trial_022,22,"{""max_iter"": 300, ""n_clusters"": 23, ""n_init"": 10}",0.785374544077301,13,False,False,False
equal_weights,0.2,0.2,0.2,0.2,0.2,bellevue_150th_se38th,kmeans,bellevue_150th_se38th|kmeans|trial_023,23,"{""max_iter"": 300, ""n_clusters"": 24, ""n_init"": 10}",0.7744422012523454,15,False,False,False
equal_weights,0.2,0.2,0.2,0.2,0.2,bellevue_150th_se38th,kmeans,bellevue_150th_se38th|kmeans|trial_024,24,"{""max_iter"": 300, ""n_clusters"": 25, ""n_init"": 10}",0.7597087652793137,17,False,False,False
equal_weights,0.2,0.2,0.2,0.2,0.2,bellevue_150th_se38th,kmeans,bellevue_150th_se38th|kmeans|trial_025,25,"{""max_iter"": 300, ""n_clusters"": 26, ""n_init"": 10}",0.7521137148767236,18,False,False,False
equal_weights,0.2,0.2,0.2,0.2,0.2,bellevue_150th_se38th,kmeans,bellevue_150th_se38th|kmeans|trial_026,26,"{""max_iter"": 300, ""n_clusters"": 27, ""n_init"": 10}",0.7373667763358798,20,False,False,False
equal_weights,0.2,0.2,0.2,0.2,0.2,bellevue_150th_se38th,kmeans,bellevue_150th_se38th|kmeans|trial_027,27,"{""max_iter"": 300, ""n_clusters"": 28, ""n_init"": 10}",0.7290432030588281,22,False,False,False
equal_weights,0.2,0.2,0.2,0.2,0.2,bellevue_150th_se38th,kmeans,bellevue_150th_se38th|kmeans|trial_028,28,"{""max_iter"": 300, ""n_clusters"": 29, ""n_init"": 10}",0.7167488487188812,23,False,False,False
equal_weights,0.2,0.2,0.2,0.2,0.2,bellevue_150th_se38th,kmeans,bellevue_150th_se38th|kmeans|trial_029,29,"{""max_iter"": 300, ""n_clusters"": 30, ""n_init"": 10}",0.7004634500567009,25,False,False,False
target_heavy,0.6,0.15,0.1,0.075,0.075,bellevue_150th_se38th,kmeans,bellevue_150th_se38th|kmeans|trial_001,1,"{""max_iter"": 300, ""n_clusters"": 2, ""n_init"": 10}",0.3664703122558654,29,False,False,False
target_heavy,0.6,0.15,0.1,0.075,0.075,bellevue_150th_se38th,kmeans,bellevue_150th_se38th|kmeans|trial_002,2,"{""max_iter"": 300, ""n_clusters"": 3, ""n_init"": 10}",0.4226904519525914,28,False,False,False
target_heavy,0.6,0.15,0.1,0.075,0.075,bellevue_150th_se38th,kmeans,bellevue_150th_se38th|kmeans|trial_003,3,"{""max_iter"": 300, ""n_clusters"": 4, ""n_init"": 10}",0.4637631900937119,27,False,False,False
target_heavy,0.6,0.15,0.1,0.075,0.075,bellevue_150th_se38th,kmeans,bellevue_150th_se38th|kmeans|trial_004,4,"{""max_iter"": 300, ""n_clusters"": 5, ""n_init"": 10}",0.4993570146484146,26,False,False,False
target_heavy,0.6,0.15,0.1,0.075,0.075,bellevue_150th_se38th,kmeans,bellevue_150th_se38th|kmeans|trial_005,5,"{""max_iter"": 300, ""n_clusters"": 6, ""n_init"": 10}",0.5312852233177648,25,False,False,False
target_heavy,0.6,0.15,0.1,0.075,0.075,bellevue_150th_se38th,kmeans,bellevue_150th_se38th|kmeans|trial_006,6,"{""max_iter"": 300, ""n_clusters"": 7, ""n_init"": 10}",0.5721170794398895,22,False,False,False
target_heavy,0.6,0.15,0.1,0.075,0.075,bellevue_150th_se38th,kmeans,bellevue_150th_se38th|kmeans|trial_007,7,"{""max_iter"": 300, ""n_clusters"": 8, ""n_init"": 10}",0.6060333663188546,20,False,False,False
target_heavy,0.6,0.15,0.1,0.075,0.075,bellevue_150th_se38th,kmeans,bellevue_150th_se38th|kmeans|trial_008,8,"{""max_iter"": 300, ""n_clusters"": 9, ""n_init"": 10}",0.6425005968096018,18,False,False,False
target_heavy,0.6,0.15,0.1,0.075,0.075,bellevue_150th_se38th,kmeans,bellevue_150th_se38th|kmeans|trial_009,9,"{""max_iter"": 300, ""n_clusters"": 10, ""n_init"": 10}",0.678713348653537,16,False,False,False
target_heavy,0.6,0.15,0.1,0.075,0.075,bellevue_150th_se38th,kmeans,bellevue_150th_se38th|kmeans|trial_010,10,"{""max_iter"": 300, ""n_clusters"": 11, ""n_init"": 10}",0.7116376086486084,14,False,False,False
target_heavy,0.6,0.15,0.1,0.075,0.075,bellevue_150th_se38th,kmeans,bellevue_150th_se38th|kmeans|trial_011,11,"{""max_iter"": 300, ""n_clusters"": 12, ""n_init"": 10}",0.7472758300953406,12,False,True,False
target_heavy,0.6,0.15,0.1,0.075,0.075,bellevue_150th_se38th,kmeans,bellevue_150th_se38th|kmeans|trial_012,12,"{""max_iter"": 300, ""n_clusters"": 13, ""n_init"": 10}",0.7726414047022122,10,False,False,False
target_heavy,0.6,0.15,0.1,0.075,0.075,bellevue_150th_se38th,kmeans,bellevue_150th_se38th|kmeans|trial_013,13,"{""max_iter"": 300, ""n_clusters"": 14, ""n_init"": 10}",0.8052632409615387,8,False,False,False
target_heavy,0.6,0.15,0.1,0.075,0.075,bellevue_150th_se38th,kmeans,bellevue_150th_se38th|kmeans|trial_014,14,"{""max_iter"": 300, ""n_clusters"": 15, ""n_init"": 10}",0.838006255439448,6,False,False,False
target_heavy,0.6,0.15,0.1,0.075,0.075,bellevue_150th_se38th,kmeans,bellevue_150th_se38th|kmeans|trial_015,15,"{""max_iter"": 300, ""n_clusters"": 16, ""n_init"": 10}",0.8697194602500798,4,False,False,False
target_heavy,0.6,0.15,0.1,0.075,0.075,bellevue_150th_se38th,kmeans,bellevue_150th_se38th|kmeans|trial_016,16,"{""max_iter"": 300, ""n_clusters"": 17, ""n_init"": 10}",0.9053729944584924,2,False,False,False
target_heavy,0.6,0.15,0.1,0.075,0.075,bellevue_150th_se38th,kmeans,bellevue_150th_se38th|kmeans|trial_017,17,"{""max_iter"": 300, ""n_clusters"": 18, ""n_init"": 10}",0.9376705762482086,1,True,False,True
target_heavy,0.6,0.15,0.1,0.075,0.075,bellevue_150th_se38th,kmeans,bellevue_150th_se38th|kmeans|trial_018,18,"{""max_iter"": 300, ""n_clusters"": 19, ""n_init"": 10}",0.8989440232694406,3,False,False,False
target_heavy,0.6,0.15,0.1,0.075,0.075,bellevue_150th_se38th,kmeans,bellevue_150th_se38th|kmeans|trial_019,19,"{""max_iter"": 300, ""n_clusters"": 20, ""n_init"": 10}",0.8673993933392494,5,False,False,False
target_heavy,0.6,0.15,0.1,0.075,0.075,bellevue_150th_se38th,kmeans,bellevue_150th_se38th|kmeans|trial_020,20,"{""max_iter"": 300, ""n_clusters"": 21, ""n_init"": 10}",0.8324056338630951,7,False,False,False
target_heavy,0.6,0.15,0.1,0.075,0.075,bellevue_150th_se38th,kmeans,bellevue_150th_se38th|kmeans|trial_021,21,"{""max_iter"": 300, ""n_clusters"": 22, ""n_init"": 10}",0.7984163624276116,9,False,False,False
target_heavy,0.6,0.15,0.1,0.075,0.075,bellevue_150th_se38th,kmeans,bellevue_150th_se38th|kmeans|trial_022,22,"{""max_iter"": 300, ""n_clusters"": 23, ""n_init"": 10}",0.7700084732261954,11,False,False,False
target_heavy,0.6,0.15,0.1,0.075,0.075,bellevue_150th_se38th,kmeans,bellevue_150th_se38th|kmeans|trial_023,23,"{""max_iter"": 300, ""n_clusters"": 24, ""n_init"": 10}",0.7368119860280938,13,False,False,False
target_heavy,0.6,0.15,0.1,0.075,0.075,bellevue_150th_se38th,kmeans,bellevue_150th_se38th|kmeans|trial_024,24,"{""max_iter"": 300, ""n_clusters"": 25, ""n_init"": 10}",0.7021115548680499,15,False,False,False
target_heavy,0.6,0.15,0.1,0.075,0.075,bellevue_150th_se38th,kmeans,bellevue_150th_se38th|kmeans|trial_025,25,"{""max_iter"": 300, ""n_clusters"": 26, ""n_init"": 10}",0.6701054703039022,17,False,False,False
target_heavy,0.6,0.15,0.1,0.075,0.075,bellevue_150th_se38th,kmeans,bellevue_150th_se38th|kmeans|trial_026,26,"{""max_iter"": 300, ""n_clusters"": 27, ""n_init"": 10}",0.6354174276879095,19,False,False,False
target_heavy,0.6,0.15,0.1,0.075,0.075,bellevue_150th_se38th,kmeans,bellevue_150th_se38th|kmeans|trial_027,27,"{""max_iter"": 300, ""n_clusters"": 28, ""n_init"": 10}",0.603120695038858,21,False,False,False
target_heavy,0.6,0.15,0.1,0.075,0.075,bellevue_150th_se38th,kmeans,bellevue_150th_se38th|kmeans|trial_028,28,"{""max_iter"": 300, ""n_clusters"": 29, ""n_init"": 10}",0.5699370137320586,23,False,False,False
target_heavy,0.6,0.15,0.1,0.075,0.075,bellevue_150th_se38th,kmeans,bellevue_150th_se38th|kmeans|trial_029,29,"{""max_iter"": 300, ""n_clusters"": 30, ""n_init"": 10}",0.534069954329727,24,False,False,False
outlier_heavy,0.35,0.35,0.1,0.1,0.1,bellevue_150th_se38th,kmeans,bellevue_150th_se38th|kmeans|trial_001,1,"{""max_iter"": 300, ""n_clusters"": 2, ""n_init"": 10}",0.577876646707646,29,False,False,False
outlier_heavy,0.35,0.35,0.1,0.1,0.1,bellevue_150th_se38th,kmeans,bellevue_150th_se38th|kmeans|trial_002,2,"{""max_iter"": 300, ""n_clusters"": 3, ""n_init"": 10}",0.6171096660124139,28,False,False,False
outlier_heavy,0.35,0.35,0.1,0.1,0.1,bellevue_150th_se38th,kmeans,bellevue_150th_se38th|kmeans|trial_003,3,"{""max_iter"": 300, ""n_clusters"": 4, ""n_init"": 10}",0.64662898876951,27,False,False,False
outlier_heavy,0.35,0.35,0.1,0.1,0.1,bellevue_150th_se38th,kmeans,bellevue_150th_se38th|kmeans|trial_004,4,"{""max_iter"": 300, ""n_clusters"": 5, ""n_init"": 10}",0.6681101091181887,26,False,False,False
outlier_heavy,0.35,0.35,0.1,0.1,0.1,bellevue_150th_se38th,kmeans,bellevue_150th_se38th|kmeans|trial_005,5,"{""max_iter"": 300, ""n_clusters"": 6, ""n_init"": 10}",0.6847851843189743,24,False,False,False
outlier_heavy,0.35,0.35,0.1,0.1,0.1,bellevue_150th_se38th,kmeans,bellevue_150th_se38th|kmeans|trial_006,6,"{""max_iter"": 300, ""n_clusters"": 7, ""n_init"": 10}",0.7141578511205507,22,False,False,False
outlier_heavy,0.35,0.35,0.1,0.1,0.1,bellevue_150th_se38th,kmeans,bellevue_150th_se38th|kmeans|trial_007,7,"{""max_iter"": 300, ""n_clusters"": 8, ""n_init"": 10}",0.73392581477767,20,False,False,False
outlier_heavy,0.35,0.35,0.1,0.1,0.1,bellevue_150th_se38th,kmeans,bellevue_150th_se38th|kmeans|trial_008,8,"{""max_iter"": 300, ""n_clusters"": 9, ""n_init"": 10}",0.7575487887653328,18,False,False,False
outlier_heavy,0.35,0.35,0.1,0.1,0.1,bellevue_150th_se38th,kmeans,bellevue_150th_se38th|kmeans|trial_009,9,"{""max_iter"": 300, ""n_clusters"": 10, ""n_init"": 10}",0.7808324578905799,16,False,False,False
outlier_heavy,0.35,0.35,0.1,0.1,0.1,bellevue_150th_se38th,kmeans,bellevue_150th_se38th|kmeans|trial_010,10,"{""max_iter"": 300, ""n_clusters"": 11, ""n_init"": 10}",0.7997314712173416,14,False,False,False
outlier_heavy,0.35,0.35,0.1,0.1,0.1,bellevue_150th_se38th,kmeans,bellevue_150th_se38th|kmeans|trial_011,11,"{""max_iter"": 300, ""n_clusters"": 12, ""n_init"": 10}",0.8222490998129847,12,False,True,False
outlier_heavy,0.35,0.35,0.1,0.1,0.1,bellevue_150th_se38th,kmeans,bellevue_150th_se38th|kmeans|trial_012,12,"{""max_iter"": 300, ""n_clusters"": 13, ""n_init"": 10}",0.8310116925988775,10,False,False,False
outlier_heavy,0.35,0.35,0.1,0.1,0.1,bellevue_150th_se38th,kmeans,bellevue_150th_se38th|kmeans|trial_013,13,"{""max_iter"": 300, ""n_clusters"": 14, ""n_init"": 10}",0.8495074742779793,8,False,False,False
outlier_heavy,0.35,0.35,0.1,0.1,0.1,bellevue_150th_se38th,kmeans,bellevue_150th_se38th|kmeans|trial_014,14,"{""max_iter"": 300, ""n_clusters"": 15, ""n_init"": 10}",0.8681648269151917,6,False,False,False
outlier_heavy,0.35,0.35,0.1,0.1,0.1,bellevue_150th_se38th,kmeans,bellevue_150th_se38th|kmeans|trial_015,15,"{""max_iter"": 300, ""n_clusters"": 16, ""n_init"": 10}",0.8854374653247138,4,False,False,False
outlier_heavy,0.35,0.35,0.1,0.1,0.1,bellevue_150th_se38th,kmeans,bellevue_150th_se38th|kmeans|trial_016,16,"{""max_iter"": 300, ""n_clusters"": 17, ""n_init"": 10}",0.9079755109359304,2,False,False,False
outlier_heavy,0.35,0.35,0.1,0.1,0.1,bellevue_150th_se38th,kmeans,bellevue_150th_se38th|kmeans|trial_017,17,"{""max_iter"": 300, ""n_clusters"": 18, ""n_init"": 10}",0.9260389533222187,1,True,False,True
outlier_heavy,0.35,0.35,0.1,0.1,0.1,bellevue_150th_se38th,kmeans,bellevue_150th_se38th|kmeans|trial_018,18,"{""max_iter"": 300, ""n_clusters"": 19, ""n_init"": 10}",0.8994035493505279,3,False,False,False
outlier_heavy,0.35,0.35,0.1,0.1,0.1,bellevue_150th_se38th,kmeans,bellevue_150th_se38th|kmeans|trial_019,19,"{""max_iter"": 300, ""n_clusters"": 20, ""n_init"": 10}",0.8823440427769399,5,False,False,False
outlier_heavy,0.35,0.35,0.1,0.1,0.1,bellevue_150th_se38th,kmeans,bellevue_150th_se38th|kmeans|trial_020,20,"{""max_iter"": 300, ""n_clusters"": 21, ""n_init"": 10}",0.8589521307819743,7,False,False,False
outlier_heavy,0.35,0.35,0.1,0.1,0.1,bellevue_150th_se38th,kmeans,bellevue_150th_se38th|kmeans|trial_021,21,"{""max_iter"": 300, ""n_clusters"": 22, ""n_init"": 10}",0.8386331022013297,9,False,False,False
outlier_heavy,0.35,0.35,0.1,0.1,0.1,bellevue_150th_se38th,kmeans,bellevue_150th_se38th|kmeans|trial_022,22,"{""max_iter"": 300, ""n_clusters"": 23, ""n_init"": 10}",0.823242827594206,11,False,False,False
outlier_heavy,0.35,0.35,0.1,0.1,0.1,bellevue_150th_se38th,kmeans,bellevue_150th_se38th|kmeans|trial_023,23,"{""max_iter"": 300, ""n_clusters"": 24, ""n_init"": 10}",0.8038877672928394,13,False,False,False
outlier_heavy,0.35,0.35,0.1,0.1,0.1,bellevue_150th_se38th,kmeans,bellevue_150th_se38th|kmeans|trial_024,24,"{""max_iter"": 300, ""n_clusters"": 25, ""n_init"": 10}",0.7826321604174347,15,False,False,False
outlier_heavy,0.35,0.35,0.1,0.1,0.1,bellevue_150th_se38th,kmeans,bellevue_150th_se38th|kmeans|trial_025,25,"{""max_iter"": 300, ""n_clusters"": 26, ""n_init"": 10}",0.7649457463272505,17,False,False,False
outlier_heavy,0.35,0.35,0.1,0.1,0.1,bellevue_150th_se38th,kmeans,bellevue_150th_se38th|kmeans|trial_026,26,"{""max_iter"": 300, ""n_clusters"": 27, ""n_init"": 10}",0.7436833881679399,19,False,False,False
outlier_heavy,0.35,0.35,0.1,0.1,0.1,bellevue_150th_se38th,kmeans,bellevue_150th_se38th|kmeans|trial_027,27,"{""max_iter"": 300, ""n_clusters"": 28, ""n_init"": 10}",0.7256327126405251,21,False,False,False
outlier_heavy,0.35,0.35,0.1,0.1,0.1,bellevue_150th_se38th,kmeans,bellevue_150th_se38th|kmeans|trial_028,28,"{""max_iter"": 300, ""n_clusters"": 29, ""n_init"": 10}",0.7055966465816628,23,False,False,False
outlier_heavy,0.35,0.35,0.1,0.1,0.1,bellevue_150th_se38th,kmeans,bellevue_150th_se38th|kmeans|trial_029,29,"{""max_iter"": 300, ""n_clusters"": 30, ""n_init"": 10}",0.6835650583616838,25,False,False,False
original,0.5,0.2,0.1,0.1,0.1,bellevue_150th_se38th,optics,bellevue_150th_se38th|optics|trial_001,1,"{""max_eps"": 0.0105626297519378, ""min_samples"": 40, ""xi"": 0.05}",0.5020481285366412,8,False,False,False
original,0.5,0.2,0.1,0.1,0.1,bellevue_150th_se38th,optics,bellevue_150th_se38th|optics|trial_002,2,"{""max_eps"": 0.020337294551748715, ""min_samples"": 40, ""xi"": 0.05}",0.5382449164946949,6,False,False,False
original,0.5,0.2,0.1,0.1,0.1,bellevue_150th_se38th,optics,bellevue_150th_se38th|optics|trial_003,3,"{""max_eps"": 0.037180729231304936, ""min_samples"": 40, ""xi"": 0.05}",0.6114415555652093,3,False,False,False
original,0.5,0.2,0.1,0.1,0.1,bellevue_150th_se38th,optics,bellevue_150th_se38th|optics|trial_004,4,"{""max_eps"": 0.09623894321033927, ""min_samples"": 40, ""xi"": 0.05}",0.7179002623463407,1,True,False,True
original,0.5,0.2,0.1,0.1,0.1,bellevue_150th_se38th,optics,bellevue_150th_se38th|optics|trial_005,5,"{""max_eps"": 0.0105626297519378, ""min_samples"": 40, ""xi"": 0.07}",0.4626941802032156,13,False,False,False
original,0.5,0.2,0.1,0.1,0.1,bellevue_150th_se38th,optics,bellevue_150th_se38th|optics|trial_006,6,"{""max_eps"": 0.020337294551748715, ""min_samples"": 40, ""xi"": 0.07}",0.4510648845611271,14,False,False,False
original,0.5,0.2,0.1,0.1,0.1,bellevue_150th_se38th,optics,bellevue_150th_se38th|optics|trial_007,7,"{""max_eps"": 0.037180729231304936, ""min_samples"": 40, ""xi"": 0.07}",0.5335680154696965,7,False,False,False
original,0.5,0.2,0.1,0.1,0.1,bellevue_150th_se38th,optics,bellevue_150th_se38th|optics|trial_008,8,"{""max_eps"": 0.09623894321033927, ""min_samples"": 40, ""xi"": 0.07}",0.6374868014101779,2,False,False,False
original,0.5,0.2,0.1,0.1,0.1,bellevue_150th_se38th,optics,bellevue_150th_se38th|optics|trial_009,9,"{""max_eps"": 0.0105626297519378, ""min_samples"": 80, ""xi"": 0.05}",0.33020697472475835,15,False,False,False
original,0.5,0.2,0.1,0.1,0.1,bellevue_150th_se38th,optics,bellevue_150th_se38th|optics|trial_010,10,"{""max_eps"": 0.020337294551748715, ""min_samples"": 80, ""xi"": 0.05}",0.4655336624421137,11,False,True,False
original,0.5,0.2,0.1,0.1,0.1,bellevue_150th_se38th,optics,bellevue_150th_se38th|optics|trial_011,11,"{""max_eps"": 0.037180729231304936, ""min_samples"": 80, ""xi"": 0.05}",0.47549412635125937,9,False,False,False
original,0.5,0.2,0.1,0.1,0.1,bellevue_150th_se38th,optics,bellevue_150th_se38th|optics|trial_012,12,"{""max_eps"": 0.09623894321033927, ""min_samples"": 80, ""xi"": 0.05}",0.5790754673583373,5,False,False,False
original,0.5,0.2,0.1,0.1,0.1,bellevue_150th_se38th,optics,bellevue_150th_se38th|optics|trial_013,13,"{""max_eps"": 0.0105626297519378, ""min_samples"": 80, ""xi"": 0.07}",0.33020697472475835,16,False,False,False
original,0.5,0.2,0.1,0.1,0.1,bellevue_150th_se38th,optics,bellevue_150th_se38th|optics|trial_014,14,"{""max_eps"": 0.020337294551748715, ""min_samples"": 80, ""xi"": 0.07}",0.4655336624421137,12,False,False,False
original,0.5,0.2,0.1,0.1,0.1,bellevue_150th_se38th,optics,bellevue_150th_se38th|optics|trial_015,15,"{""max_eps"": 0.037180729231304936, ""min_samples"": 80, ""xi"": 0.07}",0.47549412635125937,10,False,False,False
original,0.5,0.2,0.1,0.1,0.1,bellevue_150th_se38th,optics,bellevue_150th_se38th|optics|trial_016,16,"{""max_eps"": 0.09623894321033927, ""min_samples"": 80, ""xi"": 0.07}",0.5918856617259634,4,False,False,False
reviewer_example,0.4,0.3,0.1,0.1,0.1,bellevue_150th_se38th,optics,bellevue_150th_se38th|optics|trial_001,1,"{""max_eps"": 0.0105626297519378, ""min_samples"": 40, ""xi"": 0.05}",0.5051429511079035,12,False,False,False
reviewer_example,0.4,0.3,0.1,0.1,0.1,bellevue_150th_se38th,optics,bellevue_150th_se38th|optics|trial_002,2,"{""max_eps"": 0.020337294551748715, ""min_samples"": 40, ""xi"": 0.05}",0.5609616122480399,7,False,False,False
reviewer_example,0.4,0.3,0.1,0.1,0.1,bellevue_150th_se38th,optics,bellevue_150th_se38th|optics|trial_003,3,"{""max_eps"": 0.037180729231304936, ""min_samples"": 40, ""xi"": 0.05}",0.6286317824413,4,False,False,False
reviewer_example,0.4,0.3,0.1,0.1,0.1,bellevue_150th_se38th,optics,bellevue_150th_se38th|optics|trial_004,4,"{""max_eps"": 0.09623894321033927, ""min_samples"": 40, ""xi"": 0.05}",0.7273243461159743,1,True,False,True
reviewer_example,0.4,0.3,0.1,0.1,0.1,bellevue_150th_se38th,optics,bellevue_150th_se38th|optics|trial_005,5,"{""max_eps"": 0.0105626297519378, ""min_samples"": 40, ""xi"": 0.07}",0.46771454087802655,14,False,False,False
reviewer_example,0.4,0.3,0.1,0.1,0.1,bellevue_150th_se38th,optics,bellevue_150th_se38th|optics|trial_006,6,"{""max_eps"": 0.020337294551748715, ""min_samples"": 40, ""xi"": 0.07}",0.48039589096019636,13,False,False,False
reviewer_example,0.4,0.3,0.1,0.1,0.1,bellevue_150th_se38th,optics,bellevue_150th_se38th|optics|trial_007,7,"{""max_eps"": 0.037180729231304936, ""min_samples"": 40, ""xi"": 0.07}",0.5628175791695218,6,False,False,False
reviewer_example,0.4,0.3,0.1,0.1,0.1,bellevue_150th_se38th,optics,bellevue_150th_se38th|optics|trial_008,8,"{""max_eps"": 0.09623894321033927, ""min_samples"": 40, ""xi"": 0.07}",0.6599824384084326,2,False,False,False
reviewer_example,0.4,0.3,0.1,0.1,0.1,bellevue_150th_se38th,optics,bellevue_150th_se38th|optics|trial_009,9,"{""max_eps"": 0.0105626297519378, ""min_samples"": 80, ""xi"": 0.05}",0.3289678822291213,15,False,False,False
reviewer_example,0.4,0.3,0.1,0.1,0.1,bellevue_150th_se38th,optics,bellevue_150th_se38th|optics|trial_010,10,"{""max_eps"": 0.020337294551748715, ""min_samples"": 80, ""xi"": 0.05}",0.5156383744839985,10,False,True,False
reviewer_example,0.4,0.3,0.1,0.1,0.1,bellevue_150th_se38th,optics,bellevue_150th_se38th|optics|trial_011,11,"{""max_eps"": 0.037180729231304936, ""min_samples"": 80, ""xi"": 0.05}",0.5304155923198457,8,False,False,False
reviewer_example,0.4,0.3,0.1,0.1,0.1,bellevue_150th_se38th,optics,bellevue_150th_se38th|optics|trial_012,12,"{""max_eps"": 0.09623894321033927, ""min_samples"": 80, ""xi"": 0.05}",0.6281156069743931,5,False,False,False
reviewer_example,0.4,0.3,0.1,0.1,0.1,bellevue_150th_se38th,optics,bellevue_150th_se38th|optics|trial_013,13,"{""max_eps"": 0.0105626297519378, ""min_samples"": 80, ""xi"": 0.07}",0.3289678822291213,16,False,False,False
reviewer_example,0.4,0.3,0.1,0.1,0.1,bellevue_150th_se38th,optics,bellevue_150th_se38th|optics|trial_014,14,"{""max_eps"": 0.020337294551748715, ""min_samples"": 80, ""xi"": 0.07}",0.5156383744839985,11,False,False,False
reviewer_example,0.4,0.3,0.1,0.1,0.1,bellevue_150th_se38th,optics,bellevue_150th_se38th|optics|trial_015,15,"{""max_eps"": 0.037180729231304936, ""min_samples"": 80, ""xi"": 0.07}",0.5304155923198457,9,False,False,False
reviewer_example,0.4,0.3,0.1,0.1,0.1,bellevue_150th_se38th,optics,bellevue_150th_se38th|optics|trial_016,16,"{""max_eps"": 0.09623894321033927, ""min_samples"": 80, ""xi"": 0.07}",0.647313235896993,3,False,False,False
moderate_target,0.4,0.2,0.15,0.125,0.125,bellevue_150th_se38th,optics,bellevue_150th_se38th|optics|trial_001,1,"{""max_eps"": 0.0105626297519378, ""min_samples"": 40, ""xi"": 0.05}",0.5188602775300553,12,False,False,False
moderate_target,0.4,0.2,0.15,0.125,0.125,bellevue_150th_se38th,optics,bellevue_150th_se38th|optics|trial_002,2,"{""max_eps"": 0.020337294551748715, ""min_samples"": 40, ""xi"": 0.05}",0.5687384807760052,7,False,False,False
moderate_target,0.4,0.2,0.15,0.125,0.125,bellevue_150th_se38th,optics,bellevue_150th_se38th|optics|trial_003,3,"{""max_eps"": 0.037180729231304936, ""min_samples"": 40, ""xi"": 0.05}",0.6331678699795052,4,False,False,False
moderate_target,0.4,0.2,0.15,0.125,0.125,bellevue_150th_se38th,optics,bellevue_150th_se38th|optics|trial_004,4,"{""max_eps"": 0.09623894321033927, ""min_samples"": 40, ""xi"": 0.05}",0.7253047233569777,1,True,False,True
moderate_target,0.4,0.2,0.15,0.125,0.125,bellevue_150th_se38th,optics,bellevue_150th_se38th|optics|trial_005,5,"{""max_eps"": 0.0105626297519378, ""min_samples"": 40, ""xi"": 0.07}",0.4831619081033302,14,False,False,False
moderate_target,0.4,0.2,0.15,0.125,0.125,bellevue_150th_se38th,optics,bellevue_150th_se38th|optics|trial_006,6,"{""max_eps"": 0.020337294551748715, ""min_samples"": 40, ""xi"": 0.07}",0.5001905780529162,13,False,False,False
moderate_target,0.4,0.2,0.15,0.125,0.125,bellevue_150th_se38th,optics,bellevue_150th_se38th|optics|trial_007,7,"{""max_eps"": 0.037180729231304936, ""min_samples"": 40, ""xi"": 0.07}",0.5748905451652148,6,False,False,False
moderate_target,0.4,0.2,0.15,0.125,0.125,bellevue_150th_se38th,optics,bellevue_150th_se38th|optics|trial_008,8,"{""max_eps"": 0.09623894321033927, ""min_samples"": 40, ""xi"": 0.07}",0.6636378859597913,2,False,False,False
moderate_target,0.4,0.2,0.15,0.125,0.125,bellevue_150th_se38th,optics,bellevue_150th_se38th|optics|trial_009,9,"{""max_eps"": 0.0105626297519378, ""min_samples"": 80, ""xi"": 0.05}",0.38292954670504853,15,False,False,False
moderate_target,0.4,0.2,0.15,0.125,0.125,bellevue_150th_se38th,optics,bellevue_150th_se38th|optics|trial_010,10,"{""max_eps"": 0.020337294551748715, ""min_samples"": 80, ""xi"": 0.05}",0.5262692350130553,10,False,True,False
moderate_target,0.4,0.2,0.15,0.125,0.125,bellevue_150th_se38th,optics,bellevue_150th_se38th|optics|trial_011,11,"{""max_eps"": 0.037180729231304936, ""min_samples"": 80, ""xi"": 0.05}",0.5366513585644023,8,False,False,False
moderate_target,0.4,0.2,0.15,0.125,0.125,bellevue_150th_se38th,optics,bellevue_150th_se38th|optics|trial_012,12,"{""max_eps"": 0.09623894321033927, ""min_samples"": 80, ""xi"": 0.05}",0.6243207333164472,5,False,False,False
moderate_target,0.4,0.2,0.15,0.125,0.125,bellevue_150th_se38th,optics,bellevue_150th_se38th|optics|trial_013,13,"{""max_eps"": 0.0105626297519378, ""min_samples"": 80, ""xi"": 0.07}",0.38292954670504853,16,False,False,False
moderate_target,0.4,0.2,0.15,0.125,0.125,bellevue_150th_se38th,optics,bellevue_150th_se38th|optics|trial_014,14,"{""max_eps"": 0.020337294551748715, ""min_samples"": 80, ""xi"": 0.07}",0.5262692350130553,11,False,False,False
moderate_target,0.4,0.2,0.15,0.125,0.125,bellevue_150th_se38th,optics,bellevue_150th_se38th|optics|trial_015,15,"{""max_eps"": 0.037180729231304936, ""min_samples"": 80, ""xi"": 0.07}",0.5366513585644023,9,False,False,False
moderate_target,0.4,0.2,0.15,0.125,0.125,bellevue_150th_se38th,optics,bellevue_150th_se38th|optics|trial_016,16,"{""max_eps"": 0.09623894321033927, ""min_samples"": 80, ""xi"": 0.07}",0.6377396985134126,3,False,False,False
balanced_task_internal,0.3,0.2,0.15,0.175,0.175,bellevue_150th_se38th,optics,bellevue_150th_se38th|optics|trial_001,1,"{""max_eps"": 0.0105626297519378, ""min_samples"": 40, ""xi"": 0.05}",0.5366500184928992,13,False,False,False
balanced_task_internal,0.3,0.2,0.15,0.175,0.175,bellevue_150th_se38th,optics,bellevue_150th_se38th|optics|trial_002,2,"{""max_eps"": 0.020337294551748715, ""min_samples"": 40, ""xi"": 0.05}",0.6116739883125006,9,False,False,False
balanced_task_internal,0.3,0.2,0.15,0.175,0.175,bellevue_150th_se38th,optics,bellevue_150th_se38th|optics|trial_003,3,"{""max_eps"": 0.037180729231304936, ""min_samples"": 40, ""xi"": 0.05}",0.6667763429639411,5,False,False,False
balanced_task_internal,0.3,0.2,0.15,0.175,0.175,bellevue_150th_se38th,optics,bellevue_150th_se38th|optics|trial_004,4,"{""max_eps"": 0.09623894321033927, ""min_samples"": 40, ""xi"": 0.05}",0.7428812294761108,1,True,False,True
balanced_task_internal,0.3,0.2,0.15,0.175,0.175,bellevue_150th_se38th,optics,bellevue_150th_se38th|optics|trial_005,5,"{""max_eps"": 0.0105626297519378, ""min_samples"": 40, ""xi"": 0.07}",0.5059910222678059,14,False,False,False
balanced_task_internal,0.3,0.2,0.15,0.175,0.175,bellevue_150th_se38th,optics,bellevue_150th_se38th|optics|trial_006,6,"{""max_eps"": 0.020337294551748715, ""min_samples"": 40, ""xi"": 0.07}",0.5721198406101045,12,False,False,False
balanced_task_internal,0.3,0.2,0.15,0.175,0.175,bellevue_150th_se38th,optics,bellevue_150th_se38th|optics|trial_007,7,"{""max_eps"": 0.037180729231304936, ""min_samples"": 40, ""xi"": 0.07}",0.63398104051089,6,False,False,False
balanced_task_internal,0.3,0.2,0.15,0.175,0.175,bellevue_150th_se38th,optics,bellevue_150th_se38th|optics|trial_008,8,"{""max_eps"": 0.09623894321033927, ""min_samples"": 40, ""xi"": 0.07}",0.7038312442742326,2,False,False,False
balanced_task_internal,0.3,0.2,0.15,0.175,0.175,bellevue_150th_se38th,optics,bellevue_150th_se38th|optics|trial_009,9,"{""max_eps"": 0.0105626297519378, ""min_samples"": 80, ""xi"": 0.05}",0.4435028957938339,15,False,False,False
balanced_task_internal,0.3,0.2,0.15,0.175,0.175,bellevue_150th_se38th,optics,bellevue_150th_se38th|optics|trial_010,10,"{""max_eps"": 0.020337294551748715, ""min_samples"": 80, ""xi"": 0.05}",0.6034556615628494,10,False,True,False
balanced_task_internal,0.3,0.2,0.15,0.175,0.175,bellevue_150th_se38th,optics,bellevue_150th_se38th|optics|trial_011,11,"{""max_eps"": 0.037180729231304936, ""min_samples"": 80, ""xi"": 0.05}",0.6133214218855363,7,False,False,False
balanced_task_internal,0.3,0.2,0.15,0.175,0.175,bellevue_150th_se38th,optics,bellevue_150th_se38th|optics|trial_012,12,"{""max_eps"": 0.09623894321033927, ""min_samples"": 80, ""xi"": 0.05}",0.6814920561931193,4,False,False,False
balanced_task_internal,0.3,0.2,0.15,0.175,0.175,bellevue_150th_se38th,optics,bellevue_150th_se38th|optics|trial_013,13,"{""max_eps"": 0.0105626297519378, ""min_samples"": 80, ""xi"": 0.07}",0.4435028957938339,16,False,False,False
balanced_task_internal,0.3,0.2,0.15,0.175,0.175,bellevue_150th_se38th,optics,bellevue_150th_se38th|optics|trial_014,14,"{""max_eps"": 0.020337294551748715, ""min_samples"": 80, ""xi"": 0.07}",0.6034556615628494,11,False,False,False
balanced_task_internal,0.3,0.2,0.15,0.175,0.175,bellevue_150th_se38th,optics,bellevue_150th_se38th|optics|trial_015,15,"{""max_eps"": 0.037180729231304936, ""min_samples"": 80, ""xi"": 0.07}",0.6133214218855363,8,False,False,False
balanced_task_internal,0.3,0.2,0.15,0.175,0.175,bellevue_150th_se38th,optics,bellevue_150th_se38th|optics|trial_016,16,"{""max_eps"": 0.09623894321033927, ""min_samples"": 80, ""xi"": 0.07}",0.6937288049890846,3,False,False,False
equal_weights,0.2,0.2,0.2,0.2,0.2,bellevue_150th_se38th,optics,bellevue_150th_se38th|optics|trial_001,1,"{""max_eps"": 0.0105626297519378, ""min_samples"": 40, ""xi"": 0.05}",0.5534621674863133,13,False,False,False
equal_weights,0.2,0.2,0.2,0.2,0.2,bellevue_150th_se38th,optics,bellevue_150th_se38th|optics|trial_002,2,"{""max_eps"": 0.020337294551748715, ""min_samples"": 40, ""xi"": 0.05}",0.6421675525938111,11,False,False,False
equal_weights,0.2,0.2,0.2,0.2,0.2,bellevue_150th_se38th,optics,bellevue_150th_se38th|optics|trial_003,3,"{""max_eps"": 0.037180729231304936, ""min_samples"": 40, ""xi"": 0.05}",0.688502657378237,5,False,False,False
equal_weights,0.2,0.2,0.2,0.2,0.2,bellevue_150th_se38th,optics,bellevue_150th_se38th|optics|trial_004,4,"{""max_eps"": 0.09623894321033927, ""min_samples"": 40, ""xi"": 0.05}",0.7502856904867479,1,True,False,True
equal_weights,0.2,0.2,0.2,0.2,0.2,bellevue_150th_se38th,optics,bellevue_150th_se38th|optics|trial_005,5,"{""max_eps"": 0.0105626297519378, ""min_samples"": 40, ""xi"": 0.07}",0.5264587501679205,14,False,False,False
equal_weights,0.2,0.2,0.2,0.2,0.2,bellevue_150th_se38th,optics,bellevue_150th_se38th|optics|trial_006,6,"{""max_eps"": 0.020337294551748715, ""min_samples"": 40, ""xi"": 0.07}",0.6212455341018935,12,False,False,False
equal_weights,0.2,0.2,0.2,0.2,0.2,bellevue_150th_se38th,optics,bellevue_150th_se38th|optics|trial_007,7,"{""max_eps"": 0.037180729231304936, ""min_samples"": 40, ""xi"": 0.07}",0.6753035702064084,6,False,False,False
equal_weights,0.2,0.2,0.2,0.2,0.2,bellevue_150th_se38th,optics,bellevue_150th_se38th|optics|trial_008,8,"{""max_eps"": 0.09623894321033927, ""min_samples"": 40, ""xi"": 0.07}",0.7299823288238462,3,False,False,False
equal_weights,0.2,0.2,0.2,0.2,0.2,bellevue_150th_se38th,optics,bellevue_150th_se38th|optics|trial_009,9,"{""max_eps"": 0.0105626297519378, ""min_samples"": 80, ""xi"": 0.05}",0.49622546777412413,15,False,False,False
equal_weights,0.2,0.2,0.2,0.2,0.2,bellevue_150th_se38th,optics,bellevue_150th_se38th|optics|trial_010,10,"{""max_eps"": 0.020337294551748715, ""min_samples"": 80, ""xi"": 0.05}",0.6641912341337911,9,False,True,False
equal_weights,0.2,0.2,0.2,0.2,0.2,bellevue_150th_se38th,optics,bellevue_150th_se38th|optics|trial_011,11,"{""max_eps"": 0.037180729231304936, ""min_samples"": 80, ""xi"": 0.05}",0.6744786540986794,7,False,False,False
equal_weights,0.2,0.2,0.2,0.2,0.2,bellevue_150th_se38th,optics,bellevue_150th_se38th|optics|trial_012,12,"{""max_eps"": 0.09623894321033927, ""min_samples"": 80, ""xi"": 0.05}",0.7267373221512293,4,False,False,False
equal_weights,0.2,0.2,0.2,0.2,0.2,bellevue_150th_se38th,optics,bellevue_150th_se38th|optics|trial_013,13,"{""max_eps"": 0.0105626297519378, ""min_samples"": 80, ""xi"": 0.07}",0.49622546777412413,16,False,False,False
equal_weights,0.2,0.2,0.2,0.2,0.2,bellevue_150th_se38th,optics,bellevue_150th_se38th|optics|trial_014,14,"{""max_eps"": 0.020337294551748715, ""min_samples"": 80, ""xi"": 0.07}",0.6641912341337911,10,False,False,False
equal_weights,0.2,0.2,0.2,0.2,0.2,bellevue_150th_se38th,optics,bellevue_150th_se38th|optics|trial_015,15,"{""max_eps"": 0.037180729231304936, ""min_samples"": 80, ""xi"": 0.07}",0.6744786540986794,8,False,False,False
equal_weights,0.2,0.2,0.2,0.2,0.2,bellevue_150th_se38th,optics,bellevue_150th_se38th|optics|trial_016,16,"{""max_eps"": 0.09623894321033927, ""min_samples"": 80, ""xi"": 0.07}",0.739582841776534,2,False,False,False
target_heavy,0.6,0.15,0.1,0.075,0.075,bellevue_150th_se38th,optics,bellevue_150th_se38th|optics|trial_001,1,"{""max_eps"": 0.0105626297519378, ""min_samples"": 40, ""xi"": 0.05}",0.4916058467695881,7,False,False,False
target_heavy,0.6,0.15,0.1,0.075,0.075,bellevue_150th_se38th,optics,bellevue_150th_se38th|optics|trial_002,2,"{""max_eps"": 0.020337294551748715, ""min_samples"": 40, ""xi"": 0.05}",0.5054188148497746,6,False,False,False
target_heavy,0.6,0.15,0.1,0.075,0.075,bellevue_150th_se38th,optics,bellevue_150th_se38th|optics|trial_003,3,"{""max_eps"": 0.037180729231304936, ""min_samples"": 40, ""xi"": 0.05}",0.5860422056349459,3,False,False,False
target_heavy,0.6,0.15,0.1,0.075,0.075,bellevue_150th_se38th,optics,bellevue_150th_se38th|optics|trial_004,4,"{""max_eps"": 0.09623894321033927, ""min_samples"": 40, ""xi"": 0.05}",0.7043999674019574,1,True,False,True
target_heavy,0.6,0.15,0.1,0.075,0.075,bellevue_150th_se38th,optics,bellevue_150th_se38th|optics|trial_005,5,"{""max_eps"": 0.0105626297519378, ""min_samples"": 40, ""xi"": 0.07}",0.4487694427835722,9,False,False,False
target_heavy,0.6,0.15,0.1,0.075,0.075,bellevue_150th_se38th,optics,bellevue_150th_se38th|optics|trial_006,6,"{""max_eps"": 0.020337294551748715, ""min_samples"": 40, ""xi"": 0.07}",0.40043475008299834,14,False,False,False
target_heavy,0.6,0.15,0.1,0.075,0.075,bellevue_150th_se38th,optics,bellevue_150th_se38th|optics|trial_007,7,"{""max_eps"": 0.037180729231304936, ""min_samples"": 40, ""xi"": 0.07}",0.489397985946946,8,False,False,False
target_heavy,0.6,0.15,0.1,0.075,0.075,bellevue_150th_se38th,optics,bellevue_150th_se38th|optics|trial_008,8,"{""max_eps"": 0.09623894321033927, ""min_samples"": 40, ""xi"": 0.07}",0.6061423037538298,2,False,False,False
target_heavy,0.6,0.15,0.1,0.075,0.075,bellevue_150th_se38th,optics,bellevue_150th_se38th|optics|trial_009,9,"{""max_eps"": 0.0105626297519378, ""min_samples"": 80, ""xi"": 0.05}",0.30053984642818415,15,False,False,False
target_heavy,0.6,0.15,0.1,0.075,0.075,bellevue_150th_se38th,optics,bellevue_150th_se38th|optics|trial_010,10,"{""max_eps"": 0.020337294551748715, ""min_samples"": 80, ""xi"": 0.05}",0.4018880931462742,12,False,True,False
target_heavy,0.6,0.15,0.1,0.075,0.075,bellevue_150th_se38th,optics,bellevue_150th_se38th|optics|trial_011,11,"{""max_eps"": 0.037180729231304936, ""min_samples"": 80, ""xi"": 0.05}",0.4096983617063992,10,False,False,False
target_heavy,0.6,0.15,0.1,0.075,0.075,bellevue_150th_se38th,optics,bellevue_150th_se38th|optics|trial_012,12,"{""max_eps"": 0.09623894321033927, ""min_samples"": 80, ""xi"": 0.05}",0.5259697361119733,5,False,False,False
target_heavy,0.6,0.15,0.1,0.075,0.075,bellevue_150th_se38th,optics,bellevue_150th_se38th|optics|trial_013,13,"{""max_eps"": 0.0105626297519378, ""min_samples"": 80, ""xi"": 0.07}",0.30053984642818415,16,False,False,False
target_heavy,0.6,0.15,0.1,0.075,0.075,bellevue_150th_se38th,optics,bellevue_150th_se38th|optics|trial_014,14,"{""max_eps"": 0.020337294551748715, ""min_samples"": 80, ""xi"": 0.07}",0.4018880931462742,13,False,False,False
target_heavy,0.6,0.15,0.1,0.075,0.075,bellevue_150th_se38th,optics,bellevue_150th_se38th|optics|trial_015,15,"{""max_eps"": 0.037180729231304936, ""min_samples"": 80, ""xi"": 0.07}",0.4096983617063992,11,False,False,False
target_heavy,0.6,0.15,0.1,0.075,0.075,bellevue_150th_se38th,optics,bellevue_150th_se38th|optics|trial_016,16,"{""max_eps"": 0.09623894321033927, ""min_samples"": 80, ""xi"": 0.07}",0.5361773214026124,4,False,False,False
outlier_heavy,0.35,0.35,0.1,0.1,0.1,bellevue_150th_se38th,optics,bellevue_150th_se38th|optics|trial_001,1,"{""max_eps"": 0.0105626297519378, ""min_samples"": 40, ""xi"": 0.05}",0.5066903623935347,12,False,False,False
outlier_heavy,0.35,0.35,0.1,0.1,0.1,bellevue_150th_se38th,optics,bellevue_150th_se38th|optics|trial_002,2,"{""max_eps"": 0.020337294551748715, ""min_samples"": 40, ""xi"": 0.05}",0.5723199601247123,7,False,False,False
outlier_heavy,0.35,0.35,0.1,0.1,0.1,bellevue_150th_se38th,optics,bellevue_150th_se38th|optics|trial_003,3,"{""max_eps"": 0.037180729231304936, ""min_samples"": 40, ""xi"": 0.05}",0.6372268958793454,5,False,False,False
outlier_heavy,0.35,0.35,0.1,0.1,0.1,bellevue_150th_se38th,optics,bellevue_150th_se38th|optics|trial_004,4,"{""max_eps"": 0.09623894321033927, ""min_samples"": 40, ""xi"": 0.05}",0.732036388000791,1,True,False,True
outlier_heavy,0.35,0.35,0.1,0.1,0.1,bellevue_150th_se38th,optics,bellevue_150th_se38th|optics|trial_005,5,"{""max_eps"": 0.0105626297519378, ""min_samples"": 40, ""xi"": 0.07}",0.47022472121543196,14,False,False,False
outlier_heavy,0.35,0.35,0.1,0.1,0.1,bellevue_150th_se38th,optics,bellevue_150th_se38th|optics|trial_006,6,"{""max_eps"": 0.020337294551748715, ""min_samples"": 40, ""xi"": 0.07}",0.4950613941597309,13,False,False,False
outlier_heavy,0.35,0.35,0.1,0.1,0.1,bellevue_150th_se38th,optics,bellevue_150th_se38th|optics|trial_007,7,"{""max_eps"": 0.037180729231304936, ""min_samples"": 40, ""xi"": 0.07}",0.5774423610194346,6,False,False,False
outlier_heavy,0.35,0.35,0.1,0.1,0.1,bellevue_150th_se38th,optics,bellevue_150th_se38th|optics|trial_008,8,"{""max_eps"": 0.09623894321033927, ""min_samples"": 40, ""xi"": 0.07}",0.67123025690756,3,False,False,False
outlier_heavy,0.35,0.35,0.1,0.1,0.1,bellevue_150th_se38th,optics,bellevue_150th_se38th|optics|trial_009,9,"{""max_eps"": 0.0105626297519378, ""min_samples"": 80, ""xi"": 0.05}",0.32834833598130286,15,False,False,False
outlier_heavy,0.35,0.35,0.1,0.1,0.1,bellevue_150th_se38th,optics,bellevue_150th_se38th|optics|trial_010,10,"{""max_eps"": 0.020337294551748715, ""min_samples"": 80, ""xi"": 0.05}",0.5406907305049409,10,False,True,False
outlier_heavy,0.35,0.35,0.1,0.1,0.1,bellevue_150th_se38th,optics,bellevue_150th_se38th|optics|trial_011,11,"{""max_eps"": 0.037180729231304936, ""min_samples"": 80, ""xi"": 0.05}",0.557876325304139,8,False,False,False
outlier_heavy,0.35,0.35,0.1,0.1,0.1,bellevue_150th_se38th,optics,bellevue_150th_se38th|optics|trial_012,12,"{""max_eps"": 0.09623894321033927, ""min_samples"": 80, ""xi"": 0.05}",0.652635676782421,4,False,False,False
outlier_heavy,0.35,0.35,0.1,0.1,0.1,bellevue_150th_se38th,optics,bellevue_150th_se38th|optics|trial_013,13,"{""max_eps"": 0.0105626297519378, ""min_samples"": 80, ""xi"": 0.07}",0.32834833598130286,16,False,False,False
outlier_heavy,0.35,0.35,0.1,0.1,0.1,bellevue_150th_se38th,optics,bellevue_150th_se38th|optics|trial_014,14,"{""max_eps"": 0.020337294551748715, ""min_samples"": 80, ""xi"": 0.07}",0.5406907305049409,11,False,False,False
outlier_heavy,0.35,0.35,0.1,0.1,0.1,bellevue_150th_se38th,optics,bellevue_150th_se38th|optics|trial_015,15,"{""max_eps"": 0.037180729231304936, ""min_samples"": 80, ""xi"": 0.07}",0.557876325304139,9,False,False,False
outlier_heavy,0.35,0.35,0.1,0.1,0.1,bellevue_150th_se38th,optics,bellevue_150th_se38th|optics|trial_016,16,"{""max_eps"": 0.09623894321033927, ""min_samples"": 80, ""xi"": 0.07}",0.6750270229825078,2,False,False,False
original,0.5,0.2,0.1,0.1,0.1,bellevue_ne8th,hdbscan,bellevue_ne8th|hdbscan|trial_001,1,"{""min_cluster_size"": 80, ""min_samples"": 10}",0.6362190499851355,5,False,False,False
original,0.5,0.2,0.1,0.1,0.1,bellevue_ne8th,hdbscan,bellevue_ne8th|hdbscan|trial_002,2,"{""min_cluster_size"": 80, ""min_samples"": 20}",0.6360172462567922,6,False,True,False
original,0.5,0.2,0.1,0.1,0.1,bellevue_ne8th,hdbscan,bellevue_ne8th|hdbscan|trial_003,3,"{""min_cluster_size"": 160, ""min_samples"": 10}",0.9273416750207414,1,True,False,True
original,0.5,0.2,0.1,0.1,0.1,bellevue_ne8th,hdbscan,bellevue_ne8th|hdbscan|trial_004,4,"{""min_cluster_size"": 160, ""min_samples"": 20}",0.925970404687402,2,False,False,False
original,0.5,0.2,0.1,0.1,0.1,bellevue_ne8th,hdbscan,bellevue_ne8th|hdbscan|trial_005,5,"{""min_cluster_size"": 320, ""min_samples"": 10}",0.7324475726000339,3,False,False,False
original,0.5,0.2,0.1,0.1,0.1,bellevue_ne8th,hdbscan,bellevue_ne8th|hdbscan|trial_006,6,"{""min_cluster_size"": 320, ""min_samples"": 20}",0.7318664969634192,4,False,False,False
reviewer_example,0.4,0.3,0.1,0.1,0.1,bellevue_ne8th,hdbscan,bellevue_ne8th|hdbscan|trial_001,1,"{""min_cluster_size"": 80, ""min_samples"": 10}",0.6804631041959672,5,False,False,False
reviewer_example,0.4,0.3,0.1,0.1,0.1,bellevue_ne8th,hdbscan,bellevue_ne8th|hdbscan|trial_002,2,"{""min_cluster_size"": 80, ""min_samples"": 20}",0.6791697010371539,6,False,True,False
reviewer_example,0.4,0.3,0.1,0.1,0.1,bellevue_ne8th,hdbscan,bellevue_ne8th|hdbscan|trial_003,3,"{""min_cluster_size"": 160, ""min_samples"": 10}",0.9221526226556093,1,True,False,True
reviewer_example,0.4,0.3,0.1,0.1,0.1,bellevue_ne8th,hdbscan,bellevue_ne8th|hdbscan|trial_004,4,"{""min_cluster_size"": 160, ""min_samples"": 20}",0.9200377990870223,2,False,False,False
reviewer_example,0.4,0.3,0.1,0.1,0.1,bellevue_ne8th,hdbscan,bellevue_ne8th|hdbscan|trial_005,5,"{""min_cluster_size"": 320, ""min_samples"": 10}",0.7520963623484913,3,False,False,False
reviewer_example,0.4,0.3,0.1,0.1,0.1,bellevue_ne8th,hdbscan,bellevue_ne8th|hdbscan|trial_006,6,"{""min_cluster_size"": 320, ""min_samples"": 20}",0.7508350146030331,4,False,False,False
moderate_target,0.4,0.2,0.15,0.125,0.125,bellevue_ne8th,hdbscan,bellevue_ne8th|hdbscan|trial_001,1,"{""min_cluster_size"": 80, ""min_samples"": 10}",0.6698378756760789,6,False,False,False
moderate_target,0.4,0.2,0.15,0.125,0.125,bellevue_ne8th,hdbscan,bellevue_ne8th|hdbscan|trial_002,2,"{""min_cluster_size"": 80, ""min_samples"": 20}",0.670055508425311,5,False,True,False
moderate_target,0.4,0.2,0.15,0.125,0.125,bellevue_ne8th,hdbscan,bellevue_ne8th|hdbscan|trial_003,3,"{""min_cluster_size"": 160, ""min_samples"": 10}",0.9060733052580089,1,True,False,True
moderate_target,0.4,0.2,0.15,0.125,0.125,bellevue_ne8th,hdbscan,bellevue_ne8th|hdbscan|trial_004,4,"{""min_cluster_size"": 160, ""min_samples"": 20}",0.9046859517808684,2,False,False,False
moderate_target,0.4,0.2,0.15,0.125,0.125,bellevue_ne8th,hdbscan,bellevue_ne8th|hdbscan|trial_005,5,"{""min_cluster_size"": 320, ""min_samples"": 10}",0.7409730351964391,3,False,False,False
moderate_target,0.4,0.2,0.15,0.125,0.125,bellevue_ne8th,hdbscan,bellevue_ne8th|hdbscan|trial_006,6,"{""min_cluster_size"": 320, ""min_samples"": 20}",0.740535758129279,4,False,False,False
balanced_task_internal,0.3,0.2,0.15,0.175,0.175,bellevue_ne8th,hdbscan,bellevue_ne8th|hdbscan|trial_001,1,"{""min_cluster_size"": 80, ""min_samples"": 10}",0.70588672141322,6,False,False,False
balanced_task_internal,0.3,0.2,0.15,0.175,0.175,bellevue_ne8th,hdbscan,bellevue_ne8th|hdbscan|trial_002,2,"{""min_cluster_size"": 80, ""min_samples"": 20}",0.7072468763398976,5,False,True,False
balanced_task_internal,0.3,0.2,0.15,0.175,0.175,bellevue_ne8th,hdbscan,bellevue_ne8th|hdbscan|trial_003,3,"{""min_cluster_size"": 160, ""min_samples"": 10}",0.8863298245344793,1,True,False,True
balanced_task_internal,0.3,0.2,0.15,0.175,0.175,bellevue_ne8th,hdbscan,bellevue_ne8th|hdbscan|trial_004,4,"{""min_cluster_size"": 160, ""min_samples"": 20}",0.8850904734820968,2,False,False,False
balanced_task_internal,0.3,0.2,0.15,0.175,0.175,bellevue_ne8th,hdbscan,bellevue_ne8th|hdbscan|trial_005,5,"{""min_cluster_size"": 320, ""min_samples"": 10}",0.7504054364400806,4,False,False,False
balanced_task_internal,0.3,0.2,0.15,0.175,0.175,bellevue_ne8th,hdbscan,bellevue_ne8th|hdbscan|trial_006,6,"{""min_cluster_size"": 320, ""min_samples"": 20}",0.7504600308150841,3,False,False,False
equal_weights,0.2,0.2,0.2,0.2,0.2,bellevue_ne8th,hdbscan,bellevue_ne8th|hdbscan|trial_001,1,"{""min_cluster_size"": 80, ""min_samples"": 10}",0.7395055471041634,6,False,False,False
equal_weights,0.2,0.2,0.2,0.2,0.2,bellevue_ne8th,hdbscan,bellevue_ne8th|hdbscan|trial_002,2,"{""min_cluster_size"": 80, ""min_samples"": 20}",0.7412851385084164,5,False,True,False
equal_weights,0.2,0.2,0.2,0.2,0.2,bellevue_ne8th,hdbscan,bellevue_ne8th|hdbscan|trial_003,3,"{""min_cluster_size"": 160, ""min_samples"": 10}",0.865061454771747,1,True,False,True
equal_weights,0.2,0.2,0.2,0.2,0.2,bellevue_ne8th,hdbscan,bellevue_ne8th|hdbscan|trial_004,4,"{""min_cluster_size"": 160, ""min_samples"": 20}",0.8638060205755633,2,False,False,False
equal_weights,0.2,0.2,0.2,0.2,0.2,bellevue_ne8th,hdbscan,bellevue_ne8th|hdbscan|trial_005,5,"{""min_cluster_size"": 320, ""min_samples"": 10}",0.7589308990364859,4,False,False,False
equal_weights,0.2,0.2,0.2,0.2,0.2,bellevue_ne8th,hdbscan,bellevue_ne8th|hdbscan|trial_006,6,"{""min_cluster_size"": 320, ""min_samples"": 20}",0.7591292919809439,3,False,False,False
target_heavy,0.6,0.15,0.1,0.075,0.075,bellevue_ne8th,hdbscan,bellevue_ne8th|hdbscan|trial_001,1,"{""min_cluster_size"": 80, ""min_samples"": 10}",0.5960726000111491,5,False,False,False
target_heavy,0.6,0.15,0.1,0.075,0.075,bellevue_ne8th,hdbscan,bellevue_ne8th|hdbscan|trial_002,2,"{""min_cluster_size"": 80, ""min_samples"": 20}",0.5958453349093179,6,False,True,False
target_heavy,0.6,0.15,0.1,0.075,0.075,bellevue_ne8th,hdbscan,bellevue_ne8th|hdbscan|trial_003,3,"{""min_cluster_size"": 160, ""min_samples"": 10}",0.9398079415650721,1,True,False,True
target_heavy,0.6,0.15,0.1,0.075,0.075,bellevue_ne8th,hdbscan,bellevue_ne8th|hdbscan|trial_004,4,"{""min_cluster_size"": 160, ""min_samples"": 20}",0.9387344466369776,2,False,False,False
target_heavy,0.6,0.15,0.1,0.075,0.075,bellevue_ne8th,hdbscan,bellevue_ne8th|hdbscan|trial_005,5,"{""min_cluster_size"": 320, ""min_samples"": 10}",0.7179069771039844,3,False,False,False
target_heavy,0.6,0.15,0.1,0.075,0.075,bellevue_ne8th,hdbscan,bellevue_ne8th|hdbscan|trial_006,6,"{""min_cluster_size"": 320, ""min_samples"": 20}",0.7174201018007097,4,False,False,False
outlier_heavy,0.35,0.35,0.1,0.1,0.1,bellevue_ne8th,hdbscan,bellevue_ne8th|hdbscan|trial_001,1,"{""min_cluster_size"": 80, ""min_samples"": 10}",0.7025851313013829,5,False,False,False
outlier_heavy,0.35,0.35,0.1,0.1,0.1,bellevue_ne8th,hdbscan,bellevue_ne8th|hdbscan|trial_002,2,"{""min_cluster_size"": 80, ""min_samples"": 20}",0.7007459284273347,6,False,True,False
outlier_heavy,0.35,0.35,0.1,0.1,0.1,bellevue_ne8th,hdbscan,bellevue_ne8th|hdbscan|trial_003,3,"{""min_cluster_size"": 160, ""min_samples"": 10}",0.9195580964730431,1,True,False,True
outlier_heavy,0.35,0.35,0.1,0.1,0.1,bellevue_ne8th,hdbscan,bellevue_ne8th|hdbscan|trial_004,4,"{""min_cluster_size"": 160, ""min_samples"": 20}",0.9170714962868324,2,False,False,False
outlier_heavy,0.35,0.35,0.1,0.1,0.1,bellevue_ne8th,hdbscan,bellevue_ne8th|hdbscan|trial_005,5,"{""min_cluster_size"": 320, ""min_samples"": 10}",0.76192075722272,3,False,False,False
outlier_heavy,0.35,0.35,0.1,0.1,0.1,bellevue_ne8th,hdbscan,bellevue_ne8th|hdbscan|trial_006,6,"{""min_cluster_size"": 320, ""min_samples"": 20}",0.7603192734228401,4,False,False,False
original,0.5,0.2,0.1,0.1,0.1,bellevue_ne8th,kmeans,bellevue_ne8th|kmeans|trial_001,1,"{""max_iter"": 300, ""n_clusters"": 2, ""n_init"": 10}",0.4889336077306953,15,False,False,False
original,0.5,0.2,0.1,0.1,0.1,bellevue_ne8th,kmeans,bellevue_ne8th|kmeans|trial_002,2,"{""max_iter"": 300, ""n_clusters"": 3, ""n_init"": 10}",0.5664521841281425,13,False,False,False
original,0.5,0.2,0.1,0.1,0.1,bellevue_ne8th,kmeans,bellevue_ne8th|kmeans|trial_003,3,"{""max_iter"": 300, ""n_clusters"": 4, ""n_init"": 10}",0.6490813208630022,11,False,False,False
original,0.5,0.2,0.1,0.1,0.1,bellevue_ne8th,kmeans,bellevue_ne8th|kmeans|trial_004,4,"{""max_iter"": 300, ""n_clusters"": 5, ""n_init"": 10}",0.711746252797741,9,False,False,False
original,0.5,0.2,0.1,0.1,0.1,bellevue_ne8th,kmeans,bellevue_ne8th|kmeans|trial_005,5,"{""max_iter"": 300, ""n_clusters"": 6, ""n_init"": 10}",0.774615127288589,7,False,False,False
original,0.5,0.2,0.1,0.1,0.1,bellevue_ne8th,kmeans,bellevue_ne8th|kmeans|trial_006,6,"{""max_iter"": 300, ""n_clusters"": 7, ""n_init"": 10}",0.8328594224097188,5,False,False,False
original,0.5,0.2,0.1,0.1,0.1,bellevue_ne8th,kmeans,bellevue_ne8th|kmeans|trial_007,7,"{""max_iter"": 300, ""n_clusters"": 8, ""n_init"": 10}",0.8934764964761521,3,False,False,False
original,0.5,0.2,0.1,0.1,0.1,bellevue_ne8th,kmeans,bellevue_ne8th|kmeans|trial_008,8,"{""max_iter"": 300, ""n_clusters"": 9, ""n_init"": 10}",0.9501870492073201,1,True,False,True
original,0.5,0.2,0.1,0.1,0.1,bellevue_ne8th,kmeans,bellevue_ne8th|kmeans|trial_009,9,"{""max_iter"": 300, ""n_clusters"": 10, ""n_init"": 10}",0.8956442189472456,2,False,True,False
original,0.5,0.2,0.1,0.1,0.1,bellevue_ne8th,kmeans,bellevue_ne8th|kmeans|trial_010,10,"{""max_iter"": 300, ""n_clusters"": 11, ""n_init"": 10}",0.8372222946934893,4,False,False,False
original,0.5,0.2,0.1,0.1,0.1,bellevue_ne8th,kmeans,bellevue_ne8th|kmeans|trial_011,11,"{""max_iter"": 300, ""n_clusters"": 12, ""n_init"": 10}",0.7746258973442822,6,False,False,False
original,0.5,0.2,0.1,0.1,0.1,bellevue_ne8th,kmeans,bellevue_ne8th|kmeans|trial_012,12,"{""max_iter"": 300, ""n_clusters"": 13, ""n_init"": 10}",0.7144074438099016,8,False,False,False
original,0.5,0.2,0.1,0.1,0.1,bellevue_ne8th,kmeans,bellevue_ne8th|kmeans|trial_013,13,"{""max_iter"": 300, ""n_clusters"": 14, ""n_init"": 10}",0.6510222968053496,10,False,False,False
original,0.5,0.2,0.1,0.1,0.1,bellevue_ne8th,kmeans,bellevue_ne8th|kmeans|trial_014,14,"{""max_iter"": 300, ""n_clusters"": 15, ""n_init"": 10}",0.5976168407978079,12,False,False,False
original,0.5,0.2,0.1,0.1,0.1,bellevue_ne8th,kmeans,bellevue_ne8th|kmeans|trial_015,15,"{""max_iter"": 300, ""n_clusters"": 16, ""n_init"": 10}",0.5419218639637432,14,False,False,False
original,0.5,0.2,0.1,0.1,0.1,bellevue_ne8th,kmeans,bellevue_ne8th|kmeans|trial_016,16,"{""max_iter"": 300, ""n_clusters"": 17, ""n_init"": 10}",0.4862617851014803,16,False,False,False
original,0.5,0.2,0.1,0.1,0.1,bellevue_ne8th,kmeans,bellevue_ne8th|kmeans|trial_017,17,"{""max_iter"": 300, ""n_clusters"": 18, ""n_init"": 10}",0.4285420957330649,19,False,False,False
original,0.5,0.2,0.1,0.1,0.1,bellevue_ne8th,kmeans,bellevue_ne8th|kmeans|trial_018,18,"{""max_iter"": 300, ""n_clusters"": 19, ""n_init"": 10}",0.42833361851225543,21,False,False,False
original,0.5,0.2,0.1,0.1,0.1,bellevue_ne8th,kmeans,bellevue_ne8th|kmeans|trial_019,19,"{""max_iter"": 300, ""n_clusters"": 20, ""n_init"": 10}",0.42837962687864034,20,False,False,False
original,0.5,0.2,0.1,0.1,0.1,bellevue_ne8th,kmeans,bellevue_ne8th|kmeans|trial_020,20,"{""max_iter"": 300, ""n_clusters"": 21, ""n_init"": 10}",0.43259986487698676,17,False,False,False
original,0.5,0.2,0.1,0.1,0.1,bellevue_ne8th,kmeans,bellevue_ne8th|kmeans|trial_021,21,"{""max_iter"": 300, ""n_clusters"": 22, ""n_init"": 10}",0.42386493907033584,29,False,False,False
original,0.5,0.2,0.1,0.1,0.1,bellevue_ne8th,kmeans,bellevue_ne8th|kmeans|trial_022,22,"{""max_iter"": 300, ""n_clusters"": 23, ""n_init"": 10}",0.4290285577036675,18,False,False,False
original,0.5,0.2,0.1,0.1,0.1,bellevue_ne8th,kmeans,bellevue_ne8th|kmeans|trial_023,23,"{""max_iter"": 300, ""n_clusters"": 24, ""n_init"": 10}",0.42822485592763804,22,False,False,False
original,0.5,0.2,0.1,0.1,0.1,bellevue_ne8th,kmeans,bellevue_ne8th|kmeans|trial_024,24,"{""max_iter"": 300, ""n_clusters"": 25, ""n_init"": 10}",0.42793207559862606,25,False,False,False
original,0.5,0.2,0.1,0.1,0.1,bellevue_ne8th,kmeans,bellevue_ne8th|kmeans|trial_025,25,"{""max_iter"": 300, ""n_clusters"": 26, ""n_init"": 10}",0.4253889577876415,28,False,False,False
original,0.5,0.2,0.1,0.1,0.1,bellevue_ne8th,kmeans,bellevue_ne8th|kmeans|trial_026,26,"{""max_iter"": 300, ""n_clusters"": 27, ""n_init"": 10}",0.42811334926529493,23,False,False,False
original,0.5,0.2,0.1,0.1,0.1,bellevue_ne8th,kmeans,bellevue_ne8th|kmeans|trial_027,27,"{""max_iter"": 300, ""n_clusters"": 28, ""n_init"": 10}",0.42795194786612023,24,False,False,False
original,0.5,0.2,0.1,0.1,0.1,bellevue_ne8th,kmeans,bellevue_ne8th|kmeans|trial_028,28,"{""max_iter"": 300, ""n_clusters"": 29, ""n_init"": 10}",0.4274607118294481,26,False,False,False
original,0.5,0.2,0.1,0.1,0.1,bellevue_ne8th,kmeans,bellevue_ne8th|kmeans|trial_029,29,"{""max_iter"": 300, ""n_clusters"": 30, ""n_init"": 10}",0.42600920936011966,27,False,False,False
reviewer_example,0.4,0.3,0.1,0.1,0.1,bellevue_ne8th,kmeans,bellevue_ne8th|kmeans|trial_001,1,"{""max_iter"": 300, ""n_clusters"": 2, ""n_init"": 10}",0.566711385508473,16,False,False,False
reviewer_example,0.4,0.3,0.1,0.1,0.1,bellevue_ne8th,kmeans,bellevue_ne8th|kmeans|trial_002,2,"{""max_iter"": 300, ""n_clusters"": 3, ""n_init"": 10}",0.6331188507948091,13,False,False,False
reviewer_example,0.4,0.3,0.1,0.1,0.1,bellevue_ne8th,kmeans,bellevue_ne8th|kmeans|trial_003,3,"{""max_iter"": 300, ""n_clusters"": 4, ""n_init"": 10}",0.7046368764185578,11,False,False,False
reviewer_example,0.4,0.3,0.1,0.1,0.1,bellevue_ne8th,kmeans,bellevue_ne8th|kmeans|trial_004,4,"{""max_iter"": 300, ""n_clusters"": 5, ""n_init"": 10}",0.7561906972421854,9,False,False,False
reviewer_example,0.4,0.3,0.1,0.1,0.1,bellevue_ne8th,kmeans,bellevue_ne8th|kmeans|trial_005,5,"{""max_iter"": 300, ""n_clusters"": 6, ""n_init"": 10}",0.8079484606219223,7,False,False,False
reviewer_example,0.4,0.3,0.1,0.1,0.1,bellevue_ne8th,kmeans,bellevue_ne8th|kmeans|trial_006,6,"{""max_iter"": 300, ""n_clusters"": 7, ""n_init"": 10}",0.855081644631941,5,False,False,False
reviewer_example,0.4,0.3,0.1,0.1,0.1,bellevue_ne8th,kmeans,bellevue_ne8th|kmeans|trial_007,7,"{""max_iter"": 300, ""n_clusters"": 8, ""n_init"": 10}",0.9045876075872632,3,False,False,False
reviewer_example,0.4,0.3,0.1,0.1,0.1,bellevue_ne8th,kmeans,bellevue_ne8th|kmeans|trial_008,8,"{""max_iter"": 300, ""n_clusters"": 9, ""n_init"": 10}",0.9501870492073201,1,True,False,True
reviewer_example,0.4,0.3,0.1,0.1,0.1,bellevue_ne8th,kmeans,bellevue_ne8th|kmeans|trial_009,9,"{""max_iter"": 300, ""n_clusters"": 10, ""n_init"": 10}",0.9067553300583566,2,False,True,False
reviewer_example,0.4,0.3,0.1,0.1,0.1,bellevue_ne8th,kmeans,bellevue_ne8th|kmeans|trial_010,10,"{""max_iter"": 300, ""n_clusters"": 11, ""n_init"": 10}",0.8594445169157116,4,False,False,False
reviewer_example,0.4,0.3,0.1,0.1,0.1,bellevue_ne8th,kmeans,bellevue_ne8th|kmeans|trial_011,11,"{""max_iter"": 300, ""n_clusters"": 12, ""n_init"": 10}",0.8079592306776157,6,False,False,False
reviewer_example,0.4,0.3,0.1,0.1,0.1,bellevue_ne8th,kmeans,bellevue_ne8th|kmeans|trial_012,12,"{""max_iter"": 300, ""n_clusters"": 13, ""n_init"": 10}",0.7588518882543461,8,False,False,False
reviewer_example,0.4,0.3,0.1,0.1,0.1,bellevue_ne8th,kmeans,bellevue_ne8th|kmeans|trial_013,13,"{""max_iter"": 300, ""n_clusters"": 14, ""n_init"": 10}",0.7065778523609052,10,False,False,False
reviewer_example,0.4,0.3,0.1,0.1,0.1,bellevue_ne8th,kmeans,bellevue_ne8th|kmeans|trial_014,14,"{""max_iter"": 300, ""n_clusters"": 15, ""n_init"": 10}",0.6642835074644745,12,False,False,False
reviewer_example,0.4,0.3,0.1,0.1,0.1,bellevue_ne8th,kmeans,bellevue_ne8th|kmeans|trial_015,15,"{""max_iter"": 300, ""n_clusters"": 16, ""n_init"": 10}",0.6196996417415209,14,False,False,False
reviewer_example,0.4,0.3,0.1,0.1,0.1,bellevue_ne8th,kmeans,bellevue_ne8th|kmeans|trial_016,16,"{""max_iter"": 300, ""n_clusters"": 17, ""n_init"": 10}",0.5751506739903691,15,False,False,False
reviewer_example,0.4,0.3,0.1,0.1,0.1,bellevue_ne8th,kmeans,bellevue_ne8th|kmeans|trial_017,17,"{""max_iter"": 300, ""n_clusters"": 18, ""n_init"": 10}",0.5285420957330649,19,False,False,False
reviewer_example,0.4,0.3,0.1,0.1,0.1,bellevue_ne8th,kmeans,bellevue_ne8th|kmeans|trial_018,18,"{""max_iter"": 300, ""n_clusters"": 19, ""n_init"": 10}",0.5283336185122554,21,False,False,False
reviewer_example,0.4,0.3,0.1,0.1,0.1,bellevue_ne8th,kmeans,bellevue_ne8th|kmeans|trial_019,19,"{""max_iter"": 300, ""n_clusters"": 20, ""n_init"": 10}",0.5283796268786403,20,False,False,False
reviewer_example,0.4,0.3,0.1,0.1,0.1,bellevue_ne8th,kmeans,bellevue_ne8th|kmeans|trial_020,20,"{""max_iter"": 300, ""n_clusters"": 21, ""n_init"": 10}",0.5325998648769867,17,False,False,False
reviewer_example,0.4,0.3,0.1,0.1,0.1,bellevue_ne8th,kmeans,bellevue_ne8th|kmeans|trial_021,21,"{""max_iter"": 300, ""n_clusters"": 22, ""n_init"": 10}",0.5238649390703358,29,False,False,False
reviewer_example,0.4,0.3,0.1,0.1,0.1,bellevue_ne8th,kmeans,bellevue_ne8th|kmeans|trial_022,22,"{""max_iter"": 300, ""n_clusters"": 23, ""n_init"": 10}",0.5290285577036674,18,False,False,False
reviewer_example,0.4,0.3,0.1,0.1,0.1,bellevue_ne8th,kmeans,bellevue_ne8th|kmeans|trial_023,23,"{""max_iter"": 300, ""n_clusters"": 24, ""n_init"": 10}",0.528224855927638,22,False,False,False
reviewer_example,0.4,0.3,0.1,0.1,0.1,bellevue_ne8th,kmeans,bellevue_ne8th|kmeans|trial_024,24,"{""max_iter"": 300, ""n_clusters"": 25, ""n_init"": 10}",0.527932075598626,25,False,False,False
reviewer_example,0.4,0.3,0.1,0.1,0.1,bellevue_ne8th,kmeans,bellevue_ne8th|kmeans|trial_025,25,"{""max_iter"": 300, ""n_clusters"": 26, ""n_init"": 10}",0.5253889577876415,28,False,False,False
reviewer_example,0.4,0.3,0.1,0.1,0.1,bellevue_ne8th,kmeans,bellevue_ne8th|kmeans|trial_026,26,"{""max_iter"": 300, ""n_clusters"": 27, ""n_init"": 10}",0.528113349265295,23,False,False,False
reviewer_example,0.4,0.3,0.1,0.1,0.1,bellevue_ne8th,kmeans,bellevue_ne8th|kmeans|trial_027,27,"{""max_iter"": 300, ""n_clusters"": 28, ""n_init"": 10}",0.5279519478661202,24,False,False,False
reviewer_example,0.4,0.3,0.1,0.1,0.1,bellevue_ne8th,kmeans,bellevue_ne8th|kmeans|trial_028,28,"{""max_iter"": 300, ""n_clusters"": 29, ""n_init"": 10}",0.5274607118294481,26,False,False,False
reviewer_example,0.4,0.3,0.1,0.1,0.1,bellevue_ne8th,kmeans,bellevue_ne8th|kmeans|trial_029,29,"{""max_iter"": 300, ""n_clusters"": 30, ""n_init"": 10}",0.5260092093601196,27,False,False,False
moderate_target,0.4,0.2,0.15,0.125,0.125,bellevue_ne8th,kmeans,bellevue_ne8th|kmeans|trial_001,1,"{""max_iter"": 300, ""n_clusters"": 2, ""n_init"": 10}",0.5226169384721018,16,False,False,False
moderate_target,0.4,0.2,0.15,0.125,0.125,bellevue_ne8th,kmeans,bellevue_ne8th|kmeans|trial_002,2,"{""max_iter"": 300, ""n_clusters"": 3, ""n_init"": 10}",0.5971136402218771,14,False,False,False
moderate_target,0.4,0.2,0.15,0.125,0.125,bellevue_ne8th,kmeans,bellevue_ne8th|kmeans|trial_003,3,"{""max_iter"": 300, ""n_clusters"": 4, ""n_init"": 10}",0.6788805230926748,11,False,False,False
moderate_target,0.4,0.2,0.15,0.125,0.125,bellevue_ne8th,kmeans,bellevue_ne8th|kmeans|trial_004,4,"{""max_iter"": 300, ""n_clusters"": 5, ""n_init"": 10}",0.7322116880110981,9,False,False,False
moderate_target,0.4,0.2,0.15,0.125,0.125,bellevue_ne8th,kmeans,bellevue_ne8th|kmeans|trial_005,5,"{""max_iter"": 300, ""n_clusters"": 6, ""n_init"": 10}",0.7868616950623262,7,False,False,False
moderate_target,0.4,0.2,0.15,0.125,0.125,bellevue_ne8th,kmeans,bellevue_ne8th|kmeans|trial_006,6,"{""max_iter"": 300, ""n_clusters"": 7, ""n_init"": 10}",0.8351654028341704,5,False,False,False
moderate_target,0.4,0.2,0.15,0.125,0.125,bellevue_ne8th,kmeans,bellevue_ne8th|kmeans|trial_007,7,"{""max_iter"": 300, ""n_clusters"": 8, ""n_init"": 10}",0.885936745417212,3,False,False,False
moderate_target,0.4,0.2,0.15,0.125,0.125,bellevue_ne8th,kmeans,bellevue_ne8th|kmeans|trial_008,8,"{""max_iter"": 300, ""n_clusters"": 9, ""n_init"": 10}",0.931824936331172,1,True,False,True
moderate_target,0.4,0.2,0.15,0.125,0.125,bellevue_ne8th,kmeans,bellevue_ne8th|kmeans|trial_009,9,"{""max_iter"": 300, ""n_clusters"": 10, ""n_init"": 10}",0.8886463985060788,2,False,True,False
moderate_target,0.4,0.2,0.15,0.125,0.125,bellevue_ne8th,kmeans,bellevue_ne8th|kmeans|trial_010,10,"{""max_iter"": 300, ""n_clusters"": 11, ""n_init"": 10}",0.841125242200116,4,False,False,False
moderate_target,0.4,0.2,0.15,0.125,0.125,bellevue_ne8th,kmeans,bellevue_ne8th|kmeans|trial_011,11,"{""max_iter"": 300, ""n_clusters"": 12, ""n_init"": 10}",0.7878797455136071,6,False,False,False
moderate_target,0.4,0.2,0.15,0.125,0.125,bellevue_ne8th,kmeans,bellevue_ne8th|kmeans|trial_012,12,"{""max_iter"": 300, ""n_clusters"": 13, ""n_init"": 10}",0.7387615591525052,8,False,False,False
moderate_target,0.4,0.2,0.15,0.125,0.125,bellevue_ne8th,kmeans,bellevue_ne8th|kmeans|trial_013,13,"{""max_iter"": 300, ""n_clusters"": 14, ""n_init"": 10}",0.6845459456784162,10,False,False,False
moderate_target,0.4,0.2,0.15,0.125,0.125,bellevue_ne8th,kmeans,bellevue_ne8th|kmeans|trial_014,14,"{""max_iter"": 300, ""n_clusters"": 15, ""n_init"": 10}",0.6429156879217971,12,False,False,False
moderate_target,0.4,0.2,0.15,0.125,0.125,bellevue_ne8th,kmeans,bellevue_ne8th|kmeans|trial_015,15,"{""max_iter"": 300, ""n_clusters"": 16, ""n_init"": 10}",0.5982969668792162,13,False,False,False
moderate_target,0.4,0.2,0.15,0.125,0.125,bellevue_ne8th,kmeans,bellevue_ne8th|kmeans|trial_016,16,"{""max_iter"": 300, ""n_clusters"": 17, ""n_init"": 10}",0.5537218683013876,15,False,False,False
moderate_target,0.4,0.2,0.15,0.125,0.125,bellevue_ne8th,kmeans,bellevue_ne8th|kmeans|trial_017,17,"{""max_iter"": 300, ""n_clusters"": 18, ""n_init"": 10}",0.5065722565908684,23,False,False,False
moderate_target,0.4,0.2,0.15,0.125,0.125,bellevue_ne8th,kmeans,bellevue_ne8th|kmeans|trial_018,18,"{""max_iter"": 300, ""n_clusters"": 19, ""n_init"": 10}",0.5063116600648565,25,False,False,False
moderate_target,0.4,0.2,0.15,0.125,0.125,bellevue_ne8th,kmeans,bellevue_ne8th|kmeans|trial_019,19,"{""max_iter"": 300, ""n_clusters"": 20, ""n_init"": 10}",0.5063731255932379,24,False,False,False
moderate_target,0.4,0.2,0.15,0.125,0.125,bellevue_ne8th,kmeans,bellevue_ne8th|kmeans|trial_020,20,"{""max_iter"": 300, ""n_clusters"": 21, ""n_init"": 10}",0.5126015950576319,17,False,False,False
moderate_target,0.4,0.2,0.15,0.125,0.125,bellevue_ne8th,kmeans,bellevue_ne8th|kmeans|trial_021,21,"{""max_iter"": 300, ""n_clusters"": 22, ""n_init"": 10}",0.5007297658328572,29,False,False,False
moderate_target,0.4,0.2,0.15,0.125,0.125,bellevue_ne8th,kmeans,bellevue_ne8th|kmeans|trial_022,22,"{""max_iter"": 300, ""n_clusters"": 23, ""n_init"": 10}",0.5081374610909829,18,False,False,False
moderate_target,0.4,0.2,0.15,0.125,0.125,bellevue_ne8th,kmeans,bellevue_ne8th|kmeans|trial_023,23,"{""max_iter"": 300, ""n_clusters"": 24, ""n_init"": 10}",0.5071367889413464,19,False,False,False
moderate_target,0.4,0.2,0.15,0.125,0.125,bellevue_ne8th,kmeans,bellevue_ne8th|kmeans|trial_024,24,"{""max_iter"": 300, ""n_clusters"": 25, ""n_init"": 10}",0.5067708135300814,22,False,False,False
moderate_target,0.4,0.2,0.15,0.125,0.125,bellevue_ne8th,kmeans,bellevue_ne8th|kmeans|trial_025,25,"{""max_iter"": 300, ""n_clusters"": 26, ""n_init"": 10}",0.5035919162663506,28,False,False,False
moderate_target,0.4,0.2,0.15,0.125,0.125,bellevue_ne8th,kmeans,bellevue_ne8th|kmeans|trial_026,26,"{""max_iter"": 300, ""n_clusters"": 27, ""n_init"": 10}",0.5069974056134174,20,False,False,False
moderate_target,0.4,0.2,0.15,0.125,0.125,bellevue_ne8th,kmeans,bellevue_ne8th|kmeans|trial_027,27,"{""max_iter"": 300, ""n_clusters"": 28, ""n_init"": 10}",0.506795653864449,21,False,False,False
moderate_target,0.4,0.2,0.15,0.125,0.125,bellevue_ne8th,kmeans,bellevue_ne8th|kmeans|trial_028,28,"{""max_iter"": 300, ""n_clusters"": 29, ""n_init"": 10}",0.5061816088186089,26,False,False,False
moderate_target,0.4,0.2,0.15,0.125,0.125,bellevue_ne8th,kmeans,bellevue_ne8th|kmeans|trial_029,29,"{""max_iter"": 300, ""n_clusters"": 30, ""n_init"": 10}",0.5043672307319483,27,False,False,False
balanced_task_internal,0.3,0.2,0.15,0.175,0.175,bellevue_ne8th,kmeans,bellevue_ne8th|kmeans|trial_001,1,"{""max_iter"": 300, ""n_clusters"": 2, ""n_init"": 10}",0.5664061069422061,29,False,False,False
balanced_task_internal,0.3,0.2,0.15,0.175,0.175,bellevue_ne8th,kmeans,bellevue_ne8th|kmeans|trial_002,2,"{""max_iter"": 300, ""n_clusters"": 3, ""n_init"": 10}",0.6355762454958834,14,False,False,False
balanced_task_internal,0.3,0.2,0.15,0.175,0.175,bellevue_ne8th,kmeans,bellevue_ne8th|kmeans|trial_003,3,"{""max_iter"": 300, ""n_clusters"": 4, ""n_init"": 10}",0.7128078839407764,11,False,False,False
balanced_task_internal,0.3,0.2,0.15,0.175,0.175,bellevue_ne8th,kmeans,bellevue_ne8th|kmeans|trial_004,4,"{""max_iter"": 300, ""n_clusters"": 5, ""n_init"": 10}",0.7585826259376804,9,False,False,False
balanced_task_internal,0.3,0.2,0.15,0.175,0.175,bellevue_ne8th,kmeans,bellevue_ne8th|kmeans|trial_005,5,"{""max_iter"": 300, ""n_clusters"": 6, ""n_init"": 10}",0.8036503534701074,6,False,False,False
balanced_task_internal,0.3,0.2,0.15,0.175,0.175,bellevue_ne8th,kmeans,bellevue_ne8th|kmeans|trial_006,6,"{""max_iter"": 300, ""n_clusters"": 7, ""n_init"": 10}",0.841190642172764,5,False,False,False
balanced_task_internal,0.3,0.2,0.15,0.175,0.175,bellevue_ne8th,kmeans,bellevue_ne8th|kmeans|trial_007,7,"{""max_iter"": 300, ""n_clusters"": 8, ""n_init"": 10}",0.8833816329001333,3,False,False,False
balanced_task_internal,0.3,0.2,0.15,0.175,0.175,bellevue_ne8th,kmeans,bellevue_ne8th|kmeans|trial_008,8,"{""max_iter"": 300, ""n_clusters"": 9, ""n_init"": 10}",0.9187362112907884,1,True,False,True
balanced_task_internal,0.3,0.2,0.15,0.175,0.175,bellevue_ne8th,kmeans,bellevue_ne8th|kmeans|trial_009,9,"{""max_iter"": 300, ""n_clusters"": 10, ""n_init"": 10}",0.8871751472245468,2,False,True,False
balanced_task_internal,0.3,0.2,0.15,0.175,0.175,bellevue_ne8th,kmeans,bellevue_ne8th|kmeans|trial_010,10,"{""max_iter"": 300, ""n_clusters"": 11, ""n_init"": 10}",0.84831941965813,4,False,False,False
balanced_task_internal,0.3,0.2,0.15,0.175,0.175,bellevue_ne8th,kmeans,bellevue_ne8th|kmeans|trial_011,11,"{""max_iter"": 300, ""n_clusters"": 12, ""n_init"": 10}",0.8026646131859064,7,False,False,False
balanced_task_internal,0.3,0.2,0.15,0.175,0.175,bellevue_ne8th,kmeans,bellevue_ne8th|kmeans|trial_012,12,"{""max_iter"": 300, ""n_clusters"": 13, ""n_init"": 10}",0.7600163278327552,8,False,False,False
balanced_task_internal,0.3,0.2,0.15,0.175,0.175,bellevue_ne8th,kmeans,bellevue_ne8th|kmeans|trial_013,13,"{""max_iter"": 300, ""n_clusters"": 14, ""n_init"": 10}",0.7129653891820772,10,False,False,False
balanced_task_internal,0.3,0.2,0.15,0.175,0.175,bellevue_ne8th,kmeans,bellevue_ne8th|kmeans|trial_014,14,"{""max_iter"": 300, ""n_clusters"": 15, ""n_init"": 10}",0.6832681678049598,12,False,False,False
balanced_task_internal,0.3,0.2,0.15,0.175,0.175,bellevue_ne8th,kmeans,bellevue_ne8th|kmeans|trial_015,15,"{""max_iter"": 300, ""n_clusters"": 16, ""n_init"": 10}",0.6496908472342355,13,False,False,False
balanced_task_internal,0.3,0.2,0.15,0.175,0.175,bellevue_ne8th,kmeans,bellevue_ne8th|kmeans|trial_016,16,"{""max_iter"": 300, ""n_clusters"": 17, ""n_init"": 10}",0.6161745981141643,15,False,False,False
balanced_task_internal,0.3,0.2,0.15,0.175,0.175,bellevue_ne8th,kmeans,bellevue_ne8th|kmeans|trial_017,17,"{""max_iter"": 300, ""n_clusters"": 18, ""n_init"": 10}",0.5790540306083263,17,False,False,False
balanced_task_internal,0.3,0.2,0.15,0.175,0.175,bellevue_ne8th,kmeans,bellevue_ne8th|kmeans|trial_018,18,"{""max_iter"": 300, ""n_clusters"": 19, ""n_init"": 10}",0.5786891954719097,20,False,False,False
balanced_task_internal,0.3,0.2,0.15,0.175,0.175,bellevue_ne8th,kmeans,bellevue_ne8th|kmeans|trial_019,19,"{""max_iter"": 300, ""n_clusters"": 20, ""n_init"": 10}",0.578765755042683,19,False,False,False
balanced_task_internal,0.3,0.2,0.15,0.175,0.175,bellevue_ne8th,kmeans,bellevue_ne8th|kmeans|trial_020,20,"{""max_iter"": 300, ""n_clusters"": 21, ""n_init"": 10}",0.5851979995733283,16,False,False,False
balanced_task_internal,0.3,0.2,0.15,0.175,0.175,bellevue_ne8th,kmeans,bellevue_ne8th|kmeans|trial_021,21,"{""max_iter"": 300, ""n_clusters"": 22, ""n_init"": 10}",0.57086505137815,28,False,False,False
balanced_task_internal,0.3,0.2,0.15,0.175,0.175,bellevue_ne8th,kmeans,bellevue_ne8th|kmeans|trial_022,22,"{""max_iter"": 300, ""n_clusters"": 23, ""n_init"": 10}",0.5789482120200196,18,False,False,False
balanced_task_internal,0.3,0.2,0.15,0.175,0.175,bellevue_ne8th,kmeans,bellevue_ne8th|kmeans|trial_023,23,"{""max_iter"": 300, ""n_clusters"": 24, ""n_init"": 10}",0.5775377788415679,21,False,False,False
balanced_task_internal,0.3,0.2,0.15,0.175,0.175,bellevue_ne8th,kmeans,bellevue_ne8th|kmeans|trial_024,24,"{""max_iter"": 300, ""n_clusters"": 25, ""n_init"": 10}",0.5770254132657968,24,False,False,False
balanced_task_internal,0.3,0.2,0.15,0.175,0.175,bellevue_ne8th,kmeans,bellevue_ne8th|kmeans|trial_025,25,"{""max_iter"": 300, ""n_clusters"": 26, ""n_init"": 10}",0.5725749570965739,27,False,False,False
balanced_task_internal,0.3,0.2,0.15,0.175,0.175,bellevue_ne8th,kmeans,bellevue_ne8th|kmeans|trial_026,26,"{""max_iter"": 300, ""n_clusters"": 27, ""n_init"": 10}",0.5773426421824673,22,False,False,False
balanced_task_internal,0.3,0.2,0.15,0.175,0.175,bellevue_ne8th,kmeans,bellevue_ne8th|kmeans|trial_027,27,"{""max_iter"": 300, ""n_clusters"": 28, ""n_init"": 10}",0.5770601897339116,23,False,False,False
balanced_task_internal,0.3,0.2,0.15,0.175,0.175,bellevue_ne8th,kmeans,bellevue_ne8th|kmeans|trial_028,28,"{""max_iter"": 300, ""n_clusters"": 29, ""n_init"": 10}",0.5762005266697354,25,False,False,False
balanced_task_internal,0.3,0.2,0.15,0.175,0.175,bellevue_ne8th,kmeans,bellevue_ne8th|kmeans|trial_029,29,"{""max_iter"": 300, ""n_clusters"": 30, ""n_init"": 10}",0.5736603973484106,26,False,False,False
equal_weights,0.2,0.2,0.2,0.2,0.2,bellevue_ne8th,kmeans,bellevue_ne8th|kmeans|trial_001,1,"{""max_iter"": 300, ""n_clusters"": 2, ""n_init"": 10}",0.6000894376836127,29,False,False,False
equal_weights,0.2,0.2,0.2,0.2,0.2,bellevue_ne8th,kmeans,bellevue_ne8th|kmeans|trial_002,2,"{""max_iter"": 300, ""n_clusters"": 3, ""n_init"": 10}",0.6662377015896181,15,False,False,False
equal_weights,0.2,0.2,0.2,0.2,0.2,bellevue_ne8th,kmeans,bellevue_ne8th|kmeans|trial_003,3,"{""max_iter"": 300, ""n_clusters"": 4, ""n_init"": 10}",0.742607086170449,11,False,False,False
equal_weights,0.2,0.2,0.2,0.2,0.2,bellevue_ne8th,kmeans,bellevue_ne8th|kmeans|trial_004,4,"{""max_iter"": 300, ""n_clusters"": 5, ""n_init"": 10}",0.7790480611510375,9,False,False,False
equal_weights,0.2,0.2,0.2,0.2,0.2,bellevue_ne8th,kmeans,bellevue_ne8th|kmeans|trial_005,5,"{""max_iter"": 300, ""n_clusters"": 6, ""n_init"": 10}",0.8158969212438445,7,False,False,False
equal_weights,0.2,0.2,0.2,0.2,0.2,bellevue_ne8th,kmeans,bellevue_ne8th|kmeans|trial_006,6,"{""max_iter"": 300, ""n_clusters"": 7, ""n_init"": 10}",0.8434966225972156,5,False,False,False
equal_weights,0.2,0.2,0.2,0.2,0.2,bellevue_ne8th,kmeans,bellevue_ne8th|kmeans|trial_007,7,"{""max_iter"": 300, ""n_clusters"": 8, ""n_init"": 10}",0.875841881841193,3,False,False,False
equal_weights,0.2,0.2,0.2,0.2,0.2,bellevue_ne8th,kmeans,bellevue_ne8th|kmeans|trial_008,8,"{""max_iter"": 300, ""n_clusters"": 9, ""n_init"": 10}",0.9003740984146402,1,True,False,True
equal_weights,0.2,0.2,0.2,0.2,0.2,bellevue_ne8th,kmeans,bellevue_ne8th|kmeans|trial_009,9,"{""max_iter"": 300, ""n_clusters"": 10, ""n_init"": 10}",0.8801773267833801,2,False,True,False
equal_weights,0.2,0.2,0.2,0.2,0.2,bellevue_ne8th,kmeans,bellevue_ne8th|kmeans|trial_010,10,"{""max_iter"": 300, ""n_clusters"": 11, ""n_init"": 10}",0.8522223671647564,4,False,False,False
equal_weights,0.2,0.2,0.2,0.2,0.2,bellevue_ne8th,kmeans,bellevue_ne8th|kmeans|trial_011,11,"{""max_iter"": 300, ""n_clusters"": 12, ""n_init"": 10}",0.8159184613552313,6,False,False,False
equal_weights,0.2,0.2,0.2,0.2,0.2,bellevue_ne8th,kmeans,bellevue_ne8th|kmeans|trial_012,12,"{""max_iter"": 300, ""n_clusters"": 13, ""n_init"": 10}",0.7843704431753589,8,False,False,False
equal_weights,0.2,0.2,0.2,0.2,0.2,bellevue_ne8th,kmeans,bellevue_ne8th|kmeans|trial_013,13,"{""max_iter"": 300, ""n_clusters"": 14, ""n_init"": 10}",0.7464890380551437,10,False,False,False
equal_weights,0.2,0.2,0.2,0.2,0.2,bellevue_ne8th,kmeans,bellevue_ne8th|kmeans|trial_014,14,"{""max_iter"": 300, ""n_clusters"": 15, ""n_init"": 10}",0.7285670149289492,12,False,False,False
equal_weights,0.2,0.2,0.2,0.2,0.2,bellevue_ne8th,kmeans,bellevue_ne8th|kmeans|trial_015,15,"{""max_iter"": 300, ""n_clusters"": 16, ""n_init"": 10}",0.7060659501497085,13,False,False,False
equal_weights,0.2,0.2,0.2,0.2,0.2,bellevue_ne8th,kmeans,bellevue_ne8th|kmeans|trial_016,16,"{""max_iter"": 300, ""n_clusters"": 17, ""n_init"": 10}",0.6836346813140717,14,False,False,False
equal_weights,0.2,0.2,0.2,0.2,0.2,bellevue_ne8th,kmeans,bellevue_ne8th|kmeans|trial_017,17,"{""max_iter"": 300, ""n_clusters"": 18, ""n_init"": 10}",0.6570841914661298,18,False,False,False
equal_weights,0.2,0.2,0.2,0.2,0.2,bellevue_ne8th,kmeans,bellevue_ne8th|kmeans|trial_018,18,"{""max_iter"": 300, ""n_clusters"": 19, ""n_init"": 10}",0.6566672370245109,20,False,False,False
equal_weights,0.2,0.2,0.2,0.2,0.2,bellevue_ne8th,kmeans,bellevue_ne8th|kmeans|trial_019,19,"{""max_iter"": 300, ""n_clusters"": 20, ""n_init"": 10}",0.6567592537572807,19,False,False,False
equal_weights,0.2,0.2,0.2,0.2,0.2,bellevue_ne8th,kmeans,bellevue_ne8th|kmeans|trial_020,20,"{""max_iter"": 300, ""n_clusters"": 21, ""n_init"": 10}",0.6651997297539736,16,False,False,False
equal_weights,0.2,0.2,0.2,0.2,0.2,bellevue_ne8th,kmeans,bellevue_ne8th|kmeans|trial_021,21,"{""max_iter"": 300, ""n_clusters"": 22, ""n_init"": 10}",0.6477298781406716,28,False,False,False
equal_weights,0.2,0.2,0.2,0.2,0.2,bellevue_ne8th,kmeans,bellevue_ne8th|kmeans|trial_022,22,"{""max_iter"": 300, ""n_clusters"": 23, ""n_init"": 10}",0.658057115407335,17,False,False,False
equal_weights,0.2,0.2,0.2,0.2,0.2,bellevue_ne8th,kmeans,bellevue_ne8th|kmeans|trial_023,23,"{""max_iter"": 300, ""n_clusters"": 24, ""n_init"": 10}",0.6564497118552761,21,False,False,False
equal_weights,0.2,0.2,0.2,0.2,0.2,bellevue_ne8th,kmeans,bellevue_ne8th|kmeans|trial_024,24,"{""max_iter"": 300, ""n_clusters"": 25, ""n_init"": 10}",0.6558641511972522,24,False,False,False
equal_weights,0.2,0.2,0.2,0.2,0.2,bellevue_ne8th,kmeans,bellevue_ne8th|kmeans|trial_025,25,"{""max_iter"": 300, ""n_clusters"": 26, ""n_init"": 10}",0.6507779155752831,27,False,False,False
equal_weights,0.2,0.2,0.2,0.2,0.2,bellevue_ne8th,kmeans,bellevue_ne8th|kmeans|trial_026,26,"{""max_iter"": 300, ""n_clusters"": 27, ""n_init"": 10}",0.6562266985305898,22,False,False,False
equal_weights,0.2,0.2,0.2,0.2,0.2,bellevue_ne8th,kmeans,bellevue_ne8th|kmeans|trial_027,27,"{""max_iter"": 300, ""n_clusters"": 28, ""n_init"": 10}",0.6559038957322405,23,False,False,False
equal_weights,0.2,0.2,0.2,0.2,0.2,bellevue_ne8th,kmeans,bellevue_ne8th|kmeans|trial_028,28,"{""max_iter"": 300, ""n_clusters"": 29, ""n_init"": 10}",0.6549214236588963,25,False,False,False
equal_weights,0.2,0.2,0.2,0.2,0.2,bellevue_ne8th,kmeans,bellevue_ne8th|kmeans|trial_029,29,"{""max_iter"": 300, ""n_clusters"": 30, ""n_init"": 10}",0.6520184187202394,26,False,False,False
target_heavy,0.6,0.15,0.1,0.075,0.075,bellevue_ne8th,kmeans,bellevue_ne8th|kmeans|trial_001,1,"{""max_iter"": 300, ""n_clusters"": 2, ""n_init"": 10}",0.4281501346067542,15,False,False,False
target_heavy,0.6,0.15,0.1,0.075,0.075,bellevue_ne8th,kmeans,bellevue_ne8th|kmeans|trial_002,2,"{""max_iter"": 300, ""n_clusters"": 3, ""n_init"": 10}",0.5138875481578059,13,False,False,False
target_heavy,0.6,0.15,0.1,0.075,0.075,bellevue_ne8th,kmeans,bellevue_ne8th|kmeans|trial_003,3,"{""max_iter"": 300, ""n_clusters"": 4, ""n_init"": 10}",0.6043398626611736,11,False,False,False
target_heavy,0.6,0.15,0.1,0.075,0.075,bellevue_ne8th,kmeans,bellevue_ne8th|kmeans|trial_004,4,"{""max_iter"": 300, ""n_clusters"": 5, ""n_init"": 10}",0.6763385616122276,9,False,False,False
target_heavy,0.6,0.15,0.1,0.075,0.075,bellevue_ne8th,kmeans,bellevue_ne8th|kmeans|trial_005,5,"{""max_iter"": 300, ""n_clusters"": 6, ""n_init"": 10}",0.7495541314180316,7,False,False,False
target_heavy,0.6,0.15,0.1,0.075,0.075,bellevue_ne8th,kmeans,bellevue_ne8th|kmeans|trial_006,6,"{""max_iter"": 300, ""n_clusters"": 7, ""n_init"": 10}",0.8187356916293109,5,False,False,False
target_heavy,0.6,0.15,0.1,0.075,0.075,bellevue_ne8th,kmeans,bellevue_ne8th|kmeans|trial_007,7,"{""max_iter"": 300, ""n_clusters"": 8, ""n_init"": 10}",0.8891984971791358,3,False,False,False
target_heavy,0.6,0.15,0.1,0.075,0.075,bellevue_ne8th,kmeans,bellevue_ne8th|kmeans|trial_008,8,"{""max_iter"": 300, ""n_clusters"": 9, ""n_init"": 10}",0.9567314117275119,1,True,False,True
target_heavy,0.6,0.15,0.1,0.075,0.075,bellevue_ne8th,kmeans,bellevue_ne8th|kmeans|trial_009,9,"{""max_iter"": 300, ""n_clusters"": 10, ""n_init"": 10}",0.890824289032456,2,False,True,False
target_heavy,0.6,0.15,0.1,0.075,0.075,bellevue_ne8th,kmeans,bellevue_ne8th|kmeans|trial_010,10,"{""max_iter"": 300, ""n_clusters"": 11, ""n_init"": 10}",0.8225140948533712,4,False,False,False
target_heavy,0.6,0.15,0.1,0.075,0.075,bellevue_ne8th,kmeans,bellevue_ne8th|kmeans|trial_011,11,"{""max_iter"": 300, ""n_clusters"": 12, ""n_init"": 10}",0.750566796841466,6,False,False,False
target_heavy,0.6,0.15,0.1,0.075,0.075,bellevue_ne8th,kmeans,bellevue_ne8th|kmeans|trial_012,12,"{""max_iter"": 300, ""n_clusters"": 13, ""n_init"": 10}",0.6815578372475544,8,False,False,False
target_heavy,0.6,0.15,0.1,0.075,0.075,bellevue_ne8th,kmeans,bellevue_ne8th|kmeans|trial_013,13,"{""max_iter"": 300, ""n_clusters"": 14, ""n_init"": 10}",0.6090347972757414,10,False,False,False
target_heavy,0.6,0.15,0.1,0.075,0.075,bellevue_ne8th,kmeans,bellevue_ne8th|kmeans|trial_014,14,"{""max_iter"": 300, ""n_clusters"": 15, ""n_init"": 10}",0.5441072675228931,12,False,False,False
target_heavy,0.6,0.15,0.1,0.075,0.075,bellevue_ne8th,kmeans,bellevue_ne8th|kmeans|trial_015,15,"{""max_iter"": 300, ""n_clusters"": 16, ""n_init"": 10}",0.4773360348973446,14,False,False,False
target_heavy,0.6,0.15,0.1,0.075,0.075,bellevue_ne8th,kmeans,bellevue_ne8th|kmeans|trial_016,16,"{""max_iter"": 300, ""n_clusters"": 17, ""n_init"": 10}",0.41059097575064746,16,False,False,False
target_heavy,0.6,0.15,0.1,0.075,0.075,bellevue_ne8th,kmeans,bellevue_ne8th|kmeans|trial_017,17,"{""max_iter"": 300, ""n_clusters"": 18, ""n_init"": 10}",0.34230120872433595,24,False,False,False
target_heavy,0.6,0.15,0.1,0.075,0.075,bellevue_ne8th,kmeans,bellevue_ne8th|kmeans|trial_018,18,"{""max_iter"": 300, ""n_clusters"": 19, ""n_init"": 10}",0.3421448508087288,26,False,False,False
target_heavy,0.6,0.15,0.1,0.075,0.075,bellevue_ne8th,kmeans,bellevue_ne8th|kmeans|trial_019,19,"{""max_iter"": 300, ""n_clusters"": 20, ""n_init"": 10}",0.34218331215391773,25,False,False,False
target_heavy,0.6,0.15,0.1,0.075,0.075,bellevue_ne8th,kmeans,bellevue_ne8th|kmeans|trial_020,20,"{""max_iter"": 300, ""n_clusters"": 21, ""n_init"": 10}",0.34630166261913853,17,False,False,False
target_heavy,0.6,0.15,0.1,0.075,0.075,bellevue_ne8th,kmeans,bellevue_ne8th|kmeans|trial_021,21,"{""max_iter"": 300, ""n_clusters"": 22, ""n_init"": 10}",0.33879729629768934,29,False,False,False
target_heavy,0.6,0.15,0.1,0.075,0.075,bellevue_ne8th,kmeans,bellevue_ne8th|kmeans|trial_022,22,"{""max_iter"": 300, ""n_clusters"": 23, ""n_init"": 10}",0.3436231822391491,18,False,False,False
target_heavy,0.6,0.15,0.1,0.075,0.075,bellevue_ne8th,kmeans,bellevue_ne8th|kmeans|trial_023,23,"{""max_iter"": 300, ""n_clusters"": 24, ""n_init"": 10}",0.34302436097752725,19,False,False,False
target_heavy,0.6,0.15,0.1,0.075,0.075,bellevue_ne8th,kmeans,bellevue_ne8th|kmeans|trial_024,24,"{""max_iter"": 300, ""n_clusters"": 25, ""n_init"": 10}",0.34280477573076834,22,False,False,False
target_heavy,0.6,0.15,0.1,0.075,0.075,bellevue_ne8th,kmeans,bellevue_ne8th|kmeans|trial_025,25,"{""max_iter"": 300, ""n_clusters"": 26, ""n_init"": 10}",0.3408974373725299,28,False,False,False
target_heavy,0.6,0.15,0.1,0.075,0.075,bellevue_ne8th,kmeans,bellevue_ne8th|kmeans|trial_026,26,"{""max_iter"": 300, ""n_clusters"": 27, ""n_init"": 10}",0.34294073098076994,20,False,False,False
target_heavy,0.6,0.15,0.1,0.075,0.075,bellevue_ne8th,kmeans,bellevue_ne8th|kmeans|trial_027,27,"{""max_iter"": 300, ""n_clusters"": 28, ""n_init"": 10}",0.34281967993138895,21,False,False,False
target_heavy,0.6,0.15,0.1,0.075,0.075,bellevue_ne8th,kmeans,bellevue_ne8th|kmeans|trial_028,28,"{""max_iter"": 300, ""n_clusters"": 29, ""n_init"": 10}",0.3424512529038849,23,False,False,False
target_heavy,0.6,0.15,0.1,0.075,0.075,bellevue_ne8th,kmeans,bellevue_ne8th|kmeans|trial_029,29,"{""max_iter"": 300, ""n_clusters"": 30, ""n_init"": 10}",0.3413626260518885,27,False,False,False
outlier_heavy,0.35,0.35,0.1,0.1,0.1,bellevue_ne8th,kmeans,bellevue_ne8th|kmeans|trial_001,1,"{""max_iter"": 300, ""n_clusters"": 2, ""n_init"": 10}",0.6056002743973619,16,False,False,False
outlier_heavy,0.35,0.35,0.1,0.1,0.1,bellevue_ne8th,kmeans,bellevue_ne8th|kmeans|trial_002,2,"{""max_iter"": 300, ""n_clusters"": 3, ""n_init"": 10}",0.6664521841281424,13,False,False,False
outlier_heavy,0.35,0.35,0.1,0.1,0.1,bellevue_ne8th,kmeans,bellevue_ne8th|kmeans|trial_003,3,"{""max_iter"": 300, ""n_clusters"": 4, ""n_init"": 10}",0.7324146541963354,11,False,False,False
outlier_heavy,0.35,0.35,0.1,0.1,0.1,bellevue_ne8th,kmeans,bellevue_ne8th|kmeans|trial_004,4,"{""max_iter"": 300, ""n_clusters"": 5, ""n_init"": 10}",0.7784129194644076,9,False,False,False
outlier_heavy,0.35,0.35,0.1,0.1,0.1,bellevue_ne8th,kmeans,bellevue_ne8th|kmeans|trial_005,5,"{""max_iter"": 300, ""n_clusters"": 6, ""n_init"": 10}",0.8246151272885889,7,False,False,False
outlier_heavy,0.35,0.35,0.1,0.1,0.1,bellevue_ne8th,kmeans,bellevue_ne8th|kmeans|trial_006,6,"{""max_iter"": 300, ""n_clusters"": 7, ""n_init"": 10}",0.8661927557430521,5,False,False,False
outlier_heavy,0.35,0.35,0.1,0.1,0.1,bellevue_ne8th,kmeans,bellevue_ne8th|kmeans|trial_007,7,"{""max_iter"": 300, ""n_clusters"": 8, ""n_init"": 10}",0.9101431631428187,3,False,False,False
outlier_heavy,0.35,0.35,0.1,0.1,0.1,bellevue_ne8th,kmeans,bellevue_ne8th|kmeans|trial_008,8,"{""max_iter"": 300, ""n_clusters"": 9, ""n_init"": 10}",0.9501870492073201,1,True,False,True
outlier_heavy,0.35,0.35,0.1,0.1,0.1,bellevue_ne8th,kmeans,bellevue_ne8th|kmeans|trial_009,9,"{""max_iter"": 300, ""n_clusters"": 10, ""n_init"": 10}",0.9123108856139122,2,False,True,False
outlier_heavy,0.35,0.35,0.1,0.1,0.1,bellevue_ne8th,kmeans,bellevue_ne8th|kmeans|trial_010,10,"{""max_iter"": 300, ""n_clusters"": 11, ""n_init"": 10}",0.8705556280268226,4,False,False,False
outlier_heavy,0.35,0.35,0.1,0.1,0.1,bellevue_ne8th,kmeans,bellevue_ne8th|kmeans|trial_011,11,"{""max_iter"": 300, ""n_clusters"": 12, ""n_init"": 10}",0.8246258973442823,6,False,False,False
outlier_heavy,0.35,0.35,0.1,0.1,0.1,bellevue_ne8th,kmeans,bellevue_ne8th|kmeans|trial_012,12,"{""max_iter"": 300, ""n_clusters"": 13, ""n_init"": 10}",0.7810741104765683,8,False,False,False
outlier_heavy,0.35,0.35,0.1,0.1,0.1,bellevue_ne8th,kmeans,bellevue_ne8th|kmeans|trial_013,13,"{""max_iter"": 300, ""n_clusters"": 14, ""n_init"": 10}",0.734355630138683,10,False,False,False
outlier_heavy,0.35,0.35,0.1,0.1,0.1,bellevue_ne8th,kmeans,bellevue_ne8th|kmeans|trial_014,14,"{""max_iter"": 300, ""n_clusters"": 15, ""n_init"": 10}",0.6976168407978078,12,False,False,False
outlier_heavy,0.35,0.35,0.1,0.1,0.1,bellevue_ne8th,kmeans,bellevue_ne8th|kmeans|trial_015,15,"{""max_iter"": 300, ""n_clusters"": 16, ""n_init"": 10}",0.6585885306304098,14,False,False,False
outlier_heavy,0.35,0.35,0.1,0.1,0.1,bellevue_ne8th,kmeans,bellevue_ne8th|kmeans|trial_016,16,"{""max_iter"": 300, ""n_clusters"": 17, ""n_init"": 10}",0.6195951184348135,15,False,False,False
outlier_heavy,0.35,0.35,0.1,0.1,0.1,bellevue_ne8th,kmeans,bellevue_ne8th|kmeans|trial_017,17,"{""max_iter"": 300, ""n_clusters"": 18, ""n_init"": 10}",0.5785420957330649,19,False,False,False
outlier_heavy,0.35,0.35,0.1,0.1,0.1,bellevue_ne8th,kmeans,bellevue_ne8th|kmeans|trial_018,18,"{""max_iter"": 300, ""n_clusters"": 19, ""n_init"": 10}",0.5783336185122554,21,False,False,False
outlier_heavy,0.35,0.35,0.1,0.1,0.1,bellevue_ne8th,kmeans,bellevue_ne8th|kmeans|trial_019,19,"{""max_iter"": 300, ""n_clusters"": 20, ""n_init"": 10}",0.5783796268786403,20,False,False,False
outlier_heavy,0.35,0.35,0.1,0.1,0.1,bellevue_ne8th,kmeans,bellevue_ne8th|kmeans|trial_020,20,"{""max_iter"": 300, ""n_clusters"": 21, ""n_init"": 10}",0.5825998648769868,17,False,False,False
outlier_heavy,0.35,0.35,0.1,0.1,0.1,bellevue_ne8th,kmeans,bellevue_ne8th|kmeans|trial_021,21,"{""max_iter"": 300, ""n_clusters"": 22, ""n_init"": 10}",0.5738649390703358,29,False,False,False
outlier_heavy,0.35,0.35,0.1,0.1,0.1,bellevue_ne8th,kmeans,bellevue_ne8th|kmeans|trial_022,22,"{""max_iter"": 300, ""n_clusters"": 23, ""n_init"": 10}",0.5790285577036675,18,False,False,False
outlier_heavy,0.35,0.35,0.1,0.1,0.1,bellevue_ne8th,kmeans,bellevue_ne8th|kmeans|trial_023,23,"{""max_iter"": 300, ""n_clusters"": 24, ""n_init"": 10}",0.578224855927638,22,False,False,False
outlier_heavy,0.35,0.35,0.1,0.1,0.1,bellevue_ne8th,kmeans,bellevue_ne8th|kmeans|trial_024,24,"{""max_iter"": 300, ""n_clusters"": 25, ""n_init"": 10}",0.5779320755986259,25,False,False,False
outlier_heavy,0.35,0.35,0.1,0.1,0.1,bellevue_ne8th,kmeans,bellevue_ne8th|kmeans|trial_025,25,"{""max_iter"": 300, ""n_clusters"": 26, ""n_init"": 10}",0.5753889577876414,28,False,False,False
outlier_heavy,0.35,0.35,0.1,0.1,0.1,bellevue_ne8th,kmeans,bellevue_ne8th|kmeans|trial_026,26,"{""max_iter"": 300, ""n_clusters"": 27, ""n_init"": 10}",0.578113349265295,23,False,False,False
outlier_heavy,0.35,0.35,0.1,0.1,0.1,bellevue_ne8th,kmeans,bellevue_ne8th|kmeans|trial_027,27,"{""max_iter"": 300, ""n_clusters"": 28, ""n_init"": 10}",0.5779519478661201,24,False,False,False
outlier_heavy,0.35,0.35,0.1,0.1,0.1,bellevue_ne8th,kmeans,bellevue_ne8th|kmeans|trial_028,28,"{""max_iter"": 300, ""n_clusters"": 29, ""n_init"": 10}",0.577460711829448,26,False,False,False
outlier_heavy,0.35,0.35,0.1,0.1,0.1,bellevue_ne8th,kmeans,bellevue_ne8th|kmeans|trial_029,29,"{""max_iter"": 300, ""n_clusters"": 30, ""n_init"": 10}",0.5760092093601197,27,False,False,False
original,0.5,0.2,0.1,0.1,0.1,bellevue_ne8th,optics,bellevue_ne8th|optics|trial_001,1,"{""max_eps"": 0.008851381172013503, ""min_samples"": 40, ""xi"": 0.05}",0.5746424693076988,13,False,False,False
original,0.5,0.2,0.1,0.1,0.1,bellevue_ne8th,optics,bellevue_ne8th|optics|trial_002,2,"{""max_eps"": 0.014726152743291102, ""min_samples"": 40, ""xi"": 0.05}",0.38160285875631256,16,False,False,False
original,0.5,0.2,0.1,0.1,0.1,bellevue_ne8th,optics,bellevue_ne8th|optics|trial_003,3,"{""max_eps"": 0.024361676659123005, ""min_samples"": 40, ""xi"": 0.05}",0.6067298462814592,12,False,False,False
original,0.5,0.2,0.1,0.1,0.1,bellevue_ne8th,optics,bellevue_ne8th|optics|trial_004,4,"{""max_eps"": 0.044077065525483884, ""min_samples"": 40, ""xi"": 0.05}",0.5524680738953575,14,False,False,False
original,0.5,0.2,0.1,0.1,0.1,bellevue_ne8th,optics,bellevue_ne8th|optics|trial_005,5,"{""max_eps"": 0.008851381172013503, ""min_samples"": 40, ""xi"": 0.07}",0.6348495339797565,11,False,False,False
original,0.5,0.2,0.1,0.1,0.1,bellevue_ne8th,optics,bellevue_ne8th|optics|trial_006,6,"{""max_eps"": 0.014726152743291102, ""min_samples"": 40, ""xi"": 0.07}",0.4967323307479452,15,False,False,False
original,0.5,0.2,0.1,0.1,0.1,bellevue_ne8th,optics,bellevue_ne8th|optics|trial_007,7,"{""max_eps"": 0.024361676659123005, ""min_samples"": 40, ""xi"": 0.07}",0.7530364612656786,8,False,False,False
original,0.5,0.2,0.1,0.1,0.1,bellevue_ne8th,optics,bellevue_ne8th|optics|trial_008,8,"{""max_eps"": 0.044077065525483884, ""min_samples"": 40, ""xi"": 0.07}",0.7576025161445095,7,False,True,False
original,0.5,0.2,0.1,0.1,0.1,bellevue_ne8th,optics,bellevue_ne8th|optics|trial_009,9,"{""max_eps"": 0.008851381172013503, ""min_samples"": 80, ""xi"": 0.05}",0.7751873036224208,3,False,False,False
original,0.5,0.2,0.1,0.1,0.1,bellevue_ne8th,optics,bellevue_ne8th|optics|trial_010,10,"{""max_eps"": 0.014726152743291102, ""min_samples"": 80, ""xi"": 0.05}",0.7580136429172061,6,False,False,False
original,0.5,0.2,0.1,0.1,0.1,bellevue_ne8th,optics,bellevue_ne8th|optics|trial_011,11,"{""max_eps"": 0.024361676659123005, ""min_samples"": 80, ""xi"": 0.05}",0.6856390576321005,10,False,False,False
original,0.5,0.2,0.1,0.1,0.1,bellevue_ne8th,optics,bellevue_ne8th|optics|trial_012,12,"{""max_eps"": 0.044077065525483884, ""min_samples"": 80, ""xi"": 0.05}",0.8218074298801984,2,False,False,True
original,0.5,0.2,0.1,0.1,0.1,bellevue_ne8th,optics,bellevue_ne8th|optics|trial_013,13,"{""max_eps"": 0.008851381172013503, ""min_samples"": 80, ""xi"": 0.07}",0.7751873036224208,4,False,False,False
original,0.5,0.2,0.1,0.1,0.1,bellevue_ne8th,optics,bellevue_ne8th|optics|trial_014,14,"{""max_eps"": 0.014726152743291102, ""min_samples"": 80, ""xi"": 0.07}",0.7695090046100824,5,False,False,False
original,0.5,0.2,0.1,0.1,0.1,bellevue_ne8th,optics,bellevue_ne8th|optics|trial_015,15,"{""max_eps"": 0.024361676659123005, ""min_samples"": 80, ""xi"": 0.07}",0.7366859995013098,9,False,False,False
original,0.5,0.2,0.1,0.1,0.1,bellevue_ne8th,optics,bellevue_ne8th|optics|trial_016,16,"{""max_eps"": 0.044077065525483884, ""min_samples"": 80, ""xi"": 0.07}",0.8623317968520057,1,True,False,False
reviewer_example,0.4,0.3,0.1,0.1,0.1,bellevue_ne8th,optics,bellevue_ne8th|optics|trial_001,1,"{""max_eps"": 0.008851381172013503, ""min_samples"": 40, ""xi"": 0.05}",0.5830535856922372,13,False,False,False
reviewer_example,0.4,0.3,0.1,0.1,0.1,bellevue_ne8th,optics,bellevue_ne8th|optics|trial_002,2,"{""max_eps"": 0.014726152743291102, ""min_samples"": 40, ""xi"": 0.05}",0.4510064341399544,16,False,False,False
reviewer_example,0.4,0.3,0.1,0.1,0.1,bellevue_ne8th,optics,bellevue_ne8th|optics|trial_003,3,"{""max_eps"": 0.024361676659123005, ""min_samples"": 40, ""xi"": 0.05}",0.5963886555415974,12,False,False,False
reviewer_example,0.4,0.3,0.1,0.1,0.1,bellevue_ne8th,optics,bellevue_ne8th|optics|trial_004,4,"{""max_eps"": 0.044077065525483884, ""min_samples"": 40, ""xi"": 0.05}",0.5540606489098594,14,False,False,False
reviewer_example,0.4,0.3,0.1,0.1,0.1,bellevue_ne8th,optics,bellevue_ne8th|optics|trial_005,5,"{""max_eps"": 0.008851381172013503, ""min_samples"": 40, ""xi"": 0.07}",0.6325608665748101,11,False,False,False
reviewer_example,0.4,0.3,0.1,0.1,0.1,bellevue_ne8th,optics,bellevue_ne8th|optics|trial_006,6,"{""max_eps"": 0.014726152743291102, ""min_samples"": 40, ""xi"": 0.07}",0.5436447391221476,15,False,False,False
reviewer_example,0.4,0.3,0.1,0.1,0.1,bellevue_ne8th,optics,bellevue_ne8th|optics|trial_007,7,"{""max_eps"": 0.024361676659123005, ""min_samples"": 40, ""xi"": 0.07}",0.7356130577957636,6,False,False,False
reviewer_example,0.4,0.3,0.1,0.1,0.1,bellevue_ne8th,optics,bellevue_ne8th|optics|trial_008,8,"{""max_eps"": 0.044077065525483884, ""min_samples"": 40, ""xi"": 0.07}",0.7029328963586106,9,False,True,False
reviewer_example,0.4,0.3,0.1,0.1,0.1,bellevue_ne8th,optics,bellevue_ne8th|optics|trial_009,9,"{""max_eps"": 0.008851381172013503, ""min_samples"": 80, ""xi"": 0.05}",0.7275260685857705,7,False,False,False
reviewer_example,0.4,0.3,0.1,0.1,0.1,bellevue_ne8th,optics,bellevue_ne8th|optics|trial_010,10,"{""max_eps"": 0.014726152743291102, ""min_samples"": 80, ""xi"": 0.05}",0.7404478569128818,5,False,False,False
reviewer_example,0.4,0.3,0.1,0.1,0.1,bellevue_ne8th,optics,bellevue_ne8th|optics|trial_011,11,"{""max_eps"": 0.024361676659123005, ""min_samples"": 80, ""xi"": 0.05}",0.6708629146167548,10,False,False,False
reviewer_example,0.4,0.3,0.1,0.1,0.1,bellevue_ne8th,optics,bellevue_ne8th|optics|trial_012,12,"{""max_eps"": 0.044077065525483884, ""min_samples"": 80, ""xi"": 0.05}",0.7586212251657545,2,False,False,True
reviewer_example,0.4,0.3,0.1,0.1,0.1,bellevue_ne8th,optics,bellevue_ne8th|optics|trial_013,13,"{""max_eps"": 0.008851381172013503, ""min_samples"": 80, ""xi"": 0.07}",0.7275260685857705,8,False,False,False
reviewer_example,0.4,0.3,0.1,0.1,0.1,bellevue_ne8th,optics,bellevue_ne8th|optics|trial_014,14,"{""max_eps"": 0.014726152743291102, ""min_samples"": 80, ""xi"": 0.07}",0.756626021959658,3,False,False,False
reviewer_example,0.4,0.3,0.1,0.1,0.1,bellevue_ne8th,optics,bellevue_ne8th|optics|trial_015,15,"{""max_eps"": 0.024361676659123005, ""min_samples"": 80, ""xi"": 0.07}",0.752110774062297,4,False,False,False
reviewer_example,0.4,0.3,0.1,0.1,0.1,bellevue_ne8th,optics,bellevue_ne8th|optics|trial_016,16,"{""max_eps"": 0.044077065525483884, ""min_samples"": 80, ""xi"": 0.07}",0.8537624776514572,1,True,False,False
moderate_target,0.4,0.2,0.15,0.125,0.125,bellevue_ne8th,optics,bellevue_ne8th|optics|trial_001,1,"{""max_eps"": 0.008851381172013503, ""min_samples"": 40, ""xi"": 0.05}",0.6114802149300993,13,False,False,False
moderate_target,0.4,0.2,0.15,0.125,0.125,bellevue_ne8th,optics,bellevue_ne8th|optics|trial_002,2,"{""max_eps"": 0.014726152743291102, ""min_samples"": 40, ""xi"": 0.05}",0.46289102669270815,16,False,False,False
moderate_target,0.4,0.2,0.15,0.125,0.125,bellevue_ne8th,optics,bellevue_ne8th|optics|trial_003,3,"{""max_eps"": 0.024361676659123005, ""min_samples"": 40, ""xi"": 0.05}",0.6291483724698695,12,False,False,False
moderate_target,0.4,0.2,0.15,0.125,0.125,bellevue_ne8th,optics,bellevue_ne8th|optics|trial_004,4,"{""max_eps"": 0.044077065525483884, ""min_samples"": 40, ""xi"": 0.05}",0.5859342802342253,14,False,False,False
moderate_target,0.4,0.2,0.15,0.125,0.125,bellevue_ne8th,optics,bellevue_ne8th|optics|trial_005,5,"{""max_eps"": 0.008851381172013503, ""min_samples"": 40, ""xi"": 0.07}",0.6615750430459608,11,False,False,False
moderate_target,0.4,0.2,0.15,0.125,0.125,bellevue_ne8th,optics,bellevue_ne8th|optics|trial_006,6,"{""max_eps"": 0.014726152743291102, ""min_samples"": 40, ""xi"": 0.07}",0.556920180516582,15,False,False,False
moderate_target,0.4,0.2,0.15,0.125,0.125,bellevue_ne8th,optics,bellevue_ne8th|optics|trial_007,7,"{""max_eps"": 0.024361676659123005, ""min_samples"": 40, ""xi"": 0.07}",0.7538379176064107,7,False,False,False
moderate_target,0.4,0.2,0.15,0.125,0.125,bellevue_ne8th,optics,bellevue_ne8th|optics|trial_008,8,"{""max_eps"": 0.044077065525483884, ""min_samples"": 40, ""xi"": 0.07}",0.7459707182112038,9,False,True,False
moderate_target,0.4,0.2,0.15,0.125,0.125,bellevue_ne8th,optics,bellevue_ne8th|optics|trial_009,9,"{""max_eps"": 0.008851381172013503, ""min_samples"": 80, ""xi"": 0.05}",0.7666934031391286,4,False,False,False
moderate_target,0.4,0.2,0.15,0.125,0.125,bellevue_ne8th,optics,bellevue_ne8th|optics|trial_010,10,"{""max_eps"": 0.014726152743291102, ""min_samples"": 80, ""xi"": 0.05}",0.7623795285953036,6,False,False,False
moderate_target,0.4,0.2,0.15,0.125,0.125,bellevue_ne8th,optics,bellevue_ne8th|optics|trial_011,11,"{""max_eps"": 0.024361676659123005, ""min_samples"": 80, ""xi"": 0.05}",0.70040234070227,10,False,False,False
moderate_target,0.4,0.2,0.15,0.125,0.125,bellevue_ne8th,optics,bellevue_ne8th|optics|trial_012,12,"{""max_eps"": 0.044077065525483884, ""min_samples"": 80, ""xi"": 0.05}",0.8006336531367779,2,False,False,True
moderate_target,0.4,0.2,0.15,0.125,0.125,bellevue_ne8th,optics,bellevue_ne8th|optics|trial_013,13,"{""max_eps"": 0.008851381172013503, ""min_samples"": 80, ""xi"": 0.07}",0.7666934031391286,5,False,False,False
moderate_target,0.4,0.2,0.15,0.125,0.125,bellevue_ne8th,optics,bellevue_ne8th|optics|trial_014,14,"{""max_eps"": 0.014726152743291102, ""min_samples"": 80, ""xi"": 0.07}",0.7747704037864447,3,False,False,False
moderate_target,0.4,0.2,0.15,0.125,0.125,bellevue_ne8th,optics,bellevue_ne8th|optics|trial_015,15,"{""max_eps"": 0.024361676659123005, ""min_samples"": 80, ""xi"": 0.07}",0.748799059549089,8,False,False,False
moderate_target,0.4,0.2,0.15,0.125,0.125,bellevue_ne8th,optics,bellevue_ne8th|optics|trial_016,16,"{""max_eps"": 0.044077065525483884, ""min_samples"": 80, ""xi"": 0.07}",0.8564027847386624,1,True,False,False
balanced_task_internal,0.3,0.2,0.15,0.175,0.175,bellevue_ne8th,optics,bellevue_ne8th|optics|trial_001,1,"{""max_eps"": 0.008851381172013503, ""min_samples"": 40, ""xi"": 0.05}",0.6511805157794762,13,False,False,False
balanced_task_internal,0.3,0.2,0.15,0.175,0.175,bellevue_ne8th,optics,bellevue_ne8th|optics|trial_002,2,"{""max_eps"": 0.014726152743291102, ""min_samples"": 40, ""xi"": 0.05}",0.5431103988089457,16,False,False,False
balanced_task_internal,0.3,0.2,0.15,0.175,0.175,bellevue_ne8th,optics,bellevue_ne8th|optics|trial_003,3,"{""max_eps"": 0.024361676659123005, ""min_samples"": 40, ""xi"": 0.05}",0.6561679922986764,12,False,False,False
balanced_task_internal,0.3,0.2,0.15,0.175,0.175,bellevue_ne8th,optics,bellevue_ne8th|optics|trial_004,4,"{""max_eps"": 0.044077065525483884, ""min_samples"": 40, ""xi"": 0.05}",0.6238403469783986,14,False,False,False
balanced_task_internal,0.3,0.2,0.15,0.175,0.175,bellevue_ne8th,optics,bellevue_ne8th|optics|trial_005,5,"{""max_eps"": 0.008851381172013503, ""min_samples"": 40, ""xi"": 0.07}",0.6919953381476462,11,False,False,False
balanced_task_internal,0.3,0.2,0.15,0.175,0.175,bellevue_ne8th,optics,bellevue_ne8th|optics|trial_006,6,"{""max_eps"": 0.014726152743291102, ""min_samples"": 40, ""xi"": 0.07}",0.6172297727566267,15,False,False,False
balanced_task_internal,0.3,0.2,0.15,0.175,0.175,bellevue_ne8th,optics,bellevue_ne8th|optics|trial_007,7,"{""max_eps"": 0.024361676659123005, ""min_samples"": 40, ""xi"": 0.07}",0.7623404953526776,8,False,False,False
balanced_task_internal,0.3,0.2,0.15,0.175,0.175,bellevue_ne8th,optics,bellevue_ne8th|optics|trial_008,8,"{""max_eps"": 0.044077065525483884, ""min_samples"": 40, ""xi"": 0.07}",0.7472871809052334,9,False,True,False
balanced_task_internal,0.3,0.2,0.15,0.175,0.175,bellevue_ne8th,optics,bellevue_ne8th|optics|trial_009,9,"{""max_eps"": 0.008851381172013503, ""min_samples"": 80, ""xi"": 0.05}",0.7653020889125457,5,False,False,False
balanced_task_internal,0.3,0.2,0.15,0.175,0.175,bellevue_ne8th,optics,bellevue_ne8th|optics|trial_010,10,"{""max_eps"": 0.014726152743291102, ""min_samples"": 80, ""xi"": 0.05}",0.7690151943871852,4,False,False,False
balanced_task_internal,0.3,0.2,0.15,0.175,0.175,bellevue_ne8th,optics,bellevue_ne8th|optics|trial_011,11,"{""max_eps"": 0.024361676659123005, ""min_samples"": 80, ""xi"": 0.05}",0.7194004515580561,10,False,False,False
balanced_task_internal,0.3,0.2,0.15,0.175,0.175,bellevue_ne8th,optics,bellevue_ne8th|optics|trial_012,12,"{""max_eps"": 0.044077065525483884, ""min_samples"": 80, ""xi"": 0.05}",0.7911610459327048,2,False,False,True
balanced_task_internal,0.3,0.2,0.15,0.175,0.175,bellevue_ne8th,optics,bellevue_ne8th|optics|trial_013,13,"{""max_eps"": 0.008851381172013503, ""min_samples"": 80, ""xi"": 0.07}",0.7653020889125457,6,False,False,False
balanced_task_internal,0.3,0.2,0.15,0.175,0.175,bellevue_ne8th,optics,bellevue_ne8th|optics|trial_014,14,"{""max_eps"": 0.014726152743291102, ""min_samples"": 80, ""xi"": 0.07}",0.7817447975668738,3,False,False,False
balanced_task_internal,0.3,0.2,0.15,0.175,0.175,bellevue_ne8th,optics,bellevue_ne8th|optics|trial_015,15,"{""max_eps"": 0.024361676659123005, ""min_samples"": 80, ""xi"": 0.07}",0.7637427231661993,7,False,False,False
balanced_task_internal,0.3,0.2,0.15,0.175,0.175,bellevue_ne8th,optics,bellevue_ne8th|optics|trial_016,16,"{""max_eps"": 0.044077065525483884, ""min_samples"": 80, ""xi"": 0.07}",0.8588423553295625,1,True,False,False
equal_weights,0.2,0.2,0.2,0.2,0.2,bellevue_ne8th,optics,bellevue_ne8th|optics|trial_001,1,"{""max_eps"": 0.008851381172013503, ""min_samples"": 40, ""xi"": 0.05}",0.6880182614018766,12,False,False,False
equal_weights,0.2,0.2,0.2,0.2,0.2,bellevue_ne8th,optics,bellevue_ne8th|optics|trial_002,2,"{""max_eps"": 0.014726152743291102, ""min_samples"": 40, ""xi"": 0.05}",0.6243985667453414,16,False,False,False
equal_weights,0.2,0.2,0.2,0.2,0.2,bellevue_ne8th,optics,bellevue_ne8th|optics|trial_003,3,"{""max_eps"": 0.024361676659123005, ""min_samples"": 40, ""xi"": 0.05}",0.6785865184870867,13,False,False,False
equal_weights,0.2,0.2,0.2,0.2,0.2,bellevue_ne8th,optics,bellevue_ne8th|optics|trial_004,4,"{""max_eps"": 0.044077065525483884, ""min_samples"": 40, ""xi"": 0.05}",0.6573065533172666,15,False,False,False
equal_weights,0.2,0.2,0.2,0.2,0.2,bellevue_ne8th,optics,bellevue_ne8th|optics|trial_005,5,"{""max_eps"": 0.008851381172013503, ""min_samples"": 40, ""xi"": 0.07}",0.7187208472138504,11,False,False,False
equal_weights,0.2,0.2,0.2,0.2,0.2,bellevue_ne8th,optics,bellevue_ne8th|optics|trial_006,6,"{""max_eps"": 0.014726152743291102, ""min_samples"": 40, ""xi"": 0.07}",0.6774176225252635,14,False,False,False
equal_weights,0.2,0.2,0.2,0.2,0.2,bellevue_ne8th,optics,bellevue_ne8th|optics|trial_007,7,"{""max_eps"": 0.024361676659123005, ""min_samples"": 40, ""xi"": 0.07}",0.7631419516934096,6,False,False,False
equal_weights,0.2,0.2,0.2,0.2,0.2,bellevue_ne8th,optics,bellevue_ne8th|optics|trial_008,8,"{""max_eps"": 0.044077065525483884, ""min_samples"": 40, ""xi"": 0.07}",0.7356553829719279,9,False,True,False
equal_weights,0.2,0.2,0.2,0.2,0.2,bellevue_ne8th,optics,bellevue_ne8th|optics|trial_009,9,"{""max_eps"": 0.008851381172013503, ""min_samples"": 80, ""xi"": 0.05}",0.7568081884292533,7,False,False,False
equal_weights,0.2,0.2,0.2,0.2,0.2,bellevue_ne8th,optics,bellevue_ne8th|optics|trial_010,10,"{""max_eps"": 0.014726152743291102, ""min_samples"": 80, ""xi"": 0.05}",0.7733810800652828,4,False,False,False
equal_weights,0.2,0.2,0.2,0.2,0.2,bellevue_ne8th,optics,bellevue_ne8th|optics|trial_011,11,"{""max_eps"": 0.024361676659123005, ""min_samples"": 80, ""xi"": 0.05}",0.7341637346282256,10,False,False,False
equal_weights,0.2,0.2,0.2,0.2,0.2,bellevue_ne8th,optics,bellevue_ne8th|optics|trial_012,12,"{""max_eps"": 0.044077065525483884, ""min_samples"": 80, ""xi"": 0.05}",0.7699872691892845,5,False,False,True
equal_weights,0.2,0.2,0.2,0.2,0.2,bellevue_ne8th,optics,bellevue_ne8th|optics|trial_013,13,"{""max_eps"": 0.008851381172013503, ""min_samples"": 80, ""xi"": 0.07}",0.7568081884292533,8,False,False,False
equal_weights,0.2,0.2,0.2,0.2,0.2,bellevue_ne8th,optics,bellevue_ne8th|optics|trial_014,14,"{""max_eps"": 0.014726152743291102, ""min_samples"": 80, ""xi"": 0.07}",0.787006196743236,2,False,False,False
equal_weights,0.2,0.2,0.2,0.2,0.2,bellevue_ne8th,optics,bellevue_ne8th|optics|trial_015,15,"{""max_eps"": 0.024361676659123005, ""min_samples"": 80, ""xi"": 0.07}",0.7758557832139784,3,False,False,False
equal_weights,0.2,0.2,0.2,0.2,0.2,bellevue_ne8th,optics,bellevue_ne8th|optics|trial_016,16,"{""max_eps"": 0.044077065525483884, ""min_samples"": 80, ""xi"": 0.07}",0.8529133432162194,1,True,False,False
target_heavy,0.6,0.15,0.1,0.075,0.075,bellevue_ne8th,optics,bellevue_ne8th|optics|trial_001,1,"{""max_eps"": 0.008851381172013503, ""min_samples"": 40, ""xi"": 0.05}",0.5505867606907412,13,False,False,False
target_heavy,0.6,0.15,0.1,0.075,0.075,bellevue_ne8th,optics,bellevue_ne8th|optics|trial_002,2,"{""max_eps"": 0.014726152743291102, ""min_samples"": 40, ""xi"": 0.05}",0.30679138500637276,16,False,False,False
target_heavy,0.6,0.15,0.1,0.075,0.075,bellevue_ne8th,optics,bellevue_ne8th|optics|trial_003,3,"{""max_eps"": 0.024361676659123005, ""min_samples"": 40, ""xi"": 0.05}",0.5983906317369867,12,False,False,False
target_heavy,0.6,0.15,0.1,0.075,0.075,bellevue_ne8th,optics,bellevue_ne8th|optics|trial_004,4,"{""max_eps"": 0.044077065525483884, ""min_samples"": 40, ""xi"": 0.05}",0.5327187530160198,14,False,False,False
target_heavy,0.6,0.15,0.1,0.075,0.075,bellevue_ne8th,optics,bellevue_ne8th|optics|trial_005,5,"{""max_eps"": 0.008851381172013503, ""min_samples"": 40, ""xi"": 0.07}",0.620783720131387,11,False,False,False
target_heavy,0.6,0.15,0.1,0.075,0.075,bellevue_ne8th,optics,bellevue_ne8th|optics|trial_006,6,"{""max_eps"": 0.014726152743291102, ""min_samples"": 40, ""xi"": 0.07}",0.4431213304408216,15,False,False,False
target_heavy,0.6,0.15,0.1,0.075,0.075,bellevue_ne8th,optics,bellevue_ne8th|optics|trial_007,7,"{""max_eps"": 0.024361676659123005, ""min_samples"": 40, ""xi"": 0.07}",0.7574968741275027,8,False,False,False
target_heavy,0.6,0.15,0.1,0.075,0.075,bellevue_ne8th,optics,bellevue_ne8th|optics|trial_008,8,"{""max_eps"": 0.044077065525483884, ""min_samples"": 40, ""xi"": 0.07}",0.7842790946904441,5,False,True,False
target_heavy,0.6,0.15,0.1,0.075,0.075,bellevue_ne8th,optics,bellevue_ne8th|optics|trial_009,9,"{""max_eps"": 0.008851381172013503, ""min_samples"": 80, ""xi"": 0.05}",0.7997135782540374,3,False,False,False
target_heavy,0.6,0.15,0.1,0.075,0.075,bellevue_ne8th,optics,bellevue_ne8th|optics|trial_010,10,"{""max_eps"": 0.014726152743291102, ""min_samples"": 80, ""xi"": 0.05}",0.7634787030234274,7,False,False,False
target_heavy,0.6,0.15,0.1,0.075,0.075,bellevue_ne8th,optics,bellevue_ne8th|optics|trial_011,11,"{""max_eps"": 0.024361676659123005, ""min_samples"": 80, ""xi"": 0.05}",0.6835280737118802,10,False,False,False
target_heavy,0.6,0.15,0.1,0.075,0.075,bellevue_ne8th,optics,bellevue_ne8th|optics|trial_012,12,"{""max_eps"": 0.044077065525483884, ""min_samples"": 80, ""xi"": 0.05}",0.8581368358394569,2,False,False,True
target_heavy,0.6,0.15,0.1,0.075,0.075,bellevue_ne8th,optics,bellevue_ne8th|optics|trial_013,13,"{""max_eps"": 0.008851381172013503, ""min_samples"": 80, ""xi"": 0.07}",0.7997135782540374,4,False,False,False
target_heavy,0.6,0.15,0.1,0.075,0.075,bellevue_ne8th,optics,bellevue_ne8th|optics|trial_014,14,"{""max_eps"": 0.014726152743291102, ""min_samples"": 80, ""xi"": 0.07}",0.77246329904508,6,False,False,False
target_heavy,0.6,0.15,0.1,0.075,0.075,bellevue_ne8th,optics,bellevue_ne8th|optics|trial_015,15,"{""max_eps"": 0.024361676659123005, ""min_samples"": 80, ""xi"": 0.07}",0.721501780412261,9,False,False,False
target_heavy,0.6,0.15,0.1,0.075,0.075,bellevue_ne8th,optics,bellevue_ne8th|optics|trial_016,16,"{""max_eps"": 0.044077065525483884, ""min_samples"": 80, ""xi"": 0.07}",0.8653966711568297,1,True,False,False
outlier_heavy,0.35,0.35,0.1,0.1,0.1,bellevue_ne8th,optics,bellevue_ne8th|optics|trial_001,1,"{""max_eps"": 0.008851381172013503, ""min_samples"": 40, ""xi"": 0.05}",0.5872591438845063,13,False,False,False
outlier_heavy,0.35,0.35,0.1,0.1,0.1,bellevue_ne8th,optics,bellevue_ne8th|optics|trial_002,2,"{""max_eps"": 0.014726152743291102, ""min_samples"": 40, ""xi"": 0.05}",0.48570822183177526,16,False,False,False
outlier_heavy,0.35,0.35,0.1,0.1,0.1,bellevue_ne8th,optics,bellevue_ne8th|optics|trial_003,3,"{""max_eps"": 0.024361676659123005, ""min_samples"": 40, ""xi"": 0.05}",0.5912180601716666,12,False,False,False
outlier_heavy,0.35,0.35,0.1,0.1,0.1,bellevue_ne8th,optics,bellevue_ne8th|optics|trial_004,4,"{""max_eps"": 0.044077065525483884, ""min_samples"": 40, ""xi"": 0.05}",0.5548569364171103,15,False,False,False
outlier_heavy,0.35,0.35,0.1,0.1,0.1,bellevue_ne8th,optics,bellevue_ne8th|optics|trial_005,5,"{""max_eps"": 0.008851381172013503, ""min_samples"": 40, ""xi"": 0.07}",0.6314165328723369,11,False,False,False
outlier_heavy,0.35,0.35,0.1,0.1,0.1,bellevue_ne8th,optics,bellevue_ne8th|optics|trial_006,6,"{""max_eps"": 0.014726152743291102, ""min_samples"": 40, ""xi"": 0.07}",0.5671009433092488,14,False,False,False
outlier_heavy,0.35,0.35,0.1,0.1,0.1,bellevue_ne8th,optics,bellevue_ne8th|optics|trial_007,7,"{""max_eps"": 0.024361676659123005, ""min_samples"": 40, ""xi"": 0.07}",0.726901356060806,6,False,False,False
outlier_heavy,0.35,0.35,0.1,0.1,0.1,bellevue_ne8th,optics,bellevue_ne8th|optics|trial_008,8,"{""max_eps"": 0.044077065525483884, ""min_samples"": 40, ""xi"": 0.07}",0.6755980864656611,9,False,True,False
outlier_heavy,0.35,0.35,0.1,0.1,0.1,bellevue_ne8th,optics,bellevue_ne8th|optics|trial_009,9,"{""max_eps"": 0.008851381172013503, ""min_samples"": 80, ""xi"": 0.05}",0.7036954510674454,7,False,False,False
outlier_heavy,0.35,0.35,0.1,0.1,0.1,bellevue_ne8th,optics,bellevue_ne8th|optics|trial_010,10,"{""max_eps"": 0.014726152743291102, ""min_samples"": 80, ""xi"": 0.05}",0.7316649639107198,4,False,False,False
outlier_heavy,0.35,0.35,0.1,0.1,0.1,bellevue_ne8th,optics,bellevue_ne8th|optics|trial_011,11,"{""max_eps"": 0.024361676659123005, ""min_samples"": 80, ""xi"": 0.05}",0.6634748431090818,10,False,False,False
outlier_heavy,0.35,0.35,0.1,0.1,0.1,bellevue_ne8th,optics,bellevue_ne8th|optics|trial_012,12,"{""max_eps"": 0.044077065525483884, ""min_samples"": 80, ""xi"": 0.05}",0.7270281228085325,5,False,False,True
outlier_heavy,0.35,0.35,0.1,0.1,0.1,bellevue_ne8th,optics,bellevue_ne8th|optics|trial_013,13,"{""max_eps"": 0.008851381172013503, ""min_samples"": 80, ""xi"": 0.07}",0.7036954510674454,8,False,False,False
outlier_heavy,0.35,0.35,0.1,0.1,0.1,bellevue_ne8th,optics,bellevue_ne8th|optics|trial_014,14,"{""max_eps"": 0.014726152743291102, ""min_samples"": 80, ""xi"": 0.07}",0.7501845306344457,3,False,False,False
outlier_heavy,0.35,0.35,0.1,0.1,0.1,bellevue_ne8th,optics,bellevue_ne8th|optics|trial_015,15,"{""max_eps"": 0.024361676659123005, ""min_samples"": 80, ""xi"": 0.07}",0.7598231613427905,2,False,False,False
outlier_heavy,0.35,0.35,0.1,0.1,0.1,bellevue_ne8th,optics,bellevue_ne8th|optics|trial_016,16,"{""max_eps"": 0.044077065525483884, ""min_samples"": 80, ""xi"": 0.07}",0.8494778180511828,1,True,False,False
