weight_id,family,T,O,B,S,D
global_0000,global,0.06824812321395982,0.3719172683940777,0.16647917520489255,0.06130923077906719,0.33204620240800287
global_0001,global,0.004347561466365118,0.3868075475831788,0.3815879510917278,0.21459212484981754,0.012664815008910466
global_0002,global,0.11538624169588689,0.04437216532046504,0.3144843267856401,0.49330517815397457,0.03245208804403343
global_0003,global,0.06803986026440287,0.25879838871506294,0.35899462042975605,0.04985126027249913,0.26431587031827897
global_0004,global,0.5731625153941851,0.2617998817074966,0.03198567201202241,0.11399904855065779,0.019052882335638066
global_0005,global,0.4022301509584022,0.11288415780989533,0.08727444934095215,0.16000045546408112,0.23761078642666936
global_0006,global,0.15468733178131355,0.1283746041034495,0.2783903958409824,0.010910175122678884,0.4276374931515757
global_0007,global,0.5318931697336828,0.0374520770971619,0.1490044659757881,0.13447044188674961,0.14717984530661765
global_0008,global,0.5181798586652303,0.20693713265155556,0.012960154401565591,0.02203956071115645,0.23988329357049198
global_0009,global,0.2870592182672904,0.01211469105133092,0.29784788910202714,0.11780115270494017,0.2851770488744112
global_0010,global,0.03473203749489948,0.6004353760598158,0.32067300291348144,0.03497730681817623,0.009182276713627206
global_0011,global,0.45758540702587663,0.18243476670590336,0.05930327015991381,0.002285500498309018,0.2983910556099971
global_0012,global,0.33109208282172753,0.09801752902788649,0.016367749076019608,0.07069490165553384,0.48382773741883267
global_0013,global,0.1096312232240451,0.3958514304051892,0.3231955628985933,0.11222250720043139,0.05909927627174105
global_0014,global,0.34581770940268414,0.27540493627971624,0.054603544953987476,0.06390114617140129,0.2602726631922108
global_0015,global,0.23358833754947927,0.026160635542893447,0.025271346343498608,0.11002213691864361,0.6049575436454852
global_0016,global,0.040140041933507085,0.17726604547205696,0.22809359283649408,0.36112356146053737,0.19337675829740428
global_0017,global,0.5586686242353236,0.2820793644018264,0.031108180896855638,0.09304209699140102,0.03510173347459331
global_0018,global,0.060569238848196316,0.14619851229015268,0.6840500582761364,0.06194071037081572,0.047241480214698824
global_0019,global,0.22191397276917152,0.23035572602239565,0.28208408200285745,0.08326483216708708,0.18238138703848822
global_0020,global,0.001337905916720511,0.34096009977520914,0.4365251363986227,0.05904767896201482,0.1621291789474328
global_0021,global,0.13402006905090236,0.04250938385778597,0.25790830978794277,0.1622084604096986,0.4033537768936703
global_0022,global,0.2111281597144228,0.227814548315308,0.38124232432355143,0.11534902144015179,0.06446594620656594
global_0023,global,0.2938776218834679,0.6025073498640623,0.06737303636351288,0.01041149352758927,0.025830498361367832
global_0024,global,0.004638648550936585,0.6094569184860037,0.017882279421481278,0.1736641308736684,0.19435802266791014
global_0025,global,0.1180350353511497,0.153567585879344,0.015120483682334767,0.34967844543132853,0.36359844965584287
global_0026,global,0.1649787495122228,0.5229049978473335,0.14431110105150424,0.0690880477858801,0.09871710380305959
global_0027,global,0.22725210018803216,0.013434065092213267,0.21749528732839915,0.09955840646514687,0.4422601409262085
global_0028,global,0.20017732272697114,0.04844046297627241,0.19868074902491015,0.32102998395731014,0.2316714813145363
global_0029,global,0.06011422296449005,0.20530555496781394,0.220883984422586,0.4935024098586356,0.02019382778647452
global_0030,global,0.23416305027876308,0.06622216573129452,0.49943687538070636,0.19069300204521927,0.009484906564016805
global_0031,global,0.04521569235786283,0.11680930513541554,0.20836756930684558,0.5512756234555394,0.07833180974433655
global_0032,global,0.13339317146781926,0.16527781698847077,0.07052220887360622,0.37901985410422584,0.2517869485658779
global_0033,global,0.2913672992753313,0.00832632665471925,0.16752621828770986,0.06877040127169413,0.4640097545105453
global_0034,global,0.2049515006796575,0.474941974678995,0.17451550638524244,0.026102397177719606,0.11948862107838548
global_0035,global,0.13341718861849752,0.22630326398802766,0.17764686224834284,0.45226323452291534,0.010369450622216649
global_0036,global,0.40169592524643427,0.002891327561517795,0.1461603828032008,0.2944645965335225,0.15478776785532447
global_0037,global,0.04383925419470578,0.10675615859723947,0.031113625825769764,0.049537403684362775,0.7687535576979221
global_0038,global,0.07386727151108981,0.41467368320250286,0.28163345367922,0.07055885427694211,0.1592667373302452
global_0039,global,0.048061164599837954,0.01056194508856766,0.2837810220517182,0.40129313302656805,0.2563027352333082
global_0040,global,0.10076188897979502,0.047943141195988304,0.07710881832409154,0.4859596613973019,0.2882264901028232
global_0041,global,0.09848429015284905,0.032866610932347134,0.26115060212385927,0.19769400616116894,0.4098044906297757
global_0042,global,0.2025122788846604,0.0425996363259257,0.42460792234007044,0.10059601857011255,0.22968414387923083
global_0043,global,0.5883247555847744,0.15797171820424352,0.04205039122531642,0.0528821583064345,0.15877097667923123
global_0044,global,0.3318446316493643,0.05991914163552426,0.06553426298431517,0.36846536060789625,0.17423660312289996
global_0045,global,0.24610400839029023,0.3642554388932407,0.09681287726362685,0.24972256265030085,0.04310511280254134
global_0046,global,0.0971761678230449,0.08351180067694829,0.009566178619793055,0.7609696041094262,0.04877624877078754
global_0047,global,0.1814729292016611,0.43776002481521664,0.03504852967879501,0.022784320502080516,0.32293419580224664
global_0048,global,0.22344041938441556,0.5287302583509711,0.033615295166249226,0.1950367381331643,0.01917728896519981
global_0049,global,0.20714452253085458,0.24358834192700374,0.11337631682124844,0.0832351959104816,0.3526556228104116
global_0050,global,0.4610612648296885,0.19471146921187824,0.09398987450907362,0.1839146961570722,0.06632269529228729
global_0051,global,0.12182242482738229,0.5945946551496945,0.06365597816752186,0.0886226294531187,0.13130431240228269
global_0052,global,0.42361807145880376,0.02935948875123987,0.05790404604792557,0.057183413331792575,0.4319349804102383
global_0053,global,0.06649105674776701,0.4901458051088067,0.01011460720614959,0.30720323917882475,0.12604529175845192
global_0054,global,0.2141989501147317,0.45211787245075824,0.09297706933122186,0.1625846249946543,0.07812148310863394
global_0055,global,0.09145296815427939,0.4078274993153595,0.11597831426342316,0.3566591925831627,0.028082025683775203
global_0056,global,0.545152970079433,0.12757906175498374,0.269518385150578,0.029616623594739926,0.028132959420265155
global_0057,global,0.12405584672206467,0.5535031878843192,0.1898151352732114,0.12132327040958181,0.01130255971082291
global_0058,global,0.17718396191283856,0.23484757783007784,0.1741014301652741,0.2893305135314134,0.12453651656039615
global_0059,global,0.3403653933220918,0.20183809240163728,0.32673518253816625,0.028455104258497895,0.10260622747960692
global_0060,global,0.2470093398737436,0.0668876815446873,0.07205915768849355,0.2818383213030072,0.3322054995900684
global_0061,global,0.041510495556961347,0.26301863611011245,0.5727285984231832,0.010545236770212912,0.11219703313952997
global_0062,global,0.0454234743155314,0.19874632496491626,0.22944579462100956,0.5016900993840036,0.024694306714539246
global_0063,global,0.05465940494967254,0.04058370382440184,0.23104425244193452,0.48594053781385693,0.18777210097013408
global_0064,global,0.2826001942121316,0.4197632390219965,0.0154531083379657,0.2218014051628462,0.060382053265059944
global_0065,global,0.26427644071345957,0.04556536533992118,0.18290395393038397,0.4147782492457648,0.09247599077047054
global_0066,global,0.2460817635288826,0.339377085508148,0.09495565055778941,0.10927041954950793,0.21031508085567197
global_0067,global,0.19218741309950943,0.11187044063309383,0.2966473621465201,0.32313804993184625,0.07615673418903027
global_0068,global,0.2322169861885507,0.12076948079756593,0.28379461440251824,0.020016597785531727,0.34320232082583335
global_0069,global,0.24568729455268545,0.14767285865329843,0.15094091501529763,0.014909085439244648,0.4407898463394739
global_0070,global,0.17147368448634476,0.20651232987394819,0.03919929089068374,0.35853879983740927,0.224275894911614
global_0071,global,0.12169748121844523,0.5115006606023207,0.25988057009887233,0.013181560335977966,0.09373972774438405
global_0072,global,0.2394317595377305,0.36281872132607046,0.1407354775239772,0.19718335967131959,0.059830681940902436
global_0073,global,0.33402698079842963,0.011628040031397323,0.28553549761447866,0.22853809748981516,0.14027138406587933
global_0074,global,0.01662492807811456,0.21369917834950783,0.1809591426453408,0.4852359112235624,0.10348083970347444
global_0075,global,0.23031470293443643,0.2707865364581365,0.252369423770197,0.12986317671472697,0.1166661601225028
global_0076,global,0.14360670277168622,0.12291271183937826,0.3891492619437505,0.08724250664657385,0.2570888167986113
global_0077,global,0.3060979185358557,0.12800065315099174,0.36854035101302757,0.03067704648616274,0.1666840308139622
global_0078,global,0.11370270063215071,0.22854774604227232,0.2984072011911085,0.23068036752704382,0.12866198460742465
global_0079,global,0.05035154925758726,0.4005688043276553,0.2397151533244142,0.19195690433626078,0.11740758875408253
global_0080,global,0.04875982328948002,0.36190718738106237,0.3237358243659176,0.15355464208035582,0.11204252288318431
global_0081,global,0.3486536144453734,0.2629721534172656,0.03439020805055226,0.1285318592132424,0.22545216487356645
global_0082,global,0.11850592207646395,0.23861892195835482,0.002393790341042695,0.3884481307743242,0.25203323484981444
global_0083,global,0.18123625242192187,0.3775238217376374,0.30450200964107915,0.13182695779935433,0.004910958400007301
global_0084,global,0.13160394824411495,0.26893144355663645,0.3869267098459811,0.1560109505181362,0.05652694783513121
global_0085,global,0.1644145331770849,0.3876424074502066,0.03965934280624778,0.14948806576341056,0.2587956508030503
global_0086,global,0.06958090045133371,0.1296010959741868,0.0930981329109582,0.4132799619389302,0.29443990872459114
global_0087,global,0.13784820981115206,0.01794705970287442,0.44789933683901634,0.1321354749145436,0.2641699187324136
global_0088,global,0.12665683523633597,0.42738005476073293,0.1284783981405202,0.07101061281525411,0.24647409904715692
global_0089,global,0.3079560763768481,0.028816948635162855,0.03384637199911657,0.17199520233774832,0.45738540065112415
global_0090,global,0.5565060372747751,0.12555409297082126,0.12972626753458227,0.09544572419608967,0.09276787802373171
global_0091,global,0.04781844946406766,0.1932239068996036,0.27722675965714316,0.2174349518356303,0.2642959321435551
global_0092,global,0.06192460742053294,0.23660705220627998,0.19456563946665362,0.15839223644444914,0.3485104644620844
global_0093,global,0.13645662995374608,0.4375908830686011,0.28316748231423305,0.06280325909158554,0.07998174557183417
global_0094,global,0.1907128684767391,0.06536958621563715,0.48863813716890997,0.013809944486549784,0.2414694636521639
global_0095,global,0.007762750699500449,0.02377627656635481,0.3305260128835225,0.3254889986966326,0.3124459611539897
global_0096,global,0.007054812916439943,0.18797570973231698,0.07379803385856791,0.032789381666876075,0.6983820618257992
global_0097,global,0.2369540170155625,0.05499274582495432,0.4105587829400017,0.11884573469697167,0.17864871952250969
global_0098,global,0.42516979386185494,0.4315249115646776,0.06646025151221283,0.05656906815103555,0.020275974910219197
global_0099,global,0.05351604183090812,0.3571736878912923,0.007409510263351336,0.32638231951805546,0.25551844049639283
global_0100,global,0.33281213327315,0.012123799543203926,0.2974161413726831,0.14592512208364591,0.21172280372731703
global_0101,global,0.12093431171956548,0.5748055493418407,0.043830720701754255,0.10511152846673559,0.15531788977010397
global_0102,global,0.010555087633640192,0.0385018100459286,0.08517584710739064,0.7156021896595517,0.15016506555348888
global_0103,global,0.2317423788615934,0.2645976630690904,0.041005293791872545,0.06522356524287973,0.397431099034564
global_0104,global,0.054372645004290114,0.19483479328048148,0.25291155230887685,0.46290981734772896,0.03497119205862255
global_0105,global,0.03234145062921636,0.3826074516541517,0.21793164586924835,0.041091158590221145,0.32602829325716254
global_0106,global,0.4524437019459172,0.1340863522665572,0.34373840475041884,0.06046560444672262,0.009265936590383942
global_0107,global,0.4422259131834623,0.21992454494834043,0.12956366306313583,0.014167502336307586,0.19411837646875393
global_0108,global,0.02679969341503738,0.5613596180344103,0.026166923488141525,0.07322877247068825,0.3124449925917227
global_0109,global,0.530151741926875,0.3354439621747465,0.02086274337955835,0.08790769913997051,0.025633853378849814
global_0110,global,0.15880209318854818,0.008603945259236655,0.3064569786458034,0.27820200349701335,0.2479349794093984
global_0111,global,0.05295895226192494,0.17201269300096733,0.2649115209506007,0.25564720753020137,0.25446962625630554
global_0112,global,0.02873515757263712,0.35733462554728823,0.1016802430155593,0.3504589023899727,0.1617910714745428
global_0113,global,0.07327269337348767,0.4041204590890734,0.03406839932838718,0.04688377068374307,0.4416546775253086
global_0114,global,0.8179037730271068,0.019033440976904892,0.016534556217562384,0.026713316607309776,0.11981491317111605
global_0115,global,0.4464899049549625,0.24156515764848085,0.14290832217063248,0.12770024198054356,0.041336373245380746
global_0116,global,0.09724383514381656,0.7273621332357074,0.11197760840554313,0.024451180161471554,0.0389652430534612
global_0117,global,0.587739607701425,0.04218613551653254,0.11467092989710656,0.22075076693204637,0.03465255995288951
global_0118,global,0.07340333883949252,0.4821567431985593,0.11884555849611925,0.2711617445942567,0.05443261487157229
global_0119,global,0.13219313772666305,0.14502670425172848,0.26051421321428436,0.3441102533040001,0.11815569150332403
global_0120,global,0.01238418134557229,0.21453189989875526,0.3227534966145784,0.20546758932845116,0.2448628328126429
global_0121,global,0.03703421611421547,0.2720985669414944,0.13211038597032337,0.4276596860696025,0.13109714490436414
global_0122,global,0.12036251895599141,0.1436678024339424,0.290208933479417,0.3361285068646315,0.10963223826601767
global_0123,global,0.3552692879515034,0.030133098188074445,0.1730735918742565,0.2692201610792978,0.17230386090686758
global_0124,global,0.05367214122057173,0.030871965082379126,0.1377560571790704,0.44573924942615606,0.3319605870918227
global_0125,global,0.2402118434751956,0.1562383031795065,0.03262618711331019,0.5221782477325476,0.048745418499440106
global_0126,global,0.3815118710798419,0.27118967785424963,0.10959620419375696,0.16298840474511764,0.07471384212703376
global_0127,global,0.13620594562549007,0.09573170287751727,0.12082814331572557,0.2299540442687713,0.41728016391249595
global_0128,global,0.14427837204293664,0.12584822490770312,0.4167064250406046,0.17684709185722747,0.1363198861515282
global_0129,global,0.44471241698516334,0.2592168897367176,0.03267037199145168,0.1496699446245024,0.11373037666216503
global_0130,global,0.26741045763720545,0.3802129430966165,0.13573586599729962,0.1490684735639493,0.06757225970492903
global_0131,global,0.032881229127888136,0.24088388345134204,0.03101794372854421,0.27969454770721436,0.41552239598501106
global_0132,global,0.3302357619902547,0.1815256438054868,0.41776688722429617,0.06657338323390385,0.00389832374605844
global_0133,global,0.20964387050034194,0.08568844108257047,0.07396089872824908,0.5098719635818265,0.12083482610701181
global_0134,global,0.43672919512750136,0.23126235124880626,0.06772588174707715,0.21090919653235327,0.05337337534426195
global_0135,global,0.3242185532164675,0.29296823172141984,0.07310411219695573,0.07293709344192172,0.2367720094232353
global_0136,global,0.0584332432082306,0.4135846736334044,0.18388216840079197,0.029752984096723382,0.3143469306608497
global_0137,global,0.07697677003194096,0.23607012786813003,0.1934073848638805,0.012489198279248211,0.4810565189568003
global_0138,global,0.8340067996505197,0.13331211519811173,0.0185980270206105,0.003915519753718336,0.010167538377039775
global_0139,global,0.10852969892453566,0.1611065056576348,0.04440229663203029,0.2515521179472248,0.4344093808385744
global_0140,global,0.058245911969564385,0.38902880890821717,0.06163720814200192,0.013234151393848476,0.4778539195863681
global_0141,global,0.043056706892220346,0.15557128619957097,0.08138346310349794,0.6459866246597387,0.07400191914497209
global_0142,global,0.11195617312058659,0.050147972937351466,0.030849451424880676,0.19910519275529168,0.6079412097618896
global_0143,global,0.459872200682437,0.0004889260301414695,0.34651587623379404,0.18299498969287858,0.010128007360748937
global_0144,global,0.24255613589136388,0.17009195492992382,0.268313814494082,0.004522238005228895,0.31451585667940146
global_0145,global,0.2502509827945454,0.12671684154091092,0.020394682100039585,0.2866648014497305,0.31597269211477347
global_0146,global,0.08165997783513929,0.181283290280771,0.42141884566423765,0.126617790847023,0.18902009537282918
global_0147,global,0.21247372217737323,0.0028148327680437117,0.5794291347685563,0.10128293263185811,0.10399937765416867
global_0148,global,0.04942058568384252,0.02276461583063464,0.023328335920591952,0.49869074865033264,0.4057957139145982
global_0149,global,0.18430749892604698,0.0935385082062746,0.11576374703645341,0.38725311669285706,0.2191371291383679
global_0150,global,0.057335215727806525,0.00630507867625833,0.1040722830653601,0.48206390612300637,0.35022351640756855
global_0151,global,0.33699065727094285,0.3429096139045277,0.0044739642166679,0.032634701983029764,0.2829910626248318
global_0152,global,0.048864595067776365,0.26674662214867945,0.13341266911369273,0.09362891756047122,0.45734719610938024
global_0153,global,0.009355004594646298,0.13652004339092147,0.11338486630107618,0.7124010561410224,0.02833902957233346
global_0154,global,0.6459835963594247,0.06197106842308523,0.06753480463977604,0.011700476987310814,0.2128100535904033
global_0155,global,0.08440089274193864,0.4029681847678141,0.13562709649211957,0.1835886926479451,0.19341513335018254
global_0156,global,0.053983193430860145,0.03263686440918709,0.22460830011363064,0.6305794918412497,0.05819215020507236
global_0157,global,0.05932120893255901,0.1622905228655236,0.05831317572172843,0.1751006509922956,0.5449744414878934
global_0158,global,0.34090713771857295,0.03755287884071129,0.1802123965913036,0.21707158497769122,0.2242560018717209
global_0159,global,0.3723453674708575,0.022687390629574068,0.032470847884099506,0.5542733106897241,0.01822308332574481
global_0160,global,0.48807716222936337,0.058749083041685544,0.19687590190375945,0.19377507354908907,0.06252277927610252
global_0161,global,0.05367943707264154,0.14892613104981084,0.05585341536424932,0.5365642057469299,0.20497681076636856
global_0162,global,0.002751142411773533,0.5112547934887837,0.08356035136823468,0.08151567153412737,0.32091804119708056
global_0163,global,0.1601941797545773,0.6872597073118867,0.07774126751529294,0.032503122566075814,0.042301722852167205
global_0164,global,0.2538505802138925,0.11901277865027106,0.25990464582994416,0.07859082136284362,0.2886411739430488
global_0165,global,0.06910400127601135,0.26274414795998524,0.5108551803901098,0.05666608188145728,0.10063058849243639
global_0166,global,0.3039442957200908,0.0974196314741883,0.157017405274426,0.3274858887046079,0.11413277882668696
global_0167,global,0.1419249723955509,0.0888296953970684,0.42692922140092554,0.28168950305890395,0.060626607747551374
global_0168,global,0.12494039263905131,0.4001945230858199,0.05926622537644539,0.1738184480189362,0.24178041087974725
global_0169,global,0.06634217946378057,0.2871807683781585,0.3483505925832395,0.07722122877925251,0.22090523079556892
global_0170,global,0.19383375402657138,0.5226631352640416,0.028047137144314605,0.19361657989932599,0.06183939366574643
global_0171,global,0.09378434265237097,0.16138417082425946,0.2857761597279448,0.43038831223686774,0.02866701455855703
global_0172,global,0.1325970109511648,0.16856675628883086,0.356027655208467,0.0647864928176092,0.2780220847339281
global_0173,global,0.396999717245897,0.07702985019714848,0.27591414745038906,0.11761457480719487,0.13244171029937055
global_0174,global,0.43441754351255246,0.0376835607165816,0.20001002725751046,0.07485195098418589,0.2530369175291695
global_0175,global,0.02536144703710846,0.44375327084014415,0.0886875054755715,0.025843303152432946,0.41635447349474297
global_0176,global,0.16348511247816147,0.12960214922965002,0.36801577497115606,0.05026073476204152,0.28863622855899096
global_0177,global,0.7112560394559133,0.07036908461273714,0.17538956961409521,0.0011810018577902135,0.04180430445946427
global_0178,global,0.04660174142128079,0.01199479188025396,0.7465202984035072,0.0761397240661323,0.11874344422882567
global_0179,global,0.08068133736798756,0.2365892082181269,0.24347301646193076,0.374231783805776,0.06502465414617875
global_0180,global,0.20156818475336127,0.2140845681617845,0.05420428079369987,0.16118967708666987,0.3689532892044845
global_0181,global,0.29299824945455843,0.1712968490737709,0.03409809065383483,0.2742244876546145,0.22738232316322132
global_0182,global,0.160952754105311,0.09760412618542039,0.19402479656571495,0.3434355619719391,0.20398276117161449
global_0183,global,0.07547509747223922,0.07541291313734945,0.49180798924500874,0.33158072210471723,0.02572327804068533
global_0184,global,0.12597893813695604,0.33448375473437914,0.18798365453531543,0.20838928602640727,0.1431643665669422
global_0185,global,0.1562338308771761,0.3097418482140068,0.056387417478821034,0.4039211422905715,0.0737157611394247
global_0186,global,0.4143633382512066,0.1101274737457905,0.05642322468117758,0.1526442734444396,0.2664416898773856
global_0187,global,0.17128263485262596,0.5476605957405578,0.2297507801080154,0.03646654687398184,0.014839442424819013
global_0188,global,0.10355393042564215,0.17065170813226196,0.03558079173032231,0.5597525433628908,0.13046102634888276
global_0189,global,0.6171369470418844,0.12210241492433453,0.20082461183888675,0.039299394580452125,0.020636631614442288
global_0190,global,0.16149982231672125,0.3737350483406187,0.28732908115376476,0.1639102950695183,0.013525753119376892
global_0191,global,0.020003225360182075,0.5691396757397927,0.18489252379887727,0.09181801855414223,0.1341465565470057
global_0192,global,0.09615486161259526,0.3163603552323775,0.5633108221569656,0.02124954373138791,0.0029244172666737624
global_0193,global,0.07037283493735084,0.030030516204018337,0.40568067010741304,0.1694303974425509,0.32448558130866684
global_0194,global,0.3427349563848521,0.2845737200945943,0.1644780842566956,0.19072109260947778,0.017492146654380307
global_0195,global,0.40320281137549435,0.30587387711271624,0.12886277963002093,0.0004127520719692838,0.16164777980979927
global_0196,global,0.13152497386593703,0.05760268448466235,0.39558981360288453,0.2558695453487602,0.15941298269775583
global_0197,global,0.03353742169049183,0.38346197650157265,0.39784301115102516,0.014701378713457502,0.17045621194345273
global_0198,global,0.23172389050661416,0.22185510890901328,0.16499262200700698,0.2021671608722023,0.17926121770516315
global_0199,global,0.15499720914036805,0.38348915581297605,0.22814390394530243,0.04843321485185966,0.1849365162494939
global_0200,global,0.38078073341877866,0.4531745952464492,0.13368975913230283,0.02429341580530424,0.008061496397165076
global_0201,global,0.46106420077577087,0.03703691786859255,0.22938775680409712,0.0439455683258427,0.22856555622569685
global_0202,global,0.011818705568417152,0.6469011813725006,0.2942852758882986,0.013082720524517021,0.033912116646266616
global_0203,global,0.09802719391728588,0.07555122825247883,0.24591941938061795,0.3929888394263292,0.18751331902328822
global_0204,global,0.004367855781310097,0.5117221825903612,0.10380814383923094,0.37314766463124605,0.006954153157851608
global_0205,global,0.0068012808931929266,0.14959863327529513,0.5603217485423168,0.10816065934322598,0.1751176779459692
global_0206,global,0.7895689183197332,0.03996454595692343,0.011192856118977024,0.09413268315734405,0.06514099644702236
global_0207,global,0.005387034404259445,0.15552415603643016,0.1459934587707562,0.2172414949064773,0.47585385588207696
global_0208,global,0.15029418580209605,0.15458417342254802,0.18720710503313,0.5010526631155646,0.006861872626661275
global_0209,global,0.09886499272265152,0.13562100289918352,0.6018822188095423,0.12704700497042282,0.036584780598199786
global_0210,global,0.3477540535674781,0.13146100980764025,0.04958967985717772,0.4503716654268288,0.020823591340875042
global_0211,global,0.15051139836012245,0.07599723671278194,0.2504446154990873,0.06298429986308597,0.4600624495649225
global_0212,global,0.12356223959428209,0.2218477435428218,0.13046501308525146,0.4610357087838175,0.06308929499382704
global_0213,global,0.18455808847949243,0.01686598219450496,0.1170624646934873,0.46401133880934264,0.2175021258231727
global_0214,global,0.1734107340793174,0.3935178227978581,0.032284105375164775,0.18619985858377738,0.21458747916388227
global_0215,global,0.088789791600983,0.10005758782662114,0.1086812675275121,0.4418750873651079,0.26059626567977584
global_0216,global,0.05131117374636837,0.12404578162893529,0.6224960374342383,0.06444584024924938,0.13770116694120862
global_0217,global,0.15916885731058994,0.09983601228162525,0.05271198975631377,0.46346893539737394,0.22481420525409718
global_0218,global,0.3989398332450414,0.09350109561893236,0.13243032462508855,0.3608021876153415,0.014326558895596081
global_0219,global,0.08744910106707393,0.2675584002205436,0.050205015062962675,0.10624666239161634,0.4885408212578035
global_0220,global,0.07075154266149007,0.36077988765147195,0.4230218484262918,0.017403564298310883,0.12804315696243504
global_0221,global,0.31376841950032763,0.14479515151960953,0.08029942957720249,0.09296735030821429,0.368169649094646
global_0222,global,0.3210513753334599,0.2988112283330698,0.07098149102970336,0.18692493984075662,0.12223096546301017
global_0223,global,0.12428907426847102,0.5636588615942548,0.046921488281608796,0.23610254170668848,0.029028034148976773
global_0224,global,0.4964337438633214,0.10798268081642413,0.04452565228038141,0.27371706610217506,0.07734085693769793
global_0225,global,0.0183118270386154,0.3590630054252654,0.30904818950942,0.08160507230455194,0.23197190572214726
global_0226,global,0.26979997548312723,0.051126730043922625,0.29278229550348983,0.07985288122351351,0.3064381177459467
global_0227,global,0.7910217112611937,0.04276378989968751,0.053292508158794674,0.026260114044421568,0.08666187663590239
global_0228,global,0.06511215945297366,0.13193214073056822,0.21146357758912884,0.5182930279512842,0.07319909427604515
global_0229,global,0.01771456716654467,0.1312938481824228,0.02032406422863482,0.6618380340170218,0.16882948640537593
global_0230,global,0.048711156330931746,0.3624688084478159,0.2212762884651241,0.0162951365187584,0.3512486102373698
global_0231,global,0.15139404042089694,0.09924676413793751,0.033218993940997955,0.17602554487599986,0.5401146566241676
global_0232,global,0.12821197494098238,0.5914343182370877,0.05330797122988947,0.10811522526301764,0.11893051032902283
global_0233,global,0.7070566261555336,0.09121682635066437,0.06340035467535683,0.09377770037532622,0.044548492443119106
global_0234,global,0.015602469707453975,0.1951916337265507,0.10221103970893014,0.3649472194505105,0.3220476374065547
global_0235,global,0.24906689140621052,0.03618278941155542,0.15021760609899323,0.017745254622173766,0.5467874584610669
global_0236,global,0.2148890109975409,0.006235989482263143,0.036811477365526035,0.09552849057976721,0.6465350315749027
global_0237,global,0.2799509679531842,0.38596559519685897,0.041558217808135886,0.14937832917443347,0.1431468898673874
global_0238,global,0.05417437186003071,0.5865802311507412,0.03614172360697261,0.30323516300570896,0.019868510376546484
global_0239,global,0.16647080005033907,0.2078412131870676,0.1324138344524037,0.49052409888869136,0.0027500534214981963
global_0240,global,0.07218042735225058,0.34103185400117747,0.2345387588625661,0.13405288142446686,0.21819607835953886
global_0241,global,0.7968032614820688,0.008659966242011975,0.11265772108960836,0.051395349827438486,0.03048370135887218
global_0242,global,0.14710091756077112,0.10035545680215768,0.4935335767511136,0.042501932941051423,0.2165081159449062
global_0243,global,0.3712956841317011,0.23983600002402208,0.17997596271737282,0.023338175392886046,0.1855541777340179
global_0244,global,0.02892475580039246,0.6361873022677834,0.07279015911249177,0.11861932238091943,0.14347846043841286
global_0245,global,0.1883445448845548,0.24002880926194786,0.48903318433544063,0.017885828451981303,0.06470763306607538
global_0246,global,0.15925319696801016,0.5829146457290296,0.0990611034907719,0.05791346230537052,0.10085759150681768
global_0247,global,0.19127605281631938,0.22917619146099366,0.5433034625900465,0.03006168356622528,0.006182609566415152
global_0248,global,0.0642857634585564,0.007198263112183997,0.7170356165016659,0.1302386290163618,0.08124172791123184
global_0249,global,0.05648394861112149,0.2557940466000263,0.05757777883899239,0.4983657630992073,0.1317784628506523
global_0250,global,0.1649236214709375,0.4952349043314642,0.14515862384302192,0.18955422551479378,0.005128624839782752
global_0251,global,0.09835338270101338,0.0814413516230467,0.00552816682249197,0.583288443425624,0.23138865542782394
global_0252,global,0.7507337701920282,0.004057926618455268,0.011516615501172472,0.19741853504962925,0.03627315263871478
global_0253,global,0.06648784352222303,0.39778516146732473,0.2954384352632896,0.13239251318014503,0.10789604656701769
global_0254,global,0.5272704224065623,0.11032417857769225,0.1140909195255971,0.1964704030428682,0.05184407644728013
global_0255,global,0.3263477323031454,0.3323555978609311,0.2767541402988836,0.0036985535423016704,0.060843975994738085
global_0256,global,0.20970316505960035,0.15573519837282265,0.045726200611666296,0.5167429120316164,0.07209252392429424
global_0257,global,0.15679056081662562,0.02835269073156381,0.5767089972967314,0.0879894321565639,0.15015831899851526
global_0258,global,0.04339605721980253,0.11088149589618847,0.14656068119882634,0.5970174293205922,0.10214433636459033
global_0259,global,0.14716638306021929,0.5289520938086039,0.16234882922610427,0.12643878467738745,0.035093909227685134
global_0260,global,0.15684833526596786,0.09703713066804626,0.07747558377693167,0.16951884846404525,0.49912010182500893
global_0261,global,0.20123902948192557,0.2328627325083727,0.06395519840499364,0.023102350334215253,0.4788406892704929
global_0262,global,0.15314125698988643,0.5705378913966466,0.16893234834905566,0.016489863214257123,0.09089864005015412
global_0263,global,0.23387097427902118,0.35594804090605464,0.3517944533477542,0.007655840564344224,0.05073069090282548
global_0264,global,0.2048083275917236,0.3244733517080978,0.28210176620963884,0.026847144006225523,0.16176941048431406
global_0265,global,0.08979784279424806,0.4597462773282977,0.2871017348599062,0.10734209149165554,0.05601205352589229
global_0266,global,0.25870756056637667,0.053133882953511936,0.2427351186728678,0.1967840529527154,0.24863938485452822
global_0267,global,0.02721727619543616,0.49425690484754276,0.009817956467981502,0.45125035540617536,0.01745750708286439
global_0268,global,0.2855064009723981,0.2603550381438531,0.16884969522219712,0.05605303742472417,0.22923582823682745
global_0269,global,0.08106812535405013,0.03981141040533854,0.19497726281662237,0.2589157125163151,0.4252274889076738
global_0270,global,0.12422438211005485,0.16211575817937574,0.24851361045902026,0.03954418949663285,0.4256020597549163
global_0271,global,0.5291942284585143,0.009190494310012185,0.2107531316728962,0.014615615497069962,0.23624653006150728
global_0272,global,0.08873768970509267,0.08408762921329939,0.5124827690640678,0.2137598841632041,0.10093202785433601
global_0273,global,0.08752559565172018,0.6212186081068521,0.20307937036804474,0.0474229009656108,0.04075352490777229
global_0274,global,0.009546194295745889,0.2194276570032127,0.13926457716946797,0.5312783409505294,0.10048323058104419
global_0275,global,0.18997625943809052,0.09049469306118148,0.18877173458359972,0.1557699700966285,0.37498734282049984
global_0276,global,0.5192240951771931,0.28146694393003613,0.061956326137643646,0.05057129454051149,0.08678134021461563
global_0277,global,0.023825211077123893,0.46986723068980846,0.14487349855049683,0.3605004158962668,0.0009336437863040728
global_0278,global,0.539731299883707,0.04655368022705472,0.06385217686929195,0.07268634108561271,0.2771765019343334
global_0279,global,0.12086859324492813,0.43859104310809405,0.03793776517799374,0.12864413699012459,0.2739584614788594
global_0280,global,0.09226399438796015,0.0354625926167551,0.132729946786782,0.7085421631807752,0.031001303027727658
global_0281,global,0.041638537013305346,0.09218818045525806,0.10027865578137694,0.22685065645604946,0.5390439702940102
global_0282,global,0.20238393978578548,0.5000507735629238,0.03990786222409904,0.14247001873767343,0.11518740568951817
global_0283,global,0.1131796670439114,0.1539722635066928,0.08804500965659857,0.46024369946422194,0.18455936032857534
global_0284,global,0.2888603253149891,0.28151558498611606,0.026119793795469273,0.19130404883158567,0.21220024707183993
global_0285,global,0.256012466445992,0.0006216789783826187,0.40231359762013463,0.3368273026422471,0.004224954313243695
global_0286,global,0.3342436675247192,0.26173432787610945,0.06304344234868736,0.23956101847541544,0.10141754377506866
global_0287,global,0.003757475418849826,0.2670530940689371,0.04217997467074578,0.16942326351100004,0.5175861923304673
global_0288,global,0.34069088618565185,0.35840592771891544,0.11782593043541523,0.06369772584500623,0.11937952981501129
global_0289,global,0.1930876409199737,0.16646650730603613,0.3834554233047806,0.17673587853044093,0.08025454993876857
global_0290,global,0.29614505828672727,0.06122256388213639,0.23198476133192458,0.20672390855205774,0.2039237079471541
global_0291,global,0.04718734673837811,0.001390446953373177,0.2842015482523449,0.3602009312065116,0.30701972684939227
global_0292,global,0.4651254526195926,0.011315026389977742,0.29096709562629514,0.11488546366718798,0.11770696169694658
global_0293,global,0.43693603696099825,0.08842508524989617,0.09891689332111576,0.2819456994446948,0.09377628502329502
global_0294,global,0.006672459950841255,0.31990426030073826,0.1184704583804949,0.15214912343504602,0.40280369793287973
global_0295,global,0.01421722816067422,0.06225528722332751,0.18777338788099845,0.2110921022411001,0.5246619944938997
global_0296,global,0.0444067358839296,0.479923819449569,0.04674633646419008,0.27210526452485884,0.1568178436774526
global_0297,global,0.7331166888536617,0.05169335946002478,0.03650592632002563,0.17544636412953848,0.0032376612367492038
global_0298,global,0.13410162796040007,0.34018760871104614,0.002373052610489855,0.03415746477718607,0.48918024594087794
global_0299,global,0.031544549444722306,0.1069471624513774,0.004804291528875392,0.7026760790315947,0.15402791754343012
global_0300,global,0.1955893352393981,0.3444033984942923,0.11672705860775327,0.22865014085458188,0.11463006680397447
global_0301,global,0.046129219693841685,0.07011246285847114,0.1860639735419195,0.6412966784010893,0.0563976655046783
global_0302,global,0.10979996853627325,0.31242039195656873,0.36423950957708107,0.20316452704219518,0.010375602887881773
global_0303,global,0.2871926035864502,0.018425323655159156,0.40832773814486195,0.10877089888012055,0.1772834357334081
global_0304,global,0.22144231682106225,0.21632633313726077,0.03313594028750693,0.3257095730693391,0.20338583668483098
global_0305,global,0.05130213207559006,0.24020763394274647,0.2455230994642437,0.33266361374249565,0.13030352077492396
global_0306,global,0.2966171194545748,0.2988470561296325,0.008661463317642608,0.21177699343137252,0.18409736766677756
global_0307,global,0.3009185771955723,0.017405956342675076,0.33834031165387063,0.13394213399449606,0.20939302081338604
global_0308,global,0.5076851956984245,0.11642589088673956,0.15131173841418938,0.17398461140799465,0.0505925635926518
global_0309,global,0.15300976492665255,0.10920402909134347,0.31802598554942774,0.14661553629515314,0.2731446841374229
global_0310,global,0.010406566381364588,0.4952042944242898,0.011089089887420245,0.4162632437497995,0.06703680555712581
global_0311,global,0.18132106554629313,0.10134426652229807,0.3007298033476728,0.32997582689146854,0.08662903769226732
global_0312,global,0.3816047111766386,0.33440789390101533,0.19328269076439256,0.09043865840689928,0.00026604575105417666
global_0313,global,0.45054778547091856,0.11503683335954244,0.1407938611460565,0.25084324068513547,0.04277827933834711
global_0314,global,0.21365689052953635,0.08266112622435967,0.010035314002506106,0.05235747879026531,0.6412891904533325
global_0315,global,0.3187562449448824,0.1577710432063636,0.1442141667847229,0.08723883146059022,0.2920197136034409
global_0316,global,0.3242221628003191,0.4276497788538791,0.04318614783857826,0.02945917367539094,0.1754827368318325
global_0317,global,0.025464767693867033,0.15527778206384873,0.12273158362834216,0.47074434160130396,0.22578152501263823
global_0318,global,0.00011525432753615361,0.08751126317694197,0.40539384567565806,0.31742036988031525,0.1895592669395487
global_0319,global,0.3107715099614224,0.5096910677536801,0.0349587468046027,0.12708493121417705,0.01749374426611773
global_0320,global,0.4251241434558521,0.1250459639990921,0.11752893180274397,0.01788556375721027,0.3144153969851015
global_0321,global,0.610872350149329,0.21080388164544805,0.004435518081420582,0.14715127290980834,0.026736977213994175
global_0322,global,0.08311547214137525,0.4077236613460013,0.010805831927610098,0.12281305295481972,0.37554198163019364
global_0323,global,0.09525437389325794,0.0993369631381508,0.17438180759260408,0.28917609615983725,0.34185075921615
global_0324,global,0.28528471889071655,0.32738651635524046,0.09866977540670811,0.178369967910591,0.11028902143674378
global_0325,global,0.26076330357583566,0.41149073251422325,0.11737897951908187,0.054898859139023995,0.1554681252518352
global_0326,global,0.2965950101031789,0.22073937994249931,0.30104416199457623,0.06973425973831428,0.1118871882214312
global_0327,global,0.42447774040099007,0.28046076310797624,0.046990018965217394,0.13099213962710327,0.11707933789871293
global_0328,global,0.028788785000030587,0.10878308087174342,0.22740145621971222,0.20095957298006842,0.4340671049284453
global_0329,global,0.36993382407169745,0.002936174309946472,0.2242860481399122,0.024397135739048482,0.37844681773939554
global_0330,global,0.003381145191323378,0.35111593407360264,0.40805602476348063,0.0834894493347299,0.15395744663686328
global_0331,global,0.2684326799716484,0.12509390881864246,0.1307378502648814,0.3795179009375498,0.09621766000727798
global_0332,global,0.18705868284585134,0.2791325979080055,0.07316688810596961,0.003088318528302659,0.45755351261187094
global_0333,global,0.25992646860109236,0.10611945337900447,0.33007204082647623,0.022570002040064863,0.281312035153362
global_0334,global,0.07362302295876999,0.04173371376141656,0.4037632202909543,0.07813999628306274,0.4027400467057963
global_0335,global,0.16904835162047557,0.047509420583706635,0.46326686116655225,0.1292965100912393,0.19087885653802625
global_0336,global,0.1444172016402378,0.013480017029774142,0.684307310308908,0.09017938015168422,0.06761609086939586
global_0337,global,0.054271748674991585,0.13223112846592103,0.11795734626448054,0.02069663121745984,0.6748431453771471
global_0338,global,0.06766564983793515,0.03317382508872895,0.13447302694885507,0.31381479246576977,0.4508727056587111
global_0339,global,0.10789357765768648,0.5148999865411649,0.05870852318577653,0.007705291321701179,0.3107926212936709
global_0340,global,0.07902629252038647,0.022418774200645048,0.027465973158426985,0.013534234799903634,0.8575547253206378
global_0341,global,0.12433879509998125,0.4085450639672025,0.020739165241888284,0.2946956363003212,0.15168133939060677
global_0342,global,0.05285814990514559,0.47054346457062757,0.3040845565769975,0.029466605594831007,0.1430472233523983
global_0343,global,0.2331854308964092,0.3322699552060568,0.3012655022798719,0.022321738647134094,0.11095737297052774
global_0344,global,0.20676629339618552,0.3577408050601979,0.058146629115696936,0.15378418457887905,0.22356208784904036
global_0345,global,0.21032324006156383,0.11760461696442966,0.6389138649849142,0.01973038137138861,0.013427896617703711
global_0346,global,0.05635030657019942,0.1632091531218122,0.2634459037618255,0.037450996265147245,0.47954364028101565
global_0347,global,0.002948599483540569,0.34711112502576347,0.4931832829370166,0.12577220552091645,0.030984787032762993
global_0348,global,0.08223808727041405,0.5152044536923683,0.12860306292901424,0.11117219712196526,0.1627821989862381
global_0349,global,0.0065992185647356615,0.003434414730668762,0.6902127805581786,0.23613237337933646,0.06362121276708041
global_0350,global,0.4770647798420153,0.09354955446114092,0.21154407054721355,0.01953576346097833,0.19830583168865185
global_0351,global,0.2647844758617518,0.10250504349018262,0.04818036709288248,0.20332654066347872,0.3812035728917044
global_0352,global,0.11048981435995209,0.17468151283267133,0.3928683247395162,0.05138904669363518,0.27057130137422514
global_0353,global,0.10301177386228913,0.14795977586218817,0.20522896761636059,0.12562459852296104,0.41817488413620113
global_0354,global,0.13686497563344296,0.3308492878326283,0.19661751482828516,0.21376193367402366,0.12190628803162003
global_0355,global,0.10218115371291617,0.49368894070987585,0.33053386608259894,0.005911524106984044,0.06768451538762513
global_0356,global,0.04767875575173957,0.10621518204537204,0.5189659890902852,0.3261059308270806,0.0010341422855226037
global_0357,global,0.014632849090541172,0.398612020041057,0.07364759632946993,0.4703179073484259,0.042789627190505955
global_0358,global,0.03877149666277028,0.025219791807145956,0.6722917982219503,0.2015013208083599,0.06221559249977358
global_0359,global,0.02932746850817031,0.4269346856057831,0.14331503103119558,0.36558276925319244,0.03484004560165843
global_0360,global,0.0004872561315266312,0.38619976286610924,0.27895339168408023,0.2999910250439906,0.034368564274293155
global_0361,global,0.2318352639158329,0.25521460531238777,0.4574578036002187,0.03567015475899697,0.019822172412563663
global_0362,global,0.25128135528462997,0.06553250782914684,0.3741481802692151,0.15623844093404698,0.15279951568296118
global_0363,global,0.0334878960803565,0.09414310631787579,0.2214163093952602,0.4388320997708943,0.2121205884356132
global_0364,global,0.1767818224537619,0.043646028367163144,0.1508519655707359,0.3003517136173145,0.3283684699910245
global_0365,global,0.01725640478567889,0.09866982304073896,0.07821346486471652,0.3670930482735005,0.4387672590353652
global_0366,global,0.16754136657453741,0.4221657471933073,0.01268776365362886,0.008455818596135176,0.3891493039823912
global_0367,global,0.19957236770130926,0.1967673244276095,0.13271197777755553,0.09765939548287465,0.37328893461065105
global_0368,global,0.24030596119705216,0.20635482794386062,0.49618241446599826,0.053193770353146534,0.003963026039942323
global_0369,global,0.2313687995714011,0.060036095631376234,0.012698774593998813,0.17901015904177336,0.5168861711614505
global_0370,global,0.5009201826786479,0.044442704081199075,0.41270331090438767,0.015551924405408856,0.026381877930356467
global_0371,global,0.42939938661637816,0.11857242968521173,0.14390611763490613,0.07710158152969736,0.2310204845338066
global_0372,global,0.13340406064979515,0.05238747502859426,0.28780651292040016,0.1846281363173605,0.34177381508384985
global_0373,global,0.3140005262634013,0.006188029713646502,0.16825916221257234,0.08440845529608415,0.42714382651429567
global_0374,global,0.008107112278301937,0.04917117259463818,0.030165575157687814,0.34015530565324076,0.5724008343161314
global_0375,global,0.038580733786669576,0.17129282690572095,0.29737053555910503,0.32013453770839534,0.1726213660401092
global_0376,global,0.016914686413923307,0.1561917731507934,0.4853356318314436,0.03355082829000753,0.30800708031383206
global_0377,global,0.15105129322509217,0.04260379154602704,0.0377729428501551,0.5878044775920791,0.18076749478664647
global_0378,global,0.3258510115313169,0.2649314743226599,0.04254899170653577,0.341761978365542,0.024906544073945512
global_0379,global,0.5773639692574063,0.20802398121520246,0.026497896668780496,0.16390189593338314,0.024212256925227472
global_0380,global,0.3775612070037231,0.19727373911477208,0.26349801265756206,0.03314425396005989,0.12852278726388275
global_0381,global,0.42645206079348713,0.042695608741958484,0.20288518570477912,0.13994837300227367,0.18801877175750153
global_0382,global,0.08280352442061396,0.43296959853639755,0.1196398148731055,0.34343724890893323,0.021149813260949776
global_0383,global,0.032639259234496856,0.16086870515985596,0.030386578889715243,0.3823571481624448,0.3937483085534873
global_0384,global,0.21894544634505791,0.01233307749527051,0.10035001388086878,0.4089171701071346,0.2594542921716682
global_0385,global,0.17057701715028695,0.20832713017907561,0.43184675822872404,0.0837280662028957,0.1055210282390176
global_0386,global,0.31754676996428993,0.0368550778393495,0.1870167370096276,0.2586026841109837,0.19997873107574937
global_0387,global,0.32527541017479417,0.236039251406417,0.07782479385912262,0.06058356727031587,0.30027697728935043
global_0388,global,0.23979446445462685,0.013835817126082664,0.06817350284678955,0.4961276365897343,0.18206857898276663
global_0389,global,0.009929728072417559,0.30392380384287826,0.09544256790556763,0.0209528022401426,0.5697510979389939
global_0390,global,0.14709836282540614,0.11393368628897595,0.5093465143618517,0.03940251084412949,0.19021892567963655
global_0391,global,0.3630129350275864,0.3138682218705931,0.10491383917804799,0.011729498276989067,0.20647550564678332
global_0392,global,0.28342033243890313,0.15589930060556678,0.09350134690694925,0.41175002394212523,0.05542899610645551
global_0393,global,0.2642521206118285,0.07084336754990521,0.44215463696486634,0.1643738566430527,0.058376018230347125
global_0394,global,0.3019047886014018,0.23292732349828413,0.06799417604711226,0.20343027143455,0.19374344041865188
global_0395,global,0.04191428053451743,0.11301376740077358,0.12676241751386177,0.44458732104102566,0.2737222135098216
global_0396,global,0.11139901529476501,0.03192215995560985,0.48674255365125424,0.32508181488658555,0.04485445621178527
global_0397,global,0.00029024487553376625,0.5988658850712637,0.10526262574967321,0.05992771900881597,0.23565352529471337
global_0398,global,0.18395260864410654,0.17724607780885587,0.07372360371859944,0.559878195063234,0.005199514765204116
global_0399,global,0.23558617374671026,0.09763462270920997,0.3794778954889433,0.04282434672410259,0.24447696133103392
global_0400,global,0.28822068928310707,0.07598217023649935,0.04958161851479975,0.02512248095726953,0.5610930410083244
global_0401,global,0.4462588918120943,0.20833162970303204,0.20811547272487013,0.05196628659481491,0.08532771916518875
global_0402,global,0.17588930261778254,0.048883797189802285,0.16659215290307286,0.5909153689749576,0.01771937831438491
global_0403,global,0.4997524908496902,0.15085369938191193,0.10166487413449436,0.18872304656758956,0.0590058890663141
global_0404,global,0.08680895162829741,0.03924179673380779,0.30246796966957273,0.4860376531184129,0.08544362884990929
global_0405,global,0.3761765156401469,0.1891440291466297,0.2749860780434882,0.1445077190416386,0.015185658128096599
global_0406,global,0.28590366130120415,0.014280311103817493,0.3381515167936815,0.1453030514982782,0.21636145930301856
global_0407,global,0.14408208257281996,0.38900782402374406,0.034136977579144336,0.05178560466712035,0.38098751115717133
global_0408,global,0.6225280542870978,0.06929956451146296,0.011816898718278544,0.2827805644619751,0.013574918021185699
global_0409,global,0.13712370843543675,0.07670136764498775,0.4849580108864547,0.23613139494871338,0.06508551808440749
global_0410,global,0.38169885143025856,0.11831711197242037,0.20981492149248437,0.10807518814607783,0.18209392695875884
global_0411,global,0.21125414270844747,0.29699212204353537,0.05066011267812154,0.10459959911123347,0.33649402345866214
global_0412,global,0.4167660686917959,0.01217053104526644,0.061973040453462316,0.26061663258100093,0.24847372722847455
global_0413,global,0.11609751317395872,0.06498439052414635,0.06790403674253812,0.7100975016972569,0.04091655786210002
global_0414,global,0.28258352563869105,0.3700030279250642,0.1698624052181537,0.14311311599311946,0.034437925224971605
global_0415,global,0.1186114114929672,0.10872011572982312,0.01773901634042457,0.3876358905560439,0.36729356588074114
global_0416,global,0.24281606596924704,0.06075628075547971,0.04718508786160895,0.6051418522166504,0.04410071319701408
global_0417,global,0.2168972919469969,0.10890597552885097,0.385613773833374,0.060889762745978036,0.22769319594480014
global_0418,global,0.5462688646587491,0.1523106692306353,0.18013170366914774,0.06770204234974232,0.05358672009172543
global_0419,global,0.10662493179456999,0.24255325345917544,0.025563099791263432,0.07325745243905922,0.5520012625159318
global_0420,global,0.35204336487555243,0.15325240275657578,0.013684195142287029,0.37420060406944394,0.10681943315614083
global_0421,global,0.009293084901729778,0.17508201577486615,0.43566532800213525,0.0006742803589955702,0.3792852909622733
global_0422,global,0.4500283664807066,0.020127791600424702,0.37659827760326725,0.002975116536417426,0.1502704477791841
global_0423,global,0.12105547337136896,0.11702343800311574,0.02808454735185355,0.060178105553181996,0.6736584357204798
global_0424,global,0.6395978134995051,0.16019781526055998,0.015273010897645139,0.06361104983801087,0.12132031050427898
global_0425,global,0.20401046751361715,0.18548680743058335,0.12778087700598456,0.1687938756721445,0.3139279723776704
global_0426,global,0.118229428633623,0.42964208074318644,0.2064201945147636,0.012223456235316763,0.23348483987311036
global_0427,global,0.5819458536761615,0.08264259009434238,0.26134716542705805,0.011581021460802596,0.0624833693416355
global_0428,global,0.3934594854212772,0.1277250687724704,0.08163298907580038,0.24216107436918802,0.15502138236126406
global_0429,global,0.17596904962702656,0.04437084759892888,0.36692009026380573,0.09604407059954655,0.31669594191069234
global_0430,global,0.08985872590395495,0.011697164827485547,0.4373505218660362,0.07264601135366489,0.38844757604885843
global_0431,global,0.006541572762743611,0.37629692374130563,0.24484440781146424,0.12032891643058688,0.2519881792538997
global_0432,global,0.16579278823871088,0.04768633645286216,0.35761849410968577,0.39123265998679385,0.037669721211947366
global_0433,global,0.22706013413330622,0.3829121174657018,0.025002510769195747,0.05558377088184416,0.30944146674995204
global_0434,global,0.06587584328831737,0.15593319986298423,0.35041311051740426,0.4036362155121316,0.024141630819162627
global_0435,global,0.26802611351302297,0.10534769571165596,0.04139742684164309,0.03043275805542731,0.5547960058782507
global_0436,global,0.6323062080256328,0.016694076478746725,0.10431400017554279,0.08361077843726654,0.1630749368828112
global_0437,global,0.12182749532226289,0.09945753317672051,0.2943648974371038,0.0923987196775894,0.3919513543863234
global_0438,global,0.4382862095633396,0.07826459225480872,0.22442572547713013,0.09229829382440705,0.1667251788803146
global_0439,global,0.3402701780645768,0.10764441805214679,0.023412582722700897,0.40947462669503526,0.1191981944655402
global_0440,global,0.10210395319466262,0.06321683186684005,0.0739116173651949,0.7203950926640241,0.040372504909278246
global_0441,global,0.03304484188417014,0.46285108386576096,0.0023119669592291544,0.459837251427662,0.04195485586317786
global_0442,global,0.17040175177616262,0.2012713195118493,0.050946376097294466,0.19566897934782262,0.38171157326687094
global_0443,global,0.48378452204816397,0.06342973273714574,0.039969810922306545,0.1315536827260334,0.2812622515663504
global_0444,global,0.45868433112862156,0.011043443126919288,0.2871732296145785,0.05815387731972015,0.18494511881016046
global_0445,global,0.17229806078188784,0.14601294067779247,0.035846395359896116,0.34073237584682425,0.3051102273335994
global_0446,global,0.14674603302767916,0.19160044436949655,0.6219503695670843,0.01913961575614772,0.020563537279592377
global_0447,global,0.5807915546311506,0.21938257999437558,0.0070105307798543235,0.06968526727839075,0.12313006731622865
global_0448,global,0.31722174281210896,0.09901718848564076,0.28970234102135284,0.07702178832876347,0.2170369393521339
global_0449,global,0.20792269758947346,0.6192392073725823,0.0014039723699727062,0.03523332971880216,0.13620079294916954
global_0450,global,0.24520445013235842,0.1848762628453963,0.42347681336833576,0.10346704389903802,0.04297542975487139
global_0451,global,0.43862595983179803,0.05829379213609228,0.18401094445572796,0.24988765182250527,0.0691816517538765
global_0452,global,0.26051999638150436,0.052125984418275866,0.17373103786827987,0.4216645322476766,0.09195844908426325
global_0453,global,0.10346213531227824,0.021885914421647834,0.14804258267885104,0.13349291261270307,0.5931164549745198
global_0454,global,0.24012490506589393,0.07383915158664207,0.17902227689286085,0.09679163774544437,0.4102220287091588
global_0455,global,0.06605984298432337,0.2401290331155645,0.13922624758907304,0.2386809666869858,0.3159039096240532
global_0456,global,0.10445104949609231,0.7268642988904976,0.01506209683672792,0.12897811997030192,0.024644434806380358
global_0457,global,0.6452881728907173,0.035526192589139784,0.10501215074390834,0.0245854159671874,0.18958806780904722
global_0458,global,0.0884494534583844,0.3871933701589896,0.10565061538923042,0.21014046267997644,0.20856609831341932
global_0459,global,0.008738469595721084,0.036968893926514715,0.2024058150976973,0.5884752818206044,0.16341153955946244
global_0460,global,0.08795608760053801,0.05906999600295982,0.709461878005463,0.04270981794820847,0.10080222044283069
global_0461,global,0.05390006699392852,0.0149267163363073,0.36328711000026753,0.0037684818660704885,0.5641176248034262
global_0462,global,0.014302428107591515,0.3030172302384428,0.060970386064683586,0.006607195155914073,0.615102760433368
global_0463,global,0.3490274757348668,0.01759058466620801,0.23669755921334237,0.2715331723857963,0.12515120799978666
global_0464,global,0.4834803480161501,0.23563104311580246,0.10826669712264582,0.042543685691549885,0.13007822605385172
global_0465,global,0.114510189603771,0.09801920462353712,0.15496925764477223,0.3232069301217325,0.3092944180061872
global_0466,global,0.0217441975865702,0.24166093060299554,0.3290229481397094,0.23760031284670302,0.16997161082402187
global_0467,global,0.17391939836337356,0.003994680319849324,0.1877792547385367,0.24346110072498,0.39084556585326025
global_0468,global,0.21386310970409064,0.049302589642715486,0.14875977988890557,0.237735922345442,0.35033859841884624
global_0469,global,0.006836275715655431,0.6570055112625576,0.03373906910041536,0.04599374283934777,0.256425401082024
global_0470,global,0.13671101912155312,0.5821782662367154,0.09335834041886246,0.17229222812774397,0.01546014609512487
global_0471,global,0.07248034660552609,0.4224877243746508,0.09973967108186066,0.03240309291912645,0.3728891650188359
global_0472,global,0.22486513537800226,0.2789366343299649,0.005440074136463941,0.35477182347367586,0.13598633268189295
global_0473,global,0.2986493046553967,0.010433421154445179,0.1405630012795612,0.38734962287244384,0.1630046500381532
global_0474,global,0.007422502965858897,0.022423191597549092,0.041385155966461175,0.0384787275709791,0.8902904218991518
global_0475,global,0.39100025269256733,0.106970476543281,0.4132777454007428,0.0435110322992827,0.0452404930641262
global_0476,global,0.5392047828204292,0.015080404381835902,0.1883365682178915,0.1835053372310779,0.07387290734876557
global_0477,global,0.3537463735193428,0.09578196151298114,0.22402249689806217,0.008676900034431938,0.31777226803518194
global_0478,global,0.22070671921591534,0.14512085649352086,0.368056131895764,0.1732339264133335,0.09288236598146621
global_0479,global,0.016422391411254456,0.7387315071826349,0.02779598970191263,0.15647959124241753,0.060570520461780686
global_0480,global,0.27395188133735593,0.356766829964914,0.0129082883742697,0.005612475054143502,0.35076052526931695
global_0481,global,0.25464046711560856,0.26419242422005706,0.06927278236153742,0.20335851018897308,0.20853581611382385
global_0482,global,0.5608290065756684,0.09023101943745773,0.2453737112565629,0.0782983282341663,0.025267934496144718
global_0483,global,0.26706691708659175,0.5767045795836125,0.051031813674495996,0.06119124078997899,0.044005448865320596
global_0484,global,0.14346845567285807,0.12033335200085847,0.6049186003426439,0.03788408604469849,0.09339550593894085
global_0485,global,0.08837571998747817,0.07836047641905745,0.1505787082190523,0.15899588938535092,0.523689205989061
global_0486,global,0.3228472341711871,0.05509123816526331,0.05877991364605433,0.2691108599474848,0.2941707540700105
global_0487,global,0.03422920885420788,0.01858295978235482,0.4451817114217808,0.1540371024644475,0.34796901747720904
global_0488,global,0.7852234388478687,0.002110606483338863,0.013801291280478443,0.16868310981870757,0.03018155356960649
global_0489,global,0.03441615711867866,0.3237430468126041,0.08130659658953647,0.5600518610856532,0.0004823383935275386
global_0490,global,0.2312523841183872,0.23139076776541112,0.10590750249918734,0.09378628142676607,0.33766306419024844
global_0491,global,0.0202772303178039,0.014432780959574162,0.44367855647705445,0.10080078522826834,0.4208106470172991
global_0492,global,0.042647761246962415,0.30852745171933055,0.04022515746138159,0.11015590229154479,0.49844372728078074
global_0493,global,0.0561617368934546,0.14199116590593283,0.48678173132703906,0.16544418299399377,0.1496211828795797
global_0494,global,0.045481202227276606,0.14147706506968385,0.4115382842160972,0.00026487974556208574,0.4012385687413801
global_0495,global,0.16680253698527947,0.28467912952751495,0.12252041285987594,0.1741785094639493,0.25181941116338025
global_0496,global,0.4239924848150693,0.22363954181615492,0.04165310386903854,0.3050026783655045,0.005712191134232759
global_0497,global,0.10717352366653059,0.4757089049169314,0.17422560165443635,0.23346464775523865,0.009427322006863147
global_0498,global,0.14634876505213082,0.08624130875957092,0.06479702437002069,0.11764917723195445,0.5849637245863231
global_0499,global,0.3540733434195643,0.20419175263734984,0.3046871847087628,0.09549617864235076,0.04155154059197237
global_0500,global,0.08200448117395656,0.012306585846815193,0.295191801770968,0.5769914566662712,0.0335056745419893
global_0501,global,0.43084164091904437,0.2523776460823266,0.22680609373790914,0.041694882961117605,0.04827973629960227
global_0502,global,0.270124171213817,0.17452856464270258,0.19554646333261122,0.05383732111294827,0.3059634796979208
global_0503,global,0.051139807575733255,0.05184857005982518,0.3237563770496182,0.5372170493845086,0.036038195930314904
global_0504,global,0.17037867297558923,0.009982512230364275,0.3351121825585197,0.17199826050170575,0.312528371733821
global_0505,global,0.0620700262325911,0.17117726866941882,0.4101074165112846,0.10194932902351667,0.2546959595631889
global_0506,global,0.15964008757657125,0.014934140240860636,0.06481170127829508,0.05689712806406313,0.7037169428402098
global_0507,global,0.08701508868681239,0.2893994534881169,0.06699248499970481,0.019581183365776512,0.5370117894595895
global_0508,global,0.12664676787164683,0.07104985431147287,0.5192047056545976,0.23182143913842332,0.051277233023859316
global_0509,global,0.1773396171085885,0.37202397499551504,0.3343133926147181,0.0019219253141157567,0.11440108996706258
global_0510,global,0.0968939365410246,0.5554652865872304,0.04028552426433027,0.14652950053929592,0.16082575206811886
global_0511,global,0.4290817167334159,0.24372680868679006,0.05104678675096685,0.2162832932526845,0.05986139457614262
global_0512,global,0.0038619745552498923,0.49334416105001044,0.2760371167476079,0.19969185806479733,0.027064889582334342
global_0513,global,0.22739619332927144,0.03794046316934835,0.3494582447216444,0.10955243683370589,0.27565266194602994
global_0514,global,0.17973411697818253,0.35270413034394493,0.08219824987522757,0.2220471663790623,0.16331633642358281
global_0515,global,0.15044069696064838,0.07656826537348389,0.21264120187839006,0.43777538823195455,0.12257444755552324
global_0516,global,0.083904483068892,0.019357745692116932,0.195206435165592,0.2408572184810208,0.46067411759237836
global_0517,global,0.401135837012462,0.44751998818462185,0.004244354641802713,0.09940144001230146,0.04769838014881201
global_0518,global,0.32853935474186424,0.39348523641109984,0.17889390521850768,0.034292832558263035,0.06478867107026522
global_0519,global,0.1107306463586523,0.007329558086388323,0.24662270094678942,0.11708866911421652,0.5182284254939534
global_0520,global,0.23829804110081276,0.030569123252855733,0.1543403452653723,0.320001655507113,0.2567908348738462
global_0521,global,0.2902963843732928,0.18260050128990354,0.24177328922778787,0.05571618254464794,0.22961364256436798
global_0522,global,0.08706533237099648,0.5391961063281626,0.10884737798722159,0.09178572780061395,0.17310545551300538
global_0523,global,0.2985564754114685,0.12528366520438217,0.24253314895247718,0.3091088915575018,0.024517818874170243
global_0524,global,0.20246373338101975,0.09364445402976644,0.48510550991256873,0.20551351489150407,0.013272787785140946
global_0525,global,0.03705622021300667,0.2771291053259269,0.005429112120997794,0.01950754683003851,0.6608780155100302
global_0526,global,0.22625269803098289,0.024611390413194115,0.3047443092055031,0.3801784323761129,0.06421316997420702
global_0527,global,0.2823262962523247,0.03963020952686943,0.35465415702484104,0.14443950497055588,0.178949832225409
global_0528,global,0.01435583699164288,0.28420443919335003,0.3418881208681956,0.3052324329176108,0.05431917002920081
global_0529,global,0.11203686540301948,0.5155759081547784,0.016910215616787065,0.06478371227152493,0.2906932985538903
global_0530,global,0.15683447721606456,0.14957412385361638,0.0820522801385782,0.12165748406948339,0.48988163472225743
global_0531,global,0.016392071040581165,0.061822677915433166,0.2099635325246331,0.5589912091840308,0.15283050933532183
global_0532,global,0.4227177248789038,0.3571322380217659,0.08778458203597855,0.08331191705553143,0.04905353800782042
global_0533,global,0.4939770775744142,0.2691457875116261,0.07815889823820872,0.07164314348389345,0.08707509319185754
global_0534,global,0.196836024563766,0.4656781099014016,0.03981893207221907,0.20245373703014802,0.09521319643246522
global_0535,global,0.024213898562192682,0.299623267220223,0.11421751048899752,0.45178982413505575,0.11015549959353095
global_0536,global,0.2704462376444384,0.12742745067372024,0.04963892958752619,0.458906249197972,0.09358113289634325
global_0537,global,0.29389028908794096,0.1574708171001016,0.14498679915698784,0.132620619480798,0.2710314751741716
global_0538,global,0.05182708005721806,0.07892931000639948,0.4976913116027848,0.33157414117532125,0.03997815715827624
global_0539,global,0.07864017997253189,0.049239645769941345,0.39158649540822693,0.11507444870196401,0.36545923014733583
global_0540,global,0.010712148749502895,0.30202919017592883,0.5371926521462098,0.03771350365324423,0.11235250527511426
global_0541,global,0.19873011140963995,0.0883449490692825,0.3887365820307951,0.07799385140662173,0.24619450608366084
global_0542,global,0.15479818058509587,0.0743836102569173,0.19732310934155278,0.31304364991646166,0.2604514498999723
global_0543,global,0.13511961413315812,0.14752889310555453,0.29177556297675755,0.2591725508226862,0.16640337896184346
global_0544,global,0.06923879776488233,0.0588886454702154,0.39021197179982375,0.04313870924379462,0.4385218757212839
global_0545,global,0.20826666215635598,0.20166544137138911,0.004532587726805277,0.546830685069026,0.038704623676423515
global_0546,global,0.10346796190153125,0.10772294693644309,0.19504645462908327,0.2589055331004579,0.3348571034324844
global_0547,global,0.09294648456327631,0.2782100948667141,0.04007285419318603,0.4005543574364302,0.1882162089403934
global_0548,global,0.4182732748966346,0.4331717292264415,0.02117811381931839,0.0890358780121307,0.0383410040454748
global_0549,global,0.2169341616830897,0.032868070566154504,0.0702029181125855,0.15485650560947622,0.5251383440286942
global_0550,global,0.5199337810816063,0.3048003822783281,0.03809499724587058,0.12275791600459598,0.014412923389598955
global_0551,global,0.6585832916629699,0.10723729535177487,0.11270037689291319,0.038038449833896794,0.0834405862584452
global_0552,global,0.28443846220921865,0.17663335700114374,0.21410459254144573,0.019134521454594672,0.3056890667935973
global_0553,global,0.2792872233841096,0.20284667890889738,0.2974390153524322,0.06077558980278452,0.15965149255177621
global_0554,global,0.08881643695564398,0.33599270838323797,0.14476496541797043,0.2661437443090555,0.16428214493409213
global_0555,global,0.17564228929035636,0.12138165958752152,0.1376941320304422,0.02398492526168418,0.5412969938299956
global_0556,global,0.2969476625420899,0.059642378472089044,0.4328478416212162,0.10962091157123212,0.10094120579337279
global_0557,global,0.3847231792890556,0.26886253296887597,0.1350628800746988,0.15180320061272545,0.05954820705464422
global_0558,global,0.0288198596176988,0.35595097525924385,0.06552606918071714,0.26233577304364886,0.2873673228986913
global_0559,global,0.3510672231804608,0.07608147990063462,0.2979910407306118,0.22649916625671548,0.04836108993157751
global_0560,global,0.08318944354267215,0.5480034089870303,0.07337875241417197,0.1508864609191914,0.14454193413693436
global_0561,global,0.16852910037109817,0.14871252297768983,0.19772136329166834,0.2866683999909074,0.19836861336863623
global_0562,global,0.5824071011974877,0.07106976069889208,0.010677413536832934,0.3207726730511397,0.0150730515156474
global_0563,global,0.0316579549641335,0.2672139441876467,0.5378263546074649,0.050085509059468826,0.11321623718128601
global_0564,global,0.2369793962118959,0.47278080891771657,0.039287170516229736,0.12526077245455314,0.12569185189960466
global_0565,global,0.04664109659715818,0.1407426890235118,0.01704999475886884,0.1633266593451948,0.6322395602752663
global_0566,global,0.02590011499918,0.1924892857160977,0.7120946158686279,0.010563456669980839,0.058952526746113544
global_0567,global,0.11150590887551524,0.17004539569618007,0.07106937690450715,0.39014428414995045,0.257235034373847
global_0568,global,0.3132237650385901,0.26024839638973035,0.14634475293481608,0.1777804001014392,0.10240268553542418
global_0569,global,0.17776458954959767,0.2358789722624243,0.1696608530738863,0.23074307677173214,0.1859525083423596
global_0570,global,0.3196178567978404,0.25260315073136,0.17482693594578247,0.21869345049715894,0.034258606027858136
global_0571,global,0.12541311953673362,0.5645080237241129,0.03091888567064144,0.057247816429351346,0.22191215463916075
global_0572,global,0.0817658307973315,0.39969548152882867,0.03742629009581246,0.09532464980486481,0.3857877477731626
global_0573,global,0.1799760741855865,0.2474091756373569,0.29583921168429084,0.15009756333414237,0.12667797515862356
global_0574,global,0.24699858452727472,0.0281619824528548,0.6185754648619537,0.10184282318558811,0.0044211449723286726
global_0575,global,0.18208999711401794,0.09370864657715088,0.09923764473207425,0.5215959810209413,0.10336773055581562
global_0576,global,0.19871929212176204,0.1949608952471645,0.06318741734677916,0.4256706717612409,0.11746172352305338
global_0577,global,0.015142065519717727,0.01697471596964266,0.11233041307491408,0.5627928669239878,0.2927599385117377
global_0578,global,0.31719784925669636,0.23947074367333493,0.002073091683578512,0.3787770778468535,0.062481237539536626
global_0579,global,0.22204875095824567,0.3831754466597741,0.011295372320155565,0.11440235087925862,0.2690780791825662
global_0580,global,0.004636134940934014,0.5325531525543712,0.016834716237228344,0.3530930340902016,0.0928829621772647
global_0581,global,0.10796054919133016,0.5768859403171994,0.06172243648559266,0.15776936180121628,0.09566171220466137
global_0582,global,0.15061422282457318,0.1704329893778902,0.2822948878310812,0.3163917356904693,0.08026616427598605
global_0583,global,0.08022916836218384,0.1952799783723064,0.08990009159609655,0.05024399270192609,0.5843467689674873
global_0584,global,0.44911938071101337,0.23448388342623389,0.20109578698439612,0.10838816672744143,0.006912782150915053
global_0585,global,0.07546925834207475,0.1366514338842678,0.16332949093603552,0.36771992663859054,0.2568298901990315
global_0586,global,0.12421375531071513,0.44310642276649964,0.3148172321710773,0.018414657842104033,0.09944793190960396
global_0587,global,0.11984411859180537,0.4582915306124524,0.050007768730918174,0.3681258048973777,0.0037307771674462984
global_0588,global,0.16375980157331116,0.09074303109076946,0.22955080637888292,0.4323998286149125,0.08354653234212402
global_0589,global,0.18051716226458,0.13384416320248763,0.24028820253391622,0.12698730962391264,0.3183631623751036
global_0590,global,0.15725671439215663,0.10299586617891399,0.24031427044826104,0.177758184457066,0.3216749645236023
global_0591,global,0.006887832327647715,0.6242952165338228,0.2357238192020534,0.10103247660402065,0.032060655332455425
global_0592,global,0.42490361298716256,0.1716547611773936,0.26613763967822235,0.05508647359152286,0.08221751256569858
global_0593,global,0.16562915595055253,0.15153528986397702,0.4495122399624804,0.052072187515822335,0.18125112670716748
global_0594,global,0.04758042328519195,0.30122055035997675,0.14410492821550042,0.044436573269103115,0.46265752487022777
global_0595,global,0.05481923628143663,0.14619587667381076,0.23257803520312229,0.35692562592939464,0.20948122591223547
global_0596,global,0.29753962451240423,0.40738357200790776,0.19704910162758782,0.032740167379112346,0.06528753447298775
global_0597,global,0.061001171376995,0.35169526571504417,0.11325993349953226,0.219532354733429,0.25451127467499957
global_0598,global,0.04633576305313469,0.041151222472777915,0.4588596305939346,0.39628261296367623,0.057370770916476695
global_0599,global,0.6643337138220389,0.02467660358761606,0.30475279373280156,0.0025771476254447447,0.0036597412320988434
global_0600,global,0.37187822614818405,0.14036545484619362,0.14583711761755913,0.07904658346399585,0.26287261792406735
global_0601,global,0.13210294614828047,0.2632806180710212,0.05613224049993048,0.22582120957093232,0.3226629857098356
global_0602,global,0.08612073818975796,0.21414149366920662,0.37479330524105436,0.11766986782160821,0.2072745950783728
global_0603,global,0.14152474095121162,0.00926091329363232,0.6938639087912405,0.06924669659181339,0.08610374037210225
global_0604,global,0.013051701312348852,0.04261165971077855,0.5053995432437537,0.02588230526724991,0.41305479046586896
global_0605,global,0.031510158074044156,0.23416743236290455,0.35603032371299975,0.2764661596518797,0.10182592619817185
global_0606,global,0.06270354238058934,0.5461251501133626,0.2081648144756612,0.11972160268520081,0.06328489034518602
global_0607,global,0.15717341706434154,0.11803673077337816,0.4644390145877376,0.14712393070058785,0.11322690687395476
global_0608,global,0.012619168546362431,0.048888671672178724,0.08817141332491174,0.8266628139442872,0.023657932512259918
global_0609,global,0.2185600212225665,0.4004751454439954,0.1516349959571026,0.2232168236915032,0.006113013684832467
global_0610,global,0.10749707522836176,0.07802868245089147,0.020684210878062874,0.3511294772751056,0.4426605541675785
global_0611,global,0.16353533570627007,0.2045887121315471,0.15949340507811807,0.3079891365340504,0.1643934105500141
global_0612,global,0.12393589430636583,0.20022174052783814,0.3066205625153538,0.01656882758853096,0.3526529750619112
global_0613,global,0.18534160497622523,0.1156058159831223,0.13646145457292988,0.3869692344333068,0.17562189003441578
global_0614,global,0.2579865938199619,0.18933521927071761,0.09296167117931269,0.375095384258033,0.08462113147197482
global_0615,global,0.2702330188687867,0.011032774045814238,0.028818970210070356,0.24690897357733088,0.44300626329799775
global_0616,global,0.0358858520931379,0.10574304466210016,0.25637159853535785,0.13324115807581652,0.4687583466335875
global_0617,global,0.6724291308795504,0.04619494907322084,0.22118022953048408,0.0031591529020218076,0.05703653761472284
global_0618,global,0.20742615844261536,0.3084071319263727,0.10774904602861457,0.22251002197165026,0.15390764163074722
global_0619,global,0.02555144566893586,0.05574784861251274,0.011104042542882888,0.6148699585985296,0.2927267045771389
global_0620,global,0.03993115108810119,0.4487590363996574,0.06860670071755018,0.4146270077355877,0.02807610405910358
global_0621,global,0.1610685151575711,0.056071908786061976,0.20560946263725297,0.024273783170931398,0.5529763302481825
global_0622,global,0.0637014563768992,0.004300365678007812,0.47637279605914273,0.08811201595021721,0.3675133659357329
global_0623,global,0.2890541079000133,0.02467039790649556,0.06745931083196781,0.4136131933467065,0.20520299001481676
global_0624,global,0.02544436835842513,0.1853752767598055,0.2747540901135377,0.1582079405572045,0.3562183242110271
global_0625,global,0.2638338064626176,0.3673211070785421,0.056705748996811585,0.027689666815801733,0.2844496706462271
global_0626,global,0.23825740879767374,0.3117515982971301,0.29724974161432693,0.07017960367795517,0.08256164761291392
global_0627,global,0.0065272127763538745,0.2562795645573192,0.00426624759478744,0.22620295655824973,0.5067240185132897
global_0628,global,0.029864986162216733,0.326336633023315,0.2732273832490286,0.03544859364496806,0.33512240392047166
global_0629,global,0.1678075030008571,0.2416304042912617,0.3852411163554636,0.15638603032077175,0.048934946031646005
global_0630,global,0.46114672171316173,0.1538300473626203,0.12393124845513166,0.25619587948184724,0.004896102987239042
global_0631,global,0.28560728518806133,0.3102366598524813,0.2581984665205067,0.08541601036707151,0.06054157807187926
global_0632,global,0.3708539694696384,0.2992008112251999,0.1347974585338898,0.172042138313144,0.023105622458127757
global_0633,global,0.09942000436029313,0.27742289545296556,0.023854584578862865,0.4456076788333459,0.15369483677453244
global_0634,global,0.44186320385704,0.1137850404388474,0.07052583107357177,0.18056295093911692,0.19326297369142406
global_0635,global,0.09882690012464043,0.10110598195745606,0.07389230336455918,0.33249469987914754,0.3936801146741968
global_0636,global,0.17420641888266347,0.36380778372528766,0.044696381153194076,0.02946596208216972,0.38782345415668507
global_0637,global,0.5303582568237466,0.18327073329275956,0.07648465132109931,0.060555522047671506,0.14933083651472304
global_0638,global,0.2137776007858454,0.2692862990908774,0.09257320902591254,0.13453268320037434,0.28983020789699016
global_0639,global,0.0647425382387915,0.022464357140059614,0.15988144262778556,0.13700786848894653,0.6159037935044169
global_0640,global,0.4503307673773617,0.3753760336344782,0.012762778523373413,0.12109602301105606,0.04043439745373059
global_0641,global,0.07410204992221031,0.06549856501414851,0.4208817419806769,0.24618312592160527,0.19333451716135902
global_0642,global,0.504834150345845,0.07905588212070912,0.08840506562283229,0.2502455221810365,0.07745937972957717
global_0643,global,0.29605808870629924,0.09141350995206396,0.2566937422423441,0.16314581306156417,0.19268884603772843
global_0644,global,0.06142017625360597,0.4657700038135934,0.16855660254505092,0.2985159128144006,0.005737304573349054
global_0645,global,0.19562677023688477,0.11161104820935337,0.43507145898272337,0.23973248389164473,0.01795823867939383
global_0646,global,0.5404933043677171,0.04747941127884492,0.07377989406149567,0.2975612448861551,0.0406861454057872
global_0647,global,0.12579097553780638,0.43080468478501777,0.043611104083917884,0.3391327087648525,0.0606605268284054
global_0648,global,0.25539676710459547,0.07643858565286625,0.06467324599654409,0.26087955589733564,0.3426118453486587
global_0649,global,0.07890389025348418,0.1503115230941924,0.18455595261975807,0.3030335064235052,0.2831951276090603
global_0650,global,0.05686741740835356,0.37271876052446024,0.14855839841290797,0.29023939315500125,0.13161603049927695
global_0651,global,0.4713103597891843,0.044177702123383795,0.2338516335649788,0.11697224354798517,0.13368806097446786
global_0652,global,0.41692864864172374,0.008068358495455182,0.09739798837188897,0.30073746264252194,0.1768675418484103
global_0653,global,0.08635607638930377,0.03662346470084265,0.31430830513486885,0.0811631954577937,0.4815489583171911
global_0654,global,0.13771038095244711,0.062451915157710036,0.22333325268441923,0.08509027566469309,0.4914141755407304
global_0655,global,0.1147933004305759,0.027032451153162874,0.08829637793894216,0.03192220694077783,0.7379556635365413
global_0656,global,0.10798440341694814,0.3653084125018765,0.26751293887201794,0.21042921561264322,0.04876502959651424
global_0657,global,0.031048890621077078,0.04508006881646074,0.00712888775152015,0.5387120246761405,0.3780301281348016
global_0658,global,0.0976330554038362,0.0863855123025639,0.229933625136668,0.5004567839270953,0.08559102322983664
global_0659,global,0.04898769376423517,0.2848923113224402,0.15544101296206952,0.3896518008437546,0.12102718110750067
global_0660,global,0.01762143959452406,0.0947989785185801,0.2704826700217418,0.22534887592251873,0.3917480359426354
global_0661,global,0.038379098380449415,0.07189257601760449,0.051074850847999995,0.6468346700263359,0.19181880472761015
global_0662,global,0.1192059060442166,0.11258933779322104,0.29935941457675164,0.0361142245913731,0.4327311169944377
global_0663,global,0.09806217765650622,0.10782033136453874,0.4606568151099108,0.310448777769693,0.023011898099351353
global_0664,global,0.12468479609125292,0.13299706380489576,0.002096484936459671,0.1775130648408661,0.5627085903265255
global_0665,global,0.3615613449194195,0.23332415503376408,0.09687119987328284,0.21808504014946933,0.0901582600240642
global_0666,global,0.0777077695521957,0.4268423203962515,0.03149980442563928,0.06393146064708778,0.4000186449788258
global_0667,global,0.2245137574289468,0.12534038341469317,0.2765777636122472,0.17235652334781185,0.20121157219630098
global_0668,global,0.11135792959096662,0.2704668017925399,0.09798438430255374,0.4199855326894447,0.10020535162449508
global_0669,global,0.054052465802713605,0.005708967031083131,0.19666405350626726,0.24164640350881494,0.501928110151121
global_0670,global,0.03636202531789624,0.04896212988850935,0.8753731707311672,0.03634590065267296,0.0029567734097544272
global_0671,global,0.1416152937650319,0.5949594590047697,0.08363777998686289,0.054263932353459075,0.12552353488987641
global_0672,global,0.1423729012455468,0.29222331630028675,0.1322611679428112,0.30540476273034667,0.12773785178100863
global_0673,global,0.2765746948075895,0.05386885941999879,0.008191591841755438,0.5312948752116434,0.13006997871901282
global_0674,global,0.06924060993130014,0.289059912759322,0.19266073713034745,0.0909731004986615,0.35806563968036886
global_0675,global,0.0660125980723633,0.015842367362863072,0.0978232072240835,0.05149446716727812,0.768827360173412
global_0676,global,0.0062242205018203075,0.26772975124984427,0.1361180566639805,0.088617167027518,0.5013108045568369
global_0677,global,0.11543994596355625,0.4504897961674754,0.03006400920489192,0.2850764382430693,0.11892981042100706
global_0678,global,0.022153538366388874,0.02757924206024831,0.7542710987425519,0.14597339377348859,0.05002272705732237
global_0679,global,0.10323108761451817,0.27174262122697734,0.07844429576027835,0.35911412557317796,0.18746786982504818
global_0680,global,0.051769261955570516,0.5393192196818597,0.360533223269522,0.00554380250134018,0.042834492591707775
global_0681,global,0.09619039868797094,0.43882430183682347,0.018084463392443306,0.29024708332813154,0.15665375275463078
global_0682,global,0.03215399177581791,0.009190085281163283,0.08962475255435136,0.4085122477114564,0.46051892267721106
global_0683,global,0.2509444827621426,0.11770190838436304,0.16065668396379806,0.3892515699426385,0.08144535494705775
global_0684,global,0.543499051929757,0.3888674232416731,0.01486392613837478,0.01482564509328731,0.03794395359690784
global_0685,global,0.02072556091452936,0.08387368207144033,0.6677745393683844,0.1566863843952443,0.07093983325040155
global_0686,global,0.40258827303742434,0.1827972574885358,0.32539836922241205,0.07115690246168904,0.018059197789938808
global_0687,global,0.001248980904360955,0.46501586614183715,0.3420414197550368,0.12175810158468459,0.0699356316140803
global_0688,global,0.2843405542145691,0.1613370092220029,0.040056409708308545,0.4691410925477343,0.0451249343073853
global_0689,global,0.11169524359472029,0.5600905982009535,0.04699979767981288,0.2510065193294594,0.03020784119505383
global_0690,global,0.18172472497280037,0.2409287448491262,0.23845895130398753,0.3115543558504513,0.02733322302363474
global_0691,global,0.19322453208966697,0.34239445272529,0.01668676424831799,0.3722568400993396,0.07543741083738546
global_0692,global,0.14689295887368517,0.10663508981753236,0.13925190565659668,0.2976727244491689,0.30954732120301676
global_0693,global,0.3109072053037696,0.007300535800078744,0.09163317027515941,0.37912175875387943,0.2110373298671128
global_0694,global,0.21181381826095025,0.11591544688061359,0.034236556381707285,0.33670336165319303,0.30133081682353585
global_0695,global,0.08589173416208677,0.13726344464921894,0.14689157360037203,0.28869050120203193,0.34126274638629045
global_0696,global,0.08019144454760399,0.41740148761406304,0.04305129894746711,0.11224045207816742,0.34711531681269847
global_0697,global,0.0012409385645131038,0.2857209077307202,0.014296413228565237,0.6461261191418319,0.052615621334369554
global_0698,global,0.019625620121224242,0.1757645185472263,0.4700846702145887,0.016741861008309072,0.31778333010865173
global_0699,global,0.005655157390255186,0.40769805965841893,0.42565870840260156,0.06756345646134805,0.09342461808737622
global_0700,global,0.24602629580282956,0.03985535152952459,0.21448556745497807,0.2166501613965433,0.2829826238161245
global_0701,global,0.04985419862315637,0.09968068556860157,0.5232812575287785,0.27206555684402567,0.055118301435437764
global_0702,global,0.13709189348012413,0.4827768988542837,0.06513211927171468,0.21467813615330616,0.10032095224057139
global_0703,global,0.24454206230656042,0.23194026630984885,0.1481347536541286,0.10189615138631364,0.2734867663431485
global_0704,global,0.1925297788664374,0.19524715420758898,0.4023170629023656,0.12020488185892753,0.0897011221646806
global_0705,global,0.015047647833104664,0.5515250124198693,0.15034128236468575,0.013517413427312346,0.26956864395502794
global_0706,global,0.20171986808627598,0.1925852692717911,0.525919629657669,0.03397559226532709,0.045799640718936586
global_0707,global,0.2506035262814507,0.3106101309077878,0.15066858508176595,0.011360022158283842,0.27675773557071176
global_0708,global,0.33267233367269383,0.013968535548785797,0.03983509257043936,0.35849279108443655,0.2550312471236445
global_0709,global,0.3186605472583786,0.13298773697522107,0.005647072260148408,0.05248998073440673,0.4902146627718452
global_0710,global,0.5722481150890559,0.24223999919405828,0.06619694147887023,0.013595517054825831,0.10571942718318997
global_0711,global,0.06982964586976831,0.09735731068183602,0.04411560964465583,0.015379568386169848,0.77331786541757
global_0712,global,0.2555793044332659,0.04351390709008276,0.3883868865084648,0.21552416605097283,0.0969957359172138
global_0713,global,0.2099915002826783,0.018759829997191786,0.0068818267724097175,0.2899818081018478,0.4743850348458724
global_0714,global,0.13996176180239167,0.05331122314842159,0.32928957959834015,0.1338101883152557,0.3436272471355909
global_0715,global,0.1366327053421101,0.1789793423625255,0.4329585805677715,0.18229436939707078,0.06913500233052212
global_0716,global,0.008958612287234845,0.09137514301585953,0.15574462076468495,0.15030682640352178,0.593614797528699
global_0717,global,0.02803125230951794,0.4509365657286681,0.08006729124692898,0.15919266796633857,0.2817722227485466
global_0718,global,0.0688682317900443,0.050126625233136296,0.16027277594750666,0.3533544626728005,0.36737790435651213
global_0719,global,0.026649793885418143,0.1898435193160009,0.4231579672070711,0.14801241836157872,0.21233630122993108
global_0720,global,0.11613879229750242,0.18197539458831274,0.3705303672832319,0.2803272339237969,0.05102821190715614
global_0721,global,0.553861106647423,0.12988925991716904,0.051156541154242105,0.2614568748333755,0.003636217447790597
global_0722,global,0.35275731087807144,0.029595961045759827,0.17367986887367629,0.24084052061180894,0.20312633859068355
global_0723,global,0.3396859607238918,0.014792171110708621,0.30412316360631275,0.08322339437748918,0.2581753101815976
global_0724,global,0.008459599623165613,0.1627952784974155,0.5171702028926212,0.0882306327120364,0.22334428627476152
global_0725,global,0.43514483530765635,0.016359545140439965,0.003931294203981632,0.2435948703156513,0.3009694550322706
global_0726,global,0.029152574984452777,0.4433315944683662,0.07358265216944157,0.20302261180790993,0.2509105665698297
global_0727,global,0.09326660330079546,0.4586148866258197,0.15202452696245136,0.061208977896104695,0.23488500521482883
global_0728,global,0.03710548296522351,0.6462240432585084,0.012194159525729128,0.03782885961654195,0.26664745463399714
global_0729,global,0.014799571716622039,0.2706498292395559,0.26316886724228084,0.4432016460633575,0.008180085738183638
global_0730,global,0.12179964442393369,0.23202364298596814,0.004500674347438142,0.5234480249431441,0.11822801329951589
global_0731,global,0.2617601732264895,0.03191107978224155,0.18080077154084231,0.13684739818391906,0.3886805772665076
global_0732,global,0.36016858060867274,0.2548437603552266,0.006558105687916488,0.20621344858937382,0.17221610475881022
global_0733,global,0.10549816326299662,0.27120475649208375,0.29233181805777847,0.2612398162760145,0.06972544591112663
global_0734,global,0.17694395910599914,0.3784514824654284,0.3017608167313201,0.04829995784328986,0.09454378385396245
global_0735,global,0.38810265990844406,0.047465407498178694,0.0007899801778476584,0.1794220527222487,0.3842198996932809
global_0736,global,0.30930044615361607,0.2792621168409703,0.1378234098662945,0.22499887344866865,0.048615153690450386
global_0737,global,0.46879873304030406,0.15539329936475493,0.08684281789068812,0.08165855685225867,0.20730659285199415
global_0738,global,0.039012172052079505,0.05409036106680291,0.659591520083074,0.24047697026994908,0.00682897652809467
global_0739,global,0.19960727204800405,0.1075977436145779,0.11381938817847184,0.5407027012445051,0.038272894914441045
global_0740,global,0.061399180616531324,0.07727415818953798,0.06467889487858307,0.20319626706192528,0.5934514992534222
global_0741,global,0.17580001438459766,0.03914941505648211,0.16054761511478327,0.15311405862310715,0.4713888968210297
global_0742,global,0.20013847063602366,0.4751497741043476,0.1854151487780446,0.099739626211931,0.039556980269653125
global_0743,global,0.06438696664784695,0.1284435314294834,0.012064632903658565,0.32263331672300416,0.47247155229600696
global_0744,global,0.2965609882395064,0.3614152505948852,0.04476883307398241,0.05966072147289885,0.23759420661872713
global_0745,global,0.2506831719778717,0.1916730455119101,0.1310206467549461,0.2103340330247205,0.21628910273055144
global_0746,global,0.05690713034241485,0.02585638006307372,0.6776291725947644,0.1922074825685265,0.0473998344312205
global_0747,global,0.6281135827246201,0.07528629099419534,0.2864106999791197,0.0060527043942224384,0.0041367219078422305
global_0748,global,0.07266632651631985,0.015687420705548343,0.7013157316481967,0.09844763945942307,0.11188288167051198
global_0749,global,0.07627389334408387,0.029122332584927222,0.34565844891110187,0.06726338358126,0.481681941578627
global_0750,global,0.24024363190737325,0.5795645233119396,0.024001594397639634,0.08337662100888804,0.07281362937415953
global_0751,global,0.24135982725548738,0.17849080199528689,0.13831864800936275,0.4076097199039118,0.03422100283595124
global_0752,global,0.10632873809552139,0.012134432642052464,0.5202001641292365,0.3041985312847283,0.05713813384846121
global_0753,global,0.266207507452097,0.14034491060068785,0.025587167731137513,0.4771517898766104,0.09070862433946734
global_0754,global,0.13415137438964195,0.0004937668960440553,0.24453801741186285,0.11403770466663238,0.5067791366358187
global_0755,global,0.05946443326584777,0.4689780579891927,0.26877666499991065,0.09573081837823537,0.10705002536681338
global_0756,global,0.07772274443703317,0.1152131979226641,0.45821514555069565,0.16532558069584333,0.18352333139376373
global_0757,global,0.0016366077192257475,0.38548839523478357,0.3771653294516848,0.026839144934663956,0.208870522659642
global_0758,global,0.19515805753567342,0.4284212479106659,0.19827242825833116,0.15722749413742956,0.020920772157900173
global_0759,global,0.2764817558957505,0.06084738835967815,0.062417512326563854,0.40117624649060674,0.1990770969274007
global_0760,global,0.19189696304389128,0.03497231722790784,0.08110954045588437,0.5600779127792395,0.13194326649307697
global_0761,global,0.21835093440599643,0.3764122874408082,0.11989235028990153,0.1836216938877536,0.10172273397554048
global_0762,global,0.13466144622874726,0.5844354777940177,0.08426883896070898,0.19050855624011234,0.006125680776413775
global_0763,global,0.19279032628892429,0.1772802362836109,0.3590202286272802,0.057625395079956634,0.21328381372022806
global_0764,global,0.06628820887133273,0.033665427826247055,0.6979370214794383,0.17340176306727953,0.0287075787557025
global_0765,global,0.19613031633386066,0.10592918991965126,0.00866632700290918,0.5928192011380041,0.0964549656055749
global_0766,global,0.10036031610531354,0.16852405716846222,0.40003427542371595,0.016031560396050405,0.3150497909064579
global_0767,global,0.21707465003085366,0.3392695012804971,0.2478127035123147,0.12549347586083845,0.07034966931549604
global_0768,global,0.02728659816488359,0.24450226422834034,0.16973116030452506,0.2297218404115723,0.3287581368906787
global_0769,global,0.1153324182780547,0.49983828458751284,0.06321655036237338,0.29761954547183844,0.023993201300220725
global_0770,global,0.10706395365178849,0.25824041145864696,0.3792121356754483,0.09634843331759115,0.15913506589652485
global_0771,global,0.006038600106017711,0.29239657421132137,0.15452704326495229,0.13641219095311627,0.4106255914645923
global_0772,global,0.2826750898816966,0.36258831024061483,0.039906688315704195,0.2733436075428379,0.041486304019146575
global_0773,global,0.25256708713571563,0.6362626954578662,0.013257455909641797,0.06174662802704509,0.03616613346973131
global_0774,global,0.5162496761380118,0.32284843189564827,0.06468613072511079,0.06450726139621979,0.031708499845009244
global_0775,global,0.13011898067282032,0.09436814449118355,0.22423393191876537,0.1039297676663068,0.44734917525092405
global_0776,global,0.3010535133999793,0.22393755505367197,0.04817302753193255,0.10206540665987474,0.3247704973545414
global_0777,global,0.20261348745472987,0.03992392900002203,0.08518865204504839,0.31993402986284086,0.3523399016373588
global_0778,global,0.22679110549741932,0.1655724248158574,0.09745108735050141,0.3632641693692112,0.14692121296701066
global_0779,global,0.23444561980485856,0.11718082870035508,0.05698361813524847,0.0127608473339416,0.5786290860255965
global_0780,global,0.39504932695044576,0.15183395853446482,0.15299441344131331,0.038947687612038706,0.2611746134617374
global_0781,global,0.2290542211603662,0.024326713226986398,0.2476268354363509,0.4458660180687358,0.053126212107560675
global_0782,global,0.05874732989671092,0.27087428185465734,0.0405092052357462,0.4150658942507111,0.21480328876217442
global_0783,global,0.23796538823860094,0.31845173436882745,0.10777964337153377,0.24655917236439384,0.08924406165664396
global_0784,global,0.05500571373552169,0.41835076971864876,0.31864988635892155,0.10317139832490278,0.10482223186200523
global_0785,global,0.2007570834383922,0.3378567910500619,0.3274477002477545,0.02955630823962739,0.1043821170241639
global_0786,global,0.04497970015419763,0.34794658231474496,0.23411328642611878,0.05289300090270331,0.32006743020223516
global_0787,global,0.01567445904596558,0.11473039152337595,0.6658869013624327,0.03793893014263878,0.16576931792558702
global_0788,global,0.2452221937443579,0.42653348851221035,0.06621495282285013,0.038103142136505175,0.22392622278407648
global_0789,global,0.02799650891625423,0.0739445823567856,0.06535980693587709,0.2891520232057814,0.5435470785853016
global_0790,global,0.14231892034526572,0.08444422066705007,0.3818967843894931,0.23641180841369536,0.15492826618449557
global_0791,global,0.682313792012991,0.041505057898444615,0.1833886603294431,0.0478729239913577,0.044919565767763514
global_0792,global,0.5408057251195311,0.09661703465753431,0.21890099399134538,0.07414539967650638,0.06953084655508292
global_0793,global,0.057220775970404564,0.5135579468532135,0.03032871973653666,0.14254486709285047,0.2563476903469948
global_0794,global,0.45659412172314473,0.07465208184133905,0.00402456746016117,0.14424781999031477,0.3204814089850402
global_0795,global,0.11349329261871159,0.336512303572116,0.20557778073765592,0.04859322682647889,0.2958233962450377
global_0796,global,0.40878848127004175,0.21267192154071593,0.018082961396765032,0.34041651502723486,0.02004012076524238
global_0797,global,0.03221772116909892,0.07675065727774726,0.6094592239072074,0.11117425657894235,0.1703981410670041
global_0798,global,0.04846236908810739,0.4395852146989342,0.10779228108018658,0.39946633440414375,0.004693800728627981
global_0799,global,0.03316936055996193,0.3351798863636956,0.18885172520803442,0.2977006870556853,0.14509834081262263
global_0800,global,0.014982705729594181,0.16658848005529314,0.15757691935480078,0.343884524531473,0.316967370328839
global_0801,global,0.18512623744478787,0.09982517941254054,0.5204858052768826,0.1893515056781936,0.005211272187595469
global_0802,global,0.07768612832907194,0.43171385183832356,0.045138235281421184,0.06724319486260771,0.3782185896885755
global_0803,global,0.05109243979596044,0.1977320329373145,0.04114291522736169,0.01128033944330025,0.698752272596063
global_0804,global,0.18592592955900336,0.3959690773820301,0.16237548614993674,0.2046050432638243,0.05112446364520534
global_0805,global,0.010972667748746194,0.17002310874417031,0.22846110095671845,0.08567273207676654,0.5048703904735984
global_0806,global,0.006726896460043105,0.7150845925287451,0.03711061147767138,0.0038725927750574147,0.23720530675848284
global_0807,global,0.07210087425699688,0.2364675423075851,0.04935127166947058,0.22108211864398175,0.4209981931219655
global_0808,global,0.12687875105780094,0.22196425532588906,0.3199719690000522,0.02362756032587068,0.30755746429038694
global_0809,global,0.05722854369112533,0.14001725557136227,0.23854580142702633,0.04414467579071962,0.5200637235197665
global_0810,global,0.6441641393747504,0.1354204466641,0.04102319098063131,0.10226307443398491,0.07712914854653342
global_0811,global,0.29298635680642526,0.16282013421308777,0.14400002707948736,0.07067373176722659,0.3295197501337731
global_0812,global,0.009866925721237197,0.02562368033188298,0.22177851985004957,0.01582262354515546,0.7269082505516749
global_0813,global,0.39924153918350186,0.006186951252873261,0.2912488610727851,0.023454476074128736,0.27986817241671114
global_0814,global,0.5036222138026281,0.004142536069947516,0.2527347310312201,5.896051387297716e-05,0.23944155858233127
global_0815,global,0.15547429869428692,0.20742775659222668,0.5148732883108359,0.05601960675063414,0.06620504965201628
global_0816,global,0.06950389777911212,0.09684950523128294,0.2953880358119753,0.16692855720788874,0.371330003969741
global_0817,global,0.40189377650680336,0.32463515293932643,0.017396575686719606,0.18369574360349467,0.07237875126365591
global_0818,global,0.12644801547462267,0.022525009592756436,0.5468328540363728,0.2144181551486274,0.0897759657476206
global_0819,global,0.07886902933931646,0.13305832244582208,0.398274089139276,0.17987724190801346,0.20992131716757198
global_0820,global,0.16862222814127287,0.5313340196338958,0.18803602075266665,0.05904996110033863,0.05295777037182602
global_0821,global,0.004951777988471659,0.17387675071381173,0.08202080363906272,0.07213437530776062,0.6670162923508932
global_0822,global,0.20730086573251155,0.04732093974066588,0.27295728963165306,0.4225708015746546,0.04985010332051485
global_0823,global,0.008269035847720638,0.12814238196284514,0.00646949204214855,0.7821353574295622,0.07498373271772352
global_0824,global,0.232276414497145,0.5527285153869987,0.05937303735402111,0.11882979146445934,0.03679224129737583
global_0825,global,0.14936898491569947,0.059467738136024205,0.30085780417262625,0.12893457632235134,0.3613708964532988
global_0826,global,0.5050437122204526,0.0863398540466756,0.07860216845738607,0.28101891997901385,0.04899534529647176
global_0827,global,0.001361770917879041,0.2404799398175897,0.0012255580105138691,0.5159099759816922,0.2410227552723252
global_0828,global,0.6315824608035415,0.06191109417771035,0.04562852543249725,0.14322115085000783,0.11765676873624312
global_0829,global,0.12115745400453351,0.42502471707709727,0.20836405551617831,0.026398021626405352,0.21905575177578562
global_0830,global,0.23359771812108254,0.20241599483547904,0.04226575550526713,0.450322693271641,0.0713978382665304
global_0831,global,0.19650963838527805,0.2670597082313063,0.42468345029071203,0.10705469385863248,0.004692509234070929
global_0832,global,0.07899677599933462,0.3330074148426731,0.2706819292703744,0.014914996612507796,0.30239888327511
global_0833,global,0.03338779405852263,0.4884499830179322,0.11477772784987592,0.28572684209748106,0.0776576529761884
global_0834,global,0.1400263759741074,0.007137102811178938,0.2583878478050625,0.05381759816837737,0.5406310752412737
global_0835,global,0.21252541519693058,0.026526179935415128,0.5098074928649647,0.07344940811390048,0.17769150388878888
global_0836,global,0.2127091980808334,0.14424436853966843,0.36748300272342094,0.1368336250972725,0.13872980555880463
global_0837,global,0.14514795907779446,0.09988331302323199,0.3706974994513558,0.20493866130611096,0.17933256714150683
global_0838,global,0.08066684401017046,0.15938668059791694,0.23022959253358083,0.19198006284290797,0.33773682001542377
global_0839,global,0.031222085547317695,0.15127782203702045,0.5828544116740924,0.2197213410233445,0.014924339718225007
global_0840,global,0.48770909687540803,0.050417189087389555,0.044895811560440625,0.3633373151956706,0.05364058728109121
global_0841,global,0.1904029855244825,0.13391390128159814,0.27691674724565835,0.21444740446421975,0.18431896148404128
global_0842,global,0.3859051076941602,0.11388513367720428,0.07608377172738162,0.36138698043458306,0.06273900646667095
global_0843,global,0.26537042415434586,0.1568012767572883,0.0893287050700958,0.02550347378398662,0.46299612023428344
global_0844,global,0.016033679387897903,0.12227596746400515,0.08964336878855317,0.6158129785867081,0.1562340057728354
global_0845,global,0.03714203861057865,0.08367075677444143,0.7088676155628636,0.04722536653135089,0.12309422252076553
global_0846,global,0.18185368058068271,0.0021775690584771145,0.23326586904872817,0.32218654228922355,0.26051633902288834
global_0847,global,0.26295455733716866,0.1945717027602393,0.030299425356928682,0.38107001635026744,0.13110429819539599
global_0848,global,0.17174500452513677,0.4147265897392417,0.10655464346960777,0.057057506634365325,0.2499162556316484
global_0849,global,0.08844931216326965,0.08496641164481793,0.1183049233357161,0.6506746675342118,0.057604685321984615
global_0850,global,0.41688431177700874,0.3232362300793988,0.04606525056261479,0.18380738840498856,0.030006819175989234
global_0851,global,0.09166542919646559,0.15263370232876192,0.6147326368726763,0.11746494608710782,0.02350328551498834
global_0852,global,0.06910214758872166,0.19490009231975736,0.09796928313527711,0.4404932828979127,0.19753519405833123
global_0853,global,0.04840941814331145,0.14232440870258586,0.07003333471213237,0.6420206811730743,0.09721215726889594
global_0854,global,0.11268223538122545,0.04060196200009701,0.19866095130218359,0.6412089440287415,0.006845907287752549
global_0855,global,0.09746529466706667,0.34536057278732835,0.06230988822279324,0.15969512914581335,0.3351691151769985
global_0856,global,0.6467378808015181,0.01726974268234458,0.04192405289005938,0.19912741229685385,0.0949409113292241
global_0857,global,0.04887597184475476,0.1258802795064063,0.6690296672208663,0.027203370850882196,0.12901071057709035
global_0858,global,0.012465846236285943,0.004394764458206887,0.29801281667644125,0.47764555173248036,0.20748102089658566
global_0859,global,0.3297277129061375,0.1879451078476892,0.29132598544858135,0.01272172351732855,0.17827947028026336
global_0860,global,0.5497246581976444,0.13920287653837154,0.19833829122812582,0.014774390162651304,0.09795978387320717
global_0861,global,0.6394262713467682,0.01420533209114585,0.04561633097131341,0.07272685505722047,0.22802521053355213
global_0862,global,0.18466986699865295,0.36829454075348095,0.03344171964976782,0.21708369908265726,0.19651017351544095
global_0863,global,0.27373211485204646,0.04231430408847168,0.06803171853364776,0.010603558343509826,0.6053183041823244
global_0864,global,0.035141160780955645,0.003350267672848031,0.4252886638491958,0.11165268793431479,0.4245672197626859
global_0865,global,0.21400229481167973,0.1980391358885857,0.22410451069229842,0.3389760153915392,0.024878043215896914
global_0866,global,0.13973470951720435,0.35859139777507,0.16958200742362428,0.31656053727553923,0.015531348008561931
global_0867,global,0.16650755805526996,0.18241195902578844,0.03658048443638643,0.026233974760079624,0.5882660237224754
global_0868,global,0.7266402552762716,0.013282829813807507,0.06879189976933921,0.09568606610278936,0.09559894903779227
global_0869,global,0.0022487241958405626,0.23179591168765945,0.3569498412700153,0.3910472860270179,0.017958236819466806
global_0870,global,0.09270301176918681,0.04167736359111011,0.10242086354137085,0.30925049764793083,0.45394826345040146
global_0871,global,0.06881537924859521,0.07107422796436547,0.18608826372714551,0.2875514842931952,0.3864706447666985
global_0872,global,0.09119934238152995,0.41356535663021865,0.02042794713647376,0.3148763174494271,0.15993103640235048
global_0873,global,0.12547691138660103,0.015129534518962299,0.00931686443231321,0.44147829258886945,0.408598397073254
global_0874,global,0.12551143348592084,0.3655770958897807,0.032981737788422616,0.04046111000459104,0.4354686228312848
global_0875,global,0.21251736428062515,0.01737821299742271,0.06658406458275552,0.25640286877450646,0.44711748936469026
global_0876,global,0.21868068075459626,0.07657700936041692,0.09111530293699126,0.5172446170099207,0.09638238993807495
global_0877,global,0.05484396839743879,0.13818592168082228,0.4093686154199072,0.03131159866551286,0.3662898958363189
global_0878,global,0.12073453670349538,0.1379113198607395,0.38226833328455245,0.27481863260811495,0.0842671775430977
global_0879,global,0.053540369753094376,0.3438875809397016,0.050396311601493896,0.33296123577995196,0.21921450192575803
global_0880,global,0.13063971364756913,0.4698133813522972,0.06304908157485434,0.21649211119470754,0.12000571223057176
global_0881,global,0.03100803003124992,0.46355005049071996,0.030389046089696305,0.11939020527297205,0.3556626681153617
global_0882,global,0.0036245770156313156,0.2544620530590747,0.1414293092465834,0.025726472155661637,0.5747575885230489
global_0883,global,0.3762032188553876,0.05300098595958489,0.12410832609693888,0.31183812412443823,0.13484934496365034
global_0884,global,0.5815293681729093,0.25929350301561693,0.004261350405611155,0.032677838786565196,0.12223793961929742
global_0885,global,0.24649920657032434,0.26835926253981524,0.22677386092963348,0.07433216598337333,0.18403550397685367
global_0886,global,0.17749091048790816,0.1597061868703916,0.011459071180380233,0.3377741746752475,0.3135696567860726
global_0887,global,0.0601428473054543,0.0021394101735228545,0.45186694897315094,0.04947088089806067,0.4363799126498113
global_0888,global,0.15328588629764503,0.12433473136159992,0.10146514085678572,0.08159253978929328,0.5393217016946761
global_0889,global,0.24268789737146879,0.16876679825165233,0.13740713313889763,0.1310788814012514,0.3200592898367298
global_0890,global,0.19680320867794507,0.21758888534709772,0.14438377448416867,0.24953201424968705,0.1916921172411015
global_0891,global,0.16893507310138262,0.0038649416423203937,0.10484862297388119,0.21107140608131572,0.5112799562011
global_0892,global,0.28468663984396725,0.2638021396915078,0.33271353315221985,0.010634093443950677,0.10816359386835454
global_0893,global,0.22701767629407055,0.21129399858592413,0.23678189587315712,0.22347223349507103,0.1014341957517772
global_0894,global,0.03242038842173872,0.21223603793151724,0.003384338680926534,0.6832236779346722,0.06873555703114519
global_0895,global,0.08581511523771931,0.21648753066001114,0.3302000899998093,0.1728043894500053,0.19469287465245497
global_0896,global,0.21425948787451102,0.19251717185747352,0.1299889567037823,0.11649651474385676,0.3467378688203764
global_0897,global,0.0165216541252288,0.21855302511813063,0.25533680959801747,0.28877642078896626,0.22081209036965704
global_0898,global,0.04159045759346153,0.18792328430889682,0.39389762119718474,0.30888841907452497,0.06770021782593193
global_0899,global,0.3601239029493249,0.09726573590004665,0.08202232154993644,0.15159749511560455,0.30899054448508745
global_0900,global,0.136929657391427,0.08743237834922708,0.21302539855381492,0.15697092867299858,0.4056416370325324
global_0901,global,0.12982828522464873,0.19631292858455643,0.04245359649192047,0.6307261205004918,0.0006790691983824177
global_0902,global,0.07806025862120593,0.42954275643069534,0.15734958855561937,0.08552407640067317,0.2495233199918062
global_0903,global,0.26864883971528825,0.16349037769855262,0.071600380203447,0.3889320523586532,0.10732835002405894
global_0904,global,0.6898837424896364,0.005075885626110766,0.033308570452818216,0.10880595347655962,0.16292584795487502
global_0905,global,0.27635896113672237,0.04227358051676422,0.2635244960390679,0.2420177468429806,0.17582521546446492
global_0906,global,0.32137912751602304,0.10100717675638711,0.05052727450364683,0.3570114278334594,0.17007499339048365
global_0907,global,0.1467406823776862,0.23388145572202634,0.2746372687610545,0.0117147228843583,0.33302587025487457
global_0908,global,0.008674207968975677,0.09709654172096518,0.07242270931251509,0.16456161932363073,0.6572449216739132
global_0909,global,0.016935593009274552,0.2569635392786584,0.3488418055608515,0.26988130770419744,0.10737775444701823
global_0910,global,0.03321316497289164,0.5677730691256035,0.08787026119089646,0.04378282754885903,0.26736067716174916
global_0911,global,0.30829786116039254,0.023941783997679506,0.2388746219692547,0.26502351857686973,0.16386221429580358
global_0912,global,0.12314816411365877,0.12136349537096916,0.2339297903373894,0.029960711720432652,0.4915978384575499
global_0913,global,0.015716352520259783,0.9223643768186776,0.0005023923762177792,0.020868159315388813,0.0405487189694561
global_0914,global,0.126849218142556,0.3148348030796397,0.5383434503255198,0.01192183557586623,0.008050692876418195
global_0915,global,0.12352121145017732,0.4579500754081137,0.07417852179561424,0.16632680234104047,0.1780233890050543
global_0916,global,0.27393241995187767,0.07750819411240496,0.22434128415653756,0.2830872141082927,0.14113088767088705
global_0917,global,0.03615827310024054,0.006083271799088597,0.13199733540194664,0.1701141717718855,0.6556469479268388
global_0918,global,0.09559669515803894,0.38859383531895914,0.2311282755086925,0.1397987687916365,0.14488242522267292
global_0919,global,0.4821052289359215,0.023443923302861526,0.3207237505300489,0.12359301288432603,0.050134084346841974
global_0920,global,0.021868887242963996,0.0604174449969677,0.06300496639931373,0.70179680235753,0.1529118990032247
global_0921,global,0.2560374586397724,0.16127012112294117,0.37601329903298575,0.2017464856406743,0.004932635563626358
global_0922,global,0.03486862458287875,0.05659278587019156,0.3216479164370411,0.38899061041855715,0.1979000626913316
global_0923,global,0.46740205276433144,0.010220278222072615,0.23897953692348417,0.23562801543073017,0.047770116659381655
global_0924,global,0.0600505396767723,0.1450765338453066,0.36044377711089776,0.21293410176808558,0.2214950475989377
global_0925,global,0.10870696896149705,0.3433368782826013,0.40921157188442003,0.06616961391186592,0.07257496695961571
global_0926,global,0.3694526012818791,0.15989434797982813,0.262851577078667,0.019309032264051427,0.18849244139557442
global_0927,global,0.030093408006754488,0.6541335196345346,0.05400502422451692,0.20172272537609282,0.06004532275810133
global_0928,global,0.07775583855386209,0.09524687124675826,0.4402397470705035,0.03285120744204556,0.3539063356868307
global_0929,global,0.2754357050538155,0.4020841110094152,0.26597734755475266,0.04501740832435271,0.011485428057664079
global_0930,global,0.010260178916104392,0.1084062254175128,0.04345785636111102,0.21775841468380133,0.6201173246214704
global_0931,global,0.41083407822298024,0.13297522537569068,0.1552296129699259,0.017313967505498885,0.2836471159259042
global_0932,global,0.1675296916495271,0.23099602275277184,0.43636854887600196,0.07993027914476762,0.08517545757693148
global_0933,global,0.3604388504868359,0.09579537937455043,0.2578423444829536,0.20221425542318108,0.08370917023247908
global_0934,global,0.15418738025332948,0.05433865669907135,0.3439800072175582,0.404309815120958,0.04318414070908313
global_0935,global,0.30972208628548303,0.21805790185429505,0.08321959051670545,0.17482256519397976,0.2141778561495367
global_0936,global,0.06609327832677679,0.4329415062428436,0.27403306148226103,0.15319416977171252,0.07373798417640606
global_0937,global,0.0051729968486801,0.35295135892721585,0.03585503426712852,0.26080219570034313,0.3452184142566324
global_0938,global,0.06048485367009331,0.48690849267114955,0.08712123534055212,0.21720605118328293,0.1482793671349221
global_0939,global,0.18249817407594301,0.06416162357057922,0.4502574583319933,0.21745545717659906,0.08562728684488531
global_0940,global,0.10534559943295374,0.8149534492373796,0.04700333140166701,0.011311559059369942,0.02138606086862984
global_0941,global,0.33734422121698054,0.08558687428506723,0.16110819630044873,0.08305166733969277,0.33290904085781076
global_0942,global,0.5787996598870496,0.09373618217096964,0.01755023449583753,0.1649942365280114,0.1449196869181319
global_0943,global,0.6566743817597672,0.15097906834147398,0.001538418959799486,0.1761140682173535,0.014694062721605939
global_0944,global,0.04947699973538067,0.24697552955977561,0.3353302104404266,0.03455317877400386,0.3336640814904132
global_0945,global,0.007565822900866189,0.13563275069369835,0.012472109153259676,0.13228504190686693,0.7120442753453088
global_0946,global,0.14407144101404357,0.31086272615518895,0.1140218191930834,0.017479042770582695,0.41356497086710126
global_0947,global,0.07509273691225332,0.16278192137918449,0.15122084060936672,0.2578755039291206,0.3530289971700748
global_0948,global,0.11276408280118361,0.031798344612327015,0.2285865019397651,0.2378420535145892,0.389009017132135
global_0949,global,0.061848771743521096,0.35506743141823727,0.00869212622494774,0.25858569333584613,0.3158059772774479
global_0950,global,0.0011469949536816128,0.2536309077475522,0.24531946691891074,0.48800647342145503,0.011896156958400518
global_0951,global,0.08720578072919997,0.12187963692720408,0.2940855584739487,0.029480415725535614,0.46734860814411155
global_0952,global,0.12810858422216018,0.2156515865971458,0.1558941837595192,0.2590480419084406,0.24129760351273413
global_0953,global,0.23094332962232586,0.2749580108475902,0.27549505844623684,0.19232282518134927,0.026280775902497895
global_0954,global,0.07031250477589492,0.19113804552124158,0.010010809024985492,0.15878344061536975,0.5697552000625083
global_0955,global,0.027722026680566243,0.09428507117538537,0.22615013281873808,0.14012319295945955,0.5117195763658507
global_0956,global,0.1427089232246578,0.14707309002880117,0.2922217463625794,0.04973844254924502,0.36825779783471657
global_0957,global,0.4903172720716273,0.30900250777050603,0.05414283028210324,0.1123683984514545,0.03416899142430888
global_0958,global,0.05336016189651829,0.3074005212775647,0.09028965139871394,0.29037648118372217,0.25857318424348114
global_0959,global,0.29997582755574814,0.3879730652263999,0.10134653043946704,0.1939875113052463,0.016717065473138674
global_0960,global,0.005824400153902842,0.2663993447025616,0.003078207693857429,0.5820992533355008,0.14259879411417725
global_0961,global,0.32002412181013745,0.011784333854623612,0.2189793703122294,0.3332555176428125,0.11595665638019706
global_0962,global,0.7649543554106962,0.003843039271232758,0.035168052199334235,0.0012557761141969155,0.19477877700453985
global_0963,global,0.26373767605983284,0.07936826138666889,0.0451142220332734,0.15750935725485174,0.4542704832653733
global_0964,global,0.5101918524713467,0.19525322803257422,0.15798518081537452,0.03148840112881501,0.10508133755188942
global_0965,global,0.13017868559458293,0.1376690841114915,0.01929243067597397,0.5524649125652644,0.16039488705268726
global_0966,global,0.11982364568966307,0.10929384959560837,0.3956441436537759,0.29285159295394203,0.08238676810701068
global_0967,global,0.34904925110502194,0.0801922771193371,0.18583199300892586,0.1068385843693274,0.2780878943973877
global_0968,global,0.010063368278766457,0.6985305952767129,0.010218445080121858,0.08636970025092265,0.19481789111347617
global_0969,global,0.12410540797060325,0.05589413648455709,0.6308358066696421,0.06341743207834456,0.1257472167968531
global_0970,global,0.09375195053877297,0.3851648036313137,0.2228403749704931,0.07328283669068694,0.22496003416873325
global_0971,global,0.03280440581309798,0.4081784388647,0.09935565460621282,0.3060642017773689,0.15359729893862004
global_0972,global,0.2872409868316452,0.3368737209456833,0.13779448438677502,0.03607459306028221,0.20201621477561416
global_0973,global,0.2866120046402373,0.41969244460383304,0.0788760341201644,0.1352500251387603,0.07956949149700503
global_0974,global,0.07488917735282408,0.30174574687639294,0.03658667453505892,0.20555261591132815,0.38122578532439605
global_0975,global,0.021458034333881895,0.039200756453305965,0.4810474340689396,0.338818597270232,0.11947517787364041
global_0976,global,0.08571722621487508,0.19023526288735879,0.45404754434459854,0.093163792288887,0.17683617426428058
global_0977,global,0.05313439733215775,0.33364027836880933,0.26762291829148355,0.24647806130514974,0.09912434470239975
global_0978,global,0.2525775774914015,0.2677726533626774,0.41146584757008536,0.05072352823502551,0.017460393340810287
global_0979,global,0.10255919333566729,0.17167245707339576,0.11000021068167254,0.2625196747216645,0.3532484641875999
global_0980,global,0.17475446796002145,0.1456052257806598,0.21835420108950923,0.3002722972586545,0.16101380791115513
global_0981,global,0.30392971789888495,0.15615426077716954,0.3427641823360548,0.13746147407941622,0.059690364908474534
global_0982,global,0.010110374980822866,0.07029397931066347,0.3081196044587908,0.028608704667706875,0.582867336582016
global_0983,global,0.39097702967041353,0.2771379244300637,0.015051393672659659,0.06310382848247593,0.253729823744387
global_0984,global,0.15649439637306417,0.027670864069568608,0.38578565260269176,0.340220654154413,0.08982843280026245
global_0985,global,0.45968610790369496,0.05759455225144646,0.2388481105203004,0.05107635081557464,0.19279487850898347
global_0986,global,0.11606470480663744,0.1148548559795311,0.016916858632950203,0.07135074792514547,0.6808128326557358
global_0987,global,0.08980359308458725,0.42020536251367546,0.27997162302480133,0.008961821503688972,0.20105759987324698
global_0988,global,0.04092315208741993,0.14425681079611397,0.08913623433042105,0.6562157490251145,0.06946805376093065
global_0989,global,0.09736039121863507,0.14186130052960086,0.41495546025874125,0.056124088650946174,0.28969875934207673
global_0990,global,0.05049610501647203,0.10440419688497601,0.014936478624824464,0.7409145245836031,0.08924869489012452
global_0991,global,0.24444962589396324,0.18010460346123372,0.1038990676165817,0.13670309466745859,0.33484360836076277
global_0992,global,0.42008816460948906,0.20201521077592619,0.20743803336502847,0.02033739203357766,0.15012119921597858
global_0993,global,0.08664877230810983,0.03722004991006852,0.5600092804170425,0.1477599696201163,0.16836192774466296
global_0994,global,0.21299853999060236,0.13242102893292662,0.1691185523096822,0.2646649535593943,0.22079692520739452
global_0995,global,0.2648973668284941,0.04500660117630319,0.3592772811638479,0.06321508733189388,0.26760366349946096
global_0996,global,0.20637259554760026,0.24818509957247856,0.07080620969762051,0.10588893420541129,0.3687471609768893
global_0997,global,0.26716308784357873,0.19027821408588186,0.38069498425541637,0.018099611672495117,0.14376410214262791
global_0998,global,0.2990783565973697,0.3360596042480824,0.14078718072312446,0.015187637937946146,0.20888722049347724
global_0999,global,0.013917040569665485,0.07076611616511297,0.1578916106002742,0.07069150569503987,0.6867337269699073
