scene_id,split,entry_polygon_id,exit_polygon_id,movement_id,maneuver_type,valid_assigned_count,percentage_of_valid_assigned,observed,first_five_evidence_trajectory_ids,recording_coverage_count,recording_coverage_ids,first_start_frame,last_end_frame,protocol_version
bellevue_116th_ne12th,target_estimation,A,F,bellevue_116th_ne12th:A>F,right,4,0.608828006088,True,bellevue_116th_ne12th:124122|bellevue_116th_ne12th:14937|bellevue_116th_ne12th:30333|bellevue_116th_ne12th:4700,2,Bellevue_116th_NE12th__2017-09-10_19-08-25|Bellevue_116th_NE12th__2017-09-10_22-08-50,8423,65014,future-transportation-polygon-reference-v1
bellevue_116th_ne12th,target_estimation,A,G,bellevue_116th_ne12th:A>G,straight,73,11.1111111111,True,bellevue_116th_ne12th:100251|bellevue_116th_ne12th:100739|bellevue_116th_ne12th:10224|bellevue_116th_ne12th:103105|bellevue_116th_ne12th:106507,5,Bellevue_116th_NE12th__2017-09-10_19-08-25|Bellevue_116th_NE12th__2017-09-10_20-09-12|Bellevue_116th_NE12th__2017-09-10_21-08-54|Bellevue_116th_NE12th__2017-09-10_22-08-50|Bellevue_116th_NE12th__2017-09-10_23-08-29,0,103953,future-transportation-polygon-reference-v1
bellevue_116th_ne12th,target_estimation,A,H,bellevue_116th_ne12th:A>H,left,11,1.67427701674,True,bellevue_116th_ne12th:117473|bellevue_116th_ne12th:151179|bellevue_116th_ne12th:15668|bellevue_116th_ne12th:21931|bellevue_116th_ne12th:26755,4,Bellevue_116th_NE12th__2017-09-10_19-08-25|Bellevue_116th_NE12th__2017-09-10_20-09-12|Bellevue_116th_NE12th__2017-09-10_21-08-54|Bellevue_116th_NE12th__2017-09-10_23-08-29,8169,88988,future-transportation-polygon-reference-v1
bellevue_116th_ne12th,target_estimation,B,G,bellevue_116th_ne12th:B>G,right,0,0,False,,0,,,,future-transportation-polygon-reference-v1
bellevue_116th_ne12th,target_estimation,B,H,bellevue_116th_ne12th:B>H,straight,207,31.5068493151,True,bellevue_116th_ne12th:10173|bellevue_116th_ne12th:10232|bellevue_116th_ne12th:10289|bellevue_116th_ne12th:103479|bellevue_116th_ne12th:104130,5,Bellevue_116th_NE12th__2017-09-10_19-08-25|Bellevue_116th_NE12th__2017-09-10_20-09-12|Bellevue_116th_NE12th__2017-09-10_21-08-54|Bellevue_116th_NE12th__2017-09-10_22-08-50|Bellevue_116th_NE12th__2017-09-10_23-08-29,0,106404,future-transportation-polygon-reference-v1
bellevue_116th_ne12th,target_estimation,B,E,bellevue_116th_ne12th:B>E,left,0,0,False,,0,,,,future-transportation-polygon-reference-v1
bellevue_116th_ne12th,target_estimation,C,H,bellevue_116th_ne12th:C>H,right,4,0.608828006088,True,bellevue_116th_ne12th:109585|bellevue_116th_ne12th:18142|bellevue_116th_ne12th:18881|bellevue_116th_ne12th:8049,2,Bellevue_116th_NE12th__2017-09-10_19-08-25|Bellevue_116th_NE12th__2017-09-10_21-08-54,18668,67419,future-transportation-polygon-reference-v1
bellevue_116th_ne12th,target_estimation,C,E,bellevue_116th_ne12th:C>E,straight,66,10.0456621005,True,bellevue_116th_ne12th:100909|bellevue_116th_ne12th:10389|bellevue_116th_ne12th:10414|bellevue_116th_ne12th:104933|bellevue_116th_ne12th:106247,5,Bellevue_116th_NE12th__2017-09-10_19-08-25|Bellevue_116th_NE12th__2017-09-10_20-09-12|Bellevue_116th_NE12th__2017-09-10_21-08-54|Bellevue_116th_NE12th__2017-09-10_22-08-50|Bellevue_116th_NE12th__2017-09-10_23-08-29,981,105940,future-transportation-polygon-reference-v1
bellevue_116th_ne12th,target_estimation,C,F,bellevue_116th_ne12th:C>F,left,0,0,False,,0,,,,future-transportation-polygon-reference-v1
bellevue_116th_ne12th,target_estimation,D,E,bellevue_116th_ne12th:D>E,right,6,0.913242009132,True,bellevue_116th_ne12th:17439|bellevue_116th_ne12th:1806|bellevue_116th_ne12th:34368|bellevue_116th_ne12th:38235|bellevue_116th_ne12th:899,1,Bellevue_116th_NE12th__2017-09-10_19-08-25,3021,81762,future-transportation-polygon-reference-v1
bellevue_116th_ne12th,target_estimation,D,F,bellevue_116th_ne12th:D>F,straight,247,37.595129376,True,bellevue_116th_ne12th:101268|bellevue_116th_ne12th:101679|bellevue_116th_ne12th:10312|bellevue_116th_ne12th:10326|bellevue_116th_ne12th:10333,5,Bellevue_116th_NE12th__2017-09-10_19-08-25|Bellevue_116th_NE12th__2017-09-10_20-09-12|Bellevue_116th_NE12th__2017-09-10_21-08-54|Bellevue_116th_NE12th__2017-09-10_22-08-50|Bellevue_116th_NE12th__2017-09-10_23-08-29,949,105291,future-transportation-polygon-reference-v1
bellevue_116th_ne12th,target_estimation,D,G,bellevue_116th_ne12th:D>G,left,39,5.93607305936,True,bellevue_116th_ne12th:10341|bellevue_116th_ne12th:110143|bellevue_116th_ne12th:110750|bellevue_116th_ne12th:111587|bellevue_116th_ne12th:115,4,Bellevue_116th_NE12th__2017-09-10_19-08-25|Bellevue_116th_NE12th__2017-09-10_20-09-12|Bellevue_116th_NE12th__2017-09-10_21-08-54|Bellevue_116th_NE12th__2017-09-10_23-08-29,572,101311,future-transportation-polygon-reference-v1
bellevue_150th_newport,target_estimation,A,F,bellevue_150th_newport:A>F,right,15,0.644606789858,True,bellevue_150th_newport:152592|bellevue_150th_newport:198871|bellevue_150th_newport:271378|bellevue_150th_newport:299795|bellevue_150th_newport:346010,7,Bellevue_150th_Newport__2017-09-10_18-08-24|Bellevue_150th_Newport__2017-09-10_19-08-24|Bellevue_150th_Newport__2017-09-10_20-08-25|Bellevue_150th_Newport__2017-09-10_22-08-28|Bellevue_150th_Newport__2017-09-11_05-08-29|Bellevue_150th_Newport__2017-09-11_06-08-30|Bellevue_150th_Newport__2017-09-11_07-08-31,2464,103059,future-transportation-polygon-reference-v1
bellevue_150th_newport,target_estimation,A,G,bellevue_150th_newport:A>G,straight,540,23.2058444349,True,bellevue_150th_newport:102718|bellevue_150th_newport:103596|bellevue_150th_newport:104464|bellevue_150th_newport:106225|bellevue_150th_newport:108385,9,Bellevue_150th_Newport__2017-09-10_18-08-24|Bellevue_150th_Newport__2017-09-10_19-08-24|Bellevue_150th_Newport__2017-09-10_20-08-25|Bellevue_150th_Newport__2017-09-10_21-08-28|Bellevue_150th_Newport__2017-09-10_22-08-28|Bellevue_150th_Newport__2017-09-11_04-08-29|Bellevue_150th_Newport__2017-09-11_05-08-29|Bellevue_150th_Newport__2017-09-11_06-08-30|Bellevue_150th_Newport__2017-09-11_07-08-31,123,107713,future-transportation-polygon-reference-v1
bellevue_150th_newport,target_estimation,A,H,bellevue_150th_newport:A>H,left,17,0.730554361839,True,bellevue_150th_newport:26185|bellevue_150th_newport:294814|bellevue_150th_newport:325629|bellevue_150th_newport:365330|bellevue_150th_newport:370206,3,Bellevue_150th_Newport__2017-09-10_18-08-24|Bellevue_150th_Newport__2017-09-11_06-08-30|Bellevue_150th_Newport__2017-09-11_07-08-31,28159,105646,future-transportation-polygon-reference-v1
bellevue_150th_newport,target_estimation,B,G,bellevue_150th_newport:B>G,right,0,0,False,,0,,,,future-transportation-polygon-reference-v1
bellevue_150th_newport,target_estimation,B,H,bellevue_150th_newport:B>H,straight,101,4.34035238505,True,bellevue_150th_newport:12490|bellevue_150th_newport:12548|bellevue_150th_newport:128469|bellevue_150th_newport:132215|bellevue_150th_newport:132374,13,Bellevue_150th_Newport__2017-09-10_18-08-24|Bellevue_150th_Newport__2017-09-10_19-08-24|Bellevue_150th_Newport__2017-09-10_20-08-25|Bellevue_150th_Newport__2017-09-10_21-08-28|Bellevue_150th_Newport__2017-09-10_22-08-28|Bellevue_150th_Newport__2017-09-10_23-08-29|Bellevue_150th_Newport__2017-09-11_00-08-29|Bellevue_150th_Newport__2017-09-11_01-08-29|Bellevue_150th_Newport__2017-09-11_03-08-29|Bellevue_150th_Newport__2017-09-11_04-08-29|Bellevue_150th_Newport__2017-09-11_05-08-29|Bellevue_150th_Newport__2017-09-11_06-08-30|Bellevue_150th_Newport__2017-09-11_07-08-31,0,107943,future-transportation-polygon-reference-v1
bellevue_150th_newport,target_estimation,B,E,bellevue_150th_newport:B>E,left,8,0.343790287924,True,bellevue_150th_newport:129030|bellevue_150th_newport:129085|bellevue_150th_newport:203265|bellevue_150th_newport:260292|bellevue_150th_newport:324398,5,Bellevue_150th_Newport__2017-09-10_20-08-25|Bellevue_150th_Newport__2017-09-10_23-08-29|Bellevue_150th_Newport__2017-09-11_04-08-29|Bellevue_150th_Newport__2017-09-11_06-08-30|Bellevue_150th_Newport__2017-09-11_07-08-31,5292,106926,future-transportation-polygon-reference-v1
bellevue_150th_newport,target_estimation,C,H,bellevue_150th_newport:C>H,right,289,12.4194241513,True,bellevue_150th_newport:101976|bellevue_150th_newport:102560|bellevue_150th_newport:10291|bellevue_150th_newport:10456|bellevue_150th_newport:104779,11,Bellevue_150th_Newport__2017-09-10_18-08-24|Bellevue_150th_Newport__2017-09-10_19-08-24|Bellevue_150th_Newport__2017-09-10_20-08-25|Bellevue_150th_Newport__2017-09-10_21-08-28|Bellevue_150th_Newport__2017-09-10_22-08-28|Bellevue_150th_Newport__2017-09-10_23-08-29|Bellevue_150th_Newport__2017-09-11_00-08-29|Bellevue_150th_Newport__2017-09-11_03-08-29|Bellevue_150th_Newport__2017-09-11_05-08-29|Bellevue_150th_Newport__2017-09-11_06-08-30|Bellevue_150th_Newport__2017-09-11_07-08-31,858,107974,future-transportation-polygon-reference-v1
bellevue_150th_newport,target_estimation,C,E,bellevue_150th_newport:C>E,straight,1093,46.9703480877,True,bellevue_150th_newport:10|bellevue_150th_newport:100083|bellevue_150th_newport:100824|bellevue_150th_newport:100905|bellevue_150th_newport:101217,14,Bellevue_150th_Newport__2017-09-10_18-08-24|Bellevue_150th_Newport__2017-09-10_19-08-24|Bellevue_150th_Newport__2017-09-10_20-08-25|Bellevue_150th_Newport__2017-09-10_21-08-28|Bellevue_150th_Newport__2017-09-10_22-08-28|Bellevue_150th_Newport__2017-09-10_23-08-29|Bellevue_150th_Newport__2017-09-11_00-08-29|Bellevue_150th_Newport__2017-09-11_01-08-29|Bellevue_150th_Newport__2017-09-11_02-08-29|Bellevue_150th_Newport__2017-09-11_03-08-29|Bellevue_150th_Newport__2017-09-11_04-08-29|Bellevue_150th_Newport__2017-09-11_05-08-29|Bellevue_150th_Newport__2017-09-11_06-08-30|Bellevue_150th_Newport__2017-09-11_07-08-31,0,107970,future-transportation-polygon-reference-v1
bellevue_150th_newport,target_estimation,C,F,bellevue_150th_newport:C>F,left,0,0,False,,0,,,,future-transportation-polygon-reference-v1
bellevue_150th_newport,target_estimation,D,E,bellevue_150th_newport:D>E,right,0,0,False,,0,,,,future-transportation-polygon-reference-v1
bellevue_150th_newport,target_estimation,D,F,bellevue_150th_newport:D>F,straight,128,5.50064460679,True,bellevue_150th_newport:102938|bellevue_150th_newport:105093|bellevue_150th_newport:109236|bellevue_150th_newport:110061|bellevue_150th_newport:119521,13,Bellevue_150th_Newport__2017-09-10_18-08-24|Bellevue_150th_Newport__2017-09-10_19-08-24|Bellevue_150th_Newport__2017-09-10_20-08-25|Bellevue_150th_Newport__2017-09-10_21-08-28|Bellevue_150th_Newport__2017-09-10_22-08-28|Bellevue_150th_Newport__2017-09-10_23-08-29|Bellevue_150th_Newport__2017-09-11_00-08-29|Bellevue_150th_Newport__2017-09-11_02-08-29|Bellevue_150th_Newport__2017-09-11_03-08-29|Bellevue_150th_Newport__2017-09-11_04-08-29|Bellevue_150th_Newport__2017-09-11_05-08-29|Bellevue_150th_Newport__2017-09-11_06-08-30|Bellevue_150th_Newport__2017-09-11_07-08-31,3577,107590,future-transportation-polygon-reference-v1
bellevue_150th_newport,target_estimation,D,G,bellevue_150th_newport:D>G,left,136,5.84443489471,True,bellevue_150th_newport:100741|bellevue_150th_newport:10325|bellevue_150th_newport:106635|bellevue_150th_newport:10825|bellevue_150th_newport:109084,9,Bellevue_150th_Newport__2017-09-10_18-08-24|Bellevue_150th_Newport__2017-09-10_19-08-24|Bellevue_150th_Newport__2017-09-10_20-08-25|Bellevue_150th_Newport__2017-09-10_21-08-28|Bellevue_150th_Newport__2017-09-10_23-08-29|Bellevue_150th_Newport__2017-09-11_04-08-29|Bellevue_150th_Newport__2017-09-11_05-08-29|Bellevue_150th_Newport__2017-09-11_06-08-30|Bellevue_150th_Newport__2017-09-11_07-08-31,1783,107973,future-transportation-polygon-reference-v1
bellevue_150th_eastgate,target_estimation,A,F,bellevue_150th_eastgate:A>F,right,1226,14.4677838093,True,bellevue_150th_eastgate:100710|bellevue_150th_eastgate:100720|bellevue_150th_eastgate:101069|bellevue_150th_eastgate:102204|bellevue_150th_eastgate:102345,14,Bellevue_150th_Eastgate__2017-09-10_18-08-24|Bellevue_150th_Eastgate__2017-09-10_19-08-25|Bellevue_150th_Eastgate__2017-09-10_20-08-25|Bellevue_150th_Eastgate__2017-09-10_21-08-28|Bellevue_150th_Eastgate__2017-09-10_22-08-28|Bellevue_150th_Eastgate__2017-09-10_23-08-29|Bellevue_150th_Eastgate__2017-09-11_01-08-29|Bellevue_150th_Eastgate__2017-09-11_02-08-29|Bellevue_150th_Eastgate__2017-09-11_03-08-30|Bellevue_150th_Eastgate__2017-09-11_04-08-29|Bellevue_150th_Eastgate__2017-09-11_05-08-30|Bellevue_150th_Eastgate__2017-09-11_06-08-30|Bellevue_150th_Eastgate__2017-09-11_07-08-31|Bellevue_150th_Eastgate__2017-09-11_08-08-31,276,107625,future-transportation-polygon-reference-v1
bellevue_150th_eastgate,target_estimation,A,G,bellevue_150th_eastgate:A>G,straight,885,10.4437101723,True,bellevue_150th_eastgate:100566|bellevue_150th_eastgate:103185|bellevue_150th_eastgate:10347|bellevue_150th_eastgate:106333|bellevue_150th_eastgate:106470,15,Bellevue_150th_Eastgate__2017-09-10_18-08-24|Bellevue_150th_Eastgate__2017-09-10_19-08-25|Bellevue_150th_Eastgate__2017-09-10_20-08-25|Bellevue_150th_Eastgate__2017-09-10_21-08-28|Bellevue_150th_Eastgate__2017-09-10_22-08-28|Bellevue_150th_Eastgate__2017-09-10_23-08-29|Bellevue_150th_Eastgate__2017-09-11_00-08-29|Bellevue_150th_Eastgate__2017-09-11_01-08-29|Bellevue_150th_Eastgate__2017-09-11_02-08-29|Bellevue_150th_Eastgate__2017-09-11_03-08-30|Bellevue_150th_Eastgate__2017-09-11_04-08-29|Bellevue_150th_Eastgate__2017-09-11_05-08-30|Bellevue_150th_Eastgate__2017-09-11_06-08-30|Bellevue_150th_Eastgate__2017-09-11_07-08-31|Bellevue_150th_Eastgate__2017-09-11_08-08-31,82,107822,future-transportation-polygon-reference-v1
bellevue_150th_eastgate,target_estimation,A,H,bellevue_150th_eastgate:A>H,left,640,7.55251357092,True,bellevue_150th_eastgate:100541|bellevue_150th_eastgate:102190|bellevue_150th_eastgate:102398|bellevue_150th_eastgate:10333|bellevue_150th_eastgate:103934,15,Bellevue_150th_Eastgate__2017-09-10_18-08-24|Bellevue_150th_Eastgate__2017-09-10_19-08-25|Bellevue_150th_Eastgate__2017-09-10_20-08-25|Bellevue_150th_Eastgate__2017-09-10_21-08-28|Bellevue_150th_Eastgate__2017-09-10_22-08-28|Bellevue_150th_Eastgate__2017-09-10_23-08-29|Bellevue_150th_Eastgate__2017-09-11_00-08-29|Bellevue_150th_Eastgate__2017-09-11_01-08-29|Bellevue_150th_Eastgate__2017-09-11_02-08-29|Bellevue_150th_Eastgate__2017-09-11_03-08-30|Bellevue_150th_Eastgate__2017-09-11_04-08-29|Bellevue_150th_Eastgate__2017-09-11_05-08-30|Bellevue_150th_Eastgate__2017-09-11_06-08-30|Bellevue_150th_Eastgate__2017-09-11_07-08-31|Bellevue_150th_Eastgate__2017-09-11_08-08-31,0,107716,future-transportation-polygon-reference-v1
bellevue_150th_eastgate,target_estimation,B,G,bellevue_150th_eastgate:B>G,right,0,0,False,,0,,,,future-transportation-polygon-reference-v1
bellevue_150th_eastgate,target_estimation,B,H,bellevue_150th_eastgate:B>H,straight,1999,23.5898041067,True,bellevue_150th_eastgate:100131|bellevue_150th_eastgate:100606|bellevue_150th_eastgate:101465|bellevue_150th_eastgate:101549|bellevue_150th_eastgate:101801,15,Bellevue_150th_Eastgate__2017-09-10_18-08-24|Bellevue_150th_Eastgate__2017-09-10_19-08-25|Bellevue_150th_Eastgate__2017-09-10_20-08-25|Bellevue_150th_Eastgate__2017-09-10_21-08-28|Bellevue_150th_Eastgate__2017-09-10_22-08-28|Bellevue_150th_Eastgate__2017-09-10_23-08-29|Bellevue_150th_Eastgate__2017-09-11_00-08-29|Bellevue_150th_Eastgate__2017-09-11_01-08-29|Bellevue_150th_Eastgate__2017-09-11_02-08-29|Bellevue_150th_Eastgate__2017-09-11_03-08-30|Bellevue_150th_Eastgate__2017-09-11_04-08-29|Bellevue_150th_Eastgate__2017-09-11_05-08-30|Bellevue_150th_Eastgate__2017-09-11_06-08-30|Bellevue_150th_Eastgate__2017-09-11_07-08-31|Bellevue_150th_Eastgate__2017-09-11_08-08-31,0,107904,future-transportation-polygon-reference-v1
bellevue_150th_eastgate,target_estimation,B,E,bellevue_150th_eastgate:B>E,left,114,1.34529147982,True,bellevue_150th_eastgate:102538|bellevue_150th_eastgate:116188|bellevue_150th_eastgate:116244|bellevue_150th_eastgate:124375|bellevue_150th_eastgate:129652,8,Bellevue_150th_Eastgate__2017-09-10_18-08-24|Bellevue_150th_Eastgate__2017-09-10_19-08-25|Bellevue_150th_Eastgate__2017-09-10_20-08-25|Bellevue_150th_Eastgate__2017-09-10_21-08-28|Bellevue_150th_Eastgate__2017-09-11_01-08-29|Bellevue_150th_Eastgate__2017-09-11_06-08-30|Bellevue_150th_Eastgate__2017-09-11_07-08-31|Bellevue_150th_Eastgate__2017-09-11_08-08-31,0,104777,future-transportation-polygon-reference-v1
bellevue_150th_eastgate,target_estimation,C,H,bellevue_150th_eastgate:C>H,right,262,3.0918102431,True,bellevue_150th_eastgate:101798|bellevue_150th_eastgate:102093|bellevue_150th_eastgate:102159|bellevue_150th_eastgate:102173|bellevue_150th_eastgate:102254,14,Bellevue_150th_Eastgate__2017-09-10_18-08-24|Bellevue_150th_Eastgate__2017-09-10_19-08-25|Bellevue_150th_Eastgate__2017-09-10_20-08-25|Bellevue_150th_Eastgate__2017-09-10_21-08-28|Bellevue_150th_Eastgate__2017-09-10_22-08-28|Bellevue_150th_Eastgate__2017-09-10_23-08-29|Bellevue_150th_Eastgate__2017-09-11_01-08-29|Bellevue_150th_Eastgate__2017-09-11_02-08-29|Bellevue_150th_Eastgate__2017-09-11_03-08-30|Bellevue_150th_Eastgate__2017-09-11_04-08-29|Bellevue_150th_Eastgate__2017-09-11_05-08-30|Bellevue_150th_Eastgate__2017-09-11_06-08-30|Bellevue_150th_Eastgate__2017-09-11_07-08-31|Bellevue_150th_Eastgate__2017-09-11_08-08-31,0,106238,future-transportation-polygon-reference-v1
bellevue_150th_eastgate,target_estimation,C,E,bellevue_150th_eastgate:C>E,straight,201,2.37196129337,True,bellevue_150th_eastgate:108542|bellevue_150th_eastgate:113700|bellevue_150th_eastgate:11468|bellevue_150th_eastgate:115168|bellevue_150th_eastgate:115400,15,Bellevue_150th_Eastgate__2017-09-10_18-08-24|Bellevue_150th_Eastgate__2017-09-10_19-08-25|Bellevue_150th_Eastgate__2017-09-10_20-08-25|Bellevue_150th_Eastgate__2017-09-10_21-08-28|Bellevue_150th_Eastgate__2017-09-10_22-08-28|Bellevue_150th_Eastgate__2017-09-10_23-08-29|Bellevue_150th_Eastgate__2017-09-11_00-08-29|Bellevue_150th_Eastgate__2017-09-11_01-08-29|Bellevue_150th_Eastgate__2017-09-11_02-08-29|Bellevue_150th_Eastgate__2017-09-11_03-08-30|Bellevue_150th_Eastgate__2017-09-11_04-08-29|Bellevue_150th_Eastgate__2017-09-11_05-08-30|Bellevue_150th_Eastgate__2017-09-11_06-08-30|Bellevue_150th_Eastgate__2017-09-11_07-08-31|Bellevue_150th_Eastgate__2017-09-11_08-08-31,2369,107042,future-transportation-polygon-reference-v1
bellevue_150th_eastgate,target_estimation,C,F,bellevue_150th_eastgate:C>F,left,0,0,False,,0,,,,future-transportation-polygon-reference-v1
bellevue_150th_eastgate,target_estimation,D,E,bellevue_150th_eastgate:D>E,right,0,0,False,,0,,,,future-transportation-polygon-reference-v1
bellevue_150th_eastgate,target_estimation,D,F,bellevue_150th_eastgate:D>F,straight,2148,25.3481236724,True,bellevue_150th_eastgate:100281|bellevue_150th_eastgate:100913|bellevue_150th_eastgate:100948|bellevue_150th_eastgate:100953|bellevue_150th_eastgate:100959,15,Bellevue_150th_Eastgate__2017-09-10_18-08-24|Bellevue_150th_Eastgate__2017-09-10_19-08-25|Bellevue_150th_Eastgate__2017-09-10_20-08-25|Bellevue_150th_Eastgate__2017-09-10_21-08-28|Bellevue_150th_Eastgate__2017-09-10_22-08-28|Bellevue_150th_Eastgate__2017-09-10_23-08-29|Bellevue_150th_Eastgate__2017-09-11_00-08-29|Bellevue_150th_Eastgate__2017-09-11_01-08-29|Bellevue_150th_Eastgate__2017-09-11_02-08-29|Bellevue_150th_Eastgate__2017-09-11_03-08-30|Bellevue_150th_Eastgate__2017-09-11_04-08-29|Bellevue_150th_Eastgate__2017-09-11_05-08-30|Bellevue_150th_Eastgate__2017-09-11_06-08-30|Bellevue_150th_Eastgate__2017-09-11_07-08-31|Bellevue_150th_Eastgate__2017-09-11_08-08-31,0,107783,future-transportation-polygon-reference-v1
bellevue_150th_eastgate,target_estimation,D,G,bellevue_150th_eastgate:D>G,left,999,11.7890016521,True,bellevue_150th_eastgate:1009|bellevue_150th_eastgate:100943|bellevue_150th_eastgate:103610|bellevue_150th_eastgate:104517|bellevue_150th_eastgate:107569,15,Bellevue_150th_Eastgate__2017-09-10_18-08-24|Bellevue_150th_Eastgate__2017-09-10_19-08-25|Bellevue_150th_Eastgate__2017-09-10_20-08-25|Bellevue_150th_Eastgate__2017-09-10_21-08-28|Bellevue_150th_Eastgate__2017-09-10_22-08-28|Bellevue_150th_Eastgate__2017-09-10_23-08-29|Bellevue_150th_Eastgate__2017-09-11_00-08-29|Bellevue_150th_Eastgate__2017-09-11_01-08-29|Bellevue_150th_Eastgate__2017-09-11_02-08-29|Bellevue_150th_Eastgate__2017-09-11_03-08-30|Bellevue_150th_Eastgate__2017-09-11_04-08-29|Bellevue_150th_Eastgate__2017-09-11_05-08-30|Bellevue_150th_Eastgate__2017-09-11_06-08-30|Bellevue_150th_Eastgate__2017-09-11_07-08-31|Bellevue_150th_Eastgate__2017-09-11_08-08-31,0,107468,future-transportation-polygon-reference-v1
bellevue_150th_se38th,target_estimation,A,F,bellevue_150th_se38th:A>F,right,0,0,False,,0,,,,future-transportation-polygon-reference-v1
bellevue_150th_se38th,target_estimation,A,G,bellevue_150th_se38th:A>G,straight,1260,55.2147239264,True,bellevue_150th_se38th:1|bellevue_150th_se38th:100466|bellevue_150th_se38th:100644|bellevue_150th_se38th:100664|bellevue_150th_se38th:101490,12,Bellevue_150th_SE38th__2017-09-10_18-08-24|Bellevue_150th_SE38th__2017-09-10_19-08-25|Bellevue_150th_SE38th__2017-09-10_20-08-25|Bellevue_150th_SE38th__2017-09-10_21-08-38|Bellevue_150th_SE38th__2017-09-10_22-08-28|Bellevue_150th_SE38th__2017-09-10_23-08-29|Bellevue_150th_SE38th__2017-09-11_00-08-29|Bellevue_150th_SE38th__2017-09-11_01-08-30|Bellevue_150th_SE38th__2017-09-11_02-08-29|Bellevue_150th_SE38th__2017-09-11_03-08-30|Bellevue_150th_SE38th__2017-09-11_04-08-29|Bellevue_150th_SE38th__2017-09-11_05-08-30,0,107999,future-transportation-polygon-reference-v1
bellevue_150th_se38th,target_estimation,A,H,bellevue_150th_se38th:A>H,left,238,10.4294478528,True,bellevue_150th_se38th:100413|bellevue_150th_se38th:100454|bellevue_150th_se38th:10379|bellevue_150th_se38th:107040|bellevue_150th_se38th:109783,12,Bellevue_150th_SE38th__2017-09-10_18-08-24|Bellevue_150th_SE38th__2017-09-10_19-08-25|Bellevue_150th_SE38th__2017-09-10_20-08-25|Bellevue_150th_SE38th__2017-09-10_21-08-38|Bellevue_150th_SE38th__2017-09-10_22-08-28|Bellevue_150th_SE38th__2017-09-10_23-08-29|Bellevue_150th_SE38th__2017-09-11_00-08-29|Bellevue_150th_SE38th__2017-09-11_01-08-30|Bellevue_150th_SE38th__2017-09-11_02-08-29|Bellevue_150th_SE38th__2017-09-11_03-08-30|Bellevue_150th_SE38th__2017-09-11_04-08-29|Bellevue_150th_SE38th__2017-09-11_05-08-30,520,107030,future-transportation-polygon-reference-v1
bellevue_150th_se38th,target_estimation,B,G,bellevue_150th_se38th:B>G,right,3,0.131463628396,True,bellevue_150th_se38th:118608|bellevue_150th_se38th:28347|bellevue_150th_se38th:90150,2,Bellevue_150th_SE38th__2017-09-10_18-08-24|Bellevue_150th_SE38th__2017-09-10_19-08-25,48534,107403,future-transportation-polygon-reference-v1
bellevue_150th_se38th,target_estimation,B,H,bellevue_150th_se38th:B>H,straight,44,1.92813321648,True,bellevue_150th_se38th:11860|bellevue_150th_se38th:123411|bellevue_150th_se38th:124187|bellevue_150th_se38th:134784|bellevue_150th_se38th:138498,11,Bellevue_150th_SE38th__2017-09-10_18-08-24|Bellevue_150th_SE38th__2017-09-10_19-08-25|Bellevue_150th_SE38th__2017-09-10_20-08-25|Bellevue_150th_SE38th__2017-09-10_21-08-38|Bellevue_150th_SE38th__2017-09-10_22-08-28|Bellevue_150th_SE38th__2017-09-10_23-08-29|Bellevue_150th_SE38th__2017-09-11_00-08-29|Bellevue_150th_SE38th__2017-09-11_01-08-30|Bellevue_150th_SE38th__2017-09-11_03-08-30|Bellevue_150th_SE38th__2017-09-11_04-08-29|Bellevue_150th_SE38th__2017-09-11_05-08-30,0,106486,future-transportation-polygon-reference-v1
bellevue_150th_se38th,target_estimation,B,E,bellevue_150th_se38th:B>E,left,50,2.19106047327,True,bellevue_150th_se38th:11389|bellevue_150th_se38th:117380|bellevue_150th_se38th:118307|bellevue_150th_se38th:123675|bellevue_150th_se38th:13238,9,Bellevue_150th_SE38th__2017-09-10_18-08-24|Bellevue_150th_SE38th__2017-09-10_19-08-25|Bellevue_150th_SE38th__2017-09-10_20-08-25|Bellevue_150th_SE38th__2017-09-10_21-08-38|Bellevue_150th_SE38th__2017-09-10_22-08-28|Bellevue_150th_SE38th__2017-09-10_23-08-29|Bellevue_150th_SE38th__2017-09-11_00-08-29|Bellevue_150th_SE38th__2017-09-11_04-08-29|Bellevue_150th_SE38th__2017-09-11_05-08-30,4434,107780,future-transportation-polygon-reference-v1
bellevue_150th_se38th,target_estimation,C,H,bellevue_150th_se38th:C>H,right,5,0.219106047327,True,bellevue_150th_se38th:217664|bellevue_150th_se38th:45194|bellevue_150th_se38th:527624|bellevue_150th_se38th:60278|bellevue_150th_se38th:92301,4,Bellevue_150th_SE38th__2017-09-10_18-08-24|Bellevue_150th_SE38th__2017-09-10_19-08-25|Bellevue_150th_SE38th__2017-09-10_21-08-38|Bellevue_150th_SE38th__2017-09-11_05-08-30,13931,103834,future-transportation-polygon-reference-v1
bellevue_150th_se38th,target_estimation,C,E,bellevue_150th_se38th:C>E,straight,516,22.6117440841,True,bellevue_150th_se38th:100135|bellevue_150th_se38th:100890|bellevue_150th_se38th:100994|bellevue_150th_se38th:101130|bellevue_150th_se38th:10322,12,Bellevue_150th_SE38th__2017-09-10_18-08-24|Bellevue_150th_SE38th__2017-09-10_19-08-25|Bellevue_150th_SE38th__2017-09-10_20-08-25|Bellevue_150th_SE38th__2017-09-10_21-08-38|Bellevue_150th_SE38th__2017-09-10_22-08-28|Bellevue_150th_SE38th__2017-09-10_23-08-29|Bellevue_150th_SE38th__2017-09-11_00-08-29|Bellevue_150th_SE38th__2017-09-11_01-08-30|Bellevue_150th_SE38th__2017-09-11_02-08-29|Bellevue_150th_SE38th__2017-09-11_03-08-30|Bellevue_150th_SE38th__2017-09-11_04-08-29|Bellevue_150th_SE38th__2017-09-11_05-08-30,0,107770,future-transportation-polygon-reference-v1
bellevue_150th_se38th,target_estimation,C,F,bellevue_150th_se38th:C>F,left,4,0.175284837862,True,bellevue_150th_se38th:105503|bellevue_150th_se38th:107121|bellevue_150th_se38th:32956|bellevue_150th_se38th:49700,2,Bellevue_150th_SE38th__2017-09-10_18-08-24|Bellevue_150th_SE38th__2017-09-10_19-08-25,58236,98256,future-transportation-polygon-reference-v1
bellevue_150th_se38th,target_estimation,D,E,bellevue_150th_se38th:D>E,right,0,0,False,,0,,,,future-transportation-polygon-reference-v1
bellevue_150th_se38th,target_estimation,D,F,bellevue_150th_se38th:D>F,straight,34,1.48992112182,True,bellevue_150th_se38th:111271|bellevue_150th_se38th:14382|bellevue_150th_se38th:146525|bellevue_150th_se38th:153078|bellevue_150th_se38th:157941,8,Bellevue_150th_SE38th__2017-09-10_18-08-24|Bellevue_150th_SE38th__2017-09-10_19-08-25|Bellevue_150th_SE38th__2017-09-10_20-08-25|Bellevue_150th_SE38th__2017-09-10_21-08-38|Bellevue_150th_SE38th__2017-09-10_22-08-28|Bellevue_150th_SE38th__2017-09-11_01-08-30|Bellevue_150th_SE38th__2017-09-11_04-08-29|Bellevue_150th_SE38th__2017-09-11_05-08-30,3293,107375,future-transportation-polygon-reference-v1
bellevue_150th_se38th,target_estimation,D,G,bellevue_150th_se38th:D>G,left,128,5.60911481157,True,bellevue_150th_se38th:101001|bellevue_150th_se38th:104351|bellevue_150th_se38th:104439|bellevue_150th_se38th:104475|bellevue_150th_se38th:105886,10,Bellevue_150th_SE38th__2017-09-10_18-08-24|Bellevue_150th_SE38th__2017-09-10_19-08-25|Bellevue_150th_SE38th__2017-09-10_20-08-25|Bellevue_150th_SE38th__2017-09-10_21-08-38|Bellevue_150th_SE38th__2017-09-10_22-08-28|Bellevue_150th_SE38th__2017-09-10_23-08-29|Bellevue_150th_SE38th__2017-09-11_00-08-29|Bellevue_150th_SE38th__2017-09-11_03-08-30|Bellevue_150th_SE38th__2017-09-11_04-08-29|Bellevue_150th_SE38th__2017-09-11_05-08-30,3217,105679,future-transportation-polygon-reference-v1
bellevue_ne8th,target_estimation,A,F,bellevue_ne8th:A>F,right,0,0,False,,0,,,,future-transportation-polygon-reference-v1
bellevue_ne8th,target_estimation,A,G,bellevue_ne8th:A>G,straight,1020,22.4028113332,True,bellevue_ne8th:100722|bellevue_ne8th:100728|bellevue_ne8th:100855|bellevue_ne8th:101365|bellevue_ne8th:101553,13,Bellevue_Bellevue_NE8th__2017-09-10_18-08-23|Bellevue_Bellevue_NE8th__2017-09-10_19-08-24|Bellevue_Bellevue_NE8th__2017-09-10_20-08-24|Bellevue_Bellevue_NE8th__2017-09-10_21-08-28|Bellevue_Bellevue_NE8th__2017-09-10_22-08-28|Bellevue_Bellevue_NE8th__2017-09-10_23-08-29|Bellevue_Bellevue_NE8th__2017-09-11_00-08-29|Bellevue_Bellevue_NE8th__2017-09-11_01-08-29|Bellevue_Bellevue_NE8th__2017-09-11_02-08-29|Bellevue_Bellevue_NE8th__2017-09-11_03-08-29|Bellevue_Bellevue_NE8th__2017-09-11_04-08-29|Bellevue_Bellevue_NE8th__2017-09-11_05-08-29|Bellevue_Bellevue_NE8th__2017-09-11_06-08-29,0,107985,future-transportation-polygon-reference-v1
bellevue_ne8th,target_estimation,A,H,bellevue_ne8th:A>H,left,421,9.24665056007,True,bellevue_ne8th:100815|bellevue_ne8th:100836|bellevue_ne8th:100858|bellevue_ne8th:100865|bellevue_ne8th:100925,11,Bellevue_Bellevue_NE8th__2017-09-10_18-08-23|Bellevue_Bellevue_NE8th__2017-09-10_19-08-24|Bellevue_Bellevue_NE8th__2017-09-10_20-08-24|Bellevue_Bellevue_NE8th__2017-09-10_21-08-28|Bellevue_Bellevue_NE8th__2017-09-10_22-08-28|Bellevue_Bellevue_NE8th__2017-09-10_23-08-29|Bellevue_Bellevue_NE8th__2017-09-11_00-08-29|Bellevue_Bellevue_NE8th__2017-09-11_03-08-29|Bellevue_Bellevue_NE8th__2017-09-11_04-08-29|Bellevue_Bellevue_NE8th__2017-09-11_05-08-29|Bellevue_Bellevue_NE8th__2017-09-11_06-08-29,81,106740,future-transportation-polygon-reference-v1
bellevue_ne8th,target_estimation,B,G,bellevue_ne8th:B>G,right,0,0,False,,0,,,,future-transportation-polygon-reference-v1
bellevue_ne8th,target_estimation,B,H,bellevue_ne8th:B>H,straight,764,16.7801449594,True,bellevue_ne8th:100375|bellevue_ne8th:101340|bellevue_ne8th:102822|bellevue_ne8th:102920|bellevue_ne8th:102996,13,Bellevue_Bellevue_NE8th__2017-09-10_18-08-23|Bellevue_Bellevue_NE8th__2017-09-10_19-08-24|Bellevue_Bellevue_NE8th__2017-09-10_20-08-24|Bellevue_Bellevue_NE8th__2017-09-10_21-08-28|Bellevue_Bellevue_NE8th__2017-09-10_22-08-28|Bellevue_Bellevue_NE8th__2017-09-10_23-08-29|Bellevue_Bellevue_NE8th__2017-09-11_00-08-29|Bellevue_Bellevue_NE8th__2017-09-11_01-08-29|Bellevue_Bellevue_NE8th__2017-09-11_02-08-29|Bellevue_Bellevue_NE8th__2017-09-11_03-08-29|Bellevue_Bellevue_NE8th__2017-09-11_04-08-29|Bellevue_Bellevue_NE8th__2017-09-11_05-08-29|Bellevue_Bellevue_NE8th__2017-09-11_06-08-29,0,107971,future-transportation-polygon-reference-v1
bellevue_ne8th,target_estimation,B,E,bellevue_ne8th:B>E,left,54,1.18603118823,True,bellevue_ne8th:102737|bellevue_ne8th:109776|bellevue_ne8th:112691|bellevue_ne8th:115585|bellevue_ne8th:115625,9,Bellevue_Bellevue_NE8th__2017-09-10_18-08-23|Bellevue_Bellevue_NE8th__2017-09-10_19-08-24|Bellevue_Bellevue_NE8th__2017-09-10_20-08-24|Bellevue_Bellevue_NE8th__2017-09-10_21-08-28|Bellevue_Bellevue_NE8th__2017-09-10_22-08-28|Bellevue_Bellevue_NE8th__2017-09-10_23-08-29|Bellevue_Bellevue_NE8th__2017-09-11_00-08-29|Bellevue_Bellevue_NE8th__2017-09-11_05-08-29|Bellevue_Bellevue_NE8th__2017-09-11_06-08-29,2489,107081,future-transportation-polygon-reference-v1
bellevue_ne8th,target_estimation,C,H,bellevue_ne8th:C>H,right,66,1.4495936745,True,bellevue_ne8th:109727|bellevue_ne8th:115624|bellevue_ne8th:115838|bellevue_ne8th:117416|bellevue_ne8th:118609,8,Bellevue_Bellevue_NE8th__2017-09-10_18-08-23|Bellevue_Bellevue_NE8th__2017-09-10_19-08-24|Bellevue_Bellevue_NE8th__2017-09-10_20-08-24|Bellevue_Bellevue_NE8th__2017-09-10_21-08-28|Bellevue_Bellevue_NE8th__2017-09-10_22-08-28|Bellevue_Bellevue_NE8th__2017-09-10_23-08-29|Bellevue_Bellevue_NE8th__2017-09-11_05-08-29|Bellevue_Bellevue_NE8th__2017-09-11_06-08-29,1168,107246,future-transportation-polygon-reference-v1
bellevue_ne8th,target_estimation,C,E,bellevue_ne8th:C>E,straight,1036,22.7542279816,True,bellevue_ne8th:1005|bellevue_ne8th:100727|bellevue_ne8th:100732|bellevue_ne8th:100733|bellevue_ne8th:100805,13,Bellevue_Bellevue_NE8th__2017-09-10_18-08-23|Bellevue_Bellevue_NE8th__2017-09-10_19-08-24|Bellevue_Bellevue_NE8th__2017-09-10_20-08-24|Bellevue_Bellevue_NE8th__2017-09-10_21-08-28|Bellevue_Bellevue_NE8th__2017-09-10_22-08-28|Bellevue_Bellevue_NE8th__2017-09-10_23-08-29|Bellevue_Bellevue_NE8th__2017-09-11_00-08-29|Bellevue_Bellevue_NE8th__2017-09-11_01-08-29|Bellevue_Bellevue_NE8th__2017-09-11_02-08-29|Bellevue_Bellevue_NE8th__2017-09-11_03-08-29|Bellevue_Bellevue_NE8th__2017-09-11_04-08-29|Bellevue_Bellevue_NE8th__2017-09-11_05-08-29|Bellevue_Bellevue_NE8th__2017-09-11_06-08-29,0,107886,future-transportation-polygon-reference-v1
bellevue_ne8th,target_estimation,C,F,bellevue_ne8th:C>F,left,258,5.66659345486,True,bellevue_ne8th:101994|bellevue_ne8th:102350|bellevue_ne8th:102425|bellevue_ne8th:102436|bellevue_ne8th:102478,13,Bellevue_Bellevue_NE8th__2017-09-10_18-08-23|Bellevue_Bellevue_NE8th__2017-09-10_19-08-24|Bellevue_Bellevue_NE8th__2017-09-10_20-08-24|Bellevue_Bellevue_NE8th__2017-09-10_21-08-28|Bellevue_Bellevue_NE8th__2017-09-10_22-08-28|Bellevue_Bellevue_NE8th__2017-09-10_23-08-29|Bellevue_Bellevue_NE8th__2017-09-11_00-08-29|Bellevue_Bellevue_NE8th__2017-09-11_01-08-29|Bellevue_Bellevue_NE8th__2017-09-11_02-08-29|Bellevue_Bellevue_NE8th__2017-09-11_03-08-29|Bellevue_Bellevue_NE8th__2017-09-11_04-08-29|Bellevue_Bellevue_NE8th__2017-09-11_05-08-29|Bellevue_Bellevue_NE8th__2017-09-11_06-08-29,705,107975,future-transportation-polygon-reference-v1
bellevue_ne8th,target_estimation,D,E,bellevue_ne8th:D>E,right,11,0.24159894575,True,bellevue_ne8th:101967|bellevue_ne8th:195164|bellevue_ne8th:198785|bellevue_ne8th:215312|bellevue_ne8th:32004,8,Bellevue_Bellevue_NE8th__2017-09-10_18-08-23|Bellevue_Bellevue_NE8th__2017-09-10_19-08-24|Bellevue_Bellevue_NE8th__2017-09-10_20-08-24|Bellevue_Bellevue_NE8th__2017-09-10_21-08-28|Bellevue_Bellevue_NE8th__2017-09-10_23-08-29|Bellevue_Bellevue_NE8th__2017-09-11_02-08-29|Bellevue_Bellevue_NE8th__2017-09-11_03-08-29|Bellevue_Bellevue_NE8th__2017-09-11_05-08-29,1132,101206,future-transportation-polygon-reference-v1
bellevue_ne8th,target_estimation,D,F,bellevue_ne8th:D>F,straight,768,16.8679991215,True,bellevue_ne8th:1|bellevue_ne8th:100206|bellevue_ne8th:103413|bellevue_ne8th:106152|bellevue_ne8th:106227,13,Bellevue_Bellevue_NE8th__2017-09-10_18-08-23|Bellevue_Bellevue_NE8th__2017-09-10_19-08-24|Bellevue_Bellevue_NE8th__2017-09-10_20-08-24|Bellevue_Bellevue_NE8th__2017-09-10_21-08-28|Bellevue_Bellevue_NE8th__2017-09-10_22-08-28|Bellevue_Bellevue_NE8th__2017-09-10_23-08-29|Bellevue_Bellevue_NE8th__2017-09-11_00-08-29|Bellevue_Bellevue_NE8th__2017-09-11_01-08-29|Bellevue_Bellevue_NE8th__2017-09-11_02-08-29|Bellevue_Bellevue_NE8th__2017-09-11_03-08-29|Bellevue_Bellevue_NE8th__2017-09-11_04-08-29|Bellevue_Bellevue_NE8th__2017-09-11_05-08-29|Bellevue_Bellevue_NE8th__2017-09-11_06-08-29,0,107641,future-transportation-polygon-reference-v1
bellevue_ne8th,target_estimation,D,G,bellevue_ne8th:D>G,left,155,3.40434878102,True,bellevue_ne8th:105639|bellevue_ne8th:109740|bellevue_ne8th:112696|bellevue_ne8th:121070|bellevue_ne8th:12795,13,Bellevue_Bellevue_NE8th__2017-09-10_18-08-23|Bellevue_Bellevue_NE8th__2017-09-10_19-08-24|Bellevue_Bellevue_NE8th__2017-09-10_20-08-24|Bellevue_Bellevue_NE8th__2017-09-10_21-08-28|Bellevue_Bellevue_NE8th__2017-09-10_22-08-28|Bellevue_Bellevue_NE8th__2017-09-10_23-08-29|Bellevue_Bellevue_NE8th__2017-09-11_00-08-29|Bellevue_Bellevue_NE8th__2017-09-11_01-08-29|Bellevue_Bellevue_NE8th__2017-09-11_02-08-29|Bellevue_Bellevue_NE8th__2017-09-11_03-08-29|Bellevue_Bellevue_NE8th__2017-09-11_04-08-29|Bellevue_Bellevue_NE8th__2017-09-11_05-08-29|Bellevue_Bellevue_NE8th__2017-09-11_06-08-29,0,106556,future-transportation-polygon-reference-v1
bellevue_116th_ne12th,model_selection,A,F,bellevue_116th_ne12th:A>F,right,9,1.55979202773,True,bellevue_116th_ne12th:424328|bellevue_116th_ne12th:447031|bellevue_116th_ne12th:447933|bellevue_116th_ne12th:451825|bellevue_116th_ne12th:455668,2,Bellevue_116th_NE12th__2017-09-11_06-08-30|Bellevue_116th_NE12th__2017-09-11_07-08-32,1444,104333,future-transportation-polygon-reference-v1
bellevue_116th_ne12th,model_selection,A,G,bellevue_116th_ne12th:A>G,straight,74,12.8249566724,True,bellevue_116th_ne12th:212793|bellevue_116th_ne12th:213140|bellevue_116th_ne12th:222741|bellevue_116th_ne12th:275365|bellevue_116th_ne12th:328988,7,Bellevue_116th_NE12th__2017-09-11_01-08-29|Bellevue_116th_NE12th__2017-09-11_02-08-32|Bellevue_116th_NE12th__2017-09-11_03-08-30|Bellevue_116th_NE12th__2017-09-11_04-08-30|Bellevue_116th_NE12th__2017-09-11_05-08-39|Bellevue_116th_NE12th__2017-09-11_06-08-30|Bellevue_116th_NE12th__2017-09-11_07-08-32,0,106851,future-transportation-polygon-reference-v1
bellevue_116th_ne12th,model_selection,A,H,bellevue_116th_ne12th:A>H,left,5,0.866551126516,True,bellevue_116th_ne12th:405441|bellevue_116th_ne12th:432223|bellevue_116th_ne12th:433744|bellevue_116th_ne12th:448752|bellevue_116th_ne12th:454950,1,Bellevue_116th_NE12th__2017-09-11_06-08-30,4511,102886,future-transportation-polygon-reference-v1
bellevue_116th_ne12th,model_selection,B,G,bellevue_116th_ne12th:B>G,right,0,0,False,,0,,,,future-transportation-polygon-reference-v1
bellevue_116th_ne12th,model_selection,B,H,bellevue_116th_ne12th:B>H,straight,95,16.4644714038,True,bellevue_116th_ne12th:179614|bellevue_116th_ne12th:185168|bellevue_116th_ne12th:189224|bellevue_116th_ne12th:199010|bellevue_116th_ne12th:204522,8,Bellevue_116th_NE12th__2017-09-11_00-08-29|Bellevue_116th_NE12th__2017-09-11_01-08-29|Bellevue_116th_NE12th__2017-09-11_02-08-32|Bellevue_116th_NE12th__2017-09-11_03-08-30|Bellevue_116th_NE12th__2017-09-11_04-08-30|Bellevue_116th_NE12th__2017-09-11_05-08-39|Bellevue_116th_NE12th__2017-09-11_06-08-30|Bellevue_116th_NE12th__2017-09-11_07-08-32,82,105252,future-transportation-polygon-reference-v1
bellevue_116th_ne12th,model_selection,B,E,bellevue_116th_ne12th:B>E,left,1,0.173310225303,True,bellevue_116th_ne12th:426094,1,Bellevue_116th_NE12th__2017-09-11_06-08-30,49736,50048,future-transportation-polygon-reference-v1
bellevue_116th_ne12th,model_selection,C,H,bellevue_116th_ne12th:C>H,right,7,1.21317157712,True,bellevue_116th_ne12th:421449|bellevue_116th_ne12th:434346|bellevue_116th_ne12th:438240|bellevue_116th_ne12th:449499|bellevue_116th_ne12th:452199,2,Bellevue_116th_NE12th__2017-09-11_06-08-30|Bellevue_116th_NE12th__2017-09-11_07-08-32,2542,105881,future-transportation-polygon-reference-v1
bellevue_116th_ne12th,model_selection,C,E,bellevue_116th_ne12th:C>E,straight,139,24.0901213172,True,bellevue_116th_ne12th:210065|bellevue_116th_ne12th:216060|bellevue_116th_ne12th:240608|bellevue_116th_ne12th:248011|bellevue_116th_ne12th:254094,8,Bellevue_116th_NE12th__2017-09-11_00-08-29|Bellevue_116th_NE12th__2017-09-11_01-08-29|Bellevue_116th_NE12th__2017-09-11_02-08-32|Bellevue_116th_NE12th__2017-09-11_03-08-30|Bellevue_116th_NE12th__2017-09-11_04-08-30|Bellevue_116th_NE12th__2017-09-11_05-08-39|Bellevue_116th_NE12th__2017-09-11_06-08-30|Bellevue_116th_NE12th__2017-09-11_07-08-32,0,106851,future-transportation-polygon-reference-v1
bellevue_116th_ne12th,model_selection,C,F,bellevue_116th_ne12th:C>F,left,0,0,False,,0,,,,future-transportation-polygon-reference-v1
bellevue_116th_ne12th,model_selection,D,E,bellevue_116th_ne12th:D>E,right,17,2.94627383016,True,bellevue_116th_ne12th:417181|bellevue_116th_ne12th:417860|bellevue_116th_ne12th:432532|bellevue_116th_ne12th:432944|bellevue_116th_ne12th:438671,2,Bellevue_116th_NE12th__2017-09-11_06-08-30|Bellevue_116th_NE12th__2017-09-11_07-08-32,4006,103619,future-transportation-polygon-reference-v1
bellevue_116th_ne12th,model_selection,D,F,bellevue_116th_ne12th:D>F,straight,167,28.9428076256,True,bellevue_116th_ne12th:176379|bellevue_116th_ne12th:182139|bellevue_116th_ne12th:182847|bellevue_116th_ne12th:186270|bellevue_116th_ne12th:186778,8,Bellevue_116th_NE12th__2017-09-11_00-08-29|Bellevue_116th_NE12th__2017-09-11_01-08-29|Bellevue_116th_NE12th__2017-09-11_02-08-32|Bellevue_116th_NE12th__2017-09-11_03-08-30|Bellevue_116th_NE12th__2017-09-11_04-08-30|Bellevue_116th_NE12th__2017-09-11_05-08-39|Bellevue_116th_NE12th__2017-09-11_06-08-30|Bellevue_116th_NE12th__2017-09-11_07-08-32,777,106166,future-transportation-polygon-reference-v1
bellevue_116th_ne12th,model_selection,D,G,bellevue_116th_ne12th:D>G,left,63,10.9185441941,True,bellevue_116th_ne12th:177285|bellevue_116th_ne12th:178310|bellevue_116th_ne12th:179074|bellevue_116th_ne12th:204929|bellevue_116th_ne12th:217495,7,Bellevue_116th_NE12th__2017-09-11_00-08-29|Bellevue_116th_NE12th__2017-09-11_01-08-29|Bellevue_116th_NE12th__2017-09-11_02-08-32|Bellevue_116th_NE12th__2017-09-11_03-08-30|Bellevue_116th_NE12th__2017-09-11_04-08-30|Bellevue_116th_NE12th__2017-09-11_06-08-30|Bellevue_116th_NE12th__2017-09-11_07-08-32,3969,106463,future-transportation-polygon-reference-v1
bellevue_150th_newport,model_selection,A,F,bellevue_150th_newport:A>F,right,44,1.48297944051,True,bellevue_150th_newport:420314|bellevue_150th_newport:436433|bellevue_150th_newport:441638|bellevue_150th_newport:451830|bellevue_150th_newport:455569,6,Bellevue_150th_Newport__2017-09-11_08-08-31|Bellevue_150th_Newport__2017-09-11_09-08-30|Bellevue_150th_Newport__2017-09-11_10-08-31|Bellevue_150th_Newport__2017-09-11_11-08-32|Bellevue_150th_Newport__2017-09-11_12-08-32|Bellevue_150th_Newport__2017-09-11_13-08-32,365,100879,future-transportation-polygon-reference-v1
bellevue_150th_newport,model_selection,A,G,bellevue_150th_newport:A>G,straight,757,25.5139871925,True,bellevue_150th_newport:415326|bellevue_150th_newport:415402|bellevue_150th_newport:415504|bellevue_150th_newport:415619|bellevue_150th_newport:415693,6,Bellevue_150th_Newport__2017-09-11_08-08-31|Bellevue_150th_Newport__2017-09-11_09-08-30|Bellevue_150th_Newport__2017-09-11_10-08-31|Bellevue_150th_Newport__2017-09-11_11-08-32|Bellevue_150th_Newport__2017-09-11_12-08-32|Bellevue_150th_Newport__2017-09-11_13-08-32,23,107927,future-transportation-polygon-reference-v1
bellevue_150th_newport,model_selection,A,H,bellevue_150th_newport:A>H,left,34,1.14593865858,True,bellevue_150th_newport:419982|bellevue_150th_newport:421173|bellevue_150th_newport:423283|bellevue_150th_newport:427463|bellevue_150th_newport:427522,5,Bellevue_150th_Newport__2017-09-11_08-08-31|Bellevue_150th_Newport__2017-09-11_09-08-30|Bellevue_150th_Newport__2017-09-11_10-08-31|Bellevue_150th_Newport__2017-09-11_12-08-32|Bellevue_150th_Newport__2017-09-11_13-08-32,780,95469,future-transportation-polygon-reference-v1
bellevue_150th_newport,model_selection,B,G,bellevue_150th_newport:B>G,right,0,0,False,,0,,,,future-transportation-polygon-reference-v1
bellevue_150th_newport,model_selection,B,H,bellevue_150th_newport:B>H,straight,144,4.85338725986,True,bellevue_150th_newport:417185|bellevue_150th_newport:417346|bellevue_150th_newport:417389|bellevue_150th_newport:417447|bellevue_150th_newport:419405,6,Bellevue_150th_Newport__2017-09-11_08-08-31|Bellevue_150th_Newport__2017-09-11_09-08-30|Bellevue_150th_Newport__2017-09-11_10-08-31|Bellevue_150th_Newport__2017-09-11_11-08-32|Bellevue_150th_Newport__2017-09-11_12-08-32|Bellevue_150th_Newport__2017-09-11_13-08-32,1394,106642,future-transportation-polygon-reference-v1
bellevue_150th_newport,model_selection,B,E,bellevue_150th_newport:B>E,left,6,0.202224469161,True,bellevue_150th_newport:437606|bellevue_150th_newport:463630|bellevue_150th_newport:469949|bellevue_150th_newport:476376|bellevue_150th_newport:496693,3,Bellevue_150th_Newport__2017-09-11_08-08-31|Bellevue_150th_Newport__2017-09-11_09-08-30|Bellevue_150th_Newport__2017-09-11_13-08-32,10118,86433,future-transportation-polygon-reference-v1
bellevue_150th_newport,model_selection,C,H,bellevue_150th_newport:C>H,right,357,12.0323559151,True,bellevue_150th_newport:415373|bellevue_150th_newport:418013|bellevue_150th_newport:418137|bellevue_150th_newport:418517|bellevue_150th_newport:418549,6,Bellevue_150th_Newport__2017-09-11_08-08-31|Bellevue_150th_Newport__2017-09-11_09-08-30|Bellevue_150th_Newport__2017-09-11_10-08-31|Bellevue_150th_Newport__2017-09-11_11-08-32|Bellevue_150th_Newport__2017-09-11_12-08-32|Bellevue_150th_Newport__2017-09-11_13-08-32,19,107945,future-transportation-polygon-reference-v1
bellevue_150th_newport,model_selection,C,E,bellevue_150th_newport:C>E,straight,1122,37.8159757331,True,bellevue_150th_newport:415269|bellevue_150th_newport:415285|bellevue_150th_newport:415492|bellevue_150th_newport:415495|bellevue_150th_newport:418026,6,Bellevue_150th_Newport__2017-09-11_08-08-31|Bellevue_150th_Newport__2017-09-11_09-08-30|Bellevue_150th_Newport__2017-09-11_10-08-31|Bellevue_150th_Newport__2017-09-11_11-08-32|Bellevue_150th_Newport__2017-09-11_12-08-32|Bellevue_150th_Newport__2017-09-11_13-08-32,0,107945,future-transportation-polygon-reference-v1
bellevue_150th_newport,model_selection,C,F,bellevue_150th_newport:C>F,left,0,0,False,,0,,,,future-transportation-polygon-reference-v1
bellevue_150th_newport,model_selection,D,E,bellevue_150th_newport:D>E,right,0,0,False,,0,,,,future-transportation-polygon-reference-v1
bellevue_150th_newport,model_selection,D,F,bellevue_150th_newport:D>F,straight,178,5.99932591844,True,bellevue_150th_newport:416614|bellevue_150th_newport:419707|bellevue_150th_newport:424893|bellevue_150th_newport:427812|bellevue_150th_newport:429641,6,Bellevue_150th_Newport__2017-09-11_08-08-31|Bellevue_150th_Newport__2017-09-11_09-08-30|Bellevue_150th_Newport__2017-09-11_10-08-31|Bellevue_150th_Newport__2017-09-11_11-08-32|Bellevue_150th_Newport__2017-09-11_12-08-32|Bellevue_150th_Newport__2017-09-11_13-08-32,0,107942,future-transportation-polygon-reference-v1
bellevue_150th_newport,model_selection,D,G,bellevue_150th_newport:D>G,left,325,10.9538254129,True,bellevue_150th_newport:416323|bellevue_150th_newport:416524|bellevue_150th_newport:416745|bellevue_150th_newport:416831|bellevue_150th_newport:421549,6,Bellevue_150th_Newport__2017-09-11_08-08-31|Bellevue_150th_Newport__2017-09-11_09-08-30|Bellevue_150th_Newport__2017-09-11_10-08-31|Bellevue_150th_Newport__2017-09-11_11-08-32|Bellevue_150th_Newport__2017-09-11_12-08-32|Bellevue_150th_Newport__2017-09-11_13-08-32,0,107862,future-transportation-polygon-reference-v1
bellevue_150th_eastgate,model_selection,A,F,bellevue_150th_eastgate:A>F,right,1067,16.1300075586,True,bellevue_150th_eastgate:1000053|bellevue_150th_eastgate:1000230|bellevue_150th_eastgate:1000408|bellevue_150th_eastgate:1001380|bellevue_150th_eastgate:1001536,4,Bellevue_150th_Eastgate__2017-09-11_09-08-31|Bellevue_150th_Eastgate__2017-09-11_10-08-31|Bellevue_150th_Eastgate__2017-09-11_11-08-32|Bellevue_150th_Eastgate__2017-09-11_12-08-32,31,107861,future-transportation-polygon-reference-v1
bellevue_150th_eastgate,model_selection,A,G,bellevue_150th_eastgate:A>G,straight,733,11.0808767952,True,bellevue_150th_eastgate:1002681|bellevue_150th_eastgate:1005034|bellevue_150th_eastgate:1005094|bellevue_150th_eastgate:1005150|bellevue_150th_eastgate:1005214,4,Bellevue_150th_Eastgate__2017-09-11_09-08-31|Bellevue_150th_Eastgate__2017-09-11_10-08-31|Bellevue_150th_Eastgate__2017-09-11_11-08-32|Bellevue_150th_Eastgate__2017-09-11_12-08-32,0,105577,future-transportation-polygon-reference-v1
bellevue_150th_eastgate,model_selection,A,H,bellevue_150th_eastgate:A>H,left,637,9.62962962963,True,bellevue_150th_eastgate:1001181|bellevue_150th_eastgate:1001223|bellevue_150th_eastgate:1001275|bellevue_150th_eastgate:1001291|bellevue_150th_eastgate:1001310,4,Bellevue_150th_Eastgate__2017-09-11_09-08-31|Bellevue_150th_Eastgate__2017-09-11_10-08-31|Bellevue_150th_Eastgate__2017-09-11_11-08-32|Bellevue_150th_Eastgate__2017-09-11_12-08-32,0,107784,future-transportation-polygon-reference-v1
bellevue_150th_eastgate,model_selection,B,G,bellevue_150th_eastgate:B>G,right,0,0,False,,0,,,,future-transportation-polygon-reference-v1
bellevue_150th_eastgate,model_selection,B,H,bellevue_150th_eastgate:B>H,straight,1552,23.4618291761,True,bellevue_150th_eastgate:1000044|bellevue_150th_eastgate:1000095|bellevue_150th_eastgate:1000114|bellevue_150th_eastgate:1001679|bellevue_150th_eastgate:1001683,4,Bellevue_150th_Eastgate__2017-09-11_09-08-31|Bellevue_150th_Eastgate__2017-09-11_10-08-31|Bellevue_150th_Eastgate__2017-09-11_11-08-32|Bellevue_150th_Eastgate__2017-09-11_12-08-32,0,106927,future-transportation-polygon-reference-v1
bellevue_150th_eastgate,model_selection,B,E,bellevue_150th_eastgate:B>E,left,97,1.46636432351,True,bellevue_150th_eastgate:1007346|bellevue_150th_eastgate:1011456|bellevue_150th_eastgate:1013622|bellevue_150th_eastgate:1016548|bellevue_150th_eastgate:1032141,4,Bellevue_150th_Eastgate__2017-09-11_09-08-31|Bellevue_150th_Eastgate__2017-09-11_10-08-31|Bellevue_150th_Eastgate__2017-09-11_11-08-32|Bellevue_150th_Eastgate__2017-09-11_12-08-32,0,106206,future-transportation-polygon-reference-v1
bellevue_150th_eastgate,model_selection,C,H,bellevue_150th_eastgate:C>H,right,324,4.89795918367,True,bellevue_150th_eastgate:1000720|bellevue_150th_eastgate:1002677|bellevue_150th_eastgate:1002936|bellevue_150th_eastgate:1006248|bellevue_150th_eastgate:1006437,4,Bellevue_150th_Eastgate__2017-09-11_09-08-31|Bellevue_150th_Eastgate__2017-09-11_10-08-31|Bellevue_150th_Eastgate__2017-09-11_11-08-32|Bellevue_150th_Eastgate__2017-09-11_12-08-32,1217,107681,future-transportation-polygon-reference-v1
bellevue_150th_eastgate,model_selection,C,E,bellevue_150th_eastgate:C>E,straight,265,4.00604686319,True,bellevue_150th_eastgate:1000753|bellevue_150th_eastgate:1000771|bellevue_150th_eastgate:1000817|bellevue_150th_eastgate:1004302|bellevue_150th_eastgate:1004366,4,Bellevue_150th_Eastgate__2017-09-11_09-08-31|Bellevue_150th_Eastgate__2017-09-11_10-08-31|Bellevue_150th_Eastgate__2017-09-11_11-08-32|Bellevue_150th_Eastgate__2017-09-11_12-08-32,2295,107805,future-transportation-polygon-reference-v1
bellevue_150th_eastgate,model_selection,C,F,bellevue_150th_eastgate:C>F,left,0,0,False,,0,,,,future-transportation-polygon-reference-v1
bellevue_150th_eastgate,model_selection,D,E,bellevue_150th_eastgate:D>E,right,0,0,False,,0,,,,future-transportation-polygon-reference-v1
bellevue_150th_eastgate,model_selection,D,F,bellevue_150th_eastgate:D>F,straight,1513,22.8722600151,True,bellevue_150th_eastgate:1000010|bellevue_150th_eastgate:1000150|bellevue_150th_eastgate:1000227|bellevue_150th_eastgate:1000256|bellevue_150th_eastgate:1000425,4,Bellevue_150th_Eastgate__2017-09-11_09-08-31|Bellevue_150th_Eastgate__2017-09-11_10-08-31|Bellevue_150th_Eastgate__2017-09-11_11-08-32|Bellevue_150th_Eastgate__2017-09-11_12-08-32,931,107271,future-transportation-polygon-reference-v1
bellevue_150th_eastgate,model_selection,D,G,bellevue_150th_eastgate:D>G,left,427,6.45502645503,True,bellevue_150th_eastgate:1000484|bellevue_150th_eastgate:1000579|bellevue_150th_eastgate:1000602|bellevue_150th_eastgate:1002543|bellevue_150th_eastgate:1004194,4,Bellevue_150th_Eastgate__2017-09-11_09-08-31|Bellevue_150th_Eastgate__2017-09-11_10-08-31|Bellevue_150th_Eastgate__2017-09-11_11-08-32|Bellevue_150th_Eastgate__2017-09-11_12-08-32,1651,107509,future-transportation-polygon-reference-v1
bellevue_150th_se38th,model_selection,A,F,bellevue_150th_se38th:A>F,right,0,0,False,,0,,,,future-transportation-polygon-reference-v1
bellevue_150th_se38th,model_selection,A,G,bellevue_150th_se38th:A>G,straight,712,26.8882175227,True,bellevue_150th_se38th:530117|bellevue_150th_se38th:532604|bellevue_150th_se38th:534356|bellevue_150th_se38th:534578|bellevue_150th_se38th:535740,5,Bellevue_150th_SE38th__2017-09-11_06-08-32|Bellevue_150th_SE38th__2017-09-11_07-08-31|Bellevue_150th_SE38th__2017-09-11_08-09-36|Bellevue_150th_SE38th__2017-09-11_09-08-31|Bellevue_150th_SE38th__2017-09-11_10-08-33,0,106436,future-transportation-polygon-reference-v1
bellevue_150th_se38th,model_selection,A,H,bellevue_150th_se38th:A>H,left,101,3.81419939577,True,bellevue_150th_se38th:531404|bellevue_150th_se38th:533227|bellevue_150th_se38th:535687|bellevue_150th_se38th:536456|bellevue_150th_se38th:537958,5,Bellevue_150th_SE38th__2017-09-11_06-08-32|Bellevue_150th_SE38th__2017-09-11_07-08-31|Bellevue_150th_SE38th__2017-09-11_08-09-36|Bellevue_150th_SE38th__2017-09-11_09-08-31|Bellevue_150th_SE38th__2017-09-11_10-08-33,0,103674,future-transportation-polygon-reference-v1
bellevue_150th_se38th,model_selection,B,G,bellevue_150th_se38th:B>G,right,0,0,False,,0,,,,future-transportation-polygon-reference-v1
bellevue_150th_se38th,model_selection,B,H,bellevue_150th_se38th:B>H,straight,39,1.47280966767,True,bellevue_150th_se38th:580751|bellevue_150th_se38th:585064|bellevue_150th_se38th:585081|bellevue_150th_se38th:585307|bellevue_150th_se38th:589011,4,Bellevue_150th_SE38th__2017-09-11_07-08-31|Bellevue_150th_SE38th__2017-09-11_08-09-36|Bellevue_150th_SE38th__2017-09-11_09-08-31|Bellevue_150th_SE38th__2017-09-11_10-08-33,7133,99785,future-transportation-polygon-reference-v1
bellevue_150th_se38th,model_selection,B,E,bellevue_150th_se38th:B>E,left,110,4.15407854985,True,bellevue_150th_se38th:531564|bellevue_150th_se38th:532591|bellevue_150th_se38th:546009|bellevue_150th_se38th:570171|bellevue_150th_se38th:571366,5,Bellevue_150th_SE38th__2017-09-11_06-08-32|Bellevue_150th_SE38th__2017-09-11_07-08-31|Bellevue_150th_SE38th__2017-09-11_08-09-36|Bellevue_150th_SE38th__2017-09-11_09-08-31|Bellevue_150th_SE38th__2017-09-11_10-08-33,532,106907,future-transportation-polygon-reference-v1
bellevue_150th_se38th,model_selection,C,H,bellevue_150th_se38th:C>H,right,7,0.264350453172,True,bellevue_150th_se38th:582507|bellevue_150th_se38th:583240|bellevue_150th_se38th:592281|bellevue_150th_se38th:611149|bellevue_150th_se38th:637928,3,Bellevue_150th_SE38th__2017-09-11_07-08-31|Bellevue_150th_SE38th__2017-09-11_09-08-31|Bellevue_150th_SE38th__2017-09-11_10-08-33,1389,67972,future-transportation-polygon-reference-v1
bellevue_150th_se38th,model_selection,C,E,bellevue_150th_se38th:C>E,straight,1565,59.1012084592,True,bellevue_150th_se38th:530241|bellevue_150th_se38th:530253|bellevue_150th_se38th:530283|bellevue_150th_se38th:530400|bellevue_150th_se38th:531621,5,Bellevue_150th_SE38th__2017-09-11_06-08-32|Bellevue_150th_SE38th__2017-09-11_07-08-31|Bellevue_150th_SE38th__2017-09-11_08-09-36|Bellevue_150th_SE38th__2017-09-11_09-08-31|Bellevue_150th_SE38th__2017-09-11_10-08-33,0,107412,future-transportation-polygon-reference-v1
bellevue_150th_se38th,model_selection,C,F,bellevue_150th_se38th:C>F,left,13,0.490936555891,True,bellevue_150th_se38th:538754|bellevue_150th_se38th:547034|bellevue_150th_se38th:555374|bellevue_150th_se38th:562854|bellevue_150th_se38th:572781,5,Bellevue_150th_SE38th__2017-09-11_06-08-32|Bellevue_150th_SE38th__2017-09-11_07-08-31|Bellevue_150th_SE38th__2017-09-11_08-09-36|Bellevue_150th_SE38th__2017-09-11_09-08-31|Bellevue_150th_SE38th__2017-09-11_10-08-33,876,93942,future-transportation-polygon-reference-v1
bellevue_150th_se38th,model_selection,D,E,bellevue_150th_se38th:D>E,right,0,0,False,,0,,,,future-transportation-polygon-reference-v1
bellevue_150th_se38th,model_selection,D,F,bellevue_150th_se38th:D>F,straight,48,1.81268882175,True,bellevue_150th_se38th:542026|bellevue_150th_se38th:543210|bellevue_150th_se38th:582542|bellevue_150th_se38th:586472|bellevue_150th_se38th:587530,5,Bellevue_150th_SE38th__2017-09-11_06-08-32|Bellevue_150th_SE38th__2017-09-11_07-08-31|Bellevue_150th_SE38th__2017-09-11_08-09-36|Bellevue_150th_SE38th__2017-09-11_09-08-31|Bellevue_150th_SE38th__2017-09-11_10-08-33,6485,90624,future-transportation-polygon-reference-v1
bellevue_150th_se38th,model_selection,D,G,bellevue_150th_se38th:D>G,left,53,2.00151057402,True,bellevue_150th_se38th:542013|bellevue_150th_se38th:574746|bellevue_150th_se38th:584952|bellevue_150th_se38th:584994|bellevue_150th_se38th:587395,5,Bellevue_150th_SE38th__2017-09-11_06-08-32|Bellevue_150th_SE38th__2017-09-11_07-08-31|Bellevue_150th_SE38th__2017-09-11_08-09-36|Bellevue_150th_SE38th__2017-09-11_09-08-31|Bellevue_150th_SE38th__2017-09-11_10-08-33,3162,105123,future-transportation-polygon-reference-v1
bellevue_ne8th,model_selection,A,F,bellevue_ne8th:A>F,right,0,0,False,,0,,,,future-transportation-polygon-reference-v1
bellevue_ne8th,model_selection,A,G,bellevue_ne8th:A>G,straight,1043,17.8168773488,True,bellevue_ne8th:1000063|bellevue_ne8th:1000241|bellevue_ne8th:1000343|bellevue_ne8th:1000386|bellevue_ne8th:1000501,5,Bellevue_Bellevue_NE8th__2017-09-11_07-08-31|Bellevue_Bellevue_NE8th__2017-09-11_08-08-31|Bellevue_Bellevue_NE8th__2017-09-11_09-08-30|Bellevue_Bellevue_NE8th__2017-09-11_10-08-31|Bellevue_Bellevue_NE8th__2017-09-11_11-08-31,0,107972,future-transportation-polygon-reference-v1
bellevue_ne8th,model_selection,A,H,bellevue_ne8th:A>H,left,297,5.07345404851,True,bellevue_ne8th:1000012|bellevue_ne8th:1000025|bellevue_ne8th:1000071|bellevue_ne8th:1000121|bellevue_ne8th:1003706,5,Bellevue_Bellevue_NE8th__2017-09-11_07-08-31|Bellevue_Bellevue_NE8th__2017-09-11_08-08-31|Bellevue_Bellevue_NE8th__2017-09-11_09-08-30|Bellevue_Bellevue_NE8th__2017-09-11_10-08-31|Bellevue_Bellevue_NE8th__2017-09-11_11-08-31,192,107972,future-transportation-polygon-reference-v1
bellevue_ne8th,model_selection,B,G,bellevue_ne8th:B>G,right,0,0,False,,0,,,,future-transportation-polygon-reference-v1
bellevue_ne8th,model_selection,B,H,bellevue_ne8th:B>H,straight,1044,17.8339596857,True,bellevue_ne8th:1001463|bellevue_ne8th:1001638|bellevue_ne8th:1002232|bellevue_ne8th:1002361|bellevue_ne8th:1002440,5,Bellevue_Bellevue_NE8th__2017-09-11_07-08-31|Bellevue_Bellevue_NE8th__2017-09-11_08-08-31|Bellevue_Bellevue_NE8th__2017-09-11_09-08-30|Bellevue_Bellevue_NE8th__2017-09-11_10-08-31|Bellevue_Bellevue_NE8th__2017-09-11_11-08-31,0,107983,future-transportation-polygon-reference-v1
bellevue_ne8th,model_selection,B,E,bellevue_ne8th:B>E,left,117,1.99863341305,True,bellevue_ne8th:1001786|bellevue_ne8th:1002213|bellevue_ne8th:1002241|bellevue_ne8th:1002330|bellevue_ne8th:1002427,5,Bellevue_Bellevue_NE8th__2017-09-11_07-08-31|Bellevue_Bellevue_NE8th__2017-09-11_08-08-31|Bellevue_Bellevue_NE8th__2017-09-11_09-08-30|Bellevue_Bellevue_NE8th__2017-09-11_10-08-31|Bellevue_Bellevue_NE8th__2017-09-11_11-08-31,3033,107780,future-transportation-polygon-reference-v1
bellevue_ne8th,model_selection,C,H,bellevue_ne8th:C>H,right,19,0.32456440041,True,bellevue_ne8th:1033889|bellevue_ne8th:728595|bellevue_ne8th:729836|bellevue_ne8th:777899|bellevue_ne8th:781142,4,Bellevue_Bellevue_NE8th__2017-09-11_07-08-31|Bellevue_Bellevue_NE8th__2017-09-11_08-08-31|Bellevue_Bellevue_NE8th__2017-09-11_09-08-30|Bellevue_Bellevue_NE8th__2017-09-11_11-08-31,644,102166,future-transportation-polygon-reference-v1
bellevue_ne8th,model_selection,C,E,bellevue_ne8th:C>E,straight,1456,24.8718824735,True,bellevue_ne8th:1000030|bellevue_ne8th:1000563|bellevue_ne8th:1000730|bellevue_ne8th:1000939|bellevue_ne8th:1000983,5,Bellevue_Bellevue_NE8th__2017-09-11_07-08-31|Bellevue_Bellevue_NE8th__2017-09-11_08-08-31|Bellevue_Bellevue_NE8th__2017-09-11_09-08-30|Bellevue_Bellevue_NE8th__2017-09-11_10-08-31|Bellevue_Bellevue_NE8th__2017-09-11_11-08-31,0,107380,future-transportation-polygon-reference-v1
bellevue_ne8th,model_selection,C,F,bellevue_ne8th:C>F,left,269,4.59514861633,True,bellevue_ne8th:1000908|bellevue_ne8th:1000986|bellevue_ne8th:1001271|bellevue_ne8th:1001332|bellevue_ne8th:1001400,5,Bellevue_Bellevue_NE8th__2017-09-11_07-08-31|Bellevue_Bellevue_NE8th__2017-09-11_08-08-31|Bellevue_Bellevue_NE8th__2017-09-11_09-08-30|Bellevue_Bellevue_NE8th__2017-09-11_10-08-31|Bellevue_Bellevue_NE8th__2017-09-11_11-08-31,365,106091,future-transportation-polygon-reference-v1
bellevue_ne8th,model_selection,D,E,bellevue_ne8th:D>E,right,34,0.580799453365,True,bellevue_ne8th:1003364|bellevue_ne8th:1012031|bellevue_ne8th:1012245|bellevue_ne8th:1014901|bellevue_ne8th:1018394,5,Bellevue_Bellevue_NE8th__2017-09-11_07-08-31|Bellevue_Bellevue_NE8th__2017-09-11_08-08-31|Bellevue_Bellevue_NE8th__2017-09-11_09-08-30|Bellevue_Bellevue_NE8th__2017-09-11_10-08-31|Bellevue_Bellevue_NE8th__2017-09-11_11-08-31,2246,107253,future-transportation-polygon-reference-v1
bellevue_ne8th,model_selection,D,F,bellevue_ne8th:D>F,straight,1334,22.7878373762,True,bellevue_ne8th:1003088|bellevue_ne8th:1003173|bellevue_ne8th:1003175|bellevue_ne8th:1003178|bellevue_ne8th:1003280,5,Bellevue_Bellevue_NE8th__2017-09-11_07-08-31|Bellevue_Bellevue_NE8th__2017-09-11_08-08-31|Bellevue_Bellevue_NE8th__2017-09-11_09-08-30|Bellevue_Bellevue_NE8th__2017-09-11_10-08-31|Bellevue_Bellevue_NE8th__2017-09-11_11-08-31,0,107983,future-transportation-polygon-reference-v1
bellevue_ne8th,model_selection,D,G,bellevue_ne8th:D>G,left,241,4.11684318415,True,bellevue_ne8th:1004955|bellevue_ne8th:1005707|bellevue_ne8th:1008201|bellevue_ne8th:1010423|bellevue_ne8th:1014772,5,Bellevue_Bellevue_NE8th__2017-09-11_07-08-31|Bellevue_Bellevue_NE8th__2017-09-11_08-08-31|Bellevue_Bellevue_NE8th__2017-09-11_09-08-30|Bellevue_Bellevue_NE8th__2017-09-11_10-08-31|Bellevue_Bellevue_NE8th__2017-09-11_11-08-31,0,107889,future-transportation-polygon-reference-v1
bellevue_116th_ne12th,independent_test,A,F,bellevue_116th_ne12th:A>F,right,45,5.20833333333,True,bellevue_116th_ne12th:461938|bellevue_116th_ne12th:462196|bellevue_116th_ne12th:462861|bellevue_116th_ne12th:463702|bellevue_116th_ne12th:463731,8,Bellevue_116th_NE12th__2017-09-11_08-08-50|Bellevue_116th_NE12th__2017-09-11_09-08-31|Bellevue_116th_NE12th__2017-09-11_11-08-33|Bellevue_116th_NE12th__2017-09-11_12-08-33|Bellevue_116th_NE12th__2017-09-11_14-08-35|Bellevue_116th_NE12th__2017-09-11_15-08-36|Bellevue_116th_NE12th__2017-09-11_16-08-37|Bellevue_116th_NE12th__2017-09-11_17-08-39,36,24828,future-transportation-polygon-reference-v1
bellevue_116th_ne12th,independent_test,A,G,bellevue_116th_ne12th:A>G,straight,158,18.287037037,True,bellevue_116th_ne12th:462328|bellevue_116th_ne12th:462347|bellevue_116th_ne12th:462380|bellevue_116th_ne12th:462405|bellevue_116th_ne12th:462414,8,Bellevue_116th_NE12th__2017-09-11_08-08-50|Bellevue_116th_NE12th__2017-09-11_09-08-31|Bellevue_116th_NE12th__2017-09-11_11-08-33|Bellevue_116th_NE12th__2017-09-11_12-08-33|Bellevue_116th_NE12th__2017-09-11_14-08-35|Bellevue_116th_NE12th__2017-09-11_15-08-36|Bellevue_116th_NE12th__2017-09-11_16-08-37|Bellevue_116th_NE12th__2017-09-11_17-08-39,0,25431,future-transportation-polygon-reference-v1
bellevue_116th_ne12th,independent_test,A,H,bellevue_116th_ne12th:A>H,left,40,4.62962962963,True,bellevue_116th_ne12th:463756|bellevue_116th_ne12th:463839|bellevue_116th_ne12th:467185|bellevue_116th_ne12th:469355|bellevue_116th_ne12th:472833,8,Bellevue_116th_NE12th__2017-09-11_08-08-50|Bellevue_116th_NE12th__2017-09-11_09-08-31|Bellevue_116th_NE12th__2017-09-11_11-08-33|Bellevue_116th_NE12th__2017-09-11_12-08-33|Bellevue_116th_NE12th__2017-09-11_14-08-35|Bellevue_116th_NE12th__2017-09-11_15-08-36|Bellevue_116th_NE12th__2017-09-11_16-08-37|Bellevue_116th_NE12th__2017-09-11_17-08-39,2,25633,future-transportation-polygon-reference-v1
bellevue_116th_ne12th,independent_test,B,G,bellevue_116th_ne12th:B>G,right,0,0,False,,0,,,,future-transportation-polygon-reference-v1
bellevue_116th_ne12th,independent_test,B,H,bellevue_116th_ne12th:B>H,straight,223,25.8101851852,True,bellevue_116th_ne12th:461581|bellevue_116th_ne12th:461800|bellevue_116th_ne12th:461969|bellevue_116th_ne12th:462073|bellevue_116th_ne12th:462085,8,Bellevue_116th_NE12th__2017-09-11_08-08-50|Bellevue_116th_NE12th__2017-09-11_09-08-31|Bellevue_116th_NE12th__2017-09-11_11-08-33|Bellevue_116th_NE12th__2017-09-11_12-08-33|Bellevue_116th_NE12th__2017-09-11_14-08-35|Bellevue_116th_NE12th__2017-09-11_15-08-36|Bellevue_116th_NE12th__2017-09-11_16-08-37|Bellevue_116th_NE12th__2017-09-11_17-08-39,0,24965,future-transportation-polygon-reference-v1
bellevue_116th_ne12th,independent_test,B,E,bellevue_116th_ne12th:B>E,left,10,1.15740740741,True,bellevue_116th_ne12th:467170|bellevue_116th_ne12th:470845|bellevue_116th_ne12th:470917|bellevue_116th_ne12th:474454|bellevue_116th_ne12th:487335,6,Bellevue_116th_NE12th__2017-09-11_08-08-50|Bellevue_116th_NE12th__2017-09-11_09-08-31|Bellevue_116th_NE12th__2017-09-11_11-08-33|Bellevue_116th_NE12th__2017-09-11_14-08-35|Bellevue_116th_NE12th__2017-09-11_16-08-37|Bellevue_116th_NE12th__2017-09-11_17-08-39,0,10383,future-transportation-polygon-reference-v1
bellevue_116th_ne12th,independent_test,C,H,bellevue_116th_ne12th:C>H,right,5,0.578703703704,True,bellevue_116th_ne12th:469083|bellevue_116th_ne12th:471645|bellevue_116th_ne12th:486143|bellevue_116th_ne12th:499186|bellevue_116th_ne12th:500848,4,Bellevue_116th_NE12th__2017-09-11_08-08-50|Bellevue_116th_NE12th__2017-09-11_09-08-31|Bellevue_116th_NE12th__2017-09-11_11-08-33|Bellevue_116th_NE12th__2017-09-11_14-08-35,1551,14322,future-transportation-polygon-reference-v1
bellevue_116th_ne12th,independent_test,C,E,bellevue_116th_ne12th:C>E,straight,116,13.4259259259,True,bellevue_116th_ne12th:464724|bellevue_116th_ne12th:464805|bellevue_116th_ne12th:464977|bellevue_116th_ne12th:465035|bellevue_116th_ne12th:466055,7,Bellevue_116th_NE12th__2017-09-11_08-08-50|Bellevue_116th_NE12th__2017-09-11_09-08-31|Bellevue_116th_NE12th__2017-09-11_11-08-33|Bellevue_116th_NE12th__2017-09-11_12-08-33|Bellevue_116th_NE12th__2017-09-11_14-08-35|Bellevue_116th_NE12th__2017-09-11_16-08-37|Bellevue_116th_NE12th__2017-09-11_17-08-39,344,25404,future-transportation-polygon-reference-v1
bellevue_116th_ne12th,independent_test,C,F,bellevue_116th_ne12th:C>F,left,0,0,False,,0,,,,future-transportation-polygon-reference-v1
bellevue_116th_ne12th,independent_test,D,E,bellevue_116th_ne12th:D>E,right,29,3.35648148148,True,bellevue_116th_ne12th:463294|bellevue_116th_ne12th:465688|bellevue_116th_ne12th:466534|bellevue_116th_ne12th:466586|bellevue_116th_ne12th:466613,5,Bellevue_116th_NE12th__2017-09-11_08-08-50|Bellevue_116th_NE12th__2017-09-11_09-08-31|Bellevue_116th_NE12th__2017-09-11_11-08-33|Bellevue_116th_NE12th__2017-09-11_14-08-35|Bellevue_116th_NE12th__2017-09-11_15-08-36,47,24577,future-transportation-polygon-reference-v1
bellevue_116th_ne12th,independent_test,D,F,bellevue_116th_ne12th:D>F,straight,204,23.6111111111,True,bellevue_116th_ne12th:461549|bellevue_116th_ne12th:461804|bellevue_116th_ne12th:462819|bellevue_116th_ne12th:462942|bellevue_116th_ne12th:464231,7,Bellevue_116th_NE12th__2017-09-11_08-08-50|Bellevue_116th_NE12th__2017-09-11_09-08-31|Bellevue_116th_NE12th__2017-09-11_11-08-33|Bellevue_116th_NE12th__2017-09-11_12-08-33|Bellevue_116th_NE12th__2017-09-11_14-08-35|Bellevue_116th_NE12th__2017-09-11_15-08-36|Bellevue_116th_NE12th__2017-09-11_17-08-39,0,25926,future-transportation-polygon-reference-v1
bellevue_116th_ne12th,independent_test,D,G,bellevue_116th_ne12th:D>G,left,34,3.93518518519,True,bellevue_116th_ne12th:462941|bellevue_116th_ne12th:467396|bellevue_116th_ne12th:467448|bellevue_116th_ne12th:467568|bellevue_116th_ne12th:467592,5,Bellevue_116th_NE12th__2017-09-11_08-08-50|Bellevue_116th_NE12th__2017-09-11_09-08-31|Bellevue_116th_NE12th__2017-09-11_14-08-35|Bellevue_116th_NE12th__2017-09-11_15-08-36|Bellevue_116th_NE12th__2017-09-11_17-08-39,90,25893,future-transportation-polygon-reference-v1
bellevue_150th_newport,independent_test,A,F,bellevue_150th_newport:A>F,right,42,1.09034267913,True,bellevue_150th_newport:1002647|bellevue_150th_newport:1004147|bellevue_150th_newport:1030600|bellevue_150th_newport:746341|bellevue_150th_newport:755275,4,Bellevue_150th_Newport__2017-09-11_14-08-31|Bellevue_150th_Newport__2017-09-11_15-08-32|Bellevue_150th_Newport__2017-09-11_16-08-32|Bellevue_150th_Newport__2017-09-11_17-08-32,2240,101043,future-transportation-polygon-reference-v1
bellevue_150th_newport,independent_test,A,G,bellevue_150th_newport:A>G,straight,357,9.26791277259,True,bellevue_150th_newport:1000176|bellevue_150th_newport:1003080|bellevue_150th_newport:1005633|bellevue_150th_newport:1005704|bellevue_150th_newport:1005945,4,Bellevue_150th_Newport__2017-09-11_14-08-31|Bellevue_150th_Newport__2017-09-11_15-08-32|Bellevue_150th_Newport__2017-09-11_16-08-32|Bellevue_150th_Newport__2017-09-11_17-08-32,135,107596,future-transportation-polygon-reference-v1
bellevue_150th_newport,independent_test,A,H,bellevue_150th_newport:A>H,left,7,0.181723779855,True,bellevue_150th_newport:1013651|bellevue_150th_newport:1013679|bellevue_150th_newport:1017428|bellevue_150th_newport:795167|bellevue_150th_newport:829106,3,Bellevue_150th_Newport__2017-09-11_15-08-32|Bellevue_150th_Newport__2017-09-11_16-08-32|Bellevue_150th_Newport__2017-09-11_17-08-32,13095,84869,future-transportation-polygon-reference-v1
bellevue_150th_newport,independent_test,B,G,bellevue_150th_newport:B>G,right,0,0,False,,0,,,,future-transportation-polygon-reference-v1
bellevue_150th_newport,independent_test,B,H,bellevue_150th_newport:B>H,straight,137,3.55659397715,True,bellevue_150th_newport:1000721|bellevue_150th_newport:1000828|bellevue_150th_newport:1000851|bellevue_150th_newport:1003998|bellevue_150th_newport:1007030,4,Bellevue_150th_Newport__2017-09-11_14-08-31|Bellevue_150th_Newport__2017-09-11_15-08-32|Bellevue_150th_Newport__2017-09-11_16-08-32|Bellevue_150th_Newport__2017-09-11_17-08-32,3731,107936,future-transportation-polygon-reference-v1
bellevue_150th_newport,independent_test,B,E,bellevue_150th_newport:B>E,left,12,0.311526479751,True,bellevue_150th_newport:1024955|bellevue_150th_newport:783950|bellevue_150th_newport:806639|bellevue_150th_newport:811748|bellevue_150th_newport:832290,4,Bellevue_150th_Newport__2017-09-11_14-08-31|Bellevue_150th_Newport__2017-09-11_15-08-32|Bellevue_150th_Newport__2017-09-11_16-08-32|Bellevue_150th_Newport__2017-09-11_17-08-32,19702,104688,future-transportation-polygon-reference-v1
bellevue_150th_newport,independent_test,C,H,bellevue_150th_newport:C>H,right,1081,28.0633437175,True,bellevue_150th_newport:1000051|bellevue_150th_newport:1000098|bellevue_150th_newport:1001218|bellevue_150th_newport:1001228|bellevue_150th_newport:1001370,4,Bellevue_150th_Newport__2017-09-11_14-08-31|Bellevue_150th_Newport__2017-09-11_15-08-32|Bellevue_150th_Newport__2017-09-11_16-08-32|Bellevue_150th_Newport__2017-09-11_17-08-32,0,107837,future-transportation-polygon-reference-v1
bellevue_150th_newport,independent_test,C,E,bellevue_150th_newport:C>E,straight,1718,44.6002076843,True,bellevue_150th_newport:1000037|bellevue_150th_newport:1000079|bellevue_150th_newport:1000113|bellevue_150th_newport:1000173|bellevue_150th_newport:1000246,4,Bellevue_150th_Newport__2017-09-11_14-08-31|Bellevue_150th_Newport__2017-09-11_15-08-32|Bellevue_150th_Newport__2017-09-11_16-08-32|Bellevue_150th_Newport__2017-09-11_17-08-32,0,107920,future-transportation-polygon-reference-v1
bellevue_150th_newport,independent_test,C,F,bellevue_150th_newport:C>F,left,0,0,False,,0,,,,future-transportation-polygon-reference-v1
bellevue_150th_newport,independent_test,D,E,bellevue_150th_newport:D>E,right,0,0,False,,0,,,,future-transportation-polygon-reference-v1
bellevue_150th_newport,independent_test,D,F,bellevue_150th_newport:D>F,straight,313,8.1256490135,True,bellevue_150th_newport:1000529|bellevue_150th_newport:1000586|bellevue_150th_newport:1000612|bellevue_150th_newport:1000722|bellevue_150th_newport:1000837,4,Bellevue_150th_Newport__2017-09-11_14-08-31|Bellevue_150th_Newport__2017-09-11_15-08-32|Bellevue_150th_Newport__2017-09-11_16-08-32|Bellevue_150th_Newport__2017-09-11_17-08-32,0,107929,future-transportation-polygon-reference-v1
bellevue_150th_newport,independent_test,D,G,bellevue_150th_newport:D>G,left,185,4.80269989616,True,bellevue_150th_newport:1006633|bellevue_150th_newport:1014244|bellevue_150th_newport:1014693|bellevue_150th_newport:1021605|bellevue_150th_newport:1021687,4,Bellevue_150th_Newport__2017-09-11_14-08-31|Bellevue_150th_Newport__2017-09-11_15-08-32|Bellevue_150th_Newport__2017-09-11_16-08-32|Bellevue_150th_Newport__2017-09-11_17-08-32,600,107213,future-transportation-polygon-reference-v1
bellevue_150th_eastgate,independent_test,A,F,bellevue_150th_eastgate:A>F,right,1111,10.4949933875,True,bellevue_150th_eastgate:1155840|bellevue_150th_eastgate:1155974|bellevue_150th_eastgate:1156028|bellevue_150th_eastgate:1156181|bellevue_150th_eastgate:1156239,5,Bellevue_150th_Eastgate__2017-09-11_13-08-32|Bellevue_150th_Eastgate__2017-09-11_14-08-31|Bellevue_150th_Eastgate__2017-09-11_15-08-33|Bellevue_150th_Eastgate__2017-09-11_16-08-33|Bellevue_150th_Eastgate__2017-09-11_17-08-33,0,107864,future-transportation-polygon-reference-v1
bellevue_150th_eastgate,independent_test,A,G,bellevue_150th_eastgate:A>G,straight,613,5.79066691857,True,bellevue_150th_eastgate:1156950|bellevue_150th_eastgate:1157257|bellevue_150th_eastgate:1158964|bellevue_150th_eastgate:1159058|bellevue_150th_eastgate:1159089,5,Bellevue_150th_Eastgate__2017-09-11_13-08-32|Bellevue_150th_Eastgate__2017-09-11_14-08-31|Bellevue_150th_Eastgate__2017-09-11_15-08-33|Bellevue_150th_Eastgate__2017-09-11_16-08-33|Bellevue_150th_Eastgate__2017-09-11_17-08-33,0,107851,future-transportation-polygon-reference-v1
bellevue_150th_eastgate,independent_test,A,H,bellevue_150th_eastgate:A>H,left,1272,12.015870017,True,bellevue_150th_eastgate:1155848|bellevue_150th_eastgate:1156932|bellevue_150th_eastgate:1157109|bellevue_150th_eastgate:1157162|bellevue_150th_eastgate:1157189,5,Bellevue_150th_Eastgate__2017-09-11_13-08-32|Bellevue_150th_Eastgate__2017-09-11_14-08-31|Bellevue_150th_Eastgate__2017-09-11_15-08-33|Bellevue_150th_Eastgate__2017-09-11_16-08-33|Bellevue_150th_Eastgate__2017-09-11_17-08-33,0,107864,future-transportation-polygon-reference-v1
bellevue_150th_eastgate,independent_test,B,G,bellevue_150th_eastgate:B>G,right,0,0,False,,0,,,,future-transportation-polygon-reference-v1
bellevue_150th_eastgate,independent_test,B,H,bellevue_150th_eastgate:B>H,straight,4051,38.2675231438,True,bellevue_150th_eastgate:1155797|bellevue_150th_eastgate:1155799|bellevue_150th_eastgate:1155800|bellevue_150th_eastgate:1155801|bellevue_150th_eastgate:1155805,5,Bellevue_150th_Eastgate__2017-09-11_13-08-32|Bellevue_150th_Eastgate__2017-09-11_14-08-31|Bellevue_150th_Eastgate__2017-09-11_15-08-33|Bellevue_150th_Eastgate__2017-09-11_16-08-33|Bellevue_150th_Eastgate__2017-09-11_17-08-33,0,107882,future-transportation-polygon-reference-v1
bellevue_150th_eastgate,independent_test,B,E,bellevue_150th_eastgate:B>E,left,99,0.935197430569,True,bellevue_150th_eastgate:1157426|bellevue_150th_eastgate:1157464|bellevue_150th_eastgate:1165115|bellevue_150th_eastgate:1167847|bellevue_150th_eastgate:1173421,5,Bellevue_150th_Eastgate__2017-09-11_13-08-32|Bellevue_150th_Eastgate__2017-09-11_14-08-31|Bellevue_150th_Eastgate__2017-09-11_15-08-33|Bellevue_150th_Eastgate__2017-09-11_16-08-33|Bellevue_150th_Eastgate__2017-09-11_17-08-33,0,107694,future-transportation-polygon-reference-v1
bellevue_150th_eastgate,independent_test,C,H,bellevue_150th_eastgate:C>H,right,850,8.02947288872,True,bellevue_150th_eastgate:1156236|bellevue_150th_eastgate:1156298|bellevue_150th_eastgate:1156845|bellevue_150th_eastgate:1159069|bellevue_150th_eastgate:1160078,5,Bellevue_150th_Eastgate__2017-09-11_13-08-32|Bellevue_150th_Eastgate__2017-09-11_14-08-31|Bellevue_150th_Eastgate__2017-09-11_15-08-33|Bellevue_150th_Eastgate__2017-09-11_16-08-33|Bellevue_150th_Eastgate__2017-09-11_17-08-33,522,107507,future-transportation-polygon-reference-v1
bellevue_150th_eastgate,independent_test,C,E,bellevue_150th_eastgate:C>E,straight,568,5.3655771774,True,bellevue_150th_eastgate:1160274|bellevue_150th_eastgate:1162358|bellevue_150th_eastgate:1162370|bellevue_150th_eastgate:1164097|bellevue_150th_eastgate:1166966,5,Bellevue_150th_Eastgate__2017-09-11_13-08-32|Bellevue_150th_Eastgate__2017-09-11_14-08-31|Bellevue_150th_Eastgate__2017-09-11_15-08-33|Bellevue_150th_Eastgate__2017-09-11_16-08-33|Bellevue_150th_Eastgate__2017-09-11_17-08-33,1091,107802,future-transportation-polygon-reference-v1
bellevue_150th_eastgate,independent_test,C,F,bellevue_150th_eastgate:C>F,left,0,0,False,,0,,,,future-transportation-polygon-reference-v1
bellevue_150th_eastgate,independent_test,D,E,bellevue_150th_eastgate:D>E,right,0,0,False,,0,,,,future-transportation-polygon-reference-v1
bellevue_150th_eastgate,independent_test,D,F,bellevue_150th_eastgate:D>F,straight,1667,15.7472133006,True,bellevue_150th_eastgate:1156033|bellevue_150th_eastgate:1156468|bellevue_150th_eastgate:1156526|bellevue_150th_eastgate:1156614|bellevue_150th_eastgate:1156618,5,Bellevue_150th_Eastgate__2017-09-11_13-08-32|Bellevue_150th_Eastgate__2017-09-11_14-08-31|Bellevue_150th_Eastgate__2017-09-11_15-08-33|Bellevue_150th_Eastgate__2017-09-11_16-08-33|Bellevue_150th_Eastgate__2017-09-11_17-08-33,11,107575,future-transportation-polygon-reference-v1
bellevue_150th_eastgate,independent_test,D,G,bellevue_150th_eastgate:D>G,left,355,3.35348573588,True,bellevue_150th_eastgate:1156647|bellevue_150th_eastgate:1156757|bellevue_150th_eastgate:1158470|bellevue_150th_eastgate:1158535|bellevue_150th_eastgate:1158574,5,Bellevue_150th_Eastgate__2017-09-11_13-08-32|Bellevue_150th_Eastgate__2017-09-11_14-08-31|Bellevue_150th_Eastgate__2017-09-11_15-08-33|Bellevue_150th_Eastgate__2017-09-11_16-08-33|Bellevue_150th_Eastgate__2017-09-11_17-08-33,1080,107434,future-transportation-polygon-reference-v1
bellevue_150th_se38th,independent_test,A,F,bellevue_150th_se38th:A>F,right,0,0,False,,0,,,,future-transportation-polygon-reference-v1
bellevue_150th_se38th,independent_test,A,G,bellevue_150th_se38th:A>G,straight,1630,47.6329631794,True,bellevue_150th_se38th:751058|bellevue_150th_se38th:751059|bellevue_150th_se38th:751156|bellevue_150th_se38th:751452|bellevue_150th_se38th:751553,6,Bellevue_150th_SE38th__2017-09-11_11-08-34|Bellevue_150th_SE38th__2017-09-11_12-08-38|Bellevue_150th_SE38th__2017-09-11_13-08-32|Bellevue_150th_SE38th__2017-09-11_14-08-32|Bellevue_150th_SE38th__2017-09-11_16-08-35|Bellevue_150th_SE38th__2017-09-11_17-08-45,0,104891,future-transportation-polygon-reference-v1
bellevue_150th_se38th,independent_test,A,H,bellevue_150th_se38th:A>H,left,182,5.31852717709,True,bellevue_150th_se38th:751282|bellevue_150th_se38th:751516|bellevue_150th_se38th:752787|bellevue_150th_se38th:754113|bellevue_150th_se38th:755286,6,Bellevue_150th_SE38th__2017-09-11_11-08-34|Bellevue_150th_SE38th__2017-09-11_12-08-38|Bellevue_150th_SE38th__2017-09-11_13-08-32|Bellevue_150th_SE38th__2017-09-11_14-08-32|Bellevue_150th_SE38th__2017-09-11_16-08-35|Bellevue_150th_SE38th__2017-09-11_17-08-45,539,102078,future-transportation-polygon-reference-v1
bellevue_150th_se38th,independent_test,B,G,bellevue_150th_se38th:B>G,right,0,0,False,,0,,,,future-transportation-polygon-reference-v1
bellevue_150th_se38th,independent_test,B,H,bellevue_150th_se38th:B>H,straight,70,2.0455873758,True,bellevue_150th_se38th:755886|bellevue_150th_se38th:766336|bellevue_150th_se38th:769941|bellevue_150th_se38th:781473|bellevue_150th_se38th:782156,6,Bellevue_150th_SE38th__2017-09-11_11-08-34|Bellevue_150th_SE38th__2017-09-11_12-08-38|Bellevue_150th_SE38th__2017-09-11_13-08-32|Bellevue_150th_SE38th__2017-09-11_14-08-32|Bellevue_150th_SE38th__2017-09-11_16-08-35|Bellevue_150th_SE38th__2017-09-11_17-08-45,1920,104996,future-transportation-polygon-reference-v1
bellevue_150th_se38th,independent_test,B,E,bellevue_150th_se38th:B>E,left,204,5.96142606663,True,bellevue_150th_se38th:753643|bellevue_150th_se38th:756049|bellevue_150th_se38th:756557|bellevue_150th_se38th:761156|bellevue_150th_se38th:766020,6,Bellevue_150th_SE38th__2017-09-11_11-08-34|Bellevue_150th_SE38th__2017-09-11_12-08-38|Bellevue_150th_SE38th__2017-09-11_13-08-32|Bellevue_150th_SE38th__2017-09-11_14-08-32|Bellevue_150th_SE38th__2017-09-11_16-08-35|Bellevue_150th_SE38th__2017-09-11_17-08-45,0,104466,future-transportation-polygon-reference-v1
bellevue_150th_se38th,independent_test,C,H,bellevue_150th_se38th:C>H,right,10,0.292226767972,True,bellevue_150th_se38th:778951|bellevue_150th_se38th:860957|bellevue_150th_se38th:873167|bellevue_150th_se38th:883734|bellevue_150th_se38th:894422,3,Bellevue_150th_SE38th__2017-09-11_11-08-34|Bellevue_150th_SE38th__2017-09-11_13-08-32|Bellevue_150th_SE38th__2017-09-11_14-08-32,8234,92390,future-transportation-polygon-reference-v1
bellevue_150th_se38th,independent_test,C,E,bellevue_150th_se38th:C>E,straight,1117,32.6417299825,True,bellevue_150th_se38th:751126|bellevue_150th_se38th:751139|bellevue_150th_se38th:751196|bellevue_150th_se38th:751428|bellevue_150th_se38th:751472,6,Bellevue_150th_SE38th__2017-09-11_11-08-34|Bellevue_150th_SE38th__2017-09-11_12-08-38|Bellevue_150th_SE38th__2017-09-11_13-08-32|Bellevue_150th_SE38th__2017-09-11_14-08-32|Bellevue_150th_SE38th__2017-09-11_16-08-35|Bellevue_150th_SE38th__2017-09-11_17-08-45,0,104122,future-transportation-polygon-reference-v1
bellevue_150th_se38th,independent_test,C,F,bellevue_150th_se38th:C>F,left,12,0.350672121566,True,bellevue_150th_se38th:772039|bellevue_150th_se38th:776806|bellevue_150th_se38th:777218|bellevue_150th_se38th:793343|bellevue_150th_se38th:820065,4,Bellevue_150th_SE38th__2017-09-11_11-08-34|Bellevue_150th_SE38th__2017-09-11_12-08-38|Bellevue_150th_SE38th__2017-09-11_13-08-32|Bellevue_150th_SE38th__2017-09-11_14-08-32,15823,92259,future-transportation-polygon-reference-v1
bellevue_150th_se38th,independent_test,D,E,bellevue_150th_se38th:D>E,right,0,0,False,,0,,,,future-transportation-polygon-reference-v1
bellevue_150th_se38th,independent_test,D,F,bellevue_150th_se38th:D>F,straight,56,1.63646990064,True,bellevue_150th_se38th:751753|bellevue_150th_se38th:758586|bellevue_150th_se38th:776246|bellevue_150th_se38th:785101|bellevue_150th_se38th:796638,5,Bellevue_150th_SE38th__2017-09-11_11-08-34|Bellevue_150th_SE38th__2017-09-11_12-08-38|Bellevue_150th_SE38th__2017-09-11_13-08-32|Bellevue_150th_SE38th__2017-09-11_14-08-32|Bellevue_150th_SE38th__2017-09-11_17-08-45,1987,103549,future-transportation-polygon-reference-v1
bellevue_150th_se38th,independent_test,D,G,bellevue_150th_se38th:D>G,left,141,4.1203974284,True,bellevue_150th_se38th:754438|bellevue_150th_se38th:754470|bellevue_150th_se38th:756963|bellevue_150th_se38th:756974|bellevue_150th_se38th:765520,6,Bellevue_150th_SE38th__2017-09-11_11-08-34|Bellevue_150th_SE38th__2017-09-11_12-08-38|Bellevue_150th_SE38th__2017-09-11_13-08-32|Bellevue_150th_SE38th__2017-09-11_14-08-32|Bellevue_150th_SE38th__2017-09-11_16-08-35|Bellevue_150th_SE38th__2017-09-11_17-08-45,2026,105643,future-transportation-polygon-reference-v1
bellevue_ne8th,independent_test,A,F,bellevue_ne8th:A>F,right,0,0,False,,0,,,,future-transportation-polygon-reference-v1
bellevue_ne8th,independent_test,A,G,bellevue_ne8th:A>G,straight,1868,24.8735019973,True,bellevue_ne8th:1100472|bellevue_ne8th:1100500|bellevue_ne8th:1100571|bellevue_ne8th:1100709|bellevue_ne8th:1100740,5,Bellevue_Bellevue_NE8th__2017-09-11_12-08-31|Bellevue_Bellevue_NE8th__2017-09-11_13-08-32|Bellevue_Bellevue_NE8th__2017-09-11_14-08-31|Bellevue_Bellevue_NE8th__2017-09-11_15-08-32|Bellevue_Bellevue_NE8th__2017-09-11_16-08-32,0,107443,future-transportation-polygon-reference-v1
bellevue_ne8th,independent_test,A,H,bellevue_ne8th:A>H,left,701,9.33422103862,True,bellevue_ne8th:1102647|bellevue_ne8th:1102652|bellevue_ne8th:1102755|bellevue_ne8th:1106565|bellevue_ne8th:1106574,5,Bellevue_Bellevue_NE8th__2017-09-11_12-08-31|Bellevue_Bellevue_NE8th__2017-09-11_13-08-32|Bellevue_Bellevue_NE8th__2017-09-11_14-08-31|Bellevue_Bellevue_NE8th__2017-09-11_15-08-32|Bellevue_Bellevue_NE8th__2017-09-11_16-08-32,707,106895,future-transportation-polygon-reference-v1
bellevue_ne8th,independent_test,B,G,bellevue_ne8th:B>G,right,0,0,False,,0,,,,future-transportation-polygon-reference-v1
bellevue_ne8th,independent_test,B,H,bellevue_ne8th:B>H,straight,1203,16.0186418109,True,bellevue_ne8th:1101963|bellevue_ne8th:1102129|bellevue_ne8th:1105996|bellevue_ne8th:1106058|bellevue_ne8th:1106080,5,Bellevue_Bellevue_NE8th__2017-09-11_12-08-31|Bellevue_Bellevue_NE8th__2017-09-11_13-08-32|Bellevue_Bellevue_NE8th__2017-09-11_14-08-31|Bellevue_Bellevue_NE8th__2017-09-11_15-08-32|Bellevue_Bellevue_NE8th__2017-09-11_16-08-32,0,107975,future-transportation-polygon-reference-v1
bellevue_ne8th,independent_test,B,E,bellevue_ne8th:B>E,left,109,1.45139813582,True,bellevue_ne8th:1108474|bellevue_ne8th:1108493|bellevue_ne8th:1111951|bellevue_ne8th:1115250|bellevue_ne8th:1115254,5,Bellevue_Bellevue_NE8th__2017-09-11_12-08-31|Bellevue_Bellevue_NE8th__2017-09-11_13-08-32|Bellevue_Bellevue_NE8th__2017-09-11_14-08-31|Bellevue_Bellevue_NE8th__2017-09-11_15-08-32|Bellevue_Bellevue_NE8th__2017-09-11_16-08-32,388,107540,future-transportation-polygon-reference-v1
bellevue_ne8th,independent_test,C,H,bellevue_ne8th:C>H,right,19,0.252996005326,True,bellevue_ne8th:1122004|bellevue_ne8th:1196190|bellevue_ne8th:1201857|bellevue_ne8th:1209645|bellevue_ne8th:1228788,5,Bellevue_Bellevue_NE8th__2017-09-11_12-08-31|Bellevue_Bellevue_NE8th__2017-09-11_13-08-32|Bellevue_Bellevue_NE8th__2017-09-11_14-08-31|Bellevue_Bellevue_NE8th__2017-09-11_15-08-32|Bellevue_Bellevue_NE8th__2017-09-11_16-08-32,15713,107198,future-transportation-polygon-reference-v1
bellevue_ne8th,independent_test,C,E,bellevue_ne8th:C>E,straight,1706,22.7163781625,True,bellevue_ne8th:1100468|bellevue_ne8th:1100475|bellevue_ne8th:1100480|bellevue_ne8th:1100481|bellevue_ne8th:1100482,5,Bellevue_Bellevue_NE8th__2017-09-11_12-08-31|Bellevue_Bellevue_NE8th__2017-09-11_13-08-32|Bellevue_Bellevue_NE8th__2017-09-11_14-08-31|Bellevue_Bellevue_NE8th__2017-09-11_15-08-32|Bellevue_Bellevue_NE8th__2017-09-11_16-08-32,0,107787,future-transportation-polygon-reference-v1
bellevue_ne8th,independent_test,C,F,bellevue_ne8th:C>F,left,279,3.71504660453,True,bellevue_ne8th:1101130|bellevue_ne8th:1101170|bellevue_ne8th:1101189|bellevue_ne8th:1101227|bellevue_ne8th:1104728,5,Bellevue_Bellevue_NE8th__2017-09-11_12-08-31|Bellevue_Bellevue_NE8th__2017-09-11_13-08-32|Bellevue_Bellevue_NE8th__2017-09-11_14-08-31|Bellevue_Bellevue_NE8th__2017-09-11_15-08-32|Bellevue_Bellevue_NE8th__2017-09-11_16-08-32,41,107953,future-transportation-polygon-reference-v1
bellevue_ne8th,independent_test,D,E,bellevue_ne8th:D>E,right,33,0.439414114514,True,bellevue_ne8th:1128387|bellevue_ne8th:1131221|bellevue_ne8th:1133427|bellevue_ne8th:1140782|bellevue_ne8th:1141457,5,Bellevue_Bellevue_NE8th__2017-09-11_12-08-31|Bellevue_Bellevue_NE8th__2017-09-11_13-08-32|Bellevue_Bellevue_NE8th__2017-09-11_14-08-31|Bellevue_Bellevue_NE8th__2017-09-11_15-08-32|Bellevue_Bellevue_NE8th__2017-09-11_16-08-32,2501,97689,future-transportation-polygon-reference-v1
bellevue_ne8th,independent_test,D,F,bellevue_ne8th:D>F,straight,1370,18.2423435419,True,bellevue_ne8th:1101212|bellevue_ne8th:1101309|bellevue_ne8th:1101532|bellevue_ne8th:1101914|bellevue_ne8th:1102155,5,Bellevue_Bellevue_NE8th__2017-09-11_12-08-31|Bellevue_Bellevue_NE8th__2017-09-11_13-08-32|Bellevue_Bellevue_NE8th__2017-09-11_14-08-31|Bellevue_Bellevue_NE8th__2017-09-11_15-08-32|Bellevue_Bellevue_NE8th__2017-09-11_16-08-32,0,107979,future-transportation-polygon-reference-v1
bellevue_ne8th,independent_test,D,G,bellevue_ne8th:D>G,left,222,2.95605858855,True,bellevue_ne8th:1105383|bellevue_ne8th:1105487|bellevue_ne8th:1111859|bellevue_ne8th:1111919|bellevue_ne8th:1111952,5,Bellevue_Bellevue_NE8th__2017-09-11_12-08-31|Bellevue_Bellevue_NE8th__2017-09-11_13-08-32|Bellevue_Bellevue_NE8th__2017-09-11_14-08-31|Bellevue_Bellevue_NE8th__2017-09-11_15-08-32|Bellevue_Bellevue_NE8th__2017-09-11_16-08-32,948,107638,future-transportation-polygon-reference-v1
bellevue_116th_ne12th,total,A,F,bellevue_116th_ne12th:A>F,right,58,2.76453765491,True,bellevue_116th_ne12th:124122|bellevue_116th_ne12th:14937|bellevue_116th_ne12th:30333|bellevue_116th_ne12th:424328|bellevue_116th_ne12th:447031,12,Bellevue_116th_NE12th__2017-09-10_19-08-25|Bellevue_116th_NE12th__2017-09-10_22-08-50|Bellevue_116th_NE12th__2017-09-11_06-08-30|Bellevue_116th_NE12th__2017-09-11_07-08-32|Bellevue_116th_NE12th__2017-09-11_08-08-50|Bellevue_116th_NE12th__2017-09-11_09-08-31|Bellevue_116th_NE12th__2017-09-11_11-08-33|Bellevue_116th_NE12th__2017-09-11_12-08-33|Bellevue_116th_NE12th__2017-09-11_14-08-35|Bellevue_116th_NE12th__2017-09-11_15-08-36|Bellevue_116th_NE12th__2017-09-11_16-08-37|Bellevue_116th_NE12th__2017-09-11_17-08-39,36,104333,future-transportation-polygon-reference-v1
bellevue_116th_ne12th,total,A,G,bellevue_116th_ne12th:A>G,straight,305,14.5376549094,True,bellevue_116th_ne12th:100251|bellevue_116th_ne12th:100739|bellevue_116th_ne12th:10224|bellevue_116th_ne12th:103105|bellevue_116th_ne12th:106507,20,Bellevue_116th_NE12th__2017-09-10_19-08-25|Bellevue_116th_NE12th__2017-09-10_20-09-12|Bellevue_116th_NE12th__2017-09-10_21-08-54|Bellevue_116th_NE12th__2017-09-10_22-08-50|Bellevue_116th_NE12th__2017-09-10_23-08-29|Bellevue_116th_NE12th__2017-09-11_01-08-29|Bellevue_116th_NE12th__2017-09-11_02-08-32|Bellevue_116th_NE12th__2017-09-11_03-08-30|Bellevue_116th_NE12th__2017-09-11_04-08-30|Bellevue_116th_NE12th__2017-09-11_05-08-39|Bellevue_116th_NE12th__2017-09-11_06-08-30|Bellevue_116th_NE12th__2017-09-11_07-08-32|Bellevue_116th_NE12th__2017-09-11_08-08-50|Bellevue_116th_NE12th__2017-09-11_09-08-31|Bellevue_116th_NE12th__2017-09-11_11-08-33|Bellevue_116th_NE12th__2017-09-11_12-08-33|Bellevue_116th_NE12th__2017-09-11_14-08-35|Bellevue_116th_NE12th__2017-09-11_15-08-36|Bellevue_116th_NE12th__2017-09-11_16-08-37|Bellevue_116th_NE12th__2017-09-11_17-08-39,0,106851,future-transportation-polygon-reference-v1
bellevue_116th_ne12th,total,A,H,bellevue_116th_ne12th:A>H,left,56,2.66920877026,True,bellevue_116th_ne12th:117473|bellevue_116th_ne12th:151179|bellevue_116th_ne12th:15668|bellevue_116th_ne12th:21931|bellevue_116th_ne12th:26755,13,Bellevue_116th_NE12th__2017-09-10_19-08-25|Bellevue_116th_NE12th__2017-09-10_20-09-12|Bellevue_116th_NE12th__2017-09-10_21-08-54|Bellevue_116th_NE12th__2017-09-10_23-08-29|Bellevue_116th_NE12th__2017-09-11_06-08-30|Bellevue_116th_NE12th__2017-09-11_08-08-50|Bellevue_116th_NE12th__2017-09-11_09-08-31|Bellevue_116th_NE12th__2017-09-11_11-08-33|Bellevue_116th_NE12th__2017-09-11_12-08-33|Bellevue_116th_NE12th__2017-09-11_14-08-35|Bellevue_116th_NE12th__2017-09-11_15-08-36|Bellevue_116th_NE12th__2017-09-11_16-08-37|Bellevue_116th_NE12th__2017-09-11_17-08-39,2,102886,future-transportation-polygon-reference-v1
bellevue_116th_ne12th,total,B,G,bellevue_116th_ne12th:B>G,right,0,0,False,,0,,,,future-transportation-polygon-reference-v1
bellevue_116th_ne12th,total,B,H,bellevue_116th_ne12th:B>H,straight,525,25.0238322212,True,bellevue_116th_ne12th:10173|bellevue_116th_ne12th:10232|bellevue_116th_ne12th:10289|bellevue_116th_ne12th:103479|bellevue_116th_ne12th:104130,21,Bellevue_116th_NE12th__2017-09-10_19-08-25|Bellevue_116th_NE12th__2017-09-10_20-09-12|Bellevue_116th_NE12th__2017-09-10_21-08-54|Bellevue_116th_NE12th__2017-09-10_22-08-50|Bellevue_116th_NE12th__2017-09-10_23-08-29|Bellevue_116th_NE12th__2017-09-11_00-08-29|Bellevue_116th_NE12th__2017-09-11_01-08-29|Bellevue_116th_NE12th__2017-09-11_02-08-32|Bellevue_116th_NE12th__2017-09-11_03-08-30|Bellevue_116th_NE12th__2017-09-11_04-08-30|Bellevue_116th_NE12th__2017-09-11_05-08-39|Bellevue_116th_NE12th__2017-09-11_06-08-30|Bellevue_116th_NE12th__2017-09-11_07-08-32|Bellevue_116th_NE12th__2017-09-11_08-08-50|Bellevue_116th_NE12th__2017-09-11_09-08-31|Bellevue_116th_NE12th__2017-09-11_11-08-33|Bellevue_116th_NE12th__2017-09-11_12-08-33|Bellevue_116th_NE12th__2017-09-11_14-08-35|Bellevue_116th_NE12th__2017-09-11_15-08-36|Bellevue_116th_NE12th__2017-09-11_16-08-37|Bellevue_116th_NE12th__2017-09-11_17-08-39,0,106404,future-transportation-polygon-reference-v1
bellevue_116th_ne12th,total,B,E,bellevue_116th_ne12th:B>E,left,11,0.524308865586,True,bellevue_116th_ne12th:426094|bellevue_116th_ne12th:467170|bellevue_116th_ne12th:470845|bellevue_116th_ne12th:470917|bellevue_116th_ne12th:474454,7,Bellevue_116th_NE12th__2017-09-11_06-08-30|Bellevue_116th_NE12th__2017-09-11_08-08-50|Bellevue_116th_NE12th__2017-09-11_09-08-31|Bellevue_116th_NE12th__2017-09-11_11-08-33|Bellevue_116th_NE12th__2017-09-11_14-08-35|Bellevue_116th_NE12th__2017-09-11_16-08-37|Bellevue_116th_NE12th__2017-09-11_17-08-39,0,50048,future-transportation-polygon-reference-v1
bellevue_116th_ne12th,total,C,H,bellevue_116th_ne12th:C>H,right,16,0.762631077216,True,bellevue_116th_ne12th:109585|bellevue_116th_ne12th:18142|bellevue_116th_ne12th:18881|bellevue_116th_ne12th:421449|bellevue_116th_ne12th:434346,8,Bellevue_116th_NE12th__2017-09-10_19-08-25|Bellevue_116th_NE12th__2017-09-10_21-08-54|Bellevue_116th_NE12th__2017-09-11_06-08-30|Bellevue_116th_NE12th__2017-09-11_07-08-32|Bellevue_116th_NE12th__2017-09-11_08-08-50|Bellevue_116th_NE12th__2017-09-11_09-08-31|Bellevue_116th_NE12th__2017-09-11_11-08-33|Bellevue_116th_NE12th__2017-09-11_14-08-35,1551,105881,future-transportation-polygon-reference-v1
bellevue_116th_ne12th,total,C,E,bellevue_116th_ne12th:C>E,straight,321,15.3002859867,True,bellevue_116th_ne12th:100909|bellevue_116th_ne12th:10389|bellevue_116th_ne12th:10414|bellevue_116th_ne12th:104933|bellevue_116th_ne12th:106247,20,Bellevue_116th_NE12th__2017-09-10_19-08-25|Bellevue_116th_NE12th__2017-09-10_20-09-12|Bellevue_116th_NE12th__2017-09-10_21-08-54|Bellevue_116th_NE12th__2017-09-10_22-08-50|Bellevue_116th_NE12th__2017-09-10_23-08-29|Bellevue_116th_NE12th__2017-09-11_00-08-29|Bellevue_116th_NE12th__2017-09-11_01-08-29|Bellevue_116th_NE12th__2017-09-11_02-08-32|Bellevue_116th_NE12th__2017-09-11_03-08-30|Bellevue_116th_NE12th__2017-09-11_04-08-30|Bellevue_116th_NE12th__2017-09-11_05-08-39|Bellevue_116th_NE12th__2017-09-11_06-08-30|Bellevue_116th_NE12th__2017-09-11_07-08-32|Bellevue_116th_NE12th__2017-09-11_08-08-50|Bellevue_116th_NE12th__2017-09-11_09-08-31|Bellevue_116th_NE12th__2017-09-11_11-08-33|Bellevue_116th_NE12th__2017-09-11_12-08-33|Bellevue_116th_NE12th__2017-09-11_14-08-35|Bellevue_116th_NE12th__2017-09-11_16-08-37|Bellevue_116th_NE12th__2017-09-11_17-08-39,0,106851,future-transportation-polygon-reference-v1
bellevue_116th_ne12th,total,C,F,bellevue_116th_ne12th:C>F,left,0,0,False,,0,,,,future-transportation-polygon-reference-v1
bellevue_116th_ne12th,total,D,E,bellevue_116th_ne12th:D>E,right,52,2.47855100095,True,bellevue_116th_ne12th:17439|bellevue_116th_ne12th:1806|bellevue_116th_ne12th:34368|bellevue_116th_ne12th:38235|bellevue_116th_ne12th:417181,8,Bellevue_116th_NE12th__2017-09-10_19-08-25|Bellevue_116th_NE12th__2017-09-11_06-08-30|Bellevue_116th_NE12th__2017-09-11_07-08-32|Bellevue_116th_NE12th__2017-09-11_08-08-50|Bellevue_116th_NE12th__2017-09-11_09-08-31|Bellevue_116th_NE12th__2017-09-11_11-08-33|Bellevue_116th_NE12th__2017-09-11_14-08-35|Bellevue_116th_NE12th__2017-09-11_15-08-36,47,103619,future-transportation-polygon-reference-v1
bellevue_116th_ne12th,total,D,F,bellevue_116th_ne12th:D>F,straight,618,29.4566253575,True,bellevue_116th_ne12th:101268|bellevue_116th_ne12th:101679|bellevue_116th_ne12th:10312|bellevue_116th_ne12th:10326|bellevue_116th_ne12th:10333,20,Bellevue_116th_NE12th__2017-09-10_19-08-25|Bellevue_116th_NE12th__2017-09-10_20-09-12|Bellevue_116th_NE12th__2017-09-10_21-08-54|Bellevue_116th_NE12th__2017-09-10_22-08-50|Bellevue_116th_NE12th__2017-09-10_23-08-29|Bellevue_116th_NE12th__2017-09-11_00-08-29|Bellevue_116th_NE12th__2017-09-11_01-08-29|Bellevue_116th_NE12th__2017-09-11_02-08-32|Bellevue_116th_NE12th__2017-09-11_03-08-30|Bellevue_116th_NE12th__2017-09-11_04-08-30|Bellevue_116th_NE12th__2017-09-11_05-08-39|Bellevue_116th_NE12th__2017-09-11_06-08-30|Bellevue_116th_NE12th__2017-09-11_07-08-32|Bellevue_116th_NE12th__2017-09-11_08-08-50|Bellevue_116th_NE12th__2017-09-11_09-08-31|Bellevue_116th_NE12th__2017-09-11_11-08-33|Bellevue_116th_NE12th__2017-09-11_12-08-33|Bellevue_116th_NE12th__2017-09-11_14-08-35|Bellevue_116th_NE12th__2017-09-11_15-08-36|Bellevue_116th_NE12th__2017-09-11_17-08-39,0,106166,future-transportation-polygon-reference-v1
bellevue_116th_ne12th,total,D,G,bellevue_116th_ne12th:D>G,left,136,6.48236415634,True,bellevue_116th_ne12th:10341|bellevue_116th_ne12th:110143|bellevue_116th_ne12th:110750|bellevue_116th_ne12th:111587|bellevue_116th_ne12th:115,16,Bellevue_116th_NE12th__2017-09-10_19-08-25|Bellevue_116th_NE12th__2017-09-10_20-09-12|Bellevue_116th_NE12th__2017-09-10_21-08-54|Bellevue_116th_NE12th__2017-09-10_23-08-29|Bellevue_116th_NE12th__2017-09-11_00-08-29|Bellevue_116th_NE12th__2017-09-11_01-08-29|Bellevue_116th_NE12th__2017-09-11_02-08-32|Bellevue_116th_NE12th__2017-09-11_03-08-30|Bellevue_116th_NE12th__2017-09-11_04-08-30|Bellevue_116th_NE12th__2017-09-11_06-08-30|Bellevue_116th_NE12th__2017-09-11_07-08-32|Bellevue_116th_NE12th__2017-09-11_08-08-50|Bellevue_116th_NE12th__2017-09-11_09-08-31|Bellevue_116th_NE12th__2017-09-11_14-08-35|Bellevue_116th_NE12th__2017-09-11_15-08-36|Bellevue_116th_NE12th__2017-09-11_17-08-39,90,106463,future-transportation-polygon-reference-v1
bellevue_150th_newport,total,A,F,bellevue_150th_newport:A>F,right,101,1.10430789416,True,bellevue_150th_newport:1002647|bellevue_150th_newport:1004147|bellevue_150th_newport:1030600|bellevue_150th_newport:152592|bellevue_150th_newport:198871,17,Bellevue_150th_Newport__2017-09-10_18-08-24|Bellevue_150th_Newport__2017-09-10_19-08-24|Bellevue_150th_Newport__2017-09-10_20-08-25|Bellevue_150th_Newport__2017-09-10_22-08-28|Bellevue_150th_Newport__2017-09-11_05-08-29|Bellevue_150th_Newport__2017-09-11_06-08-30|Bellevue_150th_Newport__2017-09-11_07-08-31|Bellevue_150th_Newport__2017-09-11_08-08-31|Bellevue_150th_Newport__2017-09-11_09-08-30|Bellevue_150th_Newport__2017-09-11_10-08-31|Bellevue_150th_Newport__2017-09-11_11-08-32|Bellevue_150th_Newport__2017-09-11_12-08-32|Bellevue_150th_Newport__2017-09-11_13-08-32|Bellevue_150th_Newport__2017-09-11_14-08-31|Bellevue_150th_Newport__2017-09-11_15-08-32|Bellevue_150th_Newport__2017-09-11_16-08-32|Bellevue_150th_Newport__2017-09-11_17-08-32,365,103059,future-transportation-polygon-reference-v1
bellevue_150th_newport,total,A,G,bellevue_150th_newport:A>G,straight,1654,18.0844084846,True,bellevue_150th_newport:1000176|bellevue_150th_newport:1003080|bellevue_150th_newport:1005633|bellevue_150th_newport:1005704|bellevue_150th_newport:1005945,19,Bellevue_150th_Newport__2017-09-10_18-08-24|Bellevue_150th_Newport__2017-09-10_19-08-24|Bellevue_150th_Newport__2017-09-10_20-08-25|Bellevue_150th_Newport__2017-09-10_21-08-28|Bellevue_150th_Newport__2017-09-10_22-08-28|Bellevue_150th_Newport__2017-09-11_04-08-29|Bellevue_150th_Newport__2017-09-11_05-08-29|Bellevue_150th_Newport__2017-09-11_06-08-30|Bellevue_150th_Newport__2017-09-11_07-08-31|Bellevue_150th_Newport__2017-09-11_08-08-31|Bellevue_150th_Newport__2017-09-11_09-08-30|Bellevue_150th_Newport__2017-09-11_10-08-31|Bellevue_150th_Newport__2017-09-11_11-08-32|Bellevue_150th_Newport__2017-09-11_12-08-32|Bellevue_150th_Newport__2017-09-11_13-08-32|Bellevue_150th_Newport__2017-09-11_14-08-31|Bellevue_150th_Newport__2017-09-11_15-08-32|Bellevue_150th_Newport__2017-09-11_16-08-32|Bellevue_150th_Newport__2017-09-11_17-08-32,23,107927,future-transportation-polygon-reference-v1
bellevue_150th_newport,total,A,H,bellevue_150th_newport:A>H,left,58,0.634157008528,True,bellevue_150th_newport:1013651|bellevue_150th_newport:1013679|bellevue_150th_newport:1017428|bellevue_150th_newport:26185|bellevue_150th_newport:294814,11,Bellevue_150th_Newport__2017-09-10_18-08-24|Bellevue_150th_Newport__2017-09-11_06-08-30|Bellevue_150th_Newport__2017-09-11_07-08-31|Bellevue_150th_Newport__2017-09-11_08-08-31|Bellevue_150th_Newport__2017-09-11_09-08-30|Bellevue_150th_Newport__2017-09-11_10-08-31|Bellevue_150th_Newport__2017-09-11_12-08-32|Bellevue_150th_Newport__2017-09-11_13-08-32|Bellevue_150th_Newport__2017-09-11_15-08-32|Bellevue_150th_Newport__2017-09-11_16-08-32|Bellevue_150th_Newport__2017-09-11_17-08-32,780,105646,future-transportation-polygon-reference-v1
bellevue_150th_newport,total,B,G,bellevue_150th_newport:B>G,right,0,0,False,,0,,,,future-transportation-polygon-reference-v1
bellevue_150th_newport,total,B,H,bellevue_150th_newport:B>H,straight,382,4.17668926307,True,bellevue_150th_newport:1000721|bellevue_150th_newport:1000828|bellevue_150th_newport:1000851|bellevue_150th_newport:1003998|bellevue_150th_newport:1007030,23,Bellevue_150th_Newport__2017-09-10_18-08-24|Bellevue_150th_Newport__2017-09-10_19-08-24|Bellevue_150th_Newport__2017-09-10_20-08-25|Bellevue_150th_Newport__2017-09-10_21-08-28|Bellevue_150th_Newport__2017-09-10_22-08-28|Bellevue_150th_Newport__2017-09-10_23-08-29|Bellevue_150th_Newport__2017-09-11_00-08-29|Bellevue_150th_Newport__2017-09-11_01-08-29|Bellevue_150th_Newport__2017-09-11_03-08-29|Bellevue_150th_Newport__2017-09-11_04-08-29|Bellevue_150th_Newport__2017-09-11_05-08-29|Bellevue_150th_Newport__2017-09-11_06-08-30|Bellevue_150th_Newport__2017-09-11_07-08-31|Bellevue_150th_Newport__2017-09-11_08-08-31|Bellevue_150th_Newport__2017-09-11_09-08-30|Bellevue_150th_Newport__2017-09-11_10-08-31|Bellevue_150th_Newport__2017-09-11_11-08-32|Bellevue_150th_Newport__2017-09-11_12-08-32|Bellevue_150th_Newport__2017-09-11_13-08-32|Bellevue_150th_Newport__2017-09-11_14-08-31|Bellevue_150th_Newport__2017-09-11_15-08-32|Bellevue_150th_Newport__2017-09-11_16-08-32|Bellevue_150th_Newport__2017-09-11_17-08-32,0,107943,future-transportation-polygon-reference-v1
bellevue_150th_newport,total,B,E,bellevue_150th_newport:B>E,left,26,0.284277279685,True,bellevue_150th_newport:1024955|bellevue_150th_newport:129030|bellevue_150th_newport:129085|bellevue_150th_newport:203265|bellevue_150th_newport:260292,12,Bellevue_150th_Newport__2017-09-10_20-08-25|Bellevue_150th_Newport__2017-09-10_23-08-29|Bellevue_150th_Newport__2017-09-11_04-08-29|Bellevue_150th_Newport__2017-09-11_06-08-30|Bellevue_150th_Newport__2017-09-11_07-08-31|Bellevue_150th_Newport__2017-09-11_08-08-31|Bellevue_150th_Newport__2017-09-11_09-08-30|Bellevue_150th_Newport__2017-09-11_13-08-32|Bellevue_150th_Newport__2017-09-11_14-08-31|Bellevue_150th_Newport__2017-09-11_15-08-32|Bellevue_150th_Newport__2017-09-11_16-08-32|Bellevue_150th_Newport__2017-09-11_17-08-32,5292,106926,future-transportation-polygon-reference-v1
bellevue_150th_newport,total,C,H,bellevue_150th_newport:C>H,right,1727,18.882571616,True,bellevue_150th_newport:1000051|bellevue_150th_newport:1000098|bellevue_150th_newport:1001218|bellevue_150th_newport:1001228|bellevue_150th_newport:1001370,21,Bellevue_150th_Newport__2017-09-10_18-08-24|Bellevue_150th_Newport__2017-09-10_19-08-24|Bellevue_150th_Newport__2017-09-10_20-08-25|Bellevue_150th_Newport__2017-09-10_21-08-28|Bellevue_150th_Newport__2017-09-10_22-08-28|Bellevue_150th_Newport__2017-09-10_23-08-29|Bellevue_150th_Newport__2017-09-11_00-08-29|Bellevue_150th_Newport__2017-09-11_03-08-29|Bellevue_150th_Newport__2017-09-11_05-08-29|Bellevue_150th_Newport__2017-09-11_06-08-30|Bellevue_150th_Newport__2017-09-11_07-08-31|Bellevue_150th_Newport__2017-09-11_08-08-31|Bellevue_150th_Newport__2017-09-11_09-08-30|Bellevue_150th_Newport__2017-09-11_10-08-31|Bellevue_150th_Newport__2017-09-11_11-08-32|Bellevue_150th_Newport__2017-09-11_12-08-32|Bellevue_150th_Newport__2017-09-11_13-08-32|Bellevue_150th_Newport__2017-09-11_14-08-31|Bellevue_150th_Newport__2017-09-11_15-08-32|Bellevue_150th_Newport__2017-09-11_16-08-32|Bellevue_150th_Newport__2017-09-11_17-08-32,0,107974,future-transportation-polygon-reference-v1
bellevue_150th_newport,total,C,E,bellevue_150th_newport:C>E,straight,3933,43.0024054231,True,bellevue_150th_newport:10|bellevue_150th_newport:1000037|bellevue_150th_newport:1000079|bellevue_150th_newport:1000113|bellevue_150th_newport:1000173,24,Bellevue_150th_Newport__2017-09-10_18-08-24|Bellevue_150th_Newport__2017-09-10_19-08-24|Bellevue_150th_Newport__2017-09-10_20-08-25|Bellevue_150th_Newport__2017-09-10_21-08-28|Bellevue_150th_Newport__2017-09-10_22-08-28|Bellevue_150th_Newport__2017-09-10_23-08-29|Bellevue_150th_Newport__2017-09-11_00-08-29|Bellevue_150th_Newport__2017-09-11_01-08-29|Bellevue_150th_Newport__2017-09-11_02-08-29|Bellevue_150th_Newport__2017-09-11_03-08-29|Bellevue_150th_Newport__2017-09-11_04-08-29|Bellevue_150th_Newport__2017-09-11_05-08-29|Bellevue_150th_Newport__2017-09-11_06-08-30|Bellevue_150th_Newport__2017-09-11_07-08-31|Bellevue_150th_Newport__2017-09-11_08-08-31|Bellevue_150th_Newport__2017-09-11_09-08-30|Bellevue_150th_Newport__2017-09-11_10-08-31|Bellevue_150th_Newport__2017-09-11_11-08-32|Bellevue_150th_Newport__2017-09-11_12-08-32|Bellevue_150th_Newport__2017-09-11_13-08-32|Bellevue_150th_Newport__2017-09-11_14-08-31|Bellevue_150th_Newport__2017-09-11_15-08-32|Bellevue_150th_Newport__2017-09-11_16-08-32|Bellevue_150th_Newport__2017-09-11_17-08-32,0,107970,future-transportation-polygon-reference-v1
bellevue_150th_newport,total,C,F,bellevue_150th_newport:C>F,left,0,0,False,,0,,,,future-transportation-polygon-reference-v1
bellevue_150th_newport,total,D,E,bellevue_150th_newport:D>E,right,0,0,False,,0,,,,future-transportation-polygon-reference-v1
bellevue_150th_newport,total,D,F,bellevue_150th_newport:D>F,straight,619,6.76798600481,True,bellevue_150th_newport:1000529|bellevue_150th_newport:1000586|bellevue_150th_newport:1000612|bellevue_150th_newport:1000722|bellevue_150th_newport:1000837,23,Bellevue_150th_Newport__2017-09-10_18-08-24|Bellevue_150th_Newport__2017-09-10_19-08-24|Bellevue_150th_Newport__2017-09-10_20-08-25|Bellevue_150th_Newport__2017-09-10_21-08-28|Bellevue_150th_Newport__2017-09-10_22-08-28|Bellevue_150th_Newport__2017-09-10_23-08-29|Bellevue_150th_Newport__2017-09-11_00-08-29|Bellevue_150th_Newport__2017-09-11_02-08-29|Bellevue_150th_Newport__2017-09-11_03-08-29|Bellevue_150th_Newport__2017-09-11_04-08-29|Bellevue_150th_Newport__2017-09-11_05-08-29|Bellevue_150th_Newport__2017-09-11_06-08-30|Bellevue_150th_Newport__2017-09-11_07-08-31|Bellevue_150th_Newport__2017-09-11_08-08-31|Bellevue_150th_Newport__2017-09-11_09-08-30|Bellevue_150th_Newport__2017-09-11_10-08-31|Bellevue_150th_Newport__2017-09-11_11-08-32|Bellevue_150th_Newport__2017-09-11_12-08-32|Bellevue_150th_Newport__2017-09-11_13-08-32|Bellevue_150th_Newport__2017-09-11_14-08-31|Bellevue_150th_Newport__2017-09-11_15-08-32|Bellevue_150th_Newport__2017-09-11_16-08-32|Bellevue_150th_Newport__2017-09-11_17-08-32,0,107942,future-transportation-polygon-reference-v1
bellevue_150th_newport,total,D,G,bellevue_150th_newport:D>G,left,646,7.06319702602,True,bellevue_150th_newport:1006633|bellevue_150th_newport:100741|bellevue_150th_newport:1014244|bellevue_150th_newport:1014693|bellevue_150th_newport:1021605,19,Bellevue_150th_Newport__2017-09-10_18-08-24|Bellevue_150th_Newport__2017-09-10_19-08-24|Bellevue_150th_Newport__2017-09-10_20-08-25|Bellevue_150th_Newport__2017-09-10_21-08-28|Bellevue_150th_Newport__2017-09-10_23-08-29|Bellevue_150th_Newport__2017-09-11_04-08-29|Bellevue_150th_Newport__2017-09-11_05-08-29|Bellevue_150th_Newport__2017-09-11_06-08-30|Bellevue_150th_Newport__2017-09-11_07-08-31|Bellevue_150th_Newport__2017-09-11_08-08-31|Bellevue_150th_Newport__2017-09-11_09-08-30|Bellevue_150th_Newport__2017-09-11_10-08-31|Bellevue_150th_Newport__2017-09-11_11-08-32|Bellevue_150th_Newport__2017-09-11_12-08-32|Bellevue_150th_Newport__2017-09-11_13-08-32|Bellevue_150th_Newport__2017-09-11_14-08-31|Bellevue_150th_Newport__2017-09-11_15-08-32|Bellevue_150th_Newport__2017-09-11_16-08-32|Bellevue_150th_Newport__2017-09-11_17-08-32,0,107973,future-transportation-polygon-reference-v1
bellevue_150th_eastgate,total,A,F,bellevue_150th_eastgate:A>F,right,3404,13.2580331061,True,bellevue_150th_eastgate:1000053|bellevue_150th_eastgate:1000230|bellevue_150th_eastgate:1000408|bellevue_150th_eastgate:1001380|bellevue_150th_eastgate:1001536,23,Bellevue_150th_Eastgate__2017-09-10_18-08-24|Bellevue_150th_Eastgate__2017-09-10_19-08-25|Bellevue_150th_Eastgate__2017-09-10_20-08-25|Bellevue_150th_Eastgate__2017-09-10_21-08-28|Bellevue_150th_Eastgate__2017-09-10_22-08-28|Bellevue_150th_Eastgate__2017-09-10_23-08-29|Bellevue_150th_Eastgate__2017-09-11_01-08-29|Bellevue_150th_Eastgate__2017-09-11_02-08-29|Bellevue_150th_Eastgate__2017-09-11_03-08-30|Bellevue_150th_Eastgate__2017-09-11_04-08-29|Bellevue_150th_Eastgate__2017-09-11_05-08-30|Bellevue_150th_Eastgate__2017-09-11_06-08-30|Bellevue_150th_Eastgate__2017-09-11_07-08-31|Bellevue_150th_Eastgate__2017-09-11_08-08-31|Bellevue_150th_Eastgate__2017-09-11_09-08-31|Bellevue_150th_Eastgate__2017-09-11_10-08-31|Bellevue_150th_Eastgate__2017-09-11_11-08-32|Bellevue_150th_Eastgate__2017-09-11_12-08-32|Bellevue_150th_Eastgate__2017-09-11_13-08-32|Bellevue_150th_Eastgate__2017-09-11_14-08-31|Bellevue_150th_Eastgate__2017-09-11_15-08-33|Bellevue_150th_Eastgate__2017-09-11_16-08-33|Bellevue_150th_Eastgate__2017-09-11_17-08-33,0,107864,future-transportation-polygon-reference-v1
bellevue_150th_eastgate,total,A,G,bellevue_150th_eastgate:A>G,straight,2231,8.6893865628,True,bellevue_150th_eastgate:1002681|bellevue_150th_eastgate:1005034|bellevue_150th_eastgate:1005094|bellevue_150th_eastgate:1005150|bellevue_150th_eastgate:1005214,24,Bellevue_150th_Eastgate__2017-09-10_18-08-24|Bellevue_150th_Eastgate__2017-09-10_19-08-25|Bellevue_150th_Eastgate__2017-09-10_20-08-25|Bellevue_150th_Eastgate__2017-09-10_21-08-28|Bellevue_150th_Eastgate__2017-09-10_22-08-28|Bellevue_150th_Eastgate__2017-09-10_23-08-29|Bellevue_150th_Eastgate__2017-09-11_00-08-29|Bellevue_150th_Eastgate__2017-09-11_01-08-29|Bellevue_150th_Eastgate__2017-09-11_02-08-29|Bellevue_150th_Eastgate__2017-09-11_03-08-30|Bellevue_150th_Eastgate__2017-09-11_04-08-29|Bellevue_150th_Eastgate__2017-09-11_05-08-30|Bellevue_150th_Eastgate__2017-09-11_06-08-30|Bellevue_150th_Eastgate__2017-09-11_07-08-31|Bellevue_150th_Eastgate__2017-09-11_08-08-31|Bellevue_150th_Eastgate__2017-09-11_09-08-31|Bellevue_150th_Eastgate__2017-09-11_10-08-31|Bellevue_150th_Eastgate__2017-09-11_11-08-32|Bellevue_150th_Eastgate__2017-09-11_12-08-32|Bellevue_150th_Eastgate__2017-09-11_13-08-32|Bellevue_150th_Eastgate__2017-09-11_14-08-31|Bellevue_150th_Eastgate__2017-09-11_15-08-33|Bellevue_150th_Eastgate__2017-09-11_16-08-33|Bellevue_150th_Eastgate__2017-09-11_17-08-33,0,107851,future-transportation-polygon-reference-v1
bellevue_150th_eastgate,total,A,H,bellevue_150th_eastgate:A>H,left,2549,9.92794547225,True,bellevue_150th_eastgate:1001181|bellevue_150th_eastgate:1001223|bellevue_150th_eastgate:1001275|bellevue_150th_eastgate:1001291|bellevue_150th_eastgate:1001310,24,Bellevue_150th_Eastgate__2017-09-10_18-08-24|Bellevue_150th_Eastgate__2017-09-10_19-08-25|Bellevue_150th_Eastgate__2017-09-10_20-08-25|Bellevue_150th_Eastgate__2017-09-10_21-08-28|Bellevue_150th_Eastgate__2017-09-10_22-08-28|Bellevue_150th_Eastgate__2017-09-10_23-08-29|Bellevue_150th_Eastgate__2017-09-11_00-08-29|Bellevue_150th_Eastgate__2017-09-11_01-08-29|Bellevue_150th_Eastgate__2017-09-11_02-08-29|Bellevue_150th_Eastgate__2017-09-11_03-08-30|Bellevue_150th_Eastgate__2017-09-11_04-08-29|Bellevue_150th_Eastgate__2017-09-11_05-08-30|Bellevue_150th_Eastgate__2017-09-11_06-08-30|Bellevue_150th_Eastgate__2017-09-11_07-08-31|Bellevue_150th_Eastgate__2017-09-11_08-08-31|Bellevue_150th_Eastgate__2017-09-11_09-08-31|Bellevue_150th_Eastgate__2017-09-11_10-08-31|Bellevue_150th_Eastgate__2017-09-11_11-08-32|Bellevue_150th_Eastgate__2017-09-11_12-08-32|Bellevue_150th_Eastgate__2017-09-11_13-08-32|Bellevue_150th_Eastgate__2017-09-11_14-08-31|Bellevue_150th_Eastgate__2017-09-11_15-08-33|Bellevue_150th_Eastgate__2017-09-11_16-08-33|Bellevue_150th_Eastgate__2017-09-11_17-08-33,0,107864,future-transportation-polygon-reference-v1
bellevue_150th_eastgate,total,B,G,bellevue_150th_eastgate:B>G,right,0,0,False,,0,,,,future-transportation-polygon-reference-v1
bellevue_150th_eastgate,total,B,H,bellevue_150th_eastgate:B>H,straight,7602,29.6085686465,True,bellevue_150th_eastgate:1000044|bellevue_150th_eastgate:1000095|bellevue_150th_eastgate:1000114|bellevue_150th_eastgate:100131|bellevue_150th_eastgate:1001679,24,Bellevue_150th_Eastgate__2017-09-10_18-08-24|Bellevue_150th_Eastgate__2017-09-10_19-08-25|Bellevue_150th_Eastgate__2017-09-10_20-08-25|Bellevue_150th_Eastgate__2017-09-10_21-08-28|Bellevue_150th_Eastgate__2017-09-10_22-08-28|Bellevue_150th_Eastgate__2017-09-10_23-08-29|Bellevue_150th_Eastgate__2017-09-11_00-08-29|Bellevue_150th_Eastgate__2017-09-11_01-08-29|Bellevue_150th_Eastgate__2017-09-11_02-08-29|Bellevue_150th_Eastgate__2017-09-11_03-08-30|Bellevue_150th_Eastgate__2017-09-11_04-08-29|Bellevue_150th_Eastgate__2017-09-11_05-08-30|Bellevue_150th_Eastgate__2017-09-11_06-08-30|Bellevue_150th_Eastgate__2017-09-11_07-08-31|Bellevue_150th_Eastgate__2017-09-11_08-08-31|Bellevue_150th_Eastgate__2017-09-11_09-08-31|Bellevue_150th_Eastgate__2017-09-11_10-08-31|Bellevue_150th_Eastgate__2017-09-11_11-08-32|Bellevue_150th_Eastgate__2017-09-11_12-08-32|Bellevue_150th_Eastgate__2017-09-11_13-08-32|Bellevue_150th_Eastgate__2017-09-11_14-08-31|Bellevue_150th_Eastgate__2017-09-11_15-08-33|Bellevue_150th_Eastgate__2017-09-11_16-08-33|Bellevue_150th_Eastgate__2017-09-11_17-08-33,0,107904,future-transportation-polygon-reference-v1
bellevue_150th_eastgate,total,B,E,bellevue_150th_eastgate:B>E,left,310,1.20740019474,True,bellevue_150th_eastgate:1007346|bellevue_150th_eastgate:1011456|bellevue_150th_eastgate:1013622|bellevue_150th_eastgate:1016548|bellevue_150th_eastgate:102538,17,Bellevue_150th_Eastgate__2017-09-10_18-08-24|Bellevue_150th_Eastgate__2017-09-10_19-08-25|Bellevue_150th_Eastgate__2017-09-10_20-08-25|Bellevue_150th_Eastgate__2017-09-10_21-08-28|Bellevue_150th_Eastgate__2017-09-11_01-08-29|Bellevue_150th_Eastgate__2017-09-11_06-08-30|Bellevue_150th_Eastgate__2017-09-11_07-08-31|Bellevue_150th_Eastgate__2017-09-11_08-08-31|Bellevue_150th_Eastgate__2017-09-11_09-08-31|Bellevue_150th_Eastgate__2017-09-11_10-08-31|Bellevue_150th_Eastgate__2017-09-11_11-08-32|Bellevue_150th_Eastgate__2017-09-11_12-08-32|Bellevue_150th_Eastgate__2017-09-11_13-08-32|Bellevue_150th_Eastgate__2017-09-11_14-08-31|Bellevue_150th_Eastgate__2017-09-11_15-08-33|Bellevue_150th_Eastgate__2017-09-11_16-08-33|Bellevue_150th_Eastgate__2017-09-11_17-08-33,0,107694,future-transportation-polygon-reference-v1
bellevue_150th_eastgate,total,C,H,bellevue_150th_eastgate:C>H,right,1436,5.59298928919,True,bellevue_150th_eastgate:1000720|bellevue_150th_eastgate:1002677|bellevue_150th_eastgate:1002936|bellevue_150th_eastgate:1006248|bellevue_150th_eastgate:1006437,23,Bellevue_150th_Eastgate__2017-09-10_18-08-24|Bellevue_150th_Eastgate__2017-09-10_19-08-25|Bellevue_150th_Eastgate__2017-09-10_20-08-25|Bellevue_150th_Eastgate__2017-09-10_21-08-28|Bellevue_150th_Eastgate__2017-09-10_22-08-28|Bellevue_150th_Eastgate__2017-09-10_23-08-29|Bellevue_150th_Eastgate__2017-09-11_01-08-29|Bellevue_150th_Eastgate__2017-09-11_02-08-29|Bellevue_150th_Eastgate__2017-09-11_03-08-30|Bellevue_150th_Eastgate__2017-09-11_04-08-29|Bellevue_150th_Eastgate__2017-09-11_05-08-30|Bellevue_150th_Eastgate__2017-09-11_06-08-30|Bellevue_150th_Eastgate__2017-09-11_07-08-31|Bellevue_150th_Eastgate__2017-09-11_08-08-31|Bellevue_150th_Eastgate__2017-09-11_09-08-31|Bellevue_150th_Eastgate__2017-09-11_10-08-31|Bellevue_150th_Eastgate__2017-09-11_11-08-32|Bellevue_150th_Eastgate__2017-09-11_12-08-32|Bellevue_150th_Eastgate__2017-09-11_13-08-32|Bellevue_150th_Eastgate__2017-09-11_14-08-31|Bellevue_150th_Eastgate__2017-09-11_15-08-33|Bellevue_150th_Eastgate__2017-09-11_16-08-33|Bellevue_150th_Eastgate__2017-09-11_17-08-33,0,107681,future-transportation-polygon-reference-v1
bellevue_150th_eastgate,total,C,E,bellevue_150th_eastgate:C>E,straight,1034,4.02726387537,True,bellevue_150th_eastgate:1000753|bellevue_150th_eastgate:1000771|bellevue_150th_eastgate:1000817|bellevue_150th_eastgate:1004302|bellevue_150th_eastgate:1004366,24,Bellevue_150th_Eastgate__2017-09-10_18-08-24|Bellevue_150th_Eastgate__2017-09-10_19-08-25|Bellevue_150th_Eastgate__2017-09-10_20-08-25|Bellevue_150th_Eastgate__2017-09-10_21-08-28|Bellevue_150th_Eastgate__2017-09-10_22-08-28|Bellevue_150th_Eastgate__2017-09-10_23-08-29|Bellevue_150th_Eastgate__2017-09-11_00-08-29|Bellevue_150th_Eastgate__2017-09-11_01-08-29|Bellevue_150th_Eastgate__2017-09-11_02-08-29|Bellevue_150th_Eastgate__2017-09-11_03-08-30|Bellevue_150th_Eastgate__2017-09-11_04-08-29|Bellevue_150th_Eastgate__2017-09-11_05-08-30|Bellevue_150th_Eastgate__2017-09-11_06-08-30|Bellevue_150th_Eastgate__2017-09-11_07-08-31|Bellevue_150th_Eastgate__2017-09-11_08-08-31|Bellevue_150th_Eastgate__2017-09-11_09-08-31|Bellevue_150th_Eastgate__2017-09-11_10-08-31|Bellevue_150th_Eastgate__2017-09-11_11-08-32|Bellevue_150th_Eastgate__2017-09-11_12-08-32|Bellevue_150th_Eastgate__2017-09-11_13-08-32|Bellevue_150th_Eastgate__2017-09-11_14-08-31|Bellevue_150th_Eastgate__2017-09-11_15-08-33|Bellevue_150th_Eastgate__2017-09-11_16-08-33|Bellevue_150th_Eastgate__2017-09-11_17-08-33,1091,107805,future-transportation-polygon-reference-v1
bellevue_150th_eastgate,total,C,F,bellevue_150th_eastgate:C>F,left,0,0,False,,0,,,,future-transportation-polygon-reference-v1
bellevue_150th_eastgate,total,D,E,bellevue_150th_eastgate:D>E,right,0,0,False,,0,,,,future-transportation-polygon-reference-v1
bellevue_150th_eastgate,total,D,F,bellevue_150th_eastgate:D>F,straight,5328,20.7517039922,True,bellevue_150th_eastgate:1000010|bellevue_150th_eastgate:1000150|bellevue_150th_eastgate:1000227|bellevue_150th_eastgate:1000256|bellevue_150th_eastgate:1000425,24,Bellevue_150th_Eastgate__2017-09-10_18-08-24|Bellevue_150th_Eastgate__2017-09-10_19-08-25|Bellevue_150th_Eastgate__2017-09-10_20-08-25|Bellevue_150th_Eastgate__2017-09-10_21-08-28|Bellevue_150th_Eastgate__2017-09-10_22-08-28|Bellevue_150th_Eastgate__2017-09-10_23-08-29|Bellevue_150th_Eastgate__2017-09-11_00-08-29|Bellevue_150th_Eastgate__2017-09-11_01-08-29|Bellevue_150th_Eastgate__2017-09-11_02-08-29|Bellevue_150th_Eastgate__2017-09-11_03-08-30|Bellevue_150th_Eastgate__2017-09-11_04-08-29|Bellevue_150th_Eastgate__2017-09-11_05-08-30|Bellevue_150th_Eastgate__2017-09-11_06-08-30|Bellevue_150th_Eastgate__2017-09-11_07-08-31|Bellevue_150th_Eastgate__2017-09-11_08-08-31|Bellevue_150th_Eastgate__2017-09-11_09-08-31|Bellevue_150th_Eastgate__2017-09-11_10-08-31|Bellevue_150th_Eastgate__2017-09-11_11-08-32|Bellevue_150th_Eastgate__2017-09-11_12-08-32|Bellevue_150th_Eastgate__2017-09-11_13-08-32|Bellevue_150th_Eastgate__2017-09-11_14-08-31|Bellevue_150th_Eastgate__2017-09-11_15-08-33|Bellevue_150th_Eastgate__2017-09-11_16-08-33|Bellevue_150th_Eastgate__2017-09-11_17-08-33,0,107783,future-transportation-polygon-reference-v1
bellevue_150th_eastgate,total,D,G,bellevue_150th_eastgate:D>G,left,1781,6.93670886076,True,bellevue_150th_eastgate:1000484|bellevue_150th_eastgate:1000579|bellevue_150th_eastgate:1000602|bellevue_150th_eastgate:1002543|bellevue_150th_eastgate:1004194,24,Bellevue_150th_Eastgate__2017-09-10_18-08-24|Bellevue_150th_Eastgate__2017-09-10_19-08-25|Bellevue_150th_Eastgate__2017-09-10_20-08-25|Bellevue_150th_Eastgate__2017-09-10_21-08-28|Bellevue_150th_Eastgate__2017-09-10_22-08-28|Bellevue_150th_Eastgate__2017-09-10_23-08-29|Bellevue_150th_Eastgate__2017-09-11_00-08-29|Bellevue_150th_Eastgate__2017-09-11_01-08-29|Bellevue_150th_Eastgate__2017-09-11_02-08-29|Bellevue_150th_Eastgate__2017-09-11_03-08-30|Bellevue_150th_Eastgate__2017-09-11_04-08-29|Bellevue_150th_Eastgate__2017-09-11_05-08-30|Bellevue_150th_Eastgate__2017-09-11_06-08-30|Bellevue_150th_Eastgate__2017-09-11_07-08-31|Bellevue_150th_Eastgate__2017-09-11_08-08-31|Bellevue_150th_Eastgate__2017-09-11_09-08-31|Bellevue_150th_Eastgate__2017-09-11_10-08-31|Bellevue_150th_Eastgate__2017-09-11_11-08-32|Bellevue_150th_Eastgate__2017-09-11_12-08-32|Bellevue_150th_Eastgate__2017-09-11_13-08-32|Bellevue_150th_Eastgate__2017-09-11_14-08-31|Bellevue_150th_Eastgate__2017-09-11_15-08-33|Bellevue_150th_Eastgate__2017-09-11_16-08-33|Bellevue_150th_Eastgate__2017-09-11_17-08-33,0,107509,future-transportation-polygon-reference-v1
bellevue_150th_se38th,total,A,F,bellevue_150th_se38th:A>F,right,0,0,False,,0,,,,future-transportation-polygon-reference-v1
bellevue_150th_se38th,total,A,G,bellevue_150th_se38th:A>G,straight,3602,43.127394636,True,bellevue_150th_se38th:1|bellevue_150th_se38th:100466|bellevue_150th_se38th:100644|bellevue_150th_se38th:100664|bellevue_150th_se38th:101490,23,Bellevue_150th_SE38th__2017-09-10_18-08-24|Bellevue_150th_SE38th__2017-09-10_19-08-25|Bellevue_150th_SE38th__2017-09-10_20-08-25|Bellevue_150th_SE38th__2017-09-10_21-08-38|Bellevue_150th_SE38th__2017-09-10_22-08-28|Bellevue_150th_SE38th__2017-09-10_23-08-29|Bellevue_150th_SE38th__2017-09-11_00-08-29|Bellevue_150th_SE38th__2017-09-11_01-08-30|Bellevue_150th_SE38th__2017-09-11_02-08-29|Bellevue_150th_SE38th__2017-09-11_03-08-30|Bellevue_150th_SE38th__2017-09-11_04-08-29|Bellevue_150th_SE38th__2017-09-11_05-08-30|Bellevue_150th_SE38th__2017-09-11_06-08-32|Bellevue_150th_SE38th__2017-09-11_07-08-31|Bellevue_150th_SE38th__2017-09-11_08-09-36|Bellevue_150th_SE38th__2017-09-11_09-08-31|Bellevue_150th_SE38th__2017-09-11_10-08-33|Bellevue_150th_SE38th__2017-09-11_11-08-34|Bellevue_150th_SE38th__2017-09-11_12-08-38|Bellevue_150th_SE38th__2017-09-11_13-08-32|Bellevue_150th_SE38th__2017-09-11_14-08-32|Bellevue_150th_SE38th__2017-09-11_16-08-35|Bellevue_150th_SE38th__2017-09-11_17-08-45,0,107999,future-transportation-polygon-reference-v1
bellevue_150th_se38th,total,A,H,bellevue_150th_se38th:A>H,left,521,6.23802681992,True,bellevue_150th_se38th:100413|bellevue_150th_se38th:100454|bellevue_150th_se38th:10379|bellevue_150th_se38th:107040|bellevue_150th_se38th:109783,23,Bellevue_150th_SE38th__2017-09-10_18-08-24|Bellevue_150th_SE38th__2017-09-10_19-08-25|Bellevue_150th_SE38th__2017-09-10_20-08-25|Bellevue_150th_SE38th__2017-09-10_21-08-38|Bellevue_150th_SE38th__2017-09-10_22-08-28|Bellevue_150th_SE38th__2017-09-10_23-08-29|Bellevue_150th_SE38th__2017-09-11_00-08-29|Bellevue_150th_SE38th__2017-09-11_01-08-30|Bellevue_150th_SE38th__2017-09-11_02-08-29|Bellevue_150th_SE38th__2017-09-11_03-08-30|Bellevue_150th_SE38th__2017-09-11_04-08-29|Bellevue_150th_SE38th__2017-09-11_05-08-30|Bellevue_150th_SE38th__2017-09-11_06-08-32|Bellevue_150th_SE38th__2017-09-11_07-08-31|Bellevue_150th_SE38th__2017-09-11_08-09-36|Bellevue_150th_SE38th__2017-09-11_09-08-31|Bellevue_150th_SE38th__2017-09-11_10-08-33|Bellevue_150th_SE38th__2017-09-11_11-08-34|Bellevue_150th_SE38th__2017-09-11_12-08-38|Bellevue_150th_SE38th__2017-09-11_13-08-32|Bellevue_150th_SE38th__2017-09-11_14-08-32|Bellevue_150th_SE38th__2017-09-11_16-08-35|Bellevue_150th_SE38th__2017-09-11_17-08-45,0,107030,future-transportation-polygon-reference-v1
bellevue_150th_se38th,total,B,G,bellevue_150th_se38th:B>G,right,3,0.0359195402299,True,bellevue_150th_se38th:118608|bellevue_150th_se38th:28347|bellevue_150th_se38th:90150,2,Bellevue_150th_SE38th__2017-09-10_18-08-24|Bellevue_150th_SE38th__2017-09-10_19-08-25,48534,107403,future-transportation-polygon-reference-v1
bellevue_150th_se38th,total,B,H,bellevue_150th_se38th:B>H,straight,153,1.83189655172,True,bellevue_150th_se38th:11860|bellevue_150th_se38th:123411|bellevue_150th_se38th:124187|bellevue_150th_se38th:134784|bellevue_150th_se38th:138498,21,Bellevue_150th_SE38th__2017-09-10_18-08-24|Bellevue_150th_SE38th__2017-09-10_19-08-25|Bellevue_150th_SE38th__2017-09-10_20-08-25|Bellevue_150th_SE38th__2017-09-10_21-08-38|Bellevue_150th_SE38th__2017-09-10_22-08-28|Bellevue_150th_SE38th__2017-09-10_23-08-29|Bellevue_150th_SE38th__2017-09-11_00-08-29|Bellevue_150th_SE38th__2017-09-11_01-08-30|Bellevue_150th_SE38th__2017-09-11_03-08-30|Bellevue_150th_SE38th__2017-09-11_04-08-29|Bellevue_150th_SE38th__2017-09-11_05-08-30|Bellevue_150th_SE38th__2017-09-11_07-08-31|Bellevue_150th_SE38th__2017-09-11_08-09-36|Bellevue_150th_SE38th__2017-09-11_09-08-31|Bellevue_150th_SE38th__2017-09-11_10-08-33|Bellevue_150th_SE38th__2017-09-11_11-08-34|Bellevue_150th_SE38th__2017-09-11_12-08-38|Bellevue_150th_SE38th__2017-09-11_13-08-32|Bellevue_150th_SE38th__2017-09-11_14-08-32|Bellevue_150th_SE38th__2017-09-11_16-08-35|Bellevue_150th_SE38th__2017-09-11_17-08-45,0,106486,future-transportation-polygon-reference-v1
bellevue_150th_se38th,total,B,E,bellevue_150th_se38th:B>E,left,364,4.35823754789,True,bellevue_150th_se38th:11389|bellevue_150th_se38th:117380|bellevue_150th_se38th:118307|bellevue_150th_se38th:123675|bellevue_150th_se38th:13238,20,Bellevue_150th_SE38th__2017-09-10_18-08-24|Bellevue_150th_SE38th__2017-09-10_19-08-25|Bellevue_150th_SE38th__2017-09-10_20-08-25|Bellevue_150th_SE38th__2017-09-10_21-08-38|Bellevue_150th_SE38th__2017-09-10_22-08-28|Bellevue_150th_SE38th__2017-09-10_23-08-29|Bellevue_150th_SE38th__2017-09-11_00-08-29|Bellevue_150th_SE38th__2017-09-11_04-08-29|Bellevue_150th_SE38th__2017-09-11_05-08-30|Bellevue_150th_SE38th__2017-09-11_06-08-32|Bellevue_150th_SE38th__2017-09-11_07-08-31|Bellevue_150th_SE38th__2017-09-11_08-09-36|Bellevue_150th_SE38th__2017-09-11_09-08-31|Bellevue_150th_SE38th__2017-09-11_10-08-33|Bellevue_150th_SE38th__2017-09-11_11-08-34|Bellevue_150th_SE38th__2017-09-11_12-08-38|Bellevue_150th_SE38th__2017-09-11_13-08-32|Bellevue_150th_SE38th__2017-09-11_14-08-32|Bellevue_150th_SE38th__2017-09-11_16-08-35|Bellevue_150th_SE38th__2017-09-11_17-08-45,0,107780,future-transportation-polygon-reference-v1
bellevue_150th_se38th,total,C,H,bellevue_150th_se38th:C>H,right,22,0.263409961686,True,bellevue_150th_se38th:217664|bellevue_150th_se38th:45194|bellevue_150th_se38th:527624|bellevue_150th_se38th:582507|bellevue_150th_se38th:583240,10,Bellevue_150th_SE38th__2017-09-10_18-08-24|Bellevue_150th_SE38th__2017-09-10_19-08-25|Bellevue_150th_SE38th__2017-09-10_21-08-38|Bellevue_150th_SE38th__2017-09-11_05-08-30|Bellevue_150th_SE38th__2017-09-11_07-08-31|Bellevue_150th_SE38th__2017-09-11_09-08-31|Bellevue_150th_SE38th__2017-09-11_10-08-33|Bellevue_150th_SE38th__2017-09-11_11-08-34|Bellevue_150th_SE38th__2017-09-11_13-08-32|Bellevue_150th_SE38th__2017-09-11_14-08-32,1389,103834,future-transportation-polygon-reference-v1
bellevue_150th_se38th,total,C,E,bellevue_150th_se38th:C>E,straight,3198,38.2902298851,True,bellevue_150th_se38th:100135|bellevue_150th_se38th:100890|bellevue_150th_se38th:100994|bellevue_150th_se38th:101130|bellevue_150th_se38th:10322,23,Bellevue_150th_SE38th__2017-09-10_18-08-24|Bellevue_150th_SE38th__2017-09-10_19-08-25|Bellevue_150th_SE38th__2017-09-10_20-08-25|Bellevue_150th_SE38th__2017-09-10_21-08-38|Bellevue_150th_SE38th__2017-09-10_22-08-28|Bellevue_150th_SE38th__2017-09-10_23-08-29|Bellevue_150th_SE38th__2017-09-11_00-08-29|Bellevue_150th_SE38th__2017-09-11_01-08-30|Bellevue_150th_SE38th__2017-09-11_02-08-29|Bellevue_150th_SE38th__2017-09-11_03-08-30|Bellevue_150th_SE38th__2017-09-11_04-08-29|Bellevue_150th_SE38th__2017-09-11_05-08-30|Bellevue_150th_SE38th__2017-09-11_06-08-32|Bellevue_150th_SE38th__2017-09-11_07-08-31|Bellevue_150th_SE38th__2017-09-11_08-09-36|Bellevue_150th_SE38th__2017-09-11_09-08-31|Bellevue_150th_SE38th__2017-09-11_10-08-33|Bellevue_150th_SE38th__2017-09-11_11-08-34|Bellevue_150th_SE38th__2017-09-11_12-08-38|Bellevue_150th_SE38th__2017-09-11_13-08-32|Bellevue_150th_SE38th__2017-09-11_14-08-32|Bellevue_150th_SE38th__2017-09-11_16-08-35|Bellevue_150th_SE38th__2017-09-11_17-08-45,0,107770,future-transportation-polygon-reference-v1
bellevue_150th_se38th,total,C,F,bellevue_150th_se38th:C>F,left,29,0.347222222222,True,bellevue_150th_se38th:105503|bellevue_150th_se38th:107121|bellevue_150th_se38th:32956|bellevue_150th_se38th:49700|bellevue_150th_se38th:538754,11,Bellevue_150th_SE38th__2017-09-10_18-08-24|Bellevue_150th_SE38th__2017-09-10_19-08-25|Bellevue_150th_SE38th__2017-09-11_06-08-32|Bellevue_150th_SE38th__2017-09-11_07-08-31|Bellevue_150th_SE38th__2017-09-11_08-09-36|Bellevue_150th_SE38th__2017-09-11_09-08-31|Bellevue_150th_SE38th__2017-09-11_10-08-33|Bellevue_150th_SE38th__2017-09-11_11-08-34|Bellevue_150th_SE38th__2017-09-11_12-08-38|Bellevue_150th_SE38th__2017-09-11_13-08-32|Bellevue_150th_SE38th__2017-09-11_14-08-32,876,98256,future-transportation-polygon-reference-v1
bellevue_150th_se38th,total,D,E,bellevue_150th_se38th:D>E,right,0,0,False,,0,,,,future-transportation-polygon-reference-v1
bellevue_150th_se38th,total,D,F,bellevue_150th_se38th:D>F,straight,138,1.65229885057,True,bellevue_150th_se38th:111271|bellevue_150th_se38th:14382|bellevue_150th_se38th:146525|bellevue_150th_se38th:153078|bellevue_150th_se38th:157941,18,Bellevue_150th_SE38th__2017-09-10_18-08-24|Bellevue_150th_SE38th__2017-09-10_19-08-25|Bellevue_150th_SE38th__2017-09-10_20-08-25|Bellevue_150th_SE38th__2017-09-10_21-08-38|Bellevue_150th_SE38th__2017-09-10_22-08-28|Bellevue_150th_SE38th__2017-09-11_01-08-30|Bellevue_150th_SE38th__2017-09-11_04-08-29|Bellevue_150th_SE38th__2017-09-11_05-08-30|Bellevue_150th_SE38th__2017-09-11_06-08-32|Bellevue_150th_SE38th__2017-09-11_07-08-31|Bellevue_150th_SE38th__2017-09-11_08-09-36|Bellevue_150th_SE38th__2017-09-11_09-08-31|Bellevue_150th_SE38th__2017-09-11_10-08-33|Bellevue_150th_SE38th__2017-09-11_11-08-34|Bellevue_150th_SE38th__2017-09-11_12-08-38|Bellevue_150th_SE38th__2017-09-11_13-08-32|Bellevue_150th_SE38th__2017-09-11_14-08-32|Bellevue_150th_SE38th__2017-09-11_17-08-45,1987,107375,future-transportation-polygon-reference-v1
bellevue_150th_se38th,total,D,G,bellevue_150th_se38th:D>G,left,322,3.85536398467,True,bellevue_150th_se38th:101001|bellevue_150th_se38th:104351|bellevue_150th_se38th:104439|bellevue_150th_se38th:104475|bellevue_150th_se38th:105886,21,Bellevue_150th_SE38th__2017-09-10_18-08-24|Bellevue_150th_SE38th__2017-09-10_19-08-25|Bellevue_150th_SE38th__2017-09-10_20-08-25|Bellevue_150th_SE38th__2017-09-10_21-08-38|Bellevue_150th_SE38th__2017-09-10_22-08-28|Bellevue_150th_SE38th__2017-09-10_23-08-29|Bellevue_150th_SE38th__2017-09-11_00-08-29|Bellevue_150th_SE38th__2017-09-11_03-08-30|Bellevue_150th_SE38th__2017-09-11_04-08-29|Bellevue_150th_SE38th__2017-09-11_05-08-30|Bellevue_150th_SE38th__2017-09-11_06-08-32|Bellevue_150th_SE38th__2017-09-11_07-08-31|Bellevue_150th_SE38th__2017-09-11_08-09-36|Bellevue_150th_SE38th__2017-09-11_09-08-31|Bellevue_150th_SE38th__2017-09-11_10-08-33|Bellevue_150th_SE38th__2017-09-11_11-08-34|Bellevue_150th_SE38th__2017-09-11_12-08-38|Bellevue_150th_SE38th__2017-09-11_13-08-32|Bellevue_150th_SE38th__2017-09-11_14-08-32|Bellevue_150th_SE38th__2017-09-11_16-08-35|Bellevue_150th_SE38th__2017-09-11_17-08-45,2026,105679,future-transportation-polygon-reference-v1
bellevue_ne8th,total,A,F,bellevue_ne8th:A>F,right,0,0,False,,0,,,,future-transportation-polygon-reference-v1
bellevue_ne8th,total,A,G,bellevue_ne8th:A>G,straight,3931,21.9400569292,True,bellevue_ne8th:1000063|bellevue_ne8th:1000241|bellevue_ne8th:1000343|bellevue_ne8th:1000386|bellevue_ne8th:1000501,23,Bellevue_Bellevue_NE8th__2017-09-10_18-08-23|Bellevue_Bellevue_NE8th__2017-09-10_19-08-24|Bellevue_Bellevue_NE8th__2017-09-10_20-08-24|Bellevue_Bellevue_NE8th__2017-09-10_21-08-28|Bellevue_Bellevue_NE8th__2017-09-10_22-08-28|Bellevue_Bellevue_NE8th__2017-09-10_23-08-29|Bellevue_Bellevue_NE8th__2017-09-11_00-08-29|Bellevue_Bellevue_NE8th__2017-09-11_01-08-29|Bellevue_Bellevue_NE8th__2017-09-11_02-08-29|Bellevue_Bellevue_NE8th__2017-09-11_03-08-29|Bellevue_Bellevue_NE8th__2017-09-11_04-08-29|Bellevue_Bellevue_NE8th__2017-09-11_05-08-29|Bellevue_Bellevue_NE8th__2017-09-11_06-08-29|Bellevue_Bellevue_NE8th__2017-09-11_07-08-31|Bellevue_Bellevue_NE8th__2017-09-11_08-08-31|Bellevue_Bellevue_NE8th__2017-09-11_09-08-30|Bellevue_Bellevue_NE8th__2017-09-11_10-08-31|Bellevue_Bellevue_NE8th__2017-09-11_11-08-31|Bellevue_Bellevue_NE8th__2017-09-11_12-08-31|Bellevue_Bellevue_NE8th__2017-09-11_13-08-32|Bellevue_Bellevue_NE8th__2017-09-11_14-08-31|Bellevue_Bellevue_NE8th__2017-09-11_15-08-32|Bellevue_Bellevue_NE8th__2017-09-11_16-08-32,0,107985,future-transportation-polygon-reference-v1
bellevue_ne8th,total,A,H,bellevue_ne8th:A>H,left,1419,7.9198526539,True,bellevue_ne8th:1000012|bellevue_ne8th:1000025|bellevue_ne8th:1000071|bellevue_ne8th:1000121|bellevue_ne8th:1003706,21,Bellevue_Bellevue_NE8th__2017-09-10_18-08-23|Bellevue_Bellevue_NE8th__2017-09-10_19-08-24|Bellevue_Bellevue_NE8th__2017-09-10_20-08-24|Bellevue_Bellevue_NE8th__2017-09-10_21-08-28|Bellevue_Bellevue_NE8th__2017-09-10_22-08-28|Bellevue_Bellevue_NE8th__2017-09-10_23-08-29|Bellevue_Bellevue_NE8th__2017-09-11_00-08-29|Bellevue_Bellevue_NE8th__2017-09-11_03-08-29|Bellevue_Bellevue_NE8th__2017-09-11_04-08-29|Bellevue_Bellevue_NE8th__2017-09-11_05-08-29|Bellevue_Bellevue_NE8th__2017-09-11_06-08-29|Bellevue_Bellevue_NE8th__2017-09-11_07-08-31|Bellevue_Bellevue_NE8th__2017-09-11_08-08-31|Bellevue_Bellevue_NE8th__2017-09-11_09-08-30|Bellevue_Bellevue_NE8th__2017-09-11_10-08-31|Bellevue_Bellevue_NE8th__2017-09-11_11-08-31|Bellevue_Bellevue_NE8th__2017-09-11_12-08-31|Bellevue_Bellevue_NE8th__2017-09-11_13-08-32|Bellevue_Bellevue_NE8th__2017-09-11_14-08-31|Bellevue_Bellevue_NE8th__2017-09-11_15-08-32|Bellevue_Bellevue_NE8th__2017-09-11_16-08-32,81,107972,future-transportation-polygon-reference-v1
bellevue_ne8th,total,B,G,bellevue_ne8th:B>G,right,0,0,False,,0,,,,future-transportation-polygon-reference-v1
bellevue_ne8th,total,B,H,bellevue_ne8th:B>H,straight,3011,16.8052687392,True,bellevue_ne8th:1001463|bellevue_ne8th:1001638|bellevue_ne8th:1002232|bellevue_ne8th:1002361|bellevue_ne8th:1002440,23,Bellevue_Bellevue_NE8th__2017-09-10_18-08-23|Bellevue_Bellevue_NE8th__2017-09-10_19-08-24|Bellevue_Bellevue_NE8th__2017-09-10_20-08-24|Bellevue_Bellevue_NE8th__2017-09-10_21-08-28|Bellevue_Bellevue_NE8th__2017-09-10_22-08-28|Bellevue_Bellevue_NE8th__2017-09-10_23-08-29|Bellevue_Bellevue_NE8th__2017-09-11_00-08-29|Bellevue_Bellevue_NE8th__2017-09-11_01-08-29|Bellevue_Bellevue_NE8th__2017-09-11_02-08-29|Bellevue_Bellevue_NE8th__2017-09-11_03-08-29|Bellevue_Bellevue_NE8th__2017-09-11_04-08-29|Bellevue_Bellevue_NE8th__2017-09-11_05-08-29|Bellevue_Bellevue_NE8th__2017-09-11_06-08-29|Bellevue_Bellevue_NE8th__2017-09-11_07-08-31|Bellevue_Bellevue_NE8th__2017-09-11_08-08-31|Bellevue_Bellevue_NE8th__2017-09-11_09-08-30|Bellevue_Bellevue_NE8th__2017-09-11_10-08-31|Bellevue_Bellevue_NE8th__2017-09-11_11-08-31|Bellevue_Bellevue_NE8th__2017-09-11_12-08-31|Bellevue_Bellevue_NE8th__2017-09-11_13-08-32|Bellevue_Bellevue_NE8th__2017-09-11_14-08-31|Bellevue_Bellevue_NE8th__2017-09-11_15-08-32|Bellevue_Bellevue_NE8th__2017-09-11_16-08-32,0,107983,future-transportation-polygon-reference-v1
bellevue_ne8th,total,B,E,bellevue_ne8th:B>E,left,280,1.56276162304,True,bellevue_ne8th:1001786|bellevue_ne8th:1002213|bellevue_ne8th:1002241|bellevue_ne8th:1002330|bellevue_ne8th:1002427,19,Bellevue_Bellevue_NE8th__2017-09-10_18-08-23|Bellevue_Bellevue_NE8th__2017-09-10_19-08-24|Bellevue_Bellevue_NE8th__2017-09-10_20-08-24|Bellevue_Bellevue_NE8th__2017-09-10_21-08-28|Bellevue_Bellevue_NE8th__2017-09-10_22-08-28|Bellevue_Bellevue_NE8th__2017-09-10_23-08-29|Bellevue_Bellevue_NE8th__2017-09-11_00-08-29|Bellevue_Bellevue_NE8th__2017-09-11_05-08-29|Bellevue_Bellevue_NE8th__2017-09-11_06-08-29|Bellevue_Bellevue_NE8th__2017-09-11_07-08-31|Bellevue_Bellevue_NE8th__2017-09-11_08-08-31|Bellevue_Bellevue_NE8th__2017-09-11_09-08-30|Bellevue_Bellevue_NE8th__2017-09-11_10-08-31|Bellevue_Bellevue_NE8th__2017-09-11_11-08-31|Bellevue_Bellevue_NE8th__2017-09-11_12-08-31|Bellevue_Bellevue_NE8th__2017-09-11_13-08-32|Bellevue_Bellevue_NE8th__2017-09-11_14-08-31|Bellevue_Bellevue_NE8th__2017-09-11_15-08-32|Bellevue_Bellevue_NE8th__2017-09-11_16-08-32,388,107780,future-transportation-polygon-reference-v1
bellevue_ne8th,total,C,H,bellevue_ne8th:C>H,right,104,0.580454317129,True,bellevue_ne8th:1033889|bellevue_ne8th:109727|bellevue_ne8th:1122004|bellevue_ne8th:115624|bellevue_ne8th:115838,17,Bellevue_Bellevue_NE8th__2017-09-10_18-08-23|Bellevue_Bellevue_NE8th__2017-09-10_19-08-24|Bellevue_Bellevue_NE8th__2017-09-10_20-08-24|Bellevue_Bellevue_NE8th__2017-09-10_21-08-28|Bellevue_Bellevue_NE8th__2017-09-10_22-08-28|Bellevue_Bellevue_NE8th__2017-09-10_23-08-29|Bellevue_Bellevue_NE8th__2017-09-11_05-08-29|Bellevue_Bellevue_NE8th__2017-09-11_06-08-29|Bellevue_Bellevue_NE8th__2017-09-11_07-08-31|Bellevue_Bellevue_NE8th__2017-09-11_08-08-31|Bellevue_Bellevue_NE8th__2017-09-11_09-08-30|Bellevue_Bellevue_NE8th__2017-09-11_11-08-31|Bellevue_Bellevue_NE8th__2017-09-11_12-08-31|Bellevue_Bellevue_NE8th__2017-09-11_13-08-32|Bellevue_Bellevue_NE8th__2017-09-11_14-08-31|Bellevue_Bellevue_NE8th__2017-09-11_15-08-32|Bellevue_Bellevue_NE8th__2017-09-11_16-08-32,644,107246,future-transportation-polygon-reference-v1
bellevue_ne8th,total,C,E,bellevue_ne8th:C>E,straight,4198,23.4302617626,True,bellevue_ne8th:1000030|bellevue_ne8th:1000563|bellevue_ne8th:1000730|bellevue_ne8th:1000939|bellevue_ne8th:1000983,23,Bellevue_Bellevue_NE8th__2017-09-10_18-08-23|Bellevue_Bellevue_NE8th__2017-09-10_19-08-24|Bellevue_Bellevue_NE8th__2017-09-10_20-08-24|Bellevue_Bellevue_NE8th__2017-09-10_21-08-28|Bellevue_Bellevue_NE8th__2017-09-10_22-08-28|Bellevue_Bellevue_NE8th__2017-09-10_23-08-29|Bellevue_Bellevue_NE8th__2017-09-11_00-08-29|Bellevue_Bellevue_NE8th__2017-09-11_01-08-29|Bellevue_Bellevue_NE8th__2017-09-11_02-08-29|Bellevue_Bellevue_NE8th__2017-09-11_03-08-29|Bellevue_Bellevue_NE8th__2017-09-11_04-08-29|Bellevue_Bellevue_NE8th__2017-09-11_05-08-29|Bellevue_Bellevue_NE8th__2017-09-11_06-08-29|Bellevue_Bellevue_NE8th__2017-09-11_07-08-31|Bellevue_Bellevue_NE8th__2017-09-11_08-08-31|Bellevue_Bellevue_NE8th__2017-09-11_09-08-30|Bellevue_Bellevue_NE8th__2017-09-11_10-08-31|Bellevue_Bellevue_NE8th__2017-09-11_11-08-31|Bellevue_Bellevue_NE8th__2017-09-11_12-08-31|Bellevue_Bellevue_NE8th__2017-09-11_13-08-32|Bellevue_Bellevue_NE8th__2017-09-11_14-08-31|Bellevue_Bellevue_NE8th__2017-09-11_15-08-32|Bellevue_Bellevue_NE8th__2017-09-11_16-08-32,0,107886,future-transportation-polygon-reference-v1
bellevue_ne8th,total,C,F,bellevue_ne8th:C>F,left,806,4.49852095775,True,bellevue_ne8th:1000908|bellevue_ne8th:1000986|bellevue_ne8th:1001271|bellevue_ne8th:1001332|bellevue_ne8th:1001400,23,Bellevue_Bellevue_NE8th__2017-09-10_18-08-23|Bellevue_Bellevue_NE8th__2017-09-10_19-08-24|Bellevue_Bellevue_NE8th__2017-09-10_20-08-24|Bellevue_Bellevue_NE8th__2017-09-10_21-08-28|Bellevue_Bellevue_NE8th__2017-09-10_22-08-28|Bellevue_Bellevue_NE8th__2017-09-10_23-08-29|Bellevue_Bellevue_NE8th__2017-09-11_00-08-29|Bellevue_Bellevue_NE8th__2017-09-11_01-08-29|Bellevue_Bellevue_NE8th__2017-09-11_02-08-29|Bellevue_Bellevue_NE8th__2017-09-11_03-08-29|Bellevue_Bellevue_NE8th__2017-09-11_04-08-29|Bellevue_Bellevue_NE8th__2017-09-11_05-08-29|Bellevue_Bellevue_NE8th__2017-09-11_06-08-29|Bellevue_Bellevue_NE8th__2017-09-11_07-08-31|Bellevue_Bellevue_NE8th__2017-09-11_08-08-31|Bellevue_Bellevue_NE8th__2017-09-11_09-08-30|Bellevue_Bellevue_NE8th__2017-09-11_10-08-31|Bellevue_Bellevue_NE8th__2017-09-11_11-08-31|Bellevue_Bellevue_NE8th__2017-09-11_12-08-31|Bellevue_Bellevue_NE8th__2017-09-11_13-08-32|Bellevue_Bellevue_NE8th__2017-09-11_14-08-31|Bellevue_Bellevue_NE8th__2017-09-11_15-08-32|Bellevue_Bellevue_NE8th__2017-09-11_16-08-32,41,107975,future-transportation-polygon-reference-v1
bellevue_ne8th,total,D,E,bellevue_ne8th:D>E,right,78,0.435340737847,True,bellevue_ne8th:1003364|bellevue_ne8th:1012031|bellevue_ne8th:1012245|bellevue_ne8th:1014901|bellevue_ne8th:1018394,18,Bellevue_Bellevue_NE8th__2017-09-10_18-08-23|Bellevue_Bellevue_NE8th__2017-09-10_19-08-24|Bellevue_Bellevue_NE8th__2017-09-10_20-08-24|Bellevue_Bellevue_NE8th__2017-09-10_21-08-28|Bellevue_Bellevue_NE8th__2017-09-10_23-08-29|Bellevue_Bellevue_NE8th__2017-09-11_02-08-29|Bellevue_Bellevue_NE8th__2017-09-11_03-08-29|Bellevue_Bellevue_NE8th__2017-09-11_05-08-29|Bellevue_Bellevue_NE8th__2017-09-11_07-08-31|Bellevue_Bellevue_NE8th__2017-09-11_08-08-31|Bellevue_Bellevue_NE8th__2017-09-11_09-08-30|Bellevue_Bellevue_NE8th__2017-09-11_10-08-31|Bellevue_Bellevue_NE8th__2017-09-11_11-08-31|Bellevue_Bellevue_NE8th__2017-09-11_12-08-31|Bellevue_Bellevue_NE8th__2017-09-11_13-08-32|Bellevue_Bellevue_NE8th__2017-09-11_14-08-31|Bellevue_Bellevue_NE8th__2017-09-11_15-08-32|Bellevue_Bellevue_NE8th__2017-09-11_16-08-32,1132,107253,future-transportation-polygon-reference-v1
bellevue_ne8th,total,D,F,bellevue_ne8th:D>F,straight,3472,19.3782441257,True,bellevue_ne8th:1|bellevue_ne8th:100206|bellevue_ne8th:1003088|bellevue_ne8th:1003173|bellevue_ne8th:1003175,23,Bellevue_Bellevue_NE8th__2017-09-10_18-08-23|Bellevue_Bellevue_NE8th__2017-09-10_19-08-24|Bellevue_Bellevue_NE8th__2017-09-10_20-08-24|Bellevue_Bellevue_NE8th__2017-09-10_21-08-28|Bellevue_Bellevue_NE8th__2017-09-10_22-08-28|Bellevue_Bellevue_NE8th__2017-09-10_23-08-29|Bellevue_Bellevue_NE8th__2017-09-11_00-08-29|Bellevue_Bellevue_NE8th__2017-09-11_01-08-29|Bellevue_Bellevue_NE8th__2017-09-11_02-08-29|Bellevue_Bellevue_NE8th__2017-09-11_03-08-29|Bellevue_Bellevue_NE8th__2017-09-11_04-08-29|Bellevue_Bellevue_NE8th__2017-09-11_05-08-29|Bellevue_Bellevue_NE8th__2017-09-11_06-08-29|Bellevue_Bellevue_NE8th__2017-09-11_07-08-31|Bellevue_Bellevue_NE8th__2017-09-11_08-08-31|Bellevue_Bellevue_NE8th__2017-09-11_09-08-30|Bellevue_Bellevue_NE8th__2017-09-11_10-08-31|Bellevue_Bellevue_NE8th__2017-09-11_11-08-31|Bellevue_Bellevue_NE8th__2017-09-11_12-08-31|Bellevue_Bellevue_NE8th__2017-09-11_13-08-32|Bellevue_Bellevue_NE8th__2017-09-11_14-08-31|Bellevue_Bellevue_NE8th__2017-09-11_15-08-32|Bellevue_Bellevue_NE8th__2017-09-11_16-08-32,0,107983,future-transportation-polygon-reference-v1
bellevue_ne8th,total,D,G,bellevue_ne8th:D>G,left,618,3.44923815371,True,bellevue_ne8th:1004955|bellevue_ne8th:1005707|bellevue_ne8th:1008201|bellevue_ne8th:1010423|bellevue_ne8th:1014772,23,Bellevue_Bellevue_NE8th__2017-09-10_18-08-23|Bellevue_Bellevue_NE8th__2017-09-10_19-08-24|Bellevue_Bellevue_NE8th__2017-09-10_20-08-24|Bellevue_Bellevue_NE8th__2017-09-10_21-08-28|Bellevue_Bellevue_NE8th__2017-09-10_22-08-28|Bellevue_Bellevue_NE8th__2017-09-10_23-08-29|Bellevue_Bellevue_NE8th__2017-09-11_00-08-29|Bellevue_Bellevue_NE8th__2017-09-11_01-08-29|Bellevue_Bellevue_NE8th__2017-09-11_02-08-29|Bellevue_Bellevue_NE8th__2017-09-11_03-08-29|Bellevue_Bellevue_NE8th__2017-09-11_04-08-29|Bellevue_Bellevue_NE8th__2017-09-11_05-08-29|Bellevue_Bellevue_NE8th__2017-09-11_06-08-29|Bellevue_Bellevue_NE8th__2017-09-11_07-08-31|Bellevue_Bellevue_NE8th__2017-09-11_08-08-31|Bellevue_Bellevue_NE8th__2017-09-11_09-08-30|Bellevue_Bellevue_NE8th__2017-09-11_10-08-31|Bellevue_Bellevue_NE8th__2017-09-11_11-08-31|Bellevue_Bellevue_NE8th__2017-09-11_12-08-31|Bellevue_Bellevue_NE8th__2017-09-11_13-08-32|Bellevue_Bellevue_NE8th__2017-09-11_14-08-31|Bellevue_Bellevue_NE8th__2017-09-11_15-08-32|Bellevue_Bellevue_NE8th__2017-09-11_16-08-32,0,107889,future-transportation-polygon-reference-v1
